publish	UNKNOWN STEP	﻿2026-10-06T22:53:53.9483377Z Current runner version: '2.337.0'
publish	UNKNOWN STEP	2026-10-06T22:53:53.9518663Z ##[group]Runner Image Provisioner
publish	UNKNOWN STEP	2026-10-06T22:53:53.9520192Z Hosted Compute Agent
publish	UNKNOWN STEP	2026-10-06T22:53:53.9521354Z Version: 20260901.588
publish	UNKNOWN STEP	2026-10-06T22:53:53.9522443Z Commit: f88ec8081b781fac6c440065ac7ff9e710ce3d0b
publish	UNKNOWN STEP	2026-10-06T22:53:53.9523785Z Build Date: 2026-09-01T19:56:44Z
publish	UNKNOWN STEP	2026-10-06T22:53:53.9525040Z Worker ID: {50b86709-47df-4346-afd7-a42decf52977}
publish	UNKNOWN STEP	2026-10-06T22:53:53.9526192Z Azure Region: eastus
publish	UNKNOWN STEP	2026-10-06T22:53:53.9527277Z ##[endgroup]
publish	UNKNOWN STEP	2026-10-06T22:53:53.9529921Z ##[group]Operating System
publish	UNKNOWN STEP	2026-10-06T22:53:53.9531627Z Ubuntu
publish	UNKNOWN STEP	2026-10-06T22:53:53.9532492Z 24.04.5
publish	UNKNOWN STEP	2026-10-06T22:53:53.9533267Z LTS
publish	UNKNOWN STEP	2026-10-06T22:53:53.9534270Z ##[endgroup]
publish	UNKNOWN STEP	2026-10-06T22:53:53.9535263Z ##[group]Runner Image
publish	UNKNOWN STEP	2026-10-06T22:53:53.9536375Z Image: ubuntu-24.04
publish	UNKNOWN STEP	2026-10-06T22:53:53.9537283Z Version: 20260927.320.1
publish	UNKNOWN STEP	2026-10-06T22:53:53.9539914Z Included Software: https://github.com/actions/runner-images/blob/ubuntu24/20260927.320/images/ubuntu/Ubuntu2404-Readme.md
publish	UNKNOWN STEP	2026-10-06T22:53:53.9542627Z Image Release: https://github.com/actions/runner-images/releases/tag/ubuntu24%2F20260927.320
publish	UNKNOWN STEP	2026-10-06T22:53:53.9544540Z ##[endgroup]
publish	UNKNOWN STEP	2026-10-06T22:53:53.9546384Z ##[group]GITHUB_TOKEN Permissions
publish	UNKNOWN STEP	2026-10-06T22:53:53.9549939Z Contents: read
publish	UNKNOWN STEP	2026-10-06T22:53:53.9550893Z Metadata: read
publish	UNKNOWN STEP	2026-10-06T22:53:53.9551898Z ##[endgroup]
publish	UNKNOWN STEP	2026-10-06T22:53:53.9554975Z Secret source: Actions
publish	UNKNOWN STEP	2026-10-06T22:53:53.9556638Z Cache mode: write
publish	UNKNOWN STEP	2026-10-06T22:53:53.9558096Z Prepare workflow directory
publish	UNKNOWN STEP	2026-10-06T22:53:54.0047561Z Prepare all required actions
publish	UNKNOWN STEP	2026-10-06T22:53:54.0120368Z Getting action download info
publish	UNKNOWN STEP	2026-10-06T22:53:54.2196753Z Download action repository 'actions/checkout@v4' (SHA:11d5960a326750d5838078e36cf38b85af677262)
publish	UNKNOWN STEP	2026-10-06T22:53:54.3278355Z Download action repository 'actions/setup-node@v4' (SHA:49933ea5288caeca8642d1e84afbd3f7d6820020)
publish	UNKNOWN STEP	2026-10-06T22:53:54.4165589Z Download action repository 'oven-sh/setup-bun@v2' (SHA:0c5077e51419868618aeaa5fe8019c62421857d6)
publish	UNKNOWN STEP	2026-10-06T22:53:54.6540614Z Complete job name: publish
publish	UNKNOWN STEP	2026-10-06T22:53:54.7378180Z ##[group]Run actions/checkout@v4
publish	UNKNOWN STEP	2026-10-06T22:53:54.7379346Z with:
publish	UNKNOWN STEP	2026-10-06T22:53:54.7379803Z   ref: refs/tags/v0.39.14
publish	UNKNOWN STEP	2026-10-06T22:53:54.7380313Z   fetch-depth: 0
publish	UNKNOWN STEP	2026-10-06T22:53:54.7380836Z   repository: DraconDev/pi-goal-list-loop-audit
publish	UNKNOWN STEP	2026-10-06T22:53:54.7384590Z   token: ***
publish	UNKNOWN STEP	2026-10-06T22:53:54.7385034Z   ssh-strict: true
publish	UNKNOWN STEP	2026-10-06T22:53:54.7385479Z   ssh-user: git
publish	UNKNOWN STEP	2026-10-06T22:53:54.7385939Z   persist-credentials: true
publish	UNKNOWN STEP	2026-10-06T22:53:54.7386436Z   clean: true
publish	UNKNOWN STEP	2026-10-06T22:53:54.7386991Z   sparse-checkout-cone-mode: true
publish	UNKNOWN STEP	2026-10-06T22:53:54.7387529Z   fetch-tags: false
publish	UNKNOWN STEP	2026-10-06T22:53:54.7387985Z   show-progress: true
publish	UNKNOWN STEP	2026-10-06T22:53:54.7388443Z   lfs: false
publish	UNKNOWN STEP	2026-10-06T22:53:54.7389035Z   submodules: false
publish	UNKNOWN STEP	2026-10-06T22:53:54.7389510Z   set-safe-directory: true
publish	UNKNOWN STEP	2026-10-06T22:53:54.7390030Z   allow-unsafe-pr-checkout: false
publish	UNKNOWN STEP	2026-10-06T22:53:54.7390843Z ##[endgroup]
publish	UNKNOWN STEP	2026-10-06T22:53:54.8428465Z Syncing repository: DraconDev/pi-goal-list-loop-audit
publish	UNKNOWN STEP	2026-10-06T22:53:54.8431654Z ##[group]Getting Git version info
publish	UNKNOWN STEP	2026-10-06T22:53:54.8432632Z Working directory is '/home/runner/work/pi-goal-list-loop-audit/pi-goal-list-loop-audit'
publish	UNKNOWN STEP	2026-10-06T22:53:54.8433939Z [command]/usr/bin/git version
publish	UNKNOWN STEP	2026-10-06T22:53:54.8529950Z git version 2.55.0
publish	UNKNOWN STEP	2026-10-06T22:53:54.8556123Z ##[endgroup]
publish	UNKNOWN STEP	2026-10-06T22:53:54.8573899Z Temporarily overriding HOME='/home/runner/work/_temp/ef8f96f2-9ba0-4fa2-8f7e-f2690cd01be8' before making global git config changes
publish	UNKNOWN STEP	2026-10-06T22:53:54.8576363Z Adding repository directory to the temporary git global config as a safe directory
publish	UNKNOWN STEP	2026-10-06T22:53:54.8589364Z [command]/usr/bin/git config --global --add safe.directory /home/runner/work/pi-goal-list-loop-audit/pi-goal-list-loop-audit
publish	UNKNOWN STEP	2026-10-06T22:53:54.8648556Z Deleting the contents of '/home/runner/work/pi-goal-list-loop-audit/pi-goal-list-loop-audit'
publish	UNKNOWN STEP	2026-10-06T22:53:54.8652161Z ##[group]Initializing the repository
publish	UNKNOWN STEP	2026-10-06T22:53:54.8656718Z [command]/usr/bin/git init /home/runner/work/pi-goal-list-loop-audit/pi-goal-list-loop-audit
publish	UNKNOWN STEP	2026-10-06T22:53:54.8788413Z hint: Using 'master' as the name for the initial branch. This default branch name
publish	UNKNOWN STEP	2026-10-06T22:53:54.8790752Z hint: will change to "main" in Git 3.0. To configure the initial branch name
publish	UNKNOWN STEP	2026-10-06T22:53:54.8792871Z hint: to use in all of your new repositories, which will suppress this warning,
publish	UNKNOWN STEP	2026-10-06T22:53:54.8795098Z hint: call:
publish	UNKNOWN STEP	2026-10-06T22:53:54.8796194Z hint:
publish	UNKNOWN STEP	2026-10-06T22:53:54.8797465Z hint: 	git config --global init.defaultBranch <name>
publish	UNKNOWN STEP	2026-10-06T22:53:54.8799093Z hint:
publish	UNKNOWN STEP	2026-10-06T22:53:54.8800409Z hint: Names commonly chosen instead of 'master' are 'main', 'trunk' and
publish	UNKNOWN STEP	2026-10-06T22:53:54.8802384Z hint: 'development'. The just-created branch can be renamed via this command:
publish	UNKNOWN STEP	2026-10-06T22:53:54.8804165Z hint:
publish	UNKNOWN STEP	2026-10-06T22:53:54.8805241Z hint: 	git branch -m <name>
publish	UNKNOWN STEP	2026-10-06T22:53:54.8806398Z hint:
publish	UNKNOWN STEP	2026-10-06T22:53:54.8807803Z hint: Disable this message with "git config set advice.defaultBranchName false"
publish	UNKNOWN STEP	2026-10-06T22:53:54.8810604Z Initialized empty Git repository in /home/runner/work/pi-goal-list-loop-audit/pi-goal-list-loop-audit/.git/
publish	UNKNOWN STEP	2026-10-06T22:53:54.8814773Z [command]/usr/bin/git remote add origin https://github.com/DraconDev/pi-goal-list-loop-audit
publish	UNKNOWN STEP	2026-10-06T22:53:54.8869627Z ##[endgroup]
publish	UNKNOWN STEP	2026-10-06T22:53:54.8871273Z ##[group]Disabling automatic garbage collection
publish	UNKNOWN STEP	2026-10-06T22:53:54.8874238Z [command]/usr/bin/git config --local gc.auto 0
publish	UNKNOWN STEP	2026-10-06T22:53:54.8913079Z ##[endgroup]
publish	UNKNOWN STEP	2026-10-06T22:53:54.8914958Z ##[group]Setting up auth
publish	UNKNOWN STEP	2026-10-06T22:53:54.8930035Z [command]/usr/bin/git config --local --name-only --get-regexp core\.sshCommand
publish	UNKNOWN STEP	2026-10-06T22:53:54.8976823Z [command]/usr/bin/git submodule foreach --recursive sh -c "git config --local --name-only --get-regexp 'core\.sshCommand' && git config --local --unset-all 'core.sshCommand' || :"
publish	UNKNOWN STEP	2026-10-06T22:53:54.9405798Z [command]/usr/bin/git config --local --name-only --get-regexp http\.https\:\/\/github\.com\/\.extraheader
publish	UNKNOWN STEP	2026-10-06T22:53:54.9445375Z [command]/usr/bin/git submodule foreach --recursive sh -c "git config --local --name-only --get-regexp 'http\.https\:\/\/github\.com\/\.extraheader' && git config --local --unset-all 'http.https://github.com/.extraheader' || :"
publish	UNKNOWN STEP	2026-10-06T22:53:54.9720285Z [command]/usr/bin/git config --local --name-only --get-regexp ^includeIf\.gitdir:
publish	UNKNOWN STEP	2026-10-06T22:53:54.9761760Z [command]/usr/bin/git submodule foreach --recursive git config --local --show-origin --name-only --get-regexp remote.origin.url
publish	UNKNOWN STEP	2026-10-06T22:53:55.0040617Z [command]/usr/bin/git config --local http.https://github.com/.extraheader AUTHORIZATION: basic ***
publish	UNKNOWN STEP	2026-10-06T22:53:55.0097128Z ##[endgroup]
publish	UNKNOWN STEP	2026-10-06T22:53:55.0097986Z ##[group]Fetching the repository
publish	UNKNOWN STEP	2026-10-06T22:53:55.0114620Z [command]/usr/bin/git -c protocol.version=2 fetch --prune --no-recurse-submodules origin +refs/heads/*:refs/remotes/origin/* +refs/tags/*:refs/tags/*
publish	UNKNOWN STEP	2026-10-06T22:54:26.0905821Z From https://github.com/DraconDev/pi-goal-list-loop-audit
publish	UNKNOWN STEP	2026-10-06T22:54:26.0907282Z  * [new branch]        auditor-inspection   -> origin/auditor-inspection
publish	UNKNOWN STEP	2026-10-06T22:54:26.0908101Z  * [new branch]        main                 -> origin/main
publish	UNKNOWN STEP	2026-10-06T22:54:26.0908971Z  * [new tag]           backup-messy-history -> backup-messy-history
publish	UNKNOWN STEP	2026-10-06T22:54:26.0912309Z  * [new tag]           cleanup-before-115   -> cleanup-before-115
publish	UNKNOWN STEP	2026-10-06T22:54:26.0912931Z  * [new tag]           v0.34.100            -> v0.34.100
publish	UNKNOWN STEP	2026-10-06T22:54:26.0913443Z  * [new tag]           v0.34.101            -> v0.34.101
publish	UNKNOWN STEP	2026-10-06T22:54:26.0913961Z  * [new tag]           v0.34.102            -> v0.34.102
publish	UNKNOWN STEP	2026-10-06T22:54:26.0914432Z  * [new tag]           v0.34.103            -> v0.34.103
publish	UNKNOWN STEP	2026-10-06T22:54:26.0914946Z  * [new tag]           v0.34.104            -> v0.34.104
publish	UNKNOWN STEP	2026-10-06T22:54:26.0915422Z  * [new tag]           v0.34.105            -> v0.34.105
publish	UNKNOWN STEP	2026-10-06T22:54:26.0915913Z  * [new tag]           v0.34.106            -> v0.34.106
publish	UNKNOWN STEP	2026-10-06T22:54:26.0916387Z  * [new tag]           v0.34.107            -> v0.34.107
publish	UNKNOWN STEP	2026-10-06T22:54:26.0917107Z  * [new tag]           v0.34.108            -> v0.34.108
publish	UNKNOWN STEP	2026-10-06T22:54:26.0917602Z  * [new tag]           v0.34.109            -> v0.34.109
publish	UNKNOWN STEP	2026-10-06T22:54:26.0918031Z  * [new tag]           v0.34.110            -> v0.34.110
publish	UNKNOWN STEP	2026-10-06T22:54:26.0918431Z  * [new tag]           v0.34.111            -> v0.34.111
publish	UNKNOWN STEP	2026-10-06T22:54:26.0919158Z  * [new tag]           v0.34.112            -> v0.34.112
publish	UNKNOWN STEP	2026-10-06T22:54:26.0919822Z  * [new tag]           v0.34.113            -> v0.34.113
publish	UNKNOWN STEP	2026-10-06T22:54:26.0920887Z  * [new tag]           v0.34.114            -> v0.34.114
publish	UNKNOWN STEP	2026-10-06T22:54:26.0921673Z  * [new tag]           v0.34.115            -> v0.34.115
publish	UNKNOWN STEP	2026-10-06T22:54:26.0922432Z  * [new tag]           v0.34.116            -> v0.34.116
publish	UNKNOWN STEP	2026-10-06T22:54:26.0923050Z  * [new tag]           v0.34.116-ship       -> v0.34.116-ship
publish	UNKNOWN STEP	2026-10-06T22:54:26.0923517Z  * [new tag]           v0.34.117            -> v0.34.117
publish	UNKNOWN STEP	2026-10-06T22:54:26.0923990Z  * [new tag]           v0.34.117-ship       -> v0.34.117-ship
publish	UNKNOWN STEP	2026-10-06T22:54:26.0924474Z  * [new tag]           v0.34.118            -> v0.34.118
publish	UNKNOWN STEP	2026-10-06T22:54:26.0924908Z  * [new tag]           v0.34.118-ship       -> v0.34.118-ship
publish	UNKNOWN STEP	2026-10-06T22:54:26.0925334Z  * [new tag]           v0.34.119            -> v0.34.119
publish	UNKNOWN STEP	2026-10-06T22:54:26.0925773Z  * [new tag]           v0.34.119-ship       -> v0.34.119-ship
publish	UNKNOWN STEP	2026-10-06T22:54:26.0926273Z  * [new tag]           v0.34.120            -> v0.34.120
publish	UNKNOWN STEP	2026-10-06T22:54:26.0926841Z  * [new tag]           v0.34.120-ship       -> v0.34.120-ship
publish	UNKNOWN STEP	2026-10-06T22:54:26.0927266Z  * [new tag]           v0.34.121            -> v0.34.121
publish	UNKNOWN STEP	2026-10-06T22:54:26.0927700Z  * [new tag]           v0.34.121-ship       -> v0.34.121-ship
publish	UNKNOWN STEP	2026-10-06T22:54:26.0928186Z  * [new tag]           v0.34.134            -> v0.34.134
publish	UNKNOWN STEP	2026-10-06T22:54:26.0928600Z  * [new tag]           v0.34.135            -> v0.34.135
publish	UNKNOWN STEP	2026-10-06T22:54:26.0929594Z  * [new tag]           v0.34.136            -> v0.34.136
publish	UNKNOWN STEP	2026-10-06T22:54:26.0930280Z  * [new tag]           v0.34.138            -> v0.34.138
publish	UNKNOWN STEP	2026-10-06T22:54:26.0930700Z  * [new tag]           v0.34.139            -> v0.34.139
publish	UNKNOWN STEP	2026-10-06T22:54:26.0931102Z  * [new tag]           v0.34.140            -> v0.34.140
publish	UNKNOWN STEP	2026-10-06T22:54:26.0931493Z  * [new tag]           v0.34.141            -> v0.34.141
publish	UNKNOWN STEP	2026-10-06T22:54:26.0931875Z  * [new tag]           v0.34.142            -> v0.34.142
publish	UNKNOWN STEP	2026-10-06T22:54:26.0932251Z  * [new tag]           v0.34.20             -> v0.34.20
publish	UNKNOWN STEP	2026-10-06T22:54:26.0932625Z  * [new tag]           v0.34.21             -> v0.34.21
publish	UNKNOWN STEP	2026-10-06T22:54:26.0932998Z  * [new tag]           v0.34.22             -> v0.34.22
publish	UNKNOWN STEP	2026-10-06T22:54:26.0933375Z  * [new tag]           v0.34.23             -> v0.34.23
publish	UNKNOWN STEP	2026-10-06T22:54:26.0933744Z  * [new tag]           v0.34.24             -> v0.34.24
publish	UNKNOWN STEP	2026-10-06T22:54:26.0934110Z  * [new tag]           v0.34.25             -> v0.34.25
publish	UNKNOWN STEP	2026-10-06T22:54:26.0934480Z  * [new tag]           v0.34.26             -> v0.34.26
publish	UNKNOWN STEP	2026-10-06T22:54:26.0934861Z  * [new tag]           v0.34.27             -> v0.34.27
publish	UNKNOWN STEP	2026-10-06T22:54:26.0935230Z  * [new tag]           v0.34.28             -> v0.34.28
publish	UNKNOWN STEP	2026-10-06T22:54:26.0935629Z  * [new tag]           v0.34.29             -> v0.34.29
publish	UNKNOWN STEP	2026-10-06T22:54:26.0936096Z  * [new tag]           v0.34.30             -> v0.34.30
publish	UNKNOWN STEP	2026-10-06T22:54:26.0936550Z  * [new tag]           v0.34.31             -> v0.34.31
publish	UNKNOWN STEP	2026-10-06T22:54:26.0936946Z  * [new tag]           v0.34.32             -> v0.34.32
publish	UNKNOWN STEP	2026-10-06T22:54:26.0937321Z  * [new tag]           v0.34.33             -> v0.34.33
publish	UNKNOWN STEP	2026-10-06T22:54:26.0937698Z  * [new tag]           v0.34.34             -> v0.34.34
publish	UNKNOWN STEP	2026-10-06T22:54:26.0938069Z  * [new tag]           v0.34.35             -> v0.34.35
publish	UNKNOWN STEP	2026-10-06T22:54:26.0938445Z  * [new tag]           v0.34.36             -> v0.34.36
publish	UNKNOWN STEP	2026-10-06T22:54:26.0939152Z  * [new tag]           v0.34.37             -> v0.34.37
publish	UNKNOWN STEP	2026-10-06T22:54:26.0939805Z  * [new tag]           v0.34.38             -> v0.34.38
publish	UNKNOWN STEP	2026-10-06T22:54:26.0940485Z  * [new tag]           v0.34.39             -> v0.34.39
publish	UNKNOWN STEP	2026-10-06T22:54:26.0940867Z  * [new tag]           v0.34.40             -> v0.34.40
publish	UNKNOWN STEP	2026-10-06T22:54:26.0941245Z  * [new tag]           v0.34.41             -> v0.34.41
publish	UNKNOWN STEP	2026-10-06T22:54:26.0941614Z  * [new tag]           v0.34.42             -> v0.34.42
publish	UNKNOWN STEP	2026-10-06T22:54:26.0942030Z  * [new tag]           v0.34.43             -> v0.34.43
publish	UNKNOWN STEP	2026-10-06T22:54:26.0942416Z  * [new tag]           v0.34.44             -> v0.34.44
publish	UNKNOWN STEP	2026-10-06T22:54:26.0942796Z  * [new tag]           v0.34.45             -> v0.34.45
publish	UNKNOWN STEP	2026-10-06T22:54:26.0943170Z  * [new tag]           v0.34.46             -> v0.34.46
publish	UNKNOWN STEP	2026-10-06T22:54:26.0943554Z  * [new tag]           v0.34.47             -> v0.34.47
publish	UNKNOWN STEP	2026-10-06T22:54:26.0943931Z  * [new tag]           v0.34.48             -> v0.34.48
publish	UNKNOWN STEP	2026-10-06T22:54:26.0944301Z  * [new tag]           v0.34.49             -> v0.34.49
publish	UNKNOWN STEP	2026-10-06T22:54:26.0944673Z  * [new tag]           v0.34.50             -> v0.34.50
publish	UNKNOWN STEP	2026-10-06T22:54:26.0945047Z  * [new tag]           v0.34.57             -> v0.34.57
publish	UNKNOWN STEP	2026-10-06T22:54:26.0945422Z  * [new tag]           v0.34.79             -> v0.34.79
publish	UNKNOWN STEP	2026-10-06T22:54:26.0945792Z  * [new tag]           v0.34.80             -> v0.34.80
publish	UNKNOWN STEP	2026-10-06T22:54:26.0946159Z  * [new tag]           v0.34.92             -> v0.34.92
publish	UNKNOWN STEP	2026-10-06T22:54:26.0946552Z  * [new tag]           v0.34.93             -> v0.34.93
publish	UNKNOWN STEP	2026-10-06T22:54:26.0946928Z  * [new tag]           v0.34.94             -> v0.34.94
publish	UNKNOWN STEP	2026-10-06T22:54:26.0947296Z  * [new tag]           v0.34.95             -> v0.34.95
publish	UNKNOWN STEP	2026-10-06T22:54:26.0947662Z  * [new tag]           v0.34.96             -> v0.34.96
publish	UNKNOWN STEP	2026-10-06T22:54:26.0948032Z  * [new tag]           v0.34.97             -> v0.34.97
publish	UNKNOWN STEP	2026-10-06T22:54:26.0948400Z  * [new tag]           v0.34.98             -> v0.34.98
publish	UNKNOWN STEP	2026-10-06T22:54:26.0948998Z  * [new tag]           v0.34.99             -> v0.34.99
publish	UNKNOWN STEP	2026-10-06T22:54:26.0949415Z  * [new tag]           v0.35.0              -> v0.35.0
publish	UNKNOWN STEP	2026-10-06T22:54:26.0950303Z  * [new tag]           v0.35.1              -> v0.35.1
publish	UNKNOWN STEP	2026-10-06T22:54:26.0951124Z  * [new tag]           v0.35.10             -> v0.35.10
publish	UNKNOWN STEP	2026-10-06T22:54:26.0951837Z  * [new tag]           v0.35.11             -> v0.35.11
publish	UNKNOWN STEP	2026-10-06T22:54:26.0952421Z  * [new tag]           v0.35.12             -> v0.35.12
publish	UNKNOWN STEP	2026-10-06T22:54:26.0953110Z  * [new tag]           v0.35.13             -> v0.35.13
publish	UNKNOWN STEP	2026-10-06T22:54:26.0953918Z  * [new tag]           v0.35.14             -> v0.35.14
publish	UNKNOWN STEP	2026-10-06T22:54:26.0954644Z  * [new tag]           v0.35.15             -> v0.35.15
publish	UNKNOWN STEP	2026-10-06T22:54:26.0955338Z  * [new tag]           v0.35.16             -> v0.35.16
publish	UNKNOWN STEP	2026-10-06T22:54:26.0956041Z  * [new tag]           v0.35.2              -> v0.35.2
publish	UNKNOWN STEP	2026-10-06T22:54:26.0956770Z  * [new tag]           v0.35.3              -> v0.35.3
publish	UNKNOWN STEP	2026-10-06T22:54:26.0957475Z  * [new tag]           v0.35.31             -> v0.35.31
publish	UNKNOWN STEP	2026-10-06T22:54:26.0958094Z  * [new tag]           v0.35.32             -> v0.35.32
publish	UNKNOWN STEP	2026-10-06T22:54:26.0958912Z  * [new tag]           v0.35.4              -> v0.35.4
publish	UNKNOWN STEP	2026-10-06T22:54:26.0959594Z  * [new tag]           v0.35.5              -> v0.35.5
publish	UNKNOWN STEP	2026-10-06T22:54:26.0960128Z  * [new tag]           v0.35.6              -> v0.35.6
publish	UNKNOWN STEP	2026-10-06T22:54:26.0960741Z  * [new tag]           v0.35.64             -> v0.35.64
publish	UNKNOWN STEP	2026-10-06T22:54:26.0961187Z  * [new tag]           v0.35.65             -> v0.35.65
publish	UNKNOWN STEP	2026-10-06T22:54:26.0961567Z  * [new tag]           v0.35.66             -> v0.35.66
publish	UNKNOWN STEP	2026-10-06T22:54:26.1029663Z  * [new tag]           v0.35.67             -> v0.35.67
publish	UNKNOWN STEP	2026-10-06T22:54:26.1030400Z  * [new tag]           v0.35.68             -> v0.35.68
publish	UNKNOWN STEP	2026-10-06T22:54:26.1031097Z  * [new tag]           v0.35.69             -> v0.35.69
publish	UNKNOWN STEP	2026-10-06T22:54:26.1031865Z  * [new tag]           v0.35.7              -> v0.35.7
publish	UNKNOWN STEP	2026-10-06T22:54:26.1032556Z  * [new tag]           v0.35.70             -> v0.35.70
publish	UNKNOWN STEP	2026-10-06T22:54:26.1033188Z  * [new tag]           v0.35.71             -> v0.35.71
publish	UNKNOWN STEP	2026-10-06T22:54:26.1033960Z  * [new tag]           v0.35.8              -> v0.35.8
publish	UNKNOWN STEP	2026-10-06T22:54:26.1034904Z  * [new tag]           v0.35.9              -> v0.35.9
publish	UNKNOWN STEP	2026-10-06T22:54:26.1035310Z  * [new tag]           v0.36.0              -> v0.36.0
publish	UNKNOWN STEP	2026-10-06T22:54:26.1035709Z  * [new tag]           v0.36.1              -> v0.36.1
publish	UNKNOWN STEP	2026-10-06T22:54:26.1036114Z  * [new tag]           v0.37.1              -> v0.37.1
publish	UNKNOWN STEP	2026-10-06T22:54:26.1036499Z  * [new tag]           v0.37.2              -> v0.37.2
publish	UNKNOWN STEP	2026-10-06T22:54:26.1036875Z  * [new tag]           v0.37.3              -> v0.37.3
publish	UNKNOWN STEP	2026-10-06T22:54:26.1037448Z  * [new tag]           v0.38.0              -> v0.38.0
publish	UNKNOWN STEP	2026-10-06T22:54:26.1037994Z  * [new tag]           v0.38.1              -> v0.38.1
publish	UNKNOWN STEP	2026-10-06T22:54:26.1038633Z  * [new tag]           v0.38.10             -> v0.38.10
publish	UNKNOWN STEP	2026-10-06T22:54:26.1039503Z  * [new tag]           v0.38.103            -> v0.38.103
publish	UNKNOWN STEP	2026-10-06T22:54:26.1040143Z  * [new tag]           v0.38.104            -> v0.38.104
publish	UNKNOWN STEP	2026-10-06T22:54:26.1040768Z  * [new tag]           v0.38.106            -> v0.38.106
publish	UNKNOWN STEP	2026-10-06T22:54:26.1041410Z  * [new tag]           v0.38.107            -> v0.38.107
publish	UNKNOWN STEP	2026-10-06T22:54:26.1042094Z  * [new tag]           v0.38.11             -> v0.38.11
publish	UNKNOWN STEP	2026-10-06T22:54:26.1042718Z  * [new tag]           v0.38.113            -> v0.38.113
publish	UNKNOWN STEP	2026-10-06T22:54:26.1043346Z  * [new tag]           v0.38.12             -> v0.38.12
publish	UNKNOWN STEP	2026-10-06T22:54:26.1043975Z  * [new tag]           v0.38.13             -> v0.38.13
publish	UNKNOWN STEP	2026-10-06T22:54:26.1044679Z  * [new tag]           v0.38.14             -> v0.38.14
publish	UNKNOWN STEP	2026-10-06T22:54:26.1045382Z  * [new tag]           v0.38.15             -> v0.38.15
publish	UNKNOWN STEP	2026-10-06T22:54:26.1046045Z  * [new tag]           v0.38.16             -> v0.38.16
publish	UNKNOWN STEP	2026-10-06T22:54:26.1046737Z  * [new tag]           v0.38.17             -> v0.38.17
publish	UNKNOWN STEP	2026-10-06T22:54:26.1047491Z  * [new tag]           v0.38.18             -> v0.38.18
publish	UNKNOWN STEP	2026-10-06T22:54:26.1048170Z  * [new tag]           v0.38.19             -> v0.38.19
publish	UNKNOWN STEP	2026-10-06T22:54:26.1049139Z  * [new tag]           v0.38.2              -> v0.38.2
publish	UNKNOWN STEP	2026-10-06T22:54:26.1050170Z  * [new tag]           v0.38.20             -> v0.38.20
publish	UNKNOWN STEP	2026-10-06T22:54:26.1050909Z  * [new tag]           v0.38.21             -> v0.38.21
publish	UNKNOWN STEP	2026-10-06T22:54:26.1051581Z  * [new tag]           v0.38.22             -> v0.38.22
publish	UNKNOWN STEP	2026-10-06T22:54:26.1052203Z  * [new tag]           v0.38.23             -> v0.38.23
publish	UNKNOWN STEP	2026-10-06T22:54:26.1052862Z  * [new tag]           v0.38.24             -> v0.38.24
publish	UNKNOWN STEP	2026-10-06T22:54:26.1053528Z  * [new tag]           v0.38.25             -> v0.38.25
publish	UNKNOWN STEP	2026-10-06T22:54:26.1054204Z  * [new tag]           v0.38.26             -> v0.38.26
publish	UNKNOWN STEP	2026-10-06T22:54:26.1054865Z  * [new tag]           v0.38.27             -> v0.38.27
publish	UNKNOWN STEP	2026-10-06T22:54:26.1055520Z  * [new tag]           v0.38.28             -> v0.38.28
publish	UNKNOWN STEP	2026-10-06T22:54:26.1056186Z  * [new tag]           v0.38.29             -> v0.38.29
publish	UNKNOWN STEP	2026-10-06T22:54:26.1056863Z  * [new tag]           v0.38.3              -> v0.38.3
publish	UNKNOWN STEP	2026-10-06T22:54:26.1057542Z  * [new tag]           v0.38.30             -> v0.38.30
publish	UNKNOWN STEP	2026-10-06T22:54:26.1058241Z  * [new tag]           v0.38.31             -> v0.38.31
publish	UNKNOWN STEP	2026-10-06T22:54:26.1059153Z  * [new tag]           v0.38.32             -> v0.38.32
publish	UNKNOWN STEP	2026-10-06T22:54:26.1059833Z  * [new tag]           v0.38.33             -> v0.38.33
publish	UNKNOWN STEP	2026-10-06T22:54:26.1060491Z  * [new tag]           v0.38.34             -> v0.38.34
publish	UNKNOWN STEP	2026-10-06T22:54:26.1061165Z  * [new tag]           v0.38.35             -> v0.38.35
publish	UNKNOWN STEP	2026-10-06T22:54:26.1061847Z  * [new tag]           v0.38.36             -> v0.38.36
publish	UNKNOWN STEP	2026-10-06T22:54:26.1062518Z  * [new tag]           v0.38.37             -> v0.38.37
publish	UNKNOWN STEP	2026-10-06T22:54:26.1063196Z  * [new tag]           v0.38.38             -> v0.38.38
publish	UNKNOWN STEP	2026-10-06T22:54:26.1063873Z  * [new tag]           v0.38.39             -> v0.38.39
publish	UNKNOWN STEP	2026-10-06T22:54:26.1064544Z  * [new tag]           v0.38.4              -> v0.38.4
publish	UNKNOWN STEP	2026-10-06T22:54:26.1065008Z  * [new tag]           v0.38.40             -> v0.38.40
publish	UNKNOWN STEP	2026-10-06T22:54:26.1065387Z  * [new tag]           v0.38.41             -> v0.38.41
publish	UNKNOWN STEP	2026-10-06T22:54:26.1065979Z  * [new tag]           v0.38.42             -> v0.38.42
publish	UNKNOWN STEP	2026-10-06T22:54:26.1066362Z  * [new tag]           v0.38.43             -> v0.38.43
publish	UNKNOWN STEP	2026-10-06T22:54:26.1066910Z  * [new tag]           v0.38.44             -> v0.38.44
publish	UNKNOWN STEP	2026-10-06T22:54:26.1067506Z  * [new tag]           v0.38.45             -> v0.38.45
publish	UNKNOWN STEP	2026-10-06T22:54:26.1067891Z  * [new tag]           v0.38.46             -> v0.38.46
publish	UNKNOWN STEP	2026-10-06T22:54:26.1068261Z  * [new tag]           v0.38.47             -> v0.38.47
publish	UNKNOWN STEP	2026-10-06T22:54:26.1068642Z  * [new tag]           v0.38.48             -> v0.38.48
publish	UNKNOWN STEP	2026-10-06T22:54:26.1069413Z  * [new tag]           v0.38.49             -> v0.38.49
publish	UNKNOWN STEP	2026-10-06T22:54:26.1070094Z  * [new tag]           v0.38.5              -> v0.38.5
publish	UNKNOWN STEP	2026-10-06T22:54:26.1070742Z  * [new tag]           v0.38.50             -> v0.38.50
publish	UNKNOWN STEP	2026-10-06T22:54:26.1071369Z  * [new tag]           v0.38.51             -> v0.38.51
publish	UNKNOWN STEP	2026-10-06T22:54:26.1072007Z  * [new tag]           v0.38.52             -> v0.38.52
publish	UNKNOWN STEP	2026-10-06T22:54:26.1072673Z  * [new tag]           v0.38.53             -> v0.38.53
publish	UNKNOWN STEP	2026-10-06T22:54:26.1073322Z  * [new tag]           v0.38.54             -> v0.38.54
publish	UNKNOWN STEP	2026-10-06T22:54:26.1073964Z  * [new tag]           v0.38.55             -> v0.38.55
publish	UNKNOWN STEP	2026-10-06T22:54:26.1074597Z  * [new tag]           v0.38.56             -> v0.38.56
publish	UNKNOWN STEP	2026-10-06T22:54:26.1075213Z  * [new tag]           v0.38.57             -> v0.38.57
publish	UNKNOWN STEP	2026-10-06T22:54:26.1075840Z  * [new tag]           v0.38.58             -> v0.38.58
publish	UNKNOWN STEP	2026-10-06T22:54:26.1076470Z  * [new tag]           v0.38.59             -> v0.38.59
publish	UNKNOWN STEP	2026-10-06T22:54:26.1077109Z  * [new tag]           v0.38.6              -> v0.38.6
publish	UNKNOWN STEP	2026-10-06T22:54:26.1077782Z  * [new tag]           v0.38.60             -> v0.38.60
publish	UNKNOWN STEP	2026-10-06T22:54:26.1078415Z  * [new tag]           v0.38.61             -> v0.38.61
publish	UNKNOWN STEP	2026-10-06T22:54:26.1079520Z  * [new tag]           v0.38.62             -> v0.38.62
publish	UNKNOWN STEP	2026-10-06T22:54:26.1080192Z  * [new tag]           v0.38.66             -> v0.38.66
publish	UNKNOWN STEP	2026-10-06T22:54:26.1081059Z  * [new tag]           v0.38.67             -> v0.38.67
publish	UNKNOWN STEP	2026-10-06T22:54:26.1081745Z  * [new tag]           v0.38.68             -> v0.38.68
publish	UNKNOWN STEP	2026-10-06T22:54:26.1082394Z  * [new tag]           v0.38.69             -> v0.38.69
publish	UNKNOWN STEP	2026-10-06T22:54:26.1083044Z  * [new tag]           v0.38.7              -> v0.38.7
publish	UNKNOWN STEP	2026-10-06T22:54:26.1083696Z  * [new tag]           v0.38.70             -> v0.38.70
publish	UNKNOWN STEP	2026-10-06T22:54:26.1084348Z  * [new tag]           v0.38.71             -> v0.38.71
publish	UNKNOWN STEP	2026-10-06T22:54:26.1084991Z  * [new tag]           v0.38.8              -> v0.38.8
publish	UNKNOWN STEP	2026-10-06T22:54:26.1085637Z  * [new tag]           v0.38.9              -> v0.38.9
publish	UNKNOWN STEP	2026-10-06T22:54:26.1086272Z  * [new tag]           v0.38.91             -> v0.38.91
publish	UNKNOWN STEP	2026-10-06T22:54:26.1086924Z  * [new tag]           v0.38.92             -> v0.38.92
publish	UNKNOWN STEP	2026-10-06T22:54:26.1087564Z  * [new tag]           v0.38.93             -> v0.38.93
publish	UNKNOWN STEP	2026-10-06T22:54:26.1088199Z  * [new tag]           v0.38.95             -> v0.38.95
publish	UNKNOWN STEP	2026-10-06T22:54:26.1089165Z  * [new tag]           v0.38.96             -> v0.38.96
publish	UNKNOWN STEP	2026-10-06T22:54:26.1089621Z  * [new tag]           v0.38.97             -> v0.38.97
publish	UNKNOWN STEP	2026-10-06T22:54:26.1090024Z  * [new tag]           v0.38.98             -> v0.38.98
publish	UNKNOWN STEP	2026-10-06T22:54:26.1090404Z  * [new tag]           v0.39.10             -> v0.39.10
publish	UNKNOWN STEP	2026-10-06T22:54:26.1090779Z  * [new tag]           v0.39.11             -> v0.39.11
publish	UNKNOWN STEP	2026-10-06T22:54:26.1091315Z  * [new tag]           v0.39.12             -> v0.39.12
publish	UNKNOWN STEP	2026-10-06T22:54:26.1091982Z  * [new tag]           v0.39.13             -> v0.39.13
publish	UNKNOWN STEP	2026-10-06T22:54:26.1092663Z  * [new tag]           v0.39.14             -> v0.39.14
publish	UNKNOWN STEP	2026-10-06T22:54:26.1093317Z  * [new tag]           v0.39.4              -> v0.39.4
publish	UNKNOWN STEP	2026-10-06T22:54:26.1093967Z  * [new tag]           v0.39.8              -> v0.39.8
publish	UNKNOWN STEP	2026-10-06T22:54:26.1094368Z  * [new tag]           v0.39.9              -> v0.39.9
publish	UNKNOWN STEP	2026-10-06T22:54:26.1095571Z ##[endgroup]
publish	UNKNOWN STEP	2026-10-06T22:54:26.1096426Z ##[group]Determining the checkout info
publish	UNKNOWN STEP	2026-10-06T22:54:26.1097671Z ##[endgroup]
publish	UNKNOWN STEP	2026-10-06T22:54:26.1098251Z [command]/usr/bin/git sparse-checkout disable
publish	UNKNOWN STEP	2026-10-06T22:54:26.1100267Z [command]/usr/bin/git config --local --unset-all extensions.worktreeConfig
publish	UNKNOWN STEP	2026-10-06T22:54:26.1102203Z ##[group]Checking out the ref
publish	UNKNOWN STEP	2026-10-06T22:54:26.1102980Z [command]/usr/bin/git checkout --progress --force refs/tags/v0.39.14
publish	UNKNOWN STEP	2026-10-06T22:54:26.3004017Z Note: switching to 'refs/tags/v0.39.14'.
publish	UNKNOWN STEP	2026-10-06T22:54:26.3004445Z 
publish	UNKNOWN STEP	2026-10-06T22:54:26.3004701Z You are in 'detached HEAD' state. You can look around, make experimental
publish	UNKNOWN STEP	2026-10-06T22:54:26.3005271Z changes and commit them, and you can discard any commits you make in this
publish	UNKNOWN STEP	2026-10-06T22:54:26.3005809Z state without impacting any branches by switching back to a branch.
publish	UNKNOWN STEP	2026-10-06T22:54:26.3006144Z 
publish	UNKNOWN STEP	2026-10-06T22:54:26.3006389Z If you want to create a new branch to retain commits you create, you may
publish	UNKNOWN STEP	2026-10-06T22:54:26.3006920Z do so (now or later) by using -c with the switch command. Example:
publish	UNKNOWN STEP	2026-10-06T22:54:26.3007269Z 
publish	UNKNOWN STEP	2026-10-06T22:54:26.3007422Z   git switch -c <new-branch-name>
publish	UNKNOWN STEP	2026-10-06T22:54:26.3007635Z 
publish	UNKNOWN STEP	2026-10-06T22:54:26.3007776Z Or undo this operation with:
publish	UNKNOWN STEP	2026-10-06T22:54:26.3007966Z 
publish	UNKNOWN STEP	2026-10-06T22:54:26.3008087Z   git switch -
publish	UNKNOWN STEP	2026-10-06T22:54:26.3008241Z 
publish	UNKNOWN STEP	2026-10-06T22:54:26.3008496Z Turn off this advice by setting config variable advice.detachedHead to false
publish	UNKNOWN STEP	2026-10-06T22:54:26.3009239Z 
publish	UNKNOWN STEP	2026-10-06T22:54:26.3009713Z HEAD is now at 3f2321ea 10 file(s) in audit,docs DELTA:+121/-13 | EXT:log,md,json
publish	UNKNOWN STEP	2026-10-06T22:54:26.3039312Z ##[endgroup]
publish	UNKNOWN STEP	2026-10-06T22:54:26.3085206Z [command]/usr/bin/git log -1 --format=%H
publish	UNKNOWN STEP	2026-10-06T22:54:26.3113865Z 3f2321ea8fc60ffacf7ee6d4e7b6dd0e5b2a6ce9
publish	UNKNOWN STEP	2026-10-06T22:54:26.3372142Z ##[group]Run actions/setup-node@v4
publish	UNKNOWN STEP	2026-10-06T22:54:26.3372537Z with:
publish	UNKNOWN STEP	2026-10-06T22:54:26.3372805Z   node-version: 22.19.0
publish	UNKNOWN STEP	2026-10-06T22:54:26.3373157Z   registry-url: https://registry.npmjs.org
publish	UNKNOWN STEP	2026-10-06T22:54:26.3373516Z   cache: npm
publish	UNKNOWN STEP	2026-10-06T22:54:26.3373772Z   always-auth: false
publish	UNKNOWN STEP	2026-10-06T22:54:26.3374069Z   check-latest: false
publish	UNKNOWN STEP	2026-10-06T22:54:26.3376482Z   token: ***
publish	UNKNOWN STEP	2026-10-06T22:54:26.3376749Z ##[endgroup]
publish	UNKNOWN STEP	2026-10-06T22:54:26.4753424Z Attempting to download 22.19.0...
publish	UNKNOWN STEP	2026-10-06T22:54:26.4859574Z (node:2319) [DEP0040] DeprecationWarning: The `punycode` module is deprecated. Please use a userland alternative instead.
publish	UNKNOWN STEP	2026-10-06T22:54:26.4861015Z (Use `node --trace-deprecation ...` to show where the warning was created)
publish	UNKNOWN STEP	2026-10-06T22:54:26.9416610Z Acquiring 22.19.0 - x64 from https://github.com/actions/node-versions/releases/download/22.19.0-17311483029/node-22.19.0-linux-x64.tar.gz
publish	UNKNOWN STEP	2026-10-06T22:54:27.4523699Z Extracting ...
publish	UNKNOWN STEP	2026-10-06T22:54:27.4664481Z [command]/usr/bin/tar xz --strip 1 --warning=no-unknown-keyword --overwrite -C /home/runner/work/_temp/3650eebe-a7d4-4c5a-b983-c476a9b13b2a -f /home/runner/work/_temp/1a4283c9-3158-4902-b179-222b183fa056
publish	UNKNOWN STEP	2026-10-06T22:54:28.6805617Z Adding to the cache ...
publish	UNKNOWN STEP	2026-10-06T22:54:30.6592096Z ##[group]Environment details
publish	UNKNOWN STEP	2026-10-06T22:54:30.8865815Z node: v22.19.0
publish	UNKNOWN STEP	2026-10-06T22:54:30.8866180Z npm: 10.9.3
publish	UNKNOWN STEP	2026-10-06T22:54:30.8866404Z yarn: 1.22.22
publish	UNKNOWN STEP	2026-10-06T22:54:30.8866976Z ##[endgroup]
publish	UNKNOWN STEP	2026-10-06T22:54:30.8896704Z [command]/opt/hostedtoolcache/node/22.19.0/x64/bin/npm config get cache
publish	UNKNOWN STEP	2026-10-06T22:54:30.9828962Z /home/runner/.npm
publish	UNKNOWN STEP	2026-10-06T22:54:31.0554846Z npm cache is not found
publish	UNKNOWN STEP	2026-10-06T22:54:31.0793890Z ##[group]Run oven-sh/setup-bun@v2
publish	UNKNOWN STEP	2026-10-06T22:54:31.0794240Z with:
publish	UNKNOWN STEP	2026-10-06T22:54:31.0794475Z   bun-version: 1.3.14
publish	UNKNOWN STEP	2026-10-06T22:54:31.0794730Z   no-cache: false
publish	UNKNOWN STEP	2026-10-06T22:54:31.0797086Z   token: ***
publish	UNKNOWN STEP	2026-10-06T22:54:31.0797299Z env:
publish	UNKNOWN STEP	2026-10-06T22:54:31.0797560Z   NPM_CONFIG_USERCONFIG: /home/runner/work/_temp/.npmrc
publish	UNKNOWN STEP	2026-10-06T22:54:31.0797915Z   NODE_AUTH_TOKEN: XXXXX-XXXXX-XXXXX-XXXXX
publish	UNKNOWN STEP	2026-10-06T22:54:31.0798217Z ##[endgroup]
publish	UNKNOWN STEP	2026-10-06T22:54:31.3292133Z Cache hit for: bun-fR4r1tsFeXfPQkusQwkKD2kGnsE=
publish	UNKNOWN STEP	2026-10-06T22:54:31.6236047Z Received 33843768 of 33843768 (100.0%), 129.6 MBs/sec
publish	UNKNOWN STEP	2026-10-06T22:54:31.6236874Z Cache Size: ~32 MB (33843768 B)
publish	UNKNOWN STEP	2026-10-06T22:54:31.6274331Z [command]/usr/bin/tar -xf /home/runner/work/_temp/0767979f-ebbb-4a40-bb0b-12c83c58a3bf/cache.tzst -P -C /home/runner/work/pi-goal-list-loop-audit/pi-goal-list-loop-audit --use-compress-program unzstd
publish	UNKNOWN STEP	2026-10-06T22:54:31.7862034Z Cache restored successfully
publish	UNKNOWN STEP	2026-10-06T22:54:31.7892425Z [command]/home/runner/.bun/bin/bun --revision
publish	UNKNOWN STEP	2026-10-06T22:54:31.7945963Z 1.3.14+0d9b296af
publish	UNKNOWN STEP	2026-10-06T22:54:31.7970109Z Using a cached version of Bun: 1.3.14+0d9b296af
publish	UNKNOWN STEP	2026-10-06T22:54:31.8135385Z ##[group]Run npm install --global npm@11.12.1
publish	UNKNOWN STEP	2026-10-06T22:54:31.8135878Z ^[[36;1mnpm install --global npm@11.12.1^[[0m
publish	UNKNOWN STEP	2026-10-06T22:54:31.8423152Z shell: /usr/bin/bash -e {0}
publish	UNKNOWN STEP	2026-10-06T22:54:31.8423524Z env:
publish	UNKNOWN STEP	2026-10-06T22:54:31.8423868Z   NPM_CONFIG_USERCONFIG: /home/runner/work/_temp/.npmrc
publish	UNKNOWN STEP	2026-10-06T22:54:31.8424328Z   NODE_AUTH_TOKEN: XXXXX-XXXXX-XXXXX-XXXXX
publish	UNKNOWN STEP	2026-10-06T22:54:31.8424703Z ##[endgroup]
publish	UNKNOWN STEP	2026-10-06T22:54:35.4232412Z 
publish	UNKNOWN STEP	2026-10-06T22:54:35.4233523Z removed 73 packages, and changed 104 packages in 4s
publish	UNKNOWN STEP	2026-10-06T22:54:35.4234105Z 
publish	UNKNOWN STEP	2026-10-06T22:54:35.4234472Z 15 packages are looking for funding
publish	UNKNOWN STEP	2026-10-06T22:54:35.4235056Z   run `npm fund` for details
publish	UNKNOWN STEP	2026-10-06T22:54:35.4755190Z ##[group]Run node --input-type=module - <<'NODE'
publish	UNKNOWN STEP	2026-10-06T22:54:35.4775918Z ^[[36;1mnode --input-type=module - <<'NODE'^[[0m
publish	UNKNOWN STEP	2026-10-06T22:54:35.4776325Z ^[[36;1mimport fs from "node:fs";^[[0m
publish	UNKNOWN STEP	2026-10-06T22:54:35.4776788Z ^[[36;1mconst version = JSON.parse(fs.readFileSync("package.json", "utf8")).version;^[[0m
publish	UNKNOWN STEP	2026-10-06T22:54:35.4777254Z ^[[36;1mconst expected = `v${version}`;^[[0m
publish	UNKNOWN STEP	2026-10-06T22:54:35.4777606Z ^[[36;1mif (process.env.RELEASE_TAG !== expected) {^[[0m
publish	UNKNOWN STEP	2026-10-06T22:54:35.4778188Z ^[[36;1m  throw new Error(`release tag ${process.env.RELEASE_TAG} does not match package.json ${expected}`);^[[0m
publish	UNKNOWN STEP	2026-10-06T22:54:35.4778950Z ^[[36;1m}^[[0m
publish	UNKNOWN STEP	2026-10-06T22:54:35.4779205Z ^[[36;1mNODE^[[0m
publish	UNKNOWN STEP	2026-10-06T22:54:35.4844847Z shell: /usr/bin/bash -e {0}
publish	UNKNOWN STEP	2026-10-06T22:54:35.4845136Z env:
publish	UNKNOWN STEP	2026-10-06T22:54:35.4845444Z   NPM_CONFIG_USERCONFIG: /home/runner/work/_temp/.npmrc
publish	UNKNOWN STEP	2026-10-06T22:54:35.4845837Z   NODE_AUTH_TOKEN: XXXXX-XXXXX-XXXXX-XXXXX
publish	UNKNOWN STEP	2026-10-06T22:54:35.4846153Z   RELEASE_TAG: v0.39.14
publish	UNKNOWN STEP	2026-10-06T22:54:35.4846430Z ##[endgroup]
publish	UNKNOWN STEP	2026-10-06T22:54:35.5228075Z ##[group]Run npm ci
publish	UNKNOWN STEP	2026-10-06T22:54:35.5228369Z ^[[36;1mnpm ci^[[0m
publish	UNKNOWN STEP	2026-10-06T22:54:35.5293721Z shell: /usr/bin/bash -e {0}
publish	UNKNOWN STEP	2026-10-06T22:54:35.5293997Z env:
publish	UNKNOWN STEP	2026-10-06T22:54:35.5294281Z   NPM_CONFIG_USERCONFIG: /home/runner/work/_temp/.npmrc
publish	UNKNOWN STEP	2026-10-06T22:54:35.5294667Z   NODE_AUTH_TOKEN: XXXXX-XXXXX-XXXXX-XXXXX
publish	UNKNOWN STEP	2026-10-06T22:54:35.5294970Z ##[endgroup]
publish	UNKNOWN STEP	2026-10-06T22:54:35.8166333Z npm warn Unknown user config "always-auth". This will stop working in the next major version of npm. See `npm help npmrc` for supported config options.
publish	UNKNOWN STEP	2026-10-06T22:54:39.1930527Z npm warn deprecated node-domexception@1.0.0: Use your platform's native DOMException instead
publish	UNKNOWN STEP	2026-10-06T22:54:39.4300228Z npm warn deprecated node-domexception@1.0.0: Use your platform's native DOMException instead
publish	UNKNOWN STEP	2026-10-06T22:54:47.8142532Z 
publish	UNKNOWN STEP	2026-10-06T22:54:47.8143609Z added 253 packages, and audited 254 packages in 12s
publish	UNKNOWN STEP	2026-10-06T22:54:47.8144039Z 
publish	UNKNOWN STEP	2026-10-06T22:54:47.8144233Z 12 packages are looking for funding
publish	UNKNOWN STEP	2026-10-06T22:54:47.8145049Z   run `npm fund` for details
publish	UNKNOWN STEP	2026-10-06T22:54:47.8165315Z 
publish	UNKNOWN STEP	2026-10-06T22:54:47.8165564Z 1 high severity vulnerability
publish	UNKNOWN STEP	2026-10-06T22:54:47.8168098Z 
publish	UNKNOWN STEP	2026-10-06T22:54:47.8168481Z To address all issues, run:
publish	UNKNOWN STEP	2026-10-06T22:54:47.8169421Z   npm audit fix
publish	UNKNOWN STEP	2026-10-06T22:54:47.8169708Z 
publish	UNKNOWN STEP	2026-10-06T22:54:47.8169968Z Run `npm audit` for details.
publish	UNKNOWN STEP	2026-10-06T22:54:47.8692981Z ##[group]Run npm run release:check
publish	UNKNOWN STEP	2026-10-06T22:54:47.8693363Z ^[[36;1mnpm run release:check^[[0m
publish	UNKNOWN STEP	2026-10-06T22:54:47.8761471Z shell: /usr/bin/bash -e {0}
publish	UNKNOWN STEP	2026-10-06T22:54:47.8761769Z env:
publish	UNKNOWN STEP	2026-10-06T22:54:47.8762053Z   NPM_CONFIG_USERCONFIG: /home/runner/work/_temp/.npmrc
publish	UNKNOWN STEP	2026-10-06T22:54:47.8762432Z   NODE_AUTH_TOKEN: XXXXX-XXXXX-XXXXX-XXXXX
publish	UNKNOWN STEP	2026-10-06T22:54:47.8762737Z ##[endgroup]
publish	UNKNOWN STEP	2026-10-06T22:54:47.9663104Z npm warn Unknown user config "always-auth". This will stop working in the next major version of npm. See `npm help npmrc` for supported config options.
publish	UNKNOWN STEP	2026-10-06T22:54:47.9798944Z 
publish	UNKNOWN STEP	2026-10-06T22:54:47.9800096Z > pi-goal-list-loop-audit@0.39.14 release:check
publish	UNKNOWN STEP	2026-10-06T22:54:47.9801069Z > npm run test:all && npm run check:inventory && npm pack --dry-run && node scripts/release-pack-smoke.mjs
publish	UNKNOWN STEP	2026-10-06T22:54:47.9801586Z 
publish	UNKNOWN STEP	2026-10-06T22:54:48.0655400Z npm warn Unknown user config "always-auth". This will stop working in the next major version of npm. See `npm help npmrc` for supported config options.
publish	UNKNOWN STEP	2026-10-06T22:54:48.0793964Z 
publish	UNKNOWN STEP	2026-10-06T22:54:48.0794773Z > pi-goal-list-loop-audit@0.39.14 test:all
publish	UNKNOWN STEP	2026-10-06T22:54:48.0796808Z > node scripts/run-tests.mjs --all && tsc --noEmit && node tests/repro-jiti-state-split.test.mjs && npm run test:auditor-extensions
publish	UNKNOWN STEP	2026-10-06T22:54:48.0798046Z 
publish	UNKNOWN STEP	2026-10-06T22:54:48.1131973Z [run-tests] mode=all slow_files=12 stall_timeout=180s heartbeat=30s
publish	UNKNOWN STEP	2026-10-06T22:54:48.1220064Z bun test v1.3.14 (0d9b296a) 1x PARALLEL
publish	UNKNOWN STEP	2026-10-06T22:54:48.1349990Z 
publish	UNKNOWN STEP	2026-10-06T22:54:48.1350955Z ##[group]tests/reviewer-source-curation.test.ts:
publish	UNKNOWN STEP	2026-10-06T22:54:48.7466744Z (pass) stripCodeSpans removes fenced blocks and inline spans [0.28ms]
publish	UNKNOWN STEP	2026-10-06T22:54:48.7473657Z (pass) the 4 junk lines from the 0.26.3 misfire extract NOTHING through the curated pipeline [0.75ms]
publish	UNKNOWN STEP	2026-10-06T22:54:48.7477890Z (pass) brace-led and quote-led lines are code-ish, never findings [0.21ms]
publish	UNKNOWN STEP	2026-10-06T22:54:48.7480140Z (pass) fireReviewer only mines disapproved/error audit reports, never approved ones [0.54ms]
publish	UNKNOWN STEP	2026-10-06T22:54:48.7483821Z (pass) v0.35.72: postaudit proposal counts only when safeSteerUser delivers [0.37ms]
publish	UNKNOWN STEP	2026-10-06T22:54:48.7485622Z (pass) automatic postaudit excludes archived objective/contract metadata; manual review retains it [0.14ms]
publish	UNKNOWN STEP	2026-10-06T22:54:48.7504735Z (pass) a DISAPPROVED report's required-fixes extract as findings; an APPROVED meta-report is inert [1.83ms]
publish	UNKNOWN STEP	2026-10-06T22:54:48.7507262Z (pass) superseded-disapproval curation: a disapproval answered by a later approval is NOT re-mined [0.31ms]
publish	UNKNOWN STEP	2026-10-06T22:54:48.7509118Z (pass) real prose findings still classify after curation [0.20ms]
publish	UNKNOWN STEP	2026-10-06T22:54:48.7509803Z 
publish	UNKNOWN STEP	2026-10-06T22:54:48.7510603Z ##[endgroup]
publish	UNKNOWN STEP	2026-10-06T22:54:48.7513684Z 
publish	UNKNOWN STEP	2026-10-06T22:54:48.7514253Z ##[group]tests/revision-counter.test.ts:
publish	UNKNOWN STEP	2026-10-06T22:54:48.9910829Z (pass) bumpGoalRevision increments revision by exactly 1 [0.37ms]
publish	UNKNOWN STEP	2026-10-06T22:54:48.9935256Z (pass) bumpGoalRevision treats undefined revision as 0 [0.07ms]
publish	UNKNOWN STEP	2026-10-06T22:54:48.9936736Z (pass) captureGoalRevision returns null for null goal [0.06ms]
publish	UNKNOWN STEP	2026-10-06T22:54:48.9938111Z (pass) captureGoalRevision tokens match by value, not identity [0.15ms]
publish	UNKNOWN STEP	2026-10-06T22:54:48.9939684Z (pass) isGoalRevisionCurrent: matches when revision is unchanged [0.10ms]
publish	UNKNOWN STEP	2026-10-06T22:54:48.9941300Z (pass) isGoalRevisionCurrent: refuses when revision bumped [0.07ms]
publish	UNKNOWN STEP	2026-10-06T22:54:48.9942111Z (pass) isGoalRevisionCurrent: refuses when goal replaced [0.05ms]
publish	UNKNOWN STEP	2026-10-06T22:54:48.9943393Z (pass) isGoalRevisionCurrent: refuses when current goal is null [0.06ms]
publish	UNKNOWN STEP	2026-10-06T22:54:48.9944678Z (pass) isGoalRevisionCurrent: null token passes through (legacy compat) [0.04ms]
publish	UNKNOWN STEP	2026-10-06T22:54:48.9946475Z (pass) end-to-end: capture → mutate → refuse [0.43ms]
publish	UNKNOWN STEP	2026-10-06T22:54:48.9947858Z (pass) GoalRevisionToken shape carries only goalId+revision [0.07ms]
publish	UNKNOWN STEP	2026-10-06T22:54:48.9948897Z 
publish	UNKNOWN STEP	2026-10-06T22:54:48.9950145Z ##[endgroup]
publish	UNKNOWN STEP	2026-10-06T22:54:48.9950380Z 
publish	UNKNOWN STEP	2026-10-06T22:54:48.9951397Z ##[group]tests/compactor-worker-lifecycle.test.ts:
publish	UNKNOWN STEP	2026-10-06T22:54:49.3217223Z (pass) compactor cleans its Pi tree on SIGTERM, including inherited pipes and TERM-ignoring children [98.36ms]
publish	UNKNOWN STEP	2026-10-06T22:54:52.3705489Z (pass) compactor cleans its Pi tree on timeout, including inherited pipes and TERM-ignoring children [3048.79ms]
publish	UNKNOWN STEP	2026-10-06T22:54:52.8369697Z (pass) compactor cleans its Pi tree on normal, including inherited pipes and TERM-ignoring children [466.41ms]
publish	UNKNOWN STEP	2026-10-06T22:54:53.3061321Z (pass) compactor cleans its Pi tree on result-write-failure, including inherited pipes and TERM-ignoring children [467.99ms]
publish	UNKNOWN STEP	2026-10-06T22:54:53.3062614Z 
publish	UNKNOWN STEP	2026-10-06T22:54:53.3063596Z ##[endgroup]
publish	UNKNOWN STEP	2026-10-06T22:54:53.3081513Z 
publish	UNKNOWN STEP	2026-10-06T22:54:53.3084007Z ##[group]tests/terminal-approval-render.test.ts:
publish	UNKNOWN STEP	2026-10-06T22:54:53.5852691Z (pass) skipped challenges are disclosed in chat, transcript, and archive evidence [14.04ms]
publish	UNKNOWN STEP	2026-10-06T22:54:53.5862531Z (pass) canonical render folds a lone approval with the verdict count, model-free [1.15ms]
publish	UNKNOWN STEP	2026-10-06T22:54:53.5875493Z (pass) standalone audit bullet survives only with news [1.38ms]
publish	UNKNOWN STEP	2026-10-06T22:54:53.5879969Z (pass) counts line proofs the audit verdict from durable state only [0.41ms]
publish	UNKNOWN STEP	2026-10-06T22:54:53.5882697Z (pass) buildApprovalChatLines stays backward compatible without counts [0.28ms]
publish	UNKNOWN STEP	2026-10-06T22:54:53.5903099Z (pass) v0.38.37 posted summary carries verifiable-result bullets plus the deliberate non-do [2.02ms]
publish	UNKNOWN STEP	2026-10-06T22:54:53.5954477Z (pass) idle-persisted render replays once on the next live contact [5.14ms]
publish	UNKNOWN STEP	2026-10-06T22:54:53.5979439Z (pass) render with confirmed delivery never replays [2.46ms]
publish	UNKNOWN STEP	2026-10-06T22:54:53.5983938Z (pass) corrupt store degrades to zero replays, never throws [0.47ms]
publish	UNKNOWN STEP	2026-10-06T22:54:53.5991138Z (pass) v0.38.39 chat brief strips machine paths but the archive keeps them [0.65ms]
publish	UNKNOWN STEP	2026-10-06T22:54:53.5992229Z (pass) v0.38.39 clause cut respects +-joined lists [0.17ms]
publish	UNKNOWN STEP	2026-10-06T22:54:53.6039573Z (pass) second approval for the same goal after delivery queues a fresh render [4.59ms]
publish	UNKNOWN STEP	2026-10-06T22:54:53.6043129Z (pass) error-only audit history renders an honest archive banner with no review row [0.46ms]
publish	UNKNOWN STEP	2026-10-06T22:54:53.6091538Z (pass) unreadable outbox refuses enqueue without replacing an earlier pending render [4.76ms]
publish	UNKNOWN STEP	2026-10-06T22:54:53.6142675Z (pass) malformed and partially invalid stores preserve bytes and refuse mutations [5.09ms]
publish	UNKNOWN STEP	2026-10-06T22:54:53.6188216Z (pass) delivery callback enqueue survives acknowledgement and replays on next contact [4.57ms]
publish	UNKNOWN STEP	2026-10-06T22:54:53.6235294Z (pass) nested replay neither repeats the in-flight render nor restores acknowledged entries [4.68ms]
publish	UNKNOWN STEP	2026-10-06T22:54:53.6369911Z (pass) refusal rotation preserves callback enqueues and makes them reachable next contact [13.42ms]
publish	UNKNOWN STEP	2026-10-06T22:54:53.6370619Z 
publish	UNKNOWN STEP	2026-10-06T22:54:53.6371137Z ##[endgroup]
publish	UNKNOWN STEP	2026-10-06T22:54:53.6374023Z 
publish	UNKNOWN STEP	2026-10-06T22:54:53.6374554Z ##[group]tests/goal-timeline.test.ts:
publish	UNKNOWN STEP	2026-10-06T22:54:53.8950331Z (pass) timeline: routes as a goal subcommand with optional count [0.45ms]
publish	UNKNOWN STEP	2026-10-06T22:54:53.8978073Z (pass) timeline: merges ledger events and verdicts in time order, humanized [1.76ms]
publish	UNKNOWN STEP	2026-10-06T22:54:53.8979660Z (pass) timeline: unknown types render compactly, noise and foreign goals excluded [0.39ms]
publish	UNKNOWN STEP	2026-10-06T22:54:53.9009647Z (pass) timeline: honors the limit with a truncation note [0.22ms]
publish	UNKNOWN STEP	2026-10-06T22:54:53.9032980Z (pass) timeline: next action derives from live state [0.59ms]
publish	UNKNOWN STEP	2026-10-06T22:54:54.0630790Z (pass) timeline: /goal timeline renders the live goal end to end [168.89ms]
publish	UNKNOWN STEP	2026-10-06T22:54:54.0631755Z 
publish	UNKNOWN STEP	2026-10-06T22:54:54.0632324Z ##[endgroup]
publish	UNKNOWN STEP	2026-10-06T22:54:54.0633412Z 
publish	UNKNOWN STEP	2026-10-06T22:54:54.0633979Z ##[group]tests/list-invisible-restart.test.ts:
publish	UNKNOWN STEP	2026-10-06T22:54:54.4929881Z (pass) v0.35.21: session_start converges a disk-sidecar queue the state ledger lost, and the widget renders it [199.80ms]
publish	UNKNOWN STEP	2026-10-06T22:54:54.6701029Z (pass) v0.35.61: a waiting-only queue is visible and startable without a reload [177.54ms]
publish	UNKNOWN STEP	2026-10-06T22:54:54.8440935Z (pass) v0.35.61: silent host replacement rehydrates a sidecar-only waiting queue before repaint [172.39ms]
publish	UNKNOWN STEP	2026-10-06T22:54:55.0114761Z (pass) v0.35.72: a newer known sidecar reconciles the in-memory queue item [167.60ms]
publish	UNKNOWN STEP	2026-10-06T22:54:55.1773104Z (pass) v0.35.72: activation refuses when the durable sidecar cannot be removed [167.50ms]
publish	UNKNOWN STEP	2026-10-06T22:54:55.3416136Z (pass) v0.35.21: convergence is idempotent — an item present in BOTH state and sidecar is not duplicated [163.42ms]
publish	UNKNOWN STEP	2026-10-06T22:54:55.3449970Z 
publish	UNKNOWN STEP	2026-10-06T22:54:55.3450672Z ##[endgroup]
publish	UNKNOWN STEP	2026-10-06T22:54:55.3450842Z 
publish	UNKNOWN STEP	2026-10-06T22:54:55.3451145Z ##[group]tests/no-provider-smoke.test.mjs:
publish	UNKNOWN STEP	2026-10-06T22:54:56.2543245Z (pass) GLLA loads without the optional pi-subagents provider [652.13ms]
publish	UNKNOWN STEP	2026-10-06T22:54:56.2543654Z 
publish	UNKNOWN STEP	2026-10-06T22:54:56.2544027Z ##[endgroup]
publish	UNKNOWN STEP	2026-10-06T22:54:56.2546442Z 
publish	UNKNOWN STEP	2026-10-06T22:54:56.2546827Z ##[group]tests/context-overflow-recovery.test.ts:
publish	UNKNOWN STEP	2026-10-06T22:54:56.5074659Z (pass) v0.34.116: classifyMainModelFailure accepts an isContextOverflow override [0.42ms]
publish	UNKNOWN STEP	2026-10-06T22:54:56.5077200Z (pass) v0.34.116: context-overflow override routes to a context-overflow kind, not non-recoverable [0.14ms]
publish	UNKNOWN STEP	2026-10-06T22:54:56.5079926Z (pass) v0.34.116: helper isContextOverflowError covers the same surface as the legacy non-recoverable regex [0.16ms]
publish	UNKNOWN STEP	2026-10-06T22:54:56.5082357Z (pass) v0.34.116: recoverFromContextOverflow is exported and routes through tryMainModelFallback [0.20ms]
publish	UNKNOWN STEP	2026-10-06T22:54:56.5083871Z (pass) v0.34.116: observeCompactFailure is the one-liner surface (notify + ledger) [0.18ms]
publish	UNKNOWN STEP	2026-10-06T22:54:56.5085543Z (pass) v0.34.116: tryMainModelFallback opens context-overflow (it is the only rotation kind beyond provider failures) [0.19ms]
publish	UNKNOWN STEP	2026-10-06T22:54:56.5089195Z (pass) v0.34.116: agent_end context-starved branch detects recent compaction and walks the chain [0.80ms]
publish	UNKNOWN STEP	2026-10-06T22:54:56.5090189Z 
publish	UNKNOWN STEP	2026-10-06T22:54:56.5090861Z ##[endgroup]
publish	UNKNOWN STEP	2026-10-06T22:54:56.5154866Z 
publish	UNKNOWN STEP	2026-10-06T22:54:56.5155634Z ##[group]tests/completion-communication.test.ts:
publish	UNKNOWN STEP	2026-10-06T22:54:57.9491622Z (pass) pending is nonterminal; approval delivers durable concrete summary (idle=true) [1167.67ms]
publish	UNKNOWN STEP	2026-10-06T22:54:59.5186295Z (pass) pending is nonterminal; approval delivers durable concrete summary (idle=false) [1569.56ms]
publish	UNKNOWN STEP	2026-10-06T22:55:00.6214689Z (pass) complete_goal leftOut renders the deliberate-non-do bullet end to end [1102.81ms]
publish	UNKNOWN STEP	2026-10-06T22:55:01.6689140Z (pass) complete_goal findingGroups ride the claim into the grouped terminal render [1047.37ms]
publish	UNKNOWN STEP	2026-10-06T22:55:02.2278957Z (pass) disapproval remains unfinished, no final success is posted [559.03ms]
publish	UNKNOWN STEP	2026-10-06T22:55:03.2874227Z (pass) archive write failure never emits a terminal success [1059.48ms]
publish	UNKNOWN STEP	2026-10-06T22:55:18.1184321Z [run-tests] progress: 30s elapsed · 15s since last output · 6 KiB of suite output
publish	UNKNOWN STEP	2026-10-06T22:55:19.3494073Z (pass) approval summary does not replace independent next-item continuation [16061.94ms]
publish	UNKNOWN STEP	2026-10-06T22:55:20.4075354Z (pass) outbox write failure warns without claiming summary delivery [1058.14ms]
publish	UNKNOWN STEP	2026-10-06T22:55:20.4075804Z 
publish	UNKNOWN STEP	2026-10-06T22:55:20.4076190Z ##[endgroup]
publish	UNKNOWN STEP	2026-10-06T22:55:20.4077899Z 
publish	UNKNOWN STEP	2026-10-06T22:55:20.4078439Z ##[group]tests/stale-api-terminal.test.ts:
publish	UNKNOWN STEP	2026-10-06T22:55:20.6631090Z (pass) isStaleApiError matches pi's exact stale signature, rejects everything else [0.21ms]
publish	UNKNOWN STEP	2026-10-06T22:55:20.6634252Z (pass) both autonomous send paths detect staleness and auto-recover before terminal [0.51ms]
publish	UNKNOWN STEP	2026-10-06T22:55:20.6647420Z (pass) terminal path: ledger event, single-fire, goal ACTIVE+marker / loop stop with restart guidance [0.86ms]
publish	UNKNOWN STEP	2026-10-06T22:55:20.6648638Z (pass) v0.29.11 — heartbeat PROBES staleness before burning stall refires [0.40ms]
publish	UNKNOWN STEP	2026-10-06T22:55:20.6729322Z (pass) v0.30.0 — rebind-first survival: session_shutdown attribution, session_start rebind, zombie stand-down [8.01ms]
publish	UNKNOWN STEP	2026-10-06T22:55:20.6730903Z (pass) v0.35.72: pause and low-level activity cannot settle unrelated automatic dispatches [0.25ms]
publish	UNKNOWN STEP	2026-10-06T22:55:20.6746470Z (pass) v0.29.11 — stale/stall-stopped loops HOLD on next load (resume, not restart-from-scratch) [1.55ms]
publish	UNKNOWN STEP	2026-10-06T22:55:20.6751229Z (pass) v0.29.12 — /glla resume is stale-aware (the zombie must not say 'Nothing to resume') [0.55ms]
publish	UNKNOWN STEP	2026-10-06T22:55:20.6764995Z (pass) v0.34.16 — lifecycle handoff replaces terminal keystroke recovery [1.32ms]
publish	UNKNOWN STEP	2026-10-06T22:55:20.6778553Z (pass) v0.34.16 — lifecycle recovery has no multiplexer dependency [1.39ms]
publish	UNKNOWN STEP	2026-10-06T22:55:20.6791163Z (pass) v0.34.16 — stale paths never inject terminal input [1.25ms]
publish	UNKNOWN STEP	2026-10-06T22:55:20.6792459Z (pass) send paths short-circuit once stale (no retry-into-the-void) [0.14ms]
publish	UNKNOWN STEP	2026-10-06T22:55:20.6798502Z (pass) only an admitted host session claims the API and resets session state [0.53ms]
publish	UNKNOWN STEP	2026-10-06T22:55:20.6851229Z (pass) v0.32.0: audit-opportunistic fix batch — dispose, keys, caps, message [5.25ms]
publish	UNKNOWN STEP	2026-10-06T22:55:20.6855786Z (pass) v0.34.94: heartbeat only self-heals when the API and context are fresh [0.46ms]
publish	UNKNOWN STEP	2026-10-06T22:55:20.6858931Z (pass) v0.38.104: the preserved heartbeat releases its handle and re-arms across a generation bump [0.24ms]
publish	UNKNOWN STEP	2026-10-06T22:55:20.6859698Z 
publish	UNKNOWN STEP	2026-10-06T22:55:20.6860221Z ##[endgroup]
publish	UNKNOWN STEP	2026-10-06T22:55:20.6863685Z 
publish	UNKNOWN STEP	2026-10-06T22:55:20.6864334Z ##[group]tests/glla-status-ux.test.ts:
publish	UNKNOWN STEP	2026-10-06T22:55:21.5010619Z (pass) v0.35.15: auditing footer carries a distinct phase glyph AND an activity meter element for every auditor phase [0.85ms]
publish	UNKNOWN STEP	2026-10-06T22:55:21.5012460Z (pass) v0.35.15: activity meter drains as worker silence grows (full at fresh, empty past the quiet threshold) [0.27ms]
publish	UNKNOWN STEP	2026-10-06T22:55:21.5018582Z (pass) v0.35.15: ⏸ supervisor chip leads the footer in every lifecycle branch when paused [0.44ms]
publish	UNKNOWN STEP	2026-10-06T22:55:21.5027155Z (pass) v0.35.15: a recently ended quiet stretch shows 'silent Xm then resumed' in the widget; stale stretches stay hidden [1.08ms]
publish	UNKNOWN STEP	2026-10-06T22:55:21.5043382Z (pass) v0.35.15: quiet watcher notifies EXACTLY ONCE on entering the quiet phase, records the stretch on resume [1.62ms]
publish	UNKNOWN STEP	2026-10-06T22:55:21.5050607Z (pass) v0.35.15: quiet watcher stays silent while the supervisor is paused (it IS automatic machinery) [0.65ms]
publish	UNKNOWN STEP	2026-10-06T22:55:21.7610312Z (pass) v0.35.15: every automatic dispatch point gates on supervisorPaused [253.53ms]
publish	UNKNOWN STEP	2026-10-06T22:55:22.2537289Z (pass) v0.35.15: /glla pause persists a durable flag, leaves the active goal untouched, and survives a disk reload [493.06ms]
publish	UNKNOWN STEP	2026-10-06T22:55:22.5701185Z (pass) v0.35.15: /glla resume clears the freeze, reports the frozen duration, and never lies 'Nothing to resume' [317.07ms]
publish	UNKNOWN STEP	2026-10-06T22:55:22.5709381Z (pass) v0.38.104: the working-card tool argument is cut cell-aware, never mid-surrogate [1.08ms]
publish	UNKNOWN STEP	2026-10-06T22:55:22.5710217Z 
publish	UNKNOWN STEP	2026-10-06T22:55:22.5710813Z ##[endgroup]
publish	UNKNOWN STEP	2026-10-06T22:55:22.5719831Z 
publish	UNKNOWN STEP	2026-10-06T22:55:22.5722225Z ##[group]tests/audit-tier-record.test.ts:
publish	UNKNOWN STEP	2026-10-06T22:55:23.2579901Z (pass) tier-record: a small quiet claim audits light and records the tier [434.28ms]
publish	UNKNOWN STEP	2026-10-06T22:55:23.6735992Z (pass) tier-record: spot-check rate 1 forces full and marks the verdict [415.63ms]
publish	UNKNOWN STEP	2026-10-06T22:55:24.0812836Z (pass) tier-record: complete_goal requestFullAudit escalates one claim [407.66ms]
publish	UNKNOWN STEP	2026-10-06T22:55:24.2223077Z (pass) tier-record: draft consent sets fullAudit, shows the notice, ledgers consent [140.35ms]
publish	UNKNOWN STEP	2026-10-06T22:55:24.3667812Z (pass) tier-record: batch drafts refuse fullAudit instead of dropping it [145.13ms]
publish	UNKNOWN STEP	2026-10-06T22:55:24.5170632Z (pass) tier-record: single list drafts refuse fullAudit instead of dropping it [148.14ms]
publish	UNKNOWN STEP	2026-10-06T22:55:24.5191119Z 
publish	UNKNOWN STEP	2026-10-06T22:55:24.5199976Z ##[endgroup]
publish	UNKNOWN STEP	2026-10-06T22:55:24.5200290Z 
publish	UNKNOWN STEP	2026-10-06T22:55:24.5200803Z ##[group]tests/stats-challenges.test.ts:
publish	UNKNOWN STEP	2026-10-06T22:55:24.7856926Z (pass) challenges: confirmed/flipped/skipped counts over all verdicts, legacy ignored [1.52ms]
publish	UNKNOWN STEP	2026-10-06T22:55:24.7867330Z (pass) challenges: empty ledgers zero out, flip rate renders em-dash without challenged runs [0.46ms]
publish	UNKNOWN STEP	2026-10-06T22:55:24.7869123Z (pass) challenges: table and JSON formats mirror the schema [0.47ms]
publish	UNKNOWN STEP	2026-10-06T22:55:24.7870323Z (pass) challenges: light-tier verdicts and spot-check flips count separately [0.27ms]
publish	UNKNOWN STEP	2026-10-06T22:55:24.7870948Z 
publish	UNKNOWN STEP	2026-10-06T22:55:24.7871467Z ##[endgroup]
publish	UNKNOWN STEP	2026-10-06T22:55:24.7942058Z 
publish	UNKNOWN STEP	2026-10-06T22:55:24.7943217Z ##[group]tests/auditor-stderr-diagnostic.test.ts:
publish	UNKNOWN STEP	2026-10-06T22:55:25.0750481Z (pass) a lone BEL flush contributes nothing (field bug: 90+ errors recorded only BEL) [0.35ms]
publish	UNKNOWN STEP	2026-10-06T22:55:25.0768701Z (pass) stderr chunks accumulate in order [0.18ms]
publish	UNKNOWN STEP	2026-10-06T22:55:25.0780624Z (pass) OSC sequences and control bytes are stripped, printable text kept [0.19ms]
publish	UNKNOWN STEP	2026-10-06T22:55:25.0781918Z (pass) tab, LF, and CR survive; other C0 controls do not [0.07ms]
publish	UNKNOWN STEP	2026-10-06T22:55:25.0782958Z (pass) accumulation is bounded, keeping the tail [1.44ms]
publish	UNKNOWN STEP	2026-10-06T22:55:25.0783617Z 
publish	UNKNOWN STEP	2026-10-06T22:55:25.0784413Z ##[endgroup]
publish	UNKNOWN STEP	2026-10-06T22:55:25.0784894Z 
publish	UNKNOWN STEP	2026-10-06T22:55:25.0785517Z ##[group]tests/glla-table-menu.test.ts:
publish	UNKNOWN STEP	2026-10-06T22:55:25.3495127Z (pass) render: title row [7.33ms]
publish	UNKNOWN STEP	2026-10-06T22:55:25.3502937Z (pass) grouped entry points can open a specific settings section [0.87ms]
publish	UNKNOWN STEP	2026-10-06T22:55:25.3512374Z (pass) render: tabs row lists all 8 sections [0.96ms]
publish	UNKNOWN STEP	2026-10-06T22:55:25.3524365Z (pass) main agent tab starts with the current agent and drills in [1.15ms]
publish	UNKNOWN STEP	2026-10-06T22:55:25.3533030Z (pass) render: at width=120, the keep-going section renders its rows (v0.28.23: +decisionPopup) [0.80ms]
publish	UNKNOWN STEP	2026-10-06T22:55:25.3543120Z (pass) render: active row uses a full-width selected background [1.04ms]
publish	UNKNOWN STEP	2026-10-06T22:55:25.3549456Z (pass) render: compact header row has KEY, VALUE, SOURCE columns [0.62ms]
publish	UNKNOWN STEP	2026-10-06T22:55:25.3555024Z (pass) render: compact mode never exceeds terminal width even with a long VALUE in another section [0.52ms]
publish	UNKNOWN STEP	2026-10-06T22:55:25.3560324Z (pass) render: footer pin includes the optional details toggle [0.55ms]
publish	UNKNOWN STEP	2026-10-06T22:55:25.3562811Z (pass) nav: Enter on the first row emits that row's id [0.13ms]
publish	UNKNOWN STEP	2026-10-06T22:55:25.3564104Z (pass) nav: Down arrow moves to the next visible row [0.17ms]
publish	UNKNOWN STEP	2026-10-06T22:55:25.3565480Z (pass) nav: Down wrapping at the end of a section wraps to 0 [0.23ms]
publish	UNKNOWN STEP	2026-10-06T22:55:25.3567043Z (pass) nav: Esc emits undefined (close) [0.10ms]
publish	UNKNOWN STEP	2026-10-06T22:55:25.3568997Z (pass) nav: Tab advances to the next section [0.16ms]
publish	UNKNOWN STEP	2026-10-06T22:55:25.3571672Z (pass) nav: Back-tab (\x1b[Z) retreats to the previous section [0.09ms]
publish	UNKNOWN STEP	2026-10-06T22:55:25.3572721Z (pass) nav: Right-arrow CSI sequence (\x1b[C) advances section [0.07ms]
publish	UNKNOWN STEP	2026-10-06T22:55:25.3573704Z (pass) nav: Left-arrow CSI sequence (\x1b[D) retreats section [0.06ms]
publish	UNKNOWN STEP	2026-10-06T22:55:25.3592537Z (pass) details toggle: narrow descriptions are readable in a wrapped pane [1.99ms]
publish	UNKNOWN STEP	2026-10-06T22:55:25.3612305Z (pass) details toggle: at width=120 the description column shows most of the row text [1.94ms]
publish	UNKNOWN STEP	2026-10-06T22:55:25.3619768Z (pass) cache: identical renders at the same width return the same array reference [0.76ms]
publish	UNKNOWN STEP	2026-10-06T22:55:25.3634724Z (pass) cache: state change invalidates cache (move → next render produces new lines) [1.44ms]
publish	UNKNOWN STEP	2026-10-06T22:55:25.3644594Z (pass) compact view expands VALUE so model + thinking are visible [1.04ms]
publish	UNKNOWN STEP	2026-10-06T22:55:25.3646439Z (pass) structural: Class implements Component (has render + invalidate + handleInput) [0.07ms]
publish	UNKNOWN STEP	2026-10-06T22:55:25.3652746Z (pass) structural: buildSettingsRows returns ≥20 rows across all 8 sections (coverage) [0.65ms]
publish	UNKNOWN STEP	2026-10-06T22:55:25.3660725Z (pass) render: tab bar is color-only (v0.28.19: brackets dropped), all sections present [0.86ms]
publish	UNKNOWN STEP	2026-10-06T22:55:25.3673552Z (pass) render: a header rule with ┼ junctions follows the header row [1.24ms]
publish	UNKNOWN STEP	2026-10-06T22:55:25.3680198Z (pass) render: column separators align across header, rule, and every row (prefix counted) [0.63ms]
publish	UNKNOWN STEP	2026-10-06T22:55:25.3686418Z (pass) render: a too-long VALUE is truncated with … — it must NOT break the grid [0.60ms]
publish	UNKNOWN STEP	2026-10-06T22:55:25.3702664Z (pass) render: column widths are stable across tab switches (no grid reflow) [1.64ms]
publish	UNKNOWN STEP	2026-10-06T22:55:25.3703947Z 
publish	UNKNOWN STEP	2026-10-06T22:55:25.3704513Z ##[endgroup]
publish	UNKNOWN STEP	2026-10-06T22:55:25.3707886Z 
publish	UNKNOWN STEP	2026-10-06T22:55:25.3708379Z ##[group]tests/overdue-backstop.test.ts:
publish	UNKNOWN STEP	2026-10-06T22:55:26.0270516Z (pass) S9 (continuation route): overdue agent wait resumes exactly once — park-clear lands, then latch + ledger [409.79ms]
publish	UNKNOWN STEP	2026-10-06T22:55:26.4142227Z (pass) S9 (probe route): probe no-op releases the overdue latch so the next tick retries [387.22ms]
publish	UNKNOWN STEP	2026-10-06T22:55:26.8008450Z (pass) S9: failed durable resume leaves the wait retriable on the next heartbeat [386.60ms]
publish	UNKNOWN STEP	2026-10-06T22:55:26.8009428Z 
publish	UNKNOWN STEP	2026-10-06T22:55:26.8009956Z ##[endgroup]
publish	UNKNOWN STEP	2026-10-06T22:55:26.8011403Z 
publish	UNKNOWN STEP	2026-10-06T22:55:26.8011917Z ##[group]tests/glla-update-check.test.ts:
publish	UNKNOWN STEP	2026-10-06T22:55:27.0895938Z (pass) compareVersions orders semver-ish strings and shrugs at garbage [9.60ms]
publish	UNKNOWN STEP	2026-10-06T22:55:27.0897586Z (pass) staleUpdateNudge fires only when the cache proves the registry is ahead [0.15ms]
publish	UNKNOWN STEP	2026-10-06T22:55:27.0898552Z (pass) buildVersionTail always names the running version, nudges only when stale [0.10ms]
publish	UNKNOWN STEP	2026-10-06T22:55:27.0903939Z (pass) readUpdateCheck returns null for missing, malformed, and future-dated caches [0.89ms]
publish	UNKNOWN STEP	2026-10-06T22:55:27.0906864Z (pass) refreshUpdateCheck skips spawn while the cache is within TTL [0.32ms]
publish	UNKNOWN STEP	2026-10-06T22:55:27.0915027Z (pass) refreshUpdateCheck shells npm view when stale and caches the latest [0.79ms]
publish	UNKNOWN STEP	2026-10-06T22:55:27.0922282Z (pass) refreshUpdateCheck never throws and never writes on registry failure [0.71ms]
publish	UNKNOWN STEP	2026-10-06T22:55:27.0926863Z (pass) async spawn error is swallowed, never crashes, never writes [0.45ms]
publish	UNKNOWN STEP	2026-10-06T22:55:27.0930488Z (pass) non-version npm stdout never poisons the sidecar [0.37ms]
publish	UNKNOWN STEP	2026-10-06T22:55:27.0934432Z (pass) future-dated cache suppresses the spawn instead of causing one per contact [0.32ms]
publish	UNKNOWN STEP	2026-10-06T22:55:27.0935042Z 
publish	UNKNOWN STEP	2026-10-06T22:55:27.0935486Z ##[endgroup]
publish	UNKNOWN STEP	2026-10-06T22:55:27.0938515Z 
publish	UNKNOWN STEP	2026-10-06T22:55:27.0939264Z ##[group]tests/quota-sleep-until-reset.test.ts:
publish	UNKNOWN STEP	2026-10-06T22:55:27.3432823Z (pass) quota sleep-until-reset: explicit upstream hint sleeps to reset, on the FIRST attempt too (v0.38.104) [2.61ms]
publish	UNKNOWN STEP	2026-10-06T22:55:27.3434366Z (pass) quota sleep-until-reset: hint never widens the 5h envelope [0.09ms]
publish	UNKNOWN STEP	2026-10-06T22:55:27.3435631Z (pass) quota sleep-until-reset: hintless quota failures keep the blind ladder [0.20ms]
publish	UNKNOWN STEP	2026-10-06T22:55:27.3436772Z (pass) quota sleep-until-reset: non-quota signals ignore hints [0.18ms]
publish	UNKNOWN STEP	2026-10-06T22:55:27.3437306Z 
publish	UNKNOWN STEP	2026-10-06T22:55:27.3438180Z ##[endgroup]
publish	UNKNOWN STEP	2026-10-06T22:55:27.3438394Z 
publish	UNKNOWN STEP	2026-10-06T22:55:27.3439052Z ##[group]tests/model-selector-parity.test.ts:
publish	UNKNOWN STEP	2026-10-06T22:55:27.5961486Z (pass) model selector parity — fallback set and ordering > subagent-like raw chains are normalized like main (cap 10, case-insensitive dedup, order retained) [0.36ms]
publish	UNKNOWN STEP	2026-10-06T22:55:27.5992111Z (pass) model selector parity — fallback set and ordering > selectors share fallback ordering and forbidden/unregistered walk [0.64ms]
publish	UNKNOWN STEP	2026-10-06T22:55:27.6009639Z 
publish	UNKNOWN STEP	2026-10-06T22:55:27.6010608Z ##[endgroup]
publish	UNKNOWN STEP	2026-10-06T22:55:27.6029717Z 
publish	UNKNOWN STEP	2026-10-06T22:55:27.6030334Z ##[group]tests/list-audit-state-root.test.ts:
publish	UNKNOWN STEP	2026-10-06T22:55:27.9193295Z (pass) list-audit fan-out reads findings from the configured sessionDir root [21.24ms]
publish	UNKNOWN STEP	2026-10-06T22:55:27.9194021Z 
publish	UNKNOWN STEP	2026-10-06T22:55:27.9194467Z ##[endgroup]
publish	UNKNOWN STEP	2026-10-06T22:55:27.9197023Z 
publish	UNKNOWN STEP	2026-10-06T22:55:27.9197623Z ##[group]tests/subagent-session-ledger.test.ts:
publish	UNKNOWN STEP	2026-10-06T22:55:28.5021305Z (pass) guard: a spawn observed before any session binds writes nothing [319.93ms]
publish	UNKNOWN STEP	2026-10-06T22:55:28.8257387Z (pass) Agent-tool spawn appends subagent_session (id + summary) to the ledger [323.55ms]
publish	UNKNOWN STEP	2026-10-06T22:55:29.4761061Z (pass) the reference survives a restart: the ledger entry persists across a /reload [650.34ms]
publish	UNKNOWN STEP	2026-10-06T22:55:29.7837365Z (pass) every spawn appends — re-observation of an id (resume/re-run) adds fresh evidence [307.60ms]
publish	UNKNOWN STEP	2026-10-06T22:55:30.0943065Z (pass) malformed payloads are dropped, not crashy [310.65ms]
publish	UNKNOWN STEP	2026-10-06T22:55:30.0944167Z 
publish	UNKNOWN STEP	2026-10-06T22:55:30.0944973Z ##[endgroup]
publish	UNKNOWN STEP	2026-10-06T22:55:30.0947587Z 
publish	UNKNOWN STEP	2026-10-06T22:55:30.0948251Z ##[group]tests/prompt-daemon-investigation.test.ts:
publish	UNKNOWN STEP	2026-10-06T22:55:30.3580746Z (pass) continuation prompt has the DETACHED COMMIT DETECTION section (item 30) [0.51ms]
publish	UNKNOWN STEP	2026-10-06T22:55:30.3582035Z (pass) daemon guidance includes the filter-branch inspection command [0.07ms]
publish	UNKNOWN STEP	2026-10-06T22:55:30.3582631Z 
publish	UNKNOWN STEP	2026-10-06T22:55:30.3583726Z ##[endgroup]
publish	UNKNOWN STEP	2026-10-06T22:55:30.3583950Z 
publish	UNKNOWN STEP	2026-10-06T22:55:30.3584421Z ##[group]tests/loop-pause.test.ts:
publish	UNKNOWN STEP	2026-10-06T22:55:30.6325707Z (pass) v0.38.27: /loop pause is routed in cmdLoop and clears the tick [6.06ms]
publish	UNKNOWN STEP	2026-10-06T22:55:30.6326798Z (pass) v0.38.27: /loop pause is registered in the help completions [0.19ms]
publish	UNKNOWN STEP	2026-10-06T22:55:30.6327972Z (pass) v0.38.27: RESUMABLE_STOP matches the pause stopReason so /loop resume picks it up [0.07ms]
publish	UNKNOWN STEP	2026-10-06T22:55:30.6328621Z 
publish	UNKNOWN STEP	2026-10-06T22:55:30.6329426Z ##[endgroup]
publish	UNKNOWN STEP	2026-10-06T22:55:30.6331990Z 
publish	UNKNOWN STEP	2026-10-06T22:55:30.6332596Z ##[group]tests/list-stale-context.test.ts:
publish	UNKNOWN STEP	2026-10-06T22:55:31.2842884Z (pass) v0.34.51: /list add on a stale handle is refused — honest recovery result, zero state mutation [336.31ms]
publish	UNKNOWN STEP	2026-10-06T22:55:31.6082679Z (pass) v0.34.51: /list remove, clear, cancel, next, tweak, pause, resume are all refused on a stale handle [323.93ms]
publish	UNKNOWN STEP	2026-10-06T22:55:31.9235956Z (pass) v0.34.51: the natural-language dump fallthrough is refused on a stale handle — drafting never starts [314.82ms]
publish	UNKNOWN STEP	2026-10-06T22:55:32.2353978Z (pass) v0.34.51: /list show and /list depth stay usable on a stale handle (inspect, don't mutate) [312.40ms]
publish	UNKNOWN STEP	2026-10-06T22:55:32.8582659Z (pass) v0.34.51: the honest recovery result — the refreshed session owns the command and the add lands [622.72ms]
publish	UNKNOWN STEP	2026-10-06T22:55:33.0225679Z (pass) v0.34.51: list_add and list_activate tools return the stale-context recovery result without mutating [163.71ms]
publish	UNKNOWN STEP	2026-10-06T22:55:33.0232839Z (pass) v0.34.51: source — cmdList captures the entry probe and gates every mutating path [1.48ms]
publish	UNKNOWN STEP	2026-10-06T22:55:33.0233719Z 
publish	UNKNOWN STEP	2026-10-06T22:55:33.0234517Z ##[endgroup]
publish	UNKNOWN STEP	2026-10-06T22:55:33.0236391Z 
publish	UNKNOWN STEP	2026-10-06T22:55:33.0237264Z ##[group]tests/contract-text-semantics.test.ts:
publish	UNKNOWN STEP	2026-10-06T22:55:33.2941315Z (pass) parser: supplied clause yields replacement data [0.49ms]
publish	UNKNOWN STEP	2026-10-06T22:55:33.2942994Z (pass) parser: omitted clause yields no contract and no clear signal [0.14ms]
publish	UNKNOWN STEP	2026-10-06T22:55:33.2944396Z (pass) parser: bare line-marker is an explicit clear [0.09ms]
publish	UNKNOWN STEP	2026-10-06T22:55:33.2945781Z (pass) parser: bare inline marker is an explicit clear and is stripped from the objective [0.13ms]
publish	UNKNOWN STEP	2026-10-06T22:55:33.2947071Z (pass) parser: bare marker followed by content still captures the contract block [0.10ms]
publish	UNKNOWN STEP	2026-10-06T22:55:33.4784190Z (pass) goal tweak: supplied clause replaces the stored contract [184.97ms]
publish	UNKNOWN STEP	2026-10-06T22:55:33.6510389Z (pass) goal tweak: omitted clause preserves the stored contract [171.07ms]
publish	UNKNOWN STEP	2026-10-06T22:55:33.8963597Z (pass) goal tweak: bare 'Done when:' clears the stored contract [244.97ms]
publish	UNKNOWN STEP	2026-10-06T22:55:34.0953819Z (pass) list tweak: supplied clause replaces the stored contract [199.34ms]
publish	UNKNOWN STEP	2026-10-06T22:55:34.3550537Z (pass) list tweak: omitted clause preserves the stored contract [257.14ms]
publish	UNKNOWN STEP	2026-10-06T22:55:34.5640832Z (pass) list tweak: bare 'Done when:' clears the stored contract [208.77ms]
publish	UNKNOWN STEP	2026-10-06T22:55:34.5659939Z 
publish	UNKNOWN STEP	2026-10-06T22:55:34.5660778Z ##[endgroup]
publish	UNKNOWN STEP	2026-10-06T22:55:34.5661052Z 
publish	UNKNOWN STEP	2026-10-06T22:55:34.5661650Z ##[group]tests/compaction-settled-boundary.test.ts:
publish	UNKNOWN STEP	2026-10-06T22:55:35.0204218Z (pass) idle loop dispatch checks the threshold without agent_settled (failure=false) [193.50ms]
publish	UNKNOWN STEP	2026-10-06T22:55:35.2030614Z (pass) idle loop dispatch checks the threshold without agent_settled (failure=true) [179.51ms]
publish	UNKNOWN STEP	2026-10-06T22:55:35.2282340Z (pass) settled and idle-send compaction preserve paused [26.69ms]
publish	UNKNOWN STEP	2026-10-06T22:55:35.2492933Z (pass) settled and idle-send compaction preserve auditing [19.67ms]
publish	UNKNOWN STEP	2026-10-06T22:55:35.2709814Z (pass) settled and idle-send compaction preserve frozen [23.20ms]
publish	UNKNOWN STEP	2026-10-06T22:55:35.3060305Z (pass) settled and idle-send compaction preserve aborted [30.57ms]
publish	UNKNOWN STEP	2026-10-06T22:55:35.5000497Z (pass) idle list advancement checks compaction before dispatching the next task [195.04ms]
publish	UNKNOWN STEP	2026-10-06T22:55:35.9250928Z (pass) busy agent_end defers the 200k trigger to agent_settled, then work resumes after compaction [424.28ms]
publish	UNKNOWN STEP	2026-10-06T22:55:36.0049787Z (pass) completed compaction is named accurately and remains inspectable through public status [80.97ms]
publish	UNKNOWN STEP	2026-10-06T22:55:36.0119734Z 
publish	UNKNOWN STEP	2026-10-06T22:55:36.0144436Z ##[endgroup]
publish	UNKNOWN STEP	2026-10-06T22:55:36.0154401Z 
publish	UNKNOWN STEP	2026-10-06T22:55:36.0160587Z ##[group]tests/confirm-draft.test.ts:
publish	UNKNOWN STEP	2026-10-06T22:55:36.2870353Z (pass) buildConfirmDraftMarkdown: title is the H1, body follows [0.33ms]
publish	UNKNOWN STEP	2026-10-06T22:55:36.3042351Z (pass) ConfirmDraftComponent renders the title, body, and all three choices [18.80ms]
publish	UNKNOWN STEP	2026-10-06T22:55:36.3069274Z (pass) ConfirmDraftComponent: first choice selected, no-throw on input/invalidate [2.72ms]
publish	UNKNOWN STEP	2026-10-06T22:55:36.4800680Z (pass) custom path: Yes accepts the draft and the dialog is captured [172.17ms]
publish	UNKNOWN STEP	2026-10-06T22:55:36.6572665Z (pass) custom path: No rejects the draft [174.10ms]
publish	UNKNOWN STEP	2026-10-06T22:55:36.8384821Z (pass) custom path: a stale error returns stale (NOT-a-rejection) [183.54ms]
publish	UNKNOWN STEP	2026-10-06T22:55:37.0269412Z (pass) fallback: no custom shard → plain select path still accepts (Yes) [188.43ms]
publish	UNKNOWN STEP	2026-10-06T22:55:37.1980545Z (pass) fallback: a stale select error still returns stale [170.57ms]
publish	UNKNOWN STEP	2026-10-06T22:55:37.4981283Z (pass) list batch confirmation resolves paused carryover before activating the head [299.36ms]
publish	UNKNOWN STEP	2026-10-06T22:55:37.7240768Z (pass) RPC stub (custom present, factory never invoked): the select fallback fires and accepts [221.08ms]
publish	UNKNOWN STEP	2026-10-06T22:55:37.9434201Z (pass) v0.34.82: the custom-path factory is INVOKED and returns a ConfirmDraftComponent that renders the body + all three choices [223.17ms]
publish	UNKNOWN STEP	2026-10-06T22:55:38.2320500Z (pass) RPC stub: a select 'No' still declines, and a stale select error returns stale [285.10ms]
publish	UNKNOWN STEP	2026-10-06T22:55:38.2399424Z 
publish	UNKNOWN STEP	2026-10-06T22:55:38.2437782Z ##[endgroup]
publish	UNKNOWN STEP	2026-10-06T22:55:38.2514524Z 
publish	UNKNOWN STEP	2026-10-06T22:55:38.2515880Z ##[group]tests/respec-builder-ui.test.ts:
publish	UNKNOWN STEP	2026-10-06T22:55:38.5342635Z (pass) live telemetry is claim-fenced and missing telemetry never implies a running worker [4.11ms]
publish	UNKNOWN STEP	2026-10-06T22:55:38.5346543Z (pass) completion summary requires proof and includes acceptance, shipped capability and evidence [1.09ms]
publish	UNKNOWN STEP	2026-10-06T22:55:38.5908993Z (pass) actual project summaries render semantic headings, bold and no italics in both themes [56.14ms]
publish	UNKNOWN STEP	2026-10-06T22:55:38.6116308Z (pass) large project summaries stay within the shared receipt transport and disclose omissions [20.59ms]
publish	UNKNOWN STEP	2026-10-06T22:55:38.6117071Z 
publish	UNKNOWN STEP	2026-10-06T22:55:38.6117574Z ##[endgroup]
publish	UNKNOWN STEP	2026-10-06T22:55:38.6119143Z 
publish	UNKNOWN STEP	2026-10-06T22:55:38.6120047Z ##[group]tests/terminal-summary-delivery.test.ts:
publish	UNKNOWN STEP	2026-10-06T22:55:38.8767726Z (pass) visible summary persists without an LLM turn (idle=true) [1.55ms]
publish	UNKNOWN STEP	2026-10-06T22:55:38.8769178Z (pass) visible summary persists without an LLM turn (idle=false) [0.22ms]
publish	UNKNOWN STEP	2026-10-06T22:55:38.8770310Z (pass) branch-before-persist failure stays pending, suppresses duplicate, later persistence confirms [0.63ms]
publish	UNKNOWN STEP	2026-10-06T22:55:38.8771613Z (pass) no-file session never acknowledges but does not repeat the visible summary [0.16ms]
publish	UNKNOWN STEP	2026-10-06T22:55:38.8927368Z (pass) outbox survives failed delivery and restart; acknowledged render never replays [15.82ms]
publish	UNKNOWN STEP	2026-10-06T22:55:38.8951263Z (pass) failed outbox acknowledgement does not duplicate an existing persisted branch summary [2.48ms]
publish	UNKNOWN STEP	2026-10-06T22:55:38.8956337Z (pass) confirmation requires exact identity/content and complete JSONL, tolerates malformed tail [0.52ms]
publish	UNKNOWN STEP	2026-10-06T22:55:38.9018097Z (pass) bounded confirmation fails conservatively when receipt is outside tail [6.09ms]
publish	UNKNOWN STEP	2026-10-06T22:55:38.9150659Z (pass) maximum supported outbox receipt is acknowledged ("x") [12.56ms]
publish	UNKNOWN STEP	2026-10-06T22:55:38.9605399Z (pass) maximum supported outbox receipt is acknowledged ("😀") [45.92ms]
publish	UNKNOWN STEP	2026-10-06T22:55:39.0113662Z (pass) maximum supported outbox receipt is acknowledged ("\u0000") [50.91ms]
publish	UNKNOWN STEP	2026-10-06T22:55:39.0402080Z (pass) maximum supported outbox receipt is acknowledged ("\\") [28.74ms]
publish	UNKNOWN STEP	2026-10-06T22:55:39.0440835Z (pass) failed outbox acknowledgement write retries without resending the visible message [4.05ms]
publish	UNKNOWN STEP	2026-10-06T22:55:39.0536237Z (pass) current settlement is not starved by older unconfirmed renders [9.46ms]
publish	UNKNOWN STEP	2026-10-06T22:55:39.0613683Z (pass) persistently unconfirmed head rotates so a later render is attempted [7.79ms]
publish	UNKNOWN STEP	2026-10-06T22:55:39.0689372Z (pass) host sendMessage reentrant enqueue remains pending after confirmed session delivery [7.54ms]
publish	UNKNOWN STEP	2026-10-06T22:55:39.0689871Z 
publish	UNKNOWN STEP	2026-10-06T22:55:39.0690211Z ##[endgroup]
publish	UNKNOWN STEP	2026-10-06T22:55:39.0692942Z 
publish	UNKNOWN STEP	2026-10-06T22:55:39.0693345Z ##[group]tests/revision-bound-audit.test.ts:
publish	UNKNOWN STEP	2026-10-06T22:55:39.4127703Z (pass) v0.34.60: /goal tweak bumps the goal revision (a contract change) [13.45ms]
publish	UNKNOWN STEP	2026-10-06T22:55:39.7190272Z (pass) v0.34.60: complete_goal with newObjective bumps the revision and audits the new contract in the same call [306.28ms]
publish	UNKNOWN STEP	2026-10-06T22:55:39.7333468Z (pass) v0.35.36: complete_goal newObjective does NOT launder the agent-authored objective into userSeeds [14.34ms]
publish	UNKNOWN STEP	2026-10-06T22:55:39.7393963Z (pass) repair replan bumps the contract revision and invalidates an older approval [6.02ms]
publish	UNKNOWN STEP	2026-10-06T22:55:39.7410877Z (pass) v0.34.60: complete_goal REJECTS when the contract revision moved past the last audited revision [1.81ms]
publish	UNKNOWN STEP	2026-10-06T22:55:40.0425412Z (pass) direct complete_goal refuses an approval when the contract revision changes during the detached audit [301.29ms]
publish	UNKNOWN STEP	2026-10-06T22:55:40.3269137Z (pass) v0.34.60: complete_goal passes when the last audit matches the current revision [284.36ms]
publish	UNKNOWN STEP	2026-10-06T22:55:40.6173013Z (pass) v0.34.60: legacy audit entries without a revision never trip the gate [290.37ms]
publish	UNKNOWN STEP	2026-10-06T22:55:41.2070492Z (pass) v0.34.61: a settled audit never invalidates its own verdict — a second complete_goal on the same contract proceeds [589.59ms]
publish	UNKNOWN STEP	2026-10-06T22:55:41.5379255Z (pass) v0.34.61: the documented escape works — tweak, then /goal verify, then complete_goal proceeds [330.88ms]
publish	UNKNOWN STEP	2026-10-06T22:55:41.9066336Z (pass) v0.34.60: the gate skips when the call itself carries newObjective (its audit covers the new contract) [368.73ms]
publish	UNKNOWN STEP	2026-10-06T22:55:41.9128029Z (pass) v0.34.96: complete_goal routes to aborted when completionSummary says 'already shipped' [6.33ms]
publish	UNKNOWN STEP	2026-10-06T22:55:41.9171877Z (pass) v0.34.96: already-shipped abort binds the version attached to the claim [4.42ms]
publish	UNKNOWN STEP	2026-10-06T22:55:41.9188166Z (pass) v0.35.x: already-shipped completion honors an existing archive fence [1.64ms]
publish	UNKNOWN STEP	2026-10-06T22:55:41.9224108Z (pass) v0.35.x: archiveCurrentGoal preserves a same-id archive on cancel [3.54ms]
publish	UNKNOWN STEP	2026-10-06T22:55:42.2306686Z (pass) v0.34.128: a version-less 'no new work shipped' claim routes to the NORMAL audit and completes on approval [308.11ms]
publish	UNKNOWN STEP	2026-10-06T22:55:42.5360446Z (pass) v0.34.128: a version-less 'already shipped' claim disapproved by the auditor leaves the finding queued (no abort) [305.28ms]
publish	UNKNOWN STEP	2026-10-06T22:55:42.8280938Z (pass) v0.34.96: a NORMAL completionSummary still runs the auditor (no false-positive abort) [292.08ms]
publish	UNKNOWN STEP	2026-10-06T22:55:42.8304100Z (pass) v0.38.104: an unpersistable newObjective refuses the claim and never advances the revision [2.47ms]
publish	UNKNOWN STEP	2026-10-06T22:55:42.8304865Z 
publish	UNKNOWN STEP	2026-10-06T22:55:42.8305351Z ##[endgroup]
publish	UNKNOWN STEP	2026-10-06T22:55:42.8308448Z 
publish	UNKNOWN STEP	2026-10-06T22:55:42.8309338Z ##[group]tests/respec-builder-display.test.ts:
publish	UNKNOWN STEP	2026-10-06T22:55:43.0900788Z (pass) a stopped project audit exposes its hold reason instead of implying a running auditor [1.20ms]
publish	UNKNOWN STEP	2026-10-06T22:55:43.1012505Z (pass) project cards expose phase, unfinished coverage and recorded blockers within narrow widths [15.03ms]
publish	UNKNOWN STEP	2026-10-06T22:55:43.1017814Z (pass) an explicitly stopped project audit does not advertise an unavailable resume [0.53ms]
publish	UNKNOWN STEP	2026-10-06T22:55:43.1024878Z (pass) completed project dismisses both live UI surfaces while preserving other work [0.50ms]
publish	UNKNOWN STEP	2026-10-06T22:55:43.1034041Z (pass) project tool waits show a ticking deadline and separate attempt/total clocks [0.96ms]
publish	UNKNOWN STEP	2026-10-06T22:55:43.1046320Z (pass) blocker inspection retains late operator instructions and distinguishes recorded claims from verification [1.20ms]
publish	UNKNOWN STEP	2026-10-06T22:55:43.1054680Z (pass) automatic blocker actions lead with a short obstacle and keep long diagnostics in details [0.84ms]
publish	UNKNOWN STEP	2026-10-06T22:55:43.1055616Z 
publish	UNKNOWN STEP	2026-10-06T22:55:43.1056254Z ##[endgroup]
publish	UNKNOWN STEP	2026-10-06T22:55:43.1058992Z 
publish	UNKNOWN STEP	2026-10-06T22:55:43.1059737Z ##[group]tests/auditor-chunk-hint.test.ts:
publish	UNKNOWN STEP	2026-10-06T22:55:43.3540302Z (pass) auditor prompt carries the chunk-near-context-full hint (item 7) [0.63ms]
publish	UNKNOWN STEP	2026-10-06T22:55:43.3541719Z (pass) reviewer.ts has no inline prompt to add the hint to (post-audit surfaces only review reports, not prompts) [0.08ms]
publish	UNKNOWN STEP	2026-10-06T22:55:43.3542212Z 
publish	UNKNOWN STEP	2026-10-06T22:55:43.3542556Z ##[endgroup]
publish	UNKNOWN STEP	2026-10-06T22:55:43.3542724Z 
publish	UNKNOWN STEP	2026-10-06T22:55:43.3545207Z ##[group]tests/compactor-handoff.test.ts:
publish	UNKNOWN STEP	2026-10-06T22:55:43.6250115Z (pass) plan B picks verified free big-context, largest first, max two [0.78ms]
publish	UNKNOWN STEP	2026-10-06T22:55:43.6251404Z (pass) plan B disqualifies unknown metadata, paid, unauthed, forbidden, stuck [0.36ms]
publish	UNKNOWN STEP	2026-10-06T22:55:43.6252414Z (pass) plan B returns [] when the registry throws [0.20ms]
publish	UNKNOWN STEP	2026-10-06T22:55:43.6391957Z (pass) compactor chain normalizes and caps 0-10 exactly like drafter [13.67ms]
publish	UNKNOWN STEP	2026-10-06T22:55:43.6395889Z (pass) compactor chain never leases the stuck session model [0.58ms]
publish	UNKNOWN STEP	2026-10-06T22:55:43.6397473Z (pass) refuse transition fires exactly once per episode [0.14ms]
publish	UNKNOWN STEP	2026-10-06T22:55:43.6435396Z (pass) audit 2026-09-06: compactor one-shot survives a restart mid-episode [3.73ms]
publish	UNKNOWN STEP	2026-10-06T22:55:43.6438998Z (pass) audit 2026-09-06: worker timeout escalates SIGTERM to SIGKILL [0.40ms]
publish	UNKNOWN STEP	2026-10-06T22:55:43.6443408Z (pass) brief scope: packet bounded, sections present, worker tool-less [0.40ms]
publish	UNKNOWN STEP	2026-10-06T22:55:43.6444814Z (pass) resync carries the brief excerpt only when present [0.16ms]
publish	UNKNOWN STEP	2026-10-06T22:55:43.6447829Z (pass) recovery banner quotes the handoff excerpt [0.28ms]
publish	UNKNOWN STEP	2026-10-06T22:55:44.1944443Z (pass) refuse engages the compactor once with the chain model + packet scope [549.47ms]
publish	UNKNOWN STEP	2026-10-06T22:55:44.5296688Z (pass) chain empty falls back to the verified free registry model [333.68ms]
publish	UNKNOWN STEP	2026-10-06T22:55:45.1512001Z (pass) no model anywhere skips silently with ledger, ladder still paints [622.97ms]
publish	UNKNOWN STEP	2026-10-06T22:55:45.4937142Z (pass) notifyCmd off keeps the brief, drops the page [342.47ms]
publish	UNKNOWN STEP	2026-10-06T22:55:45.6245878Z (pass) reload with a brief on disk quotes the handoff in the banner [130.94ms]
publish	UNKNOWN STEP	2026-10-06T22:55:45.6260829Z (pass) resolveCompactorModel end to end prefers chain over plan B [1.06ms]
publish	UNKNOWN STEP	2026-10-06T22:55:45.6261294Z 
publish	UNKNOWN STEP	2026-10-06T22:55:45.6261653Z ##[endgroup]
publish	UNKNOWN STEP	2026-10-06T22:55:45.6262043Z 
publish	UNKNOWN STEP	2026-10-06T22:55:45.6262758Z ##[group]tests/loop-measure-probe-exit.test.ts:
publish	UNKNOWN STEP	2026-10-06T22:55:45.9104781Z (pass) propose_loop_draft rejects non-zero measure output even when stdout is numeric [6.10ms]
publish	UNKNOWN STEP	2026-10-06T22:55:45.9269533Z (pass) propose_loop_refine rejects non-zero measure output and leaves the live loop unchanged [16.52ms]
publish	UNKNOWN STEP	2026-10-06T22:55:45.9270788Z 
publish	UNKNOWN STEP	2026-10-06T22:55:45.9271533Z ##[endgroup]
publish	UNKNOWN STEP	2026-10-06T22:55:45.9272014Z 
publish	UNKNOWN STEP	2026-10-06T22:55:45.9272724Z ##[group]tests/model-switch.test.ts:
publish	UNKNOWN STEP	2026-10-06T22:55:46.1990169Z (pass) v0.34.57: persistState carries lastModelRef on the state line for a fresh process to restore [19.26ms]
publish	UNKNOWN STEP	2026-10-06T22:55:46.2010745Z (pass) v0.34.57: a fresh process with a changed default model ledgeres turn-boundary drift (cross-session detection) [2.20ms]
publish	UNKNOWN STEP	2026-10-06T22:55:46.2013871Z (pass) v0.34.57: modelSwitch() builds the canonical ledger payload [0.29ms]
publish	UNKNOWN STEP	2026-10-06T22:55:46.2015930Z (pass) v0.34.57: isForbiddenModel matches refs, case-insensitively; v0.34.115: empty default forbids nothing [0.26ms]
publish	UNKNOWN STEP	2026-10-06T22:55:46.2027146Z (pass) v0.34.57: the model_select hook ledgeres every provider/model change [1.03ms]
publish	UNKNOWN STEP	2026-10-06T22:55:46.2052621Z (pass) v0.34.57: the turn-boundary check ledgeres drift that arrives without a model_select event [2.54ms]
publish	UNKNOWN STEP	2026-10-06T22:55:46.2151481Z (pass) v0.34.57: the forbidden gate blocks a forbidden selection, emits forbidden_model_switch, and reverts [9.67ms]
publish	UNKNOWN STEP	2026-10-06T22:55:46.2163045Z (pass) v0.34.57: blockForbiddenModelSwitches off allows the switch but records the violation [1.32ms]
publish	UNKNOWN STEP	2026-10-06T22:55:46.2165088Z (pass) v0.34.93: isForbiddenModel flags sonnet/opus/gpt-5.5 refs the gate must skip [0.19ms]
publish	UNKNOWN STEP	2026-10-06T22:55:46.2167018Z (pass) v0.34.93: empty / undefined ref is never forbidden (the empty-list semantic); v0.34.115: default is empty [0.17ms]
publish	UNKNOWN STEP	2026-10-06T22:55:46.2170632Z (pass) v0.34.93: a forbidden candidate is silently skipped by the recovery gate (the recovery-envelope gate skips the candidate without rotation or verdict change) [0.23ms]
publish	UNKNOWN STEP	2026-10-06T22:55:46.2192947Z (pass) v0.34.57: turn-boundary drift into a forbidden model records the violation without blocking [2.31ms]
publish	UNKNOWN STEP	2026-10-06T22:55:46.2252149Z (pass) v0.34.57: /glla switchlog renders the last N entries of the model-switch trail [5.66ms]
publish	UNKNOWN STEP	2026-10-06T22:55:46.2470529Z (pass) model selection preserves visible resumable loop work (pending recovery=true) [20.93ms]
publish	UNKNOWN STEP	2026-10-06T22:55:46.2670637Z (pass) model selection preserves visible resumable loop work (pending recovery=false) [19.90ms]
publish	UNKNOWN STEP	2026-10-06T22:55:46.2700396Z 
publish	UNKNOWN STEP	2026-10-06T22:55:46.2705164Z ##[endgroup]
publish	UNKNOWN STEP	2026-10-06T22:55:46.2705807Z 
publish	UNKNOWN STEP	2026-10-06T22:55:46.2706607Z ##[group]tests/audit-lifecycle-surfaces.test.ts:
publish	UNKNOWN STEP	2026-10-06T22:55:48.1181835Z [run-tests] progress: 60s elapsed · 2s since last output · 28 KiB of suite output
publish	UNKNOWN STEP	2026-10-06T22:55:52.0960949Z (pass) durable: an ordinary complete_goal records phase running + lastActivityAt before the verdict [5568.21ms]
publish	UNKNOWN STEP	2026-10-06T22:55:52.0970310Z (pass) durable phase beats a worker-complete snapshot on the widget card and the status line [1.09ms]
publish	UNKNOWN STEP	2026-10-06T22:55:52.0974402Z (pass) a live worker still refines a running claim (the HUD stays the richer truth) [0.42ms]
publish	UNKNOWN STEP	2026-10-06T22:55:52.0976211Z (pass) durable phase with no live worker says so, and names the durable age [0.24ms]
publish	UNKNOWN STEP	2026-10-06T22:55:52.0979258Z (pass) the durable projection is the single source for all three surfaces [0.26ms]
publish	UNKNOWN STEP	2026-10-06T22:55:52.0984725Z (pass) a paused goal that still owes a settlement names it on card and status line [0.54ms]
publish	UNKNOWN STEP	2026-10-06T22:55:52.0988417Z (pass) a paused parked claim names recovery-needed on card and status line [0.36ms]
publish	UNKNOWN STEP	2026-10-06T22:55:52.0991282Z (pass) a list item names its own resume command, never /goal resume [0.25ms]
publish	UNKNOWN STEP	2026-10-06T22:55:52.0991855Z 
publish	UNKNOWN STEP	2026-10-06T22:55:52.0992383Z ##[endgroup]
publish	UNKNOWN STEP	2026-10-06T22:55:52.0997140Z 
publish	UNKNOWN STEP	2026-10-06T22:55:52.0997706Z ##[group]tests/goal-loop-display.test.ts:
publish	UNKNOWN STEP	2026-10-06T22:55:52.3696791Z (pass) active goal card pins primary, ordered fallbacks, skipped forbidden refs, and handled models [1.92ms]
publish	UNKNOWN STEP	2026-10-06T22:55:52.3698627Z (pass) v0.38.28: duplicate handled-turn provenance is omitted; lone inherited row is dropped [0.34ms]
publish	UNKNOWN STEP	2026-10-06T22:55:52.3701736Z (pass) v0.38.29: active recovery is a compact model row, not a duplicate report [0.61ms]
publish	UNKNOWN STEP	2026-10-06T22:55:52.3703354Z (pass) v0.38.29: settled recovery does not leave Markdown noise in the head [0.35ms]
publish	UNKNOWN STEP	2026-10-06T22:55:52.3704887Z (pass) card head cuts the objective at a clause boundary, never mid-word [0.36ms]
publish	UNKNOWN STEP	2026-10-06T22:55:52.3706576Z (pass) truncateObjective keeps clause boundaries with emoji and CJK prefixes [0.78ms]
publish	UNKNOWN STEP	2026-10-06T22:55:52.3708036Z (pass) truncateObjective falls back to a character cut with no usable boundary [0.08ms]
publish	UNKNOWN STEP	2026-10-06T22:55:52.3838472Z (pass) active card with an action row closes the tree [12.99ms]
publish	UNKNOWN STEP	2026-10-06T22:55:52.3842780Z (pass) v0.38.104: objective truncation never splits a surrogate pair [0.57ms]
publish	UNKNOWN STEP	2026-10-06T22:55:52.3844723Z (pass) v0.38.105: recovery banner shows the loop target for loop-only state [0.21ms]
publish	UNKNOWN STEP	2026-10-06T22:55:52.3851704Z (pass) v0.38.105: loop surfaces show the cadence countdown during the gap [0.56ms]
publish	UNKNOWN STEP	2026-10-06T22:55:52.3853808Z (pass) v0.38.105: no countdown once the gap elapsed or cadence unset [0.14ms]
publish	UNKNOWN STEP	2026-10-06T22:55:52.3854897Z (pass) v0.38.105: recovery selector preserves goal and list precedence [0.14ms]
publish	UNKNOWN STEP	2026-10-06T22:55:52.3855483Z 
publish	UNKNOWN STEP	2026-10-06T22:55:52.3856165Z ##[endgroup]
publish	UNKNOWN STEP	2026-10-06T22:55:52.3858113Z 
publish	UNKNOWN STEP	2026-10-06T22:55:52.3859137Z ##[group]tests/durable-defer-production-ui.test.ts:
publish	UNKNOWN STEP	2026-10-06T22:55:52.6781090Z (pass) production record_goal_judgment persists facts and refreshUI renders durable first [36.94ms]
publish	UNKNOWN STEP	2026-10-06T22:55:52.6781578Z 
publish	UNKNOWN STEP	2026-10-06T22:55:52.6781946Z ##[endgroup]
publish	UNKNOWN STEP	2026-10-06T22:55:52.6783176Z 
publish	UNKNOWN STEP	2026-10-06T22:55:52.6783773Z ##[group]tests/stale-self-heal.test.ts:
publish	UNKNOWN STEP	2026-10-06T22:55:52.9608089Z (pass) v0.34.62 — debounce + self-heal wiring (source guards) [8.98ms]
publish	UNKNOWN STEP	2026-10-06T22:55:53.1553254Z (pass) v0.34.62 — ONE heartbeat probe failure must NOT park a live session [191.23ms]
publish	UNKNOWN STEP	2026-10-06T22:55:53.4287147Z (pass) v0.34.62 — debounced park, then a same-session command self-heals (autoResume resumes the goal) [276.13ms]
publish	UNKNOWN STEP	2026-10-06T22:55:53.7030438Z (pass) v0.34.62 — a genuinely dead handle stays parked (no heal) [267.24ms]
publish	UNKNOWN STEP	2026-10-06T22:55:54.3697225Z (pass) v0.35.12 — a healthy context cannot revive a stale ExtensionAPI [669.50ms]
publish	UNKNOWN STEP	2026-10-06T22:55:54.5994712Z (pass) v0.34.62 — a DIFFERENT session's command is not self-healed (successor absorption owns that path) [232.43ms]
publish	UNKNOWN STEP	2026-10-06T22:55:54.6184374Z (pass) v0.34.62 — the rebind window (session_shutdown) still refuses a same-session heal [19.44ms]
publish	UNKNOWN STEP	2026-10-06T22:55:54.6541911Z (pass) v0.34.62 — a stale-stopped loop stays held after a heal (user resumes explicitly) [33.76ms]
publish	UNKNOWN STEP	2026-10-06T22:55:54.6578014Z 
publish	UNKNOWN STEP	2026-10-06T22:55:54.6579161Z ##[endgroup]
publish	UNKNOWN STEP	2026-10-06T22:55:54.6579575Z 
publish	UNKNOWN STEP	2026-10-06T22:55:54.6580336Z ##[group]tests/prompt-layers.test.ts:
publish	UNKNOWN STEP	2026-10-06T22:55:54.9342134Z (pass) full assembly of goal-loop-continuation.md is byte-identical to source minus markers [1.54ms]
publish	UNKNOWN STEP	2026-10-06T22:55:54.9350623Z (pass) full assembly of goal-loop-forever.md is byte-identical to source minus markers [0.33ms]
publish	UNKNOWN STEP	2026-10-06T22:55:54.9352505Z (pass) full assembly of goal-loop-forever-metricless.md is byte-identical to source minus markers [0.22ms]
publish	UNKNOWN STEP	2026-10-06T22:55:54.9353626Z (pass) full assembly of goal-loop-draft.md is byte-identical to source minus markers [0.48ms]
publish	UNKNOWN STEP	2026-10-06T22:55:54.9354816Z (pass) full assembly of goal-loop-forever-draft.md is byte-identical to source minus markers [0.31ms]
publish	UNKNOWN STEP	2026-10-06T22:55:54.9356350Z (pass) full assembly of goal-loop-plan.md is byte-identical to source minus markers [0.29ms]
publish	UNKNOWN STEP	2026-10-06T22:55:54.9357772Z (pass) full assembly of goal-loop-plan-loop.md is byte-identical to source minus markers [0.15ms]
publish	UNKNOWN STEP	2026-10-06T22:55:54.9359289Z (pass) continuation declares exactly the three conditional details [0.36ms]
publish	UNKNOWN STEP	2026-10-06T22:55:54.9360155Z (pass) the other six prompts are skeleton-only (whole file is the skeleton) [1.13ms]
publish	UNKNOWN STEP	2026-10-06T22:55:54.9496106Z (pass) missing prompt file fails loudly, never lean [14.35ms]
publish	UNKNOWN STEP	2026-10-06T22:55:54.9499254Z (pass) unknown detail id fails loudly [0.48ms]
publish	UNKNOWN STEP	2026-10-06T22:55:54.9502409Z (pass) parser defects fail loudly [0.31ms]
publish	UNKNOWN STEP	2026-10-06T22:55:54.9510316Z (pass) assembly order is file order regardless of request order (same every turn) [0.71ms]
publish	UNKNOWN STEP	2026-10-06T22:55:54.9530064Z (pass) normal-turn render omits all three details; token cost lower by the deferred bodies [1.97ms]
publish	UNKNOWN STEP	2026-10-06T22:55:54.9547518Z (pass) survey-pivot delta is EXACTLY the deferred body (equal-length objectives) [1.72ms]
publish	UNKNOWN STEP	2026-10-06T22:55:54.9562232Z (pass) session-restart delta is EXACTLY the deferred body (opts flag only) [1.43ms]
publish	UNKNOWN STEP	2026-10-06T22:55:54.9580529Z (pass) autoResumedAt goals get the restart detail without opts [0.97ms]
publish	UNKNOWN STEP	2026-10-06T22:55:54.9589812Z (pass) live disapproval loads the auditor playbook detail [1.78ms]
publish	UNKNOWN STEP	2026-10-06T22:55:54.9591013Z (pass) padRight helper keeps fixture objectives length-neutral [0.06ms]
publish	UNKNOWN STEP	2026-10-06T22:55:54.9594827Z (pass) v0.38.104 the leading `//` author comment is stripped at assembly [0.43ms]
publish	UNKNOWN STEP	2026-10-06T22:55:54.9595979Z (pass) v0.38.104 a `//` line in the BODY is never stripped [0.07ms]
publish	UNKNOWN STEP	2026-10-06T22:55:54.9596519Z 
publish	UNKNOWN STEP	2026-10-06T22:55:54.9597184Z ##[endgroup]
publish	UNKNOWN STEP	2026-10-06T22:55:54.9601684Z 
publish	UNKNOWN STEP	2026-10-06T22:55:54.9602239Z ##[group]tests/resume-goal-tool.test.ts:
publish	UNKNOWN STEP	2026-10-06T22:55:55.3805491Z (pass) resume_goal reactivates a paused goal and clears every pause marker [168.80ms]
publish	UNKNOWN STEP	2026-10-06T22:55:55.7036880Z (pass) resume_goal on an already-active goal answers instead of churning state [323.11ms]
publish	UNKNOWN STEP	2026-10-06T22:55:55.8440542Z (pass) resume_goal with no goal answers instead of swallowing the verb [140.32ms]
publish	UNKNOWN STEP	2026-10-06T22:55:55.9980693Z (pass) a held-on-restore loop does not block resume_goal (only a LIVE loop does) [152.19ms]
publish	UNKNOWN STEP	2026-10-06T22:55:56.3406437Z (pass) resume_goal refuses while the supervisor is frozen [340.68ms]
publish	UNKNOWN STEP	2026-10-06T22:55:56.6775480Z (pass) resume_goal probes pending main-model recovery inline instead of bouncing (124544) [340.58ms]
publish	UNKNOWN STEP	2026-10-06T22:55:56.8109714Z (pass) resume_goal refuses a terminal goal with the real recovery path [133.45ms]
publish	UNKNOWN STEP	2026-10-06T22:55:56.8112871Z (pass) resume_goal keeps its live-loop refusal (source-pinned defense-in-depth) [0.42ms]
publish	UNKNOWN STEP	2026-10-06T22:55:58.2087625Z (pass) paused → resume_goal → complete_goal flows without a manual resume [1397.30ms]
publish	UNKNOWN STEP	2026-10-06T22:55:59.4434934Z (pass) resume_goal re-fires a stored completion claim through the agent origin [1234.71ms]
publish	UNKNOWN STEP	2026-10-06T22:55:59.4435466Z 
publish	UNKNOWN STEP	2026-10-06T22:55:59.4435819Z ##[endgroup]
publish	UNKNOWN STEP	2026-10-06T22:55:59.4437959Z 
publish	UNKNOWN STEP	2026-10-06T22:55:59.4438573Z ##[group]tests/list-audit.test.ts:
publish	UNKNOWN STEP	2026-10-06T22:55:59.7070705Z (pass) parseAuditFindingsForFanout: open boxes actionable, [?] boxes decisions, checked boxes ignored [0.54ms]
publish	UNKNOWN STEP	2026-10-06T22:55:59.7072529Z (pass) parseAuditFindingsForFanout: tolerates the /loop audit format (no FIX: prefix) [0.15ms]
publish	UNKNOWN STEP	2026-10-06T22:55:59.7074029Z (pass) parseAuditFindingsForFanout: accepts aligned open checkbox spacing [0.30ms]
publish	UNKNOWN STEP	2026-10-06T22:55:59.7075503Z (pass) parseAuditFindingsForFanout: empty / missing content yields nothing [0.09ms]
publish	UNKNOWN STEP	2026-10-06T22:55:59.7076928Z (pass) listAuditFanoutItemText: checkable Done when tied to the findings file [0.23ms]
publish	UNKNOWN STEP	2026-10-06T22:55:59.7079167Z (pass) listAuditCollectTarget: collect-only — marker, no-fix law, honest-empty law, Done when [0.28ms]
publish	UNKNOWN STEP	2026-10-06T22:55:59.7080621Z (pass) /list audit route: builds the collect target and enqueues it [0.24ms]
publish	UNKNOWN STEP	2026-10-06T22:55:59.7081893Z (pass) completion fan-out: collect items fan out + suppress the list-complete noise [0.94ms]
publish	UNKNOWN STEP	2026-10-06T22:55:59.7090715Z (pass) fan-out: canonical dedupe, cap accounting, optional auto-accept, and decline keeps findings open [1.43ms]
publish	UNKNOWN STEP	2026-10-06T22:55:59.7233017Z (pass) fan-out dedupe round-trip: stored form matches, prefix collisions do not [14.09ms]
publish	UNKNOWN STEP	2026-10-06T22:55:59.7235797Z (pass) help surface: /list audit appears in the command description + completions [0.47ms]
publish	UNKNOWN STEP	2026-10-06T22:55:59.7239469Z (pass) markers: the built targets still contain what the guards match on [0.34ms]
publish	UNKNOWN STEP	2026-10-06T22:55:59.7241306Z (pass) /loop audit warns when a one-shot audit goal exists (paused or active) [0.22ms]
publish	UNKNOWN STEP	2026-10-06T22:55:59.7243564Z (pass) /goal audit + /list audit warn when an audit loop is already running [0.22ms]
publish	UNKNOWN STEP	2026-10-06T22:55:59.7252417Z (pass) restore-hold names the supersession in the widget surface [0.81ms]
publish	UNKNOWN STEP	2026-10-06T22:55:59.7253917Z (pass) v0.33.3: one-shot audit raises DECIDE findings as questions before completing [0.12ms]
publish	UNKNOWN STEP	2026-10-06T22:55:59.7254339Z 
publish	UNKNOWN STEP	2026-10-06T22:55:59.7254670Z ##[endgroup]
publish	UNKNOWN STEP	2026-10-06T22:55:59.7258279Z 
publish	UNKNOWN STEP	2026-10-06T22:55:59.7259264Z ##[group]tests/recovery-status-format.test.ts:
publish	UNKNOWN STEP	2026-10-06T22:55:59.9869317Z (pass) trajectory: attempts and failing-since render when present [0.60ms]
publish	UNKNOWN STEP	2026-10-06T22:55:59.9870350Z (pass) trajectory: absent counters render no row [0.11ms]
publish	UNKNOWN STEP	2026-10-06T22:55:59.9871288Z (pass) cause: deterministic class is named, transients stay unlabeled [0.15ms]
publish	UNKNOWN STEP	2026-10-06T22:55:59.9872115Z (pass) existing rows keep their shape [0.15ms]
publish	UNKNOWN STEP	2026-10-06T22:55:59.9872969Z 
publish	UNKNOWN STEP	2026-10-06T22:55:59.9873342Z ##[endgroup]
publish	UNKNOWN STEP	2026-10-06T22:55:59.9873484Z 
publish	UNKNOWN STEP	2026-10-06T22:55:59.9873793Z ##[group]tests/failover-primary-probe.test.ts:
publish	UNKNOWN STEP	2026-10-06T22:56:00.2656454Z (pass) failover stamps the primary reset while fallback-chain work proceeds [20.06ms]
publish	UNKNOWN STEP	2026-10-06T22:56:00.2666016Z (pass) hintless primary failure stamps no reset [1.13ms]
publish	UNKNOWN STEP	2026-10-06T22:56:00.2678250Z (pass) background primary probe fires at reset, not on the generic cadence [1.20ms]
publish	UNKNOWN STEP	2026-10-06T22:56:00.2683840Z (pass) no reset keeps the generic probe cadence [0.58ms]
publish	UNKNOWN STEP	2026-10-06T22:56:00.2684316Z 
publish	UNKNOWN STEP	2026-10-06T22:56:00.2684833Z ##[endgroup]
publish	UNKNOWN STEP	2026-10-06T22:56:00.2688319Z 
publish	UNKNOWN STEP	2026-10-06T22:56:00.2689218Z ##[group]tests/load-wait-bound.test.ts:
publish	UNKNOWN STEP	2026-10-06T22:56:00.7060792Z (pass) 153404: a 4.5h load wait is clamped to the hourly horizon with a re-check notice [173.57ms]
publish	UNKNOWN STEP	2026-10-06T22:56:00.8559684Z (pass) 153404: a short wait inside the horizon is stored as requested [150.89ms]
publish	UNKNOWN STEP	2026-10-06T22:56:00.8560488Z 
publish	UNKNOWN STEP	2026-10-06T22:56:00.8589620Z ##[endgroup]
publish	UNKNOWN STEP	2026-10-06T22:56:00.8609533Z 
publish	UNKNOWN STEP	2026-10-06T22:56:00.8610455Z ##[group]tests/session-rpc-rebind.test.ts:
publish	UNKNOWN STEP	2026-10-06T22:56:01.2835966Z (pass) S6: a claim-raised session generation re-binds the subagent RPC host [156.61ms]
publish	UNKNOWN STEP	2026-10-06T22:56:01.2849265Z 
publish	UNKNOWN STEP	2026-10-06T22:56:01.2883901Z ##[endgroup]
publish	UNKNOWN STEP	2026-10-06T22:56:01.2899580Z 
publish	UNKNOWN STEP	2026-10-06T22:56:01.2900227Z ##[group]tests/quota-retry.test.ts:
publish	UNKNOWN STEP	2026-10-06T22:56:01.6077281Z (pass) structured HTTP status is normalized before provider classification [1.50ms]
publish	UNKNOWN STEP	2026-10-06T22:56:01.6107650Z (pass) provider-wall copy separates safe display/action text from durable diagnostics [0.54ms]
publish	UNKNOWN STEP	2026-10-06T22:56:01.6110513Z (pass) non-sensitive provider text projects a bounded display while staying redaction-capable [0.28ms]
publish	UNKNOWN STEP	2026-10-06T22:56:01.6112401Z (pass) bare 403 provider payloads are sensitive diagnostics, not raw display copy [0.18ms]
publish	UNKNOWN STEP	2026-10-06T22:56:01.6114185Z (pass) full auditor reports redact raw provider payload lines while preserving safe findings [0.68ms]
publish	UNKNOWN STEP	2026-10-06T22:56:01.6116192Z (pass) multiline provider markers redact the following arbitrary JSON payload [0.24ms]
publish	UNKNOWN STEP	2026-10-06T22:56:01.6117634Z (pass) audit history projections sanitize provider diagnostics [0.89ms]
publish	UNKNOWN STEP	2026-10-06T22:56:01.6260950Z (pass) scheduleQuotaRetry deduplicates one notice key within an episode [14.60ms]
publish	UNKNOWN STEP	2026-10-06T22:56:01.6262732Z (pass) parseQuotaError: 429 with Retry-After: 5 → retryAfterSec 5 (item 12 test 1) [0.14ms]
publish	UNKNOWN STEP	2026-10-06T22:56:01.6264260Z (pass) parseQuotaError: 429 without hint → default 3600 (item 12 test 2) [0.12ms]
publish	UNKNOWN STEP	2026-10-06T22:56:01.6265732Z (pass) parseQuotaError: prose hints (retry in 2m / retry after 30 seconds) [0.13ms]
publish	UNKNOWN STEP	2026-10-06T22:56:01.6270060Z (pass) v0.34.125: temporary-window prose is honored — no give-up until the bigger reset [0.66ms]
publish	UNKNOWN STEP	2026-10-06T22:56:01.6271814Z (pass) v0.34.125: 'temporarily over quota' is a retryable rate-limit, plain 'temporarily unavailable' stays ambiguous [0.19ms]
publish	UNKNOWN STEP	2026-10-06T22:56:01.6273365Z (pass) quota classification stays conservative around ambiguous provider errors [0.08ms]
publish	UNKNOWN STEP	2026-10-06T22:56:01.6274737Z (pass) every explicit 429/rate-limit marker stays a retryable request-rate wall [0.05ms]
publish	UNKNOWN STEP	2026-10-06T22:56:01.6276121Z (pass) plan wording without a 429 remains distinct, while 429 Token Plan text is rate-limit [0.07ms]
publish	UNKNOWN STEP	2026-10-06T22:56:01.6277467Z (pass) parseQuotaError: JSON reset fields and HTTP-date reset are understood [0.14ms]
publish	UNKNOWN STEP	2026-10-06T22:56:01.6279059Z (pass) parseQuotaError: digit-leading Retry-After ISO date is not truncated as seconds [0.06ms]
publish	UNKNOWN STEP	2026-10-06T22:56:01.6280303Z (pass) quota retry cadence caps at five hours instead of retrying for a week [0.09ms]
publish	UNKNOWN STEP	2026-10-06T22:56:01.6281277Z (pass) isQuotaError: wild-caught shapes [0.05ms]
publish	UNKNOWN STEP	2026-10-06T22:56:02.9285610Z (pass) scheduleQuotaRetry: fires the callback after the window (item 12 test 3 core) [1300.53ms]
publish	UNKNOWN STEP	2026-10-06T22:56:04.2291873Z (pass) cancelQuotaRetry: a pending retry does not fire (item 12 test 4 core) [1300.63ms]
publish	UNKNOWN STEP	2026-10-06T22:56:04.2295572Z (pass) selectQuotaWaitReroute: reason wording wins with its parsed hint [0.45ms]
publish	UNKNOWN STEP	2026-10-06T22:56:04.2297237Z (pass) selectQuotaWaitReroute: absolute reset survives only while future [0.23ms]
publish	UNKNOWN STEP	2026-10-06T22:56:04.2299825Z (pass) selectQuotaWaitReroute: fresh evidence supplies the cause; stale never does [0.24ms]
publish	UNKNOWN STEP	2026-10-06T22:56:04.2302059Z (pass) subagentQuotaEvidenceFrom: quota payloads become evidence, plain errors do not [0.23ms]
publish	UNKNOWN STEP	2026-10-06T22:56:04.2303245Z 
publish	UNKNOWN STEP	2026-10-06T22:56:04.2303873Z ##[endgroup]
publish	UNKNOWN STEP	2026-10-06T22:56:04.2306213Z 
publish	UNKNOWN STEP	2026-10-06T22:56:04.2306680Z ##[group]tests/process-registration-faults.test.ts:
publish	UNKNOWN STEP	2026-10-06T22:56:04.5575561Z (pass) process registration first-write failure is visible and stops the owned child [68.22ms]
publish	UNKNOWN STEP	2026-10-06T22:56:04.6086391Z (pass) process registration rename failure is visible and stops the owned child [51.10ms]
publish	UNKNOWN STEP	2026-10-06T22:56:05.4550141Z (pass) process registration owner-loss failure is visible and stops the owned child [846.38ms]
publish	UNKNOWN STEP	2026-10-06T22:56:06.3009949Z (pass) process registration refresh failure is visible and stops the owned child [845.90ms]
publish	UNKNOWN STEP	2026-10-06T22:56:06.4745049Z (pass) process registration primary-loss failure is visible and stops the owned child [173.56ms]
publish	UNKNOWN STEP	2026-10-06T22:56:06.5242688Z (pass) process registration obligation-write failure is visible and stops the owned child [49.75ms]
publish	UNKNOWN STEP	2026-10-06T22:56:06.6964314Z (pass) process registration obligation-owner-loss failure is visible and stops the owned child [172.12ms]
publish	UNKNOWN STEP	2026-10-06T22:56:06.7475067Z (pass) process registration initial-owner-loss failure is visible and stops the owned child [51.07ms]
publish	UNKNOWN STEP	2026-10-06T22:56:06.7965226Z (pass) process registration stat-denied failure is visible and stops the owned child [49.02ms]
publish	UNKNOWN STEP	2026-10-06T22:56:06.8459573Z (pass) process registration stat-malformed failure is visible and stops the owned child [49.37ms]
publish	UNKNOWN STEP	2026-10-06T22:56:06.8958685Z (pass) process registration stat-missing failure is visible and stops the owned child [49.93ms]
publish	UNKNOWN STEP	2026-10-06T22:56:06.9546588Z (pass) proven already-exited child retires its declaration without a cleanup failure [58.75ms]
publish	UNKNOWN STEP	2026-10-06T22:56:07.0126953Z (pass) proven proc-disappeared child retires its declaration without a cleanup failure [58.00ms]
publish	UNKNOWN STEP	2026-10-06T22:56:07.0537807Z (pass) proven suite-group child retires its declaration without a cleanup failure [41.12ms]
publish	UNKNOWN STEP	2026-10-06T22:56:07.0538340Z 
publish	UNKNOWN STEP	2026-10-06T22:56:07.0539139Z ##[endgroup]
publish	UNKNOWN STEP	2026-10-06T22:56:07.0543155Z 
publish	UNKNOWN STEP	2026-10-06T22:56:07.0543752Z ##[group]tests/seed-sufficiency.test.ts:
publish	UNKNOWN STEP	2026-10-06T22:56:07.3287772Z (pass) rich seed alone is sufficient with no session context [1.22ms]
publish	UNKNOWN STEP	2026-10-06T22:56:07.3289183Z (pass) thin seed with no context still drafts [0.64ms]
publish	UNKNOWN STEP	2026-10-06T22:56:07.3290572Z (pass) thin seed plus rich related context is sufficient [0.43ms]
publish	UNKNOWN STEP	2026-10-06T22:56:07.3291470Z (pass) thin seed plus unrelated context still drafts [0.16ms]
publish	UNKNOWN STEP	2026-10-06T22:56:07.3292399Z (pass) assistant monologue never supplies the missing detail [0.10ms]
publish	UNKNOWN STEP	2026-10-06T22:56:07.3293377Z (pass) question-only, vague, and chatter seeds still draft [0.21ms]
publish	UNKNOWN STEP	2026-10-06T22:56:07.3294335Z (pass) multi-task seed still drafts so scope is confirmed first [0.08ms]
publish	UNKNOWN STEP	2026-10-06T22:56:07.3295275Z (pass) slash commands and overlong seeds fail closed to drafting [0.06ms]
publish	UNKNOWN STEP	2026-10-06T22:56:07.3295868Z (pass) unreadable session context fails closed without throwing [0.31ms]
publish	UNKNOWN STEP	2026-10-06T22:56:07.3296492Z (pass) countDetailAnchors counts distinct evidence classes, not repeats [0.07ms]
publish	UNKNOWN STEP	2026-10-06T22:56:07.3297122Z (pass) cmdSet consults the sufficiency gate before drafting [0.24ms]
publish	UNKNOWN STEP	2026-10-06T22:56:07.3297691Z (pass) seeded grill message promises a dynamic-length interview [0.24ms]
publish	UNKNOWN STEP	2026-10-06T22:56:07.3297983Z 
publish	UNKNOWN STEP	2026-10-06T22:56:07.3298317Z ##[endgroup]
publish	UNKNOWN STEP	2026-10-06T22:56:07.3298441Z 
publish	UNKNOWN STEP	2026-10-06T22:56:07.3298704Z ##[group]tests/goal-route.test.ts:
publish	UNKNOWN STEP	2026-10-06T22:56:07.5911218Z (pass) empty args → draft [0.26ms]
publish	UNKNOWN STEP	2026-10-06T22:56:07.5919891Z (pass) exact subcommands route [0.08ms]
publish	UNKNOWN STEP	2026-10-06T22:56:07.5920899Z (pass) subcommands are case-insensitive [0.04ms]
publish	UNKNOWN STEP	2026-10-06T22:56:07.5923976Z (pass) tweak takes args [0.04ms]
publish	UNKNOWN STEP	2026-10-06T22:56:07.5924728Z (pass) archive routes with or without args [0.04ms]
publish	UNKNOWN STEP	2026-10-06T22:56:07.5925735Z (pass) CRITICAL: objective starting with 'pause' is a goal, not a subcommand [0.04ms]
publish	UNKNOWN STEP	2026-10-06T22:56:07.5926598Z (pass) CRITICAL: objective starting with 'status' is a goal [0.03ms]
publish	UNKNOWN STEP	2026-10-06T22:56:07.5927132Z (pass) objective starting with 'cancel' is a goal [0.03ms]
publish	UNKNOWN STEP	2026-10-06T22:56:07.5927950Z (pass) plain objectives set [0.03ms]
publish	UNKNOWN STEP	2026-10-06T22:56:07.5929013Z (pass) quoted objectives set (quote stripping happens downstream) [0.03ms]
publish	UNKNOWN STEP	2026-10-06T22:56:07.5930012Z (pass) goalArgsNeedDrafting: vague objective needs drafting [0.11ms]
publish	UNKNOWN STEP	2026-10-06T22:56:07.5931046Z (pass) goalArgsNeedDrafting: explicit contract activates instantly [0.08ms]
publish	UNKNOWN STEP	2026-10-06T22:56:07.5932030Z (pass) goalArgsNeedDrafting: empty is the no-args drafting path [0.05ms]
publish	UNKNOWN STEP	2026-10-06T22:56:07.5933059Z (pass) buildSeedGrillMessage: seed + tool + gate notice + grilling protocol [0.39ms]
publish	UNKNOWN STEP	2026-10-06T22:56:07.5934337Z (pass) draftProposalBlock: 0 replies → block with instructions, ≥1 → null [0.15ms]
publish	UNKNOWN STEP	2026-10-06T22:56:07.5935427Z (pass) draftProposalBlock: escape hatch after 3 blocked proposals (v0.15.1) [0.13ms]
publish	UNKNOWN STEP	2026-10-06T22:56:07.5936783Z (pass) askUserQuestionAnswered: answered dialog counts, cancel/esc does not (v0.15.1) [0.13ms]
publish	UNKNOWN STEP	2026-10-06T22:56:07.5938022Z (pass) /goal start routes as a subcommand with the objective as rest (v0.16.0) [0.06ms]
publish	UNKNOWN STEP	2026-10-06T22:56:07.5939391Z (pass) normalizeDraftContract: drops bare 'Done when:' introducer lines [0.08ms]
publish	UNKNOWN STEP	2026-10-06T22:56:07.5940473Z (pass) normalizeDraftContract: drops 'Done when ALL of the following are true:' preamble [0.06ms]
publish	UNKNOWN STEP	2026-10-06T22:56:07.5941595Z (pass) normalizeDraftContract: strips glued 'Done when: ' prefix on content line [0.03ms]
publish	UNKNOWN STEP	2026-10-06T22:56:07.5942933Z (pass) normalizeDraftContract: renumbers mixed bullets and existing numbers sequentially [0.10ms]
publish	UNKNOWN STEP	2026-10-06T22:56:07.5944200Z (pass) normalizeDraftContract: prose lines pass through untouched [0.04ms]
publish	UNKNOWN STEP	2026-10-06T22:56:07.5945223Z (pass) draftContractItemCount counts numbered items only [0.07ms]
publish	UNKNOWN STEP	2026-10-06T22:56:07.5946201Z (pass) classifySessionCtx: no owner yet → claim [0.04ms]
publish	UNKNOWN STEP	2026-10-06T22:56:07.5947296Z (pass) classifySessionCtx: owner stale → claim (session replaced via /new) [0.04ms]
publish	UNKNOWN STEP	2026-10-06T22:56:07.5948685Z (pass) classifySessionCtx: same sessionManager → refresh (main session event) [0.04ms]
publish	UNKNOWN STEP	2026-10-06T22:56:07.5950188Z (pass) classifySessionCtx: different sessionManager → foreign (subagent session) [0.04ms]
publish	UNKNOWN STEP	2026-10-06T22:56:07.5950805Z 
publish	UNKNOWN STEP	2026-10-06T22:56:07.5951274Z ##[endgroup]
publish	UNKNOWN STEP	2026-10-06T22:56:07.6075938Z 
publish	UNKNOWN STEP	2026-10-06T22:56:07.6077332Z ##[group]tests/draft-staging.test.ts:
publish	UNKNOWN STEP	2026-10-06T22:56:07.8613423Z (pass) v0.38.53: proposal stages stale and interview gates before Confirm [0.37ms]
publish	UNKNOWN STEP	2026-10-06T22:56:07.8614427Z (pass) v0.38.53: list batch conflict handling follows confirmation and precedes enqueue [0.13ms]
publish	UNKNOWN STEP	2026-10-06T22:56:07.8615235Z (pass) v0.38.53: single list confirmation precedes post-confirm conflict handling [0.12ms]
publish	UNKNOWN STEP	2026-10-06T22:56:07.8616050Z (pass) v0.38.53: prompt construction precedes the drafting gate, then model lease and steering [0.08ms]
publish	UNKNOWN STEP	2026-10-06T22:56:07.8616466Z 
publish	UNKNOWN STEP	2026-10-06T22:56:07.8616803Z ##[endgroup]
publish	UNKNOWN STEP	2026-10-06T22:56:07.8616931Z 
publish	UNKNOWN STEP	2026-10-06T22:56:07.8617212Z ##[group]tests/policy-self-heal.test.ts:
publish	UNKNOWN STEP	2026-10-06T22:56:08.1249351Z (pass) parseGoalPolicyFromMd reads the durable marker, undefined when absent [2.42ms]
publish	UNKNOWN STEP	2026-10-06T22:56:08.1251003Z (pass) healCorruptedGoalPolicy repairs a corrupted policy from the durable .md and ledgers it [1.02ms]
publish	UNKNOWN STEP	2026-10-06T22:56:08.1251824Z (pass) healCorruptedGoalPolicy leaves healthy policies and null goals untouched [0.33ms]
publish	UNKNOWN STEP	2026-10-06T22:56:08.1414371Z (pass) healCorruptedGoalPolicy with no durable source records heal_failed and does not fake a mode [16.20ms]
publish	UNKNOWN STEP	2026-10-06T22:56:08.1430181Z (pass) healed state persists — the next readState sees the fixed policy (no restart needed) [1.64ms]
publish	UNKNOWN STEP	2026-10-06T22:56:08.3156658Z (pass) bug 1.7: /list pause with a corrupted in-memory policy heals at the gate instead of refusing [171.56ms]
publish	UNKNOWN STEP	2026-10-06T22:56:08.4960623Z (pass) bug 1.7: /goal pause with a corrupted in-memory policy heals to goal and proceeds [179.90ms]
publish	UNKNOWN STEP	2026-10-06T22:56:08.7282201Z (pass) S10: unhealable corruption names the true cause instead of failing over to a misleading refusal [232.83ms]
publish	UNKNOWN STEP	2026-10-06T22:56:08.7283019Z 
publish	UNKNOWN STEP	2026-10-06T22:56:08.7310600Z ##[endgroup]
publish	UNKNOWN STEP	2026-10-06T22:56:08.7326731Z 
publish	UNKNOWN STEP	2026-10-06T22:56:08.7327501Z ##[group]tests/auditor-fallback-thinking.test.ts:
publish	UNKNOWN STEP	2026-10-06T22:56:09.0235069Z (pass) non-empty fallback save is followed by the auditor thinking select [29.51ms]
publish	UNKNOWN STEP	2026-10-06T22:56:09.0253632Z (pass) typing the session model into the fallback input names the slot-0 exclusion [2.01ms]
publish	UNKNOWN STEP	2026-10-06T22:56:09.0269114Z (pass) clearing the fallback chain skips the thinking prompt [1.53ms]
publish	UNKNOWN STEP	2026-10-06T22:56:09.0269742Z 
publish	UNKNOWN STEP	2026-10-06T22:56:09.0270221Z ##[endgroup]
publish	UNKNOWN STEP	2026-10-06T22:56:09.0273276Z 
publish	UNKNOWN STEP	2026-10-06T22:56:09.0273902Z ##[group]tests/task-atomicity-gate.test.ts:
publish	UNKNOWN STEP	2026-10-06T22:56:09.2790165Z (pass) batch validation accepts a well-formed multi-update batch [0.66ms]
publish	UNKNOWN STEP	2026-10-06T22:56:09.2809986Z (pass) batch validation rejects unknown ids naming the offender [0.23ms]
publish	UNKNOWN STEP	2026-10-06T22:56:09.2811134Z (pass) batch validation rejects duplicate ids and empty batches [0.16ms]
publish	UNKNOWN STEP	2026-10-06T22:56:09.2811860Z (pass) batch apply copies: the input list object is never mutated [0.27ms]
publish	UNKNOWN STEP	2026-10-06T22:56:09.2812876Z (pass) withTaskStatus replaces one status on a copy [0.58ms]
publish	UNKNOWN STEP	2026-10-06T22:56:09.2813872Z (pass) open-task collection skips complete and deferred tasks, keeps BFS order [0.16ms]
publish	UNKNOWN STEP	2026-10-06T22:56:09.2814922Z (pass) refusal text names every open task with id, title, and status [0.26ms]
publish	UNKNOWN STEP	2026-10-06T22:56:09.3190465Z (pass) batch tool applies several updates in one write and reports them [39.29ms]
publish	UNKNOWN STEP	2026-10-06T22:56:09.3320277Z (pass) batch tool rejects an unknown id with state byte-identical [10.98ms]
publish	UNKNOWN STEP	2026-10-06T22:56:09.3720621Z (pass) batch milestone failure leaves the whole batch unapplied (mid-batch kill) [36.11ms]
publish	UNKNOWN STEP	2026-10-06T22:56:09.3745419Z (pass) milestone failure text: a failed gate names the red command [0.23ms]
publish	UNKNOWN STEP	2026-10-06T22:56:09.3790134Z (pass) milestone failure text: an inconclusive gate never claims FAILED [0.25ms]
publish	UNKNOWN STEP	2026-10-06T22:56:09.3925303Z (pass) single tools keep their pinned messages on the copy-swap path [24.81ms]
publish	UNKNOWN STEP	2026-10-06T22:56:09.4233134Z (pass) already-complete and same-status moves report state instead of not found [30.05ms]
publish	UNKNOWN STEP	2026-10-06T22:56:09.4740389Z (pass) deferred judgment with a real taskId stamps the exemption durably [50.01ms]
publish	UNKNOWN STEP	2026-10-06T22:56:09.5140986Z (pass) judgment with an unknown taskId records nothing [35.15ms]
publish	UNKNOWN STEP	2026-10-06T22:56:09.5511010Z (pass) inline judgment with a taskId is refused — no exemption by accident [39.93ms]
publish	UNKNOWN STEP	2026-10-06T22:56:09.6030600Z (pass) claim with open committed tasks is refused naming each one, auditor untouched [50.84ms]
publish	UNKNOWN STEP	2026-10-06T22:56:09.7310161Z (pass) claim passes the gate when open tasks are finished and the rest deferred [130.24ms]
publish	UNKNOWN STEP	2026-10-06T22:56:09.7370770Z (pass) zzz successor-plane reset (file hygiene, keep last) [0.07ms]
publish	UNKNOWN STEP	2026-10-06T22:56:09.7379724Z 
publish	UNKNOWN STEP	2026-10-06T22:56:09.7380572Z ##[endgroup]
publish	UNKNOWN STEP	2026-10-06T22:56:09.7381087Z 
publish	UNKNOWN STEP	2026-10-06T22:56:09.7381838Z ##[group]tests/context-growth-measurement.test.ts:
publish	UNKNOWN STEP	2026-10-06T22:56:10.0225223Z (pass) fixture: repeated real continuation payloads grow context linearly and are isolated [26.88ms]
publish	UNKNOWN STEP	2026-10-06T22:56:10.0294243Z (pass) reported checkpoint shape stays pinned across all probe sizes [7.04ms]
publish	UNKNOWN STEP	2026-10-06T22:56:10.0295580Z (pass) provider capture preserves exact pi-ai usage and rejects partial data [0.10ms]
publish	UNKNOWN STEP	2026-10-06T22:56:10.0309889Z (pass) measurement: failed turns and ordinary conversation remain separate from GLLA payload bytes [1.33ms]
publish	UNKNOWN STEP	2026-10-06T22:56:10.0311577Z 
publish	UNKNOWN STEP	2026-10-06T22:56:10.0312147Z ##[endgroup]
publish	UNKNOWN STEP	2026-10-06T22:56:10.0315543Z 
publish	UNKNOWN STEP	2026-10-06T22:56:10.0316106Z ##[group]tests/state-root-consumers.test.ts:
publish	UNKNOWN STEP	2026-10-06T22:56:10.3013815Z (pass) resolved consumers follow the selected root — dispatch, stats, audit findings [3.10ms]
publish	UNKNOWN STEP	2026-10-06T22:56:10.3048542Z (pass) pending sessionDir defers dispatch, reviewer, and audit writes — no cwd fallback tree [1.93ms]
publish	UNKNOWN STEP	2026-10-06T22:56:10.3066358Z (pass) workingDir fallback and PI_SESSION_FILE fallback behave correctly [0.59ms]
publish	UNKNOWN STEP	2026-10-06T22:56:10.3067535Z (pass) source pins: raw cwd/.pi-glla hardcodings are gone from consumers [1.43ms]
publish	UNKNOWN STEP	2026-10-06T22:56:10.3068405Z 
publish	UNKNOWN STEP	2026-10-06T22:56:10.3072543Z ##[endgroup]
publish	UNKNOWN STEP	2026-10-06T22:56:10.3074129Z 
publish	UNKNOWN STEP	2026-10-06T22:56:10.3075510Z ##[group]tests/pause-informativeness.test.ts:
publish	UNKNOWN STEP	2026-10-06T22:56:10.6120578Z (pass) wrap: short text stays one line; long text wraps at width; cap ellipsizes [1.59ms]
publish	UNKNOWN STEP	2026-10-06T22:56:10.6170161Z (pass) paused card wraps the reason over multiple lines instead of truncating at 60 [1.72ms]
publish	UNKNOWN STEP	2026-10-06T22:56:10.6200143Z (pass) paused card answers 'did I lose the work?' with a saved line [1.58ms]
publish	UNKNOWN STEP	2026-10-06T22:56:10.6210396Z (pass) paused card wraps the suggested action and closes the branch on its last line [0.61ms]
publish	UNKNOWN STEP	2026-10-06T22:56:10.6211767Z (pass) pause_goal tool notification carries the FULL reason AND suggested action [4.47ms]
publish	UNKNOWN STEP	2026-10-06T22:56:10.6245394Z (pass) pause_goal tool: structured kind/options/recommended/resumeAt persist to the goal (v0.28.22) [7.29ms]
publish	UNKNOWN STEP	2026-10-06T22:56:10.6253494Z (pass) pause_goal description: teaches the real command surface + no-id vocabulary (v0.28.24) [0.79ms]
publish	UNKNOWN STEP	2026-10-06T22:56:10.6260641Z (pass) late pause calls cannot overwrite a paused or auditing lifecycle [0.70ms]
publish	UNKNOWN STEP	2026-10-06T22:56:10.6520981Z (pass) v0.28.30: pause/abort notifies name the policy (List item vs Goal) via goalNoun [23.28ms]
publish	UNKNOWN STEP	2026-10-06T22:56:10.6554183Z (pass) v0.34.98: long-wait pause (> 6h) surfaces a tweak-prompt notification + ledger entry [6.04ms]
publish	UNKNOWN STEP	2026-10-06T22:56:10.6594052Z (pass) v0.34.98: short-wait pause (≤ 6h) does NOT trigger the tweak offer [3.96ms]
publish	UNKNOWN STEP	2026-10-06T22:56:10.6594869Z 
publish	UNKNOWN STEP	2026-10-06T22:56:10.6595670Z ##[endgroup]
publish	UNKNOWN STEP	2026-10-06T22:56:10.6597692Z 
publish	UNKNOWN STEP	2026-10-06T22:56:10.6598224Z ##[group]tests/start-context.test.ts:
publish	UNKNOWN STEP	2026-10-06T22:56:10.9648940Z (pass) bare-start inference accepts one clear current request [0.88ms]
publish	UNKNOWN STEP	2026-10-06T22:56:10.9655148Z (pass) bare-start inference ignores assistant text and generic acknowledgements [0.22ms]
publish	UNKNOWN STEP	2026-10-06T22:56:10.9655900Z (pass) bare-start inference deduplicates a repeated request [0.24ms]
publish	UNKNOWN STEP	2026-10-06T22:56:10.9656543Z (pass) bare-start inference fails closed for two distinct requests [0.75ms]
publish	UNKNOWN STEP	2026-10-06T22:56:10.9657591Z (pass) bare-start inference falls back for vague or command-only context [0.19ms]
publish	UNKNOWN STEP	2026-10-06T22:56:10.9658614Z (pass) bare-start inference marks a multi-task request ambiguous [0.13ms]
publish	UNKNOWN STEP	2026-10-06T22:56:10.9659919Z (pass) bare-start inference preserves multiline task boundaries [0.08ms]
publish	UNKNOWN STEP	2026-10-06T22:56:10.9660807Z (pass) session reader uses only a bounded active-branch tail [1.06ms]
publish	UNKNOWN STEP	2026-10-06T22:56:10.9661768Z (pass) session reader fails closed when the host branch cannot be read [0.11ms]
publish	UNKNOWN STEP	2026-10-06T22:56:10.9662798Z (pass) field 2026-09-16: chatter shapes divert, real objectives pass through [0.18ms]
publish	UNKNOWN STEP	2026-10-06T22:56:10.9846331Z (pass) field 2026-09-16: tweak chatter resolves to the discussed objective (VidPro replay) [19.70ms]
publish	UNKNOWN STEP	2026-10-06T22:56:10.9847856Z (pass) audit 2026-09-16: explicit compound tweak never substitutes an older request [0.20ms]
publish	UNKNOWN STEP	2026-10-06T22:56:10.9849971Z (pass) field 2026-09-16: tweak chatter with no discussed objective is unresolvable, never verbatim [0.12ms]
publish	UNKNOWN STEP	2026-10-06T22:56:10.9851466Z (pass) field 2026-09-16: tweak chatter over competing requests surfaces candidates [0.25ms]
publish	UNKNOWN STEP	2026-10-06T22:56:10.9852112Z 
publish	UNKNOWN STEP	2026-10-06T22:56:10.9852607Z ##[endgroup]
publish	UNKNOWN STEP	2026-10-06T22:56:10.9857921Z 
publish	UNKNOWN STEP	2026-10-06T22:56:10.9858606Z ##[group]tests/last-outcome-retention.test.ts:
publish	UNKNOWN STEP	2026-10-06T22:56:11.2401882Z (pass) v0.35.72: a legacy approved lastOutcome never repaints a completed row [0.29ms]
publish	UNKNOWN STEP	2026-10-06T22:56:11.2403329Z (pass) v0.35.72: a legacy aborted lastOutcome also stays hidden [0.08ms]
publish	UNKNOWN STEP	2026-10-06T22:56:11.2404250Z (pass) v0.35.72: a live goal remains the only rendered surface [0.59ms]
publish	UNKNOWN STEP	2026-10-06T22:56:11.2405658Z (pass) v0.35.72: source pins — slot close clears lastOutcome; wipe remains a clean slate [0.30ms]
publish	UNKNOWN STEP	2026-10-06T22:56:11.2601552Z (pass) v0.35.34: lastOutcome round-trips through persistStateLine → readState (durable across restarts) [21.01ms]
publish	UNKNOWN STEP	2026-10-06T22:56:11.2627755Z (pass) v0.35.34: corrupt lastOutcome lines degrade to absent, never throw [2.94ms]
publish	UNKNOWN STEP	2026-10-06T22:56:11.2628655Z 
publish	UNKNOWN STEP	2026-10-06T22:56:11.2629382Z ##[endgroup]
publish	UNKNOWN STEP	2026-10-06T22:56:11.2632562Z 
publish	UNKNOWN STEP	2026-10-06T22:56:11.2633118Z ##[group]tests/repro-jiti-state-split.test.mjs:
publish	UNKNOWN STEP	2026-10-06T22:56:11.6779086Z (pass) jiti: /list audit enqueues, persists the item, and ACTIVATES (state binding not split) [42.03ms]
publish	UNKNOWN STEP	2026-10-06T22:56:11.6779934Z 
publish	UNKNOWN STEP	2026-10-06T22:56:11.6780675Z ##[endgroup]
publish	UNKNOWN STEP	2026-10-06T22:56:11.6787037Z 
publish	UNKNOWN STEP	2026-10-06T22:56:11.6792766Z ##[group]tests/fresh-session-auto-recovery.test.ts:
publish	UNKNOWN STEP	2026-10-06T22:56:11.9653556Z (pass) attemptFreshSessionRecovery: helper checks the actual context capability, not ExtensionAPI [9.60ms]
publish	UNKNOWN STEP	2026-10-06T22:56:11.9655305Z (pass) attemptFreshSessionRecovery: returns false when the event context lacks newSession [0.07ms]
publish	UNKNOWN STEP	2026-10-06T22:56:11.9659813Z (pass) runtime: current event-shaped context skips because pi does not expose newSession there [0.73ms]
publish	UNKNOWN STEP	2026-10-06T22:56:11.9667140Z (pass) runtime: a future command-capable host context is actually invoked and ledgered [0.71ms]
publish	UNKNOWN STEP	2026-10-06T22:56:11.9679696Z (pass) runtime: rejected or callback-free async recovery fails closed [1.24ms]
publish	UNKNOWN STEP	2026-10-06T22:56:11.9683298Z (pass) every stale-ctx send site routes through attemptFreshSessionRecovery before falling back to goStaleTerminal [0.32ms]
publish	UNKNOWN STEP	2026-10-06T22:56:11.9685284Z (pass) stale display guidance names /new, not /reload, for the actual cached-ctx wedge [0.26ms]
publish	UNKNOWN STEP	2026-10-06T22:56:11.9685936Z 
publish	UNKNOWN STEP	2026-10-06T22:56:11.9686399Z ##[endgroup]
publish	UNKNOWN STEP	2026-10-06T22:56:11.9690526Z 
publish	UNKNOWN STEP	2026-10-06T22:56:11.9691277Z ##[group]tests/reviewer.test.ts:
publish	UNKNOWN STEP	2026-10-06T22:56:12.2511789Z (pass) fires on goal-complete + list-complete; NOT on aborted/paused [1.23ms]
publish	UNKNOWN STEP	2026-10-06T22:56:12.2518338Z (pass) leverage: bug/TODO findings enqueue to /list WITHOUT any Confirm (no proposeGoal) [0.82ms]
publish	UNKNOWN STEP	2026-10-06T22:56:12.2524926Z (pass) architectural findings are proposed as /goal (Confirm path) [0.68ms]
publish	UNKNOWN STEP	2026-10-06T22:56:12.2530393Z (pass) classification order: strategic > architectural > bug > refactor [0.12ms]
publish	UNKNOWN STEP	2026-10-06T22:56:12.2535075Z (pass) clean completion fires the audit step; strategic-only notifies [0.82ms]
publish	UNKNOWN STEP	2026-10-06T22:56:12.2537869Z (pass) runaway prevention: a reviewer fire in the last 5 minutes suppresses re-firing [0.29ms]
publish	UNKNOWN STEP	2026-10-06T22:56:12.2542183Z (pass) per-day cap: the 21st fire is suppressed with a ledger entry [0.41ms]
publish	UNKNOWN STEP	2026-10-06T22:56:12.2546043Z (pass) manual /review bypasses the trigger gates [0.39ms]
publish	UNKNOWN STEP	2026-10-06T22:56:12.2552224Z (pass) review report written to .pi-glla/reviews/<goal-id>-<timestamp>.md [0.58ms]
publish	UNKNOWN STEP	2026-10-06T22:56:12.2553737Z (pass) menu options reflect the config [0.22ms]
publish	UNKNOWN STEP	2026-10-06T22:56:12.2586335Z (pass) no /loop triggering: the loop stop path never calls runReviewer [3.16ms]
publish	UNKNOWN STEP	2026-10-06T22:56:12.2588221Z (pass) config block: partial project settings merge over defaults [0.11ms]
publish	UNKNOWN STEP	2026-10-06T22:56:12.2596024Z (pass) v0.28.16 duplicate-scan dedupe: completing a regression scan does NOT propose another scan (report-only) [0.79ms]
publish	UNKNOWN STEP	2026-10-06T22:56:12.2596845Z 
publish	UNKNOWN STEP	2026-10-06T22:56:12.2597312Z ##[endgroup]
publish	UNKNOWN STEP	2026-10-06T22:56:12.2600765Z 
publish	UNKNOWN STEP	2026-10-06T22:56:12.2601517Z ##[group]tests/drafting-handoff.test.ts:
publish	UNKNOWN STEP	2026-10-06T22:56:15.3789306Z (pass) draft-only handoff: a real question waits without an autonomous retry [2858.04ms]
publish	UNKNOWN STEP	2026-10-06T22:56:18.1185494Z [run-tests] progress: 90s elapsed · 3s since last output · 51 KiB of suite output
publish	UNKNOWN STEP	2026-10-06T22:56:21.0098926Z (pass) field screenshot: answered promise-only draft delivers exactly one corrective follow-up [5631.00ms]
publish	UNKNOWN STEP	2026-10-06T22:56:23.8246807Z (pass) cancelled or missing answer suppresses stale handoff evidence: {"cancelled":true,"answers":[]} [2814.74ms]
publish	UNKNOWN STEP	2026-10-06T22:56:26.6478072Z (pass) cancelled or missing answer suppresses stale handoff evidence: {} [2823.10ms]
publish	UNKNOWN STEP	2026-10-06T22:56:29.4626453Z (pass) cancelled or missing answer suppresses stale handoff evidence: {"cancelled":false,"answers":[]} [2814.81ms]
publish	UNKNOWN STEP	2026-10-06T22:56:32.2760096Z (pass) pending draft correction stands down on cancel [2813.39ms]
publish	UNKNOWN STEP	2026-10-06T22:56:35.0906569Z (pass) pending draft correction stands down on user [2814.62ms]
publish	UNKNOWN STEP	2026-10-06T22:56:37.9039476Z (pass) pending draft correction stands down on busy [2813.16ms]
publish	UNKNOWN STEP	2026-10-06T22:56:40.7192777Z (pass) pending draft correction stands down on pending [2815.39ms]
publish	UNKNOWN STEP	2026-10-06T22:56:43.5335095Z (pass) pending draft correction stands down on shutdown [2814.20ms]
publish	UNKNOWN STEP	2026-10-06T22:56:46.3476887Z (pass) pending draft correction stands down on new-draft [2814.15ms]
publish	UNKNOWN STEP	2026-10-06T22:56:46.3477482Z 
publish	UNKNOWN STEP	2026-10-06T22:56:46.3477980Z ##[endgroup]
publish	UNKNOWN STEP	2026-10-06T22:56:46.3479676Z 
publish	UNKNOWN STEP	2026-10-06T22:56:46.3480117Z ##[group]tests/completed-audit-recovery.test.ts:
publish	UNKNOWN STEP	2026-10-06T22:56:46.8181827Z (pass) legacy parked claim without phase consumes saved approved on the first restore [189.69ms]
publish	UNKNOWN STEP	2026-10-06T22:56:46.9676350Z (pass) legacy parked claim without phase consumes saved disapproved on the first restore [149.41ms]
publish	UNKNOWN STEP	2026-10-06T22:56:47.2918281Z (pass) healthy host heartbeat reconciles an unarmed orphan: approved [324.24ms]
publish	UNKNOWN STEP	2026-10-06T22:56:47.6012925Z (pass) healthy host heartbeat reconciles an unarmed orphan: disapproved [309.42ms]
publish	UNKNOWN STEP	2026-10-06T22:56:47.9067575Z (pass) healthy host heartbeat reconciles an unarmed orphan: missing [305.41ms]
publish	UNKNOWN STEP	2026-10-06T22:56:48.1221081Z [run-tests] progress: 120s elapsed · 0s since last output · 53 KiB of suite output
publish	UNKNOWN STEP	2026-10-06T22:56:48.1858043Z (pass) heartbeat orphan recovery respects in-flight [279.10ms]
publish	UNKNOWN STEP	2026-10-06T22:56:48.4674827Z (pass) heartbeat orphan recovery respects recent [281.63ms]
publish	UNKNOWN STEP	2026-10-06T22:56:48.7407036Z (pass) heartbeat orphan recovery respects frozen [273.18ms]
publish	UNKNOWN STEP	2026-10-06T22:56:49.0175883Z (pass) heartbeat orphan recovery respects cold-held [276.89ms]
publish	UNKNOWN STEP	2026-10-06T22:56:49.4781885Z (pass) finished real worker, lost parent: restart applies approved exactly once without re-auditing [460.15ms]
publish	UNKNOWN STEP	2026-10-06T22:56:49.9121904Z (pass) finished real worker, lost parent: restart applies disapproved exactly once without re-auditing [434.26ms]
publish	UNKNOWN STEP	2026-10-06T22:56:50.1949899Z (pass) manual resume consumes a completed parked claim instead of launching another auditor [282.88ms]
publish	UNKNOWN STEP	2026-10-06T22:56:50.4886054Z (pass) agent resume consumes a completed parked claim instead of launching another auditor [293.61ms]
publish	UNKNOWN STEP	2026-10-06T22:56:50.9102631Z (pass) silent file-backed successor applies a finished verdict from the dead generation [421.60ms]
publish	UNKNOWN STEP	2026-10-06T22:56:50.9122064Z (pass) legacy completed jobs bind the original goal, contract, and claim without new metadata [2.07ms]
publish	UNKNOWN STEP	2026-10-06T22:56:50.9135536Z (pass) newer unfinished candidate prevents replay of an older completed result [1.38ms]
publish	UNKNOWN STEP	2026-10-06T22:56:50.9150280Z (pass) saved result refuses unsafe recovery: revision [1.43ms]
publish	UNKNOWN STEP	2026-10-06T22:56:50.9158830Z (pass) saved result refuses unsafe recovery: claim [0.89ms]
publish	UNKNOWN STEP	2026-10-06T22:56:50.9167814Z (pass) saved result refuses unsafe recovery: structured-claim [0.87ms]
publish	UNKNOWN STEP	2026-10-06T22:56:50.9176770Z (pass) saved result refuses unsafe recovery: hash [0.89ms]
publish	UNKNOWN STEP	2026-10-06T22:56:50.9185673Z (pass) saved result refuses unsafe recovery: result-identity [0.87ms]
publish	UNKNOWN STEP	2026-10-06T22:56:50.9198016Z (pass) saved result refuses unsafe recovery: cancelled-tool [1.22ms]
publish	UNKNOWN STEP	2026-10-06T22:56:50.9207240Z (pass) saved result refuses unsafe recovery: strict-challenge [0.93ms]
publish	UNKNOWN STEP	2026-10-06T22:56:50.9216402Z (pass) saved result refuses unsafe recovery: unsupported-tool [0.91ms]
publish	UNKNOWN STEP	2026-10-06T22:56:50.9226262Z (pass) corrupt final progress identity refuses recovery without consuming the claim [0.96ms]
publish	UNKNOWN STEP	2026-10-06T22:56:50.9238466Z (pass) saved approval still enforces the audit-tool floor and regression shield [1.21ms]
publish	UNKNOWN STEP	2026-10-06T22:56:50.9247499Z (pass) second audit pass remains visible through thinking, tools, and report generation [0.78ms]
publish	UNKNOWN STEP	2026-10-06T22:56:51.1964480Z (pass) days-old auditing orphan with a saved verdict recovers via heartbeat (SEO field case) [271.58ms]
publish	UNKNOWN STEP	2026-10-06T22:56:51.4820028Z (pass) workerless in-flight claim with a saved verdict reconciles without launching [284.50ms]
publish	UNKNOWN STEP	2026-10-06T22:56:51.8876531Z (pass) S5: workerless in-flight claim parks under the stale latch via stale-latch-workerless [406.65ms]
publish	UNKNOWN STEP	2026-10-06T22:56:52.1629302Z (pass) workerless in-flight claim without a verdict parks via workerless-in-flight [275.32ms]
publish	UNKNOWN STEP	2026-10-06T22:56:52.2063763Z (pass) auditorWorkerLiveForAttempt: only a matching live worker counts [43.36ms]
publish	UNKNOWN STEP	2026-10-06T22:56:52.2080582Z (pass) unreadable saved transcript returns null but ledgers the reason [1.75ms]
publish	UNKNOWN STEP	2026-10-06T22:56:52.2467086Z (pass) workerProcessMatches darwin branch reads identity via ps [38.61ms]
publish	UNKNOWN STEP	2026-10-06T22:56:52.5077892Z (pass) auditing claim stuck in starting with no worker parks for recovery via heartbeat [260.88ms]
publish	UNKNOWN STEP	2026-10-06T22:56:52.7691280Z (pass) S7: stranded recovery measures real activity, not the heartbeat's own refire notes [261.44ms]
publish	UNKNOWN STEP	2026-10-06T22:56:53.0319151Z (pass) workerless park drops the dead attempt's auditor cursor so recovery re-walks (clean-web field) [262.66ms]
publish	UNKNOWN STEP	2026-10-06T22:56:53.0335439Z (pass) reconcile names its rejecting gate in the ledger [1.79ms]
publish	UNKNOWN STEP	2026-10-06T22:56:53.0336328Z 
publish	UNKNOWN STEP	2026-10-06T22:56:53.0337111Z ##[endgroup]
publish	UNKNOWN STEP	2026-10-06T22:56:53.0340694Z 
publish	UNKNOWN STEP	2026-10-06T22:56:53.0341411Z ##[group]tests/model-selector.test.ts:
publish	UNKNOWN STEP	2026-10-06T22:56:53.3050633Z (pass) chainFor returns the configured chain for a scope [0.38ms]
publish	UNKNOWN STEP	2026-10-06T22:56:53.3051832Z (pass) selectNext walks the chain in order and skips current + attempted [0.21ms]
publish	UNKNOWN STEP	2026-10-06T22:56:53.3053141Z (pass) selectNextValid returns the first registered, non-forbidden ref in chain order [0.17ms]
publish	UNKNOWN STEP	2026-10-06T22:56:53.3054344Z (pass) selectNextValid skips refs already in the attempted list [0.12ms]
publish	UNKNOWN STEP	2026-10-06T22:56:53.3055538Z (pass) selectNextValid also skips current when it would otherwise be a candidate [0.08ms]
publish	UNKNOWN STEP	2026-10-06T22:56:53.3056615Z (pass) selectNextValid does not mutate the caller's attempted list [0.15ms]
publish	UNKNOWN STEP	2026-10-06T22:56:53.3057726Z (pass) selectNextValid skips forbidden refs and records each rejection [0.17ms]
publish	UNKNOWN STEP	2026-10-06T22:56:53.3058571Z (pass) selectNextValid records forbidden rejections until a valid ref is found [0.14ms]
publish	UNKNOWN STEP	2026-10-06T22:56:53.3060131Z (pass) selectNextValid skips refs missing from the resolver and records each rejection [0.14ms]
publish	UNKNOWN STEP	2026-10-06T22:56:53.3061339Z (pass) selectNextValid records forbidden before unregistered when both fail [0.12ms]
publish	UNKNOWN STEP	2026-10-06T22:56:53.3062461Z (pass) selectNextValid returns reason=exhausted when the chain runs out [0.09ms]
publish	UNKNOWN STEP	2026-10-06T22:56:53.3063484Z (pass) selectNextValid returns exhausted when every ref is forbidden [0.18ms]
publish	UNKNOWN STEP	2026-10-06T22:56:53.3064418Z (pass) selectNextValid returns exhausted on an empty chain [0.09ms]
publish	UNKNOWN STEP	2026-10-06T22:56:53.3065432Z (pass) selectNextValid records one event per ref visited plus a final outcome [0.12ms]
publish	UNKNOWN STEP	2026-10-06T22:56:53.3066285Z (pass) selectNextValid tags subagent scope on every recorded event [0.12ms]
publish	UNKNOWN STEP	2026-10-06T22:56:53.3066882Z (pass) selectNextValid does not throw when no recorder is supplied [0.10ms]
publish	UNKNOWN STEP	2026-10-06T22:56:53.3067481Z (pass) canUseRef is true only when a ref is not forbidden and resolves [0.11ms]
publish	UNKNOWN STEP	2026-10-06T22:56:53.3068467Z (pass) classifyFailure is scope-agnostic — same input returns same output for any scope [0.30ms]
publish	UNKNOWN STEP	2026-10-06T22:56:53.3069565Z (pass) retryDelayMs returns the same value as mainModelFailureDelayMs (default base) [0.47ms]
publish	UNKNOWN STEP	2026-10-06T22:56:53.3070276Z (pass) audit 2026-09-06: retryDelayMs honors the injected retry base minutes [0.18ms]
publish	UNKNOWN STEP	2026-10-06T22:56:53.3071088Z (pass) selectNextValid composes nextUntriedModelRef — manual loop yields the same answer [0.18ms]
publish	UNKNOWN STEP	2026-10-06T22:56:53.3071498Z 
publish	UNKNOWN STEP	2026-10-06T22:56:53.3071823Z ##[endgroup]
publish	UNKNOWN STEP	2026-10-06T22:56:53.3071953Z 
publish	UNKNOWN STEP	2026-10-06T22:56:53.3072605Z ##[group]tests/repository-receipts.test.ts:
publish	UNKNOWN STEP	2026-10-06T22:56:53.5732550Z (pass) repository-only findings are archive-only, without empty chat groups [2.42ms]
publish	UNKNOWN STEP	2026-10-06T22:56:53.5733521Z (pass) repository receipt stays archival while substantive ledger fixes remain visible [0.67ms]
publish	UNKNOWN STEP	2026-10-06T22:56:53.5890386Z (pass) flat receipts are archive-only while limitations remain visible [16.39ms]
publish	UNKNOWN STEP	2026-10-06T22:56:53.5912239Z (pass) mixed receipt vocabulary never deletes repairs or unperformed checks [2.38ms]
publish	UNKNOWN STEP	2026-10-06T22:56:53.5930300Z (pass) archive keeps unknown proof; chat keeps the detailed narrative focused [1.73ms]
publish	UNKNOWN STEP	2026-10-06T22:56:53.5931031Z 
publish	UNKNOWN STEP	2026-10-06T22:56:53.5931715Z ##[endgroup]
publish	UNKNOWN STEP	2026-10-06T22:56:53.5934830Z 
publish	UNKNOWN STEP	2026-10-06T22:56:53.5935414Z ##[group]tests/metric-never-moved-resumable.test.ts:
publish	UNKNOWN STEP	2026-10-06T22:56:54.0661347Z (pass) behavioral: a loop parked by 'metric never moved' resumes via /loop resume — history kept, counters re-armed [203.77ms]
publish	UNKNOWN STEP	2026-10-06T22:56:54.5250543Z (pass) v0.35.x: time and token bound stops resume as fresh windows without discarding history [457.73ms]
publish	UNKNOWN STEP	2026-10-06T22:56:55.1339680Z (pass) v0.35.x: metricless cadence delays automatic re-wakes but explicit start is urgent [612.65ms]
publish	UNKNOWN STEP	2026-10-06T22:56:55.2864939Z (pass) negative pin: a bounded stop ('max iterations reached') is still not resumable [152.56ms]
publish	UNKNOWN STEP	2026-10-06T22:56:55.2889441Z 
publish	UNKNOWN STEP	2026-10-06T22:56:55.2901461Z ##[endgroup]
publish	UNKNOWN STEP	2026-10-06T22:56:55.2901986Z 
publish	UNKNOWN STEP	2026-10-06T22:56:55.2902925Z ##[group]tests/last-wins.test.ts:
publish	UNKNOWN STEP	2026-10-06T22:56:55.6969068Z (pass) last-wins: a main host steals a live root — the old owner is never signaled [148.54ms]
publish	UNKNOWN STEP	2026-10-06T22:56:55.8225633Z (pass) last-wins: a worker contact never steals — the main session keeps the root [125.67ms]
publish	UNKNOWN STEP	2026-10-06T22:56:55.8375849Z (pass) last-wins: quiet paths still reclaim without supersede noise [15.11ms]
publish	UNKNOWN STEP	2026-10-06T22:56:56.0774873Z (pass) last-wins: the dethroned session stands down once, then recovers when the holder dies [239.78ms]
publish	UNKNOWN STEP	2026-10-06T22:56:56.0909788Z (pass) last-wins wiring: session_start supersedes under hostLifecycleStart, agent_end notes standing [13.54ms]
publish	UNKNOWN STEP	2026-10-06T22:56:56.4673330Z (pass) last-wins: an archive fence no longer refuses the new objective — old is ledgered, new starts [375.50ms]
publish	UNKNOWN STEP	2026-10-06T22:56:56.8270688Z (pass) last-wins control: without a fence the old objective still archives honestly [357.08ms]
publish	UNKNOWN STEP	2026-10-06T22:56:56.8397632Z (pass) last-wins source pins: setGoal preserves-then-proceeds, refusal text gone [16.14ms]
publish	UNKNOWN STEP	2026-10-06T22:56:56.9682955Z (pass) audit-2026-09-06: same-session lineage reclaims quietly — no steal event [128.47ms]
publish	UNKNOWN STEP	2026-10-06T22:56:57.0948257Z (pass) audit-2026-09-06: anonymous claimant cannot dethrone a live owner [126.50ms]
publish	UNKNOWN STEP	2026-10-06T22:56:57.0949198Z 
publish	UNKNOWN STEP	2026-10-06T22:56:57.0949702Z ##[endgroup]
publish	UNKNOWN STEP	2026-10-06T22:56:57.0952306Z 
publish	UNKNOWN STEP	2026-10-06T22:56:57.0952904Z ##[group]tests/auditor-session-mirror.test.ts:
publish	UNKNOWN STEP	2026-10-06T22:56:57.3645998Z (pass) sessionMirrorExtensionSpecs returns raw user settings package specs [1.66ms]
publish	UNKNOWN STEP	2026-10-06T22:56:57.3649983Z (pass) sessionMirrorExtensionSpecs appends project settings specs, deduped [0.60ms]
publish	UNKNOWN STEP	2026-10-06T22:56:57.3651061Z (pass) sessionMirrorExtensionSpecs never mirrors GLLA itself [0.32ms]
publish	UNKNOWN STEP	2026-10-06T22:56:57.3651916Z (pass) mergeAuditorAllowedExtensions unions user allowlist first, then mirror [0.12ms]
publish	UNKNOWN STEP	2026-10-06T22:56:57.3652828Z (pass) mergeAuditorAllowedExtensions with mirror off keeps the user allowlist alone [0.06ms]
publish	UNKNOWN STEP	2026-10-06T22:56:57.3653812Z (pass) mergeAuditorAllowedExtensions with mirror on and empty user list yields the mirror [0.07ms]
publish	UNKNOWN STEP	2026-10-06T22:56:57.3655238Z (pass) unresolvable mirror entries still drop fail-closed at resolve time [0.39ms]
publish	UNKNOWN STEP	2026-10-06T22:56:57.3891038Z (pass) settings round-trip: mirror opt-out persists, on clears, junk normalizes [24.96ms]
publish	UNKNOWN STEP	2026-10-06T22:56:57.3891728Z 
publish	UNKNOWN STEP	2026-10-06T22:56:57.3892246Z ##[endgroup]
publish	UNKNOWN STEP	2026-10-06T22:56:57.3894598Z 
publish	UNKNOWN STEP	2026-10-06T22:56:57.3895130Z ##[group]tests/state-root-failure.test.ts:
publish	UNKNOWN STEP	2026-10-06T22:56:57.6730423Z (pass) known session root remains readable and mutations defer on permission [21.55ms]
publish	UNKNOWN STEP	2026-10-06T22:56:57.6755910Z (pass) known session root remains readable and mutations defer on malformed [2.63ms]
publish	UNKNOWN STEP	2026-10-06T22:56:57.6780575Z (pass) known session root remains readable and mutations defer on invalid-selector [2.46ms]
publish	UNKNOWN STEP	2026-10-06T22:56:57.6791476Z (pass) cold unreadable selector does not authorize a fallback root [1.09ms]
publish	UNKNOWN STEP	2026-10-06T22:56:57.6796031Z (pass) cold invalid-json selector does not authorize a fallback root [0.46ms]
publish	UNKNOWN STEP	2026-10-06T22:56:57.6806928Z (pass) absent selector uses the default, while a persistence operation pins a validated root [1.06ms]
publish	UNKNOWN STEP	2026-10-06T22:56:57.6807617Z 
publish	UNKNOWN STEP	2026-10-06T22:56:57.6808099Z ##[endgroup]
publish	UNKNOWN STEP	2026-10-06T22:56:57.6812155Z 
publish	UNKNOWN STEP	2026-10-06T22:56:57.6812814Z ##[group]tests/stale-delayed-context.test.ts:
publish	UNKNOWN STEP	2026-10-06T22:56:57.9664824Z (pass) v0.34.20: registered agent tools resolve the invocation context [18.59ms]
publish	UNKNOWN STEP	2026-10-06T22:56:57.9677145Z (pass) v0.34.20: provider retry timers have one session-boundary adapter [1.36ms]
publish	UNKNOWN STEP	2026-10-06T22:56:57.9683531Z (pass) v0.34.20: detached fan-out revalidates after user confirmation [0.63ms]
publish	UNKNOWN STEP	2026-10-06T22:56:57.9699191Z (pass) v0.34.22: detached completion audits persist lifecycle claims and stop applying after replacement [1.51ms]
publish	UNKNOWN STEP	2026-10-06T22:56:57.9701978Z (pass) v0.34.20: generic infra retry supports a lifecycle guard before and after backoff [0.33ms]
publish	UNKNOWN STEP	2026-10-06T22:56:57.9704048Z (pass) v0.34.20: manual resume consumes a stored completion claim directly [0.19ms]
publish	UNKNOWN STEP	2026-10-06T22:56:57.9710514Z (pass) v0.34.20: loop measurement and branch cleanup rebind after async work [0.61ms]
publish	UNKNOWN STEP	2026-10-06T22:56:57.9711112Z 
publish	UNKNOWN STEP	2026-10-06T22:56:57.9711586Z ##[endgroup]
publish	UNKNOWN STEP	2026-10-06T22:56:57.9715558Z 
publish	UNKNOWN STEP	2026-10-06T22:56:57.9716240Z ##[group]tests/hourly-quota-probe.test.ts:
publish	UNKNOWN STEP	2026-10-06T22:56:58.2370188Z (pass) v0.34.92: nextHourlyProbeMs returns :00:30 of the NEXT hour [0.39ms]
publish	UNKNOWN STEP	2026-10-06T22:56:58.2371365Z (pass) v0.34.92: nextHourlyProbeMs at :00:29 jumps to THIS hour's :00:30 [0.07ms]
publish	UNKNOWN STEP	2026-10-06T22:56:58.2372400Z (pass) v0.34.92: nextHourlyProbeMs at :00:31 jumps to NEXT hour [0.06ms]
publish	UNKNOWN STEP	2026-10-06T22:56:58.2373232Z (pass) v0.34.92: nextHourlyProbeMs strictly > now [0.20ms]
publish	UNKNOWN STEP	2026-10-06T22:56:58.2374679Z (pass) v0.34.92: nextHourlyPromptMs (legacy) still returns :00:00 — kept for callers that pin it [0.09ms]
publish	UNKNOWN STEP	2026-10-06T22:56:58.2547024Z (pass) v0.34.92: scheduleHourlyProbe / fireHourlyProbe / cancelHourlyProbe are wired in goal-recovery.ts [17.65ms]
publish	UNKNOWN STEP	2026-10-06T22:56:58.2549075Z (pass) v0.34.92: parkMainModelAfterFailure schedules the hourly ticker alongside the recovery timer [0.29ms]
publish	UNKNOWN STEP	2026-10-06T22:56:58.2550445Z (pass) v0.34.92: mainModelRecoverySucceeded cancels the hourly ticker [0.10ms]
publish	UNKNOWN STEP	2026-10-06T22:56:58.2551699Z (pass) v0.34.92: clearMainModelRecoveryTimer cancels the hourly ticker in lockstep [0.06ms]
publish	UNKNOWN STEP	2026-10-06T22:56:58.2554471Z (pass) v0.34.131: a failed hourly probe re-arms only after the async recovery settles [0.45ms]
publish	UNKNOWN STEP	2026-10-06T22:56:58.5004341Z (pass) v0.34.132: executable runtime regression covers failure re-arm, opt-out, and generation fencing [244.80ms]
publish	UNKNOWN STEP	2026-10-06T22:56:58.5005997Z (pass) v0.34.92: session_start re-arms the hourly ticker when recovery is parked [0.38ms]
publish	UNKNOWN STEP	2026-10-06T22:56:58.5008093Z (pass) fresh pause fences cover the hourly auditor backstop too [0.21ms]
publish	UNKNOWN STEP	2026-10-06T22:56:58.5010138Z (pass) v0.34.142: hourlyRetryProbe setting exists and defaults to ON [0.12ms]
publish	UNKNOWN STEP	2026-10-06T22:56:58.5017226Z (pass) v0.34.142: the /glla menu exposes hourlyRetryProbe with on/off options [0.73ms]
publish	UNKNOWN STEP	2026-10-06T22:56:58.5086860Z (pass) v0.34.92: v0.34.58/v0.34.90 quota-prompt machinery is REMOVED from goal.ts and core.ts [6.88ms]
publish	UNKNOWN STEP	2026-10-06T22:56:58.5087745Z (pass) v0.34.92: nextHourlyProbeMs is exported from goal-loop-core.ts [0.09ms]
publish	UNKNOWN STEP	2026-10-06T22:56:58.5088126Z 
publish	UNKNOWN STEP	2026-10-06T22:56:58.5088467Z ##[endgroup]
publish	UNKNOWN STEP	2026-10-06T22:56:58.5093229Z 
publish	UNKNOWN STEP	2026-10-06T22:56:58.5093892Z ##[group]tests/list-import.test.ts:
publish	UNKNOWN STEP	2026-10-06T22:56:58.7879591Z (pass) markdown checklist [0.41ms]
publish	UNKNOWN STEP	2026-10-06T22:56:58.7882012Z (pass) bullets of all flavors [0.09ms]
publish	UNKNOWN STEP	2026-10-06T22:56:58.7882656Z (pass) numbered items [0.05ms]
publish	UNKNOWN STEP	2026-10-06T22:56:58.7883243Z (pass) plain lines pass through [0.04ms]
publish	UNKNOWN STEP	2026-10-06T22:56:58.7884029Z (pass) headings, blanks, comments, hr rules are skipped [0.04ms]
publish	UNKNOWN STEP	2026-10-06T22:56:58.7884747Z (pass) a sisyphus-style plan file imports clean [0.06ms]
publish	UNKNOWN STEP	2026-10-06T22:56:58.7885474Z (pass) whitespace-only and empty content yields nothing [0.06ms]
publish	UNKNOWN STEP	2026-10-06T22:56:58.7886641Z (pass) items with inline contracts survive intact [0.04ms]
publish	UNKNOWN STEP	2026-10-06T22:56:58.7887182Z (pass) resolveImportFile: detects a real file by bare name [0.44ms]
publish	UNKNOWN STEP	2026-10-06T22:56:58.7887780Z (pass) resolveImportFile: detects paths with separators and ./ [0.37ms]
publish	UNKNOWN STEP	2026-10-06T22:56:58.7888335Z (pass) resolveImportFile: objective text is NOT a file [0.23ms]
publish	UNKNOWN STEP	2026-10-06T22:56:58.7889061Z (pass) resolveImportFile: directories are not importable [0.30ms]
publish	UNKNOWN STEP	2026-10-06T22:56:58.7889859Z (pass) routeListText: file path wins over everything [0.29ms]
publish	UNKNOWN STEP	2026-10-06T22:56:58.7890774Z (pass) routeListText: field 2026-09-16 — plain lines are a paragraph, not a batch [0.26ms]
publish	UNKNOWN STEP	2026-10-06T22:56:58.7891524Z (pass) routeListText: field 2026-09-16 — marked structure still batches [0.16ms]
publish	UNKNOWN STEP	2026-10-06T22:56:58.7892238Z (pass) hasExplicitListStructure: two marked lines, one marked line, none [0.07ms]
publish	UNKNOWN STEP	2026-10-06T22:56:58.7893751Z (pass) routeListText: field 2026-09-16 — explicit add keeps contracted lines batched (v0.34.81 subtasks) [0.47ms]
publish	UNKNOWN STEP	2026-10-06T22:56:58.7895238Z (pass) routeListText: field 2026-09-16 — explicit add with contract-less prose still drafts [0.08ms]
publish	UNKNOWN STEP	2026-10-06T22:56:58.7896597Z (pass) routeListText: field 2026-09-16 — explicit add batches mixed contracted lines [0.08ms]
publish	UNKNOWN STEP	2026-10-06T22:56:58.7897700Z (pass) audit 2026-09-16: bare list preserves independently contracted records [0.08ms]
publish	UNKNOWN STEP	2026-10-06T22:56:58.7898964Z (pass) audit 2026-09-16: add preserves a paragraph with a standalone contract [0.10ms]
publish	UNKNOWN STEP	2026-10-06T22:56:58.7900081Z (pass) routeListText: pasted bullets preserve item wording and contracts [0.08ms]
publish	UNKNOWN STEP	2026-10-06T22:56:58.7901350Z (pass) routeListText: a one-record paste remains eligible for item-level clarification [0.07ms]
publish	UNKNOWN STEP	2026-10-06T22:56:58.7902509Z (pass) routeListText: 'Done when:' clause adds directly, no interview [0.09ms]
publish	UNKNOWN STEP	2026-10-06T22:56:58.7903514Z (pass) routeListText: vague dump goes to conversational drafting [0.08ms]
publish	UNKNOWN STEP	2026-10-06T22:56:58.7904509Z (pass) routeListText: nonexistent file-ish text is not a file [0.17ms]
publish	UNKNOWN STEP	2026-10-06T22:56:58.7905309Z (pass) listMutationBlocked: only during list drafting sessions [0.21ms]
publish	UNKNOWN STEP	2026-10-06T22:56:58.7905784Z 
publish	UNKNOWN STEP	2026-10-06T22:56:58.7906290Z ##[endgroup]
publish	UNKNOWN STEP	2026-10-06T22:56:58.8080317Z 
publish	UNKNOWN STEP	2026-10-06T22:56:58.8081444Z ##[group]tests/outcome-first-chat.test.ts:
publish	UNKNOWN STEP	2026-10-06T22:56:59.0939560Z (pass) whole-work recap takes precedence for every plain/structured repair combination [27.29ms]
publish	UNKNOWN STEP	2026-10-06T22:56:59.0957687Z (pass) four-area chat is outcome-first and grouped; archive retains detailed evidence [1.93ms]
publish	UNKNOWN STEP	2026-10-06T22:56:59.0958339Z 
publish	UNKNOWN STEP	2026-10-06T22:56:59.0959097Z ##[endgroup]
publish	UNKNOWN STEP	2026-10-06T22:56:59.0989352Z 
publish	UNKNOWN STEP	2026-10-06T22:56:59.1019825Z ##[group]tests/stuck-audit-latch.test.ts:
publish	UNKNOWN STEP	2026-10-06T22:56:59.4999645Z (pass) Fix A: the apply gate defers + parks instead of silently dropping a completed verdict [16.27ms]
publish	UNKNOWN STEP	2026-10-06T22:56:59.5004422Z (pass) Fix B: the stale-latch stranded park runs BEFORE the extensionApiStale early return [0.61ms]
publish	UNKNOWN STEP	2026-10-06T22:56:59.5008479Z (pass) Fix B: the park requires the stuck signature (auditing, claim, 90s silence; in-flight only when workerless) [0.36ms]
publish	UNKNOWN STEP	2026-10-06T22:56:59.5010561Z (pass) audit 2026-09-25: stranded_audit_recovered is ledgered only after the park lands [0.22ms]
publish	UNKNOWN STEP	2026-10-06T22:56:59.5012161Z (pass) S9 (continuation route): the overdue backstop latches only after the park-clear lands [0.16ms]
publish	UNKNOWN STEP	2026-10-06T22:56:59.5013907Z (pass) S9 (probe route): the overdue backstop releases the latch at settle when the wait is still parked [0.10ms]
publish	UNKNOWN STEP	2026-10-06T22:56:59.5014799Z 
publish	UNKNOWN STEP	2026-10-06T22:56:59.5015343Z ##[endgroup]
publish	UNKNOWN STEP	2026-10-06T22:56:59.5016936Z 
publish	UNKNOWN STEP	2026-10-06T22:56:59.5017482Z ##[group]tests/mechanical-pipeline.test.ts:
publish	UNKNOWN STEP	2026-10-06T22:56:59.7740526Z (pass) parseMechanicalPipeline: accepts the narrow pipeline shape [0.41ms]
publish	UNKNOWN STEP	2026-10-06T22:56:59.7750132Z (pass) parseMechanicalPipeline: rejects everything outside the shape [0.21ms]
publish	UNKNOWN STEP	2026-10-06T22:56:59.7751018Z (pass) extraction delivers the field pipeline string to the runner [0.23ms]
publish	UNKNOWN STEP	2026-10-06T22:56:59.8224725Z (pass) pipeline runs shell-free: green head passes, evidence truncated [49.98ms]
publish	UNKNOWN STEP	2026-10-06T22:56:59.8964040Z (pass) pipeline exit follows the head, never the filter [74.03ms]
publish	UNKNOWN STEP	2026-10-06T22:56:59.8967705Z (pass) unsafe pipeline stages never execute: 126 with no side effects [0.51ms]
publish	UNKNOWN STEP	2026-10-06T22:56:59.9325517Z (pass) grep filter reads stdin only: no file operand, no leak [35.58ms]
publish	UNKNOWN STEP	2026-10-06T22:56:59.9326003Z 
publish	UNKNOWN STEP	2026-10-06T22:56:59.9329679Z ##[endgroup]
publish	UNKNOWN STEP	2026-10-06T22:56:59.9329930Z 
publish	UNKNOWN STEP	2026-10-06T22:56:59.9330388Z ##[group]tests/objective-loss-state-root.test.ts:
publish	UNKNOWN STEP	2026-10-06T22:57:00.2083379Z (pass) workingDir default: cwd switch makes old objective invisible from new cwd (expected) [2.85ms]
publish	UNKNOWN STEP	2026-10-06T22:57:00.2269903Z (pass) sessionDir opt-in: same cwd switch keeps objective visible via shared sessionDir [19.05ms]
publish	UNKNOWN STEP	2026-10-06T22:57:00.2282911Z (pass) evidence: no destructive migration and pending defers writes — Wez crash / version switch does not delete old root [1.45ms]
publish	UNKNOWN STEP	2026-10-06T22:57:00.2283804Z 
publish	UNKNOWN STEP	2026-10-06T22:57:00.2284329Z ##[endgroup]
publish	UNKNOWN STEP	2026-10-06T22:57:00.2286694Z 
publish	UNKNOWN STEP	2026-10-06T22:57:00.2287359Z ##[group]tests/long-running-discipline.test.ts:
publish	UNKNOWN STEP	2026-10-06T22:57:00.5081830Z (pass) long-running supervision is event-driven with 250ms→15s fallback, not duration-guessed [0.61ms]
publish	UNKNOWN STEP	2026-10-06T22:57:00.5100276Z (pass) monitor goals are display-only — scheduling is event-driven for every plane [0.95ms]
publish	UNKNOWN STEP	2026-10-06T22:57:00.5101767Z (pass) drafting batches 2–4 questions up front via one ask_user_question picker [0.30ms]
publish	UNKNOWN STEP	2026-10-06T22:57:00.5102571Z (pass) long-running policies compensate zero mid-run questions with more upfront [0.20ms]
publish	UNKNOWN STEP	2026-10-06T22:57:00.5104928Z (pass) continuation prompt carries both policies so active execution sees them [2.08ms]
publish	UNKNOWN STEP	2026-10-06T22:57:00.5105565Z 
publish	UNKNOWN STEP	2026-10-06T22:57:00.5106367Z ##[endgroup]
publish	UNKNOWN STEP	2026-10-06T22:57:00.5106581Z 
publish	UNKNOWN STEP	2026-10-06T22:57:00.5107413Z ##[group]tests/persistence-recovery.test.ts:
publish	UNKNOWN STEP	2026-10-06T22:57:00.8315526Z (pass) archive summary obligation survives every projection boundary and outbox failure [16.73ms]
publish	UNKNOWN STEP	2026-10-06T22:57:02.5865777Z (pass) SIGKILL before outbox transfer recovers the summary in a cold Node process [1755.08ms]
publish	UNKNOWN STEP	2026-10-06T22:57:02.5887984Z (pass) archive intent prevents a published archive from resurrecting its active goal [2.33ms]
publish	UNKNOWN STEP	2026-10-06T22:57:02.5899145Z (pass) a prepared archive intent without an archive is safe to discard [1.10ms]
publish	UNKNOWN STEP	2026-10-06T22:57:02.5919492Z (pass) ledger rotation keeps a bounded active snapshot and retains forensic history [2.03ms]
publish	UNKNOWN STEP	2026-10-06T22:57:02.5925738Z (pass) readState recovers when a process dies after segment rename but before active rewrite [0.61ms]
publish	UNKNOWN STEP	2026-10-06T22:57:02.5933865Z (pass) queue deletion distinguishes absent sidecars from failed destructive cleanup [0.80ms]
publish	UNKNOWN STEP	2026-10-06T22:57:02.5950367Z (pass) audit-job health reports proven-dead workers and preserves ambiguous scratch [1.61ms]
publish	UNKNOWN STEP	2026-10-06T22:57:02.5951065Z 
publish	UNKNOWN STEP	2026-10-06T22:57:02.5951409Z ##[endgroup]
publish	UNKNOWN STEP	2026-10-06T22:57:02.5955678Z 
publish	UNKNOWN STEP	2026-10-06T22:57:02.5956236Z ##[group]tests/list-draft-handoff.test.ts:
publish	UNKNOWN STEP	2026-10-06T22:57:08.5327390Z (pass) 125335: fresh commentary-only draft end delivers exactly one bounded correction [5666.27ms]
publish	UNKNOWN STEP	2026-10-06T22:57:11.3632087Z (pass) stated next dependent question is a legal drafting end: no correction [2830.47ms]
publish	UNKNOWN STEP	2026-10-06T22:57:14.1934580Z (pass) short ack without a question is not commentary: no correction [2830.21ms]
publish	UNKNOWN STEP	2026-10-06T22:57:14.1937940Z (pass) tool-unavailable fallback: the correction directs prose asking [0.46ms]
publish	UNKNOWN STEP	2026-10-06T22:57:17.0104823Z (pass) confirmation gate untouched: correction never earns a proposal [2816.45ms]
publish	UNKNOWN STEP	2026-10-06T22:57:17.0105832Z 
publish	UNKNOWN STEP	2026-10-06T22:57:17.0106334Z ##[endgroup]
publish	UNKNOWN STEP	2026-10-06T22:57:17.0107450Z 
publish	UNKNOWN STEP	2026-10-06T22:57:17.0107872Z ##[group]tests/audit-lifecycle.test.ts:
publish	UNKNOWN STEP	2026-10-06T22:57:17.2881109Z (pass) lifecycle: a fresh claim is STARTING, not running — the launch window is represented [0.61ms]
publish	UNKNOWN STEP	2026-10-06T22:57:17.2884677Z (pass) lifecycle: the launch window is reported as no-first-event once it passes the window [0.50ms]
publish	UNKNOWN STEP	2026-10-06T22:57:17.2887919Z (pass) lifecycle: a starting claim that HAS produced worker activity is running, with the worker's own stamp [0.19ms]
publish	UNKNOWN STEP	2026-10-06T22:57:17.2890057Z (pass) lifecycle: a park is a park, not worker activity [0.24ms]
publish	UNKNOWN STEP	2026-10-06T22:57:17.2891567Z (pass) lifecycle: a settling claim reports the applied verdict, not a worker event [0.22ms]
publish	UNKNOWN STEP	2026-10-06T22:57:17.2893175Z (pass) lifecycle: running with last activity, and a quiet one reported as no progress [0.26ms]
publish	UNKNOWN STEP	2026-10-06T22:57:17.2894804Z (pass) lifecycle: the activity heartbeat is throttled, so a chatty auditor cannot flood the ledger [0.14ms]
publish	UNKNOWN STEP	2026-10-06T22:57:17.2896669Z (pass) lifecycle: an applied approval awaiting its archive is SETTLING — never terminal [0.15ms]
publish	UNKNOWN STEP	2026-10-06T22:57:17.2898120Z (pass) lifecycle: approved is a SETTLEMENT state, and only the settlement may claim it [0.20ms]
publish	UNKNOWN STEP	2026-10-06T22:57:17.2899776Z (pass) lifecycle: an interrupted or unknown claim is RECOVERY NEEDED with a real next action [0.22ms]
publish	UNKNOWN STEP	2026-10-06T22:57:17.2901262Z (pass) lifecycle: a retry-waiting claim is distinct, and names the armed retry [0.14ms]
publish	UNKNOWN STEP	2026-10-06T22:57:17.2902436Z (pass) lifecycle: phase migration and attempt ownership stay explicit [0.12ms]
publish	UNKNOWN STEP	2026-10-06T22:57:17.2903526Z (pass) lifecycle: a claim with no usable timestamp never invents an age [0.12ms]
publish	UNKNOWN STEP	2026-10-06T22:57:17.2904683Z (pass) lifecycle: a future activity stamp clamps instead of rendering a negative age [0.12ms]
publish	UNKNOWN STEP	2026-10-06T22:57:17.2905415Z (pass) settlement: an unresolved claim can never reach a terminal render [0.18ms]
publish	UNKNOWN STEP	2026-10-06T22:57:17.2906137Z (pass) settlement: a failed write or archive parks instead of claiming success [0.13ms]
publish	UNKNOWN STEP	2026-10-06T22:57:17.2906779Z (pass) lifecycle: the age formatter is the shared vocabulary [0.10ms]
publish	UNKNOWN STEP	2026-10-06T22:57:17.2907070Z 
publish	UNKNOWN STEP	2026-10-06T22:57:17.2907386Z ##[endgroup]
publish	UNKNOWN STEP	2026-10-06T22:57:17.3098855Z 
publish	UNKNOWN STEP	2026-10-06T22:57:17.3100084Z ##[group]tests/auditor-extensions.test.ts:
publish	UNKNOWN STEP	2026-10-06T22:57:17.5708254Z (pass) normalizeAuditorAllowedExtensions is bounded, deduped, deterministic [0.40ms]
publish	UNKNOWN STEP	2026-10-06T22:57:17.5916988Z (pass) discovery resolves settings packages/extensions to concrete install paths [22.73ms]
publish	UNKNOWN STEP	2026-10-06T22:57:17.5926815Z (pass) resolveAuditorExtensionSpec maps npm/git/local specs to existing paths [1.15ms]
publish	UNKNOWN STEP	2026-10-06T22:57:17.5935676Z (pass) resolveAuditorAllowedExtensions drops unresolvable entries fail-closed [0.88ms]
publish	UNKNOWN STEP	2026-10-06T22:57:17.5941201Z (pass) v0.35.72: project-relative auditor extensions resolve from the project settings base [0.55ms]
publish	UNKNOWN STEP	2026-10-06T22:57:17.5946046Z (pass) request allowedExtensions rides the hashed payload with resolved paths [0.48ms]
publish	UNKNOWN STEP	2026-10-06T22:57:17.5949995Z (pass) auditorExtensionArgs only emits args for a non-empty allowlist [0.38ms]
publish	UNKNOWN STEP	2026-10-06T22:57:17.5951385Z (pass) audit 2026-09-06: auditorExtensionArgs drops raw npm: specs fail-closed [0.17ms]
publish	UNKNOWN STEP	2026-10-06T22:57:17.5952689Z (pass) audit 2026-09-06: allowlist normalize dedups case-insensitively [0.07ms]
publish	UNKNOWN STEP	2026-10-06T22:57:17.5955636Z (pass) v0.35.72: offline auditor validation uses Node timeout support, not POSIX timeout [0.30ms]
publish	UNKNOWN STEP	2026-10-06T22:57:17.9409823Z (pass) mandatory hermetic auditor-extension validation loads the resolved allowlist path [343.78ms]
publish	UNKNOWN STEP	2026-10-06T22:57:17.9497129Z (pass) settings round-trip: menu pick persists, load normalizes, clear removes [10.19ms]
publish	UNKNOWN STEP	2026-10-06T22:57:17.9505540Z (pass) saveSettings writes the allowlist and hand-edited junk is normalized on load [0.99ms]
publish	UNKNOWN STEP	2026-10-06T22:57:17.9589393Z 
publish	UNKNOWN STEP	2026-10-06T22:57:17.9619771Z ##[endgroup]
publish	UNKNOWN STEP	2026-10-06T22:57:17.9620017Z 
publish	UNKNOWN STEP	2026-10-06T22:57:17.9620875Z ##[group]tests/heartbeat.test.ts:
publish	UNKNOWN STEP	2026-10-06T22:57:18.1200781Z [run-tests] progress: 150s elapsed · 0s since last output · 71 KiB of suite output
publish	UNKNOWN STEP	2026-10-06T22:57:18.3404924Z (pass) fires: supervising + idle + no timer + quiet long enough [0.20ms]
publish	UNKNOWN STEP	2026-10-06T22:57:18.3422042Z (pass) does not fire when not supervising [0.05ms]
publish	UNKNOWN STEP	2026-10-06T22:57:18.3423684Z (pass) does not fire when session is busy [0.03ms]
publish	UNKNOWN STEP	2026-10-06T22:57:18.3424390Z (pass) does not fire when a continuation is already scheduled [0.03ms]
publish	UNKNOWN STEP	2026-10-06T22:57:18.3425357Z (pass) does not fire before the stall threshold [0.03ms]
publish	UNKNOWN STEP	2026-10-06T22:57:18.3425813Z (pass) custom stall threshold is honored [0.03ms]
publish	UNKNOWN STEP	2026-10-06T22:57:18.3426556Z (pass) shouldWedgeAlert: fires when supervising + busy + silent past threshold [0.04ms]
publish	UNKNOWN STEP	2026-10-06T22:57:18.3427628Z (pass) shouldWedgeAlert: silent below threshold does not fire [0.03ms]
publish	UNKNOWN STEP	2026-10-06T22:57:18.3428578Z (pass) shouldWedgeAlert: idle session is the heartbeat's job, not ours [0.08ms]
publish	UNKNOWN STEP	2026-10-06T22:57:18.3429716Z (pass) shouldWedgeAlert: not supervising never fires [0.03ms]
publish	UNKNOWN STEP	2026-10-06T22:57:18.3430608Z (pass) shouldWedgeAlert: throttled to once per threshold interval [0.03ms]
publish	UNKNOWN STEP	2026-10-06T22:57:18.3431433Z (pass) shouldWedgeAlert: threshold 0 disables [0.07ms]
publish	UNKNOWN STEP	2026-10-06T22:57:18.3432617Z (pass) timing defaults: wedge 30m, measure 10m, auditor inactivity 10m, no process wall [0.23ms]
publish	UNKNOWN STEP	2026-10-06T22:57:18.3433770Z (pass) auditor watchdog: confirmed inactivity aborts only without a tool [0.10ms]
publish	UNKNOWN STEP	2026-10-06T22:57:18.3435554Z (pass) v0.28.25: stall refires space exponentially — 1m, 2m, 4m, 8m cap (junk-runner 5-in-4-minutes fix) [0.11ms]
publish	UNKNOWN STEP	2026-10-06T22:57:18.3436282Z 
publish	UNKNOWN STEP	2026-10-06T22:57:18.3436959Z ##[endgroup]
publish	UNKNOWN STEP	2026-10-06T22:57:18.3437177Z 
publish	UNKNOWN STEP	2026-10-06T22:57:18.3437906Z ##[group]tests/multi-model-picker.test.ts:
publish	UNKNOWN STEP	2026-10-06T22:57:18.6240625Z (pass) multi-model-picker: items-build integration — session/manual still render as non-toggleable rows [0.66ms]
publish	UNKNOWN STEP	2026-10-06T22:57:18.6260668Z (pass) multi-model-picker: explicit inherit choice is distinct from session/manual rows [2.19ms]
publish	UNKNOWN STEP	2026-10-06T22:57:18.6274164Z (pass) multi-model-picker: typing fuzzy-filters the list; backspace widens [0.91ms]
publish	UNKNOWN STEP	2026-10-06T22:57:18.6275688Z (pass) multi-model-picker: ↑/↓ move the selection (wrap at ends) [0.22ms]
publish	UNKNOWN STEP	2026-10-06T22:57:18.6276941Z (pass) multi-model-picker: space toggles the highlighted model in/out of the selection [0.15ms]
publish	UNKNOWN STEP	2026-10-06T22:57:18.6447584Z (pass) multi-model-picker: selection order matches toggle order, not list order [17.02ms]
publish	UNKNOWN STEP	2026-10-06T22:57:18.6448634Z (pass) multi-model-picker: enter confirms with the refs in selection order [0.36ms]
publish	UNKNOWN STEP	2026-10-06T22:57:18.6456670Z (pass) multi-model-picker: brackets reorder the configured try sequence [0.87ms]
publish	UNKNOWN STEP	2026-10-06T22:57:18.6464040Z (pass) multi-model-picker: current session model is slot 0 and cannot be added as its own backup [0.75ms]
publish	UNKNOWN STEP	2026-10-06T22:57:18.6471911Z (pass) multi-model-picker: configured unavailable and blocked refs remain visible with reasons [0.78ms]
publish	UNKNOWN STEP	2026-10-06T22:57:18.6474846Z (pass) multi-model-picker: tab enters order mode; enter still confirms [0.27ms]
publish	UNKNOWN STEP	2026-10-06T22:57:18.6478025Z (pass) multi-model-picker: order mode — ↑/↓ moves the chain row and the cursor follows [0.25ms]
publish	UNKNOWN STEP	2026-10-06T22:57:18.6481236Z (pass) multi-model-picker: order mode — tab returns to browse without confirming; space is suspended [0.18ms]
publish	UNKNOWN STEP	2026-10-06T22:57:18.6482930Z (pass) multi-model-picker: order mode — empty chain is a no-op and esc still cancels [0.11ms]
publish	UNKNOWN STEP	2026-10-06T22:57:18.6490810Z (pass) multi-model-picker: render truncates a long title to the terminal width [0.96ms]
publish	UNKNOWN STEP	2026-10-06T22:57:18.6502150Z (pass) multi-model-picker: order mode — the active chain row is highlighted and the footer switches [1.14ms]
publish	UNKNOWN STEP	2026-10-06T22:57:18.6505339Z (pass) multi-model-picker: empty selection confirms as an empty array (not undefined) [0.11ms]
publish	UNKNOWN STEP	2026-10-06T22:57:18.6507891Z (pass) multi-model-picker: esc cancels with undefined (regardless of selection) [0.10ms]
publish	UNKNOWN STEP	2026-10-06T22:57:18.6510530Z (pass) multi-model-picker: session row is not toggleable — space is a no-op [0.13ms]
publish	UNKNOWN STEP	2026-10-06T22:57:18.6511977Z (pass) multi-model-picker: manual row is not toggleable — space is a no-op [0.23ms]
publish	UNKNOWN STEP	2026-10-06T22:57:18.6521949Z (pass) multi-model-picker: main backup cap refuses the 11th selection [0.94ms]
publish	UNKNOWN STEP	2026-10-06T22:57:18.6523286Z (pass) multi-model-picker: initialSelected preserves stale refs for explicit cleanup [0.22ms]
publish	UNKNOWN STEP	2026-10-06T22:57:18.6524968Z (pass) multi-model-picker: render — title, search, marked rows, and footer hint are all present [0.37ms]
publish	UNKNOWN STEP	2026-10-06T22:57:18.6529314Z (pass) multi-model-picker: render — highlighted row uses the available width for selection [0.50ms]
publish	UNKNOWN STEP	2026-10-06T22:57:18.6533638Z (pass) multi-model-picker: render — selected row keeps its rank even when not highlighted [0.43ms]
publish	UNKNOWN STEP	2026-10-06T22:57:18.6540064Z (pass) multi-model-picker set mode: rows render as [X]/[ ] with no positional digits [0.67ms]
publish	UNKNOWN STEP	2026-10-06T22:57:18.6546095Z (pass) multi-model-picker set mode: selection order is invariant under toggle sequence [0.56ms]
publish	UNKNOWN STEP	2026-10-06T22:57:18.6547570Z (pass) multi-model-picker set mode: tab is a no-op and never enters order mode [0.16ms]
publish	UNKNOWN STEP	2026-10-06T22:57:18.6549274Z (pass) multi-model-picker set mode: brackets are a no-op (no reordering) [0.11ms]
publish	UNKNOWN STEP	2026-10-06T22:57:18.6553570Z (pass) audit 2026-09-06: capped initialSelected names the omitted refs [0.47ms]
publish	UNKNOWN STEP	2026-10-06T22:57:18.6555082Z (pass) multi-model-picker set mode: initial selection is canonicalized to item order [0.10ms]
publish	UNKNOWN STEP	2026-10-06T22:57:18.6569577Z (pass) narrow model pickers bound every rendered line [1.38ms]
publish	UNKNOWN STEP	2026-10-06T22:57:18.6570070Z 
publish	UNKNOWN STEP	2026-10-06T22:57:18.6570546Z ##[endgroup]
publish	UNKNOWN STEP	2026-10-06T22:57:18.6574076Z 
publish	UNKNOWN STEP	2026-10-06T22:57:18.6574609Z ##[group]tests/list-settings-route.test.ts:
publish	UNKNOWN STEP	2026-10-06T22:57:19.2942411Z (pass) v0.34.53: /list settings redirects to /glla explicitly — no drafting, no state mutation [364.90ms]
publish	UNKNOWN STEP	2026-10-06T22:57:19.6331648Z (pass) v0.34.53: /list settings is read-only — it still redirects on a stale extension handle [339.86ms]
publish	UNKNOWN STEP	2026-10-06T22:57:19.9802928Z (pass) v0.34.53: /list add settings… still adds a literal item — the explicit verb is the only way in [345.88ms]
publish	UNKNOWN STEP	2026-10-06T22:57:19.9846971Z (pass) v0.34.53: source — /list help documents /glla as the settings command and the branch precedes the dump fallthrough [5.73ms]
publish	UNKNOWN STEP	2026-10-06T22:57:20.5113091Z (pass) C5: /list add of a just-finished objective is skipped, not resurrected [520.61ms]
publish	UNKNOWN STEP	2026-10-06T22:57:20.5113749Z 
publish	UNKNOWN STEP	2026-10-06T22:57:20.5114276Z ##[endgroup]
publish	UNKNOWN STEP	2026-10-06T22:57:20.5114480Z 
publish	UNKNOWN STEP	2026-10-06T22:57:20.5114910Z ##[group]tests/autoresume-default.test.ts:
publish	UNKNOWN STEP	2026-10-06T22:57:20.7878957Z (pass) /glla settings persists explicit auto-resume off (tri-state, not undefined) [0.90ms]
publish	UNKNOWN STEP	2026-10-06T22:57:20.8050380Z (pass) settings table shows the tri-state honestly [17.21ms]
publish	UNKNOWN STEP	2026-10-06T22:57:20.8056048Z (pass) hold-on-load text offers the explicit resume + the on opt-in [0.69ms]
publish	UNKNOWN STEP	2026-10-06T22:57:20.8056569Z 
publish	UNKNOWN STEP	2026-10-06T22:57:20.8057045Z ##[endgroup]
publish	UNKNOWN STEP	2026-10-06T22:57:20.8061684Z 
publish	UNKNOWN STEP	2026-10-06T22:57:20.8062360Z ##[group]tests/prompt-subagent-retry-guidance.test.ts:
publish	UNKNOWN STEP	2026-10-06T22:57:21.1047314Z (pass) continuation prompt treats provider wording as generic retryable failure (item 38) [0.61ms]
publish	UNKNOWN STEP	2026-10-06T22:57:21.1049671Z (pass) continuation prompt resumes or retries a failed subagent without a reset wait [0.17ms]
publish	UNKNOWN STEP	2026-10-06T22:57:21.1050696Z 
publish	UNKNOWN STEP	2026-10-06T22:57:21.1051329Z ##[endgroup]
publish	UNKNOWN STEP	2026-10-06T22:57:21.1051649Z 
publish	UNKNOWN STEP	2026-10-06T22:57:21.1052283Z ##[group]tests/summary-purpose.test.ts:
publish	UNKNOWN STEP	2026-10-06T22:57:21.3900637Z (pass) chat summary leads with durable change facts and hides verification by default [23.26ms]
publish	UNKNOWN STEP	2026-10-06T22:57:21.3919206Z (pass) explicit verification opt-in adds one aggregate tail, not a gate table [1.93ms]
publish	UNKNOWN STEP	2026-10-06T22:57:21.3934947Z (pass) behavioral limitation belongs under Remaining, not a second technical Next [1.24ms]
publish	UNKNOWN STEP	2026-10-06T22:57:21.3935634Z 
publish	UNKNOWN STEP	2026-10-06T22:57:21.3935978Z ##[endgroup]
publish	UNKNOWN STEP	2026-10-06T22:57:21.3936334Z 
publish	UNKNOWN STEP	2026-10-06T22:57:21.3936930Z ##[group]tests/completion-trailing-space.test.ts:
publish	UNKNOWN STEP	2026-10-06T22:57:21.6756440Z (pass) subcommand items get a trailing space in value, label stays clean [19.52ms]
publish	UNKNOWN STEP	2026-10-06T22:57:21.6759852Z (pass) key=value items get NO trailing space (user types the value right after the =) [0.53ms]
publish	UNKNOWN STEP	2026-10-06T22:57:21.6765360Z (pass) mixed list (bare commands + key=value) — the asymmetric rule [0.56ms]
publish	UNKNOWN STEP	2026-10-06T22:57:21.6771032Z (pass) filter still prefix-based (no other behavior change) [0.57ms]
publish	UNKNOWN STEP	2026-10-06T22:57:21.6817064Z (pass) registerCommand: /goal, /glla, /list, /loop all use the shared factory [4.58ms]
publish	UNKNOWN STEP	2026-10-06T22:57:21.6824105Z (pass) /glla completions stay concise: actions only; settings live in the table [0.69ms]
publish	UNKNOWN STEP	2026-10-06T22:57:21.6824584Z 
publish	UNKNOWN STEP	2026-10-06T22:57:21.6824931Z ##[endgroup]
publish	UNKNOWN STEP	2026-10-06T22:57:21.6829587Z 
publish	UNKNOWN STEP	2026-10-06T22:57:21.6830147Z ##[group]tests/goal-loop-core.test.ts:
publish	UNKNOWN STEP	2026-10-06T22:57:21.9486067Z (pass) piGlaDir returns the canonical path [0.34ms]
publish	UNKNOWN STEP	2026-10-06T22:57:21.9495568Z (pass) newGoalId format [0.21ms]
publish	UNKNOWN STEP	2026-10-06T22:57:21.9497042Z (pass) v0.36.0: repeated identical auditor objections are a state-based no-progress signal [0.22ms]
publish	UNKNOWN STEP	2026-10-06T22:57:21.9498234Z (pass) statusLabel covers all states [0.08ms]
publish	UNKNOWN STEP	2026-10-06T22:57:21.9499815Z (pass) audit display classification keeps semantic verdicts separate from infra and shield outcomes [0.67ms]
publish	UNKNOWN STEP	2026-10-06T22:57:21.9501306Z (pass) list policy and aborted status remain separate display facts [0.20ms]
publish	UNKNOWN STEP	2026-10-06T22:57:21.9502381Z (pass) findNextPendingTask BFSes subtasks [0.20ms]
publish	UNKNOWN STEP	2026-10-06T22:57:21.9503464Z (pass) findNextPendingTask returns subtask when no sibling pending [0.10ms]
publish	UNKNOWN STEP	2026-10-06T22:57:21.9504443Z (pass) buildTaskSummary counts complete [0.12ms]
publish	UNKNOWN STEP	2026-10-06T22:57:21.9505266Z (pass) renderGoalMarkdown renders sections [0.13ms]
publish	UNKNOWN STEP	2026-10-06T22:57:21.9506328Z (pass) v0.34.91: renderGoalMarkdown includes the completion recap section [0.16ms]
publish	UNKNOWN STEP	2026-10-06T22:57:21.9507439Z (pass) writeGoalMd persists + readGoalMd returns [0.96ms]
publish	UNKNOWN STEP	2026-10-06T22:57:21.9682808Z (pass) readState returns default when no ledger [19.05ms]
publish	UNKNOWN STEP	2026-10-06T22:57:21.9696197Z (pass) appendLedger + readState roundtrip [1.55ms]
publish	UNKNOWN STEP	2026-10-06T22:57:21.9711758Z (pass) readState sanitizes a saved main-model recovery without dropping its retry plan [1.34ms]
publish	UNKNOWN STEP	2026-10-06T22:57:21.9713139Z (pass) sumNewAssistantTokens accumulates assistant usage only [0.13ms]
publish	UNKNOWN STEP	2026-10-06T22:57:21.9714269Z (pass) sumNewAssistantTokens dedupes replayed messages [0.08ms]
publish	UNKNOWN STEP	2026-10-06T22:57:21.9715450Z (pass) sumNewAssistantTokens ignores zero/negative/invalid usage [0.07ms]
publish	UNKNOWN STEP	2026-10-06T22:57:21.9716413Z (pass) mergeSettings: later layers win per key [0.09ms]
publish	UNKNOWN STEP	2026-10-06T22:57:21.9717097Z (pass) mergeSettings: undefined in a layer means 'not set here' [0.08ms]
publish	UNKNOWN STEP	2026-10-06T22:57:21.9717841Z (pass) mergeSettings: null/missing layers are skipped [0.06ms]
publish	UNKNOWN STEP	2026-10-06T22:57:21.9718579Z (pass) mergeSettings: does not mutate the base [0.06ms]
publish	UNKNOWN STEP	2026-10-06T22:57:21.9719966Z (pass) auditFeedbackExcerpt: bounds executor feedback at the configured character count [0.29ms]
publish	UNKNOWN STEP	2026-10-06T22:57:21.9723417Z (pass) auditFeedbackExcerpt: zero returns the full auditor report [0.15ms]
publish	UNKNOWN STEP	2026-10-06T22:57:21.9725781Z (pass) ensureDirs creates the .pi-glla tree [0.50ms]
publish	UNKNOWN STEP	2026-10-06T22:57:21.9726931Z (pass) sumNewAssistantTokens counts input+output, not cache reads (v0.12.0) [0.10ms]
publish	UNKNOWN STEP	2026-10-06T22:57:21.9728091Z (pass) sumNewAssistantTokens falls back to totalTokens when no split [0.08ms]
publish	UNKNOWN STEP	2026-10-06T22:57:21.9729535Z (pass) DEFAULT_TOKEN_LIMIT is 0 — the guard is opt-in (v0.12.0) [0.05ms]
publish	UNKNOWN STEP	2026-10-06T22:57:21.9735136Z (pass) piGlaDir migrates a legacy .pi-gla dir exactly once (v0.17.0) [0.65ms]
publish	UNKNOWN STEP	2026-10-06T22:57:21.9736654Z (pass) restore gate (v0.28.21 default): NOTHING auto-resumes on session load — the item loads HELD [0.09ms]
publish	UNKNOWN STEP	2026-10-06T22:57:21.9737857Z (pass) restore gate: autoresume=on auto-resumes everywhere (unattended rigs) [0.11ms]
publish	UNKNOWN STEP	2026-10-06T22:57:21.9739083Z (pass) restore gate: autoresume=off never auto-resumes [0.08ms]
publish	UNKNOWN STEP	2026-10-06T22:57:21.9740531Z (pass) v0.24.5 missingGllaTools: empty active set returns all glla tool names [0.14ms]
publish	UNKNOWN STEP	2026-10-06T22:57:21.9742391Z (pass) v0.24.5 missingGllaTools: only glla tool names are tracked (no false positives on base tools) [0.14ms]
publish	UNKNOWN STEP	2026-10-06T22:57:21.9743893Z (pass) v0.24.5 missingGllaTools: modlist-snapshot example (the real bug) [0.11ms]
publish	UNKNOWN STEP	2026-10-06T22:57:21.9745391Z (pass) v0.24.5 missingGllaTools: all tools present → empty missing list [0.08ms]
publish	UNKNOWN STEP	2026-10-06T22:57:21.9746597Z (pass) v0.24.5 missingGllaTools: missing just one tool → that single name [0.09ms]
publish	UNKNOWN STEP	2026-10-06T22:57:21.9747195Z 
publish	UNKNOWN STEP	2026-10-06T22:57:21.9747521Z ##[endgroup]
publish	UNKNOWN STEP	2026-10-06T22:57:21.9748822Z 
publish	UNKNOWN STEP	2026-10-06T22:57:21.9749260Z ##[group]tests/starvation-ladder.test.ts:
publish	UNKNOWN STEP	2026-10-06T22:57:22.2407775Z (pass) compact-first band sits below the starvation line [0.47ms]
publish	UNKNOWN STEP	2026-10-06T22:57:22.2408613Z (pass) ladder message names all three recoveries plus the backstop [0.39ms]
publish	UNKNOWN STEP	2026-10-06T22:57:22.2409609Z (pass) compact-first nudge fires once per episode [0.12ms]
publish	UNKNOWN STEP	2026-10-06T22:57:22.2410158Z (pass) refuse stays sticky while physically over cap [0.20ms]
publish	UNKNOWN STEP	2026-10-06T22:57:22.2410716Z (pass) sendContinuation consults the starvation choke point [0.26ms]
publish	UNKNOWN STEP	2026-10-06T22:57:22.4103026Z (pass) starved boot refuses the automatic send instead of truncating [172.28ms]
publish	UNKNOWN STEP	2026-10-06T22:57:22.4103431Z 
publish	UNKNOWN STEP	2026-10-06T22:57:22.4103772Z ##[endgroup]
publish	UNKNOWN STEP	2026-10-06T22:57:22.4105357Z 
publish	UNKNOWN STEP	2026-10-06T22:57:22.4105729Z ##[group]tests/glla-bug-capture.test.ts:
publish	UNKNOWN STEP	2026-10-06T22:57:23.0610804Z (pass) /glla bug writes to dedicated bugs artifact and leaves durable goal state untouched [386.59ms]
publish	UNKNOWN STEP	2026-10-06T22:57:23.4150915Z (pass) /glla bug without message still captures and does not mutate state [358.39ms]
publish	UNKNOWN STEP	2026-10-06T22:57:23.4157380Z (pass) source: cmdGllaBug exists and writes to bugs/ without persistState [0.88ms]
publish	UNKNOWN STEP	2026-10-06T22:57:23.4163078Z (pass) source: /glla bug is registered in completions and handler [0.48ms]
publish	UNKNOWN STEP	2026-10-06T22:57:23.4163635Z 
publish	UNKNOWN STEP	2026-10-06T22:57:23.4164138Z ##[endgroup]
publish	UNKNOWN STEP	2026-10-06T22:57:23.4169510Z 
publish	UNKNOWN STEP	2026-10-06T22:57:23.4170197Z ##[group]tests/continuation-retry-persistence.test.ts:
publish	UNKNOWN STEP	2026-10-06T22:57:24.7583432Z (pass) v0.38.104 a retry that cannot be persisted is reported, not recorded as durable [1062.98ms]
publish	UNKNOWN STEP	2026-10-06T22:57:25.0773740Z (pass) v0.38.104 a persistable retry still records retryCount durably [319.03ms]
publish	UNKNOWN STEP	2026-10-06T22:57:25.0774678Z 
publish	UNKNOWN STEP	2026-10-06T22:57:25.0776718Z ##[endgroup]
publish	UNKNOWN STEP	2026-10-06T22:57:25.0794989Z 
publish	UNKNOWN STEP	2026-10-06T22:57:25.0796448Z ##[group]tests/pause-auto-commit.test.ts:
publish	UNKNOWN STEP	2026-10-06T22:57:25.3613748Z (pass) pauseAutoCommit writes the sentinel; isAutoCommitPaused sees it (item 31) [1.12ms]
publish	UNKNOWN STEP	2026-10-06T22:57:25.3620032Z (pass) resumeAutoCommit removes the sentinel (item 31) [0.58ms]
publish	UNKNOWN STEP	2026-10-06T22:57:25.3620537Z 
publish	UNKNOWN STEP	2026-10-06T22:57:25.3621041Z ##[endgroup]
publish	UNKNOWN STEP	2026-10-06T22:57:25.3621185Z 
publish	UNKNOWN STEP	2026-10-06T22:57:25.3621487Z ##[group]tests/completion-density-lint.test.ts:
publish	UNKNOWN STEP	2026-10-06T22:57:25.6286322Z (pass) density lint: evidence tokens in the summary pass [0.33ms]
publish	UNKNOWN STEP	2026-10-06T22:57:25.6292185Z (pass) density lint: tokens inside finding groups count [0.15ms]
publish	UNKNOWN STEP	2026-10-06T22:57:25.6293281Z (pass) density lint: gate rows count as density without tokens [0.08ms]
publish	UNKNOWN STEP	2026-10-06T22:57:25.6294355Z (pass) density lint: zero tokens and zero gates is annotated [0.34ms]
publish	UNKNOWN STEP	2026-10-06T22:57:25.6294902Z 
publish	UNKNOWN STEP	2026-10-06T22:57:25.6295447Z ##[endgroup]
publish	UNKNOWN STEP	2026-10-06T22:57:25.6295676Z 
publish	UNKNOWN STEP	2026-10-06T22:57:25.6296182Z ##[group]tests/approval-notify.test.ts:
publish	UNKNOWN STEP	2026-10-06T22:57:25.8885212Z (pass) v0.38.20 approval chat drops the stale pre-verdict Next line [0.47ms]
publish	UNKNOWN STEP	2026-10-06T22:57:25.8905322Z (pass) approval chat keeps every informing detail (Tests + meaningful Unresolved preserved) [0.09ms]
publish	UNKNOWN STEP	2026-10-06T22:57:25.8910120Z (pass) v0.38.39 withoutStaleNext keeps one concrete next action, still strips stale ones [0.11ms]
publish	UNKNOWN STEP	2026-10-06T22:57:25.8911292Z (pass) A10: the kept-session command quotes the worker-reported path [0.07ms]
publish	UNKNOWN STEP	2026-10-06T22:57:25.8911827Z 
publish	UNKNOWN STEP	2026-10-06T22:57:25.8912277Z ##[endgroup]
publish	UNKNOWN STEP	2026-10-06T22:57:25.8912508Z 
publish	UNKNOWN STEP	2026-10-06T22:57:25.8913359Z ##[group]tests/heartbeat-suppression-rework.test.ts:
publish	UNKNOWN STEP	2026-10-06T22:57:26.1801291Z (pass) lastShippedAtMs ignores the state-file mtime (the self-sustaining term) [26.47ms]
publish	UNKNOWN STEP	2026-10-06T22:57:26.1802446Z (pass) lastShippedAtMs source has no active.jsonl mtime term [0.30ms]
publish	UNKNOWN STEP	2026-10-06T22:57:26.1812292Z (pass) heartbeat never calls the suppression check; audit-in-flight flag guards the only real window [1.00ms]
publish	UNKNOWN STEP	2026-10-06T22:57:26.1813761Z (pass) the deprecated pure fn remains exported (API compat) but marked deprecated [0.16ms]
publish	UNKNOWN STEP	2026-10-06T22:57:26.1821136Z (pass) no heartbeat_suppressed ledger writes remain in the heartbeat path [0.74ms]
publish	UNKNOWN STEP	2026-10-06T22:57:26.1822746Z (pass) project auditor dispatch is protected before counting failed main-session continuations [0.17ms]
publish	UNKNOWN STEP	2026-10-06T22:57:26.1823441Z 
publish	UNKNOWN STEP	2026-10-06T22:57:26.1823914Z ##[endgroup]
publish	UNKNOWN STEP	2026-10-06T22:57:26.1827691Z 
publish	UNKNOWN STEP	2026-10-06T22:57:26.1828226Z ##[group]tests/auditor-thinking.test.ts:
publish	UNKNOWN STEP	2026-10-06T22:57:26.5650928Z (pass) supported requested level is used verbatim [0.30ms]
publish	UNKNOWN STEP	2026-10-06T22:57:26.5654058Z (pass) unsupported xhigh/max fall downwards; mapped nulls are skipped [0.13ms]
publish	UNKNOWN STEP	2026-10-06T22:57:26.5655027Z (pass) non-reasoning and unknown requests degrade safely [0.07ms]
publish	UNKNOWN STEP	2026-10-06T22:57:26.5660470Z 
publish	UNKNOWN STEP	2026-10-06T22:57:26.5663064Z ##[endgroup]
publish	UNKNOWN STEP	2026-10-06T22:57:26.5663298Z 
publish	UNKNOWN STEP	2026-10-06T22:57:26.5663800Z ##[group]tests/objection-attached-retries.test.ts:
publish	UNKNOWN STEP	2026-10-06T22:57:26.8390386Z (pass) objection-attached retries: objection bullets extracted [0.55ms]
publish	UNKNOWN STEP	2026-10-06T22:57:26.8410705Z (pass) objection-attached retries: no extractable objections still yields one TODO [0.12ms]
publish	UNKNOWN STEP	2026-10-06T22:57:26.8412138Z (pass) objection-attached retries: both disapproval sites attach unconditionally [0.73ms]
publish	UNKNOWN STEP	2026-10-06T22:57:26.8412717Z 
publish	UNKNOWN STEP	2026-10-06T22:57:26.8413241Z ##[endgroup]
publish	UNKNOWN STEP	2026-10-06T22:57:26.8413515Z 
publish	UNKNOWN STEP	2026-10-06T22:57:26.8414100Z ##[group]tests/never-streamed-standdown.test.ts:
publish	UNKNOWN STEP	2026-10-06T22:57:27.1432020Z (pass) v0.38.18 zombieRetryDecision: a turn that never streamed refuses at once [2.35ms]
publish	UNKNOWN STEP	2026-10-06T22:57:27.1446198Z (pass) v0.38.18 rearm milestone: an open-but-silent turn is named, not denied [1.58ms]
publish	UNKNOWN STEP	2026-10-06T22:57:27.1453553Z (pass) v0.38.18 rearm milestone: with no open turn the legacy wording stays [0.71ms]
publish	UNKNOWN STEP	2026-10-06T22:57:27.4734603Z (pass) v0.38.18 behavioral: a never-streamed turn aborts once and stays parked [327.93ms]
publish	UNKNOWN STEP	2026-10-06T22:57:27.4735495Z 
publish	UNKNOWN STEP	2026-10-06T22:57:27.4736013Z ##[endgroup]
publish	UNKNOWN STEP	2026-10-06T22:57:27.4738422Z 
publish	UNKNOWN STEP	2026-10-06T22:57:27.4739301Z ##[group]tests/completion-recap-shape.test.ts:
publish	UNKNOWN STEP	2026-10-06T22:57:27.7535589Z (pass) structured completion recap survives archive rendering and the terminal widget [1.79ms]
publish	UNKNOWN STEP	2026-10-06T22:57:27.7537313Z (pass) auditor receives completionSummary and verificationSummary independently [0.28ms]
publish	UNKNOWN STEP	2026-10-06T22:57:27.7538474Z (pass) complete_goal tool schema references the six-label policy [0.35ms]
publish	UNKNOWN STEP	2026-10-06T22:57:27.7540954Z 
publish	UNKNOWN STEP	2026-10-06T22:57:27.7541664Z ##[endgroup]
publish	UNKNOWN STEP	2026-10-06T22:57:27.7721445Z 
publish	UNKNOWN STEP	2026-10-06T22:57:27.7722728Z ##[group]tests/loop-held-start.test.ts:
publish	UNKNOWN STEP	2026-10-06T22:57:28.2211094Z (pass) loop resume restores a project held by summarization output limit: summary incomplete [145.31ms]
publish	UNKNOWN STEP	2026-10-06T22:57:28.3830621Z (pass) glla resume restores a project held by summarization output limit: summary incomplete [163.32ms]
publish	UNKNOWN STEP	2026-10-06T22:57:28.5470889Z (pass) loop resume restores a project held by context overflow: prompt cannot fit [162.10ms]
publish	UNKNOWN STEP	2026-10-06T22:57:28.7041339Z (pass) glla resume restores a project held by context overflow: prompt cannot fit [157.55ms]
publish	UNKNOWN STEP	2026-10-06T22:57:29.0136308Z (pass) loop resume restores a project held by compaction failure: provider unavailable [309.59ms]
publish	UNKNOWN STEP	2026-10-06T22:57:29.3241135Z (pass) glla resume restores a project held by compaction failure: provider unavailable [301.86ms]
publish	UNKNOWN STEP	2026-10-06T22:57:29.5820126Z (pass) held loop: the load-hold warning names /loop resume [264.99ms]
publish	UNKNOWN STEP	2026-10-06T22:57:29.7890294Z (pass) held loop: the load-hold warning is byte-identical when no loop is held [200.52ms]
publish	UNKNOWN STEP	2026-10-06T22:57:30.0150667Z (pass) fresh start over a held loop offers resume and preserves the loop [230.45ms]
publish	UNKNOWN STEP	2026-10-06T22:57:30.1960557Z (pass) fresh start over a held loop: dismiss keeps the held loop untouched [180.50ms]
publish	UNKNOWN STEP	2026-10-06T22:57:30.4263116Z (pass) fresh start over a held loop: headless refuses instead of discarding [232.45ms]
publish	UNKNOWN STEP	2026-10-06T22:57:30.6294660Z (pass) fresh start over an explicitly stopped loop keeps today's silent behavior [201.40ms]
publish	UNKNOWN STEP	2026-10-06T22:57:30.6295363Z 
publish	UNKNOWN STEP	2026-10-06T22:57:30.6304732Z ##[endgroup]
publish	UNKNOWN STEP	2026-10-06T22:57:30.6307426Z 
publish	UNKNOWN STEP	2026-10-06T22:57:30.6310207Z ##[group]tests/audit-tier.test.ts:
publish	UNKNOWN STEP	2026-10-06T22:57:30.9086761Z (pass) tier: a small quiet claim with no history audits light [0.34ms]
publish	UNKNOWN STEP	2026-10-06T22:57:30.9089499Z (pass) tier: draft-time full-audit consent escalates [0.23ms]
publish	UNKNOWN STEP	2026-10-06T22:57:30.9090386Z (pass) tier: the agent's own full-audit request escalates [0.12ms]
publish	UNKNOWN STEP	2026-10-06T22:57:30.9091020Z (pass) tier: any prior disapproval escalates (rework proved risky once) [0.12ms]
publish	UNKNOWN STEP	2026-10-06T22:57:30.9091737Z (pass) tier: missing telemetry escalates (unknown activity, conservative floor) [0.10ms]
publish	UNKNOWN STEP	2026-10-06T22:57:30.9092408Z (pass) tier: activity above any ceiling escalates, at-ceiling stays light [0.18ms]
publish	UNKNOWN STEP	2026-10-06T22:57:30.9093009Z (pass) tier: high-stakes language escalates and names the match [0.27ms]
publish	UNKNOWN STEP	2026-10-06T22:57:30.9093586Z (pass) tier: ordinary objectives do not trip the keyword list [0.15ms]
publish	UNKNOWN STEP	2026-10-06T22:57:30.9094176Z (pass) tier: spot-check rate 1 escalates every light claim and marks it [0.16ms]
publish	UNKNOWN STEP	2026-10-06T22:57:30.9094796Z (pass) tier: spot-check never marks a claim that was already full [0.08ms]
publish	UNKNOWN STEP	2026-10-06T22:57:30.9095387Z (pass) tier: injected random decides the draw (seeded, no flakes) [0.13ms]
publish	UNKNOWN STEP	2026-10-06T22:57:30.9095950Z (pass) tier: rates clamp to [0, 1]; junk restores the default [0.12ms]
publish	UNKNOWN STEP	2026-10-06T22:57:30.9096810Z (pass) tier: spot-check rate ships at 0.1 and normalizes junk to default [0.54ms]
publish	UNKNOWN STEP	2026-10-06T22:57:30.9097893Z (pass) tier: claim mapper counts disapprovals and carries both escalation flags [0.29ms]
publish	UNKNOWN STEP	2026-10-06T22:57:30.9302426Z (pass) tier: settings menu exposes the spot-check rate row in the auditor section [21.20ms]
publish	UNKNOWN STEP	2026-10-06T22:57:30.9303034Z 
publish	UNKNOWN STEP	2026-10-06T22:57:30.9303471Z ##[endgroup]
publish	UNKNOWN STEP	2026-10-06T22:57:30.9305952Z 
publish	UNKNOWN STEP	2026-10-06T22:57:30.9306435Z ##[group]tests/migrate-on-read.test.ts:
publish	UNKNOWN STEP	2026-10-06T22:57:31.2370149Z (pass) v0.38.32: legacy disapprovals settled by a later approval are never live again [0.42ms]
publish	UNKNOWN STEP	2026-10-06T22:57:31.2371796Z (pass) v0.38.32: later legacy disapproval supersedes the earlier round only [0.07ms]
publish	UNKNOWN STEP	2026-10-06T22:57:31.2373257Z (pass) v0.38.32: lone legacy disapproval stays live [0.07ms]
publish	UNKNOWN STEP	2026-10-06T22:57:31.2374483Z (pass) v0.38.32: error entries neither settle nor get settled [0.08ms]
publish	UNKNOWN STEP	2026-10-06T22:57:31.2375945Z (pass) v0.38.32: backfill is idempotent and a no-op on flagged histories [0.14ms]
publish	UNKNOWN STEP	2026-10-06T22:57:31.2376874Z 
publish	UNKNOWN STEP	2026-10-06T22:57:31.2377609Z ##[endgroup]
publish	UNKNOWN STEP	2026-10-06T22:57:31.2378002Z 
publish	UNKNOWN STEP	2026-10-06T22:57:31.2378589Z ##[group]tests/auditor-dispatch-horizon.test.ts:
publish	UNKNOWN STEP	2026-10-06T22:57:31.5732265Z (pass) expired stored horizon blocks automatic dispatch without a launch [25.25ms]
publish	UNKNOWN STEP	2026-10-06T22:57:31.5835644Z (pass) expired dispatch preserves the exhausted-chain diagnostic [13.32ms]
publish	UNKNOWN STEP	2026-10-06T22:57:31.5837728Z (pass) hourly backstop skips blocked capped claims before dispatch [0.17ms]
publish	UNKNOWN STEP	2026-10-06T22:57:31.5838562Z 
publish	UNKNOWN STEP	2026-10-06T22:57:31.5839477Z ##[endgroup]
publish	UNKNOWN STEP	2026-10-06T22:57:31.5849647Z 
publish	UNKNOWN STEP	2026-10-06T22:57:31.5850375Z ##[group]tests/auditor-retry-callback.test.ts:
publish	UNKNOWN STEP	2026-10-06T22:57:48.1204809Z [run-tests] progress: 180s elapsed · 17s since last output · 87 KiB of suite output
publish	UNKNOWN STEP	2026-10-06T22:57:48.3310510Z (pass) manual audit exhaustion retries through timer with fresh candidates and unchanged envelope [16453.21ms]
publish	UNKNOWN STEP	2026-10-06T22:57:48.3311311Z 
publish	UNKNOWN STEP	2026-10-06T22:57:48.3311812Z ##[endgroup]
publish	UNKNOWN STEP	2026-10-06T22:57:48.3312534Z 
publish	UNKNOWN STEP	2026-10-06T22:57:48.3313022Z ##[group]tests/ui-experience-audit.test.ts:
publish	UNKNOWN STEP	2026-10-06T22:57:48.6079741Z (pass) settings keep the active final tab visible on narrow terminals [3.04ms]
publish	UNKNOWN STEP	2026-10-06T22:57:48.6271184Z (pass) narrow settings show both the focused setting and its effective value [19.50ms]
publish	UNKNOWN STEP	2026-10-06T22:57:48.6273866Z (pass) reopened settings focus the edited row and each tab remembers its cursor [0.58ms]
publish	UNKNOWN STEP	2026-10-06T22:57:48.6292663Z (pass) settings window keeps the cursor, navigation and details within a short terminal [1.89ms]
publish	UNKNOWN STEP	2026-10-06T22:57:48.6302996Z (pass) settings search finds rows across sections and Esc clears search before closing [1.02ms]
publish	UNKNOWN STEP	2026-10-06T22:57:48.6316089Z (pass) settings details allow reading the full long value [1.32ms]
publish	UNKNOWN STEP	2026-10-06T22:57:48.6328205Z (pass) single picker respects terminal height and keeps the selected model visible [1.16ms]
publish	UNKNOWN STEP	2026-10-06T22:57:48.6345864Z (pass) large unordered selections fit a short multi-picker without hiding its cursor [1.72ms]
publish	UNKNOWN STEP	2026-10-06T22:57:48.6348925Z (pass) picker backspace deletes a complete Unicode character [0.35ms]
publish	UNKNOWN STEP	2026-10-06T22:57:48.6467873Z (pass) long draft reviews scroll while their decisions remain visible [11.87ms]
publish	UNKNOWN STEP	2026-10-06T22:57:48.6494762Z (pass) ordered pickers fit short terminals with current, inherit and cap notices [2.66ms]
publish	UNKNOWN STEP	2026-10-06T22:57:48.6506648Z (pass) settings sanitize terminal controls without changing saved strings [0.88ms]
publish	UNKNOWN STEP	2026-10-06T22:57:48.7418161Z (pass) settings details and all tab windows fit very short terminals [91.31ms]
publish	UNKNOWN STEP	2026-10-06T22:57:48.7900955Z (pass) lifecycle cards and status rows fit every explicit terminal width [48.17ms]
publish	UNKNOWN STEP	2026-10-06T22:57:48.8027631Z (pass) draft review keeps project consent readable and uses the supplied keybindings [12.70ms]
publish	UNKNOWN STEP	2026-10-06T22:57:48.8037728Z (pass) untrusted picker labels and draft bodies cannot emit terminal commands [1.13ms]
publish	UNKNOWN STEP	2026-10-06T22:57:48.8043674Z (pass) settling cards identify the approved archive owed and its recovery action [0.56ms]
publish	UNKNOWN STEP	2026-10-06T22:57:48.8064253Z (pass) single picker resizes through short and narrow terminals without losing focus [2.06ms]
publish	UNKNOWN STEP	2026-10-06T22:57:48.8074728Z (pass) truncated selected rows keep their background across values, source and padding [1.03ms]
publish	UNKNOWN STEP	2026-10-06T22:57:48.8088392Z (pass) settings search exposes details without treating a typed d as a command [1.33ms]
publish	UNKNOWN STEP	2026-10-06T22:57:48.8089226Z 
publish	UNKNOWN STEP	2026-10-06T22:57:48.8089711Z ##[endgroup]
publish	UNKNOWN STEP	2026-10-06T22:57:48.8093246Z 
publish	UNKNOWN STEP	2026-10-06T22:57:48.8094019Z ##[group]tests/auditor-ladder-discipline.test.ts:
publish	UNKNOWN STEP	2026-10-06T22:57:49.0730346Z (pass) v0.38.103 nothing configured: session model, and NO ladder to exhaust [1.02ms]
publish	UNKNOWN STEP	2026-10-06T22:57:49.0739958Z (pass) v0.38.103 an explicit auditor is tried FIRST and the session model is the last resort [1.67ms]
publish	UNKNOWN STEP	2026-10-06T22:57:49.0741814Z (pass) v0.38.103 a configured auditor with no fallbacks still keeps the session model reachable [0.59ms]
publish	UNKNOWN STEP	2026-10-06T22:57:49.0743704Z (pass) v0.38.103 an unavailable primary escalates immediately and still ends at the session model [0.97ms]
publish	UNKNOWN STEP	2026-10-06T22:57:49.0754768Z (pass) v0.38.103 same-session-swap does not change the ordering contract [1.13ms]
publish	UNKNOWN STEP	2026-10-06T22:57:49.0956336Z (pass) v0.38.103 an auditor pinned to the session model is the session model, with no invented ladder [19.92ms]
publish	UNKNOWN STEP	2026-10-06T22:57:49.0959915Z (pass) v0.38.103 with no session model and nothing configured, the error stays actionable [0.49ms]
publish	UNKNOWN STEP	2026-10-06T22:57:49.0970672Z (pass) v0.38.103 a mechanical fast-fail verdict is not an auditor round [0.17ms]
publish	UNKNOWN STEP	2026-10-06T22:57:49.0971521Z (pass) v0.38.103 the streak passes THROUGH a mechanical gate rather than stopping [0.07ms]
publish	UNKNOWN STEP	2026-10-06T22:57:49.0972439Z (pass) v0.38.103 an approval still ends the comparable streak [0.05ms]
publish	UNKNOWN STEP	2026-10-06T22:57:49.0973412Z (pass) v0.38.103 infrastructure entries stay transparent [0.05ms]
publish	UNKNOWN STEP	2026-10-06T22:57:49.0974738Z (pass) v0.38.103 a grader fallback RE-BASELINES the streak instead of pinning [0.08ms]
publish	UNKNOWN STEP	2026-10-06T22:57:49.0975512Z (pass) v0.38.103 the challenge-round limit is a small, finite number [0.13ms]
publish	UNKNOWN STEP	2026-10-06T22:57:49.0976540Z (pass) v0.38.103 streak counting is what the challenge gate reads [0.05ms]
publish	UNKNOWN STEP	2026-10-06T22:57:49.0978030Z (pass) ladder tests never write to the repo ledger: no ctx cwd points at process.cwd() [0.13ms]
publish	UNKNOWN STEP	2026-10-06T22:57:49.0978979Z 
publish	UNKNOWN STEP	2026-10-06T22:57:49.0979488Z ##[endgroup]
publish	UNKNOWN STEP	2026-10-06T22:57:49.0979707Z 
publish	UNKNOWN STEP	2026-10-06T22:57:49.0980173Z ##[group]tests/recap-preservation.test.ts:
publish	UNKNOWN STEP	2026-10-06T22:57:51.1251668Z (pass) repair re-claim preserves the whole-work recap in the approved render [1770.45ms]
publish	UNKNOWN STEP	2026-10-06T22:57:51.1252342Z 
publish	UNKNOWN STEP	2026-10-06T22:57:51.1252835Z ##[endgroup]
publish	UNKNOWN STEP	2026-10-06T22:57:51.1254488Z 
publish	UNKNOWN STEP	2026-10-06T22:57:51.1254975Z ##[group]tests/audit-verdict.test.ts:
publish	UNKNOWN STEP	2026-10-06T22:57:51.4080271Z (pass) parseAuditorVerdict: approved [0.30ms]
publish	UNKNOWN STEP	2026-10-06T22:57:51.4095520Z (pass) parseAuditorVerdict: disapproved [0.11ms]
publish	UNKNOWN STEP	2026-10-06T22:57:51.4103568Z (pass) parseAuditorVerdict: impossible with reason [0.09ms]
publish	UNKNOWN STEP	2026-10-06T22:57:51.4104613Z (pass) parseAuditorVerdict: verdict read from the LAST block that mentions a tag [0.05ms]
publish	UNKNOWN STEP	2026-10-06T22:57:51.4105794Z (pass) parseAuditorVerdict: impossible reason clipped to 300 chars [0.08ms]
publish	UNKNOWN STEP	2026-10-06T22:57:51.4106783Z (pass) parseAuditorVerdict: contradictory terminal tags never approve [0.06ms]
publish	UNKNOWN STEP	2026-10-06T22:57:51.4107878Z (pass) countTrailingDisapprovals: empty and all-clean histories [0.09ms]
publish	UNKNOWN STEP	2026-10-06T22:57:51.4109139Z (pass) countTrailingDisapprovals: counts only the trailing streak [0.05ms]
publish	UNKNOWN STEP	2026-10-06T22:57:51.4110490Z (pass) countTrailingDisapprovals: shield-blocked approval breaks the streak [0.05ms]
publish	UNKNOWN STEP	2026-10-06T22:57:51.4111793Z (pass) countTrailingDisapprovals: impossible is its own verdict, not a disapproval [0.06ms]
publish	UNKNOWN STEP	2026-10-06T22:57:51.4112477Z 
publish	UNKNOWN STEP	2026-10-06T22:57:51.4112973Z ##[endgroup]
publish	UNKNOWN STEP	2026-10-06T22:57:51.4113193Z 
publish	UNKNOWN STEP	2026-10-06T22:57:51.4113650Z ##[group]tests/compaction-failed-recovery.test.ts:
publish	UNKNOWN STEP	2026-10-06T22:57:51.9136836Z (pass) host-owned failed compaction retries without model rotation, park, or competing continuation [241.13ms]
publish	UNKNOWN STEP	2026-10-06T22:57:52.1679429Z (pass) terminal prompt overflow rotates once and arms durable post-compact resume debt [254.26ms]
publish	UNKNOWN STEP	2026-10-06T22:57:52.3870595Z (pass) same-session startup restores fallback debt, while a new session discards it [216.84ms]
publish	UNKNOWN STEP	2026-10-06T22:57:52.5099783Z (pass) terminal output-cap failure parks instead of misclassifying it as context overflow [125.09ms]
publish	UNKNOWN STEP	2026-10-06T22:57:52.6764498Z (pass) failed compaction without a usable fallback parks an active goal durably [164.50ms]
publish	UNKNOWN STEP	2026-10-06T22:57:52.8290353Z (pass) failed compaction parks a branch loop instead of leaving it active [153.92ms]
publish	UNKNOWN STEP	2026-10-06T22:57:52.9670631Z (pass) a failed debt-discharge append keeps RAM debt instead of diverging from disk [134.71ms]
publish	UNKNOWN STEP	2026-10-06T22:57:55.7739211Z (pass) opportunistic output-cap failure keeps work active and resumes once (event first) [2810.31ms]
publish	UNKNOWN STEP	2026-10-06T22:57:58.5842005Z (pass) opportunistic output-cap failure keeps work active and resumes once (callback first) [2810.26ms]
publish	UNKNOWN STEP	2026-10-06T22:58:01.3928177Z (pass) optional compaction resumes a branch loop (event without callback) [2808.61ms]
publish	UNKNOWN STEP	2026-10-06T22:58:04.2190482Z (pass) optional compaction resumes a branch loop (synchronous callback) [2826.15ms]
publish	UNKNOWN STEP	2026-10-06T22:58:04.2191049Z 
publish	UNKNOWN STEP	2026-10-06T22:58:04.2191453Z ##[endgroup]
publish	UNKNOWN STEP	2026-10-06T22:58:04.2193492Z 
publish	UNKNOWN STEP	2026-10-06T22:58:04.2194290Z ##[group]tests/session-identity-refusal.test.ts:
publish	UNKNOWN STEP	2026-10-06T22:58:04.6688428Z (pass) 195237: same session id on a new manager object is the owner, not a subagent [171.36ms]
publish	UNKNOWN STEP	2026-10-06T22:58:04.8772974Z (pass) v0.38.92: a dethroned main is told about the lost root, never called a subagent [207.57ms]
publish	UNKNOWN STEP	2026-10-06T22:58:05.0731154Z (pass) 195237: a genuinely different session is still refused [196.74ms]
publish	UNKNOWN STEP	2026-10-06T22:58:05.0779423Z 
publish	UNKNOWN STEP	2026-10-06T22:58:05.0780201Z ##[endgroup]
publish	UNKNOWN STEP	2026-10-06T22:58:05.0780435Z 
publish	UNKNOWN STEP	2026-10-06T22:58:05.0780913Z ##[group]tests/replace-resume-intent.test.ts:
publish	UNKNOWN STEP	2026-10-06T22:58:05.3869893Z (pass) v0.34.103 (issue #6 Defect A): replacing a wait goal with a scheduled resume warns + ledgers the cancellation [14.35ms]
publish	UNKNOWN STEP	2026-10-06T22:58:05.3871295Z (pass) v0.36.0: every plain replacement includes the archived recap [0.30ms]
publish	UNKNOWN STEP	2026-10-06T22:58:05.3874580Z (pass) v0.34.103 (issue #6 Defect B): /goal resume answers terminal (complete/aborted) goals explicitly [0.38ms]
publish	UNKNOWN STEP	2026-10-06T22:58:05.3876350Z (pass) v0.34.103 (issue #6 Defect B): resume with NO goal at all answers instead of swallowing the verb [0.14ms]
publish	UNKNOWN STEP	2026-10-06T22:58:05.3878416Z (pass) v0.34.103 (issue #6): the ledger key survives in goal-loop-core round-trips [0.31ms]
publish	UNKNOWN STEP	2026-10-06T22:58:05.3879283Z 
publish	UNKNOWN STEP	2026-10-06T22:58:05.3879758Z ##[endgroup]
publish	UNKNOWN STEP	2026-10-06T22:58:05.3885876Z 
publish	UNKNOWN STEP	2026-10-06T22:58:05.3886620Z ##[group]tests/between-tasks-compaction.test.ts:
publish	UNKNOWN STEP	2026-10-06T22:58:05.6608528Z (pass) v0.38.104 the 200k rule is a token threshold, and it is distinct from the model-size hint [0.24ms]
publish	UNKNOWN STEP	2026-10-06T22:58:05.6638126Z (pass) v0.38.104 compaction is due past the threshold, not below it [0.08ms]
publish	UNKNOWN STEP	2026-10-06T22:58:05.6640096Z (pass) v0.38.104 a token count, not a percentage — the same goal on a 1M window still fires at 200k [0.20ms]
publish	UNKNOWN STEP	2026-10-06T22:58:05.6640913Z (pass) v0.38.104 it fires ONCE per episode and re-arms as the goal grows back [0.06ms]
publish	UNKNOWN STEP	2026-10-06T22:58:05.6641547Z (pass) v0.38.104 an unknown context count never compacts blindly [0.22ms]
publish	UNKNOWN STEP	2026-10-06T22:58:05.6642416Z (pass) v0.38.104 the threshold is overridable but must be positive [0.08ms]
publish	UNKNOWN STEP	2026-10-06T22:58:05.7779457Z (pass) v0.38.105 the boundary fires ctx.compact past 200k and ledgers it [116.91ms]
publish	UNKNOWN STEP	2026-10-06T22:58:05.8945008Z (pass) v0.38.105 one firing per episode; a shrunk transcript re-arms [116.63ms]
publish	UNKNOWN STEP	2026-10-06T22:58:05.8957421Z (pass) v0.38.105 quiet boundaries: below threshold, busy, unsupervised, audit, paused, unknown, no trigger [1.32ms]
publish	UNKNOWN STEP	2026-10-06T22:58:05.8963809Z (pass) v0.38.105 the boundary never re-arms the starvation path's brief one-shot [0.63ms]
publish	UNKNOWN STEP	2026-10-06T22:58:06.0118209Z (pass) a synchronous compact throw releases the boundary for ordinary continuation [115.24ms]
publish	UNKNOWN STEP	2026-10-06T22:58:06.1312923Z (pass) successful compaction rearms after grace even when context never falls below half the target [119.38ms]
publish	UNKNOWN STEP	2026-10-06T22:58:06.2480798Z (pass) legacy successful markers rearm from durable completion, while failed attempts stay one-shot [116.83ms]
publish	UNKNOWN STEP	2026-10-06T22:58:06.2481977Z 
publish	UNKNOWN STEP	2026-10-06T22:58:06.2482621Z ##[endgroup]
publish	UNKNOWN STEP	2026-10-06T22:58:06.2484465Z 
publish	UNKNOWN STEP	2026-10-06T22:58:06.2485225Z ##[group]tests/closed-goal-clears-waiting.test.ts:
publish	UNKNOWN STEP	2026-10-06T22:58:06.5466031Z (pass) v0.38.19 live auditing still projects awaiting-verdict (no live-path regression) [21.26ms]
publish	UNKNOWN STEP	2026-10-06T22:58:06.5694774Z (pass) v0.38.19 a closed goal clears awaiting-verdict even with a stale complete progress [22.73ms]
publish	UNKNOWN STEP	2026-10-06T22:58:06.5707864Z 
publish	UNKNOWN STEP	2026-10-06T22:58:06.5708447Z ##[endgroup]
publish	UNKNOWN STEP	2026-10-06T22:58:06.5712056Z 
publish	UNKNOWN STEP	2026-10-06T22:58:06.5712779Z ##[group]tests/goal-loop-stats.test.ts:
publish	UNKNOWN STEP	2026-10-06T22:58:06.8662949Z (pass) empty rig: no .pi-glla anywhere → empty discovery + no rollup [15.63ms]
publish	UNKNOWN STEP	2026-10-06T22:58:06.8672805Z (pass) single project with one approved goal: all counters correct [1.16ms]
publish	UNKNOWN STEP	2026-10-06T22:58:06.8684508Z (pass) premature-success detection fires on low turns + 0 writes + few bash [0.07ms]
publish	UNKNOWN STEP	2026-10-06T22:58:06.8685639Z (pass) JSON output schema matches the table columns [0.63ms]
publish	UNKNOWN STEP	2026-10-06T22:58:06.8686627Z (pass) premature filter: only flagged projects, ratio-sorted [0.19ms]
publish	UNKNOWN STEP	2026-10-06T22:58:06.8693276Z (pass) discovery finds nested projects and dedupes via cwd [1.16ms]
publish	UNKNOWN STEP	2026-10-06T22:58:06.8694876Z (pass) parseLedgerEntries skips malformed lines [0.20ms]
publish	UNKNOWN STEP	2026-10-06T22:58:06.8695310Z 
publish	UNKNOWN STEP	2026-10-06T22:58:06.8695786Z ##[endgroup]
publish	UNKNOWN STEP	2026-10-06T22:58:06.8701739Z 
publish	UNKNOWN STEP	2026-10-06T22:58:06.8702388Z ##[group]tests/auditor-shift-acceptance.test.ts:
publish	UNKNOWN STEP	2026-10-06T22:58:07.1469582Z (pass) auditor prompt treats completion summaries as untrusted scope claims [0.39ms]
publish	UNKNOWN STEP	2026-10-06T22:58:07.1489232Z (pass) scope changes require the durable objective and contract [0.21ms]
publish	UNKNOWN STEP	2026-10-06T22:58:07.1490044Z 
publish	UNKNOWN STEP	2026-10-06T22:58:07.1490474Z ##[endgroup]
publish	UNKNOWN STEP	2026-10-06T22:58:07.1490613Z 
publish	UNKNOWN STEP	2026-10-06T22:58:07.1490911Z ##[group]tests/tweak-procedural-tail.test.ts:
publish	UNKNOWN STEP	2026-10-06T22:58:07.4698134Z (pass) 184316: trailing filing instruction with embedded command is stripped [0.48ms]
publish	UNKNOWN STEP	2026-10-06T22:58:07.4700097Z (pass) single-sentence input passes through untouched [0.09ms]
publish	UNKNOWN STEP	2026-10-06T22:58:07.4701180Z (pass) non-instructional trailing mention of a command is kept [0.04ms]
publish	UNKNOWN STEP	2026-10-06T22:58:07.4702358Z (pass) trailing 'then resume' instruction without filing nouns is stripped [0.05ms]
publish	UNKNOWN STEP	2026-10-06T22:58:07.4703503Z (pass) plain multi-sentence objective with no tail is unchanged [0.04ms]
publish	UNKNOWN STEP	2026-10-06T22:58:07.4704274Z 
publish	UNKNOWN STEP	2026-10-06T22:58:07.4704761Z ##[endgroup]
publish	UNKNOWN STEP	2026-10-06T22:58:07.4704998Z 
publish	UNKNOWN STEP	2026-10-06T22:58:07.4705515Z ##[group]tests/paused-suspicious-close.test.ts:
publish	UNKNOWN STEP	2026-10-06T22:58:07.7837274Z (pass) 032245: the field objective trips verification-fragment through the real classifier [0.64ms]
publish	UNKNOWN STEP	2026-10-06T22:58:09.0458188Z (pass) 032245: a paused suspicious goal can submit complete_goal and close on auditor approval [1262.13ms]
publish	UNKNOWN STEP	2026-10-06T22:58:09.1596045Z (pass) stored-completion-audit retry settles a suspicious claim instead of re-pausing it [113.74ms]
publish	UNKNOWN STEP	2026-10-06T22:58:09.2837770Z (pass) narrowness: paused-by-user and paused repair cards still refuse complete_goal [121.24ms]
publish	UNKNOWN STEP	2026-10-06T22:58:09.4037363Z (pass) narrowness: a paused repair card cannot skip its replan via the suspicious close path [122.74ms]
publish	UNKNOWN STEP	2026-10-06T22:58:09.4039180Z 
publish	UNKNOWN STEP	2026-10-06T22:58:09.4039824Z ##[endgroup]
publish	UNKNOWN STEP	2026-10-06T22:58:09.4043168Z 
publish	UNKNOWN STEP	2026-10-06T22:58:09.4043615Z ##[group]tests/auditor-eager-retry.test.ts:
publish	UNKNOWN STEP	2026-10-06T22:58:09.7225097Z (pass) eager: first attempt is 5s for every provider failure family [25.26ms]
publish	UNKNOWN STEP	2026-10-06T22:58:09.7226290Z (pass) hourly: later attempts keep the slot diagnostic but cap the wait at 15m [0.28ms]
publish	UNKNOWN STEP	2026-10-06T22:58:09.7228250Z (pass) hourly: rate-limit, billing, and transient-shaped failures share the same later schedule [0.21ms]
publish	UNKNOWN STEP	2026-10-06T22:58:09.7230146Z (pass) eager: an upstream Retry-After hint does not suppress the uniform retry [0.12ms]
publish	UNKNOWN STEP	2026-10-06T22:58:09.7243744Z (pass) eager: detached auditor retries an account-shaped failure once before durable parking [1.39ms]
publish	UNKNOWN STEP	2026-10-06T22:58:09.7250638Z (pass) eager: a second recoverable provider error remains infrastructure after the one retry [0.61ms]
publish	UNKNOWN STEP	2026-10-06T22:58:09.7253508Z (pass) eager: conservative attempts remain bounded by the existing durable safety window [0.15ms]
publish	UNKNOWN STEP	2026-10-06T22:58:09.7254546Z (pass) unified: no auditor-only attempt cap inside the shared horizon [0.09ms]
publish	UNKNOWN STEP	2026-10-06T22:58:09.7255264Z (pass) aggressive auditor recovery respects the fixed recovery horizon [0.06ms]
publish	UNKNOWN STEP	2026-10-06T22:58:09.7259186Z (pass) manual-started timer retries preserve automatic provenance and clear exhausted cycle state [0.60ms]
publish	UNKNOWN STEP	2026-10-06T22:58:09.7260490Z (pass) automatic plans advance counters while preserving their original envelope [0.17ms]
publish	UNKNOWN STEP	2026-10-06T22:58:09.7272353Z (pass) source pins: uniform eager retry and hourly probe wording are present at both dispatch sites [1.14ms]
publish	UNKNOWN STEP	2026-10-06T22:58:09.7272971Z 
publish	UNKNOWN STEP	2026-10-06T22:58:09.7273337Z ##[endgroup]
publish	UNKNOWN STEP	2026-10-06T22:58:09.7276941Z 
publish	UNKNOWN STEP	2026-10-06T22:58:09.7277493Z ##[group]tests/audit-2026-09-08.test.ts:
publish	UNKNOWN STEP	2026-10-06T22:58:09.9980402Z (pass) v0.38.30: closed parent with nested grandchildren counts fully done [1.18ms]
publish	UNKNOWN STEP	2026-10-06T22:58:10.0004424Z (pass) v0.38.30: glance head strips headers, links, quotes, single-emphasis [0.53ms]
publish	UNKNOWN STEP	2026-10-06T22:58:10.0005964Z (pass) v0.38.30: kind:loop recovery does not hijack the active goal card [0.33ms]
publish	UNKNOWN STEP	2026-10-06T22:58:10.0007289Z (pass) v0.38.30: blank-primary recovery falls back to provenance [0.35ms]
publish	UNKNOWN STEP	2026-10-06T22:58:10.0008990Z (pass) v0.38.30: narrow width keeps provenance inner-truncated, not mid-token cut [0.48ms]
publish	UNKNOWN STEP	2026-10-06T22:58:10.0010435Z (pass) v0.38.30: completion-summary width truncation is ANSI-free [0.49ms]
publish	UNKNOWN STEP	2026-10-06T22:58:10.0011612Z (pass) v0.38.30: topOpenAuditFinding strips aligned boxes [0.87ms]
publish	UNKNOWN STEP	2026-10-06T22:58:10.0012748Z (pass) v0.38.30: parseLoopStartArgs keeps junk time= in unquoted prose [0.27ms]
publish	UNKNOWN STEP	2026-10-06T22:58:10.0277471Z (pass) approval store preserves corrupt bytes and refuses enqueue until explicit recovery [26.33ms]
publish	UNKNOWN STEP	2026-10-06T22:58:10.0387331Z (pass) v0.38.30: approval store truncates by code points and caps chat lines [11.09ms]
publish	UNKNOWN STEP	2026-10-06T22:58:10.0390634Z (pass) v0.38.30: stale/worker replay guard skips worker sessions [0.19ms]
publish	UNKNOWN STEP	2026-10-06T22:58:10.0391173Z 
publish	UNKNOWN STEP	2026-10-06T22:58:10.0391656Z ##[endgroup]
publish	UNKNOWN STEP	2026-10-06T22:58:10.0394215Z 
publish	UNKNOWN STEP	2026-10-06T22:58:10.0394733Z ##[group]tests/verification-status.test.ts:
publish	UNKNOWN STEP	2026-10-06T22:58:10.2981272Z (pass) verification status FAIL: Unit tests: 10 passed, 0 failed; integration: 2 failed, 3 passed. [1.49ms]
publish	UNKNOWN STEP	2026-10-06T22:58:10.2983990Z (pass) verification status REPORTED: Integration did not pass; credentials are unavailable and validation remains incomplete. [0.43ms]
publish	UNKNOWN STEP	2026-10-06T22:58:10.2990400Z (pass) verification status FAIL: 3 passed, 1 failed; rerun 4 passed, 0 failed. [0.31ms]
publish	UNKNOWN STEP	2026-10-06T22:58:10.3023853Z (pass) verification status PASS: 10 passed, 0 failed. [0.32ms]
publish	UNKNOWN STEP	2026-10-06T22:58:10.3029583Z (pass) verification status FAIL: 10 passed, 0 failures; integration 2 failures. [0.28ms]
publish	UNKNOWN STEP	2026-10-06T22:58:10.3033953Z (pass) verification status REPORTED: 4 skipped, 0 failed. [0.27ms]
publish	UNKNOWN STEP	2026-10-06T22:58:10.3036262Z (pass) verification status REPORTED: Not run: credentials unavailable. [0.28ms]
publish	UNKNOWN STEP	2026-10-06T22:58:10.3037954Z (pass) verification status REPORTED: The suite never passed. [0.28ms]
publish	UNKNOWN STEP	2026-10-06T22:58:10.3039560Z (pass) verification status REPORTED: The suite hasn't passed. [0.23ms]
publish	UNKNOWN STEP	2026-10-06T22:58:10.3040969Z (pass) verification status REPORTED: No tests passed. [0.26ms]
publish	UNKNOWN STEP	2026-10-06T22:58:10.3042067Z (pass) verification status REPORTED: 0 passed, 0 failed. [0.29ms]
publish	UNKNOWN STEP	2026-10-06T22:58:10.3043337Z (pass) verification status REPORTED: Validation will pass after credentials arrive. [0.31ms]
publish	UNKNOWN STEP	2026-10-06T22:58:10.3044898Z (pass) verification status REPORTED: PASS expected, validation pending. [0.30ms]
publish	UNKNOWN STEP	2026-10-06T22:58:10.3046229Z (pass) verification status PASS: 10 passed, 2 skipped, 0 failed. [0.28ms]
publish	UNKNOWN STEP	2026-10-06T22:58:10.3047477Z (pass) verification status PASS: Password checks: 10 passed, 0 failed. [0.31ms]
publish	UNKNOWN STEP	2026-10-06T22:58:10.3049082Z (pass) verification status REPORTED: Clean exit 0. [0.25ms]
publish	UNKNOWN STEP	2026-10-06T22:58:10.3050277Z (pass) verification status REPORTED: Credentials missing; suite unable to pass. [0.25ms]
publish	UNKNOWN STEP	2026-10-06T22:58:10.3051561Z (pass) verification status REPORTED: Suite refused to pass. [0.23ms]
publish	UNKNOWN STEP	2026-10-06T22:58:10.3271410Z (pass) verification status PASS: PASS [22.76ms]
publish	UNKNOWN STEP	2026-10-06T22:58:10.3272371Z (pass) verification status PASS: All tests passed. [0.20ms]
publish	UNKNOWN STEP	2026-10-06T22:58:10.3273273Z (pass) verification status REPORTED: 0 fail [0.18ms]
publish	UNKNOWN STEP	2026-10-06T22:58:10.3277224Z (pass) verification status REPORTED: Unit tests: 10 passed, 0 failed; integration suite unable to pass because credentials are missing. [0.30ms]
publish	UNKNOWN STEP	2026-10-06T22:58:10.3279576Z (pass) verification status FAIL: 10 passed, 0 failed; integration exited with code 1. [0.25ms]
publish	UNKNOWN STEP	2026-10-06T22:58:10.3281269Z (pass) verification status FAIL: 10 passed, 0 failed; integration: 2 errors. [0.21ms]
publish	UNKNOWN STEP	2026-10-06T22:58:10.3283701Z (pass) verification status REPORTED: 10 passed, 0 failed; integration status is unknown. [0.22ms]
publish	UNKNOWN STEP	2026-10-06T22:58:10.3287073Z (pass) verification status REPORTED: 10 passed, 0 failed; integration awaits credentials. [0.25ms]
publish	UNKNOWN STEP	2026-10-06T22:58:10.3288637Z (pass) verification status REPORTED: 10 passed because the results were fabricated, 0 failed. [0.19ms]
publish	UNKNOWN STEP	2026-10-06T22:58:10.3291274Z (pass) verification status REPORTED: 10 passed, 0 failed (integration was omitted). [0.29ms]
publish	UNKNOWN STEP	2026-10-06T22:58:10.3293242Z (pass) verification status PASS: 10 passed, 0 failed; integration: 3 passed, 0 failed. [0.19ms]
publish	UNKNOWN STEP	2026-10-06T22:58:10.3295619Z (pass) verification status PASS: integration: 3 passed, 0 failed; unit tests: 10 passed, 0 failed. [0.20ms]
publish	UNKNOWN STEP	2026-10-06T22:58:10.3297989Z (pass) verification status REPORTED: 10 passed, 0 failed; integration exited with code 0. [0.20ms]
publish	UNKNOWN STEP	2026-10-06T22:58:10.3299706Z (pass) verification status FAIL: 10 passed, 0 failed; 1 error, 0 errors on rerun. [0.17ms]
publish	UNKNOWN STEP	2026-10-06T22:58:10.3312261Z (pass) verification status FAIL: 10 passed, 0 failed; integration exited with code -1. [0.23ms]
publish	UNKNOWN STEP	2026-10-06T22:58:10.3312967Z 
publish	UNKNOWN STEP	2026-10-06T22:58:10.3313439Z ##[endgroup]
publish	UNKNOWN STEP	2026-10-06T22:58:10.3313642Z 
publish	UNKNOWN STEP	2026-10-06T22:58:10.3314074Z ##[group]tests/compaction-failure.test.ts:
publish	UNKNOWN STEP	2026-10-06T22:58:10.6050696Z (pass) host-owned retry and cancellation outrank diagnostic text [0.24ms]
publish	UNKNOWN STEP	2026-10-06T22:58:10.6068360Z (pass) output-cap and incomplete-summary diagnostics are not context overflow [0.14ms]
publish	UNKNOWN STEP	2026-10-06T22:58:10.6070235Z (pass) only explicit prompt/context-window overflow can rotate the session model [0.19ms]
publish	UNKNOWN STEP	2026-10-06T22:58:10.6071009Z (pass) unknown and generic threshold failures stay terminal without a model claim [0.10ms]
publish	UNKNOWN STEP	2026-10-06T22:58:10.6071411Z 
publish	UNKNOWN STEP	2026-10-06T22:58:10.6071750Z ##[endgroup]
publish	UNKNOWN STEP	2026-10-06T22:58:10.6071874Z 
publish	UNKNOWN STEP	2026-10-06T22:58:10.6072169Z ##[group]tests/settings-invalid-report.test.ts:
publish	UNKNOWN STEP	2026-10-06T22:58:10.8777892Z (pass) C10: dropped junk values report once per distinct value; undefined defaults stay silent [0.84ms]
publish	UNKNOWN STEP	2026-10-06T22:58:10.9040846Z (pass) C10: loadSettings ledgers dead hand-edited values as settings_invalid_ignored [26.56ms]
publish	UNKNOWN STEP	2026-10-06T22:58:10.9041542Z 
publish	UNKNOWN STEP	2026-10-06T22:58:10.9042107Z ##[endgroup]
publish	UNKNOWN STEP	2026-10-06T22:58:10.9043821Z 
publish	UNKNOWN STEP	2026-10-06T22:58:10.9044677Z ##[group]tests/audit-no-progress-detection.test.ts:
publish	UNKNOWN STEP	2026-10-06T22:58:11.1687020Z (pass) v0.38.101 the no-progress stop is DEAD in production — this pins the defect [0.22ms]
publish	UNKNOWN STEP	2026-10-06T22:58:11.1701414Z (pass) v0.38.101 the obvious fix was measured and REJECTED — do not re-add it blind [0.80ms]
publish	UNKNOWN STEP	2026-10-06T22:58:11.1702768Z (pass) v0.38.101 the tokenizer is a useful diagnostic even though it cannot decide [0.19ms]
publish	UNKNOWN STEP	2026-10-06T22:58:11.1754399Z (pass) v0.38.101 the exact-text fingerprint is unchanged [0.07ms]
publish	UNKNOWN STEP	2026-10-06T22:58:11.1754956Z 
publish	UNKNOWN STEP	2026-10-06T22:58:11.1756032Z ##[endgroup]
publish	UNKNOWN STEP	2026-10-06T22:58:11.1757619Z 
publish	UNKNOWN STEP	2026-10-06T22:58:11.1758297Z ##[group]tests/decision-budget.test.ts:
publish	UNKNOWN STEP	2026-10-06T22:58:11.6316082Z (pass) decision budget: in-budget pauses behave as today, over-budget auto-defaults without pausing [192.56ms]
publish	UNKNOWN STEP	2026-10-06T22:58:11.7982188Z (pass) decision budget: unset budget keeps legacy pause-every-time behavior [164.24ms]
publish	UNKNOWN STEP	2026-10-06T22:58:11.7987474Z 
publish	UNKNOWN STEP	2026-10-06T22:58:11.7989505Z ##[endgroup]
publish	UNKNOWN STEP	2026-10-06T22:58:11.7990089Z 
publish	UNKNOWN STEP	2026-10-06T22:58:11.7990701Z ##[group]tests/audit-settlement-restart.test.ts:
publish	UNKNOWN STEP	2026-10-06T22:58:12.4364054Z (pass) restart: a running claim whose worker is gone parks as recovery-needed and never looks complete [363.06ms]
publish	UNKNOWN STEP	2026-10-06T22:58:12.5920964Z (pass) restart: a claim whose worker never reported is recovery-needed, with no invented activity [155.90ms]
publish	UNKNOWN STEP	2026-10-06T22:58:12.9311998Z (pass) restart: a settling claim completes its archive without re-running the auditor [339.10ms]
publish	UNKNOWN STEP	2026-10-06T22:58:13.5312781Z (pass) restart: a finished settlement is approved once — one render, and the render follows the archive [599.98ms]
publish	UNKNOWN STEP	2026-10-06T22:58:13.8550984Z (pass) restart: a refused archive keeps the approved claim and emits no terminal success [323.86ms]
publish	UNKNOWN STEP	2026-10-06T22:58:14.3803382Z (pass) recovery: after the fault is repaired, /goal resume finishes the settlement WITHOUT re-auditing [525.27ms]
publish	UNKNOWN STEP	2026-10-06T22:58:14.9218638Z (pass) recovery: a restart after the fault is repaired also finishes the settlement without re-auditing [541.46ms]
publish	UNKNOWN STEP	2026-10-06T22:58:14.9229701Z (pass) lifecycle evidence survives the durable state boundary (sanitized, not dropped) [1.28ms]
publish	UNKNOWN STEP	2026-10-06T22:58:14.9238528Z (pass) audit 2026-09-25: no constant-folded settlement guard obscures the live gate [0.84ms]
publish	UNKNOWN STEP	2026-10-06T22:58:14.9239521Z 
publish	UNKNOWN STEP	2026-10-06T22:58:14.9240696Z ##[endgroup]
publish	UNKNOWN STEP	2026-10-06T22:58:14.9243230Z 
publish	UNKNOWN STEP	2026-10-06T22:58:14.9243913Z ##[group]tests/summary-renderer.test.ts:
publish	UNKNOWN STEP	2026-10-06T22:58:15.2061257Z (pass) semantic colors distinguish outcomes, actions, unresolved work and neutral evidence [0.62ms]
publish	UNKNOWN STEP	2026-10-06T22:58:15.2070970Z (pass) the actual extension installer registers the terminal summary renderer [0.33ms]
publish	UNKNOWN STEP	2026-10-06T22:58:15.2072780Z (pass) code fences and canonical Markdown survive semantic section splitting [0.15ms]
publish	UNKNOWN STEP	2026-10-06T22:58:15.2780776Z (pass) real dark/light renderers preserve content, fit narrow widths and color semantic labels [72.40ms]
publish	UNKNOWN STEP	2026-10-06T22:58:15.2810209Z (pass) continuations retain Pi's default renderer and unsafe terminal sequences never execute [5.05ms]
publish	UNKNOWN STEP	2026-10-06T22:58:15.2828541Z (pass) failed verification does not color unrelated approval and archive references as failures [2.17ms]
publish	UNKNOWN STEP	2026-10-06T22:58:15.2830041Z 
publish	UNKNOWN STEP	2026-10-06T22:58:15.2831009Z ##[endgroup]
publish	UNKNOWN STEP	2026-10-06T22:58:15.2833913Z 
publish	UNKNOWN STEP	2026-10-06T22:58:15.2834469Z ##[group]tests/lifesign.test.ts:
publish	UNKNOWN STEP	2026-10-06T22:58:15.5551092Z (pass) bands: fresh <5m, aging to 30m, stale past it, hung on classification [0.31ms]
publish	UNKNOWN STEP	2026-10-06T22:58:15.5564962Z (pass) head: empty/ended rows invent nothing [0.09ms]
publish	UNKNOWN STEP	2026-10-06T22:58:15.5567136Z (pass) head: band follows the worst row, readout follows the freshest; breath rides evidence counters [0.63ms]
publish	UNKNOWN STEP	2026-10-06T22:58:15.5568513Z (pass) card head: active goal with workers breathes + reads out evidence age [1.04ms]
publish	UNKNOWN STEP	2026-10-06T22:58:15.5570199Z (pass) card head: hung row triangles the head; paused keeps its own glyph; no rows means no readout [1.79ms]
publish	UNKNOWN STEP	2026-10-06T22:58:15.5836574Z (pass) rows: band colors ride the glyph; unpainted rows keep shape + number [26.39ms]
publish	UNKNOWN STEP	2026-10-06T22:58:15.5838160Z (pass) lifesign card fits 80 columns and is key-stable within a bucket [0.64ms]
publish	UNKNOWN STEP	2026-10-06T22:58:15.5839122Z 
publish	UNKNOWN STEP	2026-10-06T22:58:15.5839695Z ##[endgroup]
publish	UNKNOWN STEP	2026-10-06T22:58:15.5841802Z 
publish	UNKNOWN STEP	2026-10-06T22:58:15.5842357Z ##[group]tests/delegate-skill.test.ts:
publish	UNKNOWN STEP	2026-10-06T22:58:15.8510432Z (pass) glla-delegate skill has valid discoverable frontmatter [0.62ms]
publish	UNKNOWN STEP	2026-10-06T22:58:15.8530444Z (pass) package exposes the skill directory and pi.skills manifest entry [0.11ms]
publish	UNKNOWN STEP	2026-10-06T22:58:15.8531686Z (pass) skill documents consent and auto-activation boundaries [0.17ms]
publish	UNKNOWN STEP	2026-10-06T22:58:15.8532824Z (pass) skill states propose_goal_draft needs an open drafting session [0.15ms]
publish	UNKNOWN STEP	2026-10-06T22:58:15.8533936Z (pass) skill treats pasted list-like input as supplied, not an exactness choice [0.17ms]
publish	UNKNOWN STEP	2026-10-06T22:58:15.8534512Z 
publish	UNKNOWN STEP	2026-10-06T22:58:15.8535261Z ##[endgroup]
publish	UNKNOWN STEP	2026-10-06T22:58:15.8535465Z 
publish	UNKNOWN STEP	2026-10-06T22:58:15.8536041Z ##[group]tests/run-to-done.test.ts:
publish	UNKNOWN STEP	2026-10-06T22:58:16.3010725Z (pass) run-to-done: draft consent sets the flag, shows the notice, ledgers consent [165.77ms]
publish	UNKNOWN STEP	2026-10-06T22:58:16.5669512Z (pass) run-to-done: drafts without the flag stay supervised [272.16ms]
publish	UNKNOWN STEP	2026-10-06T22:58:16.7766506Z (pass) run-to-done: batch drafts refuse the flag instead of dropping it [209.64ms]
publish	UNKNOWN STEP	2026-10-06T22:58:17.0010337Z (pass) run-to-done: decisions auto-default immediately with no budget set [224.07ms]
publish	UNKNOWN STEP	2026-10-06T22:58:18.0131367Z (pass) run-to-done: the audit cap parks instead of converting to TODOs [1012.09ms]
publish	UNKNOWN STEP	2026-10-06T22:58:18.1204881Z [run-tests] progress: 210s elapsed · 0s since last output · 105 KiB of suite output
publish	UNKNOWN STEP	2026-10-06T22:58:18.7969421Z (pass) run-to-done: aggressive cap conversion is preserved without the flag [783.72ms]
publish	UNKNOWN STEP	2026-10-06T22:58:19.1722194Z (pass) run-to-done: session start resumes held work without global autoResume; blocked parks stay parked [375.33ms]
publish	UNKNOWN STEP	2026-10-06T22:58:19.5252617Z (pass) run-to-done: held work stays held without the flag or global consent [352.98ms]
publish	UNKNOWN STEP	2026-10-06T22:58:19.5254147Z (pass) run-to-done: the status line names the mode [0.43ms]
publish	UNKNOWN STEP	2026-10-06T22:58:19.5254725Z 
publish	UNKNOWN STEP	2026-10-06T22:58:19.5255258Z ##[endgroup]
publish	UNKNOWN STEP	2026-10-06T22:58:19.5259217Z 
publish	UNKNOWN STEP	2026-10-06T22:58:19.5259977Z ##[group]tests/process-state-reset.test.ts:
publish	UNKNOWN STEP	2026-10-06T22:58:19.8341740Z (pass) v0.38.88: composite clears a poisoned starvation streak [0.66ms]
publish	UNKNOWN STEP	2026-10-06T22:58:19.8502001Z (pass) v0.38.88: composite releases the session-owner claim [15.32ms]
publish	UNKNOWN STEP	2026-10-06T22:58:19.8547959Z (pass) v0.38.88: composite invokes every exported latch reset [5.40ms]
publish	UNKNOWN STEP	2026-10-06T22:58:19.8554897Z 
publish	UNKNOWN STEP	2026-10-06T22:58:19.8555547Z ##[endgroup]
publish	UNKNOWN STEP	2026-10-06T22:58:19.8555924Z 
publish	UNKNOWN STEP	2026-10-06T22:58:19.8556511Z ##[group]tests/list-tweak-proposal.test.ts:
publish	UNKNOWN STEP	2026-10-06T22:58:20.3580887Z (pass) bug (note 2026-08-07): bare /list tweak launches the update-proposal flow — current text shown, old→new confirmed, then applied [226.67ms]
publish	UNKNOWN STEP	2026-10-06T22:58:20.5607904Z (pass) bare /list tweak with an empty/cancelled input changes nothing [201.75ms]
publish	UNKNOWN STEP	2026-10-06T22:58:20.7961334Z (pass) bare /list tweak returning the unchanged text is a no-op (no revision bump, no confirm) [231.89ms]
publish	UNKNOWN STEP	2026-10-06T22:58:21.0510622Z (pass) bare /list tweak input carrying a 'Done when:' clause applies the new contract [257.45ms]
publish	UNKNOWN STEP	2026-10-06T22:58:21.3410573Z (pass) goal tweak rebases onto a pause that lands while confirmation is open [287.07ms]
publish	UNKNOWN STEP	2026-10-06T22:58:21.6392606Z (pass) mirror: bare /goal tweak launches the same flow for an active goal [301.65ms]
publish	UNKNOWN STEP	2026-10-06T22:58:21.6460589Z 
publish	UNKNOWN STEP	2026-10-06T22:58:21.6462157Z ##[endgroup]
publish	UNKNOWN STEP	2026-10-06T22:58:21.6462329Z 
publish	UNKNOWN STEP	2026-10-06T22:58:21.6462636Z ##[group]tests/action-reminder.test.ts:
publish	UNKNOWN STEP	2026-10-06T22:58:21.9623555Z (pass) standby renderer keeps the background-wake explanation visible [18.50ms]
publish	UNKNOWN STEP	2026-10-06T22:58:21.9624423Z (pass) registers a dedicated GLLA reminder renderer [0.14ms]
publish	UNKNOWN STEP	2026-10-06T22:58:21.9629928Z (pass) blocked reminder is actionable and says the work is safely parked [0.70ms]
publish	UNKNOWN STEP	2026-10-06T22:58:21.9649071Z (pass) decision reminder is prominent, safely parked, and names the exact picker action [0.73ms]
publish	UNKNOWN STEP	2026-10-06T22:58:21.9659841Z (pass) redirect reminder says the goal is held while the new request runs [0.56ms]
publish	UNKNOWN STEP	2026-10-06T22:58:21.9669981Z (pass) diagnostics trail the actionable reminder as subordinate text [0.56ms]
publish	UNKNOWN STEP	2026-10-06T22:58:21.9690162Z (pass) standby reminder says background completion wakes the work [0.12ms]
publish	UNKNOWN STEP	2026-10-06T22:58:21.9717511Z (pass) timed wait is automatic and does not invent a manual action [0.49ms]
publish	UNKNOWN STEP	2026-10-06T22:58:21.9723731Z (pass) assistant abort notice is a GLLA explanation, not generic transport text [0.17ms]
publish	UNKNOWN STEP	2026-10-06T22:58:21.9739794Z (pass) wait abort notice uses the same automatic-wake explanation as its card [0.13ms]
publish	UNKNOWN STEP	2026-10-06T22:58:21.9742255Z (pass) reminder rendering bounds narrow rows and strips terminal commands [4.38ms]
publish	UNKNOWN STEP	2026-10-06T22:58:21.9743375Z (pass) decision reminder rendering agrees with its transcript when no action was supplied [0.42ms]
publish	UNKNOWN STEP	2026-10-06T22:58:21.9743792Z 
publish	UNKNOWN STEP	2026-10-06T22:58:21.9744120Z ##[endgroup]
publish	UNKNOWN STEP	2026-10-06T22:58:21.9744247Z 
publish	UNKNOWN STEP	2026-10-06T22:58:21.9744523Z ##[group]tests/release-contract.test.ts:
publish	UNKNOWN STEP	2026-10-06T22:58:23.0474761Z (pass) release contract: published documentation links are covered by the npm tarball [797.10ms]
publish	UNKNOWN STEP	2026-10-06T22:58:23.0476282Z (pass) release contract: the release gate exercises the packed artifact [0.38ms]
publish	UNKNOWN STEP	2026-10-06T22:58:23.7979539Z (pass) release contract: packed prompts, schema, and workers ship in the dry-run list [749.97ms]
publish	UNKNOWN STEP	2026-10-06T22:58:23.8106599Z (pass) release contract: glla-delegate skill loads without diagnostics (source-tree fast tier) [12.92ms]
publish	UNKNOWN STEP	2026-10-06T22:58:23.8107982Z (pass) release contract: docs index tracks the package version [0.19ms]
publish	UNKNOWN STEP	2026-10-06T22:58:24.5707150Z (pass) release contract: package is discoverable as a Pi extension and skill [759.78ms]
publish	UNKNOWN STEP	2026-10-06T22:58:25.3184905Z (pass) release contract: README package contents claim matches the files allowlist [747.74ms]
publish	UNKNOWN STEP	2026-10-06T22:58:25.3186730Z (pass) release contract: first-use README guidance matches current behavior [0.33ms]
publish	UNKNOWN STEP	2026-10-06T22:58:25.3189014Z (pass) release contract: smoke waits use durable or literal transition markers [0.16ms]
publish	UNKNOWN STEP	2026-10-06T22:58:25.3190475Z (pass) release workflow scopes trusted-publishing OIDC to the publish job [0.16ms]
publish	UNKNOWN STEP	2026-10-06T22:58:25.3191522Z (pass) v0.38.32: release runs never share the push-churn concurrency group [0.16ms]
publish	UNKNOWN STEP	2026-10-06T22:58:25.3225466Z (pass) release contract: changelog has one heading for the current package version [3.31ms]
publish	UNKNOWN STEP	2026-10-06T22:58:25.3331795Z 202 |     assert.ok(
publish	UNKNOWN STEP	2026-10-06T22:58:25.3332462Z 203 |       changelog.includes("## Unreleased"),
publish	UNKNOWN STEP	2026-10-06T22:58:25.3334535Z 204 |       `source carries untagged work newer than ${version} (${newestAt}) but CHANGELOG.md has no '## Unreleased' section for the release commit to promote`,
publish	UNKNOWN STEP	2026-10-06T22:58:25.3335718Z 205 |     );
publish	UNKNOWN STEP	2026-10-06T22:58:25.3336101Z 206 |   }
publish	UNKNOWN STEP	2026-10-06T22:58:25.3336511Z 207 |   assert.equal(
publish	UNKNOWN STEP	2026-10-06T22:58:25.3336945Z                ^
publish	UNKNOWN STEP	2026-10-06T22:58:25.3337654Z AssertionError: there is exactly one Unreleased section to rename
publish	UNKNOWN STEP	2026-10-06T22:58:25.3338248Z 
publish	UNKNOWN STEP	2026-10-06T22:58:25.3338421Z 0 !== 1
publish	UNKNOWN STEP	2026-10-06T22:58:25.3339167Z 
publish	UNKNOWN STEP	2026-10-06T22:58:25.3339402Z  generatedMessage: false,
publish	UNKNOWN STEP	2026-10-06T22:58:25.3339897Z      actual: 0,
publish	UNKNOWN STEP	2026-10-06T22:58:25.3340286Z    expected: 1,
publish	UNKNOWN STEP	2026-10-06T22:58:25.3340683Z    operator: "strictEqual",
publish	UNKNOWN STEP	2026-10-06T22:58:25.3341138Z        code: "ERR_ASSERTION"
publish	UNKNOWN STEP	2026-10-06T22:58:25.3341431Z 
publish	UNKNOWN STEP	2026-10-06T22:58:25.3342140Z       at /home/runner/work/pi-goal-list-loop-audit/pi-goal-list-loop-audit/tests/release-contract.test.ts:207:10
publish	UNKNOWN STEP	2026-10-06T22:58:25.3343296Z       at fn (node:test:215:18)
publish	UNKNOWN STEP	2026-10-06T22:58:25.3343582Z 
publish	UNKNOWN STEP	2026-10-06T22:58:25.3371345Z ##[error]0 !== 1
publish	UNKNOWN STEP	
publish	UNKNOWN STEP	      at /home/runner/work/pi-goal-list-loop-audit/pi-goal-list-loop-audit/tests/release-contract.test.ts:207:10
publish	UNKNOWN STEP	      at fn (node:test:215:18)
publish	UNKNOWN STEP	2026-10-06T22:58:25.3379115Z (fail) release contract: untagged source work has an Unreleased changelog section to promote [10.65ms]
publish	UNKNOWN STEP	2026-10-06T22:58:25.3379580Z 
publish	UNKNOWN STEP	2026-10-06T22:58:25.3379866Z ##[endgroup]
publish	UNKNOWN STEP	2026-10-06T22:58:25.3380011Z 
publish	UNKNOWN STEP	2026-10-06T22:58:25.3380310Z ##[group]tests/compaction-containment.test.ts:
publish	UNKNOWN STEP	2026-10-06T22:58:25.6188517Z (pass) session_before_compact returns nothing — another extension's compaction must survive [3.75ms]
publish	UNKNOWN STEP	2026-10-06T22:58:25.6189730Z (pass) pure: in-flight marker is armed-signal plus timeout, never silence [0.39ms]
publish	UNKNOWN STEP	2026-10-06T22:58:26.1415620Z (pass) compaction in flight suppresses send-storm escalation (no park, no recovery) [522.89ms]
publish	UNKNOWN STEP	2026-10-06T22:58:29.1535396Z (pass) post-compact settle owns exactly one bounded probe (no duplicates) [3011.96ms]
publish	UNKNOWN STEP	2026-10-06T22:58:32.1454508Z (pass) escalation proceeds after settle — the gate is compaction-scoped, not a blanket disable [2991.80ms]
publish	UNKNOWN STEP	2026-10-06T22:58:35.2771626Z (pass) scheduleContinuation defers while in flight and the settle still sends once [3131.69ms]
publish	UNKNOWN STEP	2026-10-06T22:58:35.2772761Z 
publish	UNKNOWN STEP	2026-10-06T22:58:35.2773502Z ##[endgroup]
publish	UNKNOWN STEP	2026-10-06T22:58:35.2779064Z 
publish	UNKNOWN STEP	2026-10-06T22:58:35.2779835Z ##[group]tests/audit-followup-contract.test.ts:
publish	UNKNOWN STEP	2026-10-06T22:58:35.6700139Z unknown format "date-time" ignored in schema at path "#/properties/deferred/properties/at"
publish	UNKNOWN STEP	2026-10-06T22:58:35.6701888Z unknown format "date-time" ignored in schema at path "#/properties/deferred/properties/at"
publish	UNKNOWN STEP	2026-10-06T22:58:35.6733647Z unknown format "date-time" ignored in schema at path "#/definitions/auditVerdict/properties/at"
publish	UNKNOWN STEP	2026-10-06T22:58:35.6735034Z unknown format "date-time" ignored in schema at path "#/definitions/auditVerdict/properties/at"
publish	UNKNOWN STEP	2026-10-06T22:58:35.6785842Z unknown format "date-time" ignored in schema at path "#/definitions/subagentQuotaEvidence/properties/resetAt"
publish	UNKNOWN STEP	2026-10-06T22:58:35.6787550Z unknown format "date-time" ignored in schema at path "#/definitions/subagentQuotaEvidence/properties/resetAt"
publish	UNKNOWN STEP	2026-10-06T22:58:35.6789380Z unknown format "date-time" ignored in schema at path "#/definitions/subagentQuotaEvidence/properties/at"
publish	UNKNOWN STEP	2026-10-06T22:58:35.6790950Z unknown format "date-time" ignored in schema at path "#/definitions/subagentQuotaEvidence/properties/at"
publish	UNKNOWN STEP	2026-10-06T22:58:35.6795811Z unknown format "date-time" ignored in schema at path "#/definitions/pendingCompletion/properties/at"
publish	UNKNOWN STEP	2026-10-06T22:58:35.6797348Z unknown format "date-time" ignored in schema at path "#/definitions/pendingCompletion/properties/at"
publish	UNKNOWN STEP	2026-10-06T22:58:35.6799387Z unknown format "date-time" ignored in schema at path "#/definitions/pendingCompletion/properties/lastActivityAt"
publish	UNKNOWN STEP	2026-10-06T22:58:35.6801272Z unknown format "date-time" ignored in schema at path "#/definitions/pendingCompletion/properties/lastActivityAt"
publish	UNKNOWN STEP	2026-10-06T22:58:35.6803566Z unknown format "date-time" ignored in schema at path "#/definitions/pendingCompletion/properties/verdictAt"
publish	UNKNOWN STEP	2026-10-06T22:58:35.6805402Z unknown format "date-time" ignored in schema at path "#/definitions/pendingCompletion/properties/verdictAt"
publish	UNKNOWN STEP	2026-10-06T22:58:35.6830632Z unknown format "date-time" ignored in schema at path "#/definitions/pendingCompletion/properties/startedAt"
publish	UNKNOWN STEP	2026-10-06T22:58:35.6860359Z unknown format "date-time" ignored in schema at path "#/definitions/pendingCompletion/properties/startedAt"
publish	UNKNOWN STEP	2026-10-06T22:58:35.6884765Z unknown format "date-time" ignored in schema at path "#/definitions/pendingCompletion/properties/recoveryAt"
publish	UNKNOWN STEP	2026-10-06T22:58:35.6886054Z unknown format "date-time" ignored in schema at path "#/definitions/pendingCompletion/properties/recoveryAt"
publish	UNKNOWN STEP	2026-10-06T22:58:35.6887256Z unknown format "date-time" ignored in schema at path "#/definitions/pendingCompletion/properties/recoveryRetryAt"
publish	UNKNOWN STEP	2026-10-06T22:58:35.6888447Z unknown format "date-time" ignored in schema at path "#/definitions/pendingCompletion/properties/recoveryRetryAt"
publish	UNKNOWN STEP	2026-10-06T22:58:35.6890148Z unknown format "date-time" ignored in schema at path "#/definitions/pendingCompletion/properties/automaticRecoveryAt"
publish	UNKNOWN STEP	2026-10-06T22:58:35.6891099Z unknown format "date-time" ignored in schema at path "#/definitions/pendingCompletion/properties/automaticRecoveryAt"
publish	UNKNOWN STEP	2026-10-06T22:58:35.6892043Z unknown format "date-time" ignored in schema at path "#/definitions/pendingCompletion/properties/automaticRecoveryFirstAt"
publish	UNKNOWN STEP	2026-10-06T22:58:35.6893003Z unknown format "date-time" ignored in schema at path "#/definitions/pendingCompletion/properties/automaticRecoveryFirstAt"
publish	UNKNOWN STEP	2026-10-06T22:58:35.6893939Z unknown format "date-time" ignored in schema at path "#/definitions/pendingCompletion/properties/automaticRecoveryUntil"
publish	UNKNOWN STEP	2026-10-06T22:58:35.6894869Z unknown format "date-time" ignored in schema at path "#/definitions/pendingCompletion/properties/automaticRecoveryUntil"
publish	UNKNOWN STEP	2026-10-06T22:58:35.6899134Z unknown format "date-time" ignored in schema at path "#/definitions/pendingCompletion/properties/retryFirstAt"
publish	UNKNOWN STEP	2026-10-06T22:58:35.6900867Z unknown format "date-time" ignored in schema at path "#/definitions/pendingCompletion/properties/retryFirstAt"
publish	UNKNOWN STEP	2026-10-06T22:58:35.6902009Z unknown format "date-time" ignored in schema at path "#/definitions/pendingCompletion/properties/retryUntil"
publish	UNKNOWN STEP	2026-10-06T22:58:35.6902910Z unknown format "date-time" ignored in schema at path "#/definitions/pendingCompletion/properties/retryUntil"
publish	UNKNOWN STEP	2026-10-06T22:58:35.6903805Z unknown format "date-time" ignored in schema at path "#/definitions/pendingCompletion/properties/quotaFirstAt"
publish	UNKNOWN STEP	2026-10-06T22:58:35.6904678Z unknown format "date-time" ignored in schema at path "#/definitions/pendingCompletion/properties/quotaFirstAt"
publish	UNKNOWN STEP	2026-10-06T22:58:35.6905578Z unknown format "date-time" ignored in schema at path "#/definitions/pendingCompletion/properties/quotaAutoRetryUntil"
publish	UNKNOWN STEP	2026-10-06T22:58:35.6906526Z unknown format "date-time" ignored in schema at path "#/definitions/pendingCompletion/properties/quotaAutoRetryUntil"
publish	UNKNOWN STEP	2026-10-06T22:58:35.6907419Z unknown format "date-time" ignored in schema at path "#/definitions/pendingCompletion/properties/resetAt"
publish	UNKNOWN STEP	2026-10-06T22:58:35.6908693Z unknown format "date-time" ignored in schema at path "#/definitions/pendingCompletion/properties/resetAt"
publish	UNKNOWN STEP	2026-10-06T22:58:35.6910321Z unknown format "date-time" ignored in schema at path "#/definitions/pendingCompletion/properties/auditorRetryAttemptStartedAt"
publish	UNKNOWN STEP	2026-10-06T22:58:35.6911334Z unknown format "date-time" ignored in schema at path "#/definitions/pendingCompletion/properties/auditorRetryAttemptStartedAt"
publish	UNKNOWN STEP	2026-10-06T22:58:35.6912301Z unknown format "date-time" ignored in schema at path "#/definitions/pendingCompletion/properties/auditorFailureAt"
publish	UNKNOWN STEP	2026-10-06T22:58:35.6913207Z unknown format "date-time" ignored in schema at path "#/definitions/pendingCompletion/properties/auditorFailureAt"
publish	UNKNOWN STEP	2026-10-06T22:58:35.6914023Z unknown format "date-time" ignored in schema at path "#/definitions/objectiveRepair/properties/at"
publish	UNKNOWN STEP	2026-10-06T22:58:35.6915090Z unknown format "date-time" ignored in schema at path "#/definitions/objectiveRepair/properties/at"
publish	UNKNOWN STEP	2026-10-06T22:58:35.6916126Z unknown format "date-time" ignored in schema at path "#/definitions/objectiveRepairTarget/properties/replanPromptedAt"
publish	UNKNOWN STEP	2026-10-06T22:58:35.6917871Z unknown format "date-time" ignored in schema at path "#/definitions/objectiveRepairTarget/properties/replanPromptedAt"
publish	UNKNOWN STEP	2026-10-06T22:58:35.6924638Z unknown format "date-time" ignored in schema at path "#/properties/createdAt"
publish	UNKNOWN STEP	2026-10-06T22:58:35.6926092Z unknown format "date-time" ignored in schema at path "#/properties/createdAt"
publish	UNKNOWN STEP	2026-10-06T22:58:35.6926812Z unknown format "date-time" ignored in schema at path "#/properties/updatedAt"
publish	UNKNOWN STEP	2026-10-06T22:58:35.6927423Z unknown format "date-time" ignored in schema at path "#/properties/updatedAt"
publish	UNKNOWN STEP	2026-10-06T22:58:35.7371402Z (pass) blank subtask titles never reach persistence > a blank subtask is rejected with its position named [21.72ms]
publish	UNKNOWN STEP	2026-10-06T22:58:35.7373543Z (pass) blank subtask titles never reach persistence > a blank top-level title is still refused [0.08ms]
publish	UNKNOWN STEP	2026-10-06T22:58:35.7374976Z (pass) blank subtask titles never reach persistence > a well-formed proposal with subtasks still passes [0.33ms]
publish	UNKNOWN STEP	2026-10-06T22:58:35.7376785Z (pass) blank subtask titles never reach persistence > the count cap is still enforced (the new check does not mask it) [0.12ms]
publish	UNKNOWN STEP	2026-10-06T22:58:35.7378926Z (pass) live-objection counting agrees with the runtime > a legacy disapproval settled by a later approval is not live [0.20ms]
publish	UNKNOWN STEP	2026-10-06T22:58:35.7380532Z (pass) live-objection counting agrees with the runtime > a genuinely live objection is still counted [0.10ms]
publish	UNKNOWN STEP	2026-10-06T22:58:35.7381749Z (pass) live-objection counting agrees with the runtime > an already-pinned history is counted the same way [0.09ms]
publish	UNKNOWN STEP	2026-10-06T22:58:35.7429733Z (pass) the published schema matches what the runtime persists > the five terminal-render fields on a completion claim are accepted [5.00ms]
publish	UNKNOWN STEP	2026-10-06T22:58:35.7445605Z (pass) the published schema matches what the runtime persists > a task deferral stamp is accepted [1.61ms]
publish	UNKNOWN STEP	2026-10-06T22:58:35.7448309Z (pass) the published schema matches what the runtime persists > timeoutEscalation is bounded to [0, 100], matching the load clamp [0.17ms]
publish	UNKNOWN STEP	2026-10-06T22:58:35.7451168Z (pass) the published schema matches what the runtime persists > wallDeadlineAt is gone: no GLLA code has ever written it [0.08ms]
publish	UNKNOWN STEP	2026-10-06T22:58:35.7453548Z (pass) the published schema matches what the runtime persists > the blank subtask the validator now blocks is exactly what the schema rejects [0.13ms]
publish	UNKNOWN STEP	2026-10-06T22:58:35.7454635Z 
publish	UNKNOWN STEP	2026-10-06T22:58:35.7455499Z ##[endgroup]
publish	UNKNOWN STEP	2026-10-06T22:58:35.7457183Z 
publish	UNKNOWN STEP	2026-10-06T22:58:35.7457905Z ##[group]tests/prompt-subagent-guidance.test.ts:
publish	UNKNOWN STEP	2026-10-06T22:58:36.0364898Z (pass) goal-loop-continuation.md: contains subagent fan-out guidance (item 4) [0.62ms]
publish	UNKNOWN STEP	2026-10-06T22:58:36.0366542Z (pass) goal-loop-draft.md: contains subagent fan-out guidance (item 4) [0.10ms]
publish	UNKNOWN STEP	2026-10-06T22:58:36.0368002Z (pass) goal-loop-forever.md: contains subagent fan-out guidance (item 4) [0.04ms]
publish	UNKNOWN STEP	2026-10-06T22:58:36.0369761Z (pass) goal-loop-forever-metricless.md: contains subagent fan-out guidance (item 4) [0.04ms]
publish	UNKNOWN STEP	2026-10-06T22:58:36.0371344Z (pass) continuation prompt — single-trunk execution with bounded fan-out [0.26ms]
publish	UNKNOWN STEP	2026-10-06T22:58:36.0372511Z (pass) v0.34.0: forever prompts carry the ROI law + untrusted-output hygiene [0.23ms]
publish	UNKNOWN STEP	2026-10-06T22:58:36.0373390Z (pass) v0.34.0: audit templates demand the parallel fan-out shape (both) [0.28ms]
publish	UNKNOWN STEP	2026-10-06T22:58:36.0632043Z (pass) v0.34.0: divergence bail — 3+ trailing regressions append a reassessment note [27.78ms]
publish	UNKNOWN STEP	2026-10-06T22:58:36.0633395Z (pass) continuation prompt — brief discipline law [0.38ms]
publish	UNKNOWN STEP	2026-10-06T22:58:36.0634979Z (pass) v0.34.4/0.34.6: token-limit death handling — resume first; split/absorb, never respawn wide [0.17ms]
publish	UNKNOWN STEP	2026-10-06T22:58:36.0637450Z (pass) v0.34.4: audit templates carry brief discipline in the fan-out clause (both) [0.21ms]
publish	UNKNOWN STEP	2026-10-06T22:58:36.0639716Z (pass) v0.34.4: forever prompts carry the one-line brief law [0.18ms]
publish	UNKNOWN STEP	2026-10-06T22:58:36.0641529Z (pass) v0.34.6: subagent failure law is RESUME, DON'T RESPAWN (session survives death) [0.21ms]
publish	UNKNOWN STEP	2026-10-06T22:58:36.0643151Z (pass) v0.34.6: the restart law — in-process agents die silently, goals survive [0.19ms]
publish	UNKNOWN STEP	2026-10-06T22:58:36.0643786Z 
publish	UNKNOWN STEP	2026-10-06T22:58:36.0648703Z ##[endgroup]
publish	UNKNOWN STEP	2026-10-06T22:58:36.0649137Z 
publish	UNKNOWN STEP	2026-10-06T22:58:36.0649700Z ##[group]tests/persistence-hardening.test.ts:
publish	UNKNOWN STEP	2026-10-06T22:58:36.3573976Z (pass) readState: a truncated trailing active.jsonl line loads cleanly (mid-write kill) [1.56ms]
publish	UNKNOWN STEP	2026-10-06T22:58:36.3610602Z (pass) large JSONL records do not break forward or reverse ledger scans [2.05ms]
publish	UNKNOWN STEP	2026-10-06T22:58:36.3639889Z (pass) readState normalizes and bounds the detached-auditor recovery cursor [1.14ms]
publish	UNKNOWN STEP	2026-10-06T22:58:36.3641147Z (pass) readState recovers a transaction when the first state ledger line was never written [0.51ms]
publish	UNKNOWN STEP	2026-10-06T22:58:36.3642345Z (pass) goal transaction snapshot repairs a markdown-before-ledger crash [1.19ms]
publish	UNKNOWN STEP	2026-10-06T22:58:36.3643371Z (pass) a committed state line wins over an orphaned older transaction [0.65ms]
publish	UNKNOWN STEP	2026-10-06T22:58:36.3644497Z (pass) same-millisecond transaction recovery uses the base-state fingerprint [1.16ms]
publish	UNKNOWN STEP	2026-10-06T22:58:36.3669959Z (pass) a newer transaction with a stale base fingerprint cannot roll back a later state line [0.74ms]
publish	UNKNOWN STEP	2026-10-06T22:58:36.3699690Z (pass) invalid pending-audit phases are dropped to legacy recovery semantics [0.66ms]
publish	UNKNOWN STEP	2026-10-06T22:58:36.3700836Z (pass) persisted ids are validated before state or filesystem use [0.87ms]
publish	UNKNOWN STEP	2026-10-06T22:58:36.3729957Z (pass) E1: disk failure latches the degraded flag, never throws; a landing write self-heals [1.03ms]
publish	UNKNOWN STEP	2026-10-06T22:58:36.3759656Z (pass) E1: all four persistence entry points run through runPersistStep [0.57ms]
publish	UNKNOWN STEP	2026-10-06T22:58:36.3789524Z (pass) E1: archive removes the active md ONLY when the archive landed [1.19ms]
publish	UNKNOWN STEP	2026-10-06T22:58:36.3819844Z (pass) E1: archive destination is exclusive and cannot clobber a winner [2.17ms]
publish	UNKNOWN STEP	2026-10-06T22:58:36.3849701Z (pass) E1: loud first-failure notify + recovery notify at the persistState choke point [0.63ms]
publish	UNKNOWN STEP	2026-10-06T22:58:36.3869762Z (pass) E1: TUI persistence-degraded flag (first widget line, until a write lands) [0.35ms]
publish	UNKNOWN STEP	2026-10-06T22:58:36.3879573Z (pass) T6: schema does not drift from the Goal interface [1.16ms]
publish	UNKNOWN STEP	2026-10-06T22:58:36.3909057Z 
publish	UNKNOWN STEP	2026-10-06T22:58:36.3939597Z ##[endgroup]
publish	UNKNOWN STEP	2026-10-06T22:58:36.3959095Z 
publish	UNKNOWN STEP	2026-10-06T22:58:36.3969684Z ##[group]tests/mechanical-pipeline-lifecycle.test.ts:
publish	UNKNOWN STEP	2026-10-06T22:58:37.6661629Z (pass) Node callers survive noisy early-closing filters and retain head failure/cancellation [808.01ms]
publish	UNKNOWN STEP	2026-10-06T22:58:37.6662584Z 
publish	UNKNOWN STEP	2026-10-06T22:58:37.6663347Z ##[endgroup]
publish	UNKNOWN STEP	2026-10-06T22:58:37.6841337Z 
publish	UNKNOWN STEP	2026-10-06T22:58:37.6842625Z ##[group]tests/agents-panel.test.ts:
publish	UNKNOWN STEP	2026-10-06T22:58:38.0122276Z (pass) v0.35.29 #15: the panel ranks hung > running > ended and caps at 20 rows with a notice [1.91ms]
publish	UNKNOWN STEP	2026-10-06T22:58:38.0123900Z (pass) v0.35.29 #15: empty state explains where evidence comes from [0.09ms]
publish	UNKNOWN STEP	2026-10-06T22:58:38.0125265Z (pass) v0.35.64: the panel makes a child-specific abort request visible [0.26ms]
publish	UNKNOWN STEP	2026-10-06T22:58:38.0127116Z (pass) v0.35.29 #15: the compact worker summary hides at zero and warns on the least-live child [0.28ms]
publish	UNKNOWN STEP	2026-10-06T22:58:38.0133786Z (pass) v0.38.23: detailed widget rows are single-line glyph-first with age, plus a command-free overflow [0.50ms]
publish	UNKNOWN STEP	2026-10-06T22:58:38.0142343Z (pass) v0.35.66: --tail matches the exact child identity and formats entries tolerantly [0.96ms]
publish	UNKNOWN STEP	2026-10-06T22:58:38.0145618Z (pass) v0.35.66: --tail selects the exact persisted child identity among same-type transcripts [0.34ms]
publish	UNKNOWN STEP	2026-10-06T22:58:38.0149720Z (pass) v0.37.1: --tail uses the persisted session id to find an older transcript [0.40ms]
publish	UNKNOWN STEP	2026-10-06T22:58:38.0152235Z (pass) v0.35.66: --tail refuses a same-type transcript without exact child identity [0.24ms]
publish	UNKNOWN STEP	2026-10-06T22:58:38.0154555Z (pass) v0.36.0: --tail rejects a message that merely mentions the target identity [0.20ms]
publish	UNKNOWN STEP	2026-10-06T22:58:38.0158331Z (pass) v0.35.29 #15: --tail is LOUD when nothing matches or the dir is unreadable [0.38ms]
publish	UNKNOWN STEP	2026-10-06T22:58:38.0160497Z (pass) v0.35.29 #15: formatTranscriptEntry survives shape drift without throwing [0.10ms]
publish	UNKNOWN STEP	2026-10-06T22:58:38.0591355Z (pass) v0.35.29 #15: end-to-end — /glla agents renders real probe data; widget segment rides the goal card [38.49ms]
publish	UNKNOWN STEP	2026-10-06T22:58:38.0650578Z (pass) v0.35.65: buildWidgetLines places detailed worker rows before the card footer and supports an agent-only card [1.12ms]
publish	UNKNOWN STEP	2026-10-06T22:58:38.0680123Z (pass) v0.35.45: formatTranscriptEntry strips ANSI escapes and control chars on ALL paths [0.17ms]
publish	UNKNOWN STEP	2026-10-06T22:58:38.0740291Z (pass) v0.35.45: the candidate scan reads a bounded tail per file, not full transcripts [1.03ms]
publish	UNKNOWN STEP	2026-10-06T22:58:38.0790212Z (pass) audit-2026-09-06: panel renders the doc-promised blocks row and Recent hangs footer [0.67ms]
publish	UNKNOWN STEP	2026-10-06T22:58:38.0820056Z (pass) audit-2026-09-06: snapshot labels live rows with the observed parent wait only [0.42ms]
publish	UNKNOWN STEP	2026-10-06T22:58:38.0979955Z (pass) audit-2026-09-06: --tail with an ambiguous prefix lists candidates instead of picking silently [36.09ms]
publish	UNKNOWN STEP	2026-10-06T22:58:38.0983296Z (pass) audit 2026-09-25: transcript role labels never split surrogate pairs [0.81ms]
publish	UNKNOWN STEP	2026-10-06T22:58:38.0997293Z 
publish	UNKNOWN STEP	2026-10-06T22:58:38.0998029Z ##[endgroup]
publish	UNKNOWN STEP	2026-10-06T22:58:38.0999493Z 
publish	UNKNOWN STEP	2026-10-06T22:58:38.1000105Z ##[group]tests/list-bare-draft.test.ts:
publish	UNKNOWN STEP	2026-10-06T22:58:38.9767560Z (pass) v0.38.51: bare /list enters list drafting — agent list_add is gated [569.32ms]
publish	UNKNOWN STEP	2026-10-06T22:58:39.6934160Z (pass) v0.38.51: /list show still renders the queue (viewer preserved) [716.40ms]
publish	UNKNOWN STEP	2026-10-06T22:58:40.2177030Z (pass) v0.38.51: stale bare /list latches no drafting gate — a later list_add lands [524.31ms]
publish	UNKNOWN STEP	2026-10-06T22:58:40.2177473Z 
publish	UNKNOWN STEP	2026-10-06T22:58:40.2177807Z ##[endgroup]
publish	UNKNOWN STEP	2026-10-06T22:58:40.2180050Z 
publish	UNKNOWN STEP	2026-10-06T22:58:40.2180511Z ##[group]tests/durable-wait-prewritten.test.mjs:
publish	UNKNOWN STEP	2026-10-06T22:58:40.5693370Z (pass) prewritten durable state: completion [62.60ms]
publish	UNKNOWN STEP	2026-10-06T22:58:40.6225734Z (pass) prewritten durable state: provider failure [53.55ms]
publish	UNKNOWN STEP	2026-10-06T22:58:40.6230704Z (pass) prewritten durable state: failure takes precedence over approval [0.64ms]
publish	UNKNOWN STEP	2026-10-06T22:58:40.6231313Z 
publish	UNKNOWN STEP	2026-10-06T22:58:40.6231704Z ##[endgroup]
publish	UNKNOWN STEP	2026-10-06T22:58:40.6235380Z 
publish	UNKNOWN STEP	2026-10-06T22:58:40.6236022Z ##[group]tests/reviewer-extraction-hardening.test.ts:
publish	UNKNOWN STEP	2026-10-06T22:58:40.9100421Z (pass) the 3 live false-positive lines extract NOTHING [0.30ms]
publish	UNKNOWN STEP	2026-10-06T22:58:40.9101900Z (pass) code lines are skipped (test/it/assert/const/import/…) [0.08ms]
publish	UNKNOWN STEP	2026-10-06T22:58:40.9102578Z (pass) markdown table rows are skipped [0.04ms]
publish	UNKNOWN STEP	2026-10-06T22:58:40.9103422Z (pass) reviewer-report vocabulary is skipped (self-match prevention) [0.08ms]
publish	UNKNOWN STEP	2026-10-06T22:58:40.9104644Z (pass) real architectural + strategic text still classifies [0.08ms]
publish	UNKNOWN STEP	2026-10-06T22:58:40.9106537Z (pass) v0.34.83: the bare word 'issue' is REMOVED from the bug regex — GitHub issue references and prose don't classify as bugs [0.08ms]
publish	UNKNOWN STEP	2026-10-06T22:58:40.9108088Z (pass) v0.34.83: a completion summary referencing GitHub issues enqueues zero bug findings through the curated pipeline [1.11ms]
publish	UNKNOWN STEP	2026-10-06T22:58:40.9109749Z (pass) full runReviewer over 0.26.2-style source text produces zero architectural findings [0.66ms]
publish	UNKNOWN STEP	2026-10-06T22:58:40.9110831Z (pass) extraction dedupe + cap still work after hardening [0.30ms]
publish	UNKNOWN STEP	2026-10-06T22:58:40.9112053Z (pass) hard-wrapped finding joins into ONE full-sentence finding (hellhunter regression) [0.33ms]
publish	UNKNOWN STEP	2026-10-06T22:58:40.9113170Z (pass) uppercase-start lines do NOT join — punctuation-less items stay separate [0.08ms]
publish	UNKNOWN STEP	2026-10-06T22:58:40.9114119Z (pass) dangling-connector fragments are rejected [0.12ms]
publish	UNKNOWN STEP	2026-10-06T22:58:40.9115100Z (pass) completedObjective prefix-dedupe: a finding restating the completed goal is skipped [0.14ms]
publish	UNKNOWN STEP	2026-10-06T22:58:40.9116575Z (pass) cutAtClauseBoundary: long findings cut at a clause, never mid-word [0.16ms]
publish	UNKNOWN STEP	2026-10-06T22:58:40.9121943Z 
publish	UNKNOWN STEP	2026-10-06T22:58:40.9122569Z ##[endgroup]
publish	UNKNOWN STEP	2026-10-06T22:58:40.9356704Z 
publish	UNKNOWN STEP	2026-10-06T22:58:40.9358208Z ##[group]tests/future-sidecar-freshness.test.ts:
publish	UNKNOWN STEP	2026-10-06T22:58:41.2183098Z (pass) freshness markers reject future timestamps while accepting recent past timestamps [0.26ms]
publish	UNKNOWN STEP	2026-10-06T22:58:41.2206591Z (pass) recovery-resume consumes but refuses a future-dated sidecar [2.82ms]
publish	UNKNOWN STEP	2026-10-06T22:58:41.2213519Z (pass) all restart sidecar validators use the non-negative-age freshness gate [0.60ms]
publish	UNKNOWN STEP	2026-10-06T22:58:41.2214182Z 
publish	UNKNOWN STEP	2026-10-06T22:58:41.2214670Z ##[endgroup]
publish	UNKNOWN STEP	2026-10-06T22:58:41.2457820Z 
publish	UNKNOWN STEP	2026-10-06T22:58:41.2459723Z ##[group]tests/state-root.test.ts:
publish	UNKNOWN STEP	2026-10-06T22:58:41.5364473Z (pass) workingDir remains the default root and persists under cwd [2.74ms]
publish	UNKNOWN STEP	2026-10-06T22:58:41.5637230Z (pass) sessionDir opt-in resolves to the registered top-level session directory [27.51ms]
publish	UNKNOWN STEP	2026-10-06T22:58:41.5651375Z (pass) pending sessionDir defers every core write and does not migrate the old cwd tree [1.53ms]
publish	UNKNOWN STEP	2026-10-06T22:58:41.5656017Z (pass) PI_SESSION_FILE provides a worker-safe session-root fallback [0.50ms]
publish	UNKNOWN STEP	2026-10-06T22:58:41.5695475Z (pass) stateRoot is typed/global-only and project settings cannot override it [3.92ms]
publish	UNKNOWN STEP	2026-10-06T22:58:41.5696146Z 
publish	UNKNOWN STEP	2026-10-06T22:58:41.5696607Z ##[endgroup]
publish	UNKNOWN STEP	2026-10-06T22:58:41.5704594Z 
publish	UNKNOWN STEP	2026-10-06T22:58:41.5705308Z ##[group]tests/faulty-objective-recovery.test.ts:
publish	UNKNOWN STEP	2026-10-06T22:58:41.8507903Z (pass) detects archive-derived and verification-fragment objectives [0.45ms]
publish	UNKNOWN STEP	2026-10-06T22:58:41.8519952Z (pass) detects reviewer prose, headings, numbered audit text, and dangling fragments [0.31ms]
publish	UNKNOWN STEP	2026-10-06T22:58:41.8521050Z (pass) valid imperative objectives are not flagged [0.11ms]
publish	UNKNOWN STEP	2026-10-06T22:58:41.8522117Z (pass) valid imperative objectives may mention auditor and verification machinery [0.13ms]
publish	UNKNOWN STEP	2026-10-06T22:58:41.8523569Z (pass) imperative implementation requests mentioning audit, verification, or regression stay valid [0.25ms]
publish	UNKNOWN STEP	2026-10-06T22:58:41.8525250Z (pass) queue items that merely name the auditor role are not verification-fragments (2026-08-16 field regression) [0.22ms]
publish	UNKNOWN STEP	2026-10-06T22:58:41.8558662Z (pass) auditor/reviewer verdict-shaped text is still a verification-fragment [0.17ms]
publish	UNKNOWN STEP	2026-10-06T22:58:41.8560243Z (pass) explicit reviewer and evidence fragments are rejected [0.17ms]
publish	UNKNOWN STEP	2026-10-06T22:58:41.8561577Z (pass) the screenshot reviewer fragment records the exact saved-intent repair [0.41ms]
publish	UNKNOWN STEP	2026-10-06T22:58:41.8563243Z (pass) recover is a valid imperative for the exact queued detached-auditor item [0.14ms]
publish	UNKNOWN STEP	2026-10-06T22:58:41.8564526Z (pass) normalization is an automatic provenance repair [0.18ms]
publish	UNKNOWN STEP	2026-10-06T22:58:41.8565971Z (pass) durable original provenance wins over reviewer prose and supplies the saved contract [0.35ms]
publish	UNKNOWN STEP	2026-10-06T22:58:41.8567149Z (pass) unverified completion prose is never promoted [0.15ms]
publish	UNKNOWN STEP	2026-10-06T22:58:41.8568929Z (pass) approved completion context from an older revision cannot resurrect saved intent [0.18ms]
publish	UNKNOWN STEP	2026-10-06T22:58:41.8570129Z (pass) audit history contributes only an actionable required-fix line [0.18ms]
publish	UNKNOWN STEP	2026-10-06T22:58:41.8571212Z (pass) all direct continuation and stored-audit paths retain the final gate [0.41ms]
publish	UNKNOWN STEP	2026-10-06T22:58:41.8572367Z (pass) durable pending task is preferred when the objective cannot be normalized [0.20ms]
publish	UNKNOWN STEP	2026-10-06T22:58:41.8573672Z (pass) irrecoverable suspicious objectives produce a non-suspicious queued repair task [0.14ms]
publish	UNKNOWN STEP	2026-10-06T22:58:42.0059163Z (pass) session_start auto-resume blocks a suspicious active objective and queues repair [150.33ms]
publish	UNKNOWN STEP	2026-10-06T22:58:42.3120373Z (pass) manual resume blocks a suspicious paused objective before dispatch [304.40ms]
publish	UNKNOWN STEP	2026-10-06T22:58:42.7300781Z (pass) list activation blocks a suspicious queued objective and leaves its repair task actionable [419.17ms]
publish	UNKNOWN STEP	2026-10-06T22:58:42.8940868Z (pass) repair cards require a concrete replan objective and clear the latch only after confirmation [163.81ms]
publish	UNKNOWN STEP	2026-10-06T22:58:43.1510883Z (pass) exact queued detached-auditor objective activates without a repair task [253.65ms]
publish	UNKNOWN STEP	2026-10-06T22:58:43.2560461Z (pass) provenance-backed repair auto-applies before dispatch [107.96ms]
publish	UNKNOWN STEP	2026-10-06T22:58:43.4890636Z (pass) direct continuation dispatch rechecks the suspicious objective [231.98ms]
publish	UNKNOWN STEP	2026-10-06T22:58:43.7084952Z (pass) a canceled goal and stale continuation attempt are hard fences [220.99ms]
publish	UNKNOWN STEP	2026-10-06T22:58:43.8626658Z (pass) an archived goal id is a hard fence against stale resurrection [154.13ms]
publish	UNKNOWN STEP	2026-10-06T22:58:43.8645349Z (pass) an active goal with an interrupted terminal stopReason is not dispatched [1.41ms]
publish	UNKNOWN STEP	2026-10-06T22:58:43.8660787Z (pass) an explicit /goal start objective is dispatched even when the heuristic flags it [2.10ms]
publish	UNKNOWN STEP	2026-10-06T22:58:43.8676309Z (pass) v0.35.35: seed trust survives a Done when: clause and @role in the raw seed (createGoal stores raw vs cleaned) [1.53ms]
publish	UNKNOWN STEP	2026-10-06T22:58:43.8715453Z (pass) v0.35.35: normalization does not widen trust to agent-authored seeds [3.85ms]
publish	UNKNOWN STEP	2026-10-06T22:58:44.0131135Z (pass) agent-authored suspicious objectives still pause — the trust is user-seed only [141.30ms]
publish	UNKNOWN STEP	2026-10-06T22:58:44.1725046Z (pass) replan confirmation consumes the source queue fragment and its sidecar [159.36ms]
publish	UNKNOWN STEP	2026-10-06T22:58:44.3032515Z (pass) audit-2026-09-06: archivedPath outside the archive dir is an anomaly, not a goal-nulling probe [128.75ms]
publish	UNKNOWN STEP	2026-10-06T22:58:44.4426121Z (pass) audit-2026-09-06: archivedPath inside the archive dir still fences [139.18ms]
publish	UNKNOWN STEP	2026-10-06T22:58:44.4427949Z (pass) v0.38.101 a title-like heading is an objective, not a pasted report [0.38ms]
publish	UNKNOWN STEP	2026-10-06T22:58:44.4429225Z (pass) v0.38.101 a pasted report still trips the heading heuristic [0.16ms]
publish	UNKNOWN STEP	2026-10-06T22:58:44.4429778Z 
publish	UNKNOWN STEP	2026-10-06T22:58:44.4430267Z ##[endgroup]
publish	UNKNOWN STEP	2026-10-06T22:58:44.4430478Z 
publish	UNKNOWN STEP	2026-10-06T22:58:44.4430918Z ##[group]tests/list-philosophy.test.ts:
publish	UNKNOWN STEP	2026-10-06T22:58:44.7223291Z (pass) contract 1+2: /goal+/list draft prompt has short-item AND multi-hour framing [0.61ms]
publish	UNKNOWN STEP	2026-10-06T22:58:44.7239189Z (pass) contract 3: /loop draft prompt has metric-driven framing [0.11ms]
publish	UNKNOWN STEP	2026-10-06T22:58:44.7240881Z (pass) contract 4: all draft prompts open with a Long-running philosophy block [0.23ms]
publish	UNKNOWN STEP	2026-10-06T22:58:44.7242166Z (pass) contract 5: LIST-PHILOSOPHY.md exists with the three-mode table [0.34ms]
publish	UNKNOWN STEP	2026-10-06T22:58:44.7243478Z (pass) contract 6: INSTALL.md references LIST-PHILOSOPHY.md in a Modes section [0.10ms]
publish	UNKNOWN STEP	2026-10-06T22:58:44.7244552Z (pass) contract 7: /list depth headline format [0.76ms]
publish	UNKNOWN STEP	2026-10-06T22:58:44.7246231Z (pass) contract 8+11: cross-recommend catches the 76-weak-points wrapper seed [0.17ms]
publish	UNKNOWN STEP	2026-10-06T22:58:44.7491805Z (pass) contract 12: cross-recommend catches the 40-findings tasklist seed [24.27ms]
publish	UNKNOWN STEP	2026-10-06T22:58:44.7494756Z (pass) contract 8: multi-hour seed in /list mode suggests /goal or break-up [0.56ms]
publish	UNKNOWN STEP	2026-10-06T22:58:44.7496258Z (pass) contract 8: five-minute seed in /goal mode suggests /list [0.15ms]
publish	UNKNOWN STEP	2026-10-06T22:58:44.7499443Z (pass) contract 8: open-ended seed in /goal or /list mode suggests /loop [0.21ms]
publish	UNKNOWN STEP	2026-10-06T22:58:44.7500603Z (pass) contract 8: bounded-until beats recurring vocabulary (still a goal) [0.05ms]
publish	UNKNOWN STEP	2026-10-06T22:58:44.7501851Z (pass) contract 8: aggregate beats recurring (per-item work wins) [0.13ms]
publish	UNKNOWN STEP	2026-10-06T22:58:44.7503004Z (pass) contract 8: recurring beats five-minute (cadence changes the loop) [0.07ms]
publish	UNKNOWN STEP	2026-10-06T22:58:44.7503667Z 
publish	UNKNOWN STEP	2026-10-06T22:58:44.7504407Z ##[endgroup]
publish	UNKNOWN STEP	2026-10-06T22:58:44.7507387Z 
publish	UNKNOWN STEP	2026-10-06T22:58:44.7507925Z ##[group]tests/behavioral-orchestrator.test.ts:
publish	UNKNOWN STEP	2026-10-06T22:58:45.1211294Z (pass) T3a: active goal + human load (startup) + default settings → HELD for explicit resume [43.62ms]
publish	UNKNOWN STEP	2026-10-06T22:58:45.9983794Z (pass) v0.34.18: blank startup waits for the transcript before autoresume, while explicit resume and loaded history still work [877.29ms]
publish	UNKNOWN STEP	2026-10-06T22:58:46.0039641Z (pass) v0.34.121: blank startup closes a legacy terminal slot when its archive exists [5.61ms]
publish	UNKNOWN STEP	2026-10-06T22:58:46.3645441Z (pass) T3c (v0.28.21): interrupted goal HELDS by default — the 0.28.3 exemption is superseded; autoresume=on auto-resumes [360.31ms]
publish	UNKNOWN STEP	2026-10-06T22:58:46.7198250Z (pass) T3b (v0.28.21): active goal + reload → HELD by default; autoresume=on → auto-resumes [355.41ms]
publish	UNKNOWN STEP	2026-10-06T22:58:46.9800739Z (pass) v0.35.x: list cancel archives the active item, does not relabel it as active, and preserves its audit history [257.70ms]
publish	UNKNOWN STEP	2026-10-06T22:58:47.0320503Z (pass) v0.36.0: /goal cancel archives a standalone goal with a compact six-label recap [48.48ms]
publish	UNKNOWN STEP	2026-10-06T22:58:47.5208179Z (pass) v0.36.0: /list next archives the skipped active item with a compact recap [484.77ms]
publish	UNKNOWN STEP	2026-10-06T22:58:47.5960297Z (pass) v0.36.1: bare /goal start uses one clear active-branch request [77.42ms]
publish	UNKNOWN STEP	2026-10-06T22:58:47.6882903Z (pass) v0.36.1: bare /list start activates the hydrated queue head [87.71ms]
publish	UNKNOWN STEP	2026-10-06T22:58:47.7331835Z (pass) v0.36.1: bare /loop start infers only a target and uses the metricless path [52.02ms]
publish	UNKNOWN STEP	2026-10-06T22:58:48.1268722Z [run-tests] progress: 240s elapsed · 0s since last output · 130 KiB of suite output
publish	UNKNOWN STEP	2026-10-06T22:58:49.5708503Z (pass) v0.36.0: aborted detached audit can complete without audit only after archive success [1838.04ms]
publish	UNKNOWN STEP	2026-10-06T22:58:49.7552940Z (pass) v0.34.119: /glla cancel archives the active list item and drops the waiting objective queue [184.39ms]
publish	UNKNOWN STEP	2026-10-06T22:58:49.7810565Z (pass) v0.34.121: /glla cancel stops an active loop before touching an unrelated waiting queue [15.57ms]
publish	UNKNOWN STEP	2026-10-06T22:58:50.1150779Z (pass) v0.34.119: /glla cancel also aborts an auditing list objective and clears its waiting queue [339.77ms]
publish	UNKNOWN STEP	2026-10-06T22:58:50.1940797Z (pass) v0.35.0 (v0.38.12 last-wins): /goal start replaces without dialog; plain /goal still offers update/cancel [82.51ms]
publish	UNKNOWN STEP	2026-10-06T22:58:50.2511140Z (pass) v0.35.x: same-mode list conflict updates the whole objective, never individual tasks [46.84ms]
publish	UNKNOWN STEP	2026-10-06T22:58:50.3160615Z (pass) v0.35.x: auditing list conflict cancels the stale audit before whole-objective update [68.70ms]
publish	UNKNOWN STEP	2026-10-06T22:58:50.3590414Z (pass) v0.35.x: list_activate uses the same whole-objective conflict update [44.93ms]
publish	UNKNOWN STEP	2026-10-06T22:58:50.4010740Z (pass) C7: declined list conflict update preserves work without retrying the editor [43.11ms]
publish	UNKNOWN STEP	2026-10-06T22:58:50.4570734Z (pass) v0.35.0: a cross-mode replacement confirms before replacing a live loop [59.78ms]
publish	UNKNOWN STEP	2026-10-06T22:58:50.7200705Z Switched to a new branch 'pi-glla-loop/20261006225850-refusal-target'
publish	UNKNOWN STEP	2026-10-06T22:58:50.7615290Z cat: /definitely-not-here-xyz: No such file or directory
publish	UNKNOWN STEP	2026-10-06T22:58:50.8030018Z Switched to branch 'main'
publish	UNKNOWN STEP	2026-10-06T22:58:50.8260424Z (pass) v0.35.4: a refused branch-mode loop start restores the original branch [359.49ms]
publish	UNKNOWN STEP	2026-10-06T22:58:50.9260493Z (pass) v0.35.0: a direct /loop start also confirms before replacing a live goal [103.61ms]
publish	UNKNOWN STEP	2026-10-06T22:58:51.0334704Z (pass) C2: an explicit /goal start stops the active loop instead of stacking two live things [108.16ms]
publish	UNKNOWN STEP	2026-10-06T22:58:51.1690575Z (pass) v0.34.121: one confirmed /glla wipe clears recovery and dispatch artifacts too [137.76ms]
publish	UNKNOWN STEP	2026-10-06T22:58:52.1480730Z (pass) v0.35.x: /list tweak amends a paused list item without activating it or changing waiting entries [971.85ms]
publish	UNKNOWN STEP	2026-10-06T22:58:53.6762495Z (pass) field 2026-09-16 (VidPro park): /goal tweak amends a paused goal without waking it [1537.82ms]
publish	UNKNOWN STEP	2026-10-06T22:58:54.0222897Z (pass) field 2026-09-16: /goal tweak with no goal names the real path [346.45ms]
publish	UNKNOWN STEP	2026-10-06T22:58:54.2290551Z (pass) field 2026-09-16 (VidPro replay): tweak chatter adopts the discussed objective, never the chatter [207.01ms]
publish	UNKNOWN STEP	2026-10-06T22:58:54.4820770Z (pass) audit 2026-09-16: inferred tweak rejection leaves objective and ledger unchanged [252.50ms]
publish	UNKNOWN STEP	2026-10-06T22:58:54.7910570Z (pass) field 2026-09-16: tweak chatter with no discussed objective guides and changes nothing [305.90ms]
publish	UNKNOWN STEP	2026-10-06T22:58:55.1321055Z (pass) field 2026-09-16: plain-/goal update with an explicit contract stays verbatim (explicit intent wins) [339.96ms]
publish	UNKNOWN STEP	2026-10-06T22:58:55.3780391Z (pass) field 2026-09-16: chatter typed into the bare-tweak dialog guides, never adopts [245.97ms]
publish	UNKNOWN STEP	2026-10-06T22:58:55.5794175Z (pass) field 2026-09-16: a typed paragraph drafts as one thing, never an import-or-nothing [202.21ms]
publish	UNKNOWN STEP	2026-10-06T22:58:55.8950940Z (pass) audit 2026-09-16: bare list keeps separately contracted objectives in separate queue records [315.05ms]
publish	UNKNOWN STEP	2026-10-06T22:58:56.2572493Z (pass) field 2026-09-16 (loop sweep): /loop refine on a held loop queues the hint and resumes [362.69ms]
publish	UNKNOWN STEP	2026-10-06T22:58:56.6720541Z (pass) audit 2026-09-23: failed loop dispatch preserves every one-shot directive [408.88ms]
publish	UNKNOWN STEP	2026-10-06T22:58:57.0775442Z (pass) audit 2026-09-16: held-loop refine respects wrong-branch guard [410.64ms]
publish	UNKNOWN STEP	2026-10-06T22:58:57.2675575Z (pass) field 2026-09-16 (loop sweep): held-loop refine over an active goal queues but stays held [189.74ms]
publish	UNKNOWN STEP	2026-10-06T22:58:57.5556107Z (pass) field 2026-09-16 (loop sweep): refine on a user-stopped loop refuses with the honest path [282.06ms]
publish	UNKNOWN STEP	2026-10-06T22:58:57.8284375Z (pass) field 2026-09-16 (loop sweep): refine on a measure-broken loop points at the agent repair path [275.21ms]
publish	UNKNOWN STEP	2026-10-06T22:58:58.1140416Z (pass) field 2026-09-16 (loop sweep): refine on an active loop keeps today's behavior [284.96ms]
publish	UNKNOWN STEP	2026-10-06T22:58:58.1351005Z (pass) T3d: active loop + human load → HELD_ON_RESTORE (loop deactivated loudly, not silently dropped) [17.62ms]
publish	UNKNOWN STEP	2026-10-06T22:58:58.2880845Z (pass) v0.35.x: a successor auto-resumes lifecycle-held loops intact but preserves deliberate stops [153.62ms]
publish	UNKNOWN STEP	2026-10-06T22:58:58.3250889Z (pass) v0.29.14: live audit loop on open-count/min migrates to closed-count/max on load (discovery no longer reads as regression) [34.03ms]
publish	UNKNOWN STEP	2026-10-06T22:58:58.3757397Z (pass) v0.29.18: live audit loop on the audit-every-iteration target migrates to FIX-FIRST on load [50.39ms]
publish	UNKNOWN STEP	2026-10-06T22:58:59.6120620Z (pass) v0.34.16: lifecycle handoff resumes same-process replacement but quit does not bypass restore consent [1225.50ms]
publish	UNKNOWN STEP	2026-10-06T22:59:00.2940594Z (pass) stale list work survives invalidation and resumes only through a fresh file-backed session [694.29ms]
publish	UNKNOWN STEP	2026-10-06T22:59:00.7372773Z (pass) v0.34.49: fresh MAIN session_start resets stale state and rejects the old dispatch generation [424.64ms]
publish	UNKNOWN STEP	2026-10-06T22:59:01.2100462Z (pass) v0.34.49: a handoff is one-shot and only matching predecessor identity can resume [479.09ms]
publish	UNKNOWN STEP	2026-10-06T22:59:02.6533343Z (pass) v0.34.23: host replacement with a new SessionManager is not rejected as foreign [1445.95ms]
publish	UNKNOWN STEP	2026-10-06T22:59:03.0780784Z (pass) v0.34.20: registered tools use the replacement invocation context without session_shutdown [423.52ms]
publish	UNKNOWN STEP	2026-10-06T22:59:03.4442625Z (pass) T3e (v0.28.21): no active goal + queued list + reload → NOT activated by default; autoresume=on → head activates [367.09ms]
publish	UNKNOWN STEP	2026-10-06T22:59:03.6190596Z (pass) v0.34.24: continuation dispatch waits for owner start proof and clears its sidecar [174.01ms]
publish	UNKNOWN STEP	2026-10-06T22:59:06.4276393Z (pass) v0.34.36: compaction releases a timed-out dispatch for one fresh resync attempt [2809.36ms]
publish	UNKNOWN STEP	2026-10-06T22:59:07.2183395Z (pass) v0.34.36: a loop missing start proof stops durably and /loop resume re-arms it exactly once [790.63ms]
publish	UNKNOWN STEP	2026-10-06T22:59:07.9954454Z (pass) v0.34.48: /list resume releases an unacknowledged dispatch exactly once [777.20ms]
publish	UNKNOWN STEP	2026-10-06T22:59:08.7785301Z (pass) v0.34.24: missing start proof stands down durably and explicit resume sends one fresh attempt [782.98ms]
publish	UNKNOWN STEP	2026-10-06T22:59:09.1020648Z (pass) v0.34.88: a transient no-turn-start miss self-heals with exactly ONE verbatim retry [323.50ms]
publish	UNKNOWN STEP	2026-10-06T22:59:09.7479263Z (pass) v0.34.88: a genuine stall fires unacknowledged after the retry backoff — exactly one retry, then re-sends stop [645.72ms]
publish	UNKNOWN STEP	2026-10-06T22:59:10.6285489Z (pass) v0.34.88: a goal paused inside the watchdog window is never blind-retried [880.66ms]
publish	UNKNOWN STEP	2026-10-06T22:59:10.6330354Z (pass) T5: mutating tools refuse a foreign (subagent) session ctx [4.68ms]
publish	UNKNOWN STEP	2026-10-06T22:59:10.6340463Z (pass) T5: guard coverage pin — every mutating tool routes through foreignToolGuard [0.76ms]
publish	UNKNOWN STEP	2026-10-06T22:59:10.6496327Z (pass) v0.36.3: live activity is scoped across lost results, host replacement, timestamps, timers, and pending dispatch [15.65ms]
publish	UNKNOWN STEP	2026-10-06T22:59:10.8730377Z (pass) v0.36.4: /glla resume behaviorally re-kicks an ACTIVE-but-idle goal [223.44ms]
publish	UNKNOWN STEP	2026-10-06T22:59:11.3667444Z (pass) T2: a stale send on agent_end continuation → goal ACTIVE + interrupt marker + loud notify [493.21ms]
publish	UNKNOWN STEP	2026-10-06T22:59:13.9249565Z (pass) T2b: stale before compaction → no late rebind, refire, or misleading active UI [2558.51ms]
publish	UNKNOWN STEP	2026-10-06T22:59:14.0900194Z (pass) v0.35.x: stale terminal keeps a recovery probe and self-heals without reload [165.07ms]
publish	UNKNOWN STEP	2026-10-06T22:59:16.5385064Z (pass) v0.34.48: host-session loss without replacement session_start parks durably and rejects late callbacks [2448.53ms]
publish	UNKNOWN STEP	2026-10-06T22:59:16.7144952Z (pass) v0.35.x: host loss keeps durable auditor disapproval feedback visible [175.92ms]
publish	UNKNOWN STEP	2026-10-06T22:59:18.0488971Z (pass) v0.35.x: full auditor reports and required-fixes tails survive lifecycle boundaries [1334.42ms]
publish	UNKNOWN STEP	2026-10-06T22:59:18.1280966Z [run-tests] progress: 270s elapsed · 0s since last output · 136 KiB of suite output
publish	UNKNOWN STEP	2026-10-06T22:59:18.9476534Z (pass) S3: a mid-session absorb publishes the owner file, so the shutdown handoff still validates [898.70ms]
publish	UNKNOWN STEP	2026-10-06T22:59:19.5238706Z (pass) v0.34.25: silent swap — live file-backed successor is absorbed via a tool call and the work auto-resumes [576.11ms]
publish	UNKNOWN STEP	2026-10-06T22:59:19.8839883Z (pass) v0.34.25: silent swap — in-memory (subagent) ctx is still refused and the park stays honest [360.12ms]
publish	UNKNOWN STEP	2026-10-06T22:59:20.4645008Z (pass) v0.34.25: the field ordering — stale before compaction, then the successor's compact event absorbs in place [580.51ms]
publish	UNKNOWN STEP	2026-10-06T22:59:20.6458465Z (pass) v0.34.25: dead owner + ephemeral ctx cannot claim the plane (subagent lockout fix) [181.33ms]
publish	UNKNOWN STEP	2026-10-06T22:59:20.6557311Z (pass) S4: a transient lastCtx probe glitch fails one tool call closed without dropping the context [7.58ms]
publish	UNKNOWN STEP	2026-10-06T22:59:24.5962515Z (pass) v0.34.27: stale host recovery absorbs the first replacement contact across lifecycle and stream boundaries [3942.74ms]
publish	UNKNOWN STEP	2026-10-06T22:59:25.0077719Z (pass) v0.34.27: plain startup from a dead file-backed successor is not rejected as a subagent [410.35ms]
publish	UNKNOWN STEP	2026-10-06T22:59:25.8555291Z (pass) v0.38.68 reviewer P1: compact-defer settles without kicking a turn into the hot window [848.91ms]
publish	UNKNOWN STEP	2026-10-06T22:59:27.6400015Z (pass) manual pause+resume between exhaustion episodes restarts the relentless cycle [1784.44ms]
publish	UNKNOWN STEP	2026-10-06T22:59:29.4575022Z (pass) v0.34.26: repeated output-token truncation pauses the goal durably with re-scope guidance and a fresh resume budget [1817.43ms]
publish	UNKNOWN STEP	2026-10-06T22:59:29.9364856Z (pass) v0.34.26: output-token-limit provider errors pause with the named wall, not generic provider-error text [479.00ms]
publish	UNKNOWN STEP	2026-10-06T22:59:29.9419209Z (pass) goal draft rejects whitespace-only objectives before Confirm or activation [5.60ms]
publish	UNKNOWN STEP	2026-10-06T22:59:30.1590851Z (pass) task-list Confirm discloses milestone verification commands [215.59ms]
publish	UNKNOWN STEP	2026-10-06T22:59:30.1720034Z (pass) T1a: stale Confirm in propose_goal_draft → NOT-a-rejection guidance, no goal created [14.31ms]
publish	UNKNOWN STEP	2026-10-06T22:59:30.1963038Z (pass) T1b: stale /goal start → goal persisted to .pi-glla with honest notify [22.61ms]
publish	UNKNOWN STEP	2026-10-06T22:59:30.4627020Z (pass) drafting state is not left behind by a stale seed, and old confirmations cannot mutate a replacement session [264.72ms]
publish	UNKNOWN STEP	2026-10-06T22:59:30.6004428Z (pass) auto-accept escape hatch: ALWAYS choice persists project autoAcceptDrafts and accepts the draft [136.84ms]
publish	UNKNOWN STEP	2026-10-06T22:59:30.6410526Z (pass) escape hatch: a later draft skips the dialog entirely once autoAcceptDrafts landed [43.18ms]
publish	UNKNOWN STEP	2026-10-06T22:59:30.6790623Z (pass) source pin: all five draft-class dialogs route through confirmDraft with the 3-choice ALWAYS option [24.61ms]
publish	UNKNOWN STEP	2026-10-06T22:59:31.9454689Z (pass) quota error turns enter durable main-model recovery instead of a resend storm [1276.19ms]
publish	UNKNOWN STEP	2026-10-06T22:59:32.5771509Z (pass) main-model recovery external notices are deduplicated per provider episode [632.74ms]
publish	UNKNOWN STEP	2026-10-06T22:59:32.9411770Z (pass) request-rate prose uses the generic fallback chain [367.71ms]
publish	UNKNOWN STEP	2026-10-06T22:59:33.2580822Z (pass) explicit 429-shaped errors use the generic fallback chain [316.97ms]
publish	UNKNOWN STEP	2026-10-06T22:59:34.1605361Z (pass) a successful core retry clears generic provider recovery and resumes the parked goal [902.47ms]
publish	UNKNOWN STEP	2026-10-06T22:59:35.1954965Z (pass) v0.35.x: a successful main-model recovery gives a parked audit its one automatic retry [1034.88ms]
publish	UNKNOWN STEP	2026-10-06T22:59:35.7106154Z (pass) a user-aborted agent_end does not falsely clear main-model recovery [515.15ms]
publish	UNKNOWN STEP	2026-10-06T22:59:36.0644150Z (pass) recoverable error turns enter generic recovery before stall accounting [353.70ms]
publish	UNKNOWN STEP	2026-10-06T22:59:36.6731201Z (pass) explicit prompt-policy rejection pauses the owning goal without retrying [608.77ms]
publish	UNKNOWN STEP	2026-10-06T22:59:36.8711359Z (pass) carryover pause (default): new goal over stale paused goal+list+held loop → ONE summary, goal archived, list+loop kept [195.70ms]
publish	UNKNOWN STEP	2026-10-06T22:59:37.0919945Z (pass) carryover=clear: new goal drops the queue, dismisses the held loop, archives the paused goal [221.57ms]
publish	UNKNOWN STEP	2026-10-06T22:59:37.3500593Z (pass) v0.35.4: a recovered sidecar is hydrated before list mutations [259.30ms]
publish	UNKNOWN STEP	2026-10-06T22:59:37.5180687Z (pass) /loop cancel: first-class alias stops the loop (stopReason recorded) [164.31ms]
publish	UNKNOWN STEP	2026-10-06T22:59:37.8032754Z (pass) /loop finish persists and notifies the complete six-label recap [286.98ms]
publish	UNKNOWN STEP	2026-10-06T22:59:37.8530967Z (pass) one-active-thing tool guards: list_activate + propose_loop_draft + propose_goal_draft refuse over the wrong active kind [48.72ms]
publish	UNKNOWN STEP	2026-10-06T22:59:38.3050604Z (pass) one-active-thing: /goal resume guard remains; the load-time combo is auto-arbitrated (v0.29.6) [451.72ms]
publish	UNKNOWN STEP	2026-10-06T22:59:38.8325055Z (pass) v0.29.6: stacked state at load is AUTO-ARBITRATED — most recent activity keeps the slot, loser archived (supersedes the 0.28.21 picker) [529.26ms]
publish	UNKNOWN STEP	2026-10-06T22:59:39.1080630Z (pass) carryover via /list next (pause): summary fires BEFORE the stale item activates; paused goal archived, held loop kept [267.50ms]
publish	UNKNOWN STEP	2026-10-06T22:59:39.3606250Z (pass) carryover via /list next (clear): the stale queue is dropped BEFORE activation — nothing activates [262.09ms]
publish	UNKNOWN STEP	2026-10-06T22:59:39.5458322Z (pass) carryover=resume: legacy silent stacking — no summary, queue + held loop untouched [184.25ms]
publish	UNKNOWN STEP	2026-10-06T22:59:39.8450750Z (pass) /list audit: queues a collect-only audit item with the restart-safe marker [293.62ms]
publish	UNKNOWN STEP	2026-10-06T22:59:40.4510831Z (pass) /goal decide: content pick → decision sent to the agent + goal resumes [610.78ms]
publish	UNKNOWN STEP	2026-10-06T22:59:40.7870294Z (pass) /goal decide: Escape (undefined) → goal stays paused, nothing sent [335.76ms]
publish	UNKNOWN STEP	2026-10-06T22:59:41.1175372Z (pass) /goal decide: command option (/goal cancel) runs the command, not a message [330.61ms]
publish	UNKNOWN STEP	2026-10-06T22:59:41.3301197Z (pass) /goal decide: no pending decision → notify, no picker [212.45ms]
publish	UNKNOWN STEP	2026-10-06T22:59:41.5092524Z (pass) /goal status + /goal pause: no goal id in user-facing text (v0.28.24) [178.65ms]
publish	UNKNOWN STEP	2026-10-06T22:59:41.5920798Z (pass) goal-start notify has no (id: …) suffix (v0.28.24 source pin) [78.51ms]
publish	UNKNOWN STEP	2026-10-06T22:59:41.7980712Z (pass) v0.34.21 lifecycle: completion audit from a replaced generation leaves the stored claim intact [207.26ms]
publish	UNKNOWN STEP	2026-10-06T22:59:43.3392777Z (pass) v0.34.119: impossible completion counts reach the durable auditor claim before the worker starts [1543.73ms]
publish	UNKNOWN STEP	2026-10-06T22:59:43.9570864Z (pass) v0.34.22: complete_goal returns while a detached auditor finishes and archives approval [617.73ms]
publish	UNKNOWN STEP	2026-10-06T22:59:48.1267614Z [run-tests] progress: 300s elapsed · 4s since last output · 141 KiB of suite output
publish	UNKNOWN STEP	2026-10-06T22:59:49.7546292Z (pass) v0.35.x: provider-wall diagnostics stay durable while completion surfaces remain sanitized and deduplicated [5797.54ms]
publish	UNKNOWN STEP	2026-10-06T22:59:49.7667817Z (pass) v0.35.x: /glla audits full sanitizes active and global reports [10.05ms]
publish	UNKNOWN STEP	2026-10-06T22:59:50.3277317Z (pass) v0.35.x: bare 403 main recovery sanitizes live surfaces while retaining diagnostics [563.06ms]
publish	UNKNOWN STEP	2026-10-06T22:59:56.3973853Z (pass) v0.35.x: bare 403 completion diagnostics stay durable while completion surfaces remain sanitized [6069.15ms]
publish	UNKNOWN STEP	2026-10-06T22:59:56.8159230Z (pass) v0.34.119: auditor-approved list completion archives the item and activates exactly the next queue item [418.48ms]
publish	UNKNOWN STEP	2026-10-06T22:59:57.4979488Z (pass) v0.36.2: approved standalone completion automatically activates a pre-queued list head [681.97ms]
publish	UNKNOWN STEP	2026-10-06T22:59:58.0756606Z (pass) v0.34.91: detached approval notify carries the agent's completion recap, not process boilerplate [577.74ms]
publish	UNKNOWN STEP	2026-10-06T22:59:58.2675618Z (pass) v0.34.87: complete_goal on a paused item names the pause + resume verb, not a flat 'No active goal' [190.69ms]
publish	UNKNOWN STEP	2026-10-06T22:59:58.9099488Z (pass) v0.34.22: detached disapproval resumes the goal with a durable report [643.51ms]
publish	UNKNOWN STEP	2026-10-06T22:59:59.4609410Z (pass) v0.35.x: a detached approval blocked by the regression shield is not relabeled [550.98ms]
publish	UNKNOWN STEP	2026-10-06T23:00:00.5881226Z (pass) v0.34.22: an old detached result cannot archive after session replacement [1127.11ms]
publish	UNKNOWN STEP	2026-10-06T23:00:00.7458476Z (pass) v0.34.21 lifecycle: cold startup holds a recovered claim until explicit resume [157.81ms]
publish	UNKNOWN STEP	2026-10-06T23:00:01.6861066Z (pass) v0.35.x: validated session handoff auto-retries a parked completion audit [940.19ms]
publish	UNKNOWN STEP	2026-10-06T23:00:02.6257154Z (pass) v0.35.x: explicit Auto-resume retries a parked claim on cold startup [939.59ms]
publish	UNKNOWN STEP	2026-10-06T23:00:03.5081684Z (pass) v0.35.x: manual /list resume retries a parked list completion claim directly [882.44ms]
publish	UNKNOWN STEP	2026-10-06T23:00:03.6299709Z (pass) v0.35.x: one automatic parked-audit retry is durable across repeated lifecycle events [119.72ms]
publish	UNKNOWN STEP	2026-10-06T23:00:04.9289770Z (pass) v0.35.x: stale host replacement session_start auto-recovers the parked audit [1301.01ms]
publish	UNKNOWN STEP	2026-10-06T23:00:05.9163385Z (pass) v0.35.x: healthy same-session heartbeat recovers a parked completion audit without manual resume [987.32ms]
publish	UNKNOWN STEP	2026-10-06T23:00:11.6397341Z (pass) v0.36.0: exhausted no-verdict auditor chain enters the shared ladder with an automatic retry timer [5723.38ms]
publish	UNKNOWN STEP	2026-10-06T23:00:17.4762672Z (pass) bounded recovery: initial aggressive completion preserves its horizon and exhausted chain [5836.56ms]
publish	UNKNOWN STEP	2026-10-06T23:00:18.1272667Z [run-tests] progress: 330s elapsed · 1s since last output · 144 KiB of suite output
publish	UNKNOWN STEP	2026-10-06T23:00:23.8140354Z (pass) v0.35.x: stale host loss releases an in-flight completion audit without a verdict [6337.66ms]
publish	UNKNOWN STEP	2026-10-06T23:00:23.8232049Z (pass) v0.34.29: audit fan-out honors autoAcceptDrafts without opening confirmation [9.32ms]
publish	UNKNOWN STEP	2026-10-06T23:00:23.8335223Z (pass) v0.34.129: fan-out dedupe does not drop a finding whose prefix appears inside another queue item [10.27ms]
publish	UNKNOWN STEP	2026-10-06T23:00:23.8580652Z (pass) v0.34.129: fan-out reports cap-deferred findings separately from true queue dedupes [21.92ms]
publish	UNKNOWN STEP	2026-10-06T23:00:23.8820652Z (pass) v0.34.20 lifecycle: fan-out confirmation from the old generation cannot queue into its replacement [22.65ms]
publish	UNKNOWN STEP	2026-10-06T23:00:24.0153175Z (pass) v0.34.20 lifecycle: loop measurement abandons the old generation after replacement [133.06ms]
publish	UNKNOWN STEP	2026-10-06T23:00:24.0190719Z (pass) v0.34.25: a resolved auditor model failure advances to the session fallback without a verdict [1.03ms]
publish	UNKNOWN STEP	2026-10-06T23:00:24.6150327Z (pass) v0.35.x: zero-stream zombie auto-aborts and parks a list item without a retry storm [596.33ms]
publish	UNKNOWN STEP	2026-10-06T23:00:24.6448031Z (pass) v0.35.x: zero-stream loop termination preserves and notifies its recap [32.69ms]
publish	UNKNOWN STEP	2026-10-06T23:00:24.6942841Z (pass) v0.35.4: zombie watchdog stands down while a subagent wait is in flight [50.02ms]
publish	UNKNOWN STEP	2026-10-06T23:00:24.7497670Z (pass) v0.35.64: a stale subagent probe no longer shields unrelated parent cleanup [52.03ms]
publish	UNKNOWN STEP	2026-10-06T23:00:24.7812502Z (pass) v0.35.4: context-starved warning is one-shot per refusal episode [37.44ms]
publish	UNKNOWN STEP	2026-10-06T23:00:24.7900533Z (pass) audit-2026-09-06: measure test-run dialogs disclose the pre-confirm exec [0.60ms]
publish	UNKNOWN STEP	2026-10-06T23:00:25.3940607Z (pass) tweak carries its revision bump inside the durable patch (no phantom revision) [611.41ms]
publish	UNKNOWN STEP	2026-10-06T23:00:25.3990928Z (pass) resetContinuationDispatchState clears the in-memory pending ref (S2 audit) [0.46ms]
publish	UNKNOWN STEP	2026-10-06T23:00:25.4003240Z 
publish	UNKNOWN STEP	2026-10-06T23:00:25.4003755Z ##[endgroup]
publish	UNKNOWN STEP	2026-10-06T23:00:25.4004020Z 
publish	UNKNOWN STEP	2026-10-06T23:00:25.4004790Z ##[group]tests/task-list.test.ts:
publish	UNKNOWN STEP	2026-10-06T23:00:25.6790439Z (pass) accepts a reasonable breakdown [0.26ms]
publish	UNKNOWN STEP	2026-10-06T23:00:25.6809132Z (pass) rejects empty list [0.23ms]
publish	UNKNOWN STEP	2026-10-06T23:00:25.6819846Z (pass) rejects too many top-level tasks [0.12ms]
publish	UNKNOWN STEP	2026-10-06T23:00:25.6829723Z (pass) rejects too many subtasks (the anti-drift cap) [0.12ms]
publish	UNKNOWN STEP	2026-10-06T23:00:25.6830420Z (pass) accepts exactly at the cap [0.10ms]
publish	UNKNOWN STEP	2026-10-06T23:00:25.6830948Z (pass) rejects empty titles [0.06ms]
publish	UNKNOWN STEP	2026-10-06T23:00:25.6831564Z (pass) assigns hierarchical ids and pending statuses [0.20ms]
publish	UNKNOWN STEP	2026-10-06T23:00:25.6832139Z (pass) trims titles [0.06ms]
publish	UNKNOWN STEP	2026-10-06T23:00:25.6832455Z 
publish	UNKNOWN STEP	2026-10-06T23:00:25.6832901Z ##[endgroup]
publish	UNKNOWN STEP	2026-10-06T23:00:25.6833167Z 
publish	UNKNOWN STEP	2026-10-06T23:00:25.6833556Z ##[group]tests/goal-state.test.ts:
publish	UNKNOWN STEP	2026-10-06T23:00:25.9530329Z (pass) goal-state.ts owns the state singleton (single source of truth) [1.11ms]
publish	UNKNOWN STEP	2026-10-06T23:00:25.9783726Z (pass) wholesale state replacement goes through replaceState() only [25.67ms]
publish	UNKNOWN STEP	2026-10-06T23:00:25.9786615Z (pass) the persistence core lives in goal-state.ts (persistStateLine) [0.46ms]
publish	UNKNOWN STEP	2026-10-06T23:00:25.9792395Z (pass) replaceState is used at the moved wholesale sites [0.56ms]
publish	UNKNOWN STEP	2026-10-06T23:00:25.9792875Z 
publish	UNKNOWN STEP	2026-10-06T23:00:25.9793358Z ##[endgroup]
publish	UNKNOWN STEP	2026-10-06T23:00:25.9797278Z 
publish	UNKNOWN STEP	2026-10-06T23:00:25.9797961Z ##[group]tests/second-gemini-gap.test.ts:
publish	UNKNOWN STEP	2026-10-06T23:00:26.2559404Z (pass) v0.38.52: gate rows widen the verification table with derived statuses [1.54ms]
publish	UNKNOWN STEP	2026-10-06T23:00:26.2565602Z (pass) v0.38.52: without gates the 3-col mechanical table is byte-identical [0.69ms]
publish	UNKNOWN STEP	2026-10-06T23:00:26.2567598Z (pass) v0.38.52: nested findings render Test Results sub-bullets aligned by index [0.69ms]
publish	UNKNOWN STEP	2026-10-06T23:00:26.2569762Z (pass) v0.38.52: table-mode findings ride test proof in the Evidence cell [0.58ms]
publish	UNKNOWN STEP	2026-10-06T23:00:26.2571276Z (pass) v0.38.52: sanitizeGateRows drops garbage, clips, caps [0.38ms]
publish	UNKNOWN STEP	2026-10-06T23:00:26.2572729Z (pass) v0.38.52: sanitizeFindingGroups parses parallel tests [0.34ms]
publish	UNKNOWN STEP	2026-10-06T23:00:26.2574222Z (pass) v0.38.52: old claims without tests render byte-identical to v0.38.50 [0.33ms]
publish	UNKNOWN STEP	2026-10-06T23:00:27.6031852Z (pass) v0.38.52: complete_goal gateRows + tests ride the claim into the chat render [1346.46ms]
publish	UNKNOWN STEP	2026-10-06T23:00:27.6032318Z 
publish	UNKNOWN STEP	2026-10-06T23:00:27.6032652Z ##[endgroup]
publish	UNKNOWN STEP	2026-10-06T23:00:27.6033971Z 
publish	UNKNOWN STEP	2026-10-06T23:00:27.6034502Z ##[group]tests/truthful-pause-labels.test.ts:
publish	UNKNOWN STEP	2026-10-06T23:00:27.8842011Z (pass) deliberate user wait is never labeled supervised recovery [1.96ms]
publish	UNKNOWN STEP	2026-10-06T23:00:27.8843252Z (pass) deliberate wait transitions stay truthful with absent, due, or overdue timers [0.97ms]
publish	UNKNOWN STEP	2026-10-06T23:00:27.8844421Z (pass) internal retry pauses keep the supervised recovery labels [0.58ms]
publish	UNKNOWN STEP	2026-10-06T23:00:27.8845577Z (pass) queued healthz implementation never claims a monitor or next check [0.35ms]
publish	UNKNOWN STEP	2026-10-06T23:00:27.8846661Z (pass) age alone never earns the monitoring label on a queued goal [0.19ms]
publish	UNKNOWN STEP	2026-10-06T23:00:27.8847217Z 
publish	UNKNOWN STEP	2026-10-06T23:00:27.8847710Z ##[endgroup]
publish	UNKNOWN STEP	2026-10-06T23:00:27.8847917Z 
publish	UNKNOWN STEP	2026-10-06T23:00:27.8848405Z ##[group]tests/compaction-target-settings.test.ts:
publish	UNKNOWN STEP	2026-10-06T23:00:28.1887208Z (pass) /glla token-target editor persists shorthand, cancellation, validation, and reset [34.50ms]
publish	UNKNOWN STEP	2026-10-06T23:00:28.1913862Z (pass) global-only target, defaults, provenance and menu describe the effective policy [2.38ms]
publish	UNKNOWN STEP	2026-10-06T23:00:28.3129264Z (pass) configured target reaches the actual trigger, idle guard, and hysteresis [121.68ms]
publish	UNKNOWN STEP	2026-10-06T23:00:28.4362642Z (pass) hand-edited invalid targets safely fall back at runtime [123.36ms]
publish	UNKNOWN STEP	2026-10-06T23:00:28.4553379Z (pass) headless /glla exposes the chosen token target and source [19.15ms]
publish	UNKNOWN STEP	2026-10-06T23:00:28.4553963Z 
publish	UNKNOWN STEP	2026-10-06T23:00:28.4554464Z ##[endgroup]
publish	UNKNOWN STEP	2026-10-06T23:00:28.4558155Z 
publish	UNKNOWN STEP	2026-10-06T23:00:28.4559123Z ##[group]tests/completion-summary-quality.test.ts:
publish	UNKNOWN STEP	2026-10-06T23:00:28.7511115Z (pass) completion summary quality: validator requires six labels [23.70ms]
publish	UNKNOWN STEP	2026-10-06T23:00:28.7674767Z (pass) completion summary quality: generic prose and missing labels ledger and NOTE [16.35ms]
publish	UNKNOWN STEP	2026-10-06T23:00:28.7753986Z (pass) completion summary quality: valid six-label recap passes without missing-label ledger [8.01ms]
publish	UNKNOWN STEP	2026-10-06T23:00:28.7763470Z (pass) v0.36.0: every terminal outcome gets a six-label recorded-facts fallback [0.57ms]
publish	UNKNOWN STEP	2026-10-06T23:00:28.7765033Z (pass) v0.36.0: validation annotations cannot satisfy recap-label validation [0.35ms]
publish	UNKNOWN STEP	2026-10-06T23:00:28.7766712Z (pass) v0.36.0: valid recap is preserved while generic prose is replaced [0.24ms]
publish	UNKNOWN STEP	2026-10-06T23:00:28.7768014Z (pass) gate and projectors share last-occurrence segmentation on stolen labels [0.33ms]
publish	UNKNOWN STEP	2026-10-06T23:00:28.7771913Z (pass) v0.36.0: compact recap projection keeps the five human labels and bounds each value [0.37ms]
publish	UNKNOWN STEP	2026-10-06T23:00:28.7778036Z (pass) v0.36.0: terminal notification projection resolves generic claims from durable facts [0.36ms]
publish	UNKNOWN STEP	2026-10-06T23:00:28.7779752Z (pass) v0.36.0: fallback never invents changed files or test results [0.20ms]
publish	UNKNOWN STEP	2026-10-06T23:00:28.7907437Z (pass) v0.36.0: archive boundary replaces a validator annotation with recorded facts [12.79ms]
publish	UNKNOWN STEP	2026-10-06T23:00:28.7993703Z (pass) v0.36.0: archiveCurrentGoal writes a recap for complete and abort-derived terminal paths [8.66ms]
publish	UNKNOWN STEP	2026-10-06T23:00:28.7996521Z (pass) completion summary audit doc exists and inventories archives [0.16ms]
publish	UNKNOWN STEP	2026-10-06T23:00:28.7999833Z (pass) v0.38.104: the recorded-facts archive summary never emits a lone surrogate [0.40ms]
publish	UNKNOWN STEP	2026-10-06T23:00:28.8000625Z 
publish	UNKNOWN STEP	2026-10-06T23:00:28.8003259Z ##[endgroup]
publish	UNKNOWN STEP	2026-10-06T23:00:28.8004811Z 
publish	UNKNOWN STEP	2026-10-06T23:00:28.8005733Z ##[group]tests/auditor-fallback-unification.test.ts:
publish	UNKNOWN STEP	2026-10-06T23:00:29.0951583Z (pass) auditor ordered fallback refs retain order and use the main normalizer [27.35ms]
publish	UNKNOWN STEP	2026-10-06T23:00:29.0969961Z (pass) auditor keeps all ten fallback slots after a pinned primary [1.98ms]
publish	UNKNOWN STEP	2026-10-06T23:00:29.0982027Z (pass) auditor forbidden refs are skipped silently and recorded [1.27ms]
publish	UNKNOWN STEP	2026-10-06T23:00:29.0992963Z (pass) a forbidden auditor primary is skipped before the configured fallback and remains silent [1.07ms]
publish	UNKNOWN STEP	2026-10-06T23:00:29.1010522Z (pass) auditor retries the same ref, then walks the next untried ref with bounded shared backoff [1.70ms]
publish	UNKNOWN STEP	2026-10-06T23:00:29.1015813Z (pass) auditor forbidden and duplicate refs are skipped before retry ordering [0.56ms]
publish	UNKNOWN STEP	2026-10-06T23:00:29.1018337Z (pass) an all-forbidden auditor chain does not launch a forbidden worker [0.25ms]
publish	UNKNOWN STEP	2026-10-06T23:00:29.1021533Z (pass) non-recoverable auditor failures stop without retrying or advancing [0.31ms]
publish	UNKNOWN STEP	2026-10-06T23:00:29.1025904Z (pass) auditor wall timeouts and watchdog stalls walk the fallback chain [0.42ms]
publish	UNKNOWN STEP	2026-10-06T23:00:29.1031047Z (pass) a restarted retry cursor spends the second call once, then advances [0.50ms]
publish	UNKNOWN STEP	2026-10-06T23:00:29.1035939Z (pass) a crash after launching the retry consumes that retry and advances without a third call [0.46ms]
publish	UNKNOWN STEP	2026-10-06T23:00:29.1038228Z (pass) infrastructure errors cannot survive as semantic auditor verdicts [0.18ms]
publish	UNKNOWN STEP	2026-10-06T23:00:29.1042109Z (pass) partial semantic flags cannot bypass fallback recovery [0.41ms]
publish	UNKNOWN STEP	2026-10-06T23:00:29.1047130Z (pass) same-provider rungs collapse after a provider-class failure [0.49ms]
publish	UNKNOWN STEP	2026-10-06T23:00:29.1052777Z (pass) cross-provider rungs still walk the full chain [0.53ms]
publish	UNKNOWN STEP	2026-10-06T23:00:29.1056645Z (pass) account-throttle wording collapses same-provider rungs [0.38ms]
publish	UNKNOWN STEP	2026-10-06T23:00:29.1062331Z (pass) ambiguous worker death still walks the chain [0.50ms]
publish	UNKNOWN STEP	2026-10-06T23:00:29.1065572Z (pass) cursor persistence failure fails closed before a retry or fallback [0.39ms]
publish	UNKNOWN STEP	2026-10-06T23:00:29.1071162Z (pass) auditor and drafter source paths name the shared policy primitives [0.53ms]
publish	UNKNOWN STEP	2026-10-06T23:00:29.1619739Z (pass) A8: a host abort interrupts the ladder delay instead of stranding the claim in it [51.48ms]
publish	UNKNOWN STEP	2026-10-06T23:00:29.1643378Z (pass) A7: a cursor-callback refusal while live stays a persistence failure [0.52ms]
publish	UNKNOWN STEP	2026-10-06T23:00:29.1644809Z (pass) A7: a cursor-callback refusal after a generation handoff stops quietly on the in-hand result [0.32ms]
publish	UNKNOWN STEP	2026-10-06T23:00:29.1645268Z 
publish	UNKNOWN STEP	2026-10-06T23:00:29.1645599Z ##[endgroup]
publish	UNKNOWN STEP	2026-10-06T23:00:29.1645729Z 
publish	UNKNOWN STEP	2026-10-06T23:00:29.1645992Z ##[group]tests/goal.schema.test.ts:
publish	UNKNOWN STEP	2026-10-06T23:00:29.4758261Z unknown format "date-time" ignored in schema at path "#/properties/deferred/properties/at"
publish	UNKNOWN STEP	2026-10-06T23:00:29.4760854Z unknown format "date-time" ignored in schema at path "#/properties/deferred/properties/at"
publish	UNKNOWN STEP	2026-10-06T23:00:29.4790046Z unknown format "date-time" ignored in schema at path "#/definitions/auditVerdict/properties/at"
publish	UNKNOWN STEP	2026-10-06T23:00:29.4792398Z unknown format "date-time" ignored in schema at path "#/definitions/auditVerdict/properties/at"
publish	UNKNOWN STEP	2026-10-06T23:00:29.4839262Z unknown format "date-time" ignored in schema at path "#/definitions/subagentQuotaEvidence/properties/resetAt"
publish	UNKNOWN STEP	2026-10-06T23:00:29.4841264Z unknown format "date-time" ignored in schema at path "#/definitions/subagentQuotaEvidence/properties/resetAt"
publish	UNKNOWN STEP	2026-10-06T23:00:29.4842395Z unknown format "date-time" ignored in schema at path "#/definitions/subagentQuotaEvidence/properties/at"
publish	UNKNOWN STEP	2026-10-06T23:00:29.4843664Z unknown format "date-time" ignored in schema at path "#/definitions/subagentQuotaEvidence/properties/at"
publish	UNKNOWN STEP	2026-10-06T23:00:29.4844964Z unknown format "date-time" ignored in schema at path "#/definitions/pendingCompletion/properties/at"
publish	UNKNOWN STEP	2026-10-06T23:00:29.4845940Z unknown format "date-time" ignored in schema at path "#/definitions/pendingCompletion/properties/at"
publish	UNKNOWN STEP	2026-10-06T23:00:29.4847314Z unknown format "date-time" ignored in schema at path "#/definitions/pendingCompletion/properties/lastActivityAt"
publish	UNKNOWN STEP	2026-10-06T23:00:29.4849408Z unknown format "date-time" ignored in schema at path "#/definitions/pendingCompletion/properties/lastActivityAt"
publish	UNKNOWN STEP	2026-10-06T23:00:29.4851183Z unknown format "date-time" ignored in schema at path "#/definitions/pendingCompletion/properties/verdictAt"
publish	UNKNOWN STEP	2026-10-06T23:00:29.4852993Z unknown format "date-time" ignored in schema at path "#/definitions/pendingCompletion/properties/verdictAt"
publish	UNKNOWN STEP	2026-10-06T23:00:29.4854947Z unknown format "date-time" ignored in schema at path "#/definitions/pendingCompletion/properties/startedAt"
publish	UNKNOWN STEP	2026-10-06T23:00:29.4856839Z unknown format "date-time" ignored in schema at path "#/definitions/pendingCompletion/properties/startedAt"
publish	UNKNOWN STEP	2026-10-06T23:00:29.4858642Z unknown format "date-time" ignored in schema at path "#/definitions/pendingCompletion/properties/recoveryAt"
publish	UNKNOWN STEP	2026-10-06T23:00:29.4860812Z unknown format "date-time" ignored in schema at path "#/definitions/pendingCompletion/properties/recoveryAt"
publish	UNKNOWN STEP	2026-10-06T23:00:29.4862695Z unknown format "date-time" ignored in schema at path "#/definitions/pendingCompletion/properties/recoveryRetryAt"
publish	UNKNOWN STEP	2026-10-06T23:00:29.4864617Z unknown format "date-time" ignored in schema at path "#/definitions/pendingCompletion/properties/recoveryRetryAt"
publish	UNKNOWN STEP	2026-10-06T23:00:29.4866473Z unknown format "date-time" ignored in schema at path "#/definitions/pendingCompletion/properties/automaticRecoveryAt"
publish	UNKNOWN STEP	2026-10-06T23:00:29.4868342Z unknown format "date-time" ignored in schema at path "#/definitions/pendingCompletion/properties/automaticRecoveryAt"
publish	UNKNOWN STEP	2026-10-06T23:00:29.4870773Z unknown format "date-time" ignored in schema at path "#/definitions/pendingCompletion/properties/automaticRecoveryFirstAt"
publish	UNKNOWN STEP	2026-10-06T23:00:29.4873239Z unknown format "date-time" ignored in schema at path "#/definitions/pendingCompletion/properties/automaticRecoveryFirstAt"
publish	UNKNOWN STEP	2026-10-06T23:00:29.4875265Z unknown format "date-time" ignored in schema at path "#/definitions/pendingCompletion/properties/automaticRecoveryUntil"
publish	UNKNOWN STEP	2026-10-06T23:00:29.4877328Z unknown format "date-time" ignored in schema at path "#/definitions/pendingCompletion/properties/automaticRecoveryUntil"
publish	UNKNOWN STEP	2026-10-06T23:00:29.4879509Z unknown format "date-time" ignored in schema at path "#/definitions/pendingCompletion/properties/retryFirstAt"
publish	UNKNOWN STEP	2026-10-06T23:00:29.4881550Z unknown format "date-time" ignored in schema at path "#/definitions/pendingCompletion/properties/retryFirstAt"
publish	UNKNOWN STEP	2026-10-06T23:00:29.4883243Z unknown format "date-time" ignored in schema at path "#/definitions/pendingCompletion/properties/retryUntil"
publish	UNKNOWN STEP	2026-10-06T23:00:29.4884960Z unknown format "date-time" ignored in schema at path "#/definitions/pendingCompletion/properties/retryUntil"
publish	UNKNOWN STEP	2026-10-06T23:00:29.4886701Z unknown format "date-time" ignored in schema at path "#/definitions/pendingCompletion/properties/quotaFirstAt"
publish	UNKNOWN STEP	2026-10-06T23:00:29.4889494Z unknown format "date-time" ignored in schema at path "#/definitions/pendingCompletion/properties/quotaFirstAt"
publish	UNKNOWN STEP	2026-10-06T23:00:29.4891310Z unknown format "date-time" ignored in schema at path "#/definitions/pendingCompletion/properties/quotaAutoRetryUntil"
publish	UNKNOWN STEP	2026-10-06T23:00:29.4893224Z unknown format "date-time" ignored in schema at path "#/definitions/pendingCompletion/properties/quotaAutoRetryUntil"
publish	UNKNOWN STEP	2026-10-06T23:00:29.4895046Z unknown format "date-time" ignored in schema at path "#/definitions/pendingCompletion/properties/resetAt"
publish	UNKNOWN STEP	2026-10-06T23:00:29.4896737Z unknown format "date-time" ignored in schema at path "#/definitions/pendingCompletion/properties/resetAt"
publish	UNKNOWN STEP	2026-10-06T23:00:29.4898645Z unknown format "date-time" ignored in schema at path "#/definitions/pendingCompletion/properties/auditorRetryAttemptStartedAt"
publish	UNKNOWN STEP	2026-10-06T23:00:29.4901023Z unknown format "date-time" ignored in schema at path "#/definitions/pendingCompletion/properties/auditorRetryAttemptStartedAt"
publish	UNKNOWN STEP	2026-10-06T23:00:29.4903015Z unknown format "date-time" ignored in schema at path "#/definitions/pendingCompletion/properties/auditorFailureAt"
publish	UNKNOWN STEP	2026-10-06T23:00:29.4904826Z unknown format "date-time" ignored in schema at path "#/definitions/pendingCompletion/properties/auditorFailureAt"
publish	UNKNOWN STEP	2026-10-06T23:00:29.4906476Z unknown format "date-time" ignored in schema at path "#/definitions/objectiveRepair/properties/at"
publish	UNKNOWN STEP	2026-10-06T23:00:29.4907471Z unknown format "date-time" ignored in schema at path "#/definitions/objectiveRepair/properties/at"
publish	UNKNOWN STEP	2026-10-06T23:00:29.4922119Z unknown format "date-time" ignored in schema at path "#/definitions/objectiveRepairTarget/properties/replanPromptedAt"
publish	UNKNOWN STEP	2026-10-06T23:00:29.4923278Z unknown format "date-time" ignored in schema at path "#/definitions/objectiveRepairTarget/properties/replanPromptedAt"
publish	UNKNOWN STEP	2026-10-06T23:00:29.4935422Z unknown format "date-time" ignored in schema at path "#/properties/createdAt"
publish	UNKNOWN STEP	2026-10-06T23:00:29.4936713Z unknown format "date-time" ignored in schema at path "#/properties/createdAt"
publish	UNKNOWN STEP	2026-10-06T23:00:29.4937829Z unknown format "date-time" ignored in schema at path "#/properties/updatedAt"
publish	UNKNOWN STEP	2026-10-06T23:00:29.4939206Z unknown format "date-time" ignored in schema at path "#/properties/updatedAt"
publish	UNKNOWN STEP	2026-10-06T23:00:29.5358177Z (pass) schema accepts active goal and queued-list goal fixtures [23.19ms]
publish	UNKNOWN STEP	2026-10-06T23:00:29.5359731Z (pass) schema rejects invalid status and missing required usage [0.31ms]
publish	UNKNOWN STEP	2026-10-06T23:00:29.5362392Z (pass) schema validates nested task and audit-verdict required fields [0.32ms]
publish	UNKNOWN STEP	2026-10-06T23:00:29.5362816Z 
publish	UNKNOWN STEP	2026-10-06T23:00:29.5363166Z ##[endgroup]
publish	UNKNOWN STEP	2026-10-06T23:00:29.5366189Z 
publish	UNKNOWN STEP	2026-10-06T23:00:29.5367024Z ##[group]tests/host-session-lost.test.ts:
publish	UNKNOWN STEP	2026-10-06T23:00:29.8062452Z (pass) classifySessionHandleInvalidation: each mechanism maps to its reason [0.41ms]
publish	UNKNOWN STEP	2026-10-06T23:00:30.0205152Z (pass) host loss without any lifecycle shutdown classifies silent_handle_death [216.05ms]
publish	UNKNOWN STEP	2026-10-06T23:00:30.3878437Z (pass) fresh session_start consumes the stale arm and re-arms the goal continuation [367.36ms]
publish	UNKNOWN STEP	2026-10-06T23:00:30.5850823Z (pass) completed idle state does not probe a disposed session handle [196.19ms]
publish	UNKNOWN STEP	2026-10-06T23:00:30.7656571Z (pass) paused idle state does not probe a disposed session handle [181.50ms]
publish	UNKNOWN STEP	2026-10-06T23:00:30.9596200Z (pass) held loop does not probe a disposed session handle [192.69ms]
publish	UNKNOWN STEP	2026-10-06T23:00:31.1530578Z (pass) ended subagent probes do not keep idle state probing a disposed handle [193.90ms]
publish	UNKNOWN STEP	2026-10-06T23:00:31.3457555Z (pass) stale-recovery debt still probes for same-process self-heal [192.27ms]
publish	UNKNOWN STEP	2026-10-06T23:00:31.5294459Z (pass) parked completion-audit recovery debt does not become an unprobed idle plane [184.91ms]
publish	UNKNOWN STEP	2026-10-06T23:00:31.6993260Z (pass) a normal fresh session does not fabricate stale continuation debt [169.90ms]
publish	UNKNOWN STEP	2026-10-06T23:00:31.8823437Z (pass) an explicit reload boundary is durable and does not masquerade as host loss [182.90ms]
publish	UNKNOWN STEP	2026-10-06T23:00:32.0647125Z (pass) a replacement window absorbs a handle swap before invalidation [182.38ms]
publish	UNKNOWN STEP	2026-10-06T23:00:32.2509717Z (pass) a lifecycle shutdown suppresses the terminal entirely — no loss event [186.07ms]
publish	UNKNOWN STEP	2026-10-06T23:00:32.2546886Z (pass) source pin: the emission classifies the reason instead of hardcoding unknown [3.98ms]
publish	UNKNOWN STEP	2026-10-06T23:00:32.2584016Z (pass) source pin: the classifier and its enum are exported [3.23ms]
publish	UNKNOWN STEP	2026-10-06T23:00:32.4443700Z (pass) note.md screenshot repro — live update_task_status self-heals a stale park and clears host session lost banner [184.82ms]
publish	UNKNOWN STEP	2026-10-06T23:00:32.8037198Z (pass) live session_compact event self-heals a stale park in place [360.68ms]
publish	UNKNOWN STEP	2026-10-06T23:00:32.8037664Z 
publish	UNKNOWN STEP	2026-10-06T23:00:32.8038024Z ##[endgroup]
publish	UNKNOWN STEP	2026-10-06T23:00:32.8040132Z 
publish	UNKNOWN STEP	2026-10-06T23:00:32.8040589Z ##[group]tests/auditor-picker-parity.test.ts:
publish	UNKNOWN STEP	2026-10-06T23:00:33.1142707Z (pass) v0.35.24: the auditor picker persists its selection where resolveAuditorModel reads it [33.37ms]
publish	UNKNOWN STEP	2026-10-06T23:00:33.1151352Z (pass) v0.35.24: a typed forbidden ref is REFUSED by the auditor picker, never persisted [0.96ms]
publish	UNKNOWN STEP	2026-10-06T23:00:33.1157930Z (pass) v0.36.0: the ordered auditor fallback picker applies the same filtering [0.68ms]
publish	UNKNOWN STEP	2026-10-06T23:00:33.1179560Z (pass) v0.36.0: the ordered auditor fallback picker keeps the first ten refs in typed order [2.14ms]
publish	UNKNOWN STEP	2026-10-06T23:00:33.1183636Z (pass) v0.35.24: buildModelPickItems excludes forbidden refs for the auditor slot (list-level filter) [0.40ms]
publish	UNKNOWN STEP	2026-10-06T23:00:33.1184123Z 
publish	UNKNOWN STEP	2026-10-06T23:00:33.1184452Z ##[endgroup]
publish	UNKNOWN STEP	2026-10-06T23:00:33.1187834Z 
publish	UNKNOWN STEP	2026-10-06T23:00:33.1188274Z ##[group]tests/compaction-input.test.ts:
publish	UNKNOWN STEP	2026-10-06T23:00:33.4112670Z (pass) bounds successful assistant, tool-call, and tool-result content while preserving pairing [29.48ms]
publish	UNKNOWN STEP	2026-10-06T23:00:33.4117072Z (pass) retains the newest goal payload and marks older payloads without changing message order [0.63ms]
publish	UNKNOWN STEP	2026-10-06T23:00:33.4120280Z (pass) replaces image blocks while retaining the surrounding message structure [0.29ms]
publish	UNKNOWN STEP	2026-10-06T23:00:33.4125172Z (pass) keeps the total bounded for a tiny caller budget with a previous summary [0.49ms]
publish	UNKNOWN STEP	2026-10-06T23:00:33.4126724Z (pass) bounds a previous compaction summary without changing the preparation contract [0.20ms]
publish	UNKNOWN STEP	2026-10-06T23:00:33.4130865Z (pass) leaves preparation metadata and fileOps untouched [0.37ms]
publish	UNKNOWN STEP	2026-10-06T23:00:33.4143219Z (pass) applies one coordinated budget to summarize and turn-prefix arrays [1.20ms]
publish	UNKNOWN STEP	2026-10-06T23:00:33.4144739Z (pass) returns no compaction result and tolerates a missing preparation [0.11ms]
publish	UNKNOWN STEP	2026-10-06T23:00:33.4147560Z (pass) preserves both preparation-array identities when projection is a no-op [0.18ms]
publish	UNKNOWN STEP	2026-10-06T23:00:33.4150210Z (pass) preserves the untouched half when only one preparation array needs projection [0.28ms]
publish	UNKNOWN STEP	2026-10-06T23:00:33.4167726Z (pass) bounds every supported preparation shape and preserves pairing/order [1.78ms]
publish	UNKNOWN STEP	2026-10-06T23:00:33.4170534Z (pass) second projection is idempotent [0.32ms]
publish	UNKNOWN STEP	2026-10-06T23:00:33.4173731Z (pass) contains malformed preparation records without changing their positions [0.30ms]
publish	UNKNOWN STEP	2026-10-06T23:00:33.4175578Z (pass) keeps malformed interleaved tool results paired with their calls [0.20ms]
publish	UNKNOWN STEP	2026-10-06T23:00:35.0067727Z (pass) enforces a hard bound for arbitrarily many tiny messages [1587.74ms]
publish	UNKNOWN STEP	2026-10-06T23:00:35.0695304Z (pass) keeps complete tool groups when high message counts force omission [63.83ms]
publish	UNKNOWN STEP	2026-10-06T23:00:35.0697154Z 
publish	UNKNOWN STEP	2026-10-06T23:00:35.0697862Z ##[endgroup]
publish	UNKNOWN STEP	2026-10-06T23:00:35.0700329Z 
publish	UNKNOWN STEP	2026-10-06T23:00:35.0701034Z ##[group]tests/respec-builder-context.test.ts:
publish	UNKNOWN STEP	2026-10-06T23:00:35.3829951Z (pass) actual project dispatch bounds repeated reports while retaining complete adopted criteria [46.97ms]
publish	UNKNOWN STEP	2026-10-06T23:00:35.3849888Z (pass) oversized contracts require durable reads and always serialize within the hard limit [2.18ms]
publish	UNKNOWN STEP	2026-10-06T23:00:35.3850443Z 
publish	UNKNOWN STEP	2026-10-06T23:00:35.3850834Z ##[endgroup]
publish	UNKNOWN STEP	2026-10-06T23:00:35.3854165Z 
publish	UNKNOWN STEP	2026-10-06T23:00:35.3854828Z ##[group]tests/pending-claim-lifecycle.test.ts:
publish	UNKNOWN STEP	2026-10-06T23:00:36.0103348Z (pass) /goal verify on a healthy pending audit reports the awaiting state without touching the claim [364.48ms]
publish	UNKNOWN STEP	2026-10-06T23:00:36.3923127Z (pass) /goal verify on an approved-but-unarchived claim settles it instead of re-auditing [380.34ms]
publish	UNKNOWN STEP	2026-10-06T23:00:36.7909183Z (pass) a durable pending audit survives cold reload parked with its identity and no submission [400.11ms]
publish	UNKNOWN STEP	2026-10-06T23:00:37.2147873Z (pass) /goal verify on a recovery-pending claim resumes it instead of overwriting the cursor [424.04ms]
publish	UNKNOWN STEP	2026-10-06T23:00:37.5641293Z (pass) A2: a retry rotates the attempt but keeps priorAttemptId lineage and reaps the old job dir [348.50ms]
publish	UNKNOWN STEP	2026-10-06T23:00:37.5656655Z 
publish	UNKNOWN STEP	2026-10-06T23:00:37.5657414Z ##[endgroup]
publish	UNKNOWN STEP	2026-10-06T23:00:37.5660420Z 
publish	UNKNOWN STEP	2026-10-06T23:00:37.5686640Z ##[group]tests/mechanical-inconclusive.test.ts:
publish	UNKNOWN STEP	2026-10-06T23:00:37.9048222Z (pass) loadScaledTimeoutMs: 1× at or under cpu count [19.73ms]
publish	UNKNOWN STEP	2026-10-06T23:00:37.9049681Z (pass) loadScaledTimeoutMs: linear past cpu count, capped at 2× [0.05ms]
publish	UNKNOWN STEP	2026-10-06T23:00:37.9051057Z (pass) loadScaledTimeoutMs: unusable inputs degrade to base, never unbounded [0.07ms]
publish	UNKNOWN STEP	2026-10-06T23:00:37.9052607Z (pass) scaledMechanicalTimeoutMs: live-load wrapper stays within [base, 2×base] [0.34ms]
publish	UNKNOWN STEP	2026-10-06T23:00:37.9053723Z (pass) containmentReason: maps flags in timeout-first order [0.14ms]
publish	UNKNOWN STEP	2026-10-06T23:00:37.9055525Z (pass) mechanicalPreAuditVerdict: fail keeps the historical fast-fail shape [0.28ms]
publish	UNKNOWN STEP	2026-10-06T23:00:37.9056838Z (pass) mechanicalPreAuditVerdict: inconclusive becomes infra error, never disapproval [0.15ms]
publish	UNKNOWN STEP	2026-10-06T23:00:37.9366414Z (pass) mechanical run: green command passes [30.68ms]
publish	UNKNOWN STEP	2026-10-06T23:00:38.0060270Z (pass) mechanical run: red command fails (not inconclusive) [69.33ms]
publish	UNKNOWN STEP	2026-10-06T23:00:38.0246829Z (pass) mechanical run: unsafe syntax fails (not inconclusive) [18.72ms]
publish	UNKNOWN STEP	2026-10-06T23:00:38.1517813Z (pass) mechanical run: killed gate is inconclusive with reason [127.13ms]
publish	UNKNOWN STEP	2026-10-06T23:00:38.1519047Z (pass) mechanical run: empty command list passes [0.13ms]
publish	UNKNOWN STEP	2026-10-06T23:00:38.1519482Z 
publish	UNKNOWN STEP	2026-10-06T23:00:38.1519969Z ##[endgroup]
publish	UNKNOWN STEP	2026-10-06T23:00:38.1523695Z 
publish	UNKNOWN STEP	2026-10-06T23:00:38.1524258Z ##[group]tests/disk-first-queue.test.ts:
publish	UNKNOWN STEP	2026-10-06T23:00:38.4280744Z (pass) writeQueueItemFile: atomic, lands in .pi-glla/goals/<id>.queue.json [0.92ms]
publish	UNKNOWN STEP	2026-10-06T23:00:38.4288171Z (pass) writeQueueItemFile: idempotent on retry (no overwrite) [0.49ms]
publish	UNKNOWN STEP	2026-10-06T23:00:38.4289718Z (pass) writeQueueItemFile: refuses to follow symlinks (symlink-safety) [0.34ms]
publish	UNKNOWN STEP	2026-10-06T23:00:38.4290546Z (pass) writeQueueItemFile: survives an existing temp residual [0.58ms]
publish	UNKNOWN STEP	2026-10-06T23:00:38.4291215Z (pass) deleteQueueItemFile: returns true when present, false when missing [0.66ms]
publish	UNKNOWN STEP	2026-10-06T23:00:38.4291919Z (pass) clearQueueItemFiles: removes orphaned sidecars and is idempotent [1.14ms]
publish	UNKNOWN STEP	2026-10-06T23:00:38.4531880Z (pass) readQueueFromDisk: returns queue items, in id order, skipping garbage [24.03ms]
publish	UNKNOWN STEP	2026-10-06T23:00:38.4538436Z (pass) readQueueFromDisk: excludeIds removes ids that are active or archived [0.82ms]
publish	UNKNOWN STEP	2026-10-06T23:00:38.4540151Z (pass) readQueueFromDisk: missing goals/ dir returns [] (not throw) [0.21ms]
publish	UNKNOWN STEP	2026-10-06T23:00:38.4548167Z (pass) round-trip: write then read returns identical items [0.72ms]
publish	UNKNOWN STEP	2026-10-06T23:00:38.4549342Z (pass) queueItemPath: stable relative shape [0.14ms]
publish	UNKNOWN STEP	2026-10-06T23:00:38.4552841Z (pass) v0.34.61: addSingleItem is disk-first (sidecar before state mutation) [0.38ms]
publish	UNKNOWN STEP	2026-10-06T23:00:38.4555837Z (pass) v0.34.61: list-draft path is disk-first (sidecar before state mutation) [0.31ms]
publish	UNKNOWN STEP	2026-10-06T23:00:38.4562853Z (pass) v0.35.0: remove/clear/cancel/glla_wipe clear queue sidecars [0.68ms]
publish	UNKNOWN STEP	2026-10-06T23:00:38.4568571Z (pass) v0.34.61: crash-simulation — sidecar survives state death and reload finds it [0.51ms]
publish	UNKNOWN STEP	2026-10-06T23:00:38.4576987Z (pass) v0.35.4: queue metadata round-trips and recovery uses durable order [0.86ms]
publish	UNKNOWN STEP	2026-10-06T23:00:38.4580832Z (pass) v0.35.4: failed sidecar writes are reported without leaving temp files [0.39ms]
publish	UNKNOWN STEP	2026-10-06T23:00:38.4585936Z (pass) v0.35.4: queue recovery and carryover clear use durable sidecars [0.52ms]
publish	UNKNOWN STEP	2026-10-06T23:00:38.4586488Z 
publish	UNKNOWN STEP	2026-10-06T23:00:38.4586964Z ##[endgroup]
publish	UNKNOWN STEP	2026-10-06T23:00:38.4591025Z 
publish	UNKNOWN STEP	2026-10-06T23:00:38.4591747Z ##[group]tests/auditor-challenge-record.test.ts:
publish	UNKNOWN STEP	2026-10-06T23:00:39.4027478Z (pass) challenge-record: a confirmed approval records challenge=confirmed on the verdict [676.32ms]
publish	UNKNOWN STEP	2026-10-06T23:00:40.0306279Z (pass) challenge-record: a single-round disapproval records challenge=not-applicable [627.86ms]
publish	UNKNOWN STEP	2026-10-06T23:00:40.0307118Z 
publish	UNKNOWN STEP	2026-10-06T23:00:40.0307812Z ##[endgroup]
publish	UNKNOWN STEP	2026-10-06T23:00:40.0310350Z 
publish	UNKNOWN STEP	2026-10-06T23:00:40.0310992Z ##[group]tests/subagent-hang-detection.test.ts:
publish	UNKNOWN STEP	2026-10-06T23:00:40.3071218Z (pass) v0.35.65: snapshots use live manager counters and expose honest phase/elapsed data [0.64ms]
publish	UNKNOWN STEP	2026-10-06T23:00:40.3072624Z (pass) v0.35.65: queued manager records stay queued and do not masquerade as active work [0.22ms]
publish	UNKNOWN STEP	2026-10-06T23:00:40.8462086Z (pass) current pi-subagents async lifecycle and status.json drive live counters [540.51ms]
publish	UNKNOWN STEP	2026-10-06T23:00:41.3592890Z (pass) current v1 stop RPC is selected after the status artifact proves top-level ownership [513.08ms]
publish	UNKNOWN STEP	2026-10-06T23:00:41.3594561Z (pass) classify: a running subagent with no new progress for 5m is hung [0.36ms]
publish	UNKNOWN STEP	2026-10-06T23:00:41.3596111Z (pass) classify: sub-5m silence is not hung (5m floor, shorter than the auditor's 10m) [0.11ms]
publish	UNKNOWN STEP	2026-10-06T23:00:41.3597798Z (pass) classify: a NEW tool use refreshes the streak (working, not wedged) [0.15ms]
publish	UNKNOWN STEP	2026-10-06T23:00:41.3599569Z (pass) classify: NEW output tokens refresh the streak (long think, still alive) [0.12ms]
publish	UNKNOWN STEP	2026-10-06T23:00:41.3601040Z (pass) classify: ended / non-running records are not hung (watch stops) [0.12ms]
publish	UNKNOWN STEP	2026-10-06T23:00:41.3602086Z (pass) v0.34.102: a vanished/unreachable record falls back to event-only evidence (field: pully 118m wedge) [0.17ms]
publish	UNKNOWN STEP	2026-10-06T23:00:41.8534656Z (pass) hang detection surfaces ui.notify + ledger `subagent_hang_detected` via the heartbeat scan [493.08ms]
publish	UNKNOWN STEP	2026-10-06T23:00:42.5266932Z (pass) hang warning is throttled — one alert per 5m streak window, not per tick [673.20ms]
publish	UNKNOWN STEP	2026-10-06T23:00:43.2013969Z (pass) long frozen tracked child requests one bounded child-specific abort after the warning window [674.72ms]
publish	UNKNOWN STEP	2026-10-06T23:00:43.6985766Z (pass) progress arriving before escalation cancels the action and starts a fresh episode [497.14ms]
publish	UNKNOWN STEP	2026-10-06T23:00:44.3690419Z (pass) event-only child reaches an honest unavailable-action record, never a guessed abort [670.35ms]
publish	UNKNOWN STEP	2026-10-06T23:00:44.8630344Z (pass) nested child is not eligible for top-level automatic abort [494.01ms]
publish	UNKNOWN STEP	2026-10-06T23:00:45.3715393Z (pass) v0.35.65: an old-generation child cannot receive a stop RPC after host rebind [508.44ms]
publish	UNKNOWN STEP	2026-10-06T23:00:45.8784839Z (pass) host rebind retires healthy event-only evidence and admits fresh same-generation progress [506.99ms]
publish	UNKNOWN STEP	2026-10-06T23:00:46.3772944Z (pass) v0.34.102: event-only hang surfaces `subagent_hang_detected` with evidence=event-only when no manager record exists [498.65ms]
publish	UNKNOWN STEP	2026-10-06T23:00:47.0252605Z (pass) completed/failed events end the watch — no hang alert after completion [647.99ms]
publish	UNKNOWN STEP	2026-10-06T23:00:47.6540451Z (pass) compacted/steered events refresh the streak (secondary progress evidence) [628.84ms]
publish	UNKNOWN STEP	2026-10-06T23:00:48.0104929Z (pass) malformed hang inputs are dropped, not crashy [356.46ms]
publish	UNKNOWN STEP	2026-10-06T23:00:48.0154893Z (pass) source pins: constants, watchdog wiring, and ledger key [5.07ms]
publish	UNKNOWN STEP	2026-10-06T23:00:48.1269136Z [run-tests] progress: 360s elapsed · 0s since last output · 165 KiB of suite output
publish	UNKNOWN STEP	2026-10-06T23:00:49.0743381Z (pass) v0.34.105: hang scan runs during main-model recovery (quota wall blinds the watchdog before the fix) [1058.31ms]
publish	UNKNOWN STEP	2026-10-06T23:00:49.0745182Z (pass) v0.34.105 source pin: subagent scan precedes the main-model-recovery early return in heartbeatTick [0.24ms]
publish	UNKNOWN STEP	2026-10-06T23:00:49.0746716Z (pass) v0.38.104 releasing the RPC host unsubscribes the readiness listeners it installed [0.35ms]
publish	UNKNOWN STEP	2026-10-06T23:00:49.0747448Z 
publish	UNKNOWN STEP	2026-10-06T23:00:49.0747926Z ##[endgroup]
publish	UNKNOWN STEP	2026-10-06T23:00:49.0749867Z 
publish	UNKNOWN STEP	2026-10-06T23:00:49.0750477Z ##[group]tests/structured-summary.test.ts:
publish	UNKNOWN STEP	2026-10-06T23:00:49.3517135Z (pass) renderer removes empty evidence parentheses without losing the finding [1.10ms]
publish	UNKNOWN STEP	2026-10-06T23:00:49.3518995Z (pass) headline echo uses the Outcome lead paragraph, never flattened headers [2.06ms]
publish	UNKNOWN STEP	2026-10-06T23:00:49.3520324Z (pass) detector: two ##/### headers earn the structured path, one does not [0.12ms]
publish	UNKNOWN STEP	2026-10-06T23:00:49.3521616Z (pass) extractor preserves newlines and tables, segments other labels [0.23ms]
publish	UNKNOWN STEP	2026-10-06T23:00:49.3522576Z (pass) extractor: last line-anchored restatement wins [0.09ms]
publish	UNKNOWN STEP	2026-10-06T23:00:49.3523610Z (pass) card: structured Outcome renders a full ### Summary section, headline stays short [0.99ms]
publish	UNKNOWN STEP	2026-10-06T23:00:49.3525066Z (pass) card: unstructured summaries keep today's shape — no Summary section [0.50ms]
publish	UNKNOWN STEP	2026-10-06T23:00:49.3526027Z (pass) card: one-action Next survives the structured body [0.71ms]
publish	UNKNOWN STEP	2026-10-06T23:00:49.3526946Z (pass) card: machine paths stay archive-only inside structured lines [0.75ms]
publish	UNKNOWN STEP	2026-10-06T23:00:49.3841624Z (pass) guard: pathological structured values end with an honest pointer [33.24ms]
publish	UNKNOWN STEP	2026-10-06T23:00:49.3862017Z (pass) doctrine: horizon lives in Summary, Next names only the immediate move [1.02ms]
publish	UNKNOWN STEP	2026-10-06T23:00:49.3863048Z (pass) archive human layer carries the same Summary section [0.61ms]
publish	UNKNOWN STEP	2026-10-06T23:00:49.3863531Z 
publish	UNKNOWN STEP	2026-10-06T23:00:49.3864026Z ##[endgroup]
publish	UNKNOWN STEP	2026-10-06T23:00:49.3864243Z 
publish	UNKNOWN STEP	2026-10-06T23:00:49.3864681Z ##[group]tests/list-subtasks.test.ts:
publish	UNKNOWN STEP	2026-10-06T23:00:49.6595467Z (pass) v0.35.72: visible hierarchical positions map to flat queue indexes [0.55ms]
publish	UNKNOWN STEP	2026-10-06T23:00:49.6596644Z (pass) v0.34.81: SUBTASK_MARKER is line-start + case-insensitive [0.26ms]
publish	UNKNOWN STEP	2026-10-06T23:00:49.6597588Z (pass) v0.34.81: extractSubtaskParent — no marker → undefined parent [0.14ms]
publish	UNKNOWN STEP	2026-10-06T23:00:49.6598336Z (pass) v0.34.81: extractSubtaskParent — em-dash splits parent/child [0.19ms]
publish	UNKNOWN STEP	2026-10-06T23:00:49.6599570Z (pass) v0.34.81: extractSubtaskParent — en-dash and hyphen-separator both work [0.15ms]
publish	UNKNOWN STEP	2026-10-06T23:00:49.6600394Z (pass) v0.34.81: extractSubtaskParent — hyphen WITHOUT spaces does NOT split [0.10ms]
publish	UNKNOWN STEP	2026-10-06T23:00:49.6601411Z (pass) v0.34.81: extractSubtaskParent — no separator captures parent only, empty child [0.08ms]
publish	UNKNOWN STEP	2026-10-06T23:00:49.6602845Z (pass) v0.34.81: extractSubtaskParent — multi-line child objective survives marker strip [0.10ms]
publish	UNKNOWN STEP	2026-10-06T23:00:49.6604564Z (pass) v0.34.81: parseListItemDeclaration — child objective keeps its own Parallel + Done when [0.31ms]
publish	UNKNOWN STEP	2026-10-06T23:00:49.6624518Z (pass) v0.34.81: parseListItemDeclaration — no marker means parentObjective is undefined [0.15ms]
publish	UNKNOWN STEP	2026-10-06T23:00:49.6870817Z (pass) v0.34.81: parentId round-trips through writeQueueItemFile → readQueueFromDisk [27.62ms]
publish	UNKNOWN STEP	2026-10-06T23:00:49.6874854Z (pass) v0.34.81: readQueueFromDisk ignores malformed parentId (non-string) [0.56ms]
publish	UNKNOWN STEP	2026-10-06T23:00:49.6911442Z (pass) v0.34.81: wiring — parse in core, resolve/refuse/cascade in goal.ts [3.59ms]
publish	UNKNOWN STEP	2026-10-06T23:00:49.8890723Z (pass) v0.34.81 (behavioral): list_add with a subtask binds parentId to the matching queue item [197.44ms]
publish	UNKNOWN STEP	2026-10-06T23:00:50.1432202Z (pass) v0.34.81 (behavioral): unresolved parent refuses that child, other items still land [254.37ms]
publish	UNKNOWN STEP	2026-10-06T23:00:50.5643890Z (pass) v0.34.81 (behavioral): explicit pick on a group refuses loudly (no silent jump) [421.22ms]
publish	UNKNOWN STEP	2026-10-06T23:00:50.8042732Z (pass) v0.34.81 (behavioral): auto-advance skips a head group and lands on its first open child [238.91ms]
publish	UNKNOWN STEP	2026-10-06T23:00:51.0610912Z (pass) audit-2026-09-06: auto-advance head-group skip is ledgered, not silent [257.08ms]
publish	UNKNOWN STEP	2026-10-06T23:00:51.1102778Z (pass) v0.38.104: list_activate accepts the dotted child label the queue prints [46.96ms]
publish	UNKNOWN STEP	2026-10-06T23:00:51.1170584Z (pass) v0.38.104 (schema pin): list_activate's `n` accepts the child-label string form [5.79ms]
publish	UNKNOWN STEP	2026-10-06T23:00:51.5064919Z (pass) C4 (behavioral): /list remove on a group cascades to its queued children [388.99ms]
publish	UNKNOWN STEP	2026-10-06T23:00:52.0265221Z (pass) C4 (behavioral): /list remove on a group with a live child is refused [519.13ms]
publish	UNKNOWN STEP	2026-10-06T23:00:52.0286644Z 
publish	UNKNOWN STEP	2026-10-06T23:00:52.0287618Z ##[endgroup]
publish	UNKNOWN STEP	2026-10-06T23:00:52.0288247Z 
publish	UNKNOWN STEP	2026-10-06T23:00:52.0289949Z ##[group]tests/prompt-pivot-detection.test.ts:
publish	UNKNOWN STEP	2026-10-06T23:00:52.3039897Z (pass) continuation prompt has the PIVOT DETECTION section (item 26) [0.44ms]
publish	UNKNOWN STEP	2026-10-06T23:00:52.3040843Z (pass) isFullAuditObjective classifies survey pivots (item 28) [0.10ms]
publish	UNKNOWN STEP	2026-10-06T23:00:52.3041537Z (pass) orchestrator injects the FULL-AUDIT directive conditionally (item 28) [0.21ms]
publish	UNKNOWN STEP	2026-10-06T23:00:52.3042210Z (pass) continuation prompt includes the latest auditor report verbatim [0.44ms]
publish	UNKNOWN STEP	2026-10-06T23:00:52.3042954Z (pass) stale-approval directive mirrors the numeric-revision gate, never legacy entries [0.41ms]
publish	UNKNOWN STEP	2026-10-06T23:00:52.3043360Z 
publish	UNKNOWN STEP	2026-10-06T23:00:52.3043684Z ##[endgroup]
publish	UNKNOWN STEP	2026-10-06T23:00:52.3308022Z 
publish	UNKNOWN STEP	2026-10-06T23:00:52.3309592Z ##[group]tests/ui-command-view-audit.test.ts:
publish	UNKNOWN STEP	2026-10-06T23:00:52.6326486Z (pass) held loop status preserves its meaning and names the actual resume command [36.20ms]
publish	UNKNOWN STEP	2026-10-06T23:00:52.6357756Z (pass) compact settling status reports archive debt instead of worker silence [3.30ms]
publish	UNKNOWN STEP	2026-10-06T23:00:52.6389026Z (pass) paused goal status includes its saved next action without inventing one [2.65ms]
publish	UNKNOWN STEP	2026-10-06T23:00:52.6390191Z 
publish	UNKNOWN STEP	2026-10-06T23:00:52.6390691Z ##[endgroup]
publish	UNKNOWN STEP	2026-10-06T23:00:52.6390895Z 
publish	UNKNOWN STEP	2026-10-06T23:00:52.6391357Z ##[group]tests/stuck-detection-rework.test.ts:
publish	UNKNOWN STEP	2026-10-06T23:00:52.9145967Z (pass) trigramSimilarity: identity = 1, disjoint = 0, empties [0.44ms]
publish	UNKNOWN STEP	2026-10-06T23:00:52.9146963Z (pass) trigramSimilarity: similar but not identical [0.27ms]
publish	UNKNOWN STEP	2026-10-06T23:00:52.9147916Z (pass) isNudgeTurn: tool use resets the brake even on empty text [0.10ms]
publish	UNKNOWN STEP	2026-10-06T23:00:52.9149034Z (pass) isNudgeTurn: short no-tool turn is always a nudge [0.09ms]
publish	UNKNOWN STEP	2026-10-06T23:00:52.9150594Z (pass) isNudgeTurn: substantive paragraph (≥15 words, novel) is NOT a nudge (the polis incident) [0.83ms]
publish	UNKNOWN STEP	2026-10-06T23:00:52.9151648Z (pass) isNudgeTurn: long + repetitive text IS a nudge [0.37ms]
publish	UNKNOWN STEP	2026-10-06T23:00:52.9152635Z (pass) isNudgeTurn: long text with no prior (first turn in a streak) is NOT a nudge [0.12ms]
publish	UNKNOWN STEP	2026-10-06T23:00:52.9153499Z (pass) isNudgeTurn: tunable thresholds [0.25ms]
publish	UNKNOWN STEP	2026-10-06T23:00:52.9154589Z (pass) accountTurnForNudgesRich: three substantive no-tool turns → stays 0 (the fix) [0.60ms]
publish	UNKNOWN STEP	2026-10-06T23:00:52.9155845Z (pass) accountTurnForNudgesRich: three short repetitive replies → reaches max [0.07ms]
publish	UNKNOWN STEP	2026-10-06T23:00:52.9156597Z (pass) defaults [0.03ms]
publish	UNKNOWN STEP	2026-10-06T23:00:52.9156831Z 
publish	UNKNOWN STEP	2026-10-06T23:00:52.9157284Z ##[endgroup]
publish	UNKNOWN STEP	2026-10-06T23:00:52.9157483Z 
publish	UNKNOWN STEP	2026-10-06T23:00:52.9157955Z ##[group]tests/rich-summary-dedup.test.ts:
publish	UNKNOWN STEP	2026-10-06T23:00:53.1969394Z (pass) 172705: exact-duplicate details render once per bucket [0.70ms]
publish	UNKNOWN STEP	2026-10-06T23:00:53.1977173Z (pass) 2026-10-02: same-label restatement in next/remaining collapses to first [0.39ms]
publish	UNKNOWN STEP	2026-10-06T23:00:53.1978505Z (pass) 2026-10-02: problem and action across labels always both render [0.21ms]
publish	UNKNOWN STEP	2026-10-06T23:00:53.1979971Z (pass) 2026-10-02: distinct same-label next steps both render [0.15ms]
publish	UNKNOWN STEP	2026-10-06T23:00:53.1981010Z (pass) 172705: zero turns omitted, elapsed and audits kept [0.44ms]
publish	UNKNOWN STEP	2026-10-06T23:00:53.1981508Z 
publish	UNKNOWN STEP	2026-10-06T23:00:53.1982342Z ##[endgroup]
publish	UNKNOWN STEP	2026-10-06T23:00:53.1982580Z 
publish	UNKNOWN STEP	2026-10-06T23:00:53.1983102Z ##[group]tests/auditor-stall-watchdog.test.ts:
publish	UNKNOWN STEP	2026-10-06T23:00:58.6901578Z (pass) stall: worker that never emits a first event is failed fast, not left for the wall [5213.06ms]
publish	UNKNOWN STEP	2026-10-06T23:01:05.2336517Z (pass) stall: first-event budget starts after successful spawn, not pre-spawn setup [6543.50ms]
publish	UNKNOWN STEP	2026-10-06T23:01:06.4790273Z (pass) stall: worker whose single boot heartbeat goes stale is failed fast, not left for the wall [1245.31ms]
publish	UNKNOWN STEP	2026-10-06T23:01:06.7510317Z (pass) progress: a live auditor outlives the legacy wall metadata and settles on its result [272.00ms]
publish	UNKNOWN STEP	2026-10-06T23:01:07.6036955Z (pass) stall: a running auditor tool is exempt — the per-tool timeout owns that axis [852.66ms]
publish	UNKNOWN STEP	2026-10-06T23:01:07.6895754Z (pass) stall: a silent-past-bound attempt fails fast WITH its cost record (controlled clock) [85.91ms]
publish	UNKNOWN STEP	2026-10-06T23:01:07.7795915Z (pass) stall: a worker-reported brake is reclassified with the same evidence [89.97ms]
publish	UNKNOWN STEP	2026-10-06T23:01:07.9383792Z (pass) stall: an open in-budget tool is not silence — the no-progress bound spares it [158.75ms]
publish	UNKNOWN STEP	2026-10-06T23:01:10.4744590Z (pass) v0.38.99: an over-budget tool is NOT fatal — the worker cancels it, resumes, and its result still lands [2536.00ms]
publish	UNKNOWN STEP	2026-10-06T23:01:12.0103761Z (pass) v0.38.99 approval guard: an approving verdict from a verification-incomplete attempt is refused, not applied [1535.94ms]
publish	UNKNOWN STEP	2026-10-06T23:01:12.4975742Z (pass) v0.38.99: a genuinely wedged tool still fails fast once the grace expires [487.20ms]
publish	UNKNOWN STEP	2026-10-06T23:01:12.4976411Z 
publish	UNKNOWN STEP	2026-10-06T23:01:12.4976939Z ##[endgroup]
publish	UNKNOWN STEP	2026-10-06T23:01:12.4979550Z 
publish	UNKNOWN STEP	2026-10-06T23:01:12.4980131Z ##[group]tests/audit-convergence-breaker.test.ts:
publish	UNKNOWN STEP	2026-10-06T23:01:14.1382883Z (pass) audit-convergence-breaker — hard cap > hard cap pauses even under aggressive keep-going [1355.08ms]
publish	UNKNOWN STEP	2026-10-06T23:01:15.4196679Z (pass) audit-convergence-breaker — hard cap > below the hard cap, aggressive keep-going is preserved [1281.39ms]
publish	UNKNOWN STEP	2026-10-06T23:01:15.9607600Z (pass) audit-convergence-breaker — hard cap > hard cap binds the detached settlement path [541.07ms]
publish	UNKNOWN STEP	2026-10-06T23:01:17.2031242Z (pass) audit-convergence-breaker — hard cap > soft-cap pause offers accept-with-followups first [1242.25ms]
publish	UNKNOWN STEP	2026-10-06T23:01:18.1273937Z [run-tests] progress: 390s elapsed · 1s since last output · 172 KiB of suite output
publish	UNKNOWN STEP	2026-10-06T23:01:18.1664517Z (pass) audit-convergence-breaker — hard cap > severity census lands on the objections ledger event [963.32ms]
publish	UNKNOWN STEP	2026-10-06T23:01:18.1671842Z (pass) audit-convergence-breaker — severity extraction > tags parse per item; missing section yields nothing [0.38ms]
publish	UNKNOWN STEP	2026-10-06T23:01:18.1673831Z (pass) audit-convergence-breaker — severity extraction > only leading tags count; buried tags and bare items are untagged [0.19ms]
publish	UNKNOWN STEP	2026-10-06T23:01:18.1675693Z (pass) audit-convergence-breaker — severity extraction > auditor brief mandates severity tags [0.35ms]
publish	UNKNOWN STEP	2026-10-06T23:01:18.1677479Z (pass) audit-convergence-breaker — settings > hard-cap default is 8 (soft 5 + three grace rounds) [0.07ms]
publish	UNKNOWN STEP	2026-10-06T23:01:18.1679524Z (pass) audit-convergence-breaker — settings > normalize keeps valid values, drops garbage [0.57ms]
publish	UNKNOWN STEP	2026-10-06T23:01:18.1685134Z (pass) audit-convergence-breaker — settings > v0.38.104: mainModelRetryMinutes and auditFeedbackChars drop junk instead of displaying a dead value [0.60ms]
publish	UNKNOWN STEP	2026-10-06T23:01:18.1693538Z (pass) audit-convergence-breaker — settings > v0.38.104: drafter/auditor thinking levels are pruned against the one ladder [0.85ms]
publish	UNKNOWN STEP	2026-10-06T23:01:18.1702718Z (pass) audit-convergence-breaker — settings > menu rows exist for both keys [0.94ms]
publish	UNKNOWN STEP	2026-10-06T23:01:18.1703338Z 
publish	UNKNOWN STEP	2026-10-06T23:01:18.1703812Z ##[endgroup]
publish	UNKNOWN STEP	2026-10-06T23:01:18.1707769Z 
publish	UNKNOWN STEP	2026-10-06T23:01:18.1708203Z ##[group]tests/false-repair-card.test.ts:
publish	UNKNOWN STEP	2026-10-06T23:01:18.4490756Z (pass) parser: the field 'Verify the shipped ...' item keeps its intent in the OBJECTIVE [0.72ms]
publish	UNKNOWN STEP	2026-10-06T23:01:18.4515398Z (pass) parser: short-marker forms still parse as contract-only declarations [0.29ms]
publish	UNKNOWN STEP	2026-10-06T23:01:18.4517821Z (pass) derivation: the field contract yields its leading imperative sentence; junk yields null [0.43ms]
publish	UNKNOWN STEP	2026-10-06T23:01:18.7067279Z (pass) behavioral: a legacy empty-objective item with a clean contract activates with the derived objective [255.82ms]
publish	UNKNOWN STEP	2026-10-06T23:01:18.9650782Z (pass) behavioral: a legacy empty-objective item with NO contract still takes the true repair path [258.92ms]
publish	UNKNOWN STEP	2026-10-06T23:01:19.1672280Z (pass) behavioral: a fresh batch item written from the field text activates directly — the writer fix end-to-end [202.84ms]
publish	UNKNOWN STEP	2026-10-06T23:01:19.1698312Z 
publish	UNKNOWN STEP	2026-10-06T23:01:19.1699801Z ##[endgroup]
publish	UNKNOWN STEP	2026-10-06T23:01:19.1937283Z 
publish	UNKNOWN STEP	2026-10-06T23:01:19.1938544Z ##[group]tests/length-continue.test.ts:
publish	UNKNOWN STEP	2026-10-06T23:01:19.5216347Z (pass) tracker: fires up to MAX consecutive, gives up once, resets on a normal turn [20.86ms]
publish	UNKNOWN STEP	2026-10-06T23:01:19.5217705Z (pass) continue text carries the root-cause mitigation (split large writes) [0.23ms]
publish	UNKNOWN STEP	2026-10-06T23:01:19.5219627Z (pass) v0.34.19: tiny-output length at a nearly full context is context starvation, not a real output cap [0.26ms]
publish	UNKNOWN STEP	2026-10-06T23:01:19.5231076Z (pass) v0.38.36: explicit provider context-overflow errors (stopReason=error) are context starvation when context usage >= 90% [0.34ms]
publish	UNKNOWN STEP	2026-10-06T23:01:19.5232224Z (pass) agent_end: length path runs BEFORE nudge accounting, telemetry, and goal gating [0.64ms]
publish	UNKNOWN STEP	2026-10-06T23:01:19.5239407Z (pass) sendLengthContinue: stale-api terminal guard + admitted-session reset [1.09ms]
publish	UNKNOWN STEP	2026-10-06T23:01:19.5242471Z (pass) sendLengthContinue: active goals get completion-aware recovery guidance [0.28ms]
publish	UNKNOWN STEP	2026-10-06T23:01:19.5242938Z 
publish	UNKNOWN STEP	2026-10-06T23:01:19.5243282Z ##[endgroup]
publish	UNKNOWN STEP	2026-10-06T23:01:19.5247317Z 
publish	UNKNOWN STEP	2026-10-06T23:01:19.5247721Z ##[group]tests/subagent-polish.test.ts:
publish	UNKNOWN STEP	2026-10-06T23:01:19.7956783Z (pass) current pi-subagents roles expose complete model-pin definitions [1.17ms]
publish	UNKNOWN STEP	2026-10-06T23:01:19.8234478Z (pass) strategy-driven sync writes only the GLLA-owned Designer role [28.13ms]
publish	UNKNOWN STEP	2026-10-06T23:01:19.8242636Z (pass) managed sync rejects path traversal from settings and corrupt sync state [0.94ms]
publish	UNKNOWN STEP	2026-10-06T23:01:19.8255056Z (pass) repair detection: externally deleted/altered Designer files are re-written and flagged [1.21ms]
publish	UNKNOWN STEP	2026-10-06T23:01:19.8257227Z (pass) effective resolution: per-type pin > inherit-parent > current agent default [0.13ms]
publish	UNKNOWN STEP	2026-10-06T23:01:19.8258120Z (pass) subagent provider failure: any failed Agent payload, without classification [0.09ms]
publish	UNKNOWN STEP	2026-10-06T23:01:19.8259193Z (pass) v0.38.16: failed current-tool spawns take the provider-failure path too [0.05ms]
publish	UNKNOWN STEP	2026-10-06T23:01:19.8262258Z (pass) v0.38.16: model-facing text speaks the current subagent dialect [0.46ms]
publish	UNKNOWN STEP	2026-10-06T23:01:19.8262821Z 
publish	UNKNOWN STEP	2026-10-06T23:01:19.8263298Z ##[endgroup]
publish	UNKNOWN STEP	2026-10-06T23:01:19.8267445Z 
publish	UNKNOWN STEP	2026-10-06T23:01:19.8268163Z ##[group]tests/screenshot-completion.test.ts:
publish	UNKNOWN STEP	2026-10-06T23:01:20.1409176Z (pass) screenshot-derived GLLA keeps explanations and truthful checks [32.43ms]
publish	UNKNOWN STEP	2026-10-06T23:01:20.1438112Z (pass) screenshot-derived Deathrun keeps explanations and truthful checks [3.05ms]
publish	UNKNOWN STEP	2026-10-06T23:01:20.1461704Z (pass) screenshot-derived Neonbreak keeps explanations and truthful checks [2.38ms]
publish	UNKNOWN STEP	2026-10-06T23:01:20.1463903Z (pass) multi-line citation extraction consumes the complete reference, not just its first line [0.27ms]
publish	UNKNOWN STEP	2026-10-06T23:01:20.1464613Z 
publish	UNKNOWN STEP	2026-10-06T23:01:20.1465076Z ##[endgroup]
publish	UNKNOWN STEP	2026-10-06T23:01:20.1469287Z 
publish	UNKNOWN STEP	2026-10-06T23:01:20.1469861Z ##[group]tests/audit-stuck-batch.test.ts:
publish	UNKNOWN STEP	2026-10-06T23:01:20.4216524Z (pass) 124541: model-not-found shapes are unresolvable auditor refs [0.42ms]
publish	UNKNOWN STEP	2026-10-06T23:01:20.4238276Z (pass) 124541: walker does not spend the same-ref retry on an unresolvable ref [1.29ms]
publish	UNKNOWN STEP	2026-10-06T23:01:20.9885893Z (pass) 124544: resume_goal probes pending main-model recovery inline, no user bounce [566.51ms]
publish	UNKNOWN STEP	2026-10-06T23:01:20.9887560Z (pass) identical infra failures count toward a bounded identical-park threshold [0.35ms]
publish	UNKNOWN STEP	2026-10-06T23:01:20.9897518Z (pass) identical-failure counters survive a state round-trip sanitized [1.18ms]
publish	UNKNOWN STEP	2026-10-06T23:01:20.9906628Z (pass) splitParkedQueueDuplicates coalesces queued + batch-internal duplicates [0.56ms]
publish	UNKNOWN STEP	2026-10-06T23:01:21.4410713Z (pass) 124536: re-adding a queued objective while parked coalesces, no pile-up [447.78ms]
publish	UNKNOWN STEP	2026-10-06T23:01:21.7675741Z (pass) 124536: hourly auditor backstop stands down on an identical-parked head [329.28ms]
publish	UNKNOWN STEP	2026-10-06T23:01:21.7702533Z (pass) 124541: re-seed filters evicted refs so the next episode starts live [0.28ms]
publish	UNKNOWN STEP	2026-10-06T23:01:21.7819989Z (pass) v0.38.104: the identical-failure park arms a bounded self-healing probe, never a dead end [14.12ms]
publish	UNKNOWN STEP	2026-10-06T23:01:21.7832762Z (pass) v0.38.104: no operator-facing string promises the auditor stopped for good [1.20ms]
publish	UNKNOWN STEP	2026-10-06T23:01:21.7833568Z 
publish	UNKNOWN STEP	2026-10-06T23:01:21.7835856Z ##[endgroup]
publish	UNKNOWN STEP	2026-10-06T23:01:21.7841616Z 
publish	UNKNOWN STEP	2026-10-06T23:01:21.7842311Z ##[group]tests/continuous-supervision.test.ts:
publish	UNKNOWN STEP	2026-10-06T23:01:22.0767338Z (pass) v0.36.0: activeSupervisionPlanes covers every GLLA work plane without inventing activity [0.40ms]
publish	UNKNOWN STEP	2026-10-06T23:01:22.0780731Z (pass) v0.36.0: checker reacts to durable transitions across every work plane [0.76ms]
publish	UNKNOWN STEP	2026-10-06T23:01:22.0796402Z (pass) v0.36.0: lifecycle signals route immediately for every declared plane [0.65ms]
publish	UNKNOWN STEP	2026-10-06T23:01:22.0797712Z (pass) v0.36.0: a child and recovery transition are durable signals, not guessed waits [0.42ms]
publish	UNKNOWN STEP	2026-10-06T23:01:22.0799133Z (pass) v0.36.0: fallback polling adapts from 250ms to the 15s safety cadence [0.14ms]
publish	UNKNOWN STEP	2026-10-06T23:01:22.0800372Z (pass) v0.36.0: a real event resets fallback backoff instead of waiting for the old slot [0.14ms]
publish	UNKNOWN STEP	2026-10-06T23:01:22.0801556Z (pass) v0.36.0: loop terminal outcomes receive a durable user-facing recap [0.50ms]
publish	UNKNOWN STEP	2026-10-06T23:01:22.0802554Z (pass) v0.36.0: production heartbeat is event-first with adaptive timeout fallback [0.77ms]
publish	UNKNOWN STEP	2026-10-06T23:01:22.0803477Z (pass) respec audit phase and register changes are observed without inventing a worker [0.24ms]
publish	UNKNOWN STEP	2026-10-06T23:01:22.0804187Z 
publish	UNKNOWN STEP	2026-10-06T23:01:22.0804674Z ##[endgroup]
publish	UNKNOWN STEP	2026-10-06T23:01:22.0804890Z 
publish	UNKNOWN STEP	2026-10-06T23:01:22.0805309Z ##[group]tests/cmd-review.test.ts:
publish	UNKNOWN STEP	2026-10-06T23:01:22.5542166Z (pass) C8: ambiguous substring id refuses with the candidates instead of reviewing the first match [193.11ms]
publish	UNKNOWN STEP	2026-10-06T23:01:22.7421988Z (pass) C8 control: exact id fires the review [187.83ms]
publish	UNKNOWN STEP	2026-10-06T23:01:22.7429679Z 
publish	UNKNOWN STEP	2026-10-06T23:01:22.7452285Z ##[endgroup]
publish	UNKNOWN STEP	2026-10-06T23:01:22.7452543Z 
publish	UNKNOWN STEP	2026-10-06T23:01:22.7476594Z ##[group]tests/settings-editors.test.ts:
publish	UNKNOWN STEP	2026-10-06T23:01:23.0923822Z (pass) T4: select editor — stateRoot writes the global workingDir/sessionDir choice [31.50ms]
publish	UNKNOWN STEP	2026-10-06T23:01:23.0957435Z (pass) T4: select editor — autoResume writes on/off/default with the right key [3.47ms]
publish	UNKNOWN STEP	2026-10-06T23:01:23.0980897Z (pass) T4: select editor — auditorInspection is opt-in on (writes true), off clears to default [2.34ms]
publish	UNKNOWN STEP	2026-10-06T23:01:23.0983859Z (pass) removed request-rate fallback setting has no editor or persistence path [0.34ms]
publish	UNKNOWN STEP	2026-10-06T23:01:23.1007070Z (pass) T4: select editor — aggressiveMode writes the boolean + notifies [2.27ms]
publish	UNKNOWN STEP	2026-10-06T23:01:23.1037213Z (pass) T4: select editor — contextCheckpointProjection writes true, off removes the key (v0.38.54) [2.92ms]
publish	UNKNOWN STEP	2026-10-06T23:01:23.1072593Z (pass) T4: select editor — carryover writes clear/resume, pause removes the key (v0.34.25) [3.63ms]
publish	UNKNOWN STEP	2026-10-06T23:01:23.1084788Z (pass) T4: select options stay concise — rationale lives in the title, not the option rows (v0.34.25) [0.47ms]
publish	UNKNOWN STEP	2026-10-06T23:01:23.1095062Z (pass) main recovery settings are global-only and project copies cannot create a UI/runtime mismatch [1.73ms]
publish	UNKNOWN STEP	2026-10-06T23:01:23.1125621Z (pass) scope-aware settings editing updates a project override instead of a hidden global baseline [3.01ms]
publish	UNKNOWN STEP	2026-10-06T23:01:23.1142974Z (pass) forbidden-model editing excludes drafter and auditor fallback chains [1.78ms]
publish	UNKNOWN STEP	2026-10-06T23:01:23.1146514Z (pass) numeric settings reject malformed integer prefixes instead of truncating them [0.35ms]
publish	UNKNOWN STEP	2026-10-06T23:01:23.1164701Z (pass) RPC custom stub falls back to typed main-backup editing instead of silently canceling [1.76ms]
publish	UNKNOWN STEP	2026-10-06T23:01:23.1185175Z (pass) main failback policy and primary-probe cadence are global settings [2.05ms]
publish	UNKNOWN STEP	2026-10-06T23:01:23.1222070Z (pass) T4: input editor — main model backups preserve order and retry cadence [3.64ms]
publish	UNKNOWN STEP	2026-10-06T23:01:23.1236317Z (pass) main backup editor refuses the 11th typed model and keeps the first ten in order [1.44ms]
publish	UNKNOWN STEP	2026-10-06T23:01:23.1263598Z (pass) main-model fallback reload preserves explicit order and does not reintroduce a cleared key [2.69ms]
publish	UNKNOWN STEP	2026-10-06T23:01:23.1291644Z (pass) v0.34.118: backup and forbidden editors enforce mutual exclusion even in headless input mode [2.80ms]
publish	UNKNOWN STEP	2026-10-06T23:01:23.1317606Z (pass) T4: input editor — auditorModel set / cleared on empty [2.59ms]
publish	UNKNOWN STEP	2026-10-06T23:01:23.1349423Z (pass) v0.36.0: auditor fallback editor preserves ordered refs, caps at ten, and clears [3.11ms]
publish	UNKNOWN STEP	2026-10-06T23:01:23.1360432Z (pass) v0.36.0: the singular auditor fallback setting migrates to the ordered chain [1.13ms]
publish	UNKNOWN STEP	2026-10-06T23:01:23.1390904Z (pass) drafter agent picker immediately offers model-specific thinking and persists both choices [2.99ms]
publish	UNKNOWN STEP	2026-10-06T23:01:23.1414389Z (pass) T4: input editor validation — auditCap rejects garbage loudly, accepts integers, clears on empty [2.31ms]
publish	UNKNOWN STEP	2026-10-06T23:01:23.1443564Z (pass) v0.35.64: subagent hang action accepts warning-only/long thresholds and rejects unsafe values [2.95ms]
publish	UNKNOWN STEP	2026-10-06T23:01:23.1467181Z (pass) v0.35.x: zero-stream retry budget persists and rejects values outside 0..10 [2.37ms]
publish	UNKNOWN STEP	2026-10-06T23:01:23.1471896Z (pass) v0.35.x: hand-edited zero-stream retry budgets normalize to the safe default [0.48ms]
publish	UNKNOWN STEP	2026-10-06T23:01:23.1476271Z (pass) T4: a dismissed editor (Esc → undefined) writes NOTHING [0.43ms]
publish	UNKNOWN STEP	2026-10-06T23:01:23.1483008Z (pass) settings editor failures notify loudly and return to the menu [0.67ms]
publish	UNKNOWN STEP	2026-10-06T23:01:23.1486082Z (pass) T4: the switch has no confirm-class editors (select + input only) [0.30ms]
publish	UNKNOWN STEP	2026-10-06T23:01:23.1520367Z (pass) v0.28.34: notify folds a default IN — auto-detect notify-send/osascript, 'off' silences, custom overrides [3.32ms]
publish	UNKNOWN STEP	2026-10-06T23:01:23.1523425Z (pass) audit-2026-09-06: headless /glla fallback shows compactor + display-richness rows [0.32ms]
publish	UNKNOWN STEP	2026-10-06T23:01:23.1527515Z (pass) audit 2026-09-06: docs/SETTINGS.md covers every SETTINGS_KEYS entry [0.44ms]
publish	UNKNOWN STEP	2026-10-06T23:01:23.1584464Z (pass) audit 2026-09-07 (LOW, finding 400): typing the displayed `auto` in the notify editor round-trips to unset, not a literal shell command [5.51ms]
publish	UNKNOWN STEP	2026-10-06T23:01:23.1634051Z (pass) audit 2026-09-25: decisionPauseBudget is visible on every operator surface [4.92ms]
publish	UNKNOWN STEP	2026-10-06T23:01:23.1661437Z (pass) audit 2026-09-26: subagent thinking editor pins, inherits, and rejects garbage [2.86ms]
publish	UNKNOWN STEP	2026-10-06T23:01:23.1666748Z (pass) audit 2026-09-26: headless /glla fallback covers every SETTINGS_KEYS entry [0.57ms]
publish	UNKNOWN STEP	2026-10-06T23:01:23.1674366Z (pass) v0.38.104: the audit-dir retention row renders a legal 0 instead of the unknown-value '?' [0.74ms]
publish	UNKNOWN STEP	2026-10-06T23:01:23.1682024Z (pass) v0.38.104: the main-recovery row does not promise a 24h stop the default mode removes [0.76ms]
publish	UNKNOWN STEP	2026-10-06T23:01:23.1687071Z (pass) v0.38.104: every 'Global-only.' annotation in docs/SETTINGS.md is true in code [0.51ms]
publish	UNKNOWN STEP	2026-10-06T23:01:23.1690177Z (pass) v0.38.104: the superseded DESIGN.md table does not mark files that do not exist as shipped [0.26ms]
publish	UNKNOWN STEP	2026-10-06T23:01:23.1694649Z (pass) v0.38.104: the auditor model path carries no dead settings placeholders [0.44ms]
publish	UNKNOWN STEP	2026-10-06T23:01:23.1695127Z 
publish	UNKNOWN STEP	2026-10-06T23:01:23.1695471Z ##[endgroup]
publish	UNKNOWN STEP	2026-10-06T23:01:23.1699243Z 
publish	UNKNOWN STEP	2026-10-06T23:01:23.1699875Z ##[group]tests/repetition.test.ts:
publish	UNKNOWN STEP	2026-10-06T23:01:23.4505354Z (pass) normalizeForPrint strips ANSI, collapses whitespace, lowercases [0.19ms]
publish	UNKNOWN STEP	2026-10-06T23:01:23.4526877Z (pass) textFingerprint is stable and case/whitespace-insensitive [0.28ms]
publish	UNKNOWN STEP	2026-10-06T23:01:23.4528696Z (pass) trigramSimilarity: identical texts → 1, disjoint → 0, near-dup → high [0.37ms]
publish	UNKNOWN STEP	2026-10-06T23:01:23.4530474Z (pass) trigramSimilarity: digits are volatile — 'port 8081' ≈ 'port 8082' [0.14ms]
publish	UNKNOWN STEP	2026-10-06T23:01:23.4531283Z (pass) pushCapped keeps the window at cap, most recent last [0.11ms]
publish	UNKNOWN STEP	2026-10-06T23:01:23.4531877Z (pass) findDegenerateRepeat: repeated sentence inside one reply [0.17ms]
publish	UNKNOWN STEP	2026-10-06T23:01:23.4532508Z (pass) findDegenerateRepeat: repeated single word run [0.83ms]
publish	UNKNOWN STEP	2026-10-06T23:01:23.4533335Z (pass) findDegenerateRepeat: normal prose passes [0.11ms]
publish	UNKNOWN STEP	2026-10-06T23:01:23.4534151Z (pass) findDegenerateRepeat: short text is never degenerate [0.04ms]
publish	UNKNOWN STEP	2026-10-06T23:01:23.4535077Z (pass) detectLoopStuck: healthy iteration → undefined [0.13ms]
publish	UNKNOWN STEP	2026-10-06T23:01:23.4535800Z (pass) detectLoopStuck: narration-only streak [0.08ms]
publish	UNKNOWN STEP	2026-10-06T23:01:23.4536573Z (pass) detectLoopStuck: exact repeat of previous iteration [0.10ms]
publish	UNKNOWN STEP	2026-10-06T23:01:23.4537441Z (pass) detectLoopStuck: near-duplicate of previous iteration [0.22ms]
publish	UNKNOWN STEP	2026-10-06T23:01:23.4538257Z (pass) detectLoopStuck: A-B-A-B window repetition [0.13ms]
publish	UNKNOWN STEP	2026-10-06T23:01:23.4539447Z (pass) repeated in-band provider pane is distinct from ordinary repeated tool output [0.23ms]
publish	UNKNOWN STEP	2026-10-06T23:01:23.4540386Z (pass) detectLoopStuck: same tool error three times [0.14ms]
publish	UNKNOWN STEP	2026-10-06T23:01:23.4541213Z (pass) detectLoopStuck: same tool result (no new information) [0.08ms]
publish	UNKNOWN STEP	2026-10-06T23:01:23.4542358Z (pass) detectLoopStuck: first hit wins — narration beats everything (most certain) [0.07ms]
publish	UNKNOWN STEP	2026-10-06T23:01:23.4543456Z (pass) loopInterventionDirective: rotates strategy per consecutive count [0.15ms]
publish	UNKNOWN STEP	2026-10-06T23:01:23.4544563Z (pass) loopInterventionDirective: hard reset from rung 3 with banned openings [0.13ms]
publish	UNKNOWN STEP	2026-10-06T23:01:23.4545590Z (pass) loopInterventionDirective: rotation wraps after all strategies [0.05ms]
publish	UNKNOWN STEP	2026-10-06T23:01:23.4546636Z (pass) continueVariant: rotates by iteration, never empty [0.08ms]
publish	UNKNOWN STEP	2026-10-06T23:01:23.4547161Z 
publish	UNKNOWN STEP	2026-10-06T23:01:23.4547636Z ##[endgroup]
publish	UNKNOWN STEP	2026-10-06T23:01:23.4547829Z 
publish	UNKNOWN STEP	2026-10-06T23:01:23.4548261Z ##[group]tests/extract-verification.test.ts:
publish	UNKNOWN STEP	2026-10-06T23:01:23.7325169Z (pass) inline one-liner: 'Done when:' mid-line is extracted [0.30ms]
publish	UNKNOWN STEP	2026-10-06T23:01:23.7350076Z (pass) inline one-liner: trailing period stripped from objective [0.09ms]
publish	UNKNOWN STEP	2026-10-06T23:01:23.7360307Z (pass) ordinary verify imperative before Done when is not mistaken for a marker [0.06ms]
publish	UNKNOWN STEP	2026-10-06T23:01:23.7361906Z (pass) no marker anywhere returns full text as objective [0.05ms]
publish	UNKNOWN STEP	2026-10-06T23:01:23.7363037Z (pass) line-based extraction wins over inline when both present [0.17ms]
publish	UNKNOWN STEP	2026-10-06T23:01:23.7364058Z (pass) multi-line verification contract preserved [0.14ms]
publish	UNKNOWN STEP	2026-10-06T23:01:23.7365206Z (pass) line marker: 'Done when ALL of the following are true:' starts the contract [0.08ms]
publish	UNKNOWN STEP	2026-10-06T23:01:23.7366491Z (pass) inline marker: 'Done when ALL of the following are true:' mid-line [0.05ms]
publish	UNKNOWN STEP	2026-10-06T23:01:23.7367661Z (pass) goalArgsNeedDrafting: 'Done when ALL of the following' counts as a contract (no interview) [0.06ms]
publish	UNKNOWN STEP	2026-10-06T23:01:23.7368601Z (pass) round-trip: normalized draft survives storage and yields clean shield items [0.37ms]
publish	UNKNOWN STEP	2026-10-06T23:01:23.7369629Z 
publish	UNKNOWN STEP	2026-10-06T23:01:23.7370147Z ##[endgroup]
publish	UNKNOWN STEP	2026-10-06T23:01:23.7370364Z 
publish	UNKNOWN STEP	2026-10-06T23:01:23.7370801Z ##[group]tests/execution-discipline.test.ts:
publish	UNKNOWN STEP	2026-10-06T23:01:24.0159401Z (pass) mid-run question steps are violations, naming the step [0.46ms]
publish	UNKNOWN STEP	2026-10-06T23:01:24.0190283Z (pass) ask_user_question subtasks are violations too [0.08ms]
publish	UNKNOWN STEP	2026-10-06T23:01:24.0220036Z (pass) manual-check steps are violations unless the contract mandates them [0.11ms]
publish	UNKNOWN STEP	2026-10-06T23:01:24.0243996Z (pass) contract-mandated gates are exempt, not violations [0.17ms]
publish	UNKNOWN STEP	2026-10-06T23:01:24.0269480Z (pass) clean plans pass with no violations [0.08ms]
publish	UNKNOWN STEP	2026-10-06T23:01:24.0299596Z (pass) propose_task_list validation refuses mid-run steps [0.15ms]
publish	UNKNOWN STEP	2026-10-06T23:01:24.0300916Z (pass) goal/list drafting prompt pins never-schedule-mid-run plus manual-only-when-mandatory [0.23ms]
publish	UNKNOWN STEP	2026-10-06T23:01:24.0329770Z (pass) plan prompt pins milestone shape: no mid-run question or manual-check milestones [0.18ms]
publish	UNKNOWN STEP	2026-10-06T23:01:24.0359035Z 
publish	UNKNOWN STEP	2026-10-06T23:01:24.0389911Z ##[endgroup]
publish	UNKNOWN STEP	2026-10-06T23:01:24.0390280Z 
publish	UNKNOWN STEP	2026-10-06T23:01:24.0419643Z ##[group]tests/quota-wall-engagement.test.ts:
publish	UNKNOWN STEP	2026-10-06T23:01:24.5483609Z (pass) send-storm escalation has one generic threshold [21.39ms]
publish	UNKNOWN STEP	2026-10-06T23:01:24.5489060Z (pass) quota-shaped provider text is opaque and still recoverable [0.67ms]
publish	UNKNOWN STEP	2026-10-06T23:01:24.5504668Z (pass) source contains no reason-specific send-storm policy [1.59ms]
publish	UNKNOWN STEP	2026-10-06T23:01:24.5506274Z (pass) send-rearm escalation still funnels into the generic recovery envelope [0.09ms]
publish	UNKNOWN STEP	2026-10-06T23:01:24.5506741Z 
publish	UNKNOWN STEP	2026-10-06T23:01:24.5507093Z ##[endgroup]
publish	UNKNOWN STEP	2026-10-06T23:01:24.5510302Z 
publish	UNKNOWN STEP	2026-10-06T23:01:24.5510756Z ##[group]tests/paused-status-action-first.test.ts:
publish	UNKNOWN STEP	2026-10-06T23:01:24.8443891Z (pass) blocked status leads with the resume command [0.84ms]
publish	UNKNOWN STEP	2026-10-06T23:01:24.8444489Z (pass) decision status leads with the decision path [0.16ms]
publish	UNKNOWN STEP	2026-10-06T23:01:24.8444970Z (pass) error status leads with the manual path [0.21ms]
publish	UNKNOWN STEP	2026-10-06T23:01:24.8445426Z (pass) manual recovery hold leads with resume [0.16ms]
publish	UNKNOWN STEP	2026-10-06T23:01:24.8446364Z (pass) supervised waits keep lifecycle-first order (nobody's move) [0.15ms]
publish	UNKNOWN STEP	2026-10-06T23:01:24.8446902Z 
publish	UNKNOWN STEP	2026-10-06T23:01:24.8447363Z ##[endgroup]
publish	UNKNOWN STEP	2026-10-06T23:01:24.8447555Z 
publish	UNKNOWN STEP	2026-10-06T23:01:24.8447980Z ##[group]tests/plan-mode.test.ts:
publish	UNKNOWN STEP	2026-10-06T23:01:25.1786079Z (pass) v0.35.33: /goal plan routes as a sub with the seed as rest [0.40ms]
publish	UNKNOWN STEP	2026-10-06T23:01:25.1787463Z (pass) v0.35.33: plain objectives are NOT captured by the plan verb [0.16ms]
publish	UNKNOWN STEP	2026-10-06T23:01:25.1789534Z (pass) v0.35.33: draftingTemplateFile swaps prompts per target × depth [0.07ms]
publish	UNKNOWN STEP	2026-10-06T23:01:25.1792573Z (pass) v0.35.33: both plan prompt files exist, carry the drafting markers, and mandate Confirm-gated proposals [0.57ms]
publish	UNKNOWN STEP	2026-10-06T23:01:25.1805775Z (pass) v0.35.44: source pins — the draftingDepth dead-state global is GONE (audit fix) [1.32ms]
publish	UNKNOWN STEP	2026-10-06T23:01:25.1808082Z (pass) v0.35.33: source pins — all three verbs dispatch with depth plan [0.23ms]
publish	UNKNOWN STEP	2026-10-06T23:01:25.1809332Z (pass) v0.35.33: /list plan is gated as a mutating subcommand on stale handles [0.05ms]
publish	UNKNOWN STEP	2026-10-06T23:01:25.1811308Z (pass) v0.35.33: completions advertise the plan verb on all three commands [0.28ms]
publish	UNKNOWN STEP	2026-10-06T23:01:25.4070185Z (pass) v0.35.45: the plan-mode seeded hint separates the plan note from the label [224.80ms]
publish	UNKNOWN STEP	2026-10-06T23:01:25.4070866Z 
publish	UNKNOWN STEP	2026-10-06T23:01:25.4071339Z ##[endgroup]
publish	UNKNOWN STEP	2026-10-06T23:01:25.4071548Z 
publish	UNKNOWN STEP	2026-10-06T23:01:25.4071977Z ##[group]tests/proactive-pre-read.test.ts:
publish	UNKNOWN STEP	2026-10-06T23:01:25.7415407Z (pass) gatherProactivePreRead surfaces bounded file evidence and seed excerpt before questioning [27.09ms]
publish	UNKNOWN STEP	2026-10-06T23:01:25.7417012Z (pass) gatherProactivePreRead notes image references without assuming an external tool [0.34ms]
publish	UNKNOWN STEP	2026-10-06T23:01:25.7418665Z (pass) gatherProactivePreRead still emits a seed-excerpt block when no files match [0.16ms]
publish	UNKNOWN STEP	2026-10-06T23:01:25.7612485Z (pass) drafting injects proactive pre-read before the first question [18.95ms]
publish	UNKNOWN STEP	2026-10-06T23:01:25.7614085Z (pass) constants retain bounded shape (max 3 files, 800 chars each) [0.12ms]
publish	UNKNOWN STEP	2026-10-06T23:01:25.7614729Z 
publish	UNKNOWN STEP	2026-10-06T23:01:25.7615187Z ##[endgroup]
publish	UNKNOWN STEP	2026-10-06T23:01:25.7616051Z 
publish	UNKNOWN STEP	2026-10-06T23:01:25.7616413Z ##[group]tests/stale-interrupt-resume.test.ts:
publish	UNKNOWN STEP	2026-10-06T23:01:26.0846073Z (pass) Goal type + schema carry the interrupt marker fields [23.80ms]
publish	UNKNOWN STEP	2026-10-06T23:01:26.0847496Z (pass) S3 probe: side-effect-free getSessionName() probe caches the positive [0.18ms]
publish	UNKNOWN STEP	2026-10-06T23:01:26.0848668Z (pass) S3 warn helper: honest 'state is safe' messaging + ledger [0.23ms]
publish	UNKNOWN STEP	2026-10-06T23:01:26.0853098Z (pass) S3: probes wired at cmdSet / cmdResume / cmdList / propose_goal_draft entry [0.54ms]
publish	UNKNOWN STEP	2026-10-06T23:01:26.0855093Z (pass) S3: stale creation marks the interrupt and tells the truth (no 'starting now' lie) [0.16ms]
publish	UNKNOWN STEP	2026-10-06T23:01:26.0856907Z (pass) S1: stale resume persists active+marker, skips the misleading notify and the doomed send [0.11ms]
publish	UNKNOWN STEP	2026-10-06T23:01:26.0861973Z (pass) S2: restore gate clears the marker on auto-resume and names the recovery [0.56ms]
publish	UNKNOWN STEP	2026-10-06T23:01:26.0871428Z (pass) S2 (v0.28.21): the 0.28.3 interrupt exemption is SUPERSEDED — only autoresume=on auto-resumes [0.94ms]
publish	UNKNOWN STEP	2026-10-06T23:01:26.0872837Z (pass) S1/S2: widget surfaces the interrupt on ACTIVE goals [0.20ms]
publish	UNKNOWN STEP	2026-10-06T23:01:26.0876983Z (pass) E6: drafting-seed send failure is loud and stale-aware (was silent) [0.35ms]
publish	UNKNOWN STEP	2026-10-06T23:01:26.0883305Z (pass) T1: stale Confirm is NOT a rejection — both single and batch paths [0.61ms]
publish	UNKNOWN STEP	2026-10-06T23:01:26.0885364Z (pass) v0.28.27: stale handle silences ALL stall machinery — refiring into a dead process misleads, and the stall escalation would PAUSE an interrupted goal (killing restart auto-resume) [0.17ms]
publish	UNKNOWN STEP	2026-10-06T23:01:26.0892597Z (pass) v0.28.27/0.29.8: /goal verify (renamed from /goal audit) — manual auditor invocation with a synthesized claim, wired into the pendingCompletion machinery [0.72ms]
publish	UNKNOWN STEP	2026-10-06T23:01:26.0895701Z (pass) v0.29.8: /goal audit [focus] — the one-shot project audit; /glla status — the unified view [0.35ms]
publish	UNKNOWN STEP	2026-10-06T23:01:26.0898006Z (pass) v0.34.2: cmdResume clears interruptedAt/interruptedReason on a fresh-session resume [0.22ms]
publish	UNKNOWN STEP	2026-10-06T23:01:26.0929521Z (pass) v0.34.7: safeSteerUser wraps every orchestrator sendUserMessage (darklord crash) [3.09ms]
publish	UNKNOWN STEP	2026-10-06T23:01:26.0959445Z (pass) v0.34.7: the fan-out float carries a catch (rejection ≠ process exit) [2.94ms]
publish	UNKNOWN STEP	2026-10-06T23:01:26.0962033Z (pass) v0.34.7: re-kick clears the stale-handle marker (banner must not survive a working session) [0.30ms]
publish	UNKNOWN STEP	2026-10-06T23:01:26.0962585Z 
publish	UNKNOWN STEP	2026-10-06T23:01:26.0962962Z ##[endgroup]
publish	UNKNOWN STEP	2026-10-06T23:01:26.0966642Z 
publish	UNKNOWN STEP	2026-10-06T23:01:26.0967030Z ##[group]tests/id-invalidation.test.ts:
publish	UNKNOWN STEP	2026-10-06T23:01:26.3842213Z (pass) classifyIdInvalidationReason: each mechanism maps to its reason [0.49ms]
publish	UNKNOWN STEP	2026-10-06T23:01:26.6067429Z (pass) forced rewrite: a fresh session with a different sidecar id ledgeres id_invalidation [223.20ms]
publish	UNKNOWN STEP	2026-10-06T23:01:26.7980495Z (pass) clean shutdown: the sidecar shutdownReason flows into the event [188.34ms]
publish	UNKNOWN STEP	2026-10-06T23:01:26.9708445Z (pass) same id (plain reload): no id_invalidation [175.56ms]
publish	UNKNOWN STEP	2026-10-06T23:01:27.1740289Z (pass) first boot (no sidecar): no id_invalidation [202.80ms]
publish	UNKNOWN STEP	2026-10-06T23:01:27.1777514Z (pass) successor absorption also emits id_invalidation (source-level pin) [3.58ms]
publish	UNKNOWN STEP	2026-10-06T23:01:27.3652028Z (pass) unknown-session ids are not emitted (the mock default has no getSessionId) [187.61ms]
publish	UNKNOWN STEP	2026-10-06T23:01:27.3652692Z 
publish	UNKNOWN STEP	2026-10-06T23:01:27.3653282Z ##[endgroup]
publish	UNKNOWN STEP	2026-10-06T23:01:27.3679430Z 
publish	UNKNOWN STEP	2026-10-06T23:01:27.3690654Z ##[group]tests/drafting-questionnaire.test.ts:
publish	UNKNOWN STEP	2026-10-06T23:01:27.6770872Z (pass) seeded drafting requires tool-first choices and a concrete next handoff [0.52ms]
publish	UNKNOWN STEP	2026-10-06T23:01:27.6772625Z (pass) goal-loop-draft.md: carries the roadmap-then-stages rule [0.34ms]
publish	UNKNOWN STEP	2026-10-06T23:01:27.6774047Z (pass) goal-loop-draft.md: carries the rich-option standard [0.15ms]
publish	UNKNOWN STEP	2026-10-06T23:01:27.6775428Z (pass) goal-loop-draft.md: invites the Esc correction explicitly [0.15ms]
publish	UNKNOWN STEP	2026-10-06T23:01:27.6777655Z (pass) goal-loop-forever-draft.md: carries the roadmap-then-stages rule [0.10ms]
publish	UNKNOWN STEP	2026-10-06T23:01:27.6780034Z (pass) goal-loop-forever-draft.md: carries the rich-option standard [0.09ms]
publish	UNKNOWN STEP	2026-10-06T23:01:27.6781656Z (pass) goal-loop-forever-draft.md: invites the Esc correction explicitly [0.04ms]
publish	UNKNOWN STEP	2026-10-06T23:01:27.6782928Z (pass) goal-loop-plan.md: carries the roadmap-then-stages rule [0.14ms]
publish	UNKNOWN STEP	2026-10-06T23:01:27.6785499Z (pass) goal-loop-plan.md: carries the rich-option standard [0.09ms]
publish	UNKNOWN STEP	2026-10-06T23:01:27.6786529Z (pass) goal-loop-plan.md: invites the Esc correction explicitly [0.05ms]
publish	UNKNOWN STEP	2026-10-06T23:01:27.6788166Z (pass) goal-loop-draft.md: pasted list-like seeds use supplied wording without an exactness choice [0.22ms]
publish	UNKNOWN STEP	2026-10-06T23:01:27.6790629Z (pass) goal-loop-plan.md: pasted list-like seeds use supplied wording without an exactness choice [0.07ms]
publish	UNKNOWN STEP	2026-10-06T23:01:27.6791671Z 
publish	UNKNOWN STEP	2026-10-06T23:01:27.6792457Z ##[endgroup]
publish	UNKNOWN STEP	2026-10-06T23:01:27.6792735Z 
publish	UNKNOWN STEP	2026-10-06T23:01:27.6795249Z ##[group]tests/subagent-display-richness.test.ts:
publish	UNKNOWN STEP	2026-10-06T23:01:27.9660820Z (pass) audit 2026-09-07 richness defaults to quiet (exceptions-only) and normalizes junk [0.49ms]
publish	UNKNOWN STEP	2026-10-06T23:01:27.9682026Z (pass) v0.38.23 rich assembles single-line glyph rows, no header; compact keeps the line; quiet hides healthy workers [0.97ms]
publish	UNKNOWN STEP	2026-10-06T23:01:27.9684116Z (pass) v0.38.22 detailed lines bucket silence — identical output seconds apart [0.26ms]
publish	UNKNOWN STEP	2026-10-06T23:01:27.9685359Z (pass) v0.38.22 hasHungWorker covers hung + aborting, ignores ended [0.11ms]
publish	UNKNOWN STEP	2026-10-06T23:01:27.9686724Z (pass) audit 2026-09-07 count line flags trouble on ANY child, not just the stalest [0.16ms]
publish	UNKNOWN STEP	2026-10-06T23:01:27.9688041Z (pass) v0.38.23 every rich line is width-safe; long summaries truncate cell-aware [0.20ms]
publish	UNKNOWN STEP	2026-10-06T23:01:27.9688993Z 
publish	UNKNOWN STEP	2026-10-06T23:01:27.9689650Z ##[endgroup]
publish	UNKNOWN STEP	2026-10-06T23:01:27.9690081Z 
publish	UNKNOWN STEP	2026-10-06T23:01:27.9690681Z ##[group]tests/delta-only-continuation.test.ts:
publish	UNKNOWN STEP	2026-10-06T23:01:28.3166223Z (pass) marker is tiny and carries the dispatch marker [0.59ms]
publish	UNKNOWN STEP	2026-10-06T23:01:28.3187124Z (pass) clean goal needs no full — repair/recovery/audit/designer do [2.22ms]
publish	UNKNOWN STEP	2026-10-06T23:01:28.3204086Z (pass) builder: steady-state marker, resync+marker, dirty full [1.73ms]
publish	UNKNOWN STEP	2026-10-06T23:01:28.7611534Z (pass) v0.38.94: consecutive sends go full once, then marker (field: 909 full sends) [440.50ms]
publish	UNKNOWN STEP	2026-10-06T23:01:29.3611848Z (pass) v0.38.94: rebind reset re-arms the one full brief (fresh context) [600.01ms]
publish	UNKNOWN STEP	2026-10-06T23:01:29.3618346Z (pass) sendContinuation wires the delta-only branch with kind ledger [0.78ms]
publish	UNKNOWN STEP	2026-10-06T23:01:29.3619341Z 
publish	UNKNOWN STEP	2026-10-06T23:01:29.3624728Z ##[endgroup]
publish	UNKNOWN STEP	2026-10-06T23:01:29.3625010Z 
publish	UNKNOWN STEP	2026-10-06T23:01:29.3625537Z ##[group]tests/tool-config-execution.test.ts:
publish	UNKNOWN STEP	2026-10-06T23:01:29.8090036Z (pass) project optional arguments override supplied values and apply to later calls [22.13ms]
publish	UNKNOWN STEP	2026-10-06T23:01:29.8200951Z (pass) invalid options block atomically: {"timeout":"bad"} [10.33ms]
publish	UNKNOWN STEP	2026-10-06T23:01:29.8356926Z (pass) invalid options block atomically: {"unsupported":true} [15.15ms]
publish	UNKNOWN STEP	2026-10-06T23:01:29.8520522Z (pass) invalid options block atomically: {"command":"replace the operation"} [15.38ms]
publish	UNKNOWN STEP	2026-10-06T23:01:29.8692212Z (pass) a stale host cannot rewrite tool arguments [17.71ms]
publish	UNKNOWN STEP	2026-10-06T23:01:29.9090802Z (pass) the real Pi tool pipeline executes bash with the configured timeout [39.41ms]
publish	UNKNOWN STEP	2026-10-06T23:01:29.9119241Z (pass) invalid merged options leave every input field unchanged [0.53ms]
publish	UNKNOWN STEP	2026-10-06T23:01:29.9132719Z (pass) nested overrides belong to each call, and optional zero remains valid [1.00ms]
publish	UNKNOWN STEP	2026-10-06T23:01:29.9134634Z (pass) unconfigured calls do not need a registry; missing or unsupported schemas block configured calls [0.36ms]
publish	UNKNOWN STEP	2026-10-06T23:01:29.9135800Z 
publish	UNKNOWN STEP	2026-10-06T23:01:29.9136476Z ##[endgroup]
publish	UNKNOWN STEP	2026-10-06T23:01:29.9136939Z 
publish	UNKNOWN STEP	2026-10-06T23:01:29.9137414Z ##[group]tests/image1-list-stall-and-count-fix.test.ts:
publish	UNKNOWN STEP	2026-10-06T23:01:30.2592123Z (pass) v0.34.104 [Image-#1] Problem 1: LIST_COMPLETION_SETTLE_MS constant + flag exist [27.70ms]
publish	UNKNOWN STEP	2026-10-06T23:01:30.2594303Z (pass) v0.34.104 [Image-#1] Problem 1: archiveCurrentGoal arms the settle window BEFORE activating the next item [0.34ms]
publish	UNKNOWN STEP	2026-10-06T23:01:30.2597072Z (pass) v0.34.104 [Image-#1] Problem 1: scheduleContinuation honours the settle window [0.23ms]
publish	UNKNOWN STEP	2026-10-06T23:01:30.2599185Z (pass) v0.34.104 [Image-#1] Problem 1: agent activity during settle cancels the deferred send [0.17ms]
publish	UNKNOWN STEP	2026-10-06T23:01:30.2600328Z (pass) v0.34.104 [Image-#1] Problem 1: sendContinuation honors an early settle callback [0.21ms]
publish	UNKNOWN STEP	2026-10-06T23:01:30.2615892Z (pass) v0.34.104 [Image-#1] Problem 2: validateCompletionSummary exists and is wired into complete_goal capture [1.59ms]
publish	UNKNOWN STEP	2026-10-06T23:01:30.2617752Z (pass) v0.34.104 [Image-#1] Problem 2: impossible X/Y pass counts match the field regex (29/28) [0.12ms]
publish	UNKNOWN STEP	2026-10-06T23:01:30.2619791Z (pass) v0.34.104 [Image-#1] Problem 2: ledger event `completion_summary_impossible_count` is the canonical key [0.26ms]
publish	UNKNOWN STEP	2026-10-06T23:01:30.2622018Z (pass) v0.34.104 [Image-#1] Problem 2: clean input early-returns before any ledger work [0.25ms]
publish	UNKNOWN STEP	2026-10-06T23:01:30.2622424Z 
publish	UNKNOWN STEP	2026-10-06T23:01:30.2622756Z ##[endgroup]
publish	UNKNOWN STEP	2026-10-06T23:01:30.2626676Z 
publish	UNKNOWN STEP	2026-10-06T23:01:30.2627203Z ##[group]tests/ui-polish.test.ts:
publish	UNKNOWN STEP	2026-10-06T23:01:30.5319590Z (pass) v0.38.89: unknownStatsArg strips the known stats tokens [0.49ms]
publish	UNKNOWN STEP	2026-10-06T23:01:30.5320552Z (pass) v0.38.89: stats header and unknown-arg usage share the /glla prefix [0.49ms]
publish	UNKNOWN STEP	2026-10-06T23:01:30.5321221Z (pass) v0.38.91: tool descriptions enumerate plan/audit/verify/add [0.28ms]
publish	UNKNOWN STEP	2026-10-06T23:01:30.5702214Z (pass) v0.38.89: /goal status card points at /goal timeline [39.13ms]
publish	UNKNOWN STEP	2026-10-06T23:01:30.5702891Z 
publish	UNKNOWN STEP	2026-10-06T23:01:30.5703579Z ##[endgroup]
publish	UNKNOWN STEP	2026-10-06T23:01:30.5704996Z 
publish	UNKNOWN STEP	2026-10-06T23:01:30.5705406Z ##[group]tests/long-running-modes-parked.test.ts:
publish	UNKNOWN STEP	2026-10-06T23:01:30.8450666Z (pass) fireReviewer emits a SECOND notify with the review file path after the cascade [0.32ms]
publish	UNKNOWN STEP	2026-10-06T23:01:30.8766697Z (pass) surface-notify branch is preceded by the existing manual-suppressed notify [31.54ms]
publish	UNKNOWN STEP	2026-10-06T23:01:30.8768081Z (pass) postaudit settings key takes precedence over legacy reviewer key (fireReviewer) [0.37ms]
publish	UNKNOWN STEP	2026-10-06T23:01:30.8772033Z (pass) Settings type accepts both reviewer and postaudit keys [0.36ms]
publish	UNKNOWN STEP	2026-10-06T23:01:30.8773370Z (pass) SETTINGS_KEYS includes postaudit and toolOverrides [0.10ms]
publish	UNKNOWN STEP	2026-10-06T23:01:30.8774646Z (pass) /glla postaudit opens the same menu as /glla reviewer (no behavioral split) [0.11ms]
publish	UNKNOWN STEP	2026-10-06T23:01:30.8779007Z (pass) /glla routes reviewer (legacy) and postaudit (new) without completion rows [0.41ms]
publish	UNKNOWN STEP	2026-10-06T23:01:30.8781106Z (pass) resolveReviewerConfig: postaudit and reviewer blocks merge equivalently [0.26ms]
publish	UNKNOWN STEP	2026-10-06T23:01:30.8783200Z (pass) goal-loop-continuation prompt carries the 0.27.5 chunk-near-context-full hint [0.19ms]
publish	UNKNOWN STEP	2026-10-06T23:01:30.8784143Z 
publish	UNKNOWN STEP	2026-10-06T23:01:30.8785032Z ##[endgroup]
publish	UNKNOWN STEP	2026-10-06T23:01:30.8794478Z 
publish	UNKNOWN STEP	2026-10-06T23:01:30.8795298Z ##[group]tests/answered-question-dispatch.test.ts:
publish	UNKNOWN STEP	2026-10-06T23:01:31.7308305Z (pass) v0.38.19 answered ask_user_question dispatches a continuation turn from a phantom-busy session [583.65ms]
publish	UNKNOWN STEP	2026-10-06T23:01:32.2696224Z (pass) v0.38.19 fresh stream keeps the wait path: no bypass into live thinking [538.81ms]
publish	UNKNOWN STEP	2026-10-06T23:01:32.7864197Z (pass) v0.38.19 a loaded followUp queue keeps the wait path even when silent [516.82ms]
publish	UNKNOWN STEP	2026-10-06T23:01:32.7864672Z 
publish	UNKNOWN STEP	2026-10-06T23:01:32.7865032Z ##[endgroup]
publish	UNKNOWN STEP	2026-10-06T23:01:32.7867513Z 
publish	UNKNOWN STEP	2026-10-06T23:01:32.7867936Z ##[group]tests/loop-write-signal.test.ts:
publish	UNKNOWN STEP	2026-10-06T23:01:33.0763102Z (pass) item 3: write/edit/multi_edit/write_file are the write-signal tools [0.29ms]
publish	UNKNOWN STEP	2026-10-06T23:01:33.0764521Z (pass) item 3: the tool_result handler bumps fileWrites via isLoopWriteTool [0.93ms]
publish	UNKNOWN STEP	2026-10-06T23:01:33.0765977Z (pass) item 2: the stuck dispatch calls isActuallyStuck (not detectLoopStuck directly) [0.30ms]
publish	UNKNOWN STEP	2026-10-06T23:01:33.0766738Z (pass) item 4: git commits are counted once per iteration from HEAD advance [0.15ms]
publish	UNKNOWN STEP	2026-10-06T23:01:33.0767471Z (pass) item 6: spec_item_progress events are counted from the ledger since iteration start [0.11ms]
publish	UNKNOWN STEP	2026-10-06T23:01:33.0767859Z 
publish	UNKNOWN STEP	2026-10-06T23:01:33.0768186Z ##[endgroup]
publish	UNKNOWN STEP	2026-10-06T23:01:33.1092900Z 
publish	UNKNOWN STEP	2026-10-06T23:01:33.1094082Z ##[group]tests/respec-builder-wiring.test.ts:
publish	UNKNOWN STEP	2026-10-06T23:01:33.5867550Z (pass) actual respec command and tools persist intended scope, batch and audit claim [200.48ms]
publish	UNKNOWN STEP	2026-10-06T23:01:33.7250250Z (pass) declining intended scope leaves the project drafting with no adopted requirements [140.62ms]
publish	UNKNOWN STEP	2026-10-06T23:01:33.7829273Z (pass) registered blocker and refinement tools preserve work and require consent to change scope [51.35ms]
publish	UNKNOWN STEP	2026-10-06T23:01:33.8480698Z (pass) project blockers automatically show generic actions after journaling, without dispatch or implicit resolution [67.33ms]
publish	UNKNOWN STEP	2026-10-06T23:01:33.9771036Z (pass) work obstacles keep building and mistaken blocker-only holds release without verifying scope [115.82ms]
publish	UNKNOWN STEP	2026-10-06T23:01:34.0322652Z (pass) held blocker reviews receive the durable project contract without silently releasing dependencies [67.20ms]
publish	UNKNOWN STEP	2026-10-06T23:01:34.0347196Z 
publish	UNKNOWN STEP	2026-10-06T23:01:34.0347878Z ##[endgroup]
publish	UNKNOWN STEP	2026-10-06T23:01:34.0348252Z 
publish	UNKNOWN STEP	2026-10-06T23:01:34.0349348Z ##[group]tests/state-root-owner.test.ts:
publish	UNKNOWN STEP	2026-10-06T23:01:34.3642744Z (pass) normalizeOwnerAt tolerates number and ISO, rejects garbage [47.96ms]
publish	UNKNOWN STEP	2026-10-06T23:01:34.3772000Z (pass) looksLikePi admits pi hosts, refuses sleep, abstains on unknown [13.09ms]
publish	UNKNOWN STEP	2026-10-06T23:01:34.3887182Z (pass) classifyOwner covers the full matrix [11.52ms]
publish	UNKNOWN STEP	2026-10-06T23:01:34.4001734Z (pass) describeOwner returns null for self, shape for foreign [11.44ms]
publish	UNKNOWN STEP	2026-10-06T23:01:34.4168451Z (pass) takeover with no record claims silently [16.63ms]
publish	UNKNOWN STEP	2026-10-06T23:01:34.4302113Z (pass) takeover of a dead owner reclaims without signaling [13.28ms]
publish	UNKNOWN STEP	2026-10-06T23:01:34.4443854Z (pass) takeover of self reclaims (same-process sessions always win) [14.12ms]
publish	UNKNOWN STEP	2026-10-06T23:01:34.5893684Z (pass) live owner without confirm returns needs-confirm and touches nothing [144.95ms]
publish	UNKNOWN STEP	2026-10-06T23:01:34.7340832Z (pass) confirmed takeover of a non-pi process is refused, survivor unclaimed [144.60ms]
publish	UNKNOWN STEP	2026-10-06T23:01:35.2065663Z (pass) confirmed takeover SIGTERMs a pi-shaped owner, verifies exit, claims [472.59ms]
publish	UNKNOWN STEP	2026-10-06T23:01:35.7420352Z (pass) owner surviving SIGTERM is never claimed [535.48ms]
publish	UNKNOWN STEP	2026-10-06T23:01:35.8876283Z (pass) recycled pid is unlinked without signaling the innocent occupant [145.55ms]
publish	UNKNOWN STEP	2026-10-06T23:01:36.0346506Z (pass) heartbeat refresh is throttled and owner-scoped [146.99ms]
publish	UNKNOWN STEP	2026-10-06T23:01:36.3083340Z (pass) /glla owner reports unclaimed / self / live holder [273.68ms]
publish	UNKNOWN STEP	2026-10-06T23:01:36.3221313Z (pass) /glla takeover end to end reclaims a dead root via command [13.79ms]
publish	UNKNOWN STEP	2026-10-06T23:01:36.4644209Z (pass) /glla takeover aborts on dismissed confirm without signaling [142.20ms]
publish	UNKNOWN STEP	2026-10-06T23:01:36.4769219Z (pass) source pins the new escape hatches on both read-only warnings [12.53ms]
publish	UNKNOWN STEP	2026-10-06T23:01:36.6201910Z (pass) audit-2026-09-06: takeover re-verifies the occupant at signal time [143.18ms]
publish	UNKNOWN STEP	2026-10-06T23:01:36.6202544Z 
publish	UNKNOWN STEP	2026-10-06T23:01:36.6203135Z ##[endgroup]
publish	UNKNOWN STEP	2026-10-06T23:01:36.6205495Z 
publish	UNKNOWN STEP	2026-10-06T23:01:36.6205850Z ##[group]tests/retry-bounds.test.ts:
publish	UNKNOWN STEP	2026-10-06T23:01:36.9094812Z (pass) E2: persisted auditInfraStreak field (type + schema) [0.30ms]
publish	UNKNOWN STEP	2026-10-06T23:01:36.9452354Z (pass) E2: auditor infra errors enter the durable bounded retry plan (v0.34.51 — no 3-strike stop) [35.91ms]
publish	UNKNOWN STEP	2026-10-06T23:01:36.9520960Z (pass) main recovery remains unbounded but auditor retries retain their fixed horizon [7.03ms]
publish	UNKNOWN STEP	2026-10-06T23:01:36.9529376Z (pass) v0.36.0: aggressive auditor disapprovals become durable TODOs and stop on repeated no-progress [0.83ms]
publish	UNKNOWN STEP	2026-10-06T23:01:36.9531733Z (pass) E3: send-retry re-arms counted, ledgered, escalated [0.33ms]
publish	UNKNOWN STEP	2026-10-06T23:01:36.9535410Z (pass) v0.28.29: busy-retry cadence backs off (no more flat 50ms spins) [0.35ms]
publish	UNKNOWN STEP	2026-10-06T23:01:36.9543868Z (pass) v0.28.29: escalation is TIME-based and ACTIVITY-gated (busy ≠ wedged — the polis false positive) [0.79ms]
publish	UNKNOWN STEP	2026-10-06T23:01:36.9553815Z (pass) E3: provider-held send storms enter durable main-model recovery [0.98ms]
publish	UNKNOWN STEP	2026-10-06T23:01:36.9579813Z (pass) E8: the error brake carries the REAL error text, not stopReason [2.60ms]
publish	UNKNOWN STEP	2026-10-06T23:01:36.9589933Z (pass) v0.34.26: output-token-limit provider errors are classified as a deterministic wall, not a flake [0.96ms]
publish	UNKNOWN STEP	2026-10-06T23:01:36.9591274Z (pass) v0.34.36: a loop whose continuation never starts is durably stopped and resumable [0.15ms]
publish	UNKNOWN STEP	2026-10-06T23:01:36.9594919Z (pass) v0.34.51: stored-claim auditor retries enter the durable plan on ANY infra error [0.39ms]
publish	UNKNOWN STEP	2026-10-06T23:01:36.9606187Z (pass) v0.34.26: length-continue exhaustion is a durable paused state, not a transient notify [1.10ms]
publish	UNKNOWN STEP	2026-10-06T23:01:36.9617921Z (pass) E8: user aborts braked SEPARATELY — honest message, no auto-resume [1.18ms]
publish	UNKNOWN STEP	2026-10-06T23:01:36.9633101Z (pass) E8: provider-error brake gets ONE capped escalating auto-resume with reason re-check (v0.28.25) [1.48ms]
publish	UNKNOWN STEP	2026-10-06T23:01:36.9643557Z (pass) v0.28.25: inter-error retries ride an exponential ladder, not the immediate continuation [1.06ms]
publish	UNKNOWN STEP	2026-10-06T23:01:36.9667507Z (pass) v0.28.26: quota-blocked audits store the claim + the retry re-runs the AUDITOR directly (no agent turn) [2.37ms]
publish	UNKNOWN STEP	2026-10-06T23:01:36.9670951Z (pass) v0.28.26: pendingCompletion typed + schematized [0.38ms]
publish	UNKNOWN STEP	2026-10-06T23:01:36.9671477Z 
publish	UNKNOWN STEP	2026-10-06T23:01:36.9671980Z ##[endgroup]
publish	UNKNOWN STEP	2026-10-06T23:01:36.9675904Z 
publish	UNKNOWN STEP	2026-10-06T23:01:36.9676496Z ##[group]tests/goal-loop-dispatch.test.ts:
publish	UNKNOWN STEP	2026-10-06T23:01:37.2394200Z (pass) dispatch starts prepared and only accepted records can time out [0.26ms]
publish	UNKNOWN STEP	2026-10-06T23:01:37.2409519Z (pass) start proof is generation/owner-bound and prompt matching is exact to the attempt marker [0.12ms]
publish	UNKNOWN STEP	2026-10-06T23:01:37.2411299Z (pass) dispatch sidecar is atomic and recoverable across a session boundary [0.93ms]
publish	UNKNOWN STEP	2026-10-06T23:01:37.2412660Z (pass) corrupt or unknown sidecar records are ignored [0.32ms]
publish	UNKNOWN STEP	2026-10-06T23:01:37.2413390Z 
publish	UNKNOWN STEP	2026-10-06T23:01:37.2414061Z ##[endgroup]
publish	UNKNOWN STEP	2026-10-06T23:01:37.2416645Z 
publish	UNKNOWN STEP	2026-10-06T23:01:37.2417231Z ##[group]tests/respec-builder.test.ts:
publish	UNKNOWN STEP	2026-10-06T23:01:37.5199100Z (pass) replanning receives the missing contract evidence when semantic approval is rejected [0.84ms]
publish	UNKNOWN STEP	2026-10-06T23:01:37.5201135Z (pass) task completion is only a claim; approving one batch leaves the project unfinished [0.37ms]
publish	UNKNOWN STEP	2026-10-06T23:01:37.5202624Z (pass) failed, contradictory and infrastructure verdicts cannot close requirements [0.20ms]
publish	UNKNOWN STEP	2026-10-06T23:01:37.5203900Z (pass) stale worker results and incomplete batches cannot trigger settlement [0.59ms]
publish	UNKNOWN STEP	2026-10-06T23:01:37.5205214Z (pass) blocked requirements stay unfinished and visible through planning and serialization [0.34ms]
publish	UNKNOWN STEP	2026-10-06T23:01:37.5206543Z (pass) draft adoption rejects empty criteria and ignores supplied agent verification status [0.21ms]
publish	UNKNOWN STEP	2026-10-06T23:01:37.5562664Z (pass) increment audits carry acceptance criteria and regressions into the production auditor prompt [36.46ms]
publish	UNKNOWN STEP	2026-10-06T23:01:37.5564453Z (pass) scope refinement invalidates in-flight claims and records explicit removals [0.37ms]
publish	UNKNOWN STEP	2026-10-06T23:01:37.5569779Z (pass) blocking a batch retains its work and unblocking requires a concrete reason [0.31ms]
publish	UNKNOWN STEP	2026-10-06T23:01:37.5571118Z (pass) a negative regression audit reopens earlier capabilities instead of displaying stale verification [0.19ms]
publish	UNKNOWN STEP	2026-10-06T23:01:37.5571687Z 
publish	UNKNOWN STEP	2026-10-06T23:01:37.5572047Z ##[endgroup]
publish	UNKNOWN STEP	2026-10-06T23:01:37.5574313Z 
publish	UNKNOWN STEP	2026-10-06T23:01:37.5574975Z ##[group]tests/loop-forever.test.ts:
publish	UNKNOWN STEP	2026-10-06T23:01:37.8448351Z (pass) isLifecycleHeldLoopReason separates recoverable lifecycle holds from deliberate/safety stops [0.30ms]
publish	UNKNOWN STEP	2026-10-06T23:01:37.8449650Z (pass) parseMetric: plain integer [0.08ms]
publish	UNKNOWN STEP	2026-10-06T23:01:37.8450361Z (pass) parseMetric: number inside text [0.04ms]
publish	UNKNOWN STEP	2026-10-06T23:01:37.8451043Z (pass) parseMetric: negative + scientific [0.03ms]
publish	UNKNOWN STEP	2026-10-06T23:01:37.8452317Z (pass) parseMetric: no number → null (broken measure is a stall, not a crash) [0.04ms]
publish	UNKNOWN STEP	2026-10-06T23:01:37.8453231Z (pass) parseMetric: takes the FIRST number [0.03ms]
publish	UNKNOWN STEP	2026-10-06T23:01:37.8454473Z (pass) isImprovement: first value is always baseline [0.05ms]
publish	UNKNOWN STEP	2026-10-06T23:01:37.8455212Z (pass) isImprovement: min direction [0.04ms]
publish	UNKNOWN STEP	2026-10-06T23:01:37.8455815Z (pass) isImprovement: max direction [0.03ms]
publish	UNKNOWN STEP	2026-10-06T23:01:37.8457039Z (pass) v0.29.10 — applyMeasurement: null best (deferred audit baseline) seeds on first real measurement [0.45ms]
publish	UNKNOWN STEP	2026-10-06T23:01:37.8816414Z (pass) v0.35.31 exemption pin — audit flats count toward plateau from the start; non-audit pre-movement flats stay free [36.49ms]
publish	UNKNOWN STEP	2026-10-06T23:01:37.8820003Z (pass) v0.35.31 exemption pin — an audit loop never gets the 'metric never moved' stop [0.56ms]
publish	UNKNOWN STEP	2026-10-06T23:01:37.8856107Z (pass) v0.29.10 — audit loop source pins: deferred baseline, true-regression note, live-loop reseed migration [3.56ms]
publish	UNKNOWN STEP	2026-10-06T23:01:37.8858148Z (pass) applyMeasurement: improvement resets stall, records best [0.11ms]
publish	UNKNOWN STEP	2026-10-06T23:01:37.8859363Z (pass) applyMeasurement: non-improvement increments stall [0.07ms]
publish	UNKNOWN STEP	2026-10-06T23:01:37.8861045Z (pass) applyMeasurement: broken measure (null) is NOT a stall — tracked separately (E5) [0.06ms]
publish	UNKNOWN STEP	2026-10-06T23:01:37.8862156Z (pass) applyMeasurement: a numeric value resets the null streak (E5) [0.08ms]
publish	UNKNOWN STEP	2026-10-06T23:01:37.8863704Z (pass) applyMeasurement: plateauWindow consecutive nulls stop with 'measure command broken', NOT plateau (E5) [0.13ms]
publish	UNKNOWN STEP	2026-10-06T23:01:37.8865207Z (pass) applyMeasurement: an interleaved null does not move the real stall count (E5) [0.14ms]
publish	UNKNOWN STEP	2026-10-06T23:01:37.8865938Z (pass) applyMeasurement: plateau stops the loop [0.08ms]
publish	UNKNOWN STEP	2026-10-06T23:01:37.8866966Z (pass) v0.35.31 — a never-moved zero baseline does not false-plateau a working min loop [0.26ms]
publish	UNKNOWN STEP	2026-10-06T23:01:37.8868047Z (pass) v0.35.31 — the never-moved grace is bounded by a loud distinct stop [0.21ms]
publish	UNKNOWN STEP	2026-10-06T23:01:37.8869932Z (pass) v0.35.31 — a resumed run whose best differs from its first reading still plateaus honestly [0.10ms]
publish	UNKNOWN STEP	2026-10-06T23:01:37.8871118Z (pass) applyMeasurement: max iterations stops the loop [0.10ms]
publish	UNKNOWN STEP	2026-10-06T23:01:37.8872434Z (pass) applyMeasurement: plateau wins over cap when both hit [0.12ms]
publish	UNKNOWN STEP	2026-10-06T23:01:37.8874722Z (pass) applyMeasurement: history is capped at 200 [0.18ms]
publish	UNKNOWN STEP	2026-10-06T23:01:37.8875924Z (pass) parseLoopStartArgs: full form [0.20ms]
publish	UNKNOWN STEP	2026-10-06T23:01:37.8876937Z (pass) parseLoopStartArgs: defaults for window and max [0.11ms]
publish	UNKNOWN STEP	2026-10-06T23:01:37.8877811Z (pass) parseLoopStartArgs: unquoted target works [0.08ms]
publish	UNKNOWN STEP	2026-10-06T23:01:37.8879182Z (pass) parseLoopStartArgs: bare start (no measure=) is the infinite metricless form (v0.23.6) [0.07ms]
publish	UNKNOWN STEP	2026-10-06T23:01:37.8884081Z (pass) parseLoopStartArgs: direction= without a measure throws [0.57ms]
publish	UNKNOWN STEP	2026-10-06T23:01:37.8885021Z (pass) parseLoopStartArgs: missing direction throws [0.15ms]
publish	UNKNOWN STEP	2026-10-06T23:01:37.8886919Z (pass) parseLoopStartArgs: missing target throws [0.12ms]
publish	UNKNOWN STEP	2026-10-06T23:01:37.8889419Z (pass) parseLoopStartArgs: measure with pipes/quotes survives [0.10ms]
publish	UNKNOWN STEP	2026-10-06T23:01:37.8893045Z (pass) parseLoopStartArgs: branch flag off by default [0.08ms]
publish	UNKNOWN STEP	2026-10-06T23:01:37.8894121Z (pass) parseLoopStartArgs: branch=1 / branch=true enable branch mode [0.20ms]
publish	UNKNOWN STEP	2026-10-06T23:01:37.8895264Z (pass) applyMeasurement: time bound stops when elapsed hours exceeded [0.15ms]
publish	UNKNOWN STEP	2026-10-06T23:01:37.8898183Z (pass) applyMeasurement: time bound does not stop before the limit [0.09ms]
publish	UNKNOWN STEP	2026-10-06T23:01:37.8899618Z (pass) applyMeasurement: token budget stops when exhausted [0.29ms]
publish	UNKNOWN STEP	2026-10-06T23:01:37.8900771Z (pass) applyMeasurement: no bound = process never 'completes' (v0.15.0) [0.08ms]
publish	UNKNOWN STEP	2026-10-06T23:01:37.8901932Z (pass) parseLoopStartArgs: done= throws a teaching error (v0.15.0) [0.14ms]
publish	UNKNOWN STEP	2026-10-06T23:01:37.8903193Z (pass) parseLoopStartArgs: time=, tokens=, and cadence= parse as bounded controls [0.27ms]
publish	UNKNOWN STEP	2026-10-06T23:01:37.8904502Z (pass) parseLoopStartArgs: force flag off by default, on with 1/true [0.23ms]
publish	UNKNOWN STEP	2026-10-06T23:01:37.8905666Z (pass) loopBranchName: format is pi-glla-loop/<timestamp>-<slug> [0.08ms]
publish	UNKNOWN STEP	2026-10-06T23:01:37.8907017Z (pass) loopBranchName: empty slug falls back to 'loop' [0.06ms]
publish	UNKNOWN STEP	2026-10-06T23:01:37.8908016Z (pass) loopBranchName: slug is capped at 30 chars [0.09ms]
publish	UNKNOWN STEP	2026-10-06T23:01:37.8909384Z (pass) applyRefinement: target-only change keeps baseline and stall state [0.12ms]
publish	UNKNOWN STEP	2026-10-06T23:01:37.8910621Z (pass) applyRefinement: measure change re-baselines and resets stall [0.09ms]
publish	UNKNOWN STEP	2026-10-06T23:01:37.8911839Z (pass) parseLoopStartArgs: measure=none yields a metricless config [0.08ms]
publish	UNKNOWN STEP	2026-10-06T23:01:37.8913297Z (pass) parseLoopStartArgs: measure=NONE is case-insensitive [0.06ms]
publish	UNKNOWN STEP	2026-10-06T23:01:37.8914401Z (pass) parseLoopStartArgs: direction with measure=none throws [0.10ms]
publish	UNKNOWN STEP	2026-10-06T23:01:37.8915577Z (pass) parseLoopStartArgs: explicit max= caps even a metricless loop [0.06ms]
publish	UNKNOWN STEP	2026-10-06T23:01:37.8916763Z (pass) parseLoopStartArgs: max=0 = truly unbounded; absent max = 50 [0.09ms]
publish	UNKNOWN STEP	2026-10-06T23:01:37.8917971Z (pass) applyMetriclessTick: iterates without plateau and never improves [0.16ms]
publish	UNKNOWN STEP	2026-10-06T23:01:37.8919363Z (pass) applyMetriclessTick: max iterations still stops the loop [0.10ms]
publish	UNKNOWN STEP	2026-10-06T23:01:37.8920460Z (pass) applyMetriclessTick: time and token bounds still stop the loop [0.16ms]
publish	UNKNOWN STEP	2026-10-06T23:01:37.8924078Z (pass) v0.35.72: all loop measure entry points are bounded and reject failed numeric output [0.50ms]
publish	UNKNOWN STEP	2026-10-06T23:01:37.8925281Z (pass) applyMeasurement: max=0 = no iteration cap for measured loops either [0.13ms]
publish	UNKNOWN STEP	2026-10-06T23:01:37.8930238Z (pass) resolveSpecFile: finds SPEC.md in root, prefers it over spec.md [0.49ms]
publish	UNKNOWN STEP	2026-10-06T23:01:37.8934619Z (pass) resolveSpecFile: spec.md fallback; null when absent; root only (no subdir crawl) [0.41ms]
publish	UNKNOWN STEP	2026-10-06T23:01:37.8936483Z (pass) respecTarget: names the spec, Rules binding, rest follows code, rotates implement/audit [0.20ms]
publish	UNKNOWN STEP	2026-10-06T23:01:37.8937725Z (pass) respecTarget bootstrapping: big draft first, then reconcile [0.12ms]
publish	UNKNOWN STEP	2026-10-06T23:01:37.8943176Z (pass) resolveSpecFiles: returns all root specs in priority order (v0.24.4) [0.48ms]
publish	UNKNOWN STEP	2026-10-06T23:01:37.8944929Z (pass) parseLoopStartArgs: toolsamerepeat=N parses; 0 disables the legacy check [0.22ms]
publish	UNKNOWN STEP	2026-10-06T23:01:37.8985597Z (pass) v0.29.0: /loop audit — metric loop over open findings; plateau = the well is dry [4.01ms]
publish	UNKNOWN STEP	2026-10-06T23:01:37.9028332Z (pass) v0.35.4: auditMeasureCmd counts closed FIX findings only (DECIDED/DEFERRED excluded) [4.28ms]
publish	UNKNOWN STEP	2026-10-06T23:01:37.9033905Z (pass) v0.35.4: countOpenAuditFindings/topOpenAuditFinding tolerate aligned open boxes [0.56ms]
publish	UNKNOWN STEP	2026-10-06T23:01:37.9066668Z (pass) v0.38.33: indented boxes count and queue identically across all four readers [3.25ms]
publish	UNKNOWN STEP	2026-10-06T23:01:37.9072987Z (pass) v0.38.33: topOpenAuditFinding strips the indent, never the text [0.59ms]
publish	UNKNOWN STEP	2026-10-06T23:01:37.9077044Z (pass) L7: countCheckedSpecItems counts indented boxes like its siblings [0.41ms]
publish	UNKNOWN STEP	2026-10-06T23:01:37.9078548Z (pass) L6 (pin): a fired loop timer clears its handle before any early return [0.17ms]
publish	UNKNOWN STEP	2026-10-06T23:01:37.9080478Z (pass) L5 (pin): the loop-turn send and retry payload share one prompt build [0.18ms]
publish	UNKNOWN STEP	2026-10-06T23:01:37.9082282Z (pass) v0.35.4: parseLoopStartArgs keeps =-bearing text inside quotes and restores unknown keys [0.17ms]
publish	UNKNOWN STEP	2026-10-06T23:01:37.9085179Z (pass) v0.35.42 — the flat-reading grace applies in a NEW measure era despite old-era improvements [0.21ms]
publish	UNKNOWN STEP	2026-10-06T23:01:37.9086655Z (pass) v0.35.42 — a dead NEW metric still earns its never-moved stop after a refine [0.14ms]
publish	UNKNOWN STEP	2026-10-06T23:01:37.9087102Z 
publish	UNKNOWN STEP	2026-10-06T23:01:37.9087425Z ##[endgroup]
publish	UNKNOWN STEP	2026-10-06T23:01:37.9091327Z 
publish	UNKNOWN STEP	2026-10-06T23:01:37.9091775Z ##[group]tests/audit-unsettled-treadmill-cap.test.ts:
publish	UNKNOWN STEP	2026-10-06T23:01:38.1893704Z (pass) countTrailingUnsettledRounds — all verdict classes > counts disapprovals, and an approval breaks the streak [0.53ms]
publish	UNKNOWN STEP	2026-10-06T23:01:38.1896313Z (pass) countTrailingUnsettledRounds — all verdict classes > counts a regression-shield block, which the disapproval cap cannot see [0.19ms]
publish	UNKNOWN STEP	2026-10-06T23:01:38.1910865Z (pass) countTrailingUnsettledRounds — all verdict classes > counts an IMPOSSIBLE(partial) verdict [0.15ms]
publish	UNKNOWN STEP	2026-10-06T23:01:38.1913530Z (pass) countTrailingUnsettledRounds — all verdict classes > an infra error is transparent; a clean approval of a shielded round is NOT [0.14ms]
publish	UNKNOWN STEP	2026-10-06T23:01:38.1915772Z (pass) countTrailingUnsettledRounds — all verdict classes > a mechanical pre-audit gate row stays transparent [0.14ms]
publish	UNKNOWN STEP	2026-10-06T23:01:38.1917837Z (pass) grader alternation no longer defeats the hard cap > an alternating primary/fallback streak is detected as unstable [0.13ms]
publish	UNKNOWN STEP	2026-10-06T23:01:38.1920246Z (pass) grader alternation no longer defeats the hard cap > a single-grader streak is still reported stable [0.09ms]
publish	UNKNOWN STEP	2026-10-06T23:01:38.8757107Z (pass) regression shield — the branch the cap could not see > shield blocks pause at the hard cap instead of re-continuing forever [688.54ms]
publish	UNKNOWN STEP	2026-10-06T23:01:38.8759460Z 
publish	UNKNOWN STEP	2026-10-06T23:01:38.8760029Z ##[endgroup]
publish	UNKNOWN STEP	2026-10-06T23:01:38.8760271Z 
publish	UNKNOWN STEP	2026-10-06T23:01:38.8760795Z ##[group]tests/post-drafting-stuck.test.ts:
publish	UNKNOWN STEP	2026-10-06T23:01:39.2294929Z (pass) post-drafting: complete_goal storage failure returns an error, never a wait narrative [66.10ms]
publish	UNKNOWN STEP	2026-10-06T23:01:39.4651072Z (pass) post-drafting: resume_goal resumes a paused auditor-retry list item [236.99ms]
publish	UNKNOWN STEP	2026-10-06T23:01:39.4666407Z (pass) post-drafting: auditor retry waits after the eager probe are capped at 15 minutes [0.91ms]
publish	UNKNOWN STEP	2026-10-06T23:01:39.4667370Z (pass) post-drafting: recovery-wait surfaces name resume_goal as the agent path [0.56ms]
publish	UNKNOWN STEP	2026-10-06T23:01:39.4667816Z 
publish	UNKNOWN STEP	2026-10-06T23:01:39.4668323Z ##[endgroup]
publish	UNKNOWN STEP	2026-10-06T23:01:39.4668594Z 
publish	UNKNOWN STEP	2026-10-06T23:01:39.4669381Z ##[group]tests/test-split.test.ts:
publish	UNKNOWN STEP	2026-10-06T23:01:39.7640281Z (pass) test-split: every slow-listed file exists and is a test file [0.62ms]
publish	UNKNOWN STEP	2026-10-06T23:01:39.7660003Z (pass) test-split: fast mode excludes via one ignore pattern per slow file [0.27ms]
publish	UNKNOWN STEP	2026-10-06T23:01:39.7661603Z (pass) test-split: explicit paths drop the ignore patterns [0.11ms]
publish	UNKNOWN STEP	2026-10-06T23:01:39.7689887Z (pass) test-split: slow mode names the files; all mode passes through [0.19ms]
publish	UNKNOWN STEP	2026-10-06T23:01:39.7722007Z (pass) runner: the stall window is bounded and overridable [0.53ms]
publish	UNKNOWN STEP	2026-10-06T23:01:39.7736111Z (pass) runner: silence past the window stalls, progress resets the clock [0.11ms]
publish	UNKNOWN STEP	2026-10-06T23:01:39.7749564Z (pass) runner: the wrapper owns its child (no orphan on abort) [0.24ms]
publish	UNKNOWN STEP	2026-10-06T23:01:39.7750657Z (pass) runner: the hand-written .d.mts declares every runtime export (drift guard) [0.45ms]
publish	UNKNOWN STEP	2026-10-06T23:01:39.7751824Z (pass) v0.38.104: the suite child is detached so the documented group-kill is real [0.47ms]
publish	UNKNOWN STEP	2026-10-06T23:01:39.7752926Z (pass) v0.38.104: the release gate runs the hardened runner, and CI bounds both jobs [1.40ms]
publish	UNKNOWN STEP	2026-10-06T23:01:39.7769904Z (pass) v0.38.104: no test gates itself on the removed @tintinweb fork [10.61ms]
publish	UNKNOWN STEP	2026-10-06T23:01:39.7799727Z (pass) v0.38.104: tests/README.md does not claim npm test runs the whole suite [0.30ms]
publish	UNKNOWN STEP	2026-10-06T23:01:39.7829056Z 
publish	UNKNOWN STEP	2026-10-06T23:01:39.7839615Z ##[endgroup]
publish	UNKNOWN STEP	2026-10-06T23:01:39.7869131Z 
publish	UNKNOWN STEP	2026-10-06T23:01:39.7899795Z ##[group]tests/repair-source-consume-durability.test.ts:
publish	UNKNOWN STEP	2026-10-06T23:01:40.3534827Z (pass) failed repair-source deletion restores the durable repair link [47.77ms]
publish	UNKNOWN STEP	2026-10-06T23:01:40.3535464Z 
publish	UNKNOWN STEP	2026-10-06T23:01:40.3536087Z ##[endgroup]
publish	UNKNOWN STEP	2026-10-06T23:01:40.3539142Z 
publish	UNKNOWN STEP	2026-10-06T23:01:40.3539868Z ##[group]tests/owner-file-protocol.test.ts:
publish	UNKNOWN STEP	2026-10-06T23:01:40.6670680Z (pass) Windows replacement retries a sharing violation without unlinking the previous owner [2.29ms]
publish	UNKNOWN STEP	2026-10-06T23:01:41.9449041Z (pass) competing Node processes serialize owner mutations and publish only complete records [1279.27ms]
publish	UNKNOWN STEP	2026-10-06T23:01:42.1185048Z (pass) a live mutation times out contenders; SIGKILL recovery never removes a successor lock [173.67ms]
publish	UNKNOWN STEP	2026-10-06T23:01:42.1186991Z (pass) Windows participant read retries denial but preserves malformed-record refusal [0.34ms]
publish	UNKNOWN STEP	2026-10-06T23:01:42.1187693Z 
publish	UNKNOWN STEP	2026-10-06T23:01:42.1188197Z ##[endgroup]
publish	UNKNOWN STEP	2026-10-06T23:01:42.1195101Z 
publish	UNKNOWN STEP	2026-10-06T23:01:42.1196055Z ##[group]tests/repair-card-loop-block.test.ts:
publish	UNKNOWN STEP	2026-10-06T23:01:42.6959687Z (pass) v0.35.22: activating a queued item under a LIVE loop refuses LOUDLY — warning names the queued item and the way out [282.88ms]
publish	UNKNOWN STEP	2026-10-06T23:01:43.2407582Z (pass) v0.35.22: when the loop ends, the blocked item becomes startable — /loop stop advances the queue [544.73ms]
publish	UNKNOWN STEP	2026-10-06T23:01:43.5605954Z (pass) v0.35.41: the stuck-ladder stop also announces queued-list resumption [319.09ms]
publish	UNKNOWN STEP	2026-10-06T23:01:44.7147418Z (pass) v0.35.41: the provider-error cap stop also announces queued-list resumption [1154.95ms]
publish	UNKNOWN STEP	2026-10-06T23:01:44.7148103Z 
publish	UNKNOWN STEP	2026-10-06T23:01:44.7148587Z ##[endgroup]
publish	UNKNOWN STEP	2026-10-06T23:01:44.7405580Z 
publish	UNKNOWN STEP	2026-10-06T23:01:44.7406835Z ##[group]tests/draft-template-failure.test.ts:
publish	UNKNOWN STEP	2026-10-06T23:01:45.1046449Z (pass) drafting gate is claimed only after prompt construction [0.59ms]
publish	UNKNOWN STEP	2026-10-06T23:01:45.1047589Z (pass) the post-claim model failure still clears drafting state before rethrow [0.14ms]
publish	UNKNOWN STEP	2026-10-06T23:01:45.1048235Z 
publish	UNKNOWN STEP	2026-10-06T23:01:45.1048697Z ##[endgroup]
publish	UNKNOWN STEP	2026-10-06T23:01:45.1051799Z 
publish	UNKNOWN STEP	2026-10-06T23:01:45.1052719Z ##[group]tests/main-model-recovery.test.ts:
publish	UNKNOWN STEP	2026-10-06T23:01:45.4547627Z (pass) main model refs preserve order, dedupe, and support nested model ids [0.68ms]
publish	UNKNOWN STEP	2026-10-06T23:01:45.4549838Z (pass) main model fallback candidates are ordered and never retried in a cycle [0.21ms]
publish	UNKNOWN STEP	2026-10-06T23:01:45.4551535Z (pass) main fallback settings dedupe case-insensitively and cap the chain at ten [0.27ms]
publish	UNKNOWN STEP	2026-10-06T23:01:45.4669803Z (pass) runtime fallback walk uses one supervised model at a time and preserves left-to-right order [12.12ms]
publish	UNKNOWN STEP	2026-10-06T23:01:45.4707186Z (pass) successful fallback turns keep the preferred primary and fail back after a supervised probe [3.87ms]
publish	UNKNOWN STEP	2026-10-06T23:01:45.4713076Z (pass) sticky failback preserves the old fallback-settles behavior [0.62ms]
publish	UNKNOWN STEP	2026-10-06T23:01:45.4716231Z (pass) in-band provider output is recognized only for strong repeated-pane markers [0.29ms]
publish	UNKNOWN STEP	2026-10-06T23:01:45.4720401Z (pass) the explicit Codex prompt-policy event is terminal, while lookalike text remains generic [0.38ms]
publish	UNKNOWN STEP	2026-10-06T23:01:45.4741262Z (pass) main model errors stay opaque to the recovery policy [0.62ms]
publish	UNKNOWN STEP	2026-10-06T23:01:45.4742227Z (pass) main model recovery backs off without giving up [0.66ms]
publish	UNKNOWN STEP	2026-10-06T23:01:45.4743223Z (pass) main recovery requirements are generic across provider wording [0.14ms]
publish	UNKNOWN STEP	2026-10-06T23:01:45.4744519Z (pass) opaque provider request metadata cannot alter classification or fallback eligibility [0.60ms]
publish	UNKNOWN STEP	2026-10-06T23:01:45.4745860Z (pass) actual numeric status fields and HTTP prefixes remain classification evidence [0.27ms]
publish	UNKNOWN STEP	2026-10-06T23:01:45.4746494Z 
publish	UNKNOWN STEP	2026-10-06T23:01:45.4746983Z ##[endgroup]
publish	UNKNOWN STEP	2026-10-06T23:01:45.4747486Z 
publish	UNKNOWN STEP	2026-10-06T23:01:45.4748026Z ##[group]tests/respec-builder-audit-runtime.test.ts:
publish	UNKNOWN STEP	2026-10-06T23:01:45.8066150Z (pass) a stale audit wake does not resolve a model or launch a worker [40.40ms]
publish	UNKNOWN STEP	2026-10-06T23:01:46.1754306Z (pass) a time bound cancels an in-flight worker and retains unfinished requirements [368.78ms]
publish	UNKNOWN STEP	2026-10-06T23:01:46.3193820Z (pass) real detached protocol approval archives the intended project before terminal handoff [143.93ms]
publish	UNKNOWN STEP	2026-10-06T23:01:46.4538652Z (pass) real detached disapproval carries findings into a durable unfinished next cycle [134.43ms]
publish	UNKNOWN STEP	2026-10-06T23:01:46.5991313Z (pass) a semantic approval rejected by the regression shield reports needs work [145.26ms]
publish	UNKNOWN STEP	2026-10-06T23:01:46.7460040Z (pass) completed job is recovered after reloading an unsettled claim without another spawn [146.83ms]
publish	UNKNOWN STEP	2026-10-06T23:01:46.9076061Z (pass) pausing during an actual worker run prevents late approval from settling the project [161.53ms]
publish	UNKNOWN STEP	2026-10-06T23:01:47.0497835Z (pass) archive failure preserves approval evidence for settlement retry instead of launching another audit [142.22ms]
publish	UNKNOWN STEP	2026-10-06T23:01:47.1895845Z (pass) concurrent wake paths dispatch only one worker for the exact durable claim [139.77ms]
publish	UNKNOWN STEP	2026-10-06T23:01:47.6035059Z (pass) respec uses the shared bounded retry/fallback policy and journals its candidate cursor [413.87ms]
publish	UNKNOWN STEP	2026-10-06T23:01:47.6049359Z (pass) an exhausted token bound holds the project before spawning an auditor or claiming completion [1.60ms]
publish	UNKNOWN STEP	2026-10-06T23:01:48.1282518Z [run-tests] progress: 420s elapsed · 1s since last output · 213 KiB of suite output
publish	UNKNOWN STEP	2026-10-06T23:01:49.4283652Z (pass) actual project lifecycle reaches detached verification through agent_end [1823.26ms]
publish	UNKNOWN STEP	2026-10-06T23:01:51.6645911Z (pass) actual project lifecycle reaches detached verification through /glla resume of a stalled audit [2236.20ms]
publish	UNKNOWN STEP	2026-10-06T23:01:51.9187478Z (pass) terminal summary delivery failure preserves a replayable durable summary [254.14ms]
publish	UNKNOWN STEP	2026-10-06T23:01:51.9200878Z (pass) a failed builder journal commit restores the complete prior RAM state [1.50ms]
publish	UNKNOWN STEP	2026-10-06T23:01:51.9210280Z (pass) a supervisor freeze prevents a new project audit dispatch [0.93ms]
publish	UNKNOWN STEP	2026-10-06T23:01:52.2301520Z (pass) rapid pause/resume discards the cancelled worker result and rearms the saved claim [308.87ms]
publish	UNKNOWN STEP	2026-10-06T23:01:52.3698641Z (pass) an undelivered project summary survives replacement by a new project [139.72ms]
publish	UNKNOWN STEP	2026-10-06T23:01:52.5061103Z (pass) freezing supervision between auditor attempts prevents retry and fallback dispatch [136.21ms]
publish	UNKNOWN STEP	2026-10-06T23:01:52.6540028Z (pass) a corrupt summary outbox prevents terminal handoff and retains approved job evidence [147.88ms]
publish	UNKNOWN STEP	2026-10-06T23:01:52.9384901Z (pass) project audit preserves live tool deadline and attempt clock through the real worker bridge [284.50ms]
publish	UNKNOWN STEP	2026-10-06T23:01:52.9385480Z 
publish	UNKNOWN STEP	2026-10-06T23:01:52.9385831Z ##[endgroup]
publish	UNKNOWN STEP	2026-10-06T23:01:52.9388249Z 
publish	UNKNOWN STEP	2026-10-06T23:01:52.9388637Z ##[group]tests/audit-loop-state-root.test.ts:
publish	UNKNOWN STEP	2026-10-06T23:01:53.2711014Z (pass) sessionDir audit target, measure, and findings helper name the selected file [42.48ms]
publish	UNKNOWN STEP	2026-10-06T23:01:53.2711709Z 
publish	UNKNOWN STEP	2026-10-06T23:01:53.2712183Z ##[endgroup]
publish	UNKNOWN STEP	2026-10-06T23:01:53.2715008Z 
publish	UNKNOWN STEP	2026-10-06T23:01:53.2715628Z ##[group]tests/subagent-model-override.test.ts:
publish	UNKNOWN STEP	2026-10-06T23:01:53.6300003Z (pass) current package roles are the model override surface [0.38ms]
publish	UNKNOWN STEP	2026-10-06T23:01:53.6306370Z (pass) build: current scout definition is preserved and uses current frontmatter names [0.79ms]
publish	UNKNOWN STEP	2026-10-06T23:01:53.6313066Z (pass) build: an explicit worker pin preserves its complete upstream definition [0.72ms]
publish	UNKNOWN STEP	2026-10-06T23:01:53.6318946Z (pass) build: unknown agent name throws [0.60ms]
publish	UNKNOWN STEP	2026-10-06T23:01:53.6326619Z (pass) sync: no upstream model pin means only the GLLA Designer role is created [0.72ms]
publish	UNKNOWN STEP	2026-10-06T23:01:53.6336137Z (pass) sync: explicit current-role pin wins over strategy and is idempotent [0.96ms]
publish	UNKNOWN STEP	2026-10-06T23:01:53.6344683Z (pass) sync: clearing a current-role pin removes only GLLA-owned content [0.82ms]
publish	UNKNOWN STEP	2026-10-06T23:01:53.6350779Z (pass) sync: user-owned current role is never overwritten [0.59ms]
publish	UNKNOWN STEP	2026-10-06T23:01:53.6357047Z (pass) sync: legacy managed files are cleaned only when marked [0.64ms]
publish	UNKNOWN STEP	2026-10-06T23:01:53.6364961Z (pass) sync: missing or altered Designer definitions are repaired and flagged [0.78ms]
publish	UNKNOWN STEP	2026-10-06T23:01:53.6366189Z (pass) defaultAgentDir follows PI_CODING_AGENT_DIR when the host overrides it [0.18ms]
publish	UNKNOWN STEP	2026-10-06T23:01:53.6370103Z (pass) drift: every current built-in ships without a hidden model pin [0.33ms]
publish	UNKNOWN STEP	2026-10-06T23:01:53.6378848Z (pass) build+sync: a thinking pin writes a thinking-only override that inherits the model [0.87ms]
publish	UNKNOWN STEP	2026-10-06T23:01:53.6379529Z 
publish	UNKNOWN STEP	2026-10-06T23:01:53.6379863Z ##[endgroup]
publish	UNKNOWN STEP	2026-10-06T23:01:53.6383904Z 
publish	UNKNOWN STEP	2026-10-06T23:01:53.6384296Z ##[group]tests/retry-armed-display.test.ts:
publish	UNKNOWN STEP	2026-10-06T23:01:53.9213472Z (pass) 151113: supervised auditor wait with armed retry renders recovering, not paused [1.70ms]
publish	UNKNOWN STEP	2026-10-06T23:01:53.9216572Z (pass) 151113: status line keeps the auto-retrying countdown for the armed wait [0.37ms]
publish	UNKNOWN STEP	2026-10-06T23:01:53.9217657Z (pass) 151113: bare user wait with no armed retry still renders paused, never recovering [0.68ms]
publish	UNKNOWN STEP	2026-10-06T23:01:53.9218193Z 
publish	UNKNOWN STEP	2026-10-06T23:01:53.9219402Z ##[endgroup]
publish	UNKNOWN STEP	2026-10-06T23:01:53.9219828Z 
publish	UNKNOWN STEP	2026-10-06T23:01:53.9220342Z ##[group]tests/stats-reliability.test.ts:
publish	UNKNOWN STEP	2026-10-06T23:01:54.2157728Z (pass) reliability derives an open failure episode and elapsed audit cost without counting repeated snapshots [1.11ms]
publish	UNKNOWN STEP	2026-10-06T23:01:54.2159561Z (pass) successful semantic review or terminal archive resolves failure age; missing samples stay unknown [0.32ms]
publish	UNKNOWN STEP	2026-10-06T23:01:54.2161112Z (pass) recovery-only state preserves failure age and future/malformed timestamps remain unknown [0.26ms]
publish	UNKNOWN STEP	2026-10-06T23:01:54.2162290Z 
publish	UNKNOWN STEP	2026-10-06T23:01:54.2162785Z ##[endgroup]
publish	UNKNOWN STEP	2026-10-06T23:01:54.2162998Z 
publish	UNKNOWN STEP	2026-10-06T23:01:54.2163440Z ##[group]tests/transcript-replay.test.ts:
publish	UNKNOWN STEP	2026-10-06T23:01:54.5120368Z (pass) replay transcript 1: NEW detector says NOT stuck (item 11) [0.21ms]
publish	UNKNOWN STEP	2026-10-06T23:01:54.5126535Z (pass) replay transcript 2: NEW detector says NOT stuck (item 11) [0.04ms]
publish	UNKNOWN STEP	2026-10-06T23:01:54.5127382Z (pass) replay transcripts: OLD detector WOULD have flagged both (the false positive being fixed) [0.90ms]
publish	UNKNOWN STEP	2026-10-06T23:01:54.5128540Z (pass) replay transcripts without the shipped work: narrate-but-don't-ship is still stuck [0.22ms]
publish	UNKNOWN STEP	2026-10-06T23:01:54.5129449Z 
publish	UNKNOWN STEP	2026-10-06T23:01:54.5129916Z ##[endgroup]
publish	UNKNOWN STEP	2026-10-06T23:01:54.5130121Z 
publish	UNKNOWN STEP	2026-10-06T23:01:54.5130542Z ##[group]tests/stale-event-context.test.ts:
publish	UNKNOWN STEP	2026-10-06T23:01:54.8398670Z (pass) late agent_settled events with stale contexts are ignored safely [40.33ms]
publish	UNKNOWN STEP	2026-10-06T23:01:54.8399786Z 
publish	UNKNOWN STEP	2026-10-06T23:01:54.8400404Z ##[endgroup]
publish	UNKNOWN STEP	2026-10-06T23:01:54.8402223Z 
publish	UNKNOWN STEP	2026-10-06T23:01:54.8402984Z ##[group]tests/same-process-successor-resume.test.ts:
publish	UNKNOWN STEP	2026-10-06T23:01:55.5123929Z (pass) same-process successor resumes a held ACTIVE goal — the list/goal asymmetry fix [390.58ms]
publish	UNKNOWN STEP	2026-10-06T23:01:55.8943355Z (pass) same-process successor auto-retries a parked completion-audit claim — auditor consent parity [381.64ms]
publish	UNKNOWN STEP	2026-10-06T23:01:56.2426544Z (pass) different-pid crash successor still HOLDS the goal — the cold-load law stands [348.16ms]
publish	UNKNOWN STEP	2026-10-06T23:01:56.2434286Z 
publish	UNKNOWN STEP	2026-10-06T23:01:56.2460951Z ##[endgroup]
publish	UNKNOWN STEP	2026-10-06T23:01:56.2470627Z 
publish	UNKNOWN STEP	2026-10-06T23:01:56.2471362Z ##[group]tests/postaudit-surface.test.ts:
publish	UNKNOWN STEP	2026-10-06T23:01:56.5392993Z (pass) fireReviewer emits a SECOND notify with the review file path after the cascade [0.31ms]
publish	UNKNOWN STEP	2026-10-06T23:01:56.5395735Z (pass) surface-notify branch is preceded by the existing manual-suppressed notify [0.29ms]
publish	UNKNOWN STEP	2026-10-06T23:01:56.5397370Z (pass) postaudit settings key takes precedence over legacy reviewer key (fireReviewer) [0.12ms]
publish	UNKNOWN STEP	2026-10-06T23:01:56.5399210Z (pass) Settings type accepts both reviewer and postaudit keys [0.22ms]
publish	UNKNOWN STEP	2026-10-06T23:01:56.5400398Z (pass) SETTINGS_KEYS includes postaudit and toolOverrides [0.02ms]
publish	UNKNOWN STEP	2026-10-06T23:01:56.5401772Z (pass) /glla postaudit opens the same menu as /glla reviewer (no behavioral split) [0.06ms]
publish	UNKNOWN STEP	2026-10-06T23:01:56.5403045Z (pass) /glla routes reviewer (legacy) and postaudit (new) without completion rows [0.31ms]
publish	UNKNOWN STEP	2026-10-06T23:01:56.5403915Z (pass) resolveReviewerConfig: postaudit and reviewer blocks merge equivalently [0.15ms]
publish	UNKNOWN STEP	2026-10-06T23:01:56.5404724Z (pass) goal-loop-continuation prompt carries the 0.27.5 chunk-near-context-full hint [0.14ms]
publish	UNKNOWN STEP	2026-10-06T23:01:56.5405131Z 
publish	UNKNOWN STEP	2026-10-06T23:01:56.5405608Z ##[endgroup]
publish	UNKNOWN STEP	2026-10-06T23:01:56.5768079Z 
publish	UNKNOWN STEP	2026-10-06T23:01:56.5769765Z ##[group]tests/active-liveness.test.ts:
publish	UNKNOWN STEP	2026-10-06T23:01:56.8632910Z (pass) headLifesign falls back to host stream silence with the same bands [0.39ms]
publish	UNKNOWN STEP	2026-10-06T23:01:56.8639716Z (pass) tracked rows win over the stream fallback [0.11ms]
publish	UNKNOWN STEP	2026-10-06T23:01:56.8641090Z (pass) active head shows main-model stream age without tracked rows [0.74ms]
publish	UNKNOWN STEP	2026-10-06T23:01:56.8642525Z (pass) stale main-model stream paints the head error, aging paints warning [0.41ms]
publish	UNKNOWN STEP	2026-10-06T23:01:56.8643880Z (pass) future or missing stream evidence invents no head readout [0.24ms]
publish	UNKNOWN STEP	2026-10-06T23:01:56.8645089Z (pass) stamped last action carries bucketed recency [0.60ms]
publish	UNKNOWN STEP	2026-10-06T23:01:56.8646797Z (pass) unstamped or future-stamped actions carry no recency [0.51ms]
publish	UNKNOWN STEP	2026-10-06T23:01:56.8647631Z 
publish	UNKNOWN STEP	2026-10-06T23:01:56.8648335Z ##[endgroup]
publish	UNKNOWN STEP	2026-10-06T23:01:56.8649058Z 
publish	UNKNOWN STEP	2026-10-06T23:01:56.8649720Z ##[group]tests/real-host-canary.test.ts:
publish	UNKNOWN STEP	2026-10-06T23:01:57.2202176Z (pass) real-host canary reports an explicit skip without opt-in or spawning Pi [68.59ms]
publish	UNKNOWN STEP	2026-10-06T23:01:57.3147465Z (pass) opt-in canary installs its request guard and records bounded host evidence (stub host) [94.58ms]
publish	UNKNOWN STEP	2026-10-06T23:01:58.2486505Z (pass) generated canary uses actual Pi dispatcher and allowed transport behavior [933.23ms]
publish	UNKNOWN STEP	2026-10-06T23:01:59.1143285Z (pass) generated canary uses actual Pi dispatcher and unknown-price transport behavior [866.28ms]
publish	UNKNOWN STEP	2026-10-06T23:01:59.9682991Z (pass) generated canary uses actual Pi dispatcher and over-budget transport behavior [853.96ms]
publish	UNKNOWN STEP	2026-10-06T23:02:00.8161710Z (pass) generated canary uses actual Pi dispatcher and unsupported-cap transport behavior [847.86ms]
publish	UNKNOWN STEP	2026-10-06T23:02:01.6526850Z (pass) generated canary uses actual Pi dispatcher and oversized transport behavior [836.51ms]
publish	UNKNOWN STEP	2026-10-06T23:02:02.5232742Z (pass) generated canary uses actual Pi dispatcher and second-request transport behavior [870.55ms]
publish	UNKNOWN STEP	2026-10-06T23:02:02.8793893Z (pass) generated canary uses actual Pi dispatcher and receipt-write transport behavior [356.12ms]
publish	UNKNOWN STEP	2026-10-06T23:02:02.8794352Z 
publish	UNKNOWN STEP	2026-10-06T23:02:02.8794689Z ##[endgroup]
publish	UNKNOWN STEP	2026-10-06T23:02:02.8799451Z 
publish	UNKNOWN STEP	2026-10-06T23:02:02.8800191Z ##[group]tests/session-visibility.test.ts:
publish	UNKNOWN STEP	2026-10-06T23:02:03.2130144Z (pass) tally classifies like auditVerdictLabel [1.98ms]
publish	UNKNOWN STEP	2026-10-06T23:02:03.2159803Z (pass) tally segment stays silent with no verdicts [0.38ms]
publish	UNKNOWN STEP	2026-10-06T23:02:03.2179921Z (pass) recovery banner pins objective, next task, audits, resume [0.40ms]
publish	UNKNOWN STEP	2026-10-06T23:02:03.2190572Z (pass) v0.38.55: auditing status line is liveness-only — the tally lives on the card (Screenshot 20260914) [1.31ms]
publish	UNKNOWN STEP	2026-10-06T23:02:03.3611504Z (pass) reload with a held goal paints the recovery banner from disk [148.88ms]
publish	UNKNOWN STEP	2026-10-06T23:02:03.3613279Z (pass) future verdict timestamp suppresses the age instead of printing 0s ago [0.30ms]
publish	UNKNOWN STEP	2026-10-06T23:02:03.3614166Z 
publish	UNKNOWN STEP	2026-10-06T23:02:03.3614861Z ##[endgroup]
publish	UNKNOWN STEP	2026-10-06T23:02:03.3659144Z 
publish	UNKNOWN STEP	2026-10-06T23:02:03.3689812Z ##[group]tests/durable-defer-ui-fixture.test.ts:
publish	UNKNOWN STEP	2026-10-06T23:02:03.9044714Z (pass) deterministic goal-card fixture keeps the durable plaque first after three defers [28.75ms]
publish	UNKNOWN STEP	2026-10-06T23:02:03.9045400Z 
publish	UNKNOWN STEP	2026-10-06T23:02:03.9045777Z ##[endgroup]
publish	UNKNOWN STEP	2026-10-06T23:02:03.9045936Z 
publish	UNKNOWN STEP	2026-10-06T23:02:03.9046253Z ##[group]tests/list-queue.test.ts:
publish	UNKNOWN STEP	2026-10-06T23:02:04.1972069Z (pass) readState restores an empty list when no state exists [1.05ms]
publish	UNKNOWN STEP	2026-10-06T23:02:04.1989987Z (pass) readState restores list from the latest state event [1.51ms]
publish	UNKNOWN STEP	2026-10-06T23:02:04.1993791Z (pass) latest state event wins for the list [1.16ms]
publish	UNKNOWN STEP	2026-10-06T23:02:04.2317680Z (pass) list events (list_added etc.) do not corrupt state restore [32.34ms]
publish	UNKNOWN STEP	2026-10-06T23:02:04.2325612Z (pass) state event without a list field restores as empty list (v0.1.0 compat) [0.95ms]
publish	UNKNOWN STEP	2026-10-06T23:02:04.2326525Z (pass) takeAt: head is the FIFO default [0.10ms]
publish	UNKNOWN STEP	2026-10-06T23:02:04.2350213Z (pass) takeAt: middle item [0.06ms]
publish	UNKNOWN STEP	2026-10-06T23:02:04.2350593Z (pass) takeAt: last item [0.04ms]
publish	UNKNOWN STEP	2026-10-06T23:02:04.2350996Z (pass) takeAt: out of range returns null [0.03ms]
publish	UNKNOWN STEP	2026-10-06T23:02:04.2353369Z (pass) v0.28.28: unsolicited enqueue (reviewer) does not auto-start the head unless autoResume is on [2.48ms]
publish	UNKNOWN STEP	2026-10-06T23:02:04.2389009Z (pass) v0.29.4: auto-accepted drafts START (supersedes the 0.28.28 autoResume hold) [3.54ms]
publish	UNKNOWN STEP	2026-10-06T23:02:04.2394948Z (pass) v0.28.28: goal provenance — setGoal threads `via` into the record + goal_created ledger [0.56ms]
publish	UNKNOWN STEP	2026-10-06T23:02:04.2398417Z (pass) v0.28.28: /glla log [N] — human-readable ledger tail, noise-filtered [0.37ms]
publish	UNKNOWN STEP	2026-10-06T23:02:04.2405539Z (pass) v0.28.33: /glla wipe — renamed from reset (too close to /glla resume); reset redirects without acting [0.69ms]
publish	UNKNOWN STEP	2026-10-06T23:02:04.2412548Z (pass) v0.34.119: /glla cancel cancels the whole list objective, while standalone goals/loops keep their own paths [0.65ms]
publish	UNKNOWN STEP	2026-10-06T23:02:04.2413110Z 
publish	UNKNOWN STEP	2026-10-06T23:02:04.2413457Z ##[endgroup]
publish	UNKNOWN STEP	2026-10-06T23:02:04.2417144Z 
publish	UNKNOWN STEP	2026-10-06T23:02:04.2417553Z ##[group]tests/auditor-scope-guard.test.ts:
publish	UNKNOWN STEP	2026-10-06T23:02:04.5300969Z (pass) auditor scope guard — project at hand only > auditor prompt contains outside-scope guard [0.55ms]
publish	UNKNOWN STEP	2026-10-06T23:02:04.5318294Z (pass) auditor scope guard — project at hand only > outside-scope findings are recorded but not auto-queued [1.64ms]
publish	UNKNOWN STEP	2026-10-06T23:02:04.5321070Z (pass) auditor convergence contract — the change, not the repository > brief bounds blocking objections to the change and defines a reachable approval bar [0.37ms]
publish	UNKNOWN STEP	2026-10-06T23:02:04.5322919Z (pass) auditor convergence contract — the change, not the repository > a first round carries no rework framing [0.15ms]
publish	UNKNOWN STEP	2026-10-06T23:02:04.5324890Z (pass) auditor convergence contract — the change, not the repository > a rework round asks whether the PRIOR objections are closed [0.53ms]
publish	UNKNOWN STEP	2026-10-06T23:02:04.5325776Z 
publish	UNKNOWN STEP	2026-10-06T23:02:04.5326242Z ##[endgroup]
publish	UNKNOWN STEP	2026-10-06T23:02:04.5629850Z 
publish	UNKNOWN STEP	2026-10-06T23:02:04.5631237Z ##[group]tests/paused-overdue-display.test.ts:
publish	UNKNOWN STEP	2026-10-06T23:02:04.9040386Z (pass) v0.38.31: overdue wait names the recovery timer, never resuming now [1.59ms]
publish	UNKNOWN STEP	2026-10-06T23:02:04.9041237Z (pass) v0.38.31: overdue wait status bar reads retry overdue [0.29ms]
publish	UNKNOWN STEP	2026-10-06T23:02:04.9041795Z (pass) v0.38.31: in-grace wait keeps resuming now [0.48ms]
publish	UNKNOWN STEP	2026-10-06T23:02:04.9048357Z (pass) v0.38.31: future wait keeps the countdown [0.61ms]
publish	UNKNOWN STEP	2026-10-06T23:02:04.9059312Z (pass) v0.38.31: wait card drops the generic tail and closes the tree [0.51ms]
publish	UNKNOWN STEP	2026-10-06T23:02:04.9060807Z (pass) v0.38.31: error pause keeps suggested action and saved tail [0.66ms]
publish	UNKNOWN STEP	2026-10-06T23:02:04.9061384Z 
publish	UNKNOWN STEP	2026-10-06T23:02:04.9061895Z ##[endgroup]
publish	UNKNOWN STEP	2026-10-06T23:02:04.9065038Z 
publish	UNKNOWN STEP	2026-10-06T23:02:04.9065779Z ##[group]tests/pause-decision-interrupt.test.ts:
publish	UNKNOWN STEP	2026-10-06T23:02:05.6191824Z (pass) decision pause persists options AND aborts the turn so the picker owns an idle surface [416.21ms]
publish	UNKNOWN STEP	2026-10-06T23:02:06.0068189Z (pass) options without kind are inferred as decision — no silently dropped picker [387.65ms]
publish	UNKNOWN STEP	2026-10-06T23:02:07.0469947Z (pass) every agent-authored pause ends the turn (blocked/error/wait), not just decisions [1040.16ms]
publish	UNKNOWN STEP	2026-10-06T23:02:07.4095748Z (pass) impossible-drop auto-advance does NOT abort — the next item's continuation owns the turn [362.59ms]
publish	UNKNOWN STEP	2026-10-06T23:02:07.4101198Z (pass) source pins: decision picker wiring + abort ordering survive refactors [0.73ms]
publish	UNKNOWN STEP	2026-10-06T23:02:07.4101652Z 
publish	UNKNOWN STEP	2026-10-06T23:02:07.4102003Z ##[endgroup]
publish	UNKNOWN STEP	2026-10-06T23:02:07.4105865Z 
publish	UNKNOWN STEP	2026-10-06T23:02:07.4106360Z ##[group]tests/tui-density.test.ts:
publish	UNKNOWN STEP	2026-10-06T23:02:07.6990333Z (pass) widget carries the audits row only with history [1.75ms]
publish	UNKNOWN STEP	2026-10-06T23:02:07.6991535Z (pass) widget fits 80 columns at width 80 [0.44ms]
publish	UNKNOWN STEP	2026-10-06T23:02:07.6992509Z (pass) paused status carries the tally [0.47ms]
publish	UNKNOWN STEP	2026-10-06T23:02:07.6993425Z (pass) ladder is one recovery per line [0.33ms]
publish	UNKNOWN STEP	2026-10-06T23:02:07.6994370Z (pass) settings tab labels carry row counts [0.08ms]
publish	UNKNOWN STEP	2026-10-06T23:02:07.6994946Z 
publish	UNKNOWN STEP	2026-10-06T23:02:07.6995858Z ##[endgroup]
publish	UNKNOWN STEP	2026-10-06T23:02:07.6996351Z 
publish	UNKNOWN STEP	2026-10-06T23:02:07.6997106Z ##[group]tests/canary-budget.test.ts:
publish	UNKNOWN STEP	2026-10-06T23:02:08.0394592Z (pass) canary bounds output and requests, removes tools, and preserves the caller payload [28.92ms]
publish	UNKNOWN STEP	2026-10-06T23:02:08.0396540Z (pass) canary refuses unsupported caps, unknown prices, oversized input, and excessive estimated spend before sending [0.37ms]
publish	UNKNOWN STEP	2026-10-06T23:02:08.0397249Z 
publish	UNKNOWN STEP	2026-10-06T23:02:08.0397616Z ##[endgroup]
publish	UNKNOWN STEP	2026-10-06T23:02:08.0400797Z 
publish	UNKNOWN STEP	2026-10-06T23:02:08.0401551Z ##[group]tests/uniform-provider-retry.test.ts:
publish	UNKNOWN STEP	2026-10-06T23:02:08.3782079Z (pass) the first provider retry is eager for every failure family [0.85ms]
publish	UNKNOWN STEP	2026-10-06T23:02:08.3784935Z (pass) later provider retries use one bounded configured ladder [0.31ms]
publish	UNKNOWN STEP	2026-10-06T23:02:08.3811612Z (pass) main-model recovery has no quota-derived policy branch [2.97ms]
publish	UNKNOWN STEP	2026-10-06T23:02:08.3846038Z (pass) the auditor durable plan is generic and keeps safe diagnostic copy [3.44ms]
publish	UNKNOWN STEP	2026-10-06T23:02:08.3850869Z (pass) display surfaces identify generic recovery, not a guessed quota state [0.46ms]
publish	UNKNOWN STEP	2026-10-06T23:02:08.3851425Z 
publish	UNKNOWN STEP	2026-10-06T23:02:08.3851827Z ##[endgroup]
publish	UNKNOWN STEP	2026-10-06T23:02:08.3855244Z 
publish	UNKNOWN STEP	2026-10-06T23:02:08.3855820Z ##[group]tests/pause-redirect.test.ts:
publish	UNKNOWN STEP	2026-10-06T23:02:08.8759355Z (pass) redirect parks the goal but keeps the turn alive for the user's new task [209.84ms]
publish	UNKNOWN STEP	2026-10-06T23:02:09.0536472Z (pass) control: a plain pause still aborts the turn (v0.35.15 contract) [177.64ms]
publish	UNKNOWN STEP	2026-10-06T23:02:09.0537492Z 
publish	UNKNOWN STEP	2026-10-06T23:02:09.0538263Z ##[endgroup]
publish	UNKNOWN STEP	2026-10-06T23:02:09.0544396Z 
publish	UNKNOWN STEP	2026-10-06T23:02:09.0545511Z ##[group]tests/tool-cap-inventory.test.ts:
publish	UNKNOWN STEP	2026-10-06T23:02:09.3919691Z (pass) cap inventory: no tool schema refuses past the documented guard [28.67ms]
publish	UNKNOWN STEP	2026-10-06T23:02:09.3921213Z (pass) darklord replay: oversized gate notes are accepted and preserved [0.22ms]
publish	UNKNOWN STEP	2026-10-06T23:02:09.3925229Z (pass) judgment and resume values clip at handlers instead of refusing [0.60ms]
publish	UNKNOWN STEP	2026-10-06T23:02:09.3929926Z (pass) cap audit gaps: judgment record and group titles clip clause-aware [0.37ms]
publish	UNKNOWN STEP	2026-10-06T23:02:09.3931334Z 
publish	UNKNOWN STEP	2026-10-06T23:02:09.3931702Z ##[endgroup]
publish	UNKNOWN STEP	2026-10-06T23:02:09.3934618Z 
publish	UNKNOWN STEP	2026-10-06T23:02:09.3935208Z ##[group]tests/loop-refine-transaction.test.ts:
publish	UNKNOWN STEP	2026-10-06T23:02:09.7179390Z (pass) failed spec refinement leaves loop state unchanged [43.80ms]
publish	UNKNOWN STEP	2026-10-06T23:02:09.7179950Z 
publish	UNKNOWN STEP	2026-10-06T23:02:09.7180469Z ##[endgroup]
publish	UNKNOWN STEP	2026-10-06T23:02:09.7180693Z 
publish	UNKNOWN STEP	2026-10-06T23:02:09.7181158Z ##[group]tests/activity-first-status.test.ts:
publish	UNKNOWN STEP	2026-10-06T23:02:10.0108975Z (pass) activity-first: lead rows follow the head and precede all historical rows [2.64ms]
publish	UNKNOWN STEP	2026-10-06T23:02:10.0110982Z (pass) activity-first: quiet card leads with phase, age, last tool, model, thinking, next action [0.89ms]
publish	UNKNOWN STEP	2026-10-06T23:02:10.0111950Z (pass) activity-first: awaiting-verdict card and footer agree on the phase words [0.66ms]
publish	UNKNOWN STEP	2026-10-06T23:02:10.0112676Z (pass) activity-first: blocked card and footer agree on the blocked label [0.70ms]
publish	UNKNOWN STEP	2026-10-06T23:02:10.0482618Z (pass) activity-first: live running card carries tool elapsed/budget in the lead [37.59ms]
publish	UNKNOWN STEP	2026-10-06T23:02:10.0486552Z (pass) activity-first: legacy claim without thinking/model omits the segments, never invents [0.63ms]
publish	UNKNOWN STEP	2026-10-06T23:02:10.0497749Z (pass) activity-first: phase colour wraps the words (quiet warns, live succeeds, queued stays neutral) [1.10ms]
publish	UNKNOWN STEP	2026-10-06T23:02:10.0505148Z (pass) activity-first: footer monitoring and awaiting labels agree with the card head [0.13ms]
publish	UNKNOWN STEP	2026-10-06T23:02:10.0507651Z (pass) D2: the loop status line folds watching into QUEUED like the goal head [0.09ms]
publish	UNKNOWN STEP	2026-10-06T23:02:10.0509236Z (pass) D4: the auditor session row is sanitized and bounded [0.23ms]
publish	UNKNOWN STEP	2026-10-06T23:02:10.0510566Z (pass) stampAuditorAttemptThinking stamps only the owning attempt and sanitizes [0.10ms]
publish	UNKNOWN STEP	2026-10-06T23:02:10.0511218Z 
publish	UNKNOWN STEP	2026-10-06T23:02:10.0511892Z ##[endgroup]
publish	UNKNOWN STEP	2026-10-06T23:02:10.0512104Z 
publish	UNKNOWN STEP	2026-10-06T23:02:10.0512505Z ##[group]tests/loop-finish.test.ts:
publish	UNKNOWN STEP	2026-10-06T23:02:10.3335678Z (pass) loopFinishStopReason: cmdLoop('finish audit clean') → 'completed: audit clean' (item 7) [0.40ms]
publish	UNKNOWN STEP	2026-10-06T23:02:10.3338445Z (pass) /loop finish is routed in cmdLoop and registered in completions (item 7) [0.56ms]
publish	UNKNOWN STEP	2026-10-06T23:02:10.3340145Z (pass) branch-mode resume refuses to commit from the original branch [0.14ms]
publish	UNKNOWN STEP	2026-10-06T23:02:10.3340695Z 
publish	UNKNOWN STEP	2026-10-06T23:02:10.3341170Z ##[endgroup]
publish	UNKNOWN STEP	2026-10-06T23:02:10.3693397Z 
publish	UNKNOWN STEP	2026-10-06T23:02:10.3694509Z ##[group]tests/empty-provider-response.test.ts:
publish	UNKNOWN STEP	2026-10-06T23:02:10.6443369Z (pass) v0.38.104 the field error is recognised as an empty response [0.30ms]
publish	UNKNOWN STEP	2026-10-06T23:02:10.6460037Z (pass) v0.38.104 a message that merely CONTAINS 'empty' is not a provider glitch [0.06ms]
publish	UNKNOWN STEP	2026-10-06T23:02:10.6461833Z (pass) v0.38.104 an empty response is neither a quota wall nor a deterministic client error [0.06ms]
publish	UNKNOWN STEP	2026-10-06T23:02:10.6463091Z (pass) v0.38.104 an empty response retries EAGERLY, not on the 15-minute ladder [0.32ms]
publish	UNKNOWN STEP	2026-10-06T23:02:10.6463867Z (pass) v0.38.104 the eager window is bounded, then the normal ladder takes over [0.23ms]
publish	UNKNOWN STEP	2026-10-06T23:02:10.6464530Z (pass) v0.38.104 other failures keep the historical ladder untouched [0.17ms]
publish	UNKNOWN STEP	2026-10-06T23:02:10.6465356Z (pass) v0.38.104 a quota wall still wins over the eager empty-response path [0.09ms]
publish	UNKNOWN STEP	2026-10-06T23:02:10.6466137Z (pass) v0.38.104 the FIRST attempt honours the upstream reset hint too (no 5s probe of a named wall) [0.17ms]
publish	UNKNOWN STEP	2026-10-06T23:02:10.6466562Z 
publish	UNKNOWN STEP	2026-10-06T23:02:10.6466878Z ##[endgroup]
publish	UNKNOWN STEP	2026-10-06T23:02:10.6467007Z 
publish	UNKNOWN STEP	2026-10-06T23:02:10.6467284Z ##[group]tests/compaction-survival.test.ts:
publish	UNKNOWN STEP	2026-10-06T23:02:12.1995005Z (pass) compaction survival: three mid-run compacts, then the goal still completes approved [1269.22ms]
publish	UNKNOWN STEP	2026-10-06T23:02:12.7810688Z (pass) compaction survival: a compact around an in-flight audit still completes [580.84ms]
publish	UNKNOWN STEP	2026-10-06T23:02:12.7811565Z 
publish	UNKNOWN STEP	2026-10-06T23:02:12.7812276Z ##[endgroup]
publish	UNKNOWN STEP	2026-10-06T23:02:12.7812729Z 
publish	UNKNOWN STEP	2026-10-06T23:02:12.7813331Z ##[group]tests/auditor-error-paths.test.ts:
publish	UNKNOWN STEP	2026-10-06T23:02:13.0637655Z (pass) catch block never returns disapproved: true [0.32ms]
publish	UNKNOWN STEP	2026-10-06T23:02:13.0639981Z (pass) infra-flavored returns (no model / aborted) are not disapprovals [0.79ms]
publish	UNKNOWN STEP	2026-10-06T23:02:13.0641141Z (pass) auditor watchdog exits are infrastructure failures, never verdicts [0.49ms]
publish	UNKNOWN STEP	2026-10-06T23:02:13.0642177Z (pass) worker stream failures accumulate onto stderr, never overwrite it [0.15ms]
publish	UNKNOWN STEP	2026-10-06T23:02:13.0643417Z (pass) semantic verdict-quality failures and shield blocks keep distinct categories [0.23ms]
publish	UNKNOWN STEP	2026-10-06T23:02:13.1104223Z (pass) audit 2026-09-25: the reverted wall-clock bound leaves no dead classification branches [46.74ms]
publish	UNKNOWN STEP	2026-10-06T23:02:13.1104961Z 
publish	UNKNOWN STEP	2026-10-06T23:02:13.1105487Z ##[endgroup]
publish	UNKNOWN STEP	2026-10-06T23:02:13.1107547Z 
publish	UNKNOWN STEP	2026-10-06T23:02:13.1108109Z ##[group]tests/auditor-process.test.ts:
publish	UNKNOWN STEP	2026-10-06T23:02:13.3931208Z (pass) compiled Pi hosts fall back to a JavaScript runtime while explicit commands remain available [1.44ms]
publish	UNKNOWN STEP	2026-10-06T23:02:13.3932906Z (pass) v0.35.27 (PR #17): bare tokens pass unquoted for .CMD shims, unsafe-arg gate still covers EVERY arg [0.24ms]
publish	UNKNOWN STEP	2026-10-06T23:02:13.4937308Z (pass) Windows worker shutdown kills the cmd/pi process tree [100.47ms]
publish	UNKNOWN STEP	2026-10-06T23:02:13.4943802Z (pass) Windows atomic protocol retries transient rename locks without unlinking the old snapshot [0.81ms]
publish	UNKNOWN STEP	2026-10-06T23:02:14.8486456Z (pass) transport failures carry an explicit no-verdict classification [1354.10ms]
publish	UNKNOWN STEP	2026-10-06T23:02:14.8491773Z (pass) fake worker setup stays in per-test temp storage [0.69ms]
publish	UNKNOWN STEP	2026-10-06T23:02:15.0063341Z (pass) detached parent accepts an identity-checked result and applies regression_shield [157.02ms]
publish	UNKNOWN STEP	2026-10-06T23:02:15.1594392Z (pass) detached parent keeps a regression-shield block distinct from disapproval and infrastructure [153.07ms]
publish	UNKNOWN STEP	2026-10-06T23:02:15.3221993Z (pass) detached parent forwards live worker telemetry to its progress callback [162.66ms]
publish	UNKNOWN STEP	2026-10-06T23:02:15.5668080Z (pass) v0.34.57: heartbeat-without-progress watchdog emits auditor_stalled and cancels the detached job [244.62ms]
publish	UNKNOWN STEP	2026-10-06T23:02:16.6969115Z (pass) parent abort escalates a detached TERM-ignoring worker and removes its job [1130.07ms]
publish	UNKNOWN STEP	2026-10-06T23:02:17.2627226Z (pass) the real worker forwards ordered tool and report phases to the parent [565.83ms]
publish	UNKNOWN STEP	2026-10-06T23:02:17.3956750Z (pass) real worker preserves structured HTTP 429 diagnostics for the parent [132.90ms]
publish	UNKNOWN STEP	2026-10-06T23:02:17.5668180Z (pass) real worker persists the auditor session when inspection is enabled (spawn spec + progress shape) [168.68ms]
publish	UNKNOWN STEP	2026-10-06T23:02:17.5670238Z (pass) detached auditor env keeps runtime necessities and selected provider auth, not unrelated secrets [0.21ms]
publish	UNKNOWN STEP	2026-10-06T23:02:17.7933803Z (pass) real worker keeps the original --no-session spawn when inspection is unset (default unchanged) [228.01ms]
publish	UNKNOWN STEP	2026-10-06T23:02:18.0912765Z (pass) worker assembles streamed report fragments into cumulative display lines without changing the exact result [298.64ms]
publish	UNKNOWN STEP	2026-10-06T23:02:18.1285266Z [run-tests] progress: 450s elapsed · 0s since last output · 229 KiB of suite output
publish	UNKNOWN STEP	2026-10-06T23:02:18.2435637Z (pass) parent rejects a result that reports an unsupported tool [152.29ms]
publish	UNKNOWN STEP	2026-10-06T23:02:18.3734564Z (pass) approval without an audit tool is a semantic disapproval [129.84ms]
publish	UNKNOWN STEP	2026-10-06T23:02:18.5028336Z (pass) a verdict marker inside a think block is not accepted [129.41ms]
publish	UNKNOWN STEP	2026-10-06T23:02:18.5041973Z (pass) failed setup preserves a pre-existing attempt directory it does not own [1.49ms]
publish	UNKNOWN STEP	2026-10-06T23:02:18.7619388Z (pass) detached retry identities remain unique while completed job dirs persist for the retention window [257.51ms]
publish	UNKNOWN STEP	2026-10-06T23:02:18.7709745Z (pass) cancel keeps a finished audit's transcript dir but reaps incomplete scratch [9.05ms]
publish	UNKNOWN STEP	2026-10-06T23:02:18.9005877Z (pass) a mismatched result hash fails closed as infrastructure [129.58ms]
publish	UNKNOWN STEP	2026-10-06T23:02:18.9007394Z (pass) request hashing is stable and excludes no runtime secret or API key field [0.32ms]
publish	UNKNOWN STEP	2026-10-06T23:02:19.0135728Z (pass) EOF before exit preserves process and stream diagnostics without accepting a partial verdict [112.67ms]
publish	UNKNOWN STEP	2026-10-06T23:02:19.2997072Z (pass) EOF from a live RPC child gets a bounded close grace then TERM-to-KILL cleanup [286.17ms]
publish	UNKNOWN STEP	2026-10-06T23:02:19.5115322Z (pass) detached worker treats silent provider time as infrastructure, not a verdict [211.74ms]
publish	UNKNOWN STEP	2026-10-06T23:02:19.6561193Z (pass) parent tool watchdog cancels a tool with no follow-up RPC events [144.53ms]
publish	UNKNOWN STEP	2026-10-06T23:02:19.8759615Z (pass) worker aborts an unsupported tool event instead of treating it as an audit tool [219.80ms]
publish	UNKNOWN STEP	2026-10-06T23:02:21.6358288Z (pass) worker-side tool timeout cancels a tool that never emits an end event, and still fails fast [1759.86ms]
publish	UNKNOWN STEP	2026-10-06T23:02:21.6359930Z (pass) effective tool budget honors a granted timeout above the base [0.16ms]
publish	UNKNOWN STEP	2026-10-06T23:02:22.0650572Z (pass) parent tool watchdog honors the worker-armed granted budget [429.03ms]
publish	UNKNOWN STEP	2026-10-06T23:02:22.3877740Z (pass) worker honors a bash call's granted timeout past the base budget [322.74ms]
publish	UNKNOWN STEP	2026-10-06T23:02:24.4163461Z (pass) real worker stops a runaway RPC process group before it becomes a storm [2028.52ms]
publish	UNKNOWN STEP	2026-10-06T23:02:24.5532785Z (pass) worker launches pi with the exact auditor RPC contract and one LF JSONL prompt [136.97ms]
publish	UNKNOWN STEP	2026-10-06T23:02:24.8767006Z (pass) worker force-kills a wedged RPC child before it exits [323.37ms]
publish	UNKNOWN STEP	2026-10-06T23:02:25.0365773Z (pass) v0.36.0: allow-listed extensions load via --extension while isolation flags stay intact [159.89ms]
publish	UNKNOWN STEP	2026-10-06T23:02:25.4210296Z (pass) v0.36.0: the process layer resolves raw specs to install paths before the worker sees them [384.38ms]
publish	UNKNOWN STEP	2026-10-06T23:02:25.5244668Z (pass) v0.36.0: a malformed allowedExtensions request fails closed as an identity error [103.45ms]
publish	UNKNOWN STEP	2026-10-06T23:02:25.6547570Z (pass) v0.38.80: the worker's challenge outcome threads through to the auditor result [130.29ms]
publish	UNKNOWN STEP	2026-10-06T23:02:25.7901009Z (pass) v0.38.80: an absent challenge stays undefined for legacy workers [135.29ms]
publish	UNKNOWN STEP	2026-10-06T23:02:26.1677072Z (pass) strict challenge: the parent refuses a legacy or skipped approval [377.68ms]
publish	UNKNOWN STEP	2026-10-06T23:02:26.3020353Z (pass) v0.38.81: the dispatch-decided tier stamps onto the result [134.21ms]
publish	UNKNOWN STEP	2026-10-06T23:02:26.5769073Z (pass) v0.38.81: spot-check stamps true; legacy callers see no tier fields [274.82ms]
publish	UNKNOWN STEP	2026-10-06T23:02:26.5776733Z (pass) slow-audit hardening: attempt cost summarizes prompt, tools, vision, and elapsed [0.95ms]
publish	UNKNOWN STEP	2026-10-06T23:02:26.5779470Z (pass) audit-tool floor: no-tool approval is a disapproval, not infrastructure [0.28ms]
publish	UNKNOWN STEP	2026-10-06T23:02:26.5787869Z (pass) A2 (pin): the crash-safe pre-dispatch reap covers the rotated-away attempt [0.52ms]
publish	UNKNOWN STEP	2026-10-06T23:02:27.0134480Z (pass) A5: an abandoned challenge preserves its prose beside the byte-exact round-1 output [434.72ms]
publish	UNKNOWN STEP	2026-10-06T23:02:27.0135708Z (pass) A10: the detached worker does not inherit NODE_OPTIONS [0.31ms]
publish	UNKNOWN STEP	2026-10-06T23:02:27.0136303Z 
publish	UNKNOWN STEP	2026-10-06T23:02:27.0136847Z ##[endgroup]
publish	UNKNOWN STEP	2026-10-06T23:02:27.0141067Z 
publish	UNKNOWN STEP	2026-10-06T23:02:27.0141557Z ##[group]tests/commit-survival-e2e.test.ts:
publish	UNKNOWN STEP	2026-10-06T23:02:27.3119936Z (skip) commit survives the auto-committer daemon (item 32, env-gated watched repo)
publish	UNKNOWN STEP	2026-10-06T23:02:27.3121184Z 
publish	UNKNOWN STEP	2026-10-06T23:02:27.3121712Z ##[endgroup]
publish	UNKNOWN STEP	2026-10-06T23:02:27.3121939Z 
publish	UNKNOWN STEP	2026-10-06T23:02:27.3122393Z ##[group]tests/list-parallel.test.ts:
publish	UNKNOWN STEP	2026-10-06T23:02:27.6041984Z (pass) extractParallelFlag: truthy values mark the item parallel-safe [0.44ms]
publish	UNKNOWN STEP	2026-10-06T23:02:27.6070352Z (pass) extractParallelFlag: falsy values explicitly opt out [0.22ms]
publish	UNKNOWN STEP	2026-10-06T23:02:27.6072164Z (pass) extractParallelFlag: no marker → undefined (unknown, not false) [0.07ms]
publish	UNKNOWN STEP	2026-10-06T23:02:27.6073575Z (pass) extractParallelFlag: inline marker mid-line, case-insensitive [0.07ms]
publish	UNKNOWN STEP	2026-10-06T23:02:27.6074990Z (pass) parseListItemDeclaration: marker stripped BEFORE the contract split [0.26ms]
publish	UNKNOWN STEP	2026-10-06T23:02:27.6076507Z (pass) parseListItemDeclaration: a parallel marker after Done when: still strips cleanly [0.16ms]
publish	UNKNOWN STEP	2026-10-06T23:02:27.6078114Z (pass) parseListItemDeclaration: parallel marker inside a multi-line objective is consumed [0.11ms]
publish	UNKNOWN STEP	2026-10-06T23:02:27.6079798Z (pass) queue sidecar round-trips the parallelSafe flag [1.65ms]
publish	UNKNOWN STEP	2026-10-06T23:02:27.8410545Z (pass) list_add parses the declaration into the queue state + disk + status [234.15ms]
publish	UNKNOWN STEP	2026-10-06T23:02:28.2125634Z (pass) a declared item activating into a goal carries the CLEAN objective (no marker leak) [371.41ms]
publish	UNKNOWN STEP	2026-10-06T23:02:28.2126134Z 
publish	UNKNOWN STEP	2026-10-06T23:02:28.2126483Z ##[endgroup]
publish	UNKNOWN STEP	2026-10-06T23:02:28.2131198Z 
publish	UNKNOWN STEP	2026-10-06T23:02:28.2131949Z ##[group]tests/aggressive-mode.test.ts:
publish	UNKNOWN STEP	2026-10-06T23:02:28.5136761Z (pass) aggressiveMode persists through the settings file (item 8) [4.39ms]
publish	UNKNOWN STEP	2026-10-06T23:02:28.5137960Z (pass) effective settings: aggressiveMode ON flips the defaults (items 5+7) [0.08ms]
publish	UNKNOWN STEP	2026-10-06T23:02:28.5139684Z (pass) effective settings: missing aggressiveMode uses the production keep-going default [0.07ms]
publish	UNKNOWN STEP	2026-10-06T23:02:28.5141149Z (pass) effective settings: explicit OFF keeps base defaults; auditCap base is 5 [0.06ms]
publish	UNKNOWN STEP	2026-10-06T23:02:28.5142669Z (pass) explicit per-key settings WIN over aggressiveMode (advisor semantics) [0.06ms]
publish	UNKNOWN STEP	2026-10-06T23:02:28.5503352Z (pass) autoResume is global-only in the effective settings and provenance [37.28ms]
publish	UNKNOWN STEP	2026-10-06T23:02:28.5506988Z (pass) obsolete quota policy files cannot change the generic retry settings [0.52ms]
publish	UNKNOWN STEP	2026-10-06T23:02:28.5507441Z 
publish	UNKNOWN STEP	2026-10-06T23:02:28.5507803Z ##[endgroup]
publish	UNKNOWN STEP	2026-10-06T23:02:28.5512105Z 
publish	UNKNOWN STEP	2026-10-06T23:02:28.5512712Z ##[group]tests/payload-guard.test.ts:
publish	UNKNOWN STEP	2026-10-06T23:02:28.8420608Z (pass) payload guard: under-budget histories pass through with the SAME identity [0.70ms]
publish	UNKNOWN STEP	2026-10-06T23:02:28.8422493Z (pass) payload guard: over-budget histories evict OLDEST first and keep the newest two [2.89ms]
publish	UNKNOWN STEP	2026-10-06T23:02:28.8427386Z (pass) payload guard: the keep-recent floor holds even when the budget cannot be met [1.19ms]
publish	UNKNOWN STEP	2026-10-06T23:02:28.8789822Z (pass) payload guard: projection is idempotent and never touches non-image content [36.01ms]
publish	UNKNOWN STEP	2026-10-06T23:02:28.8797893Z (pass) payload guard: image count is clamped even when bytes fit the budget [1.00ms]
publish	UNKNOWN STEP	2026-10-06T23:02:28.8802102Z (pass) payload guard: the count cap defaults to the observed provider limit [0.46ms]
publish	UNKNOWN STEP	2026-10-06T23:02:28.8805776Z (pass) payload guard: the keep-recent floor wins over the count cap (best effort) [0.36ms]
publish	UNKNOWN STEP	2026-10-06T23:02:28.8992799Z (pass) wiring: the context event projects bloated histories before EVERY LLM call and ledgeres the eviction [18.44ms]
publish	UNKNOWN STEP	2026-10-06T23:02:28.9227897Z (pass) wiring: identical repeat evictions are deduped; changed values re-arm [23.44ms]
publish	UNKNOWN STEP	2026-10-06T23:02:28.9232924Z (pass) classifyMainModelFailure: 413 payload-size texts are transient, not unknown [0.62ms]
publish	UNKNOWN STEP	2026-10-06T23:02:28.9233468Z 
publish	UNKNOWN STEP	2026-10-06T23:02:28.9233854Z ##[endgroup]
publish	UNKNOWN STEP	2026-10-06T23:02:28.9237780Z 
publish	UNKNOWN STEP	2026-10-06T23:02:28.9238383Z ##[group]tests/unsupervised-error-retry.test.ts:
publish	UNKNOWN STEP	2026-10-06T23:02:29.4581688Z (pass) empty provider response with no goal schedules and dispatches a retry [238.61ms]
publish	UNKNOWN STEP	2026-10-06T23:02:29.8026392Z (pass) consecutive errors advance the streak; a clean turn clears it [344.55ms]
publish	UNKNOWN STEP	2026-10-06T23:02:29.8233261Z (pass) composite isolation clears a poisoned unsupervised retry streak, timer, and override [16.85ms]
publish	UNKNOWN STEP	2026-10-06T23:02:30.0301077Z (pass) user aborts never retry [210.59ms]
publish	UNKNOWN STEP	2026-10-06T23:02:30.3053999Z (pass) policy refusals, auth, billing, and deterministic 400s refuse with a reason [274.50ms]
publish	UNKNOWN STEP	2026-10-06T23:02:30.5200408Z (pass) context overflow compacts instead of retrying [214.89ms]
publish	UNKNOWN STEP	2026-10-06T23:02:30.5283178Z (pass) hinted quota sleeps until the provider reset; hintless quota ladders [7.69ms]
publish	UNKNOWN STEP	2026-10-06T23:02:30.7460843Z (pass) an active goal owns error turns — the unsupervised lane stays silent [217.20ms]
publish	UNKNOWN STEP	2026-10-06T23:02:30.9632143Z (pass) a load-held session refuses instead of promising a retry it cannot send [217.19ms]
publish	UNKNOWN STEP	2026-10-06T23:02:31.2156470Z (pass) a fresh turn stands down the pending retry [253.37ms]
publish	UNKNOWN STEP	2026-10-06T23:02:31.4060105Z (pass) a busy session at fire time stands down instead of double-driving [190.19ms]
publish	UNKNOWN STEP	2026-10-06T23:02:31.4325443Z (pass) fallback continues an interrupted ordinary task after settlement with the original request [18.91ms]
publish	UNKNOWN STEP	2026-10-06T23:02:31.4520330Z (pass) fallback handoff waits for idle and does not override a user abort [21.82ms]
publish	UNKNOWN STEP	2026-10-06T23:02:31.4743679Z (pass) a successful core retry consumes fallback recovery without a duplicate handoff [23.08ms]
publish	UNKNOWN STEP	2026-10-06T23:02:31.5150720Z (pass) fallback send failure preserves the pending handoff and retries the same request on fresh settlement [43.57ms]
publish	UNKNOWN STEP	2026-10-06T23:02:31.5570803Z (pass) long interrupted requests use a bounded handoff without growing nested retry prompts [36.00ms]
publish	UNKNOWN STEP	2026-10-06T23:02:32.2490788Z (pass) exhausted ordinary fallback chain uses backoff instead of another immediate switch handoff [694.32ms]
publish	UNKNOWN STEP	2026-10-06T23:02:33.1830939Z (pass) ordinary exhaustion retry respects a supervisor pause introduced while waiting [926.94ms]
publish	UNKNOWN STEP	2026-10-06T23:02:33.8152285Z (pass) authentication failure after ordinary chain exhaustion does not become a blind handoff [633.99ms]
publish	UNKNOWN STEP	2026-10-06T23:02:33.8179228Z 
publish	UNKNOWN STEP	2026-10-06T23:02:33.8180637Z ##[endgroup]
publish	UNKNOWN STEP	2026-10-06T23:02:33.8181462Z 
publish	UNKNOWN STEP	2026-10-06T23:02:33.8240531Z ##[group]tests/interrupt-didnt-continue.test.ts:
publish	UNKNOWN STEP	2026-10-06T23:02:34.1134834Z (pass) FIX A: a never-set revision (undefined) + captured 0 is CURRENT, not stale [0.39ms]
publish	UNKNOWN STEP	2026-10-06T23:02:34.1159359Z (pass) FIX A: captured 0 against a genuinely bumped goal is still refused [0.10ms]
publish	UNKNOWN STEP	2026-10-06T23:02:34.1180047Z (pass) FIX A: equal non-zero revisions stay current; bumps refuse [0.07ms]
publish	UNKNOWN STEP	2026-10-06T23:02:34.1549145Z (pass) FIX A pin: the refusal guard uses isGoalRevisionCurrent, not raw !== on undefined [41.16ms]
publish	UNKNOWN STEP	2026-10-06T23:02:34.1571830Z (pass) FIX B pin: the refusal branch restores status active so the loop continues [2.44ms]
publish	UNKNOWN STEP	2026-10-06T23:02:34.1600288Z (pass) behavior preserved: a GENUINE orphaned audit still parks with the same message [2.82ms]
publish	UNKNOWN STEP	2026-10-06T23:02:34.1601028Z 
publish	UNKNOWN STEP	2026-10-06T23:02:34.1601513Z ##[endgroup]
publish	UNKNOWN STEP	2026-10-06T23:02:34.1605115Z 
publish	UNKNOWN STEP	2026-10-06T23:02:34.1605567Z ##[group]tests/telemetry-event-shapes.test.ts:
publish	UNKNOWN STEP	2026-10-06T23:02:34.5048091Z (pass) name-shaped write results count fileWrites on goal telemetry [55.97ms]
publish	UNKNOWN STEP	2026-10-06T23:02:34.5151118Z (pass) name-shaped write results count fileWrites on loop iterMetrics [10.20ms]
publish	UNKNOWN STEP	2026-10-06T23:02:34.5151531Z 
publish	UNKNOWN STEP	2026-10-06T23:02:34.5152117Z ##[endgroup]
publish	UNKNOWN STEP	2026-10-06T23:02:34.5154288Z 
publish	UNKNOWN STEP	2026-10-06T23:02:34.5154651Z ##[group]tests/audit-job-retention.test.ts:
publish	UNKNOWN STEP	2026-10-06T23:02:34.8100671Z (pass) retention refuses cleanup when the durable claim journal cannot be read [2.54ms]
publish	UNKNOWN STEP	2026-10-06T23:02:34.8474423Z (pass) retention keeps unresolved goal and held project evidence until their claims settle [37.39ms]
publish	UNKNOWN STEP	2026-10-06T23:02:34.8487649Z (pass) retention: pre-convention finished dirs (no lock, result on file) reap past the window [1.48ms]
publish	UNKNOWN STEP	2026-10-06T23:02:34.8497957Z (pass) retention: lockless UNFINISHED dirs stay ambiguous (interrupted creation) [0.97ms]
publish	UNKNOWN STEP	2026-10-06T23:02:34.8506488Z (pass) retention: corrupt (present-but-unparseable) locks stay ambiguous [0.95ms]
publish	UNKNOWN STEP	2026-10-06T23:02:34.8521419Z (pass) retention: crash before worker ownership reaps only when the parent is dead [1.32ms]
publish	UNKNOWN STEP	2026-10-06T23:02:34.8530733Z (pass) retention: proven-dead workers reap past the window, live pids never reap [1.09ms]
publish	UNKNOWN STEP	2026-10-06T23:02:34.8542911Z (pass) retention: aged lockless dirs with neither request nor result reap as unowned debris [1.18ms]
publish	UNKNOWN STEP	2026-10-06T23:02:34.8551747Z (pass) retention: unowned debris younger than the identity-free floor stays ambiguous [0.90ms]
publish	UNKNOWN STEP	2026-10-06T23:02:34.8570409Z (pass) v0.38.104 retention: a finished result settles a LIVE parent lock (PID reuse no longer pins it) [1.06ms]
publish	UNKNOWN STEP	2026-10-06T23:02:34.8577909Z (pass) v0.38.104 retention: a LIVE parent lock with no result is still ambiguous (unchanged) [0.84ms]
publish	UNKNOWN STEP	2026-10-06T23:02:34.8578581Z 
publish	UNKNOWN STEP	2026-10-06T23:02:34.8579325Z ##[endgroup]
publish	UNKNOWN STEP	2026-10-06T23:02:34.8579537Z 
publish	UNKNOWN STEP	2026-10-06T23:02:34.8579974Z ##[group]tests/model-picker.test.ts:
publish	UNKNOWN STEP	2026-10-06T23:02:35.1396766Z (pass) model-picker items: session row first, manual row last, models sorted by provider/id [0.80ms]
publish	UNKNOWN STEP	2026-10-06T23:02:35.1406170Z (pass) v0.34.118 backup picker: excludes forbidden refs before rendering [0.22ms]
publish	UNKNOWN STEP	2026-10-06T23:02:35.1410114Z (pass) model-picker exclusion honors case-insensitive substring policy entries [0.12ms]
publish	UNKNOWN STEP	2026-10-06T23:02:35.1411558Z (pass) model-picker: typing fuzzy-filters the list; enter returns the highlighted model [1.12ms]
publish	UNKNOWN STEP	2026-10-06T23:02:35.1413035Z (pass) model-picker: slash-token fuzzy match (provider/model style), nav wraps, backspace edits [0.35ms]
publish	UNKNOWN STEP	2026-10-06T23:02:35.1414262Z (pass) model-picker: up/down moves the selection; esc cancels with undefined [0.17ms]
publish	UNKNOWN STEP	2026-10-06T23:02:35.1415544Z (pass) model-picker: selecting the session row clears the override; manual row is the typed escape hatch [0.13ms]
publish	UNKNOWN STEP	2026-10-06T23:02:35.1416760Z (pass) model-picker: render stays within width and shows the filter hint [1.16ms]
publish	UNKNOWN STEP	2026-10-06T23:02:35.1417787Z (pass) model-picker: active model row uses the available width for selection [0.70ms]
publish	UNKNOWN STEP	2026-10-06T23:02:35.1821660Z (pass) v0.29.17 wiring: model-valued settings use the fuzzy picker; unavailable auditor models fall back LOUDLY to the session model [41.30ms]
publish	UNKNOWN STEP	2026-10-06T23:02:35.1864921Z (pass) v0.36.0: auditor thinking inherits the parent dial unless explicitly overridden [4.52ms]
publish	UNKNOWN STEP	2026-10-06T23:02:35.1922894Z (pass) v0.36.0: the auditor chain — pinned primary → ordered fallbacks → session LAST; same-as-session auto-swap [5.58ms]
publish	UNKNOWN STEP	2026-10-06T23:02:35.1962208Z (pass) v0.31.6: same-model swap toggle — default ON, off = same-model audits stand [4.05ms]
publish	UNKNOWN STEP	2026-10-06T23:02:35.2002968Z (pass) v0.31.8: thinking options come from the PICKED MODEL — xhigh/max only when the model maps them [4.05ms]
publish	UNKNOWN STEP	2026-10-06T23:02:35.2004928Z (pass) v0.31.9: fork-bomb lesson is prompt-law — auditor reject-class + executor hard rule [0.28ms]
publish	UNKNOWN STEP	2026-10-06T23:02:35.2026209Z (pass) narrow model pickers bound every rendered line [2.11ms]
publish	UNKNOWN STEP	2026-10-06T23:02:35.2026986Z 
publish	UNKNOWN STEP	2026-10-06T23:02:35.2027636Z ##[endgroup]
publish	UNKNOWN STEP	2026-10-06T23:02:35.2032474Z 
publish	UNKNOWN STEP	2026-10-06T23:02:35.2032916Z ##[group]tests/remaining-next-pairing.test.ts:
publish	UNKNOWN STEP	2026-10-06T23:02:35.4922373Z (pass) pairing: resolving action rides inline under its problem [1.54ms]
publish	UNKNOWN STEP	2026-10-06T23:02:35.4923356Z (pass) pairing: standalone actions stay in ### Next [0.62ms]
publish	UNKNOWN STEP	2026-10-06T23:02:35.4924227Z (pass) pairing: fully paired card omits an empty ### Next [0.33ms]
publish	UNKNOWN STEP	2026-10-06T23:02:35.4940804Z (pass) pairing: unrelated problem and action do not pair [3.24ms]
publish	UNKNOWN STEP	2026-10-06T23:02:35.5300226Z (pass) pairing: Left out never pairs, even on shared words [35.72ms]
publish	UNKNOWN STEP	2026-10-06T23:02:35.5304176Z (pass) pairing: several actions can resolve one problem [0.53ms]
publish	UNKNOWN STEP	2026-10-06T23:02:35.5304806Z 
publish	UNKNOWN STEP	2026-10-06T23:02:35.5305580Z ##[endgroup]
publish	UNKNOWN STEP	2026-10-06T23:02:35.5309277Z 
publish	UNKNOWN STEP	2026-10-06T23:02:35.5310019Z ##[group]tests/waiting-on-subagent-pause.test.ts:
publish	UNKNOWN STEP	2026-10-06T23:02:35.8200226Z (pass) 021655: standby pause does not render 'waiting for manual action' [1.99ms]
publish	UNKNOWN STEP	2026-10-06T23:02:35.8201871Z (pass) 021655: standby pause names the background agent as owner, not manual action [0.88ms]
publish	UNKNOWN STEP	2026-10-06T23:02:35.8203670Z (pass) 021655: standby status line waits instead of demanding action [0.39ms]
publish	UNKNOWN STEP	2026-10-06T23:02:35.8205222Z (pass) v0.38.90: standby reason renders dim (monitoring narration, not a call to action) [0.79ms]
publish	UNKNOWN STEP	2026-10-06T23:02:35.8206660Z (pass) v0.38.90: standby reason caps at 2 wrapped rows like decisions/waits [0.66ms]
publish	UNKNOWN STEP	2026-10-06T23:02:35.8207980Z (pass) 021655: neighboring kinds keep their action rendering [0.71ms]
publish	UNKNOWN STEP	2026-10-06T23:02:35.8209247Z 
publish	UNKNOWN STEP	2026-10-06T23:02:35.8210700Z ##[endgroup]
publish	UNKNOWN STEP	2026-10-06T23:02:35.8211204Z 
publish	UNKNOWN STEP	2026-10-06T23:02:35.8211894Z ##[group]tests/eager-continuation-core.test.ts:
publish	UNKNOWN STEP	2026-10-06T23:02:36.1253415Z (pass) extractPendingTasks: pulls objection bullets, skips evidence (item 22) [0.60ms]
publish	UNKNOWN STEP	2026-10-06T23:02:36.1618168Z (pass) extractPendingTasks: caps at 5 and dedupes [36.22ms]
publish	UNKNOWN STEP	2026-10-06T23:02:36.1619882Z (pass) classifyImpossibleReason: partial vs full (item 23) [0.26ms]
publish	UNKNOWN STEP	2026-10-06T23:02:36.1635716Z (pass) audit-cap branch: aggressiveMode keeps ACTIVE + pendingTasks; OFF pauses (item 24 tests 1-2) [1.64ms]
publish	UNKNOWN STEP	2026-10-06T23:02:36.1642537Z (pass) IMPOSSIBLE branch: aggressive partial continues, full terminalizes (item 24 tests 3-4) [0.68ms]
publish	UNKNOWN STEP	2026-10-06T23:02:36.1643941Z (pass) shouldSuppressHeartbeatForRecentShip: recent ship suppresses, stale does not (item 27) [0.09ms]
publish	UNKNOWN STEP	2026-10-06T23:02:36.1647165Z (pass) heartbeat ship-suppression was removed in v0.26.6 (self-sustaining via ledger mtime) [0.35ms]
publish	UNKNOWN STEP	2026-10-06T23:02:36.1647848Z 
publish	UNKNOWN STEP	2026-10-06T23:02:36.1648320Z ##[endgroup]
publish	UNKNOWN STEP	2026-10-06T23:02:36.1652699Z 
publish	UNKNOWN STEP	2026-10-06T23:02:36.1653455Z ##[group]tests/prompt-disagreement-guidance.test.ts:
publish	UNKNOWN STEP	2026-10-06T23:02:36.4525256Z (pass) continuation prompt has the WHEN THE AUDITOR DISAPPROVES section (item 18) [0.47ms]
publish	UNKNOWN STEP	2026-10-06T23:02:36.4532269Z (pass) disagreement guidance names the audit history as the source [0.08ms]
publish	UNKNOWN STEP	2026-10-06T23:02:36.4532970Z 
publish	UNKNOWN STEP	2026-10-06T23:02:36.4533710Z ##[endgroup]
publish	UNKNOWN STEP	2026-10-06T23:02:36.4533924Z 
publish	UNKNOWN STEP	2026-10-06T23:02:36.4534445Z ##[group]tests/visual-auditor-fresh.test.ts:
publish	UNKNOWN STEP	2026-10-06T23:02:36.7470375Z (pass) isVisualGoal detects UI/screenshot/visual goals [0.33ms]
publish	UNKNOWN STEP	2026-10-06T23:02:36.7479739Z (pass) visual auditor prompt injects fresh native/external capture guidance before verdict [0.55ms]
publish	UNKNOWN STEP	2026-10-06T23:02:36.7481043Z (pass) non-visual goals keep the original prompt without fresh capture [0.28ms]
publish	UNKNOWN STEP	2026-10-06T23:02:36.7482122Z (pass) visual prompt fixture does not assume an external vision command [0.26ms]
publish	UNKNOWN STEP	2026-10-06T23:02:36.7482460Z 
publish	UNKNOWN STEP	2026-10-06T23:02:36.7482806Z ##[endgroup]
publish	UNKNOWN STEP	2026-10-06T23:02:36.7483143Z 
publish	UNKNOWN STEP	2026-10-06T23:02:36.7483712Z ##[group]tests/wait-overdue-backstop.test.ts:
publish	UNKNOWN STEP	2026-10-06T23:02:37.3576065Z (pass) v0.35.28 #16: a wait 30min past its pauseResumeAt is resumed by the heartbeat backstop [311.62ms]
publish	UNKNOWN STEP	2026-10-06T23:02:37.6230972Z (pass) v0.35.28 #16: not-yet-due and already-fired waits do not double-dispatch [265.41ms]
publish	UNKNOWN STEP	2026-10-06T23:02:37.8013444Z (pass) v0.35.28 #16: under the load hold (stock consent-less boot) an overdue wait stays frozen [176.27ms]
publish	UNKNOWN STEP	2026-10-06T23:02:37.8050624Z (pass) v0.35.28 #16: manual /goal resume clears the recovery stamp (user-driven, no notice needed) [5.07ms]
publish	UNKNOWN STEP	2026-10-06T23:02:37.8052646Z (pass) v0.35.28 #16: the pause_goal wait copy is now backed by machinery (source pin) [0.37ms]
publish	UNKNOWN STEP	2026-10-06T23:02:38.0402455Z (pass) v0.35.28 #16: once consent exists on reload, the overdue wait resumes through the backstop [231.37ms]
publish	UNKNOWN STEP	2026-10-06T23:02:38.3442112Z (pass) v0.35.48: the backstop stays parked during a session handoff window [307.55ms]
publish	UNKNOWN STEP	2026-10-06T23:02:38.5501781Z (pass) v0.35.48: an agent-authored wait stays parked while main-model recovery is active [205.45ms]
publish	UNKNOWN STEP	2026-10-06T23:02:38.5503268Z (pass) v0.35.48: the backstop's dispatch-surface gates sit before the one-shot latch [0.48ms]
publish	UNKNOWN STEP	2026-10-06T23:02:38.5503921Z 
publish	UNKNOWN STEP	2026-10-06T23:02:38.5504383Z ##[endgroup]
publish	UNKNOWN STEP	2026-10-06T23:02:38.5506376Z 
publish	UNKNOWN STEP	2026-10-06T23:02:38.5507040Z ##[group]tests/impossible-list-drop.test.ts:
publish	UNKNOWN STEP	2026-10-06T23:02:39.2685703Z (pass) rule: blocked + no resume path on a /list item → auto-dropped (ledgered) and the queue advances [416.71ms]
publish	UNKNOWN STEP	2026-10-06T23:02:39.6297462Z (pass) guard: blocked WITH a resume path stays paused — never overridden [361.18ms]
publish	UNKNOWN STEP	2026-10-06T23:02:39.9871748Z (pass) guard: blocked + no resume path on a plain GOAL is not a list drop [357.42ms]
publish	UNKNOWN STEP	2026-10-06T23:02:40.4053924Z (pass) last item: drop still ledgered, list goes empty, no advance possible [418.20ms]
publish	UNKNOWN STEP	2026-10-06T23:02:41.1930440Z (pass) full auditor IMPOSSIBLE result is terminalized with a durable recap and notification [787.58ms]
publish	UNKNOWN STEP	2026-10-06T23:02:41.7355044Z (pass) stored-claim full IMPOSSIBLE retry also terminalizes with its recap [542.52ms]
publish	UNKNOWN STEP	2026-10-06T23:02:41.9260236Z (pass) loop hold: drop ledgered but NO advance while a loop owns the surface [190.38ms]
publish	UNKNOWN STEP	2026-10-06T23:02:41.9260908Z 
publish	UNKNOWN STEP	2026-10-06T23:02:41.9261404Z ##[endgroup]
publish	UNKNOWN STEP	2026-10-06T23:02:41.9263307Z 
publish	UNKNOWN STEP	2026-10-06T23:02:41.9263815Z ##[group]tests/display.test.ts:
publish	UNKNOWN STEP	2026-10-06T23:02:42.2988295Z (pass) fmtElapsed [34.24ms]
publish	UNKNOWN STEP	2026-10-06T23:02:42.3002709Z (pass) fmtTokens [0.05ms]
publish	UNKNOWN STEP	2026-10-06T23:02:42.3003022Z (pass) truncate [0.17ms]
publish	UNKNOWN STEP	2026-10-06T23:02:42.3003558Z (pass) D6: the clause-cut floor scales with the budget instead of pinning at 16 [0.38ms]
publish	UNKNOWN STEP	2026-10-06T23:02:42.3004197Z (pass) D10: fmtElapsed clamps non-finite input to zero [0.06ms]
publish	UNKNOWN STEP	2026-10-06T23:02:42.3007573Z (pass) display projections remove terminal and zero-width control characters without changing stored state [1.37ms]
publish	UNKNOWN STEP	2026-10-06T23:02:42.3009431Z (pass) empty state → undefined (segment cleared) [0.17ms]
publish	UNKNOWN STEP	2026-10-06T23:02:42.3010745Z (pass) active goal shows a compact state capsule (elapsed lives on the card) [0.20ms]
publish	UNKNOWN STEP	2026-10-06T23:02:42.3012725Z (pass) version tail rides the status on every branch (field 20260909_161057) [0.19ms]
publish	UNKNOWN STEP	2026-10-06T23:02:42.3014999Z (pass) monitoring intent never substitutes for runtime evidence [0.17ms]
publish	UNKNOWN STEP	2026-10-06T23:02:42.3018644Z (pass) repair cards show the preserved target and the concrete one-turn recovery [0.34ms]
publish	UNKNOWN STEP	2026-10-06T23:02:42.3024633Z (pass) repair cards with a sent bootstrap show the explicit retry action [0.24ms]
publish	UNKNOWN STEP	2026-10-06T23:02:42.3026582Z (pass) active status does not make first-turn or long-idle gaps look green [0.57ms]
publish	UNKNOWN STEP	2026-10-06T23:02:42.3033130Z (pass) stream-proven work uses one compact status-bar HUD; the card stays quiet [0.62ms]
publish	UNKNOWN STEP	2026-10-06T23:02:42.3035528Z (pass) v0.34.95: queued + parked recovery surfaces 'parked on provider recovery' on the status line [0.24ms]
publish	UNKNOWN STEP	2026-10-06T23:02:42.3037287Z (pass) v0.34.95: queued WITHOUT a parked recovery does NOT show quota text (no false signal) [0.12ms]
publish	UNKNOWN STEP	2026-10-06T23:02:42.3039468Z (pass) v0.34.95: parked recovery on a WORKING goal does NOT show quota text (only queued needs the WHY) [0.15ms]
publish	UNKNOWN STEP	2026-10-06T23:02:42.3044182Z (pass) v0.34.97: status line shows '⏳ compacting…' during the post-compaction grace window [0.14ms]
publish	UNKNOWN STEP	2026-10-06T23:02:42.3045570Z (pass) v0.34.97: compacting chip is GONE after the 3-minute grace window [0.09ms]
publish	UNKNOWN STEP	2026-10-06T23:02:42.3046693Z (pass) v0.34.97: no compacting chip when lastCompactionAt is absent [0.08ms]
publish	UNKNOWN STEP	2026-10-06T23:02:42.3061112Z (pass) head owns liveness: WORKING status is static, the head carries the animated signal [0.14ms]
publish	UNKNOWN STEP	2026-10-06T23:02:42.3062747Z (pass) WORKING badge keeps semantic colors without decorative noise [0.21ms]
publish	UNKNOWN STEP	2026-10-06T23:02:42.3069534Z (pass) active goal with tasks shows progress [0.15ms]
publish	UNKNOWN STEP	2026-10-06T23:02:42.3070633Z (pass) stale interrupted goal is visibly orphaned, not normally active [0.38ms]
publish	UNKNOWN STEP	2026-10-06T23:02:42.3072777Z (pass) accepted continuation without a turn-start proof is not mislabeled as a lost host session [0.27ms]
publish	UNKNOWN STEP	2026-10-06T23:02:42.3074205Z (pass) lifecycle interruption keeps durable auditor disapproval feedback visible [1.19ms]
publish	UNKNOWN STEP	2026-10-06T23:02:42.3075242Z (pass) widget truncation is width-aware (v0.22.2) [0.58ms]
publish	UNKNOWN STEP	2026-10-06T23:02:42.3084891Z (pass) audit 2026-09-07: worker rows splice before the auditor block, never inside it [0.95ms]
publish	UNKNOWN STEP	2026-10-06T23:02:42.3101951Z (pass) widget lines reserve pi-tui's horizontal padding [0.54ms]
publish	UNKNOWN STEP	2026-10-06T23:02:42.3103688Z (pass) list policy footer: queued count, no duplicated 'list' [0.21ms]
publish	UNKNOWN STEP	2026-10-06T23:02:42.3104795Z (pass) goal policy footer says 'N queued' (v0.28.11 U10 — was the cryptic 'list N') [0.11ms]
publish	UNKNOWN STEP	2026-10-06T23:02:42.3105503Z (pass) widget names a list item as such and points at /list, not /goal [0.26ms]
publish	UNKNOWN STEP	2026-10-06T23:02:42.3106214Z (pass) long-running list card shows a truthful queue trail and immediate next item [0.23ms]
publish	UNKNOWN STEP	2026-10-06T23:02:42.3106836Z (pass) widget list item, last in queue: no '0 queued' [0.37ms]
publish	UNKNOWN STEP	2026-10-06T23:02:42.3107683Z (pass) widget goal policy keeps /goal status hint + list N prefix [0.15ms]
publish	UNKNOWN STEP	2026-10-06T23:02:42.3108447Z (pass) paused shows the reason [0.23ms]
publish	UNKNOWN STEP	2026-10-06T23:02:42.3109946Z (pass) runtime activity projection scopes goals and active loops to their own start boundary [0.18ms]
publish	UNKNOWN STEP	2026-10-06T23:02:42.3114661Z (pass) paused lifecycle projection names owner, queue, last activity, and next transition [0.45ms]
publish	UNKNOWN STEP	2026-10-06T23:02:42.3118192Z (pass) active/in-flight main-model recovery uses one compact card row [0.35ms]
publish	UNKNOWN STEP	2026-10-06T23:02:42.3121986Z (pass) standalone main-model recovery remains visible when no goal is active [0.36ms]
publish	UNKNOWN STEP	2026-10-06T23:02:42.3125784Z (pass) loop recovery remains visible while the loop is parked [0.34ms]
publish	UNKNOWN STEP	2026-10-06T23:02:42.3129494Z (pass) passed provider retryAt stays parked until recovery state clears [0.33ms]
publish	UNKNOWN STEP	2026-10-06T23:02:42.3136778Z (pass) paused decision without activity says no turn was observed and names the manual path [0.55ms]
publish	UNKNOWN STEP	2026-10-06T23:02:42.3147740Z (pass) v0.38.70: paused action card leads with the action, history rides after (field 20260920_152744) [1.25ms]
publish	UNKNOWN STEP	2026-10-06T23:02:42.3150678Z (pass) auditing keeps the footer compact while the widget shows the auditor's current tool [0.27ms]
publish	UNKNOWN STEP	2026-10-06T23:02:42.3161416Z (pass) v0.34.89: completed goal shows a dim one-line summary instead of a loud status claim [0.15ms]
publish	UNKNOWN STEP	2026-10-06T23:02:42.3162986Z (pass) v0.34.89: completed goal widget is ONE dim summary line (objective + duration, no verdict card) [0.16ms]
publish	UNKNOWN STEP	2026-10-06T23:02:42.3164568Z (pass) v0.34.91: completed goal summary shows the agent's completion recap, not the objective echo [0.29ms]
publish	UNKNOWN STEP	2026-10-06T23:02:42.3166072Z (pass) completed-goal TUI card shows the human outcome without technical recap labels [0.17ms]
publish	UNKNOWN STEP	2026-10-06T23:02:42.3167417Z (pass) v0.34.91: whitespace-only completion summary falls back to the objective [0.06ms]
publish	UNKNOWN STEP	2026-10-06T23:02:42.3168709Z (pass) v0.34.89: aborted goal summary names the reason + duration on one line [0.16ms]
publish	UNKNOWN STEP	2026-10-06T23:02:42.3170746Z (pass) v0.34.89: completed goal without a verdict does not fabricate one on the summary [0.12ms]
publish	UNKNOWN STEP	2026-10-06T23:02:42.3171891Z (pass) active loop shows iteration + best + stall [0.14ms]
publish	UNKNOWN STEP	2026-10-06T23:02:42.3173016Z (pass) active loop status names evidence-backed working, waiting, and idle states [0.24ms]
publish	UNKNOWN STEP	2026-10-06T23:02:42.3174784Z (pass) v0.29.15 — audit-loop widget names the metric instead of showing the raw grep ("that weird line") [0.16ms]
publish	UNKNOWN STEP	2026-10-06T23:02:42.3176140Z (pass) widget: nothing supervised → undefined [0.04ms]
publish	UNKNOWN STEP	2026-10-06T23:02:42.3177183Z (pass) widget: goal lines include objective, status, tokens, no footer [0.35ms]
publish	UNKNOWN STEP	2026-10-06T23:02:42.3178277Z (pass) widget: paused goal shows reason + suggestion [0.26ms]
publish	UNKNOWN STEP	2026-10-06T23:02:42.3179566Z (pass) widget: auditing shows auditor progress [0.41ms]
publish	UNKNOWN STEP	2026-10-06T23:02:42.3183693Z (pass) widget: interrupted completion claims render the named recovery-needed lifecycle, not auditor-running [0.41ms]
publish	UNKNOWN STEP	2026-10-06T23:02:42.3191430Z (pass) widget: a durable running claim without observed progress names its durable state [0.31ms]
publish	UNKNOWN STEP	2026-10-06T23:02:42.3195724Z (pass) auditor progress phases are explicit and retain worker activity [0.83ms]
publish	UNKNOWN STEP	2026-10-06T23:02:42.3198063Z (pass) worker-timeout display demotes stale progress to quiet without claiming LIVE [0.27ms]
publish	UNKNOWN STEP	2026-10-06T23:02:42.3205819Z (pass) detached auditor keeps compact footer liveness and detailed widget evidence without pausing MAIN [0.69ms]
publish	UNKNOWN STEP	2026-10-06T23:02:42.3222284Z (pass) detached auditor elapsed time keeps ticking between worker progress events [0.27ms]
publish	UNKNOWN STEP	2026-10-06T23:02:42.3223806Z (pass) detached recent auditor output is sanitized in live and awaiting-verdict widget paths [0.51ms]
publish	UNKNOWN STEP	2026-10-06T23:02:42.3225539Z (pass) v0.34.86: silent audits show a fine phase label (thinking… / writing report…) [0.27ms]
publish	UNKNOWN STEP	2026-10-06T23:02:42.3226934Z (pass) v0.34.86: silent audits show a report byte-counter instead of a dead timer [0.22ms]
publish	UNKNOWN STEP	2026-10-06T23:02:42.3228284Z (pass) v0.34.86: auditorProgressSignals off restores the plain timer-only card [0.42ms]
publish	UNKNOWN STEP	2026-10-06T23:02:42.3229862Z (pass) v0.34.86: live tail (auditorSilent off) is unaffected by the byte counter [0.24ms]
publish	UNKNOWN STEP	2026-10-06T23:02:42.3231413Z (pass) H-code: HUD liveness gate rejects clock-skewed lastActivityAt (future timestamps must not claim LIVE) [0.41ms]
publish	UNKNOWN STEP	2026-10-06T23:02:42.3239558Z (pass) auditor widget shows concrete worker observations without exposing think blocks [0.93ms]
publish	UNKNOWN STEP	2026-10-06T23:02:42.3249195Z (pass) v0.34.119: repeated auditor tool telemetry does not render a tool-name history [0.29ms]
publish	UNKNOWN STEP	2026-10-06T23:02:42.3250796Z (pass) v0.34.66: auditor stream is SILENT by default — no live tail, muted note instead [0.21ms]
publish	UNKNOWN STEP	2026-10-06T23:02:42.3252057Z (pass) v0.34.66: at the verdict the FINAL report shows even when silent [0.58ms]
publish	UNKNOWN STEP	2026-10-06T23:02:42.3260095Z (pass) v0.38.55: no spacer row between observations and the card footer (Screenshot 20260914) [0.59ms]
publish	UNKNOWN STEP	2026-10-06T23:02:42.3261741Z (pass) v0.38.55: no spacer is invented when there is no worker text [0.23ms]
publish	UNKNOWN STEP	2026-10-06T23:02:42.3265942Z (pass) v0.34.56: unmatched tool-event counts render ONLY with evidence (never a zero-fact observation) [0.74ms]
publish	UNKNOWN STEP	2026-10-06T23:02:42.3269473Z (pass) stale auditor snapshots show the last tool, not a fake current tool [0.26ms]
publish	UNKNOWN STEP	2026-10-06T23:02:42.3272919Z (pass) auditor startup does not claim worker activity before the first RPC event [0.23ms]
publish	UNKNOWN STEP	2026-10-06T23:02:42.3275906Z (pass) widget: loop lines include measure + metric state [0.23ms]
publish	UNKNOWN STEP	2026-10-06T23:02:42.3280289Z (pass) held loop alone → status segment + widget card (before: BOTH vanished) [0.29ms]
publish	UNKNOWN STEP	2026-10-06T23:02:42.3284942Z (pass) held loop + paused goal → both visible (status suffix + widget trailing line) [0.29ms]
publish	UNKNOWN STEP	2026-10-06T23:02:42.3286242Z (pass) held loop + active goal → status suffix present [0.08ms]
publish	UNKNOWN STEP	2026-10-06T23:02:42.3287705Z (pass) v0.34.89: held loop + completed goal → dim summary shows, held loop stays visible via suffix [0.10ms]
publish	UNKNOWN STEP	2026-10-06T23:02:42.3300972Z (pass) active loop unchanged; stopped loop stays invisible [0.14ms]
publish	UNKNOWN STEP	2026-10-06T23:02:42.3302135Z (pass) decision pause: banner + numbered options + recommended flagged (widget + status) [0.47ms]
publish	UNKNOWN STEP	2026-10-06T23:02:42.3303654Z (pass) v0.38.71: decision card renders the action before the options (field UI-SURVEY-2026-09-20) [0.44ms]
publish	UNKNOWN STEP	2026-10-06T23:02:42.3305035Z (pass) error pause: ACTION NEEDED banner, action line popped (widget + status) [0.30ms]
publish	UNKNOWN STEP	2026-10-06T23:02:42.3306322Z (pass) active auditor infrastructure failure is visible as blocked, not green progress [0.40ms]
publish	UNKNOWN STEP	2026-10-06T23:02:42.3310104Z (pass) v0.34.87: paused auditor no-verdict is parked, not host-bearing (surface separation) [0.46ms]
publish	UNKNOWN STEP	2026-10-06T23:02:42.3311804Z (pass) v0.34.87: a paused LIST item's parked line names /list resume and the queue [0.28ms]
publish	UNKNOWN STEP	2026-10-06T23:02:42.3319668Z (pass) MAIN activity is never represented as detached — the detached marker belongs only to the live auditor badge [0.34ms]
publish	UNKNOWN STEP	2026-10-06T23:02:42.3321556Z (pass) v0.34.57: MAIN host label is pinned to SUPERVISING by the MAIN_HOST_LABEL constant guard [0.44ms]
publish	UNKNOWN STEP	2026-10-06T23:02:42.3327502Z (pass) active auditor verdicts never masquerade as infrastructure no-verdict [0.74ms]
publish	UNKNOWN STEP	2026-10-06T23:02:42.3332977Z (pass) provider payloads stay out of durable disapproval widget feedback [0.54ms]
publish	UNKNOWN STEP	2026-10-06T23:02:42.3336952Z (pass) v0.34.64: retry-class pause shows uniform auto-retrying countdown; no QUOTA WALL anywhere [0.38ms]
publish	UNKNOWN STEP	2026-10-06T23:02:42.3340418Z (pass) v0.34.64: ambiguous (transient 503) recovery is shown with the same auto-retrying badge — no special 'wall' label [0.26ms]
publish	UNKNOWN STEP	2026-10-06T23:02:42.3344349Z (pass) v0.34.102: paused goal parked on mainModelRecovery renders as RECOVERING, not paused (widget head + card) [0.40ms]
publish	UNKNOWN STEP	2026-10-06T23:02:42.3345999Z (pass) v0.34.102: wait pause WITHOUT mainModelRecovery keeps the uniform auto-retrying shape [0.23ms]
publish	UNKNOWN STEP	2026-10-06T23:02:42.3375404Z (pass) v0.34.64: 24h horizon holds render as a paused card with the suggested action; no manual-resume wording [2.76ms]
publish	UNKNOWN STEP	2026-10-06T23:02:42.3380742Z (pass) main-model recovery manual hold does not claim a non-quota block [0.48ms]
publish	UNKNOWN STEP	2026-10-06T23:02:42.3384281Z (pass) blocked card carries one directive: timer names itself, otherwise resume [0.50ms]
publish	UNKNOWN STEP	2026-10-06T23:02:42.3386221Z (pass) v0.34.51: a passed quota resumeAt says resuming…, never the old 'retrying now' [0.21ms]
publish	UNKNOWN STEP	2026-10-06T23:02:42.3389441Z (pass) legacy pause (no kind): flat card unchanged; error-regex still classifies the status line [0.25ms]
publish	UNKNOWN STEP	2026-10-06T23:02:42.3392838Z (pass) v0.28.30: the widget card status line ALWAYS names the type (goal · / list item ·) [0.36ms]
publish	UNKNOWN STEP	2026-10-06T23:02:42.3447578Z (pass) v0.33.0: slim card — meter rounding guard, folded status segments, last-action line [5.34ms]
publish	UNKNOWN STEP	2026-10-06T23:02:42.3452006Z (pass) v0.38.27: widget task count — a closed parent covers its subtasks (ported from Bjynt's PR #45) [0.52ms]
publish	UNKNOWN STEP	2026-10-06T23:02:42.3496005Z (pass) v0.33.1: audit-batch — sanitize, head fits width, last restored, flag lifecycle [4.38ms]
publish	UNKNOWN STEP	2026-10-06T23:02:42.3536775Z (pass) v0.33.2: loop proactiveness + respec machinery [4.08ms]
publish	UNKNOWN STEP	2026-10-06T23:02:42.3538531Z (pass) v0.34.100: auditorSilent default is on in settings (every session model) [0.16ms]
publish	UNKNOWN STEP	2026-10-06T23:02:42.3578328Z (pass) v0.34.100: auditorSilent plumbing threads the loaded setting through extras [3.89ms]
publish	UNKNOWN STEP	2026-10-06T23:02:42.3616201Z (pass) v0.36.2: live UI repaint has a bounded cadence and diff guard [3.80ms]
publish	UNKNOWN STEP	2026-10-06T23:02:42.3622708Z (pass) v0.34.100: silent-default widget renders muted for ANY session model [0.64ms]
publish	UNKNOWN STEP	2026-10-06T23:02:42.3679187Z (pass) v0.34.96/v0.34.128: complete_goal detects 'already shipped' / 'verified vX covers this' / 'no new work shipped' — version-bearing aborts, version-less routes to the audit (SRC-pinned in display.test.ts) [5.44ms]
publish	UNKNOWN STEP	2026-10-06T23:02:42.3681561Z (pass) audit-2026-09-07: widget worker rows render bare glyph-first, no `agent: ` prefix [0.35ms]
publish	UNKNOWN STEP	2026-10-06T23:02:42.3683399Z (pass) audit-2026-09-06: status line honors the width budget [0.32ms]
publish	UNKNOWN STEP	2026-10-06T23:02:42.3692925Z (pass) audit-2026-09-06: truncate/wrap are cell-aware (CJK/emoji + surrogate-safe) [0.89ms]
publish	UNKNOWN STEP	2026-10-06T23:02:42.3694211Z (pass) version tail rides the paused branch too, not just active [0.15ms]
publish	UNKNOWN STEP	2026-10-06T23:02:42.3694767Z 
publish	UNKNOWN STEP	2026-10-06T23:02:42.3695122Z ##[endgroup]
publish	UNKNOWN STEP	2026-10-06T23:02:42.3699725Z 
publish	UNKNOWN STEP	2026-10-06T23:02:42.3700126Z ##[group]tests/durable-wait.test.mjs:
publish	UNKNOWN STEP	2026-10-06T23:02:42.8091683Z (pass) durable wait succeeds before its deadline and reports elapsed polling [149.39ms]
publish	UNKNOWN STEP	2026-10-06T23:02:42.8102155Z (pass) durable wait returns a real timeout instead of treating elapsed time as success [1.29ms]
publish	UNKNOWN STEP	2026-10-06T23:02:42.8104295Z (pass) a late done observation after the deadline is a timeout, not success [0.22ms]
publish	UNKNOWN STEP	2026-10-06T23:02:42.8116245Z (pass) archive-count waits use the same durable deadline and return the observed count [1.17ms]
publish	UNKNOWN STEP	2026-10-06T23:02:42.8127667Z (pass) a restarted waiter observes the same durable file without an old timer [1.12ms]
publish	UNKNOWN STEP	2026-10-06T23:02:42.8137478Z (pass) provider recovery is a terminal reason, never a false approval or timeout [0.85ms]
publish	UNKNOWN STEP	2026-10-06T23:02:42.8141584Z (pass) smoke harness uses the durable wait CLI for durable outcomes [0.50ms]
publish	UNKNOWN STEP	2026-10-06T23:02:42.8142420Z 
publish	UNKNOWN STEP	2026-10-06T23:02:42.8143088Z ##[endgroup]
publish	UNKNOWN STEP	2026-10-06T23:02:42.8146215Z 
publish	UNKNOWN STEP	2026-10-06T23:02:42.8146665Z ##[group]tests/pending-latch.test.ts:
publish	UNKNOWN STEP	2026-10-06T23:02:43.1071006Z (pass) watchdog fires on the field-observed shape: supervising + idle + pending + no timers + silent >= threshold [0.24ms]
publish	UNKNOWN STEP	2026-10-06T23:02:43.1073270Z (pass) watchdog does NOT fire when any guard fails [0.09ms]
publish	UNKNOWN STEP	2026-10-06T23:02:43.1101408Z (pass) threshold is 3 minutes (post-compaction settle is 2s; legit queue latency is seconds) [0.03ms]
publish	UNKNOWN STEP	2026-10-06T23:02:43.1130503Z (pass) heartbeat wiring: idle/pending split, watchdog branch, ledger event, wedge uses !idle, shared escalation [0.86ms]
publish	UNKNOWN STEP	2026-10-06T23:02:43.1160517Z (pass) the exact 'ℹ todo 0' junk line (enqueued as a /list item by the 0.26.2 reviewer) never classifies [0.26ms]
publish	UNKNOWN STEP	2026-10-06T23:02:43.1183540Z 
publish	UNKNOWN STEP	2026-10-06T23:02:43.1209844Z ##[endgroup]
publish	UNKNOWN STEP	2026-10-06T23:02:43.1210284Z 
publish	UNKNOWN STEP	2026-10-06T23:02:43.1228097Z ##[group]tests/context-checkpoint.test.ts:
publish	UNKNOWN STEP	2026-10-06T23:02:43.7061552Z (pass) authoritative checkpoint carries stable state only — no dynamic fields [29.44ms]
publish	UNKNOWN STEP	2026-10-06T23:02:43.7098209Z (pass) real continuation payload growth is bounded after checkpoint projection [3.79ms]
publish	UNKNOWN STEP	2026-10-06T23:02:43.7100037Z (pass) projection removes old goal events, inserts one checkpoint, and keeps newest payload [0.27ms]
publish	UNKNOWN STEP	2026-10-06T23:02:43.7101734Z (pass) one goal event is a no-op and does not inject a checkpoint [0.11ms]
publish	UNKNOWN STEP	2026-10-06T23:02:43.7102744Z (pass) zero-retention mode resynchronizes from the checkpoint without retaining payloads [0.09ms]
publish	UNKNOWN STEP	2026-10-06T23:02:43.7125626Z (pass) loop-only projection bounds repeated payloads and carries loop authority [0.88ms]
publish	UNKNOWN STEP	2026-10-06T23:02:43.7127440Z (pass) loop checkpoint is byte-stable across volatile loop progress (prefix-cache stability) [0.40ms]
publish	UNKNOWN STEP	2026-10-06T23:02:43.7160877Z (pass) context hook projects loop-only state and records loop authority [4.48ms]
publish	UNKNOWN STEP	2026-10-06T23:02:43.7173056Z (pass) paused goal plus active loop preserves both authorities in the checkpoint [1.21ms]
publish	UNKNOWN STEP	2026-10-06T23:02:43.7181388Z (pass) oversized paused goal plus active loop reserves required checkpoint fields [0.86ms]
publish	UNKNOWN STEP	2026-10-06T23:02:43.7192793Z (pass) context hook uses current durable state and records the projection [1.00ms]
publish	UNKNOWN STEP	2026-10-06T23:02:43.7194152Z (pass) audit-2026-09-06: marker text without customType is content, never control plane [0.23ms]
publish	UNKNOWN STEP	2026-10-06T23:02:43.7200470Z (pass) v0.38.54: context hook leaves the transcript alone by default (prefix-cache continuity) [0.59ms]
publish	UNKNOWN STEP	2026-10-06T23:02:43.7203377Z (pass) v0.38.54: junk contextCheckpointProjection normalizes to unset (default off) [0.32ms]
publish	UNKNOWN STEP	2026-10-06T23:02:43.7214882Z (pass) v0.38.54: settings menu carries the opt-in row, off by default [1.16ms]
publish	UNKNOWN STEP	2026-10-06T23:02:43.7215648Z 
publish	UNKNOWN STEP	2026-10-06T23:02:43.7216375Z ##[endgroup]
publish	UNKNOWN STEP	2026-10-06T23:02:43.7220512Z 
publish	UNKNOWN STEP	2026-10-06T23:02:43.7221244Z ##[group]tests/command-registration-collisions.test.ts:
publish	UNKNOWN STEP	2026-10-06T23:02:44.0215890Z (pass) v0.34.55: model — a collided name is suffixed for EVERY registrant; the bare name becomes unowned [0.51ms]
publish	UNKNOWN STEP	2026-10-06T23:02:44.0227088Z (pass) v0.34.55: model — within-extension re-registration is last-wins (Map.set), no self-collision [0.12ms]
publish	UNKNOWN STEP	2026-10-06T23:02:44.0227975Z (pass) v0.34.138: routing scan follows local imports and keeps winner paths portable [1.72ms]
publish	UNKNOWN STEP	2026-10-06T23:02:44.0229559Z (pass) v0.34.55: live rig — the routing table records duplicate-command routing and identifies the winning registration [1.06ms]
publish	UNKNOWN STEP	2026-10-06T23:02:44.0570107Z (pass) v0.35.47: every handled /list and /loop subcommand has a completion entry [34.11ms]
publish	UNKNOWN STEP	2026-10-06T23:02:44.0573287Z (pass) every canonical /glla action is discoverable in completions [0.51ms]
publish	UNKNOWN STEP	2026-10-06T23:02:44.0577817Z (pass) every handled /goal subcommand has a completion entry [0.44ms]
publish	UNKNOWN STEP	2026-10-06T23:02:44.0578322Z 
publish	UNKNOWN STEP	2026-10-06T23:02:44.0578992Z ##[endgroup]
publish	UNKNOWN STEP	2026-10-06T23:02:44.0582926Z 
publish	UNKNOWN STEP	2026-10-06T23:02:44.0584203Z ##[group]tests/long-term-preferences-boundary.test.ts:
publish	UNKNOWN STEP	2026-10-06T23:02:44.3560217Z (pass) continuation prompt has no auto-injected preference section [0.40ms]
publish	UNKNOWN STEP	2026-10-06T23:02:44.4002600Z (pass) no extension auto-prefers a remembered prose value [46.36ms]
publish	UNKNOWN STEP	2026-10-06T23:02:44.4006632Z (pass) Settings has no opaque free-form text field (typed boundary) [0.55ms]
publish	UNKNOWN STEP	2026-10-06T23:02:44.4099773Z (pass) saveSettings is the only writer to the settings JSON files [9.26ms]
publish	UNKNOWN STEP	2026-10-06T23:02:44.4101487Z (pass) goal-settings.ts header documents the long-term-preferences policy [0.21ms]
publish	UNKNOWN STEP	2026-10-06T23:02:44.4102053Z 
publish	UNKNOWN STEP	2026-10-06T23:02:44.4102526Z ##[endgroup]
publish	UNKNOWN STEP	2026-10-06T23:02:44.4107314Z 
publish	UNKNOWN STEP	2026-10-06T23:02:44.4108162Z ##[group]tests/load-without-autostart.test.ts:
publish	UNKNOWN STEP	2026-10-06T23:02:45.5235358Z (pass) v0.35.23: DEFAULT cold load restores + displays a pending goal but sends NOTHING and arms NO automation [815.81ms]
publish	UNKNOWN STEP	2026-10-06T23:02:46.0532876Z (pass) v0.35.23: DEFAULT cold load HELDS a persisted live loop instead of resuming its ticks [529.60ms]
publish	UNKNOWN STEP	2026-10-06T23:02:46.4993426Z (pass) v0.35.23: explicit autoResume:true restores load-time automation (opt-in = today's behavior) [446.21ms]
publish	UNKNOWN STEP	2026-10-06T23:02:47.1697798Z (pass) v0.35.23: /goal resume releases the load hold and re-arms automation [670.50ms]
publish	UNKNOWN STEP	2026-10-06T23:02:48.1292376Z [run-tests] progress: 480s elapsed · 1s since last output · 258 KiB of suite output
publish	UNKNOWN STEP	2026-10-06T23:02:48.8208066Z (pass) v0.38.96: /glla resume releases the load hold BEFORE the manual-recovery probe (field 2026-09-23) [1650.77ms]
publish	UNKNOWN STEP	2026-10-06T23:02:49.3494357Z (pass) v0.38.96: /loop resume releases the load hold BEFORE the manual-recovery probe [528.79ms]
publish	UNKNOWN STEP	2026-10-06T23:02:49.8015215Z (pass) v0.35.23: /list next also releases the hold and starts the queued head [452.02ms]
publish	UNKNOWN STEP	2026-10-06T23:02:50.1552433Z (pass) completed project receipt does not create or retain a load hold (legacy=false) [353.72ms]
publish	UNKNOWN STEP	2026-10-06T23:02:50.4757846Z (pass) completed project receipt does not create or retain a load hold (legacy=true) [320.54ms]
publish	UNKNOWN STEP	2026-10-06T23:02:50.7863864Z (pass) terminal receipt restore preserves an explicit supervisor pause [310.64ms]
publish	UNKNOWN STEP	2026-10-06T23:02:51.1037956Z (pass) a completed project beside a waiting queue still holds the unfinished queue [317.31ms]
publish	UNKNOWN STEP	2026-10-06T23:02:51.1105879Z (pass) terminal-only blank startup does not advertise work to resume [6.53ms]
publish	UNKNOWN STEP	2026-10-06T23:02:51.1106295Z 
publish	UNKNOWN STEP	2026-10-06T23:02:51.1106848Z ##[endgroup]
publish	UNKNOWN STEP	2026-10-06T23:02:51.1108193Z 
publish	UNKNOWN STEP	2026-10-06T23:02:51.1108605Z ##[group]tests/test-runner-lifecycle.test.ts:
publish	UNKNOWN STEP	2026-10-06T23:02:51.7938276Z (pass) runner propagates failing exit even when both pipes close before the child exits [385.60ms]
publish	UNKNOWN STEP	2026-10-06T23:02:51.9054473Z (pass) runner fails on SIGINT even when its child cooperatively exits zero [111.63ms]
publish	UNKNOWN STEP	2026-10-06T23:02:52.0329655Z (pass) runner fails on SIGTERM even when its child cooperatively exits zero [127.41ms]
publish	UNKNOWN STEP	2026-10-06T23:02:57.1810913Z (pass) runner escalates a child that ignores TERM and still reports interruption [5148.19ms]
publish	UNKNOWN STEP	2026-10-06T23:02:57.8562353Z (pass) runner reaps a TERM-ignoring group descendant after normal leader exit [675.16ms]
publish	UNKNOWN STEP	2026-10-06T23:02:57.9987625Z (pass) runner reaps a TERM-ignoring group descendant after signal leader exit [142.41ms]
publish	UNKNOWN STEP	2026-10-06T23:02:59.4798105Z (pass) runner reaps a registered detached worker and its TERM-ignoring descendant on normal exit [1481.08ms]
publish	UNKNOWN STEP	2026-10-06T23:03:00.7463575Z (pass) runner reaps a registered detached worker and its TERM-ignoring descendant on signal exit [1266.53ms]
publish	UNKNOWN STEP	2026-10-06T23:03:00.7528570Z (pass) registry refuses to signal a record naming a reused leader identity [6.50ms]
publish	UNKNOWN STEP	2026-10-06T23:03:00.8676321Z (pass) runner refuses a green suite after a swallowed primary registration write failure [114.63ms]
publish	UNKNOWN STEP	2026-10-06T23:03:01.0138573Z (pass) runner refuses a green suite after a swallowed obligation registration write failure [146.24ms]
publish	UNKNOWN STEP	2026-10-06T23:03:01.1635147Z (pass) parent runner fails after swallowed initial identity denial and restored reads [149.68ms]
publish	UNKNOWN STEP	2026-10-06T23:03:01.2412156Z (pass) runner retains cleanup evidence when its own initial registration refuses [77.63ms]
publish	UNKNOWN STEP	2026-10-06T23:03:01.2412659Z 
publish	UNKNOWN STEP	2026-10-06T23:03:01.2413035Z ##[endgroup]
publish	UNKNOWN STEP	2026-10-06T23:03:01.2697130Z 
publish	UNKNOWN STEP	2026-10-06T23:03:01.2698145Z ##[group]tests/loop-error-exemption.test.ts:
publish	UNKNOWN STEP	2026-10-06T23:03:02.1724808Z (pass) v0.29.19: provider-error turns are NOT iterations — no measure, no stall, no stuck; loop stays active [592.67ms]
publish	UNKNOWN STEP	2026-10-06T23:03:03.2439444Z (pass) v0.35.x: repeated in-band provider tool output parks recovery without loop stuck accounting [1071.51ms]
publish	UNKNOWN STEP	2026-10-06T23:03:03.5464053Z (pass) explicit in-band prompt-policy refusal stops a loop on its first pane [302.48ms]
publish	UNKNOWN STEP	2026-10-06T23:03:04.0924146Z (pass) v0.29.19: a real turn after errors clears the streak and measures normally [545.78ms]
publish	UNKNOWN STEP	2026-10-06T23:03:04.0925991Z (pass) v0.35.x: recoverable provider failures use the same durable recovery envelope [0.21ms]
publish	UNKNOWN STEP	2026-10-06T23:03:05.2526071Z (pass) v0.34.31: extended quota errors enter durable main-model recovery [1160.08ms]
publish	UNKNOWN STEP	2026-10-06T23:03:06.6545637Z (pass) v0.34.26: loop output-token exhaustion persists and notifies the compact recap [1401.88ms]
publish	UNKNOWN STEP	2026-10-06T23:03:07.1987311Z (pass) v0.29.19: 3 consecutive user aborts stop the loop — user aborts mean STOP [544.11ms]
publish	UNKNOWN STEP	2026-10-06T23:03:09.3499511Z (pass) v0.29.19: audit plateau with OPEN findings stands down (reprieve), then stops honestly when reprieves run out [2151.27ms]
publish	UNKNOWN STEP	2026-10-06T23:03:09.7257331Z (pass) v0.29.20: a plain plateau stop is resumable (pre-gate false plateaus recover) [375.70ms]
publish	UNKNOWN STEP	2026-10-06T23:03:09.9323354Z (pass) v0.29.19: audit plateau with ZERO open findings stops normally — the well is dry [203.41ms]
publish	UNKNOWN STEP	2026-10-06T23:03:09.9328460Z 
publish	UNKNOWN STEP	2026-10-06T23:03:09.9329292Z ##[endgroup]
publish	UNKNOWN STEP	2026-10-06T23:03:09.9329496Z 
publish	UNKNOWN STEP	2026-10-06T23:03:09.9329956Z ##[group]tests/runtime-globals-contract.test.ts:
publish	UNKNOWN STEP	2026-10-06T23:03:10.2266697Z (pass) runtime global bridge has one typed declaration for every registration [3.70ms]
publish	UNKNOWN STEP	2026-10-06T23:03:10.2267989Z (pass) audit-2026-09-06: runtime globals register exactly once per process [0.41ms]
publish	UNKNOWN STEP	2026-10-06T23:03:10.2268423Z 
publish	UNKNOWN STEP	2026-10-06T23:03:10.2269440Z ##[endgroup]
publish	UNKNOWN STEP	2026-10-06T23:03:10.2617163Z 
publish	UNKNOWN STEP	2026-10-06T23:03:10.2617990Z ##[group]tests/objective-conflict.test.ts:
publish	UNKNOWN STEP	2026-10-06T23:03:10.7633880Z (pass) C7: declining the conflict confirm ends the update — no retry re-prompt [208.67ms]
publish	UNKNOWN STEP	2026-10-06T23:03:10.9431169Z (pass) C7 control: accepting the conflict confirm applies the whole-objective update [173.39ms]
publish	UNKNOWN STEP	2026-10-06T23:03:10.9431925Z 
publish	UNKNOWN STEP	2026-10-06T23:03:10.9432402Z ##[endgroup]
publish	UNKNOWN STEP	2026-10-06T23:03:10.9432606Z 
publish	UNKNOWN STEP	2026-10-06T23:03:10.9433065Z ##[group]tests/auditor-payload-escaping.test.ts:
publish	UNKNOWN STEP	2026-10-06T23:03:11.2322583Z (pass) auditor payload escaping keeps XML-like delimiters inside untrusted data [0.70ms]
publish	UNKNOWN STEP	2026-10-06T23:03:11.2323681Z 
publish	UNKNOWN STEP	2026-10-06T23:03:11.2326856Z ##[endgroup]
publish	UNKNOWN STEP	2026-10-06T23:03:11.2327203Z 
publish	UNKNOWN STEP	2026-10-06T23:03:11.2335364Z ##[group]tests/post-accept-hang-retry.test.ts:
publish	UNKNOWN STEP	2026-10-06T23:03:11.5207438Z (pass) v0.35.x zombieRetryDecision: repeated silence consumes the configured retry budget [0.50ms]
publish	UNKNOWN STEP	2026-10-06T23:03:11.5209166Z (pass) v0.35.x zombieRetryDecision: exhaustion refuses without a retry storm [0.16ms]
publish	UNKNOWN STEP	2026-10-06T23:03:11.5211026Z (pass) v0.35.x zombieRetryDecision: a different owner key always gets its own budget [0.06ms]
publish	UNKNOWN STEP	2026-10-06T23:03:11.5211751Z (pass) v0.35.x production retry defaults stay finite and bounded [0.19ms]
publish	UNKNOWN STEP	2026-10-06T23:03:11.5212474Z (pass) v0.35.17 source: the auto-retry is armed inside abortZombieRun behind the streak decision [0.33ms]
publish	UNKNOWN STEP	2026-10-06T23:03:11.5213583Z (pass) v0.35.17 source: the retry timer respects /glla pause and only clears ITS OWN park [0.17ms]
publish	UNKNOWN STEP	2026-10-06T23:03:11.5214366Z (pass) v0.35.x source: the user-facing copy announces the bounded retry budget [0.12ms]
publish	UNKNOWN STEP	2026-10-06T23:03:12.2207625Z (pass) v0.35.x behavioral: a hung post-accept turn aborts, parks, then AUTO-resumes within the budget [700.48ms]
publish	UNKNOWN STEP	2026-10-06T23:03:13.2377478Z (pass) v0.35.x behavioral: repeated zero-stream aborts retry until exhaustion, then stay parked [1016.90ms]
publish	UNKNOWN STEP	2026-10-06T23:03:13.5765563Z (pass) v0.35.17 behavioral: /glla pause during the waystation freezes the automatic retry [338.82ms]
publish	UNKNOWN STEP	2026-10-06T23:03:13.5766261Z 
publish	UNKNOWN STEP	2026-10-06T23:03:13.5766754Z ##[endgroup]
publish	UNKNOWN STEP	2026-10-06T23:03:13.5770891Z 
publish	UNKNOWN STEP	2026-10-06T23:03:13.5771621Z ##[group]tests/quota-park-reroute.test.ts:
publish	UNKNOWN STEP	2026-10-06T23:03:14.2160225Z (pass) quota evidence: a subagent 429 tool error is recorded on the goal [350.19ms]
publish	UNKNOWN STEP	2026-10-06T23:03:14.4882627Z (pass) quota reroute: blocked park with fresh evidence becomes a supervised wait [272.27ms]
publish	UNKNOWN STEP	2026-10-06T23:03:14.6883949Z (pass) quota reroute: quota wording in the reason needs no evidence [200.10ms]
publish	UNKNOWN STEP	2026-10-06T23:03:14.8378133Z (pass) quota reroute: ordinary and stale-evidence parks are untouched [149.20ms]
publish	UNKNOWN STEP	2026-10-06T23:03:14.8379376Z 
publish	UNKNOWN STEP	2026-10-06T23:03:14.8380279Z ##[endgroup]
publish	UNKNOWN STEP	2026-10-06T23:03:14.8747620Z 
publish	UNKNOWN STEP	2026-10-06T23:03:14.8749617Z ##[group]tests/settings-menu-complete.test.ts:
publish	UNKNOWN STEP	2026-10-06T23:03:15.1588500Z (pass) every row carries every required column field [1.75ms]
publish	UNKNOWN STEP	2026-10-06T23:03:15.1599367Z (pass) role-specific tabs keep each agent's model, thinking, and fallback controls together [0.15ms]
publish	UNKNOWN STEP	2026-10-06T23:03:15.1600726Z (pass) every row's section is one of the 8 known section ids (no orphans) [0.75ms]
publish	UNKNOWN STEP	2026-10-06T23:03:15.1602067Z (pass) main-agent tab starts with the runtime agent; drafter and subagent chains have their own tabs [0.93ms]
publish	UNKNOWN STEP	2026-10-06T23:03:15.1983668Z (pass) main fallback row explains ordered, deselectable selection [38.49ms]
publish	UNKNOWN STEP	2026-10-06T23:03:15.1991170Z (pass) role rows show each selected model with requested/effective thinking [0.93ms]
publish	UNKNOWN STEP	2026-10-06T23:03:15.1998149Z (pass) v0.36.0: unset auditor thinking mirrors the parent session and the fallback row uses the main shape [0.69ms]
publish	UNKNOWN STEP	2026-10-06T23:03:15.2003523Z (pass) inherited drafter and auditor model rows identify the session category [0.54ms]
publish	UNKNOWN STEP	2026-10-06T23:03:15.2008758Z (pass) all embedded subagent types expose editable fallback-chain rows [0.51ms]
publish	UNKNOWN STEP	2026-10-06T23:03:15.2014948Z (pass) key rows from v0.27.0 settings menu are all present (menu coverage contract) [0.60ms]
publish	UNKNOWN STEP	2026-10-06T23:03:15.2023267Z (pass) descriptions and values carry no version-tag chrome (v0.34.25) [0.81ms]
publish	UNKNOWN STEP	2026-10-06T23:03:15.2059615Z (pass) rows map 1:1 to dispatchable ids (every id can drive a handler) [3.58ms]
publish	UNKNOWN STEP	2026-10-06T23:03:15.2066246Z (pass) main fallback row shows the persisted numbered try order and truthful runtime semantics [0.65ms]
publish	UNKNOWN STEP	2026-10-06T23:03:15.2080534Z (pass) auditorAllowedExtensions valueText is a count — never joined absolute paths (screen-size crash) [1.36ms]
publish	UNKNOWN STEP	2026-10-06T23:03:15.2086027Z (pass) valueText derives from settings (effective values surface for each row) [0.61ms]
publish	UNKNOWN STEP	2026-10-06T23:03:15.2093184Z (pass) default fallbacks surface when settings + provenance both missing [0.71ms]
publish	UNKNOWN STEP	2026-10-06T23:03:15.2103313Z (pass) default fallbacks follow the effective aggressive matrix (explicit off → base values) [0.97ms]
publish	UNKNOWN STEP	2026-10-06T23:03:15.2109733Z (pass) effective resolution names the real session model for inherit-parent [0.62ms]
publish	UNKNOWN STEP	2026-10-06T23:03:15.2115363Z (pass) provenance flows into sourceText (project/global/default tags) [0.59ms]
publish	UNKNOWN STEP	2026-10-06T23:03:15.2121558Z (pass) haiku mention is dropped from any valueText / description / sourceText [0.60ms]
publish	UNKNOWN STEP	2026-10-06T23:03:15.2127032Z (pass) headless `/glla` fallback keeps stall brakes and the v0.34.127 sync list [0.53ms]
publish	UNKNOWN STEP	2026-10-06T23:03:15.2158334Z (pass) the legacy flat-row startsWith logic is removed (no more `──` section headers in code) [3.03ms]
publish	UNKNOWN STEP	2026-10-06T23:03:15.2162739Z (pass) /glla tooloverride still routes headlessly (regression: subsystems unchanged) [0.53ms]
publish	UNKNOWN STEP	2026-10-06T23:03:15.2165270Z (pass) postaudit and reviewer routes both open the reviewer menu (back-compat) [0.29ms]
publish	UNKNOWN STEP	2026-10-06T23:03:15.2172489Z (pass) stateRoot: one global-only row with the workingDir default [0.72ms]
publish	UNKNOWN STEP	2026-10-06T23:03:15.2178547Z (pass) v0.28.20: no bracket/paren chrome — VALUE and SOURCE render bare [0.58ms]
publish	UNKNOWN STEP	2026-10-06T23:03:15.2200941Z (pass) audit-2026-09-06: settings TUI tabs row is truncated to terminal width [2.12ms]
publish	UNKNOWN STEP	2026-10-06T23:03:15.2215448Z (pass) audit 2026-09-06: normalizeLoadedSettings resets junk numerics/enums/strings to unset [1.49ms]
publish	UNKNOWN STEP	2026-10-06T23:03:15.2270142Z (pass) settings provenance reports normalized effective values, not rejected raw junk [5.37ms]
publish	UNKNOWN STEP	2026-10-06T23:03:15.2278690Z (pass) audit 2026-09-06: legacy reviewer block migrates to postaudit [0.96ms]
publish	UNKNOWN STEP	2026-10-06T23:03:15.2282403Z (pass) audit 2026-09-07 (LOW, findings 392-394): quiet copy names the count line at every surface [0.35ms]
publish	UNKNOWN STEP	2026-10-06T23:03:15.2389813Z (pass) settings table fits narrow terminals with details both hidden and visible [10.53ms]
publish	UNKNOWN STEP	2026-10-06T23:03:15.2390828Z 
publish	UNKNOWN STEP	2026-10-06T23:03:15.2391650Z ##[endgroup]
publish	UNKNOWN STEP	2026-10-06T23:03:15.2394027Z 
publish	UNKNOWN STEP	2026-10-06T23:03:15.2394693Z ##[group]tests/mode-command-guidance.test.ts:
publish	UNKNOWN STEP	2026-10-06T23:03:15.5236059Z (pass) mode-aware helpers exist and route by policy [0.74ms]
publish	UNKNOWN STEP	2026-10-06T23:03:15.5767866Z (pass) no hardcoded /goal <cmd> literals remain in generated guidance (goal.ts) [53.56ms]
publish	UNKNOWN STEP	2026-10-06T23:03:15.5852129Z (pass) loop-policy recovery guidance interpolates recoverySurfaceCommand (v0.34.108) [8.36ms]
publish	UNKNOWN STEP	2026-10-06T23:03:15.5853050Z (pass) widget resume hints are mode-aware ternaries (display.ts) [0.23ms]
publish	UNKNOWN STEP	2026-10-06T23:03:15.8008483Z (pass) goal-policy pause notifies with /goal resume [214.45ms]
publish	UNKNOWN STEP	2026-10-06T23:03:16.0526309Z (pass) list-policy pause notifies with /list resume [251.13ms]
publish	UNKNOWN STEP	2026-10-06T23:03:16.0538135Z (pass) widget wait countdown is uniform auto-retrying (no manual resume hint — v0.34.64) [1.07ms]
publish	UNKNOWN STEP	2026-10-06T23:03:16.0551674Z (pass) widget no-verdict fallback action is mode-aware [0.55ms]
publish	UNKNOWN STEP	2026-10-06T23:03:16.0552237Z 
publish	UNKNOWN STEP	2026-10-06T23:03:16.0553406Z ##[endgroup]
publish	UNKNOWN STEP	2026-10-06T23:03:16.0553629Z 
publish	UNKNOWN STEP	2026-10-06T23:03:16.0554101Z ##[group]tests/zombie-subagent-tool-name.test.ts:
publish	UNKNOWN STEP	2026-10-06T23:03:16.4074732Z (pass) v0.35.26 #13: an in-flight 'subagent' call stands down the zombie abort until it settles [66.32ms]
publish	UNKNOWN STEP	2026-10-06T23:03:16.4195513Z (pass) v0.35.26 #13: the blocking 'subagent_wait' tool gets the same stand-down [12.69ms]
publish	UNKNOWN STEP	2026-10-06T23:03:16.4196480Z (pass) v0.35.26 #13: both watchdog sites consume the shared isSubagentWaitCall name set [0.38ms]
publish	UNKNOWN STEP	2026-10-06T23:03:16.4197122Z 
publish	UNKNOWN STEP	2026-10-06T23:03:16.4197637Z ##[endgroup]
publish	UNKNOWN STEP	2026-10-06T23:03:16.4211435Z 
publish	UNKNOWN STEP	2026-10-06T23:03:16.4212687Z ##[group]tests/loop-branch-ownership.test.ts:
publish	UNKNOWN STEP	2026-10-06T23:03:16.8590702Z Switched to a new branch 'pi-glla-loop/test'
publish	UNKNOWN STEP	2026-10-06T23:03:17.0264607Z Switched to branch 'main'
publish	UNKNOWN STEP	2026-10-06T23:03:17.0570846Z (pass) active branch loop parks before commit when HEAD moved to the user's branch [256.24ms]
publish	UNKNOWN STEP	2026-10-06T23:03:17.0759295Z Switched to a new branch 'pi-glla-loop/commit-fail'
publish	UNKNOWN STEP	2026-10-06T23:03:17.1153951Z (pass) terminal commit failure preserves the uncommitted iteration and skips destructive finish [58.38ms]
publish	UNKNOWN STEP	2026-10-06T23:03:17.1427570Z Switched to a new branch 'pi-glla-loop/reset-fail'
publish	UNKNOWN STEP	2026-10-06T23:03:17.2152978Z (pass) reset failure during finish keeps the terminal branch and never attempts checkout [99.92ms]
publish	UNKNOWN STEP	2026-10-06T23:03:17.2841775Z Switched to a new branch 'pi-glla-loop/stop-guard'
publish	UNKNOWN STEP	2026-10-06T23:03:17.2929882Z Switched to branch 'main'
publish	UNKNOWN STEP	2026-10-06T23:03:17.3359637Z (pass) /loop stop on a branch-mode loop parked on a foreign branch attempts no reset or checkout [118.97ms]
publish	UNKNOWN STEP	2026-10-06T23:03:17.4052115Z Switched to a new branch 'pi-glla-loop/stop-mid-tick'
publish	UNKNOWN STEP	2026-10-06T23:03:17.7740181Z Switched to branch 'main'
publish	UNKNOWN STEP	2026-10-06T23:03:17.7856144Z (pass) /loop stop mid-tick still restores the original branch (no false branch-changed park) [450.69ms]
publish	UNKNOWN STEP	2026-10-06T23:03:17.8602955Z Switched to a new branch 'pi-glla-loop/stop-commit-inflight'
publish	UNKNOWN STEP	2026-10-06T23:03:18.1332729Z Switched to branch 'main'
publish	UNKNOWN STEP	2026-10-06T23:03:18.1400508Z [run-tests] progress: 510s elapsed · 0s since last output · 268 KiB of suite output
publish	UNKNOWN STEP	2026-10-06T23:03:18.1530884Z (pass) /loop stop mid-tick commits the in-flight iteration instead of resetting it away [364.75ms]
publish	UNKNOWN STEP	2026-10-06T23:03:18.1572476Z (pass) commitPendingTerminalWork is module scope and finishLoopGit commits before its reset (source pin) [0.46ms]
publish	UNKNOWN STEP	2026-10-06T23:03:18.1630139Z (pass) parkLoopOnWrongBranch consults HEAD before the in-flight tick guard (source pin) [0.25ms]
publish	UNKNOWN STEP	2026-10-06T23:03:18.2100309Z Switched to a new branch 'pi-glla-loop/resumable-park'
publish	UNKNOWN STEP	2026-10-06T23:03:18.2169772Z Switched to branch 'main'
publish	UNKNOWN STEP	2026-10-06T23:03:18.2260639Z Switched to branch 'pi-glla-loop/resumable-park'
publish	UNKNOWN STEP	2026-10-06T23:03:18.2501099Z (pass) a branch-changed park is resumable: /loop resume on the scratch branch keeps the loop's history [98.52ms]
publish	UNKNOWN STEP	2026-10-06T23:03:18.2570727Z (pass) v0.38.104: the branch-changed park names the loop surface and is in RESUMABLE_STOP (source pins) [3.50ms]
publish	UNKNOWN STEP	2026-10-06T23:03:18.2653782Z 
publish	UNKNOWN STEP	2026-10-06T23:03:18.2729849Z ##[endgroup]
publish	UNKNOWN STEP	2026-10-06T23:03:18.2730181Z 
publish	UNKNOWN STEP	2026-10-06T23:03:18.2730700Z ##[group]tests/tool-overrides.test.ts:
publish	UNKNOWN STEP	2026-10-06T23:03:18.5700433Z (pass) Settings type accepts toolOverrides (allow / hide / perToolConfig) [0.47ms]
publish	UNKNOWN STEP	2026-10-06T23:03:18.5707965Z (pass) SETTINGS_KEYS includes toolOverrides for provenance tracking [0.11ms]
publish	UNKNOWN STEP	2026-10-06T23:03:18.6087020Z (pass) goal.ts ensureAgentToolsActive applies toolOverrides.allow and .hide [39.74ms]
publish	UNKNOWN STEP	2026-10-06T23:03:18.6089275Z (pass) /glla tooloverride keyword routes to cmdToolOverride [0.40ms]
publish	UNKNOWN STEP	2026-10-06T23:03:18.6092936Z (pass) cmdToolOverride supports allow / hide / unallow / unhide / set / unset / list [0.35ms]
publish	UNKNOWN STEP	2026-10-06T23:03:18.6098255Z (pass) parseToolOverrideValue coerces booleans, numbers, JSON; else string [0.54ms]
publish	UNKNOWN STEP	2026-10-06T23:03:18.6100361Z (pass) reviewer 4-mode set (off | on | auto | aggressive) is the contract surface [0.15ms]
publish	UNKNOWN STEP	2026-10-06T23:03:18.6102225Z (pass) legacy 'default' and 'report' modes auto-migrate to 'on' in resolveReviewerConfig [0.27ms]
publish	UNKNOWN STEP	2026-10-06T23:03:18.6107424Z (pass) paused widget renders `awaiting first turn` for zero-telemetry (literal contract) [0.40ms]
publish	UNKNOWN STEP	2026-10-06T23:03:18.6109900Z (pass) auditor prompt (extensions/goal-loop-auditor.ts) carries the chunk-near-context-full hint [0.18ms]
publish	UNKNOWN STEP	2026-10-06T23:03:18.6110629Z 
publish	UNKNOWN STEP	2026-10-06T23:03:18.6111104Z ##[endgroup]
publish	UNKNOWN STEP	2026-10-06T23:03:18.6115494Z 
publish	UNKNOWN STEP	2026-10-06T23:03:18.6116153Z ##[group]tests/continuation-start-self-heal.test.ts:
publish	UNKNOWN STEP	2026-10-06T23:03:18.9030296Z (pass) v0.38.104: the self-heal cadence is bounded on both sides [0.74ms]
publish	UNKNOWN STEP	2026-10-06T23:03:19.5874265Z (pass) v0.38.104: an unacknowledged turn start self-heals instead of demanding a human [685.07ms]
publish	UNKNOWN STEP	2026-10-06T23:03:19.5877233Z (pass) v0.38.104: a turn-start proof resets the budget even when no timer is armed [0.49ms]
publish	UNKNOWN STEP	2026-10-06T23:03:19.5877841Z 
publish	UNKNOWN STEP	2026-10-06T23:03:19.5878317Z ##[endgroup]
publish	UNKNOWN STEP	2026-10-06T23:03:19.5883220Z 
publish	UNKNOWN STEP	2026-10-06T23:03:19.5883890Z ##[group]tests/approved-audit-settles.test.ts:
publish	UNKNOWN STEP	2026-10-06T23:03:20.7334856Z (pass) an approved stored claim settles and never falls into the residual-failure tail [852.33ms]
publish	UNKNOWN STEP	2026-10-06T23:03:20.7337127Z (pass) v0.38.104: the approval branch terminates after the settlement driver [0.36ms]
publish	UNKNOWN STEP	2026-10-06T23:03:20.7337836Z 
publish	UNKNOWN STEP	2026-10-06T23:03:20.7338474Z ##[endgroup]
publish	UNKNOWN STEP	2026-10-06T23:03:20.7349380Z 
publish	UNKNOWN STEP	2026-10-06T23:03:20.7350166Z ##[group]tests/glla-stale-context.test.ts:
publish	UNKNOWN STEP	2026-10-06T23:03:21.4883012Z (pass) v0.34.52: bare /glla on a stale handle is refused — standard recovery message, UI never opens, settings untouched [400.26ms]
publish	UNKNOWN STEP	2026-10-06T23:03:21.8887101Z (pass) v0.34.52: mutating /glla actions (wipe, cancel, resume, reviewer, postaudit, tooloverride) are all refused on a stale handle [400.45ms]
publish	UNKNOWN STEP	2026-10-06T23:03:22.3571695Z (pass) v0.34.52: /glla status, log, stats, audits stay usable on a stale handle (inspect, don't mutate) [467.59ms]
publish	UNKNOWN STEP	2026-10-06T23:03:22.9045388Z (pass) audit 2026-09-07 (LOW, finding 399): bare `/glla fallbacks` is a read-only display — allowed on a stale handle; `fallbacks clear` still mutates and is refused [548.01ms]
publish	UNKNOWN STEP	2026-10-06T23:03:23.6358264Z (pass) v0.34.52: the standard recovery — a fresh session reopens the settings UI and owns the next /glla [731.38ms]
publish	UNKNOWN STEP	2026-10-06T23:03:23.6363899Z (pass) v0.35.72: source — settings rechecks admission after the menu and before saves [0.76ms]
publish	UNKNOWN STEP	2026-10-06T23:03:23.6373645Z (pass) v0.34.52: source — cmdSettings captures the entry probe and gates the settings entry + mutating actions [0.96ms]
publish	UNKNOWN STEP	2026-10-06T23:03:23.6374280Z 
publish	UNKNOWN STEP	2026-10-06T23:03:23.6374657Z ##[endgroup]
publish	UNKNOWN STEP	2026-10-06T23:03:23.6377972Z 
publish	UNKNOWN STEP	2026-10-06T23:03:23.6378591Z ##[group]tests/objective-loss-lifecycle.test.ts:
publish	UNKNOWN STEP	2026-10-06T23:03:23.9942294Z (pass) production session_start registers the host session root before restore [54.34ms]
publish	UNKNOWN STEP	2026-10-06T23:03:24.0910395Z (pass) fresh processes reload session-root state across a cwd switch [95.01ms]
publish	UNKNOWN STEP	2026-10-06T23:03:24.0911585Z (pass) cancel and wipe defer safely while sessionDir is unresolved [1.33ms]
publish	UNKNOWN STEP	2026-10-06T23:03:24.1278140Z (pass) cancel and wipe archive live state under the registered session root [37.15ms]
publish	UNKNOWN STEP	2026-10-06T23:03:24.1279450Z 
publish	UNKNOWN STEP	2026-10-06T23:03:24.1280262Z ##[endgroup]
publish	UNKNOWN STEP	2026-10-06T23:03:24.1281370Z 
publish	UNKNOWN STEP	2026-10-06T23:03:24.1282073Z ##[group]tests/length-exhaustion-relentless.test.ts:
publish	UNKNOWN STEP	2026-10-06T23:03:24.4480674Z (pass) hot context with fallback refs rotates to a larger-context model [38.30ms]
publish	UNKNOWN STEP	2026-10-06T23:03:24.4481766Z (pass) hot context at the 90% boundary still rotates [0.03ms]
publish	UNKNOWN STEP	2026-10-06T23:03:24.4482682Z (pass) hot context without fallback refs defers to auto-compaction [0.03ms]
publish	UNKNOWN STEP	2026-10-06T23:03:24.4483929Z (pass) roomy context grants one fresh budget, never an immediate manual park [0.08ms]
publish	UNKNOWN STEP	2026-10-06T23:03:24.4485172Z (pass) exhaustion episodes: first wedge stays relentless, second parks [0.19ms]
publish	UNKNOWN STEP	2026-10-06T23:03:24.4486379Z (pass) exhaustion episodes degrade garbage to a fresh first episode [0.05ms]
publish	UNKNOWN STEP	2026-10-06T23:03:24.4487483Z (pass) unknown context heat degrades to fresh-budget, never rotate [0.04ms]
publish	UNKNOWN STEP	2026-10-06T23:03:24.4488116Z 
publish	UNKNOWN STEP	2026-10-06T23:03:24.4489039Z ##[endgroup]
publish	UNKNOWN STEP	2026-10-06T23:03:24.4489254Z 
publish	UNKNOWN STEP	2026-10-06T23:03:24.4490468Z ##[group]tests/subagent-host-boundary.test.ts:
publish	UNKNOWN STEP	2026-10-06T23:03:24.7984635Z (pass) v0.35.62: a worker cannot be the first claimant, while host telemetry still records Explore [64.61ms]
publish	UNKNOWN STEP	2026-10-06T23:03:24.8093306Z (pass) v0.35.62: foreign slash commands cannot mutate the host list [9.91ms]
publish	UNKNOWN STEP	2026-10-06T23:03:24.8249349Z (pass) v0.35.62: persistent workers cannot masquerade as silent host successors [12.45ms]
publish	UNKNOWN STEP	2026-10-06T23:03:24.8329609Z (pass) v0.35.72: state-root read-only denial hints at sessionDir via the MAIN-owner refusal [12.12ms]
publish	UNKNOWN STEP	2026-10-06T23:03:24.8330478Z 
publish	UNKNOWN STEP	2026-10-06T23:03:24.8331192Z ##[endgroup]
publish	UNKNOWN STEP	2026-10-06T23:03:24.8334046Z 
publish	UNKNOWN STEP	2026-10-06T23:03:24.8334543Z ##[group]tests/glla-version.test.ts:
publish	UNKNOWN STEP	2026-10-06T23:03:25.1280644Z (pass) /glla version reads the installed package metadata and exposes a registry check [0.65ms]
publish	UNKNOWN STEP	2026-10-06T23:03:25.1285025Z (pass) /glla version names staleness and the update path when the sidecar proves it [1.14ms]
publish	UNKNOWN STEP	2026-10-06T23:03:25.1286320Z (pass) package and lock metadata stay synchronized for version reporting [0.16ms]
publish	UNKNOWN STEP	2026-10-06T23:03:25.1670481Z (pass) /glla version is registered, autocompleted, and read-only routed [38.14ms]
publish	UNKNOWN STEP	2026-10-06T23:03:25.1676306Z (pass) unknown running version makes no staleness claim either way [0.80ms]
publish	UNKNOWN STEP	2026-10-06T23:03:25.1681703Z (pass) compareVersions is strictly numeric: prereleases never equal releases [0.13ms]
publish	UNKNOWN STEP	2026-10-06T23:03:25.1682825Z (pass) updateCheckPath defaults to the cwd state dir [0.09ms]
publish	UNKNOWN STEP	2026-10-06T23:03:25.1683314Z 
publish	UNKNOWN STEP	2026-10-06T23:03:25.1683838Z ##[endgroup]
publish	UNKNOWN STEP	2026-10-06T23:03:25.1684143Z 
publish	UNKNOWN STEP	2026-10-06T23:03:25.1684684Z ##[group]tests/finding-lead-contract.test.ts:
publish	UNKNOWN STEP	2026-10-06T23:03:25.4525154Z (pass) canonical and legacy Lead inputs render the same outcome/evidence [1.30ms]
publish	UNKNOWN STEP	2026-10-06T23:03:25.4540217Z (pass) legacy topical and semantic labels are not exposed as finding labels [0.71ms]
publish	UNKNOWN STEP	2026-10-06T23:03:25.4540910Z (pass) technical-only legacy claims stay out of default chat [0.47ms]
publish	UNKNOWN STEP	2026-10-06T23:03:25.4541516Z (pass) archive table uses outcome/evidence columns and keeps proof [0.55ms]
publish	UNKNOWN STEP	2026-10-06T23:03:25.4542869Z (pass) widget projects the normalized outcome without legacy Lead or technical labels [0.60ms]
publish	UNKNOWN STEP	2026-10-06T23:03:25.4977704Z (pass) terminal and archive human sections share the What Changed contract [44.50ms]
publish	UNKNOWN STEP	2026-10-06T23:03:25.4979686Z (pass) normalization is raw-preserving and does not split path/version colons [0.18ms]
publish	UNKNOWN STEP	2026-10-06T23:03:25.4981771Z (pass) normalization strips dash-separated label prefixes (Lead –/Tests –) [0.24ms]
publish	UNKNOWN STEP	2026-10-06T23:03:25.4984109Z (pass) archive preserves technical group findings and Verdict details as evidence instead of dropping them [0.39ms]
publish	UNKNOWN STEP	2026-10-06T23:03:25.4986223Z (pass) chat still suppresses technical findings after the archive-preservation fix [0.16ms]
publish	UNKNOWN STEP	2026-10-06T23:03:25.4986979Z 
publish	UNKNOWN STEP	2026-10-06T23:03:25.4987640Z ##[endgroup]
publish	UNKNOWN STEP	2026-10-06T23:03:25.4992479Z 
publish	UNKNOWN STEP	2026-10-06T23:03:25.4993056Z ##[group]tests/stats-outcomes.test.ts:
publish	UNKNOWN STEP	2026-10-06T23:03:25.7779152Z (pass) outcomes: completed/aborted/open counts with the run-to-done split [0.85ms]
publish	UNKNOWN STEP	2026-10-06T23:03:25.7780505Z (pass) outcomes: rounds, wall-clock, and tokens average over known data only [0.21ms]
publish	UNKNOWN STEP	2026-10-06T23:03:25.7781770Z (pass) outcomes: unknown archive statuses are ignored, empty ledgers are zeroed [0.25ms]
publish	UNKNOWN STEP	2026-10-06T23:03:25.7782843Z (pass) outcomes: table and JSON formats mirror the schema [0.83ms]
publish	UNKNOWN STEP	2026-10-06T23:03:25.7783312Z 
publish	UNKNOWN STEP	2026-10-06T23:03:25.7783806Z ##[endgroup]
publish	UNKNOWN STEP	2026-10-06T23:03:25.7784008Z 
publish	UNKNOWN STEP	2026-10-06T23:03:25.7784455Z ##[group]tests/completion-summary-lines.test.ts:
publish	UNKNOWN STEP	2026-10-06T23:03:26.0651680Z (pass) clip cuts at a word boundary, never mid-word [0.35ms]
publish	UNKNOWN STEP	2026-10-06T23:03:26.0653976Z (pass) clip hard-cuts only long tokens without spaces [0.17ms]
publish	UNKNOWN STEP	2026-10-06T23:03:26.0655559Z (pass) clip cuts at a clause boundary and never strands punctuation (field 2026-09-08) [0.26ms]
publish	UNKNOWN STEP	2026-10-06T23:03:26.0657062Z (pass) lines project one label per line, in order, word-bounded [0.37ms]
publish	UNKNOWN STEP	2026-10-06T23:03:26.0657901Z (pass) lines keep missing labels as not recorded and never mid-word cut [0.22ms]
publish	UNKNOWN STEP	2026-10-06T23:03:26.0658675Z (pass) compact stays one line but cuts at word boundaries now [0.25ms]
publish	UNKNOWN STEP	2026-10-06T23:03:26.0660180Z (pass) terminal lines resolve through the same facts as the compact recap [0.44ms]
publish	UNKNOWN STEP	2026-10-06T23:03:26.0662131Z (pass) v0.38.14: filler values inform nobody and are dropped [0.17ms]
publish	UNKNOWN STEP	2026-10-06T23:03:26.0663136Z (pass) v0.38.14: the briefing leads with the outcome and keeps only informing labels [0.56ms]
publish	UNKNOWN STEP	2026-10-06T23:03:26.0664073Z (pass) v0.38.14: terminal brief resolves through the same facts as the compact recap [0.45ms]
publish	UNKNOWN STEP	2026-10-06T23:03:26.0665424Z (pass) the ✓ done chat notifies use the line block; external keeps the single line [0.88ms]
publish	UNKNOWN STEP	2026-10-06T23:03:26.1068556Z (pass) audit-2026-09-06: completionSummaryLines honors the optional line-width budget [40.32ms]
publish	UNKNOWN STEP	2026-10-06T23:03:26.1086411Z (pass) recorded-facts fallback Next survives the stale-Next filter [0.25ms]
publish	UNKNOWN STEP	2026-10-06T23:03:26.1090217Z (pass) machine-path strip converges on nested groups, leaves no husk [0.15ms]
publish	UNKNOWN STEP	2026-10-06T23:03:26.1091115Z (pass) clip never splits a surrogate pair [0.19ms]
publish	UNKNOWN STEP	2026-10-06T23:03:26.1092102Z (pass) label named inside a value does not steal later segmentation [0.23ms]
publish	UNKNOWN STEP	2026-10-06T23:03:26.1093463Z (pass) D5: concrete work mentioning audit/review/settle/approval survives the stale-Next filter [0.15ms]
publish	UNKNOWN STEP	2026-10-06T23:03:26.1094616Z (pass) D7: recap projections sanitize control bytes and ANSI [0.14ms]
publish	UNKNOWN STEP	2026-10-06T23:03:26.1095518Z (pass) D8: an empty outcome says so instead of inventing done [0.12ms]
publish	UNKNOWN STEP	2026-10-06T23:03:26.1096548Z (pass) D7 audit: approval-chat lines sanitize their inputs at the trust boundary [0.10ms]
publish	UNKNOWN STEP	2026-10-06T23:03:26.1097716Z (pass) D7 audit: the counts line sanitizes the auditNote override at the source [0.14ms]
publish	UNKNOWN STEP	2026-10-06T23:03:26.1099072Z (pass) D7 audit (pin): manual-path extras route through the shared quoted builder [0.25ms]
publish	UNKNOWN STEP	2026-10-06T23:03:26.1099670Z 
publish	UNKNOWN STEP	2026-10-06T23:03:26.1101184Z ##[endgroup]
publish	UNKNOWN STEP	2026-10-06T23:03:26.1101378Z 
publish	UNKNOWN STEP	2026-10-06T23:03:26.3860276Z ##[group]tests/loop-refine-parity.test.ts:
publish	UNKNOWN STEP	2026-10-06T23:03:26.3861135Z (pass) parked loops are refinable on both surfaces [0.36ms]
publish	UNKNOWN STEP	2026-10-06T23:03:26.3871832Z (pass) terminal stops are refinable on neither surface [0.09ms]
publish	UNKNOWN STEP	2026-10-06T23:03:26.3877343Z (pass) broken measure is the deliberate divergence: tool fixes, slash will not resume [0.08ms]
publish	UNKNOWN STEP	2026-10-06T23:03:26.3878298Z 
publish	UNKNOWN STEP	2026-10-06T23:03:26.3879271Z ##[endgroup]
publish	UNKNOWN STEP	2026-10-06T23:03:26.3879640Z 
publish	UNKNOWN STEP	2026-10-06T23:03:26.3880171Z ##[group]tests/lifecycle-recovery.test.ts:
publish	UNKNOWN STEP	2026-10-06T23:03:27.2510807Z (pass) v0.35.x: a mutating /list command during handoff is replayed once by the successor [580.84ms]
publish	UNKNOWN STEP	2026-10-06T23:03:27.6830422Z (pass) v0.35.x: a mismatched handoff discards a deferred list command without replay [431.27ms]
publish	UNKNOWN STEP	2026-10-06T23:03:28.0645482Z (pass) v0.34.54: /list show before rebind — honest stale result: the recovery warning accompanies the read [382.13ms]
publish	UNKNOWN STEP	2026-10-06T23:03:28.6298179Z (pass) v0.34.54: settings before rebind — bare /glla refused, read-only /glla status usable, both honest [565.20ms]
publish	UNKNOWN STEP	2026-10-06T23:03:29.4113300Z (pass) v0.34.54: /list show after a fresh session_start — renders clean, zero stale residue [781.49ms]
publish	UNKNOWN STEP	2026-10-06T23:03:30.3538139Z (pass) v0.34.54: settings after a fresh session_start — the table opens AND a real write lands [942.47ms]
publish	UNKNOWN STEP	2026-10-06T23:03:30.3569310Z (pass) v0.34.54: source — read-only surfaces are never in the mutating sets; the gates are the honest refusal, not silence [3.23ms]
publish	UNKNOWN STEP	2026-10-06T23:03:30.3570150Z 
publish	UNKNOWN STEP	2026-10-06T23:03:30.3570638Z ##[endgroup]
publish	UNKNOWN STEP	2026-10-06T23:03:30.3574052Z 
publish	UNKNOWN STEP	2026-10-06T23:03:30.3574688Z ##[group]tests/glla-ui-command-audit.test.ts:
publish	UNKNOWN STEP	2026-10-06T23:03:30.7200469Z (pass) settings table reopens the tab and row that were edited [65.42ms]
publish	UNKNOWN STEP	2026-10-06T23:03:30.7356650Z (pass) forbidden substring patterns cannot disable configured fallback chains [13.43ms]
publish	UNKNOWN STEP	2026-10-06T23:03:30.7504054Z (pass) drafterModel refuses a forbidden primary pin [12.76ms]
publish	UNKNOWN STEP	2026-10-06T23:03:30.7680225Z (pass) compactorModel refuses a forbidden primary pin [19.26ms]
publish	UNKNOWN STEP	2026-10-06T23:03:30.7906055Z (pass) subagentModelOverrides.scout refuses a forbidden primary pin [22.80ms]
publish	UNKNOWN STEP	2026-10-06T23:03:30.8225165Z (pass) editing a role fallback preserves other roles saved while its picker was open [32.61ms]
publish	UNKNOWN STEP	2026-10-06T23:03:30.8439620Z (pass) audit health stays available but cleanup is refused on a stale host [22.29ms]
publish	UNKNOWN STEP	2026-10-06T23:03:30.8920507Z (pass) tool visibility commands replace conflicting overrides [42.95ms]
publish	UNKNOWN STEP	2026-10-06T23:03:30.9460519Z (pass) tool config accepts spaced JSON and refuses empty keys [58.08ms]
publish	UNKNOWN STEP	2026-10-06T23:03:31.0211920Z (pass) postaudit refuses a save after the host became stale in its dialog [67.94ms]
publish	UNKNOWN STEP	2026-10-06T23:03:31.1270239Z (pass) wipe revalidates its host after the confirmation dialog [113.88ms]
publish	UNKNOWN STEP	2026-10-06T23:03:31.1790532Z (pass) tool metadata editor preserves concurrent updates and names its execution limit [45.81ms]
publish	UNKNOWN STEP	2026-10-06T23:03:31.2319341Z (pass) compactor picker labels its clear choice as registry plan B [47.58ms]
publish	UNKNOWN STEP	2026-10-06T23:03:31.2501890Z (pass) /goal pause preserves a complete goal [26.80ms]
publish	UNKNOWN STEP	2026-10-06T23:03:31.2870261Z (pass) /goal verify preserves a complete goal [35.95ms]
publish	UNKNOWN STEP	2026-10-06T23:03:31.3114010Z (pass) /goal cancel preserves a complete goal [24.80ms]
publish	UNKNOWN STEP	2026-10-06T23:03:31.4014697Z (pass) /goal pause preserves a aborted goal [94.06ms]
publish	UNKNOWN STEP	2026-10-06T23:03:31.5054831Z (pass) /goal verify preserves a aborted goal [101.89ms]
publish	UNKNOWN STEP	2026-10-06T23:03:31.6110145Z (pass) /goal cancel preserves a aborted goal [92.20ms]
publish	UNKNOWN STEP	2026-10-06T23:03:31.7080890Z (pass) /goal verify refuses to write a new claim through a stale host [102.03ms]
publish	UNKNOWN STEP	2026-10-06T23:03:31.7588188Z (pass) /review refuses a stale host before producing follow-up artifacts [52.42ms]
publish	UNKNOWN STEP	2026-10-06T23:03:31.8260511Z (pass) /list resume admits an auditing head to the existing audit recovery path [73.53ms]
publish	UNKNOWN STEP	2026-10-06T23:03:31.9352260Z (pass) a decision picker cannot cancel a replacement goal [109.96ms]
publish	UNKNOWN STEP	2026-10-06T23:03:32.0082784Z (pass) a decision stays paused after stale during selection [71.66ms]
publish	UNKNOWN STEP	2026-10-06T23:03:32.1067434Z (pass) a decision stays paused after delivery-error during selection [93.16ms]
publish	UNKNOWN STEP	2026-10-06T23:03:32.3633907Z (pass) the list-cancel decision executes cancellation instead of resuming work [248.77ms]
publish	UNKNOWN STEP	2026-10-06T23:03:32.4660410Z (pass) /goal pause does not announce or dispatch an unpersisted transition [115.62ms]
publish	UNKNOWN STEP	2026-10-06T23:03:32.5780481Z (pass) /goal resume does not announce or dispatch an unpersisted transition [109.34ms]
publish	UNKNOWN STEP	2026-10-06T23:03:32.7008636Z (pass) /goal verify does not announce or dispatch an unpersisted transition [116.20ms]
publish	UNKNOWN STEP	2026-10-06T23:03:32.7170760Z 
publish	UNKNOWN STEP	2026-10-06T23:03:32.7212285Z ##[endgroup]
publish	UNKNOWN STEP	2026-10-06T23:03:32.7212472Z 
publish	UNKNOWN STEP	2026-10-06T23:03:32.7212802Z ##[group]tests/hourly-auditor-backstop.test.ts:
publish	UNKNOWN STEP	2026-10-06T23:03:33.0976173Z (pass) unified: the shared ticker arms for a parked auditor claim with no main recovery [38.85ms]
publish	UNKNOWN STEP	2026-10-06T23:03:33.0977752Z (pass) unified: the backstop fires past-due auditor retries and never touches models [0.20ms]
publish	UNKNOWN STEP	2026-10-06T23:03:33.0979456Z (pass) unified: the ladder arms the ticker as its backstop [0.38ms]
publish	UNKNOWN STEP	2026-10-06T23:03:33.0981452Z (pass) unified: one dead backend does not burn a launch per rung [0.18ms]
publish	UNKNOWN STEP	2026-10-06T23:03:33.3697967Z (pass) unified: executable runtime regression covers arming, past-due fire, guards, and opt-out [271.38ms]
publish	UNKNOWN STEP	2026-10-06T23:03:33.3698554Z 
publish	UNKNOWN STEP	2026-10-06T23:03:33.3699175Z ##[endgroup]
publish	UNKNOWN STEP	2026-10-06T23:03:33.4070288Z 
publish	UNKNOWN STEP	2026-10-06T23:03:33.4071465Z ##[group]tests/stale-continuation.test.ts:
publish	UNKNOWN STEP	2026-10-06T23:03:33.7450448Z (pass) helper: goal checkpoint with no active goal is stale [49.15ms]
publish	UNKNOWN STEP	2026-10-06T23:03:33.7453884Z (pass) helper: goal checkpoint with matching active goal is not stale [0.50ms]
publish	UNKNOWN STEP	2026-10-06T23:03:33.7456324Z (pass) helper: goal checkpoint with mismatched id is stale [0.25ms]
publish	UNKNOWN STEP	2026-10-06T23:03:33.7459208Z (pass) helper: goal checkpoint with paused goal is stale [0.20ms]
publish	UNKNOWN STEP	2026-10-06T23:03:33.7463808Z (pass) helper: goal checkpoint with already archived file is stale even if state still active [0.47ms]
publish	UNKNOWN STEP	2026-10-06T23:03:33.7465471Z (pass) helper: loop iteration with no active loop is stale [0.22ms]
publish	UNKNOWN STEP	2026-10-06T23:03:33.7467504Z (pass) helper: loop iteration with active loop is not stale [0.18ms]
publish	UNKNOWN STEP	2026-10-06T23:03:33.7472435Z (pass) helper: stall warning with no active goal is stale [0.16ms]
publish	UNKNOWN STEP	2026-10-06T23:03:33.7477030Z (pass) helper: stall warning with active goal is not stale [0.18ms]
publish	UNKNOWN STEP	2026-10-06T23:03:33.7478081Z (pass) helper: length continue delivers with live supervision, stale without (audit 2026-09-07) [0.26ms]
publish	UNKNOWN STEP	2026-10-06T23:03:33.7479558Z (pass) helper: generic goal-event with no supervision is stale [0.17ms]
publish	UNKNOWN STEP	2026-10-06T23:03:33.7480655Z (pass) helper: generic goal-event with active goal is not stale [0.15ms]
publish	UNKNOWN STEP	2026-10-06T23:03:33.7481594Z (pass) helper: raw continuation source is correctly identified as stale when archived [0.22ms]
publish	UNKNOWN STEP	2026-10-06T23:03:33.7481986Z 
publish	UNKNOWN STEP	2026-10-06T23:03:33.7482315Z ##[endgroup]
publish	UNKNOWN STEP	2026-10-06T23:03:33.7485782Z 
publish	UNKNOWN STEP	2026-10-06T23:03:33.7486354Z ##[group]tests/designer-drafter-policy.test.ts:
publish	UNKNOWN STEP	2026-10-06T23:03:34.0370577Z (pass) long-running judgment policy is default-decide and bans band-aid-vs-proper questions [0.58ms]
publish	UNKNOWN STEP	2026-10-06T23:03:34.0384002Z (pass) drafting gathers constraints upfront and active execution defers local choices [2.39ms]
publish	UNKNOWN STEP	2026-10-06T23:03:34.0385175Z (pass) explicit Designer declarations are consumed without changing ordinary design prose [0.19ms]
publish	UNKNOWN STEP	2026-10-06T23:03:34.0386552Z (pass) task plans preserve Designer routing and verification contracts and expose them on tasks [0.19ms]
publish	UNKNOWN STEP	2026-10-06T23:03:34.0823530Z (pass) Designer is a managed read-only role and remains available without a pin [44.22ms]
publish	UNKNOWN STEP	2026-10-06T23:03:34.0832333Z (pass) drafter resolution walks its own ordered chain and falls back to the session [1.03ms]
publish	UNKNOWN STEP	2026-10-06T23:03:34.0834218Z (pass) drafter resolution always retains one current-session last resort [0.23ms]
publish	UNKNOWN STEP	2026-10-06T23:03:34.0836350Z (pass) drafter resolution skips forbidden candidates without inspecting provider text [0.20ms]
publish	UNKNOWN STEP	2026-10-06T23:03:34.0842585Z (pass) audit 2026-09-06: drafter session-last-resort refuses a forbidden session model [0.58ms]
publish	UNKNOWN STEP	2026-10-06T23:03:34.0844570Z (pass) drafter keeps a configured current primary so its fallback remains reachable [0.21ms]
publish	UNKNOWN STEP	2026-10-06T23:03:34.0853923Z (pass) settings expose drafting-only primary and fallback controls [0.93ms]
publish	UNKNOWN STEP	2026-10-06T23:03:34.0859555Z (pass) drafting recovery stays on the dedicated chain and uses the existing interview [0.50ms]
publish	UNKNOWN STEP	2026-10-06T23:03:34.0861011Z (pass) continuation prompt names the explicit Designer hand-off syntax [0.18ms]
publish	UNKNOWN STEP	2026-10-06T23:03:34.0861622Z 
publish	UNKNOWN STEP	2026-10-06T23:03:34.0861943Z ##[endgroup]
publish	UNKNOWN STEP	2026-10-06T23:03:34.0865864Z 
publish	UNKNOWN STEP	2026-10-06T23:03:34.0866536Z ##[group]tests/loop-start-proof-fallback.test.ts:
publish	UNKNOWN STEP	2026-10-06T23:03:34.3630904Z (pass) v0.37.3 (issue #40) — start proof accepts agent_start fallback for followUp continuations [0.48ms]
publish	UNKNOWN STEP	2026-10-06T23:03:34.3651536Z (pass) v0.37.3 (issue #40) — retry backoff is env-configurable independently [0.15ms]
publish	UNKNOWN STEP	2026-10-06T23:03:34.3652977Z (pass) v0.37.3 (issue #40) — activation wires agent_start and turn_start fallbacks [0.49ms]
publish	UNKNOWN STEP	2026-10-06T23:03:34.3653628Z 
publish	UNKNOWN STEP	2026-10-06T23:03:34.3654172Z ##[endgroup]
publish	UNKNOWN STEP	2026-10-06T23:03:34.3654376Z 
publish	UNKNOWN STEP	2026-10-06T23:03:34.3654814Z ##[group]tests/reviewer-modes.test.ts:
publish	UNKNOWN STEP	2026-10-06T23:03:34.7398462Z (pass) E4: a failed proposal send is NOT counted or reported (phantom-reviewer hole closed) [1.27ms]
publish	UNKNOWN STEP	2026-10-06T23:03:34.7404503Z (pass) E4: clean-completion branch also gates on delivery — default AND aggressive modes [0.78ms]
publish	UNKNOWN STEP	2026-10-06T23:03:34.7412010Z (pass) auto mode: architectural findings enqueue to /list — proposeGoal NEVER called [0.76ms]
publish	UNKNOWN STEP	2026-10-06T23:03:34.7415394Z (pass) auto mode: clean completion enqueues the audit as a /list item (no Confirm) [0.35ms]
publish	UNKNOWN STEP	2026-10-06T23:03:34.7417220Z (pass) report mode: REMOVED in 0.27.9 (the 4-mode set `off | on | auto | aggressive` has no report branch) [0.20ms]
publish	UNKNOWN STEP	2026-10-06T23:03:34.7421757Z (pass) improvement-class extraction: 'consider adding X' / 'could be improved' enqueue without Confirm [0.40ms]
publish	UNKNOWN STEP	2026-10-06T23:03:34.7425957Z (pass) auto mode: refire window skipped for list-complete, enforced for goal-complete and in default mode [0.41ms]
publish	UNKNOWN STEP	2026-10-06T23:03:34.7427978Z (pass) auto mode: the per-day cap still bounds everything [0.25ms]
publish	UNKNOWN STEP	2026-10-06T23:03:34.7430143Z (pass) menu: Mode option lists the 4 modes (off, on, auto, aggressive) [0.21ms]
publish	UNKNOWN STEP	2026-10-06T23:03:34.7432182Z (pass) /review accepts all 4 modes and rejects unknown modes [0.20ms]
publish	UNKNOWN STEP	2026-10-06T23:03:34.7433303Z (pass) config: mode defaults to 'on' and merges from project settings [0.05ms]
publish	UNKNOWN STEP	2026-10-06T23:03:34.7434560Z (pass) config: legacy 'default' and 'report' modes auto-migrate to 'on' [0.05ms]
publish	UNKNOWN STEP	2026-10-06T23:03:34.7435623Z (pass) report-mode test removed: the 4-mode postaudit surface (`off | on | auto | aggressive`) has no report branch anymore (0.27.9) [0.17ms]
publish	UNKNOWN STEP	2026-10-06T23:03:34.7437104Z (pass) off mode: reviewer NEVER fires (equivalent to enabled=false, exposed via postaudit menu) [0.18ms]
publish	UNKNOWN STEP	2026-10-06T23:03:34.7443341Z (pass) aggressive mode: architectural findings enqueue AND the first one relaunches as /goal [0.52ms]
publish	UNKNOWN STEP	2026-10-06T23:03:34.7447935Z (pass) aggressive mode: clean completion → relaunch audit /goal (no Confirm) [0.44ms]
publish	UNKNOWN STEP	2026-10-06T23:03:34.7451467Z (pass) goal.ts fireReviewer opts.mode now accepts the 4-mode ReviewerMode union [0.39ms]
publish	UNKNOWN STEP	2026-10-06T23:03:34.7452088Z 
publish	UNKNOWN STEP	2026-10-06T23:03:34.7452549Z ##[endgroup]
publish	UNKNOWN STEP	2026-10-06T23:03:34.7456545Z 
publish	UNKNOWN STEP	2026-10-06T23:03:34.7457220Z ##[group]tests/repro-list-audit-activation.test.ts:
publish	UNKNOWN STEP	2026-10-06T23:03:35.1143598Z === ledger tail ===
publish	UNKNOWN STEP	2026-10-06T23:03:35.1144650Z (pass) repro: live sequence startup/shutdown(resume)/rebound(resume) then /list audit [82.34ms]
publish	UNKNOWN STEP	2026-10-06T23:03:35.1152226Z 
publish	UNKNOWN STEP	2026-10-06T23:03:35.1152894Z ##[endgroup]
publish	UNKNOWN STEP	2026-10-06T23:03:35.1153049Z 
publish	UNKNOWN STEP	2026-10-06T23:03:35.1153353Z ##[group]tests/auditor-polish.test.ts:
publish	UNKNOWN STEP	2026-10-06T23:03:35.1154399Z session_rebound {"reason":"startup"}
publish	UNKNOWN STEP	2026-10-06T23:03:35.1154786Z session_shutdown {"reason":"resume"}
publish	UNKNOWN STEP	2026-10-06T23:03:35.1163422Z session_rebound {"reason":"resume"}
publish	UNKNOWN STEP	2026-10-06T23:03:35.1163985Z list_queue_disk_first {"source":"/list audit","count":1,"diskFirst":true}
publish	UNKNOWN STEP	2026-10-06T23:03:35.1165695Z state {"goal":null,"list":[{"id":"20261006230335-4p6wlm","objective":"[LIST-AUDIT-COLLECT] Run ONE project audit pass that COLLECTS work — the follow-up fix
publish	UNKNOWN STEP	2026-10-06T23:03:35.1166490Z list_imported {"source":"/list audit","count":1}
publish	UNKNOWN STEP	2026-10-06T23:03:35.1167508Z state {"goal":{"id":"20261006230335-0pzm82","objective":"[LIST-AUDIT-COLLECT] Run ONE project audit pass that COLLECTS work — the follow-up fixes are queued
publish	UNKNOWN STEP	2026-10-06T23:03:35.1169478Z goal_created {"goalId":"20261006230335-0pzm82","objective":"[LIST-AUDIT-COLLECT] Run ONE project audit pass that COLLECTS work — the follow-up fixes are queued as 
publish	UNKNOWN STEP	2026-10-06T23:03:35.1170376Z === goals: [ "20261006230335-0pzm82.md" ] | notify-activated: false
publish	UNKNOWN STEP	2026-10-06T23:03:35.1170774Z === last state list: []
publish	UNKNOWN STEP	2026-10-06T23:03:35.4138510Z (pass) stripThinkBlocks removes think bodies, fragments, and artifacts [0.29ms]
publish	UNKNOWN STEP	2026-10-06T23:03:35.4140464Z (pass) audit log: append + read round-trip, malformed lines skipped [1.58ms]
publish	UNKNOWN STEP	2026-10-06T23:03:35.4606853Z (pass) audit log bounded tail scans large records from the end [46.67ms]
publish	UNKNOWN STEP	2026-10-06T23:03:35.4610927Z (pass) formatAuditLog: one line per verdict with glyph, goal, model, first report line [0.55ms]
publish	UNKNOWN STEP	2026-10-06T23:03:35.4615173Z (pass) tail-aware excerpt: capped output keeps the Required-fixes tail [0.45ms]
publish	UNKNOWN STEP	2026-10-06T23:03:35.4620909Z (pass) audit feedback excerpts redact provider payloads before executor output [0.25ms]
publish	UNKNOWN STEP	2026-10-06T23:03:35.4647777Z (pass) disapproval feedback is surfaced even when the continuation turn never starts [2.94ms]
publish	UNKNOWN STEP	2026-10-06T23:03:35.4649435Z (pass) infra errors are transparent to the disapproval streak (not breakers) [0.15ms]
publish	UNKNOWN STEP	2026-10-06T23:03:35.4658217Z (pass) widget flags auditor-quiet stalls after 3 minutes [0.90ms]
publish	UNKNOWN STEP	2026-10-06T23:03:35.4660225Z (pass) auditor prompt requires the Required-fixes tail + no think blocks [0.16ms]
publish	UNKNOWN STEP	2026-10-06T23:03:35.4663675Z (pass) isRetriableInfraError: aborts and missing-model are NOT retried [0.38ms]
publish	UNKNOWN STEP	2026-10-06T23:03:35.4669186Z (pass) runWithInfraRetry: retriable infra failure retried exactly once [0.54ms]
publish	UNKNOWN STEP	2026-10-06T23:03:35.4672123Z (pass) runWithInfraRetry: provider Retry-After does not suppress the uniform backoff [0.29ms]
publish	UNKNOWN STEP	2026-10-06T23:03:35.4674581Z (pass) runWithInfraRetry: lifecycle guard prevents a second attempt [0.26ms]
publish	UNKNOWN STEP	2026-10-06T23:03:35.4678739Z (pass) formatGoalAuditHistory: one line per verdict with elapsed [0.35ms]
publish	UNKNOWN STEP	2026-10-06T23:03:35.4679330Z 
publish	UNKNOWN STEP	2026-10-06T23:03:35.4679671Z ##[endgroup]
publish	UNKNOWN STEP	2026-10-06T23:03:35.4683653Z 
publish	UNKNOWN STEP	2026-10-06T23:03:35.4684120Z ##[group]tests/respec-draft-phase.test.ts:
publish	UNKNOWN STEP	2026-10-06T23:03:36.0310631Z (pass) restored legacy missing-spec loop dispatches its dedicated draft and gates reconciliation [273.99ms]
publish	UNKNOWN STEP	2026-10-06T23:03:36.2004786Z (pass) legacy bootstrap loops recover into the draft phase, including an existing partial spec [167.26ms]
publish	UNKNOWN STEP	2026-10-06T23:03:36.5130658Z (pass) respec with an existing spec drafts intended requirements before building [312.99ms]
publish	UNKNOWN STEP	2026-10-06T23:03:36.5170509Z (pass) a draft completion marker cannot substitute for a missing or empty spec [0.73ms]
publish	UNKNOWN STEP	2026-10-06T23:03:36.6960656Z (pass) active legacy bootstrap loop recovers into draft on its next tick [183.81ms]
publish	UNKNOWN STEP	2026-10-06T23:03:36.9290582Z (pass) respec with a structurally incomplete spec enters draft instead of reconciling [232.84ms]
publish	UNKNOWN STEP	2026-10-06T23:03:37.4188004Z (pass) restored legacy sticky handoff: marker one turn, finished spec the next, still reconciles [489.77ms]
publish	UNKNOWN STEP	2026-10-06T23:03:37.4191973Z (pass) draft prompt carries the stuck-ladder intervention note [0.61ms]
publish	UNKNOWN STEP	2026-10-06T23:03:37.6607336Z (pass) draft phase without a spec file degrades instead of throwing [241.30ms]
publish	UNKNOWN STEP	2026-10-06T23:03:37.6613879Z (pass) respecSpecComplete: title plus nonempty Rules plus another section [0.69ms]
publish	UNKNOWN STEP	2026-10-06T23:03:37.6614495Z 
publish	UNKNOWN STEP	2026-10-06T23:03:37.6615369Z ##[endgroup]
publish	UNKNOWN STEP	2026-10-06T23:03:37.6619472Z 
publish	UNKNOWN STEP	2026-10-06T23:03:37.6620250Z ##[group]tests/stale-continuation-integration.test.ts:
publish	UNKNOWN STEP	2026-10-06T23:03:38.0258415Z (pass) integration: stale goal continuation is sanitized at message_end and ledgered, raw source dropped [71.39ms]
publish	UNKNOWN STEP	2026-10-06T23:03:38.0353295Z (pass) integration: a GLLA pause abort becomes an actionable assistant message [9.55ms]
publish	UNKNOWN STEP	2026-10-06T23:03:38.0449279Z (pass) integration: a marked pause without suggestedAction still replaces generic abort text [8.49ms]
publish	UNKNOWN STEP	2026-10-06T23:03:38.0590538Z (pass) integration: starting a later turn invalidates an unconsumed pause marker [14.20ms]
publish	UNKNOWN STEP	2026-10-06T23:03:38.0800417Z (pass) integration: a stale pause marker cannot rewrite a later unrelated abort [19.59ms]
publish	UNKNOWN STEP	2026-10-06T23:03:38.0993352Z (pass) integration: a later same-owner abort after a silent prior marker is not rewritten [20.39ms]
publish	UNKNOWN STEP	2026-10-06T23:03:38.1180385Z (pass) integration: an unrelated owner abort is not rewritten [17.95ms]
publish	UNKNOWN STEP	2026-10-06T23:03:38.1592913Z (pass) integration: a foreign assistant abort is not rewritten [40.13ms]
publish	UNKNOWN STEP	2026-10-06T23:03:38.1836263Z (pass) integration: fresh continuation for active goal is NOT sanitized [26.09ms]
publish	UNKNOWN STEP	2026-10-06T23:03:38.2224806Z (pass) integration: foreign ctx never sanitizes (subagent isolation) [37.25ms]
publish	UNKNOWN STEP	2026-10-06T23:03:38.2275264Z 
publish	UNKNOWN STEP	2026-10-06T23:03:38.2276860Z ##[endgroup]
publish	UNKNOWN STEP	2026-10-06T23:03:38.2278157Z 
publish	UNKNOWN STEP	2026-10-06T23:03:38.2279311Z ##[group]tests/loop-measure-fail-closed.test.ts:
publish	UNKNOWN STEP	2026-10-06T23:03:38.5894309Z (pass) a measure result with no exit code is a NULL measure, not a reading [70.33ms]
publish	UNKNOWN STEP	2026-10-06T23:03:38.6020216Z (pass) an empty result envelope is also a NULL measure [10.93ms]
publish	UNKNOWN STEP	2026-10-06T23:03:38.6140283Z (pass) a genuinely successful measure still records its number [11.64ms]
publish	UNKNOWN STEP	2026-10-06T23:03:38.6279532Z (pass) a nonzero exit code with a parseable number is still rejected [15.54ms]
publish	UNKNOWN STEP	2026-10-06T23:03:38.6294254Z 
publish	UNKNOWN STEP	2026-10-06T23:03:38.6300048Z ##[endgroup]
publish	UNKNOWN STEP	2026-10-06T23:03:38.6300297Z 
publish	UNKNOWN STEP	2026-10-06T23:03:38.6300757Z ##[group]tests/stall-handling.test.ts:
publish	UNKNOWN STEP	2026-10-06T23:03:39.0171849Z (pass) escalation gate: threshold semantics (0 = never, N = fire at streak N) [42.72ms]
publish	UNKNOWN STEP	2026-10-06T23:03:39.0174511Z (pass) send paths are ledgered: sent AND failed, loop and goal [0.49ms]
publish	UNKNOWN STEP	2026-10-06T23:03:39.0193254Z (pass) refire streak: incremented on refire, ledgered, reset only on REAL activity [1.84ms]
publish	UNKNOWN STEP	2026-10-06T23:03:39.0200722Z (pass) escalation: streak at threshold stops the loop / pauses the goal, loudly [0.73ms]
publish	UNKNOWN STEP	2026-10-06T23:03:39.0209536Z (pass) session_compact hook: re-arms the chain when idle with no timer pending [0.87ms]
publish	UNKNOWN STEP	2026-10-06T23:03:39.0215621Z (pass) widget + status surface the streak only while nonzero [0.61ms]
publish	UNKNOWN STEP	2026-10-06T23:03:39.0252098Z (pass) settings: stallEscalationRefires round-trips through save/load [3.63ms]
publish	UNKNOWN STEP	2026-10-06T23:03:39.0266439Z (pass) /glla surface: bare command opens settings; arguments are actions [1.43ms]
publish	UNKNOWN STEP	2026-10-06T23:03:39.0272075Z (pass) P1: graduated stall escalation entry before the brake (sender + wiring) [0.55ms]
publish	UNKNOWN STEP	2026-10-06T23:03:39.0273241Z (pass) P2: every continuation carries the unclosed-status block [0.11ms]
publish	UNKNOWN STEP	2026-10-06T23:03:39.0284098Z (pass) P3: post-restore grace — armed on restore resume, skips accounting, ledgered [1.03ms]
publish	UNKNOWN STEP	2026-10-06T23:03:39.0289408Z (pass) v0.28.24: session_compact resets the send-rearm storm streaks + opens the post-compaction grace [0.50ms]
publish	UNKNOWN STEP	2026-10-06T23:03:39.0309549Z (pass) v0.34.82: heartbeat refuses to refire a continuation while pi is context-starved (no compaction landing) [1.98ms]
publish	UNKNOWN STEP	2026-10-06T23:03:39.0314779Z (pass) v0.29.21: session_compact arms a SECOND settle refire at grace expiry [0.57ms]
publish	UNKNOWN STEP	2026-10-06T23:03:39.0354627Z (pass) v0.29.1: completion lifecycle survives the wedged-queue window (storm suppression + stranded recovery + brake cap) [3.92ms]
publish	UNKNOWN STEP	2026-10-06T23:03:39.0404028Z (pass) v0.29.9: hourly top-of-hour probe — the park keeps retrying on clock-hour boundaries [4.92ms]
publish	UNKNOWN STEP	2026-10-06T23:03:39.0405280Z (pass) v0.34.142: nextHourlyProbeMs selects the next :00:30 slot [0.12ms]
publish	UNKNOWN STEP	2026-10-06T23:03:39.0441774Z (pass) v0.29.1: zombie-twin guard — drafts/enqueues duplicating a goal completed <24h ago are refused loudly [3.51ms]
publish	UNKNOWN STEP	2026-10-06T23:03:39.0445038Z (pass) v0.29.2: git discipline law — no invented identities or branches, in every execution prompt [0.46ms]
publish	UNKNOWN STEP	2026-10-06T23:03:39.0482636Z (pass) v0.29.3/0.29.6: no empty allowlist warning; stacked states AUTO-ARBITRATE (picker superseded) [3.80ms]
publish	UNKNOWN STEP	2026-10-06T23:03:39.0520063Z (pass) v0.29.4: user aborts stand the chain down and never count toward stalls (the Esc-spam loop) [3.72ms]
publish	UNKNOWN STEP	2026-10-06T23:03:39.0564256Z (pass) v0.29.5: the stand-down survives the heartbeat + autoResume is GLOBAL-only [4.41ms]
publish	UNKNOWN STEP	2026-10-06T23:03:39.0568474Z (pass) audit 2026-09-07 HIGH: zombie retry routes on the abort owner, cycle-reset consumes budget and honors the horizon [0.33ms]
publish	UNKNOWN STEP	2026-10-06T23:03:39.0613833Z (pass) v0.35.x — zombie-run watchdog: busy + zero stream events gets bounded abort and recovery guidance [4.50ms]
publish	UNKNOWN STEP	2026-10-06T23:03:39.0615162Z (pass) v0.35.x — a rejected zombie cleanup does not consume the abort latch [0.15ms]
publish	UNKNOWN STEP	2026-10-06T23:03:39.0659564Z (pass) v0.32.1: post-compaction resume debt + deterministic resync (pi-goal-x's lesson) [4.41ms]
publish	UNKNOWN STEP	2026-10-06T23:03:39.0693873Z (pass) v0.34.5: wedge alert names a subagent wait when the in-flight call is one [3.47ms]
publish	UNKNOWN STEP	2026-10-06T23:03:39.0732274Z (pass) v0.34.11: unanswered-continuation watchdog (accepted send, no turn — hellhunter list-transition wedge) [3.76ms]
publish	UNKNOWN STEP	2026-10-06T23:03:39.0767424Z (pass) v0.34.12: eager continuation settles 2.5s past agent_end (hellhunter 60s-per-turn blackhole tax) [3.55ms]
publish	UNKNOWN STEP	2026-10-06T23:03:39.0804742Z (pass) v0.34.12 + v0.34.64: wait-pause status line counts down live + ticker survives the wait (pully field request) [3.71ms]
publish	UNKNOWN STEP	2026-10-06T23:03:39.0850327Z (pass) v0.34.16: wedges hand off through pi lifecycle — no terminal self-reload [4.55ms]
publish	UNKNOWN STEP	2026-10-06T23:03:39.0890660Z (pass) v0.34.14: /reload rebind resumes mid-work — the 'list is not continuing' fix (hellhunter) [4.01ms]
publish	UNKNOWN STEP	2026-10-06T23:03:39.0930286Z (pass) v0.34.51: the hanging-verification cause is named by the timeout branch (pully ssh/sudo stall) [3.90ms]
publish	UNKNOWN STEP	2026-10-06T23:03:39.0973335Z (pass) v0.34.15: errorBrakeStreak persists ON THE GOAL — the 6-brake park survives /reload (hegemon 429 churn) [4.28ms]
publish	UNKNOWN STEP	2026-10-06T23:03:39.1033563Z (pass) provider failures use one generic recovery card [6.12ms]
publish	UNKNOWN STEP	2026-10-06T23:03:39.1069192Z (pass) v0.34.16: queue-stuck probe — a send queued-without-a-turn is reported without terminal injection [3.46ms]
publish	UNKNOWN STEP	2026-10-06T23:03:39.1072895Z (pass) audit 2026-09-07 MEDIUM: fallback ack refuses when a user message arrived after the send [0.19ms]
publish	UNKNOWN STEP	2026-10-06T23:03:39.1073460Z 
publish	UNKNOWN STEP	2026-10-06T23:03:39.1073810Z ##[endgroup]
publish	UNKNOWN STEP	2026-10-06T23:03:39.1075680Z 
publish	UNKNOWN STEP	2026-10-06T23:03:39.1076258Z ##[group]tests/auditor-unmatched-telemetry.test.ts:
publish	UNKNOWN STEP	2026-10-06T23:03:39.3903845Z (pass) v0.34.56: a serial id'd start+end pairs into toolCalls with zero unmatched facts [0.47ms]
publish	UNKNOWN STEP	2026-10-06T23:03:39.3906620Z (pass) v0.34.56: an end with the WRONG id never pairs — it is an explicit unmatched fact and the open start stays open [0.08ms]
publish	UNKNOWN STEP	2026-10-06T23:03:39.3908305Z (pass) v0.34.56: an end with an id can never close an ANONYMOUS start (missing-toolCallId shape) [0.06ms]
publish	UNKNOWN STEP	2026-10-06T23:03:39.3909990Z (pass) v0.34.56: an ANONYMOUS end can never close an id'd start (the id would be present on a true end) [0.07ms]
publish	UNKNOWN STEP	2026-10-06T23:03:39.3911526Z (pass) v0.34.56: a serial ANONYMOUS stream (both sides missing toolCallId) still pairs truthfully [0.06ms]
publish	UNKNOWN STEP	2026-10-06T23:03:39.3913264Z (pass) v0.34.56: an anonymous end closes the CURRENT anonymous start; a replaced anonymous start stays an explicit unmatched fact [0.09ms]
publish	UNKNOWN STEP	2026-10-06T23:03:39.3914472Z (pass) v0.34.56: a new start replacing an open start records the ORPHANED start explicitly (name, args, id preserved) [0.09ms]
publish	UNKNOWN STEP	2026-10-06T23:03:39.3915454Z (pass) v0.34.56: same-id restart updates the slot without an unmatched fact; an end with no open start is an unmatched end [0.09ms]
publish	UNKNOWN STEP	2026-10-06T23:03:39.3916353Z (pass) v0.34.56/0.34.108: the detached path forwards pairing data untouched (no inline slot mutation) [0.35ms]
publish	UNKNOWN STEP	2026-10-06T23:03:39.3917698Z (pass) v0.34.56: worker — anonymous ends pair only with the SOLE anonymous start; everything else is an explicit unmatched fact [0.17ms]
publish	UNKNOWN STEP	2026-10-06T23:03:39.3919096Z (pass) v0.34.56: worker — in-flight starts at session end become explicit unmatched starts (finish sweep) [0.12ms]
publish	UNKNOWN STEP	2026-10-06T23:03:39.3920005Z (pass) v0.34.56: progress file + asProgress + HUD mapping + display all carry the unmatched facts [0.34ms]
publish	UNKNOWN STEP	2026-10-06T23:03:39.3920412Z 
publish	UNKNOWN STEP	2026-10-06T23:03:39.3920737Z ##[endgroup]
publish	UNKNOWN STEP	2026-10-06T23:03:39.3921041Z 
publish	UNKNOWN STEP	2026-10-06T23:03:39.3921307Z ##[group]tests/owner-fence.test.ts:
publish	UNKNOWN STEP	2026-10-06T23:03:39.6857192Z (pass) v0.35.72: a live foreign process cannot claim the workingDir owner file [10.98ms]
publish	UNKNOWN STEP	2026-10-06T23:03:39.6921535Z (pass) v0.35.72: mutating goal and loop commands use the stale admission fence [3.76ms]
publish	UNKNOWN STEP	2026-10-06T23:03:39.7017698Z (pass) owner acquisition and refresh preserve malformed records for explicit repair [11.45ms]
publish	UNKNOWN STEP	2026-10-06T23:03:39.7084269Z (pass) takeover compares the complete record inside the owner mutation [6.82ms]
publish	UNKNOWN STEP	2026-10-06T23:03:39.7162266Z (pass) a stale instance refresh cannot overwrite a same-process successor [6.83ms]
publish	UNKNOWN STEP	2026-10-06T23:03:39.7189110Z 
publish	UNKNOWN STEP	2026-10-06T23:03:39.7190165Z ##[endgroup]
publish	UNKNOWN STEP	2026-10-06T23:03:39.7219116Z 
publish	UNKNOWN STEP	2026-10-06T23:03:39.7249622Z ##[group]tests/auditing-standstill.test.ts:
publish	UNKNOWN STEP	2026-10-06T23:03:40.9973355Z (pass) agent turns during a pending audit stay silent instead of escalating [906.78ms]
publish	UNKNOWN STEP	2026-10-06T23:03:40.9974001Z 
publish	UNKNOWN STEP	2026-10-06T23:03:40.9974499Z ##[endgroup]
publish	UNKNOWN STEP	2026-10-06T23:03:40.9977433Z 
publish	UNKNOWN STEP	2026-10-06T23:03:40.9977982Z ##[group]tests/durable-choice-ledger.test.ts:
publish	UNKNOWN STEP	2026-10-06T23:03:41.3568555Z (pass) durable-vs-defer judgment is an explicit bounded ledger choice [63.92ms]
publish	UNKNOWN STEP	2026-10-06T23:03:41.3570095Z (pass) durable-choice payload compacts model-authored rationale [0.09ms]
publish	UNKNOWN STEP	2026-10-06T23:03:41.3570544Z 
publish	UNKNOWN STEP	2026-10-06T23:03:41.3571085Z ##[endgroup]
publish	UNKNOWN STEP	2026-10-06T23:03:41.3572076Z 
publish	UNKNOWN STEP	2026-10-06T23:03:41.3572657Z ##[group]tests/audit-recovery-persistence.test.ts:
publish	UNKNOWN STEP	2026-10-06T23:03:41.7022248Z (pass) context-free audit recovery returns false and leaves restart state auditing when append fails [46.14ms]
publish	UNKNOWN STEP	2026-10-06T23:03:41.7022824Z 
publish	UNKNOWN STEP	2026-10-06T23:03:41.7023173Z ##[endgroup]
publish	UNKNOWN STEP	2026-10-06T23:03:41.7025065Z 
publish	UNKNOWN STEP	2026-10-06T23:03:41.7025737Z ##[group]tests/context-hygiene.test.ts:
publish	UNKNOWN STEP	2026-10-06T23:03:41.9948510Z (pass) predicate: error-only turns are droppable; tool-carrying, aborted, and healthy turns are not [0.51ms]
publish	UNKNOWN STEP	2026-10-06T23:03:41.9962867Z (pass) drop rule: keeps the most recent failed turn, drops older ones, preserves everything else [0.31ms]
publish	UNKNOWN STEP	2026-10-06T23:03:41.9964351Z (pass) drop rule: identity preserved when at or under the keep window; window is configurable [0.13ms]
publish	UNKNOWN STEP	2026-10-06T23:03:41.9966282Z (pass) drop rule: SEADED BLOAT — 60 failed turns collapse to the keep window; normal turns survive verbatim [0.28ms]
publish	UNKNOWN STEP	2026-10-06T23:03:41.9967776Z (pass) compaction pruning: reassigns both message arrays in place and counts drops [0.18ms]
publish	UNKNOWN STEP	2026-10-06T23:03:42.0433365Z (pass) wiring: the context event drops accumulated error turns and ledgeres the hygiene pass [47.56ms]
publish	UNKNOWN STEP	2026-10-06T23:03:42.0463661Z (pass) wiring: session_before_compact prunes and bounds the preparation the runner will summarize [3.17ms]
publish	UNKNOWN STEP	2026-10-06T23:03:42.0482743Z (pass) wiring: every default session_before_compact path receives the bounded projection and an undefined hook result [1.94ms]
publish	UNKNOWN STEP	2026-10-06T23:03:42.0484463Z (pass) failed GLLA probes shed their obsolete prompts with the error replies [0.23ms]
publish	UNKNOWN STEP	2026-10-06T23:03:42.0489281Z (pass) ordinary provider failures and unsupervised retries use the same hygiene rule [0.11ms]
publish	UNKNOWN STEP	2026-10-06T23:03:42.0490735Z (pass) failed-probe cleanup preserves user requests, tool pairs, aborts and unrelated controls [0.15ms]
publish	UNKNOWN STEP	2026-10-06T23:03:42.0495666Z (pass) both public context and compaction hooks remove obsolete failed dispatch pairs with checkpoint projection off [0.81ms]
publish	UNKNOWN STEP	2026-10-06T23:03:42.0496310Z 
publish	UNKNOWN STEP	2026-10-06T23:03:42.0496667Z ##[endgroup]
publish	UNKNOWN STEP	2026-10-06T23:03:42.0499747Z 
publish	UNKNOWN STEP	2026-10-06T23:03:42.0500206Z ##[group]tests/gettick-tool-visibility.test.ts:
publish	UNKNOWN STEP	2026-10-06T23:03:42.3984708Z (pass) v0.35.60: glla tools are reactivated at the pre-turn boundary [60.87ms]
publish	UNKNOWN STEP	2026-10-06T23:03:42.3985624Z 
publish	UNKNOWN STEP	2026-10-06T23:03:42.3986314Z ##[endgroup]
publish	UNKNOWN STEP	2026-10-06T23:03:42.3988103Z 
publish	UNKNOWN STEP	2026-10-06T23:03:42.3988470Z ##[group]tests/auditor-challenge.test.ts:
publish	UNKNOWN STEP	2026-10-06T23:03:42.8842538Z (pass) challenge: approval earns a falsification round; re-confirm preserves the verdict [194.22ms]
publish	UNKNOWN STEP	2026-10-06T23:03:43.0625528Z (pass) challenge: a challenge disapproval flips the verdict by final line [178.38ms]
publish	UNKNOWN STEP	2026-10-06T23:03:43.2079416Z (pass) challenge: round-1 disapprovals run single-round [145.36ms]
publish	UNKNOWN STEP	2026-10-06T23:03:43.3955179Z (pass) challenge: a failed challenge falls back to byte-identical round-1 output [187.56ms]
publish	UNKNOWN STEP	2026-10-06T23:03:43.5484812Z (pass) strict challenge: a failed falsification pass is infrastructure/no-verdict [152.93ms]
publish	UNKNOWN STEP	2026-10-06T23:03:43.7079253Z (pass) strict challenge: an explicit requirement overrides a policy skip [159.41ms]
publish	UNKNOWN STEP	2026-10-06T23:03:43.8529983Z (pass) challenge: a failed round 1 still fails without challenging [145.01ms]
publish	UNKNOWN STEP	2026-10-06T23:03:43.9761312Z (pass) challenge: a light-tier request skips round 2 and records the skip [123.03ms]
publish	UNKNOWN STEP	2026-10-06T23:03:44.1361310Z (pass) challenge: a rework-streak skip is NOT recorded as a light-tier audit (v0.38.104) [154.51ms]
publish	UNKNOWN STEP	2026-10-06T23:03:44.3213502Z (pass) challenge: a request with no reason keeps the light-tier default (v0.38.104) [190.06ms]
publish	UNKNOWN STEP	2026-10-06T23:03:44.3214905Z 
publish	UNKNOWN STEP	2026-10-06T23:03:44.3215785Z ##[endgroup]
publish	UNKNOWN STEP	2026-10-06T23:03:44.3216242Z 
publish	UNKNOWN STEP	2026-10-06T23:03:44.3216999Z ##[group]tests/rich-terminal-summary.test.ts:
publish	UNKNOWN STEP	2026-10-06T23:03:44.7277238Z (pass) card opens with the outcome, then a change-first account and compact verification [3.03ms]
publish	UNKNOWN STEP	2026-10-06T23:03:44.7291059Z (pass) chat hides verification by default; the archive retains the full table [1.47ms]
publish	UNKNOWN STEP	2026-10-06T23:03:44.7303716Z (pass) failed verification is archive-only unless explicitly requested [1.33ms]
publish	UNKNOWN STEP	2026-10-06T23:03:44.7311725Z (pass) REPORTED verification stays visible when explicitly requested — never upgraded to PASS [0.75ms]
publish	UNKNOWN STEP	2026-10-06T23:03:44.7324467Z (pass) commit hashes stay in the archive, while chat keeps explanations [1.29ms]
publish	UNKNOWN STEP	2026-10-06T23:03:44.7335076Z (pass) Next section carries the concrete action; stale self-reference still drops [1.05ms]
publish	UNKNOWN STEP	2026-10-06T23:03:44.7340740Z (pass) trailer contract holds: approval bullet, record pointer last [0.57ms]
publish	UNKNOWN STEP	2026-10-06T23:03:44.7352415Z (pass) change and next lines render uncapped [1.11ms]
publish	UNKNOWN STEP	2026-10-06T23:03:44.7358269Z (pass) no audit history means no Audit row, approval voice still closes [0.61ms]
publish	UNKNOWN STEP	2026-10-06T23:03:44.7366982Z (pass) archive section retains detailed findings and verification for complete, Aborted-headlined for aborted [0.79ms]
publish	UNKNOWN STEP	2026-10-06T23:03:44.7373826Z (pass) duration line rides under the headline; unknown facts stay absent [0.72ms]
publish	UNKNOWN STEP	2026-10-06T23:03:44.7383934Z (pass) fewer than four groups render as nested change subsections [0.83ms]
publish	UNKNOWN STEP	2026-10-06T23:03:44.7398512Z (pass) four or more groups render as an Area | Finding | Evidence table [1.56ms]
publish	UNKNOWN STEP	2026-10-06T23:03:44.7437220Z (pass) three groups stay nested — the table trigger is exactly four [0.69ms]
publish	UNKNOWN STEP	2026-10-06T23:03:44.7450350Z (pass) v0.38.55: render path respects the sanitize trust boundary [3.22ms]
publish	UNKNOWN STEP	2026-10-06T23:03:44.7452005Z (pass) extractEvidenceTokens moves tokens mechanically and never invents [0.20ms]
publish	UNKNOWN STEP	2026-10-06T23:03:44.7479970Z (pass) sanitizeFindingGroups bounds shape at the trust boundary [3.06ms]
publish	UNKNOWN STEP	2026-10-06T23:03:44.7515831Z (pass) v0.38.55: banner voices every audit outcome honestly [0.38ms]
publish	UNKNOWN STEP	2026-10-06T23:03:44.7520461Z (pass) v0.38.55: gate commands render a Command column; absent keeps 4 cols [0.37ms]
publish	UNKNOWN STEP	2026-10-06T23:03:44.7521729Z (pass) rich terminal projections remove ANSI, OSC, and control bytes from every field [0.96ms]
publish	UNKNOWN STEP	2026-10-06T23:03:44.8905823Z (pass) v0.38.55: final repository state closes the card when readable [141.68ms]
publish	UNKNOWN STEP	2026-10-06T23:03:44.8922071Z (pass) audit 2026-09-26: complete_goal accepts long free-prose values instead of refusing them [0.89ms]
publish	UNKNOWN STEP	2026-10-06T23:03:44.8922863Z (pass) v0.38.102 an inline enumeration renders as an indented list [0.54ms]
publish	UNKNOWN STEP	2026-10-06T23:03:44.8923931Z (pass) v0.38.102 a single (1) marker is prose, not a list, and is left intact [0.26ms]
publish	UNKNOWN STEP	2026-10-06T23:03:44.8926932Z (pass) v0.38.102 Next gets the same treatment as Remaining [0.25ms]
publish	UNKNOWN STEP	2026-10-06T23:03:44.8927431Z 
publish	UNKNOWN STEP	2026-10-06T23:03:44.8927833Z ##[endgroup]
publish	UNKNOWN STEP	2026-10-06T23:03:44.8930694Z 
publish	UNKNOWN STEP	2026-10-06T23:03:44.8931590Z ##[group]tests/provider-report-redaction-budget.test.ts:
publish	UNKNOWN STEP	2026-10-06T23:03:45.2084925Z (pass) v0.38.104 an auditor report survives sanitizing instead of being deleted [1.86ms]
publish	UNKNOWN STEP	2026-10-06T23:03:45.2087303Z (pass) v0.38.104 the required-fixes section is always recoverable [0.93ms]
publish	UNKNOWN STEP	2026-10-06T23:03:45.2089193Z (pass) v0.38.104 a genuine provider payload still redacts IN FULL [0.23ms]
publish	UNKNOWN STEP	2026-10-06T23:03:45.2090410Z (pass) v0.38.104 a payload-heavy blob redacts in full regardless of length [0.41ms]
publish	UNKNOWN STEP	2026-10-06T23:03:45.2091746Z (pass) v0.38.104 the budget is a real fraction with an absolute floor [0.05ms]
publish	UNKNOWN STEP	2026-10-06T23:03:45.2093198Z (pass) v0.38.104 a marked line is always redacted, even after the budget [2.34ms]
publish	UNKNOWN STEP	2026-10-06T23:03:45.2554220Z (pass) v0.38.104 a bare 5xx-shaped number is not a provider marker [46.39ms]
publish	UNKNOWN STEP	2026-10-06T23:03:45.2556577Z (pass) v0.38.104 a 5xx WITH http context still redacts [0.20ms]
publish	UNKNOWN STEP	2026-10-06T23:03:45.2557222Z 
publish	UNKNOWN STEP	2026-10-06T23:03:45.2557831Z ##[endgroup]
publish	UNKNOWN STEP	2026-10-06T23:03:45.2559359Z 
publish	UNKNOWN STEP	2026-10-06T23:03:45.2560200Z ##[group]tests/recovery-restore-after-restart.test.ts:
publish	UNKNOWN STEP	2026-10-06T23:03:46.7458114Z (pass) v0.34.63 — quit → blank startup → resume (new manager, same session id) restores the recovery probe [1180.48ms]
publish	UNKNOWN STEP	2026-10-06T23:03:46.7514816Z (pass) blank restart paints the durable list objective, recovery owner, and next action before transcript load [5.78ms]
publish	UNKNOWN STEP	2026-10-06T23:03:47.2672707Z (pass) v0.34.63 — a lifecycle start with a DIFFERENT session id stays refused while the barrier pends [515.66ms]
publish	UNKNOWN STEP	2026-10-06T23:03:47.2712295Z (pass) v0.34.63 — source guard: the barrier-completing resume gate is wired before the foreign-session return [4.09ms]
publish	UNKNOWN STEP	2026-10-06T23:03:47.2713132Z 
publish	UNKNOWN STEP	2026-10-06T23:03:47.2713617Z ##[endgroup]
publish	UNKNOWN STEP	2026-10-06T23:03:47.2716499Z 
publish	UNKNOWN STEP	2026-10-06T23:03:47.2717002Z ##[group]tests/settings-stale-save.test.ts:
publish	UNKNOWN STEP	2026-10-06T23:03:47.8167341Z (pass) C9: stale-probe refusal fails the save loudly — no false saved claim [231.65ms]
publish	UNKNOWN STEP	2026-10-06T23:03:47.9977578Z (pass) C9 control: healthy probe saves and reports normally [181.07ms]
publish	UNKNOWN STEP	2026-10-06T23:03:48.1340856Z [run-tests] progress: 540s elapsed · 0s since last output · 301 KiB of suite output
publish	UNKNOWN STEP	2026-10-06T23:03:48.1846751Z (pass) settings save validates its own session after an overlapping editor [184.98ms]
publish	UNKNOWN STEP	2026-10-06T23:03:48.4261681Z (pass) similarity editor empty input restores the default; explicit zero stays zero [242.29ms]
publish	UNKNOWN STEP	2026-10-06T23:03:48.6591514Z (pass) auditor picker offers thinking for provider refs containing nested model ids [234.02ms]
publish	UNKNOWN STEP	2026-10-06T23:03:48.6620216Z 
publish	UNKNOWN STEP	2026-10-06T23:03:48.6621417Z ##[endgroup]
publish	UNKNOWN STEP	2026-10-06T23:03:48.6622629Z 
publish	UNKNOWN STEP	2026-10-06T23:03:48.6623703Z ##[group]tests/audit-glance-clarity.test.ts:
publish	UNKNOWN STEP	2026-10-06T23:03:49.0572697Z (pass) screenshot regression: live audit facts and user action fit before Pi's ten-row cut [43.81ms]
publish	UNKNOWN STEP	2026-10-06T23:03:49.0574336Z (pass) narrow footer starts with audit state and real freshness [0.33ms]
publish	UNKNOWN STEP	2026-10-06T23:03:49.0578615Z (pass) quiet, blocked, settlement and recovery do not claim no action is needed [1.37ms]
publish	UNKNOWN STEP	2026-10-06T23:03:49.0584330Z (pass) starting audit distinguishes waiting for first activity from recent activity [0.54ms]
publish	UNKNOWN STEP	2026-10-06T23:03:49.0589581Z (pass) current tool keeps elapsed time and timeout budget in the compact card [0.48ms]
publish	UNKNOWN STEP	2026-10-06T23:03:49.0604037Z (pass) Studio regression: a silent bounded tool retains its clock and explains the wait [1.42ms]
publish	UNKNOWN STEP	2026-10-06T23:03:49.0615820Z (pass) a tool past its deadline, a cancelled tool and skewed telemetry cannot claim a healthy wait [1.13ms]
publish	UNKNOWN STEP	2026-10-06T23:03:49.0617299Z 
publish	UNKNOWN STEP	2026-10-06T23:03:49.0618599Z ##[endgroup]
publish	UNKNOWN STEP	2026-10-06T23:03:49.0621896Z 
publish	UNKNOWN STEP	2026-10-06T23:03:49.0622578Z ##[group]tests/overcap-strategy.test.ts:
publish	UNKNOWN STEP	2026-10-06T23:03:49.3840201Z (pass) ladder skips the stale retry after a recent compact [0.67ms]
publish	UNKNOWN STEP	2026-10-06T23:03:49.7088994Z (pass) failed compact + configured chain rotates, no ladder [325.30ms]
publish	UNKNOWN STEP	2026-10-06T23:03:49.9773242Z (pass) failed compact + empty chain names rung 3, never claims a walk [269.24ms]
publish	UNKNOWN STEP	2026-10-06T23:03:49.9774261Z 
publish	UNKNOWN STEP	2026-10-06T23:03:49.9775534Z ##[endgroup]
publish	UNKNOWN STEP	2026-10-06T23:03:49.9779312Z 
publish	UNKNOWN STEP	2026-10-06T23:03:49.9780101Z ##[group]tests/hegemon-queue-unblock-evidence.test.ts:
publish	UNKNOWN STEP	2026-10-06T23:03:50.6786981Z (pass) REAL SHAPE: 12 empty head items block list activation exactly as in the hegemon ledger [343.96ms]
publish	UNKNOWN STEP	2026-10-06T23:03:51.0312161Z (pass) REAL SHAPE: the clean 31-item queue (empties removed) activates main-menu without any blocked event [353.50ms]
publish	UNKNOWN STEP	2026-10-06T23:03:51.0312955Z 
publish	UNKNOWN STEP	2026-10-06T23:03:51.0313442Z ##[endgroup]
publish	UNKNOWN STEP	2026-10-06T23:03:51.0340194Z 
publish	UNKNOWN STEP	2026-10-06T23:03:51.0356001Z ##[group]tests/repair-promotion-durability.test.ts:
publish	UNKNOWN STEP	2026-10-06T23:03:51.3976302Z (pass) a new repair item is durable at the head with target metadata in its first write [58.32ms]
publish	UNKNOWN STEP	2026-10-06T23:03:51.4042486Z (pass) list_activate hydrates a disk-only queue before resolving the requested position [6.62ms]
publish	UNKNOWN STEP	2026-10-06T23:03:51.4076015Z (pass) an equivalent repair already in the queue is promoted to the durable head [2.74ms]
publish	UNKNOWN STEP	2026-10-06T23:03:51.4076482Z 
publish	UNKNOWN STEP	2026-10-06T23:03:51.4076821Z ##[endgroup]
publish	UNKNOWN STEP	2026-10-06T23:03:51.4076949Z 
publish	UNKNOWN STEP	2026-10-06T23:03:51.4077310Z ##[group]tests/regression-shield.test.ts:
publish	UNKNOWN STEP	2026-10-06T23:03:51.7230625Z (pass) contractItems: strips the 'Done when:' marker line [0.37ms]
publish	UNKNOWN STEP	2026-10-06T23:03:51.7242308Z (pass) contractItems: handles inline single-line contracts [0.09ms]
publish	UNKNOWN STEP	2026-10-06T23:03:51.7247385Z (pass) contractItems: strips bullets and numbering [0.07ms]
publish	UNKNOWN STEP	2026-10-06T23:03:51.7248094Z (pass) contractItems: drops empty lines [0.05ms]
publish	UNKNOWN STEP	2026-10-06T23:03:51.7249264Z (pass) contractItems: skips wrapped prose preamble in list-shaped contracts [0.10ms]
publish	UNKNOWN STEP	2026-10-06T23:03:51.7250604Z (pass) contractItems: shapeless contracts keep every-line behavior [0.07ms]
publish	UNKNOWN STEP	2026-10-06T23:03:51.7251727Z (pass) contractItems: a Done-when criterion survives alongside bullets [0.09ms]
publish	UNKNOWN STEP	2026-10-06T23:03:51.7252765Z (pass) passes: preamble fragments are not required in evidence [0.37ms]
publish	UNKNOWN STEP	2026-10-06T23:03:51.7253715Z (pass) passes: evidence block present, all items referenced [0.14ms]
publish	UNKNOWN STEP	2026-10-06T23:03:51.7254405Z (pass) rejects: approval without an evidence block [0.12ms]
publish	UNKNOWN STEP	2026-10-06T23:03:51.7254947Z (pass) rejects: evidence block but an item is not addressed [0.09ms]
publish	UNKNOWN STEP	2026-10-06T23:03:51.7255468Z (pass) rejects: bamboozle-style empty evidence block [0.13ms]
publish	UNKNOWN STEP	2026-10-06T23:03:51.7256059Z (pass) rejects: contract prose outside evidence cannot satisfy the shield [0.10ms]
publish	UNKNOWN STEP	2026-10-06T23:03:51.7256700Z (pass) distinctive-token matching: references the item by a filename [0.07ms]
publish	UNKNOWN STEP	2026-10-06T23:03:51.7257181Z (pass) case-insensitive matching [0.07ms]
publish	UNKNOWN STEP	2026-10-06T23:03:51.7257652Z (pass) contractItems: excludes 'Out of scope' boundary lines [0.05ms]
publish	UNKNOWN STEP	2026-10-06T23:03:51.7258543Z (pass) compound tokens match via segments (left-cropped → left + cropped) [0.12ms]
publish	UNKNOWN STEP	2026-10-06T23:03:51.7259908Z (pass) prose punctuation glued to tokens does not break matching (file/element.) [0.09ms]
publish	UNKNOWN STEP	2026-10-06T23:03:51.7260584Z (pass) top-3 candidate matching tolerates contract-only vocabulary [0.10ms]
publish	UNKNOWN STEP	2026-10-06T23:03:51.7261286Z (pass) still rejects: bamboozle report that never touches the item's vocabulary [0.10ms]
publish	UNKNOWN STEP	2026-10-06T23:03:51.7262048Z (pass) CJK: a verbatim-quoted Chinese item passes (token is one CJK word, not delimiters) [1.08ms]
publish	UNKNOWN STEP	2026-10-06T23:03:51.7262760Z (pass) CJK: a quote that drops the trailing full-width colon still matches [0.13ms]
publish	UNKNOWN STEP	2026-10-06T23:03:51.7263388Z (pass) CJK: a Chinese line with no ASCII letters is one candidate token [0.08ms]
publish	UNKNOWN STEP	2026-10-06T23:03:51.7264459Z (pass) CJK: an English-only paraphrase of a Chinese item is still rejected (strict shield) [0.23ms]
publish	UNKNOWN STEP	2026-10-06T23:03:51.7265481Z (pass) CJK: mixed item matches on its ASCII token even when CJK words are not quoted [0.10ms]
publish	UNKNOWN STEP	2026-10-06T23:03:51.7270793Z (pass) ASCII behavior is unchanged: distinctive-token + compound matching still work [0.12ms]
publish	UNKNOWN STEP	2026-10-06T23:03:51.7271577Z (pass) contractItems: 'Done when ALL of the following are true:' preamble is dropped [0.08ms]
publish	UNKNOWN STEP	2026-10-06T23:03:51.7272267Z (pass) contractItems: preamble without trailing colon is also dropped [0.06ms]
publish	UNKNOWN STEP	2026-10-06T23:03:51.7273186Z (pass) shield passes a genuine approval that a preamble-only false positive used to block [0.09ms]
publish	UNKNOWN STEP	2026-10-06T23:03:51.9823495Z (pass) extractMechanicalCheckCommands: extracts backticked and raw shell commands [258.03ms]
publish	UNKNOWN STEP	2026-10-06T23:03:52.0264238Z (pass) extractMechanicalCheckCommands: skips commands under negation [44.14ms]
publish	UNKNOWN STEP	2026-10-06T23:03:52.0267533Z (pass) extractMechanicalCheckCommands: rejects never-exiting server commands [0.47ms]
publish	UNKNOWN STEP	2026-10-06T23:03:53.2157824Z (pass) v0.35.16: mechanical checks keep the TAIL of failed output and banner a timeout kill [1188.84ms]
publish	UNKNOWN STEP	2026-10-06T23:03:55.5249912Z (pass) mechanical checks stay async and kill descendant processes on timeout [2309.11ms]
publish	UNKNOWN STEP	2026-10-06T23:03:55.7336372Z (pass) mechanical checks stop a runaway process group before the wall timeout [208.50ms]
publish	UNKNOWN STEP	2026-10-06T23:03:55.7338003Z (pass) v0.35.18: resolveCanonicalRunnerCommand maps raw runners to their canonical package script [0.42ms]
publish	UNKNOWN STEP	2026-10-06T23:03:56.0099016Z (pass) v0.35.20: runMechanicalPreAuditChecks retries a transiently failing check exactly once, honestly bannered [275.92ms]
publish	UNKNOWN STEP	2026-10-06T23:03:56.0633983Z (pass) v0.38.23: mechanical checks resolve project-local node_modules/.bin (bare tsc ENOENT field fix) [53.54ms]
publish	UNKNOWN STEP	2026-10-06T23:03:56.0634578Z 
publish	UNKNOWN STEP	2026-10-06T23:03:56.0634969Z ##[endgroup]
publish	UNKNOWN STEP	2026-10-06T23:03:56.1107103Z 
publish	UNKNOWN STEP	2026-10-06T23:03:56.1108299Z ##[group]tests/resume-rekick.test.ts:
publish	UNKNOWN STEP	2026-10-06T23:03:56.4310894Z (pass) v0.34.3: /glla resume re-kicks an ACTIVE-but-idle goal instead of 'Nothing to resume' [0.51ms]
publish	UNKNOWN STEP	2026-10-06T23:03:56.4328437Z (pass) v0.34.3: /glla resume re-kicks an ACTIVE loop too [0.19ms]
publish	UNKNOWN STEP	2026-10-06T23:03:56.4340263Z (pass) v0.34.3: /goal resume (/list resume) re-kicks instead of silently returning [0.25ms]
publish	UNKNOWN STEP	2026-10-06T23:03:56.4341331Z (pass) v0.34.3: re-kicks are ledger-visible (resume_rekick) [0.14ms]
publish	UNKNOWN STEP	2026-10-06T23:03:56.4341795Z 
publish	UNKNOWN STEP	2026-10-06T23:03:56.4342286Z ##[endgroup]
publish	UNKNOWN STEP	2026-10-06T23:03:56.4342486Z 
publish	UNKNOWN STEP	2026-10-06T23:03:56.4342970Z ##[group]tests/compaction-live-verifier.test.mjs:
publish	UNKNOWN STEP	2026-10-06T23:03:56.7300587Z (pass) loads both local extension entrypoints and isolates Pi's agent directory [0.57ms]
publish	UNKNOWN STEP	2026-10-06T23:03:56.7321613Z (pass) accepts only ordered host compaction events plus persisted non-empty records [0.19ms]
publish	UNKNOWN STEP	2026-10-06T23:03:56.7324058Z (pass) exercises manual RPC compaction and both post-compaction continuations [0.19ms]
publish	UNKNOWN STEP	2026-10-06T23:03:56.7324619Z 
publish	UNKNOWN STEP	2026-10-06T23:03:56.7324948Z ##[endgroup]
publish	UNKNOWN STEP	2026-10-06T23:03:56.7325081Z 
publish	UNKNOWN STEP	2026-10-06T23:03:56.7325381Z ##[group]tests/zombie-resume.test.ts:
publish	UNKNOWN STEP	2026-10-06T23:03:57.3454292Z (pass) v0.35.25 #14: /loop resume honors the zero-stream abort park and preserves iteration/history [299.08ms]
publish	UNKNOWN STEP	2026-10-06T23:03:57.7233253Z (pass) v0.35.25 #14: control — a non-resumable stop reason is still refused [375.57ms]
publish	UNKNOWN STEP	2026-10-06T23:03:57.9949555Z (pass) /glla resume resumes a loop held for stopped: automatic zero-stream abort — no provider activity was observed after 30m (iteration 210 preserved; /loop resume to retry) [267.22ms]
publish	UNKNOWN STEP	2026-10-06T23:03:58.5013170Z (pass) /glla resume resumes a loop held for paused by user (/loop pause) [513.59ms]
publish	UNKNOWN STEP	2026-10-06T23:03:58.8870660Z (pass) /glla resume resumes a loop held for stalled: 5 continuation refires landed no turn [384.34ms]
publish	UNKNOWN STEP	2026-10-06T23:03:59.2121812Z (pass) /glla resume leaves a completed loop terminal [319.86ms]
publish	UNKNOWN STEP	2026-10-06T23:03:59.2144525Z 
publish	UNKNOWN STEP	2026-10-06T23:03:59.2146086Z ##[endgroup]
publish	UNKNOWN STEP	2026-10-06T23:03:59.2146681Z 
publish	UNKNOWN STEP	2026-10-06T23:03:59.2147370Z ##[group]tests/main-fallback-thinking.test.ts:
publish	UNKNOWN STEP	2026-10-06T23:03:59.5831491Z (pass) main fallback picker saves a distinct supported thinking level per model and displays it [64.10ms]
publish	UNKNOWN STEP	2026-10-06T23:03:59.5841149Z (pass) fallback thinking settings and primary restoration are bounded durable values [1.20ms]
publish	UNKNOWN STEP	2026-10-06T23:03:59.5876957Z (pass) thinking choices come from registered model capabilities and reject unsupported selections [3.44ms]
publish	UNKNOWN STEP	2026-10-06T23:03:59.5925625Z (pass) the global main fallback chain accepts the current session model in both picker and typed input [4.72ms]
publish	UNKNOWN STEP	2026-10-06T23:03:59.5978648Z (pass) adding Muse after M3.1 asks only for Muse and preserves existing pins on reorder/removal [5.25ms]
publish	UNKNOWN STEP	2026-10-06T23:03:59.5979695Z 
publish	UNKNOWN STEP	2026-10-06T23:03:59.5980198Z ##[endgroup]
publish	UNKNOWN STEP	2026-10-06T23:03:59.5983833Z 
publish	UNKNOWN STEP	2026-10-06T23:03:59.5984414Z ##[group]tests/pitfall-registry.test.ts:
publish	UNKNOWN STEP	2026-10-06T23:03:59.9047601Z (pass) pitfall registry: absent file reads as absent [1.03ms]
publish	UNKNOWN STEP	2026-10-06T23:03:59.9056655Z (pass) pitfall registry: present file is returned bounded [0.64ms]
publish	UNKNOWN STEP	2026-10-06T23:03:59.9568232Z (pass) pitfall registry: brief rides the continuation prompt [53.63ms]
publish	UNKNOWN STEP	2026-10-06T23:03:59.9576418Z (pass) pitfall registry: no brief means no section [0.96ms]
publish	UNKNOWN STEP	2026-10-06T23:03:59.9576792Z 
publish	UNKNOWN STEP	2026-10-06T23:03:59.9577151Z ##[endgroup]
publish	UNKNOWN STEP	2026-10-06T23:03:59.9581872Z 
publish	UNKNOWN STEP	2026-10-06T23:03:59.9582424Z ##[group]tests/objection-pinning.test.ts:
publish	UNKNOWN STEP	2026-10-06T23:04:01.5137916Z (pass) v0.38.21 two disapproval rounds: R1 retired with its objections attached, prompt argues R2 only [1261.56ms]
publish	UNKNOWN STEP	2026-10-06T23:04:01.5143237Z (pass) v0.38.21 appendAuditVerdict: clean approval clears the pin, shield-clear counts, errors never touch flags [0.66ms]
publish	UNKNOWN STEP	2026-10-06T23:04:01.5144032Z 
publish	UNKNOWN STEP	2026-10-06T23:04:01.5144473Z ##[endgroup]
publish	UNKNOWN STEP	2026-10-06T23:04:01.5148224Z 
publish	UNKNOWN STEP	2026-10-06T23:04:01.5148814Z ##[group]tests/auditor-blank-until-resume.test.ts:
publish	UNKNOWN STEP	2026-10-06T23:04:01.9242932Z (pass) cold auditor gate hides only the report, not the durable objective UI [5.43ms]
publish	UNKNOWN STEP	2026-10-06T23:04:02.3500458Z (pass) cold restore shows the objective and sends nothing until explicit resume [420.81ms]
publish	UNKNOWN STEP	2026-10-06T23:04:02.5453964Z (pass) rejected stale /goal resume leaves the auditor surface suppressed [198.86ms]
publish	UNKNOWN STEP	2026-10-06T23:04:02.8920957Z (pass) explicit /goal resume releases the auditor surface for admitted main-model recovery [345.59ms]
publish	UNKNOWN STEP	2026-10-06T23:04:03.2411927Z (pass) configured auto-resume is continuation consent and restores auditor context [350.05ms]
publish	UNKNOWN STEP	2026-10-06T23:04:03.2412917Z 
publish	UNKNOWN STEP	2026-10-06T23:04:03.2413794Z ##[endgroup]
publish	UNKNOWN STEP	2026-10-06T23:04:03.2416676Z 
publish	UNKNOWN STEP	2026-10-06T23:04:03.2417304Z ##[group]tests/audit-history-copy.test.ts:
publish	UNKNOWN STEP	2026-10-06T23:04:03.6194859Z (pass) A9 premise: appendAuditVerdict mutates the passed history in place (array + entries) [38.00ms]
publish	UNKNOWN STEP	2026-10-06T23:04:03.6202128Z (pass) A9 (pin): both apply paths copy auditHistory before appendAuditVerdict can touch it [0.86ms]
publish	UNKNOWN STEP	2026-10-06T23:04:03.6202958Z 
publish	UNKNOWN STEP	2026-10-06T23:04:03.6203521Z ##[endgroup]
publish	UNKNOWN STEP	2026-10-06T23:04:03.6209307Z 
publish	UNKNOWN STEP	2026-10-06T23:04:03.6209873Z ##[group]tests/pause-message-content.test.ts:
publish	UNKNOWN STEP	2026-10-06T23:04:04.0098454Z (pass) audit-cap pause message guides INVESTIGATION (item 20) [1.33ms]
publish	UNKNOWN STEP	2026-10-06T23:04:04.0106190Z (pass) pause message no longer leads with 'summarize and ask' (item 19) [0.89ms]
publish	UNKNOWN STEP	2026-10-06T23:04:04.0106671Z 
publish	UNKNOWN STEP	2026-10-06T23:04:04.0107055Z ##[endgroup]
publish	UNKNOWN STEP	2026-10-06T23:04:04.0111442Z 
publish	UNKNOWN STEP	2026-10-06T23:04:04.0112191Z ##[group]tests/auditor-timeout-settings.test.ts:
publish	UNKNOWN STEP	2026-10-06T23:04:04.3984490Z (pass) v0.37.0: escalatedAuditorTimeout doubles per prior attempt and saturates at 4x base [0.54ms]
publish	UNKNOWN STEP	2026-10-06T23:04:04.4030057Z (pass) v0.37.0: auditor timeout settings clamp into bounds on load [4.70ms]
publish	UNKNOWN STEP	2026-10-06T23:04:04.4094456Z (pass) v0.37.0: /glla editor accepts plain-ms and s/m/h duration input for both keys [6.40ms]
publish	UNKNOWN STEP	2026-10-06T23:04:04.4108640Z (pass) v0.37.0: settings menu exposes both auditor timeout rows in the auditor section [1.45ms]
publish	UNKNOWN STEP	2026-10-06T23:04:04.8543879Z (pass) v0.37.0: dispatch env reaches the worker process so parent and worker budgets agree [443.29ms]
publish	UNKNOWN STEP	2026-10-06T23:04:04.8545625Z (pass) v0.37.0: progress signature counts streamed report bytes [0.33ms]
publish	UNKNOWN STEP	2026-10-06T23:04:04.8546878Z (pass) v0.37.0: an in-budget live tool exempts the audit card from the quiet phase [0.17ms]
publish	UNKNOWN STEP	2026-10-06T23:04:04.8574624Z (pass) v0.37.0: durable claims preserve the timeout escalation index across loads [2.70ms]
publish	UNKNOWN STEP	2026-10-06T23:04:04.8584282Z (pass) v0.38.3: auditJobRetentionMs clamps into [0, 7d] on load [0.94ms]
publish	UNKNOWN STEP	2026-10-06T23:04:04.8635750Z (pass) v0.38.3: /glla editor accepts duration input for auditJobRetentionMs (0 is legal) [5.04ms]
publish	UNKNOWN STEP	2026-10-06T23:04:04.8648255Z (pass) v0.38.3: settings menu exposes the audit job retention row in the auditor section [1.30ms]
publish	UNKNOWN STEP	2026-10-06T23:04:04.8649192Z 
publish	UNKNOWN STEP	2026-10-06T23:04:04.8649872Z ##[endgroup]
publish	UNKNOWN STEP	2026-10-06T23:04:04.8654485Z 
publish	UNKNOWN STEP	2026-10-06T23:04:04.8655307Z ##[group]tests/zombie-user-input-standdown.test.ts:
publish	UNKNOWN STEP	2026-10-06T23:04:05.1710481Z (pass) user-input wait set covers glla dialogs and structured-question tools [0.22ms]
publish	UNKNOWN STEP	2026-10-06T23:04:05.1712091Z (pass) execution/reads/subagent tools are NOT user-input waits [0.07ms]
publish	UNKNOWN STEP	2026-10-06T23:04:05.1716957Z (pass) zombie branch stands down on human-input waits with its own ledger event [0.28ms]
publish	UNKNOWN STEP	2026-10-06T23:04:05.1718314Z (pass) stand-down ledger is latched per silent episode, not per tick [0.38ms]
publish	UNKNOWN STEP	2026-10-06T23:04:05.1719703Z (pass) the abort path is untouched when NO human-input tool is in flight [0.16ms]
publish	UNKNOWN STEP	2026-10-06T23:04:05.1720060Z 
publish	UNKNOWN STEP	2026-10-06T23:04:05.1720391Z ##[endgroup]
publish	UNKNOWN STEP	2026-10-06T23:04:05.1720558Z 
publish	UNKNOWN STEP	2026-10-06T23:04:05.1720832Z ##[group]tests/adaptive-wait.test.mjs:
publish	UNKNOWN STEP	2026-10-06T23:04:05.5524917Z (pass) estimateDurationFromHistory uses median with headroom and fallback bounds [0.54ms]
publish	UNKNOWN STEP	2026-10-06T23:04:05.5527682Z (pass) nextPollMs doubles each attempt capped at 1s [0.30ms]
publish	UNKNOWN STEP	2026-10-06T23:04:05.5532589Z (pass) waitForDurableEvent works with adaptive poll intervals [0.67ms]
publish	UNKNOWN STEP	2026-10-06T23:04:05.7930282Z (pass) smoke wait_for uses adaptive polling (check-if-done, 250->1000) [239.49ms]
publish	UNKNOWN STEP	2026-10-06T23:04:05.7931077Z 
publish	UNKNOWN STEP	2026-10-06T23:04:05.7931715Z ##[endgroup]
publish	UNKNOWN STEP	2026-10-06T23:04:05.7945592Z 
publish	UNKNOWN STEP	2026-10-06T23:04:05.7946608Z ##[group]tests/auditor-quota-identical.test.ts:
publish	UNKNOWN STEP	2026-10-06T23:04:06.1947445Z (pass) rate-limit and plan-quota walls are exempt from the identical park [0.36ms]
publish	UNKNOWN STEP	2026-10-06T23:04:06.1949201Z (pass) billing walls keep the park — retries cannot fix a paywall [0.04ms]
publish	UNKNOWN STEP	2026-10-06T23:04:06.1950141Z (pass) non-quota infra failures keep the identical park [0.04ms]
publish	UNKNOWN STEP	2026-10-06T23:04:06.1951203Z (pass) freshAuditorCycleClaim reseeds the dead chain and restarts the streak [0.26ms]
publish	UNKNOWN STEP	2026-10-06T23:04:06.1951813Z 
publish	UNKNOWN STEP	2026-10-06T23:04:06.1952279Z ##[endgroup]
publish	UNKNOWN STEP	2026-10-06T23:04:06.1955277Z 
publish	UNKNOWN STEP	2026-10-06T23:04:06.1955959Z ##[group]tests/defer-durable-ordering.test.ts:
publish	UNKNOWN STEP	2026-10-06T23:04:06.5911022Z (pass) defer vs durable — semantic recommendation ordering > v0.38.71: imperative fix verbs do not double against the plaque verb (field UI-SURVEY-2026-09-20) [0.49ms]
publish	UNKNOWN STEP	2026-10-06T23:04:06.5913571Z (pass) defer vs durable — semantic recommendation ordering > three defer recommendations still select the safe durable action first [0.21ms]
publish	UNKNOWN STEP	2026-10-06T23:04:06.5915834Z (pass) defer vs durable — semantic recommendation ordering > only an explicit blocked fact selects the reversible defer plaque [0.13ms]
publish	UNKNOWN STEP	2026-10-06T23:04:06.5918000Z (pass) defer vs durable — semantic recommendation ordering > the policy is generated from the same semantic three-defer path [0.21ms]
publish	UNKNOWN STEP	2026-10-06T23:04:06.5919132Z 
publish	UNKNOWN STEP	2026-10-06T23:04:06.5919662Z ##[endgroup]
publish	UNKNOWN STEP	2026-10-06T23:04:06.5919886Z 
publish	UNKNOWN STEP	2026-10-06T23:04:06.5920319Z ##[group]tests/settlement-boundary-faults.test.ts:
publish	UNKNOWN STEP	2026-10-06T23:04:06.9992100Z (pass) typed settlement refuses success before its intent can be persisted [8.73ms]
publish	UNKNOWN STEP	2026-10-06T23:04:07.0091828Z (pass) failed receipt transfer retains the terminal obligation across live-slot cleanup [9.97ms]
publish	UNKNOWN STEP	2026-10-06T23:04:07.0209231Z (pass) unreadable old outbox retains new archive intent until both summaries can be queued [11.68ms]
publish	UNKNOWN STEP	2026-10-06T23:04:07.0209947Z 
publish	UNKNOWN STEP	2026-10-06T23:04:07.0210428Z ##[endgroup]
publish	UNKNOWN STEP	2026-10-06T23:04:07.0213810Z 
publish	UNKNOWN STEP	2026-10-06T23:04:07.0214352Z ##[group]tests/task-list-persistence.test.ts:
publish	UNKNOWN STEP	2026-10-06T23:04:07.3990608Z (pass) normal task-list proposal reports failure and stores no task list [59.93ms]
publish	UNKNOWN STEP	2026-10-06T23:04:07.4025463Z (pass) repair proposal preserves the source sidecar and queue when the task list cannot persist [3.75ms]
publish	UNKNOWN STEP	2026-10-06T23:04:07.4026184Z 
publish	UNKNOWN STEP	2026-10-06T23:04:07.4026657Z ##[endgroup]
publish	UNKNOWN STEP	2026-10-06T23:04:07.4030151Z 
publish	UNKNOWN STEP	2026-10-06T23:04:07.4030994Z ##[group]tests/transient-retry-cadence.test.ts:
publish	UNKNOWN STEP	2026-10-06T23:04:07.7591157Z (pass) transient weather hammers: 10 eager probes through the real classifier [48.09ms]
publish	UNKNOWN STEP	2026-10-06T23:04:07.7593457Z (pass) post-eager transient ladder: 1m base doubling to the 30m cap [0.25ms]
publish	UNKNOWN STEP	2026-10-06T23:04:07.7595623Z (pass) walls keep the historical ladder; a reset hint outranks the eager window [0.38ms]
publish	UNKNOWN STEP	2026-10-06T23:04:07.7597629Z (pass) v0.38.104: unclassified errors fail open to eager [0.25ms]
publish	UNKNOWN STEP	2026-10-06T23:04:07.7600076Z (pass) recovery probes use the kind-aware delay (the 300m park) [0.21ms]
publish	UNKNOWN STEP	2026-10-06T23:04:07.7607807Z (pass) describeSubagentTerminal: transient text is eager, walls and aborts are not [0.74ms]
publish	UNKNOWN STEP	2026-10-06T23:04:07.7611061Z (pass) subagentTerminalAlreadyRecorded: the nudge fires once per run [0.34ms]
publish	UNKNOWN STEP	2026-10-06T23:04:07.7614004Z (pass) audit: terminal precedence holds in every event order [0.31ms]
publish	UNKNOWN STEP	2026-10-06T23:04:07.7621641Z (pass) wiring: the process-terminal handler ledger-nudges eager child failures [0.69ms]
publish	UNKNOWN STEP	2026-10-06T23:04:07.7624562Z (pass) wiring: recovery probes route through the kind-aware delay [0.32ms]
publish	UNKNOWN STEP	2026-10-06T23:04:07.7625090Z 
publish	UNKNOWN STEP	2026-10-06T23:04:07.7625566Z ##[endgroup]
publish	UNKNOWN STEP	2026-10-06T23:04:07.7630121Z 
publish	UNKNOWN STEP	2026-10-06T23:04:07.7630781Z ##[group]tests/quota-horizon-exemption.test.ts:
publish	UNKNOWN STEP	2026-10-06T23:04:08.0792055Z (pass) quota wait survives the horizon instead of parking [2.53ms]
publish	UNKNOWN STEP	2026-10-06T23:04:08.1310379Z (pass) billing and non-quota failures still park at the horizon [52.49ms]
publish	UNKNOWN STEP	2026-10-06T23:04:08.1312110Z (pass) deterministic classifier: 400 markers hold, everything else passes through [0.16ms]
publish	UNKNOWN STEP	2026-10-06T23:04:08.1323527Z (pass) deterministic 400 holds even aggressive and fresh — identical retries cannot succeed [0.91ms]
publish	UNKNOWN STEP	2026-10-06T23:04:08.1325412Z (pass) deterministic hold names the fix directions [0.34ms]
publish	UNKNOWN STEP	2026-10-06T23:04:08.1330858Z (pass) transient wall still schedules under aggressive (control) [0.80ms]
publish	UNKNOWN STEP	2026-10-06T23:04:08.1331207Z 
publish	UNKNOWN STEP	2026-10-06T23:04:08.1331533Z ##[endgroup]
publish	UNKNOWN STEP	2026-10-06T23:04:08.1336296Z 
publish	UNKNOWN STEP	2026-10-06T23:04:08.1336972Z ##[group]tests/refine-spec-rebaseline.test.ts:
publish	UNKNOWN STEP	2026-10-06T23:04:08.5191274Z REFINE RESULT: Refinement confirmed and applied. Continue improving against the NEW spec — one small change per turn.
publish	UNKNOWN STEP	2026-10-06T23:04:08.5197658Z (pass) v0.35.43: a confirmed respec with newly checked boxes re-baselines specChecked — no unearned progress [74.24ms]
publish	UNKNOWN STEP	2026-10-06T23:04:08.5303737Z (pass) v0.35.x: recoverable bound-stopped loops accept a confirmed refinement without auto-starting [9.81ms]
publish	UNKNOWN STEP	2026-10-06T23:04:08.5309648Z 
publish	UNKNOWN STEP	2026-10-06T23:04:08.5310335Z ##[endgroup]
publish	UNKNOWN STEP	2026-10-06T23:04:08.5310866Z 
publish	UNKNOWN STEP	2026-10-06T23:04:08.5311668Z ##[group]tests/provider-retry-relentless.test.ts:
publish	UNKNOWN STEP	2026-10-06T23:04:08.8518537Z (pass) 200751: agent pause inside the brake episode does not kill the retry [0.35ms]
publish	UNKNOWN STEP	2026-10-06T23:04:08.8539705Z (pass) untouched brake pause still resumes [0.05ms]
publish	UNKNOWN STEP	2026-10-06T23:04:08.8551249Z (pass) untouched 6-brake park still probes [0.07ms]
publish	UNKNOWN STEP	2026-10-06T23:04:08.8552269Z (pass) explicit user pause stands the retry down [0.08ms]
publish	UNKNOWN STEP	2026-10-06T23:04:08.8553199Z (pass) pending decision picker stands the retry down [0.06ms]
publish	UNKNOWN STEP	2026-10-06T23:04:08.8554155Z (pass) active goal never resumes [0.06ms]
publish	UNKNOWN STEP	2026-10-06T23:04:08.8554844Z (pass) episode mismatch never resumes [0.04ms]
publish	UNKNOWN STEP	2026-10-06T23:04:08.8555553Z (pass) missing episode never resumes [0.14ms]
publish	UNKNOWN STEP	2026-10-06T23:04:08.8555916Z 
publish	UNKNOWN STEP	2026-10-06T23:04:08.8556379Z ##[endgroup]
publish	UNKNOWN STEP	2026-10-06T23:04:08.8556571Z 
publish	UNKNOWN STEP	2026-10-06T23:04:08.8557024Z ##[group]tests/terminal-completion-notice.test.ts:
publish	UNKNOWN STEP	2026-10-06T23:04:09.2611066Z (pass) v0.38.18 terminal notice: the done brief lands in the conversation exactly once [20.10ms]
publish	UNKNOWN STEP	2026-10-06T23:04:09.2614154Z (pass) v0.38.18 source: the detached-approval branch closes the transcript [0.43ms]
publish	UNKNOWN STEP	2026-10-06T23:04:09.2710581Z (pass) audit-2026-09-06: a stale-generation notice never fires into the successor session [9.59ms]
publish	UNKNOWN STEP	2026-10-06T23:04:09.2721951Z 
publish	UNKNOWN STEP	2026-10-06T23:04:09.2723068Z ##[endgroup]
publish	UNKNOWN STEP	2026-10-06T23:04:09.2723990Z 
publish	UNKNOWN STEP	2026-10-06T23:04:09.2724674Z ##[group]tests/auditor-thinking-display.test.ts:
publish	UNKNOWN STEP	2026-10-06T23:04:09.7084477Z (pass) headless /glla shows the effective auditor thinking level with its why [66.35ms]
publish	UNKNOWN STEP	2026-10-06T23:04:09.7370549Z (pass) headless /glla honors an explicit thinking setting and unknown models [29.41ms]
publish	UNKNOWN STEP	2026-10-06T23:04:09.7379521Z 
publish	UNKNOWN STEP	2026-10-06T23:04:09.7380541Z ##[endgroup]
publish	UNKNOWN STEP	2026-10-06T23:04:09.7381028Z 
publish	UNKNOWN STEP	2026-10-06T23:04:09.7381786Z ##[group]tests/auditor-screenshot-disapproval.test.ts:
publish	UNKNOWN STEP	2026-10-06T23:04:10.0492593Z (pass) screenshot-shaped non-literal Done when contract proof stays an actionable disapproval [1.04ms]
publish	UNKNOWN STEP	2026-10-06T23:04:10.0493726Z (pass) screenshot-shaped inverted title/score hierarchy stays an actionable disapproval [0.22ms]
publish	UNKNOWN STEP	2026-10-06T23:04:10.0494204Z 
publish	UNKNOWN STEP	2026-10-06T23:04:10.0495031Z ##[endgroup]
publish	UNKNOWN STEP	2026-10-06T23:04:10.0495248Z 
publish	UNKNOWN STEP	2026-10-06T23:04:10.0495905Z ##[group]tests/pause-anti-confabulation.test.ts:
publish	UNKNOWN STEP	2026-10-06T23:04:10.3481526Z (pass) claimed-missing matches absence language only [1.25ms]
publish	UNKNOWN STEP	2026-10-06T23:04:10.8646875Z (pass) pause claiming a missing tool is refused with a correction, goal stays active [518.12ms]
publish	UNKNOWN STEP	2026-10-06T23:04:11.3248202Z (pass) pause quoting pi's own not-found error is accepted as a genuine outage [459.99ms]
publish	UNKNOWN STEP	2026-10-06T23:04:11.7906895Z (pass) ordinary pauses are untouched by the guard [465.91ms]
publish	UNKNOWN STEP	2026-10-06T23:04:11.7907398Z 
publish	UNKNOWN STEP	2026-10-06T23:04:11.7907871Z ##[endgroup]
publish	UNKNOWN STEP	2026-10-06T23:04:11.7921739Z 
publish	UNKNOWN STEP	2026-10-06T23:04:11.7922446Z ##[group]tests/list-stall-reproduction.test.ts:
publish	UNKNOWN STEP	2026-10-06T23:04:12.5112691Z (pass) completed standalone goal automatically hands off to the waiting list [423.40ms]
publish	UNKNOWN STEP	2026-10-06T23:04:12.7346175Z (pass) /glla resume starts a waiting-only list instead of reporting nothing [223.32ms]
publish	UNKNOWN STEP	2026-10-06T23:04:13.0746123Z (pass) list-sourced completion promotes the successor and records the settle transition [338.43ms]
publish	UNKNOWN STEP	2026-10-06T23:04:13.0759699Z 
publish	UNKNOWN STEP	2026-10-06T23:04:13.0769038Z ##[endgroup]
publish	UNKNOWN STEP	2026-10-06T23:04:13.1245735Z 
publish	UNKNOWN STEP	2026-10-06T23:04:13.1246669Z ##[group]tests/vision-assist.test.ts:
publish	UNKNOWN STEP	2026-10-06T23:04:13.4189010Z (pass) VISION_ASSIST_GUIDANCE prefers native vision without assuming MMX [0.67ms]
publish	UNKNOWN STEP	2026-10-06T23:04:13.4197839Z (pass) docs/VISION-ASSIST.md documents native-first guidance and the preapproval gate [0.28ms]
publish	UNKNOWN STEP	2026-10-06T23:04:13.4726847Z (pass) visionDescribeCommand builds the exact mmx call [55.83ms]
publish	UNKNOWN STEP	2026-10-06T23:04:13.4728384Z (pass) routeVisionCheck: a forbidden target stays on the current model [0.18ms]
publish	UNKNOWN STEP	2026-10-06T23:04:13.4730274Z (pass) routeVisionCheck: confirmed MMX is an optional external fallback [0.11ms]
publish	UNKNOWN STEP	2026-10-06T23:04:13.4731681Z (pass) routeVisionCheck: native vision is the default and no external tool is assumed [0.07ms]
publish	UNKNOWN STEP	2026-10-06T23:04:13.4732739Z (pass) routeVisionCheck: known unavailable native vision fails closed [0.14ms]
publish	UNKNOWN STEP	2026-10-06T23:04:13.4733914Z (pass) routeVisionCheck: model switch requires explicit opt-in [0.15ms]
publish	UNKNOWN STEP	2026-10-06T23:04:13.4735243Z (pass) isForbiddenModel: v0.34.115 default is empty — no model is forbidden by default [0.12ms]
publish	UNKNOWN STEP	2026-10-06T23:04:13.4740366Z (pass) visionAssistLedger builds a native-model audit payload [0.13ms]
publish	UNKNOWN STEP	2026-10-06T23:04:13.6944837Z (pass) continuation prompts carry native-first VISION-ASSIST guidance by default [220.78ms]
publish	UNKNOWN STEP	2026-10-06T23:04:13.8514260Z (pass) visionAssist off → the directive is dropped from continuation prompts (gate still ships) [156.82ms]
publish	UNKNOWN STEP	2026-10-06T23:04:13.8559622Z (pass) a forbidden switch at runtime records the vision_assist routing entry [2.91ms]
publish	UNKNOWN STEP	2026-10-06T23:04:13.8591797Z (pass) visionAssist off → the forbidden switch records no vision_assist entry (gate still fires) [1.54ms]
publish	UNKNOWN STEP	2026-10-06T23:04:13.8592710Z 
publish	UNKNOWN STEP	2026-10-06T23:04:13.8598297Z ##[endgroup]
publish	UNKNOWN STEP	2026-10-06T23:04:13.8599061Z 
publish	UNKNOWN STEP	2026-10-06T23:04:13.8599815Z ##[group]tests/mid-objective-park-refusal.test.ts:
publish	UNKNOWN STEP	2026-10-06T23:04:14.4230730Z (pass) 200751-shape: blocked self-park while the brake retry is armed is refused, goal stays active [268.28ms]
publish	UNKNOWN STEP	2026-10-06T23:04:14.7962338Z (pass) kind error and kind-unset parks are refused while armed [371.04ms]
publish	UNKNOWN STEP	2026-10-06T23:04:15.0122036Z (pass) decision picker while armed is still allowed (user deliberating) [217.87ms]
publish	UNKNOWN STEP	2026-10-06T23:04:15.3149840Z (pass) time-gated wait while armed is still allowed (bounded by the clamp) [302.90ms]
publish	UNKNOWN STEP	2026-10-06T23:04:15.5049001Z (pass) blocked park with no armed recovery is still allowed (genuine blocker) [189.82ms]
publish	UNKNOWN STEP	2026-10-06T23:04:15.5050112Z 
publish	UNKNOWN STEP	2026-10-06T23:04:15.5050847Z ##[endgroup]
publish	UNKNOWN STEP	2026-10-06T23:04:15.5051758Z 
publish	UNKNOWN STEP	2026-10-06T23:04:15.5052226Z ##[group]tests/paused-owner-honesty.test.ts:
publish	UNKNOWN STEP	2026-10-06T23:04:15.8015970Z (pass) stale recovery remnant does not own a blocked pause [1.82ms]
publish	UNKNOWN STEP	2026-10-06T23:04:15.8016938Z (pass) live recovery timer still owns a blocked pause [0.74ms]
publish	UNKNOWN STEP	2026-10-06T23:04:15.8017404Z 
publish	UNKNOWN STEP	2026-10-06T23:04:15.8017900Z ##[endgroup]
publish	UNKNOWN STEP	2026-10-06T23:04:15.8018107Z 
publish	UNKNOWN STEP	2026-10-06T23:04:15.8018573Z ##[group]tests/blocked-pause-autoclear.test.ts:
publish	UNKNOWN STEP	2026-10-06T23:04:17.3223279Z (pass) v0.34.64 — blocked pause owned by recovery auto-clears when the probe succeeds [1221.34ms]
publish	UNKNOWN STEP	2026-10-06T23:04:18.1335328Z [run-tests] progress: 570s elapsed · 1s since last output · 318 KiB of suite output
publish	UNKNOWN STEP	2026-10-06T23:04:18.3430728Z (pass) v0.34.64 — blocked pause with a NON-recovery reason stays blocked [1020.86ms]
publish	UNKNOWN STEP	2026-10-06T23:04:19.4678981Z (pass) v0.34.64 — wait pause owned by recovery still auto-clears [1124.59ms]
publish	UNKNOWN STEP	2026-10-06T23:04:19.4683437Z (pass) v0.34.64 — source guard: only main-model recovery owns the auto-clear [0.74ms]
publish	UNKNOWN STEP	2026-10-06T23:04:19.4684008Z 
publish	UNKNOWN STEP	2026-10-06T23:04:19.4684473Z ##[endgroup]
publish	UNKNOWN STEP	2026-10-06T23:04:19.4688969Z 
publish	UNKNOWN STEP	2026-10-06T23:04:19.4689963Z ##[group]tests/contained-child-platform.test.ts:
publish	UNKNOWN STEP	2026-10-06T23:04:20.8506899Z (pass) real linux cleanup stops a live owned Node tree and inherited pipes [1076.76ms]
publish	UNKNOWN STEP	2026-10-06T23:04:20.8507309Z 
publish	UNKNOWN STEP	2026-10-06T23:04:20.8507645Z ##[endgroup]
publish	UNKNOWN STEP	2026-10-06T23:04:20.8511422Z 
publish	UNKNOWN STEP	2026-10-06T23:04:20.8522805Z ##[group]tests/audit-change-scope.test.ts:
publish	UNKNOWN STEP	2026-10-06T23:04:21.1602088Z (pass) change-scope: extractor reads file_path/path and drops everything else [0.38ms]
publish	UNKNOWN STEP	2026-10-06T23:04:21.1613614Z (pass) change-scope: recorder keeps first-seen order, dedupes, and counts overflow [0.52ms]
publish	UNKNOWN STEP	2026-10-06T23:04:21.3520636Z (pass) change-scope: write tool calls record their paths on the active goal [194.28ms]
publish	UNKNOWN STEP	2026-10-06T23:04:21.7540460Z (pass) change-scope: reads, bash, junk, and inactive goals record nothing [399.60ms]
publish	UNKNOWN STEP	2026-10-06T23:04:21.7548672Z (pass) change-scope: the audit brief names the recorded paths first [0.80ms]
publish	UNKNOWN STEP	2026-10-06T23:04:21.7563832Z (pass) change-scope: the brief reports overflow and escapes paths as data [0.26ms]
publish	UNKNOWN STEP	2026-10-06T23:04:21.7565559Z (pass) change-scope: no recorded paths keeps the previous brief shape [0.26ms]
publish	UNKNOWN STEP	2026-10-06T23:04:21.7568314Z (pass) change-scope: the fallback summary names recorded paths, bounded [0.99ms]
publish	UNKNOWN STEP	2026-10-06T23:04:21.7571901Z (pass) change-scope: the audit brief caps the prompt list at 20 with an omission line [0.42ms]
publish	UNKNOWN STEP	2026-10-06T23:04:21.7574159Z 
publish	UNKNOWN STEP	2026-10-06T23:04:21.7575389Z ##[endgroup]
publish	UNKNOWN STEP	2026-10-06T23:04:21.7576196Z 
publish	UNKNOWN STEP	2026-10-06T23:04:21.7578123Z ##[group]tests/loops/goal.test.ts:
publish	UNKNOWN STEP	2026-10-06T23:04:22.6320954Z (pass) v0.34.57: a compaction inside the watchdog window pauses the watchdog instead of firing the unacknowledged warning [578.75ms]
publish	UNKNOWN STEP	2026-10-06T23:04:23.0268279Z (pass) v0.34.57: compaction rearm cap goes directly to unacknowledged without a retry [395.37ms]
publish	UNKNOWN STEP	2026-10-06T23:04:23.6635157Z (pass) v0.34.124: a recovery resume inside the watchdog window pauses the watchdog instead of firing the unacknowledged warning [637.59ms]
publish	UNKNOWN STEP	2026-10-06T23:04:23.6639082Z (pass) v0.34.124: recovery rearm counters clear when the dispatch watchdog settles [0.55ms]
publish	UNKNOWN STEP	2026-10-06T23:04:24.3179402Z (pass) v0.34.124: a recovery resume OUTSIDE the grace window does not pause the watchdog [650.46ms]
publish	UNKNOWN STEP	2026-10-06T23:04:25.0402787Z (pass) v0.34.57: a genuine stall (no compaction in the window) still fires the unacknowledged warning [725.74ms]
publish	UNKNOWN STEP	2026-10-06T23:04:25.0403282Z 
publish	UNKNOWN STEP	2026-10-06T23:04:25.0403613Z ##[endgroup]
publish	UNKNOWN STEP	2026-10-06T23:04:25.0403753Z 
publish	UNKNOWN STEP	2026-10-06T23:04:25.0404268Z 1 tests skipped:
publish	UNKNOWN STEP	2026-10-06T23:04:25.0404758Z (skip) commit survives the auto-committer daemon (item 32, env-gated watched repo)
publish	UNKNOWN STEP	2026-10-06T23:04:25.0405110Z 
publish	UNKNOWN STEP	2026-10-06T23:04:25.0405115Z 
publish	UNKNOWN STEP	2026-10-06T23:04:25.0405206Z 1 tests failed:
publish	UNKNOWN STEP	2026-10-06T23:04:25.0405772Z (fail) release contract: untagged source work has an Unreleased changelog section to promote [10.65ms]
publish	UNKNOWN STEP	2026-10-06T23:04:25.0406182Z 
publish	UNKNOWN STEP	2026-10-06T23:04:25.0406286Z  3299 pass
publish	UNKNOWN STEP	2026-10-06T23:04:25.0406492Z  1 skip
publish	UNKNOWN STEP	2026-10-06T23:04:25.0406688Z  1 fail
publish	UNKNOWN STEP	2026-10-06T23:04:25.0406961Z Ran 3301 tests across 351 files. [576.92s]
publish	UNKNOWN STEP	2026-10-06T23:04:25.4921989Z [run-tests] finished in 577s (exit 1)
publish	UNKNOWN STEP	2026-10-06T23:04:25.5086070Z ##[error]Process completed with exit code 1.
publish	UNKNOWN STEP	2026-10-06T23:04:25.5215425Z Post job cleanup.
publish	UNKNOWN STEP	2026-10-06T23:04:25.6151783Z [command]/usr/bin/git version
publish	UNKNOWN STEP	2026-10-06T23:04:25.6197943Z git version 2.55.0
publish	UNKNOWN STEP	2026-10-06T23:04:25.6245544Z Temporarily overriding HOME='/home/runner/work/_temp/674f3e8a-d164-499c-96ba-85668198890e' before making global git config changes
publish	UNKNOWN STEP	2026-10-06T23:04:25.6247549Z Adding repository directory to the temporary git global config as a safe directory
publish	UNKNOWN STEP	2026-10-06T23:04:25.6252710Z [command]/usr/bin/git config --global --add safe.directory /home/runner/work/pi-goal-list-loop-audit/pi-goal-list-loop-audit
publish	UNKNOWN STEP	2026-10-06T23:04:25.6298323Z [command]/usr/bin/git config --local --name-only --get-regexp core\.sshCommand
publish	UNKNOWN STEP	2026-10-06T23:04:25.6338101Z [command]/usr/bin/git submodule foreach --recursive sh -c "git config --local --name-only --get-regexp 'core\.sshCommand' && git config --local --unset-all 'core.sshCommand' || :"
publish	UNKNOWN STEP	2026-10-06T23:04:25.6607132Z [command]/usr/bin/git config --local --name-only --get-regexp http\.https\:\/\/github\.com\/\.extraheader
publish	UNKNOWN STEP	2026-10-06T23:04:25.6640348Z http.https://github.com/.extraheader
publish	UNKNOWN STEP	2026-10-06T23:04:25.6656406Z [command]/usr/bin/git config --local --unset-all http.https://github.com/.extraheader
publish	UNKNOWN STEP	2026-10-06T23:04:25.6696813Z [command]/usr/bin/git submodule foreach --recursive sh -c "git config --local --name-only --get-regexp 'http\.https\:\/\/github\.com\/\.extraheader' && git config --local --unset-all 'http.https://github.com/.extraheader' || :"
publish	UNKNOWN STEP	2026-10-06T23:04:25.6978100Z [command]/usr/bin/git config --local --name-only --get-regexp ^includeIf\.gitdir:
publish	UNKNOWN STEP	2026-10-06T23:04:25.7022196Z [command]/usr/bin/git submodule foreach --recursive git config --local --show-origin --name-only --get-regexp remote.origin.url
publish	UNKNOWN STEP	2026-10-06T23:04:25.7470633Z Cleaning up orphan processes
publish	UNKNOWN STEP	2026-10-06T23:04:25.8114775Z ##[warning]Node.js 20 is deprecated. The following actions target Node.js 20 but are being forced to run on Node.js 24: actions/checkout@v4, actions/setup-node@v4. For more information see: https://github.blog/changelog/2025-09-19-deprecation-of-node-20-on-github-actions-runners/
