publish	Set up job	﻿2026-10-05T10:17:06.3380217Z Current runner version: '2.337.0'
publish	Set up job	2026-10-05T10:17:06.3406232Z ##[group]Runner Image Provisioner
publish	Set up job	2026-10-05T10:17:06.3407158Z Hosted Compute Agent
publish	Set up job	2026-10-05T10:17:06.3407797Z Version: 20260901.588
publish	Set up job	2026-10-05T10:17:06.3408531Z Commit: f88ec8081b781fac6c440065ac7ff9e710ce3d0b
publish	Set up job	2026-10-05T10:17:06.3409264Z Build Date: 2026-09-01T19:56:44Z
publish	Set up job	2026-10-05T10:17:06.3410028Z Worker ID: {324e9f6d-dad3-41b4-9029-6b108d63f25a}
publish	Set up job	2026-10-05T10:17:06.3410775Z Azure Region: eastus
publish	Set up job	2026-10-05T10:17:06.3411377Z ##[endgroup]
publish	Set up job	2026-10-05T10:17:06.3413282Z ##[group]Operating System
publish	Set up job	2026-10-05T10:17:06.3414225Z Ubuntu
publish	Set up job	2026-10-05T10:17:06.3414741Z 24.04.5
publish	Set up job	2026-10-05T10:17:06.3415354Z LTS
publish	Set up job	2026-10-05T10:17:06.3415939Z ##[endgroup]
publish	Set up job	2026-10-05T10:17:06.3416540Z ##[group]Runner Image
publish	Set up job	2026-10-05T10:17:06.3417145Z Image: ubuntu-24.04
publish	Set up job	2026-10-05T10:17:06.3417700Z Version: 20260927.320.1
publish	Set up job	2026-10-05T10:17:06.3418839Z Included Software: https://github.com/actions/runner-images/blob/ubuntu24/20260927.320/images/ubuntu/Ubuntu2404-Readme.md
publish	Set up job	2026-10-05T10:17:06.3420692Z Image Release: https://github.com/actions/runner-images/releases/tag/ubuntu24%2F20260927.320
publish	Set up job	2026-10-05T10:17:06.3421688Z ##[endgroup]
publish	Set up job	2026-10-05T10:17:06.3422816Z ##[group]GITHUB_TOKEN Permissions
publish	Set up job	2026-10-05T10:17:06.3425279Z Contents: read
publish	Set up job	2026-10-05T10:17:06.3425892Z Metadata: read
publish	Set up job	2026-10-05T10:17:06.3426562Z ##[endgroup]
publish	Set up job	2026-10-05T10:17:06.3429054Z Secret source: Actions
publish	Set up job	2026-10-05T10:17:06.3430196Z Cache mode: write
publish	Set up job	2026-10-05T10:17:06.3431202Z Prepare workflow directory
publish	Set up job	2026-10-05T10:17:06.3769065Z Prepare all required actions
publish	Set up job	2026-10-05T10:17:06.3817923Z Getting action download info
publish	Set up job	2026-10-05T10:17:06.6348757Z Download action repository 'actions/checkout@v4' (SHA:11d5960a326750d5838078e36cf38b85af677262)
publish	Set up job	2026-10-05T10:17:06.7304707Z Download action repository 'actions/setup-node@v4' (SHA:49933ea5288caeca8642d1e84afbd3f7d6820020)
publish	Set up job	2026-10-05T10:17:06.8189437Z Download action repository 'oven-sh/setup-bun@v2' (SHA:0c5077e51419868618aeaa5fe8019c62421857d6)
publish	Set up job	2026-10-05T10:17:07.0622910Z Complete job name: publish
publish	Check out the released tag	﻿2026-10-05T10:17:07.1424209Z ##[group]Run actions/checkout@v4
publish	Check out the released tag	2026-10-05T10:17:07.1425146Z with:
publish	Check out the released tag	2026-10-05T10:17:07.1425578Z   ref: refs/tags/v0.39.4
publish	Check out the released tag	2026-10-05T10:17:07.1426058Z   fetch-depth: 0
publish	Check out the released tag	2026-10-05T10:17:07.1426564Z   repository: DraconDev/pi-goal-list-loop-audit
publish	Check out the released tag	2026-10-05T10:17:07.1430672Z   token: ***
publish	Check out the released tag	2026-10-05T10:17:07.1431101Z   ssh-strict: true
publish	Check out the released tag	2026-10-05T10:17:07.1431520Z   ssh-user: git
publish	Check out the released tag	2026-10-05T10:17:07.1431983Z   persist-credentials: true
publish	Check out the released tag	2026-10-05T10:17:07.1432462Z   clean: true
publish	Check out the released tag	2026-10-05T10:17:07.1432895Z   sparse-checkout-cone-mode: true
publish	Check out the released tag	2026-10-05T10:17:07.1433407Z   fetch-tags: false
publish	Check out the released tag	2026-10-05T10:17:07.1434069Z   show-progress: true
publish	Check out the released tag	2026-10-05T10:17:07.1434520Z   lfs: false
publish	Check out the released tag	2026-10-05T10:17:07.1434922Z   submodules: false
publish	Check out the released tag	2026-10-05T10:17:07.1435367Z   set-safe-directory: true
publish	Check out the released tag	2026-10-05T10:17:07.1435884Z   allow-unsafe-pr-checkout: false
publish	Check out the released tag	2026-10-05T10:17:07.1436662Z ##[endgroup]
publish	Check out the released tag	2026-10-05T10:17:07.2420598Z Syncing repository: DraconDev/pi-goal-list-loop-audit
publish	Check out the released tag	2026-10-05T10:17:07.2423278Z ##[group]Getting Git version info
publish	Check out the released tag	2026-10-05T10:17:07.2425040Z Working directory is '/home/runner/work/pi-goal-list-loop-audit/pi-goal-list-loop-audit'
publish	Check out the released tag	2026-10-05T10:17:07.2426994Z [command]/usr/bin/git version
publish	Check out the released tag	2026-10-05T10:17:07.2490287Z git version 2.55.0
publish	Check out the released tag	2026-10-05T10:17:07.2512588Z ##[endgroup]
publish	Check out the released tag	2026-10-05T10:17:07.2527619Z Temporarily overriding HOME='/home/runner/work/_temp/88d38cf1-4dfa-41af-afc0-03b2ab26bb00' before making global git config changes
publish	Check out the released tag	2026-10-05T10:17:07.2530199Z Adding repository directory to the temporary git global config as a safe directory
publish	Check out the released tag	2026-10-05T10:17:07.2544941Z [command]/usr/bin/git config --global --add safe.directory /home/runner/work/pi-goal-list-loop-audit/pi-goal-list-loop-audit
publish	Check out the released tag	2026-10-05T10:17:07.2604543Z Deleting the contents of '/home/runner/work/pi-goal-list-loop-audit/pi-goal-list-loop-audit'
publish	Check out the released tag	2026-10-05T10:17:07.2608230Z ##[group]Initializing the repository
publish	Check out the released tag	2026-10-05T10:17:07.2612446Z [command]/usr/bin/git init /home/runner/work/pi-goal-list-loop-audit/pi-goal-list-loop-audit
publish	Check out the released tag	2026-10-05T10:17:07.2726497Z hint: Using 'master' as the name for the initial branch. This default branch name
publish	Check out the released tag	2026-10-05T10:17:07.2728277Z hint: will change to "main" in Git 3.0. To configure the initial branch name
publish	Check out the released tag	2026-10-05T10:17:07.2729355Z hint: to use in all of your new repositories, which will suppress this warning,
publish	Check out the released tag	2026-10-05T10:17:07.2730481Z hint: call:
publish	Check out the released tag	2026-10-05T10:17:07.2730921Z hint:
publish	Check out the released tag	2026-10-05T10:17:07.2731489Z hint: 	git config --global init.defaultBranch <name>
publish	Check out the released tag	2026-10-05T10:17:07.2732162Z hint:
publish	Check out the released tag	2026-10-05T10:17:07.2732790Z hint: Names commonly chosen instead of 'master' are 'main', 'trunk' and
publish	Check out the released tag	2026-10-05T10:17:07.2734096Z hint: 'development'. The just-created branch can be renamed via this command:
publish	Check out the released tag	2026-10-05T10:17:07.2734954Z hint:
publish	Check out the released tag	2026-10-05T10:17:07.2735402Z hint: 	git branch -m <name>
publish	Check out the released tag	2026-10-05T10:17:07.2735942Z hint:
publish	Check out the released tag	2026-10-05T10:17:07.2736617Z hint: Disable this message with "git config set advice.defaultBranchName false"
publish	Check out the released tag	2026-10-05T10:17:07.2742733Z Initialized empty Git repository in /home/runner/work/pi-goal-list-loop-audit/pi-goal-list-loop-audit/.git/
publish	Check out the released tag	2026-10-05T10:17:07.2753832Z [command]/usr/bin/git remote add origin https://github.com/DraconDev/pi-goal-list-loop-audit
publish	Check out the released tag	2026-10-05T10:17:07.2806436Z ##[endgroup]
publish	Check out the released tag	2026-10-05T10:17:07.2807789Z ##[group]Disabling automatic garbage collection
publish	Check out the released tag	2026-10-05T10:17:07.2811897Z [command]/usr/bin/git config --local gc.auto 0
publish	Check out the released tag	2026-10-05T10:17:07.2843301Z ##[endgroup]
publish	Check out the released tag	2026-10-05T10:17:07.2845174Z ##[group]Setting up auth
publish	Check out the released tag	2026-10-05T10:17:07.2851859Z [command]/usr/bin/git config --local --name-only --get-regexp core\.sshCommand
publish	Check out the released tag	2026-10-05T10:17:07.2885389Z [command]/usr/bin/git submodule foreach --recursive sh -c "git config --local --name-only --get-regexp 'core\.sshCommand' && git config --local --unset-all 'core.sshCommand' || :"
publish	Check out the released tag	2026-10-05T10:17:07.3328997Z [command]/usr/bin/git config --local --name-only --get-regexp http\.https\:\/\/github\.com\/\.extraheader
publish	Check out the released tag	2026-10-05T10:17:07.3368558Z [command]/usr/bin/git submodule foreach --recursive sh -c "git config --local --name-only --get-regexp 'http\.https\:\/\/github\.com\/\.extraheader' && git config --local --unset-all 'http.https://github.com/.extraheader' || :"
publish	Check out the released tag	2026-10-05T10:17:07.3616651Z [command]/usr/bin/git config --local --name-only --get-regexp ^includeIf\.gitdir:
publish	Check out the released tag	2026-10-05T10:17:07.3656695Z [command]/usr/bin/git submodule foreach --recursive git config --local --show-origin --name-only --get-regexp remote.origin.url
publish	Check out the released tag	2026-10-05T10:17:07.3917066Z [command]/usr/bin/git config --local http.https://github.com/.extraheader AUTHORIZATION: basic ***
publish	Check out the released tag	2026-10-05T10:17:07.3962987Z ##[endgroup]
publish	Check out the released tag	2026-10-05T10:17:07.3964649Z ##[group]Fetching the repository
publish	Check out the released tag	2026-10-05T10:17:07.3975207Z [command]/usr/bin/git -c protocol.version=2 fetch --prune --no-recurse-submodules origin +refs/heads/*:refs/remotes/origin/* +refs/tags/*:refs/tags/*
publish	Check out the released tag	2026-10-05T10:17:38.0391547Z From https://github.com/DraconDev/pi-goal-list-loop-audit
publish	Check out the released tag	2026-10-05T10:17:38.0398444Z  * [new branch]        auditor-inspection   -> origin/auditor-inspection
publish	Check out the released tag	2026-10-05T10:17:38.0399877Z  * [new branch]        main                 -> origin/main
publish	Check out the released tag	2026-10-05T10:17:38.0400794Z  * [new tag]           backup-messy-history -> backup-messy-history
publish	Check out the released tag	2026-10-05T10:17:38.0401748Z  * [new tag]           cleanup-before-115   -> cleanup-before-115
publish	Check out the released tag	2026-10-05T10:17:38.0402483Z  * [new tag]           v0.34.100            -> v0.34.100
publish	Check out the released tag	2026-10-05T10:17:38.0403279Z  * [new tag]           v0.34.101            -> v0.34.101
publish	Check out the released tag	2026-10-05T10:17:38.0404454Z  * [new tag]           v0.34.102            -> v0.34.102
publish	Check out the released tag	2026-10-05T10:17:38.0405264Z  * [new tag]           v0.34.103            -> v0.34.103
publish	Check out the released tag	2026-10-05T10:17:38.0406153Z  * [new tag]           v0.34.104            -> v0.34.104
publish	Check out the released tag	2026-10-05T10:17:38.0407131Z  * [new tag]           v0.34.105            -> v0.34.105
publish	Check out the released tag	2026-10-05T10:17:38.0407968Z  * [new tag]           v0.34.106            -> v0.34.106
publish	Check out the released tag	2026-10-05T10:17:38.0408776Z  * [new tag]           v0.34.107            -> v0.34.107
publish	Check out the released tag	2026-10-05T10:17:38.0410028Z  * [new tag]           v0.34.108            -> v0.34.108
publish	Check out the released tag	2026-10-05T10:17:38.0410831Z  * [new tag]           v0.34.109            -> v0.34.109
publish	Check out the released tag	2026-10-05T10:17:38.0411591Z  * [new tag]           v0.34.110            -> v0.34.110
publish	Check out the released tag	2026-10-05T10:17:38.0412299Z  * [new tag]           v0.34.111            -> v0.34.111
publish	Check out the released tag	2026-10-05T10:17:38.0412993Z  * [new tag]           v0.34.112            -> v0.34.112
publish	Check out the released tag	2026-10-05T10:17:38.0413939Z  * [new tag]           v0.34.113            -> v0.34.113
publish	Check out the released tag	2026-10-05T10:17:38.0414735Z  * [new tag]           v0.34.114            -> v0.34.114
publish	Check out the released tag	2026-10-05T10:17:38.0415486Z  * [new tag]           v0.34.115            -> v0.34.115
publish	Check out the released tag	2026-10-05T10:17:38.0416302Z  * [new tag]           v0.34.116            -> v0.34.116
publish	Check out the released tag	2026-10-05T10:17:38.0417137Z  * [new tag]           v0.34.116-ship       -> v0.34.116-ship
publish	Check out the released tag	2026-10-05T10:17:38.0417950Z  * [new tag]           v0.34.117            -> v0.34.117
publish	Check out the released tag	2026-10-05T10:17:38.0418825Z  * [new tag]           v0.34.117-ship       -> v0.34.117-ship
publish	Check out the released tag	2026-10-05T10:17:38.0419714Z  * [new tag]           v0.34.118            -> v0.34.118
publish	Check out the released tag	2026-10-05T10:17:38.0420488Z  * [new tag]           v0.34.118-ship       -> v0.34.118-ship
publish	Check out the released tag	2026-10-05T10:17:38.0421181Z  * [new tag]           v0.34.119            -> v0.34.119
publish	Check out the released tag	2026-10-05T10:17:38.0421811Z  * [new tag]           v0.34.119-ship       -> v0.34.119-ship
publish	Check out the released tag	2026-10-05T10:17:38.0422526Z  * [new tag]           v0.34.120            -> v0.34.120
publish	Check out the released tag	2026-10-05T10:17:38.0423243Z  * [new tag]           v0.34.120-ship       -> v0.34.120-ship
publish	Check out the released tag	2026-10-05T10:17:38.0424162Z  * [new tag]           v0.34.121            -> v0.34.121
publish	Check out the released tag	2026-10-05T10:17:38.0424829Z  * [new tag]           v0.34.121-ship       -> v0.34.121-ship
publish	Check out the released tag	2026-10-05T10:17:38.0425489Z  * [new tag]           v0.34.134            -> v0.34.134
publish	Check out the released tag	2026-10-05T10:17:38.0426121Z  * [new tag]           v0.34.135            -> v0.34.135
publish	Check out the released tag	2026-10-05T10:17:38.0426750Z  * [new tag]           v0.34.136            -> v0.34.136
publish	Check out the released tag	2026-10-05T10:17:38.0427393Z  * [new tag]           v0.34.138            -> v0.34.138
publish	Check out the released tag	2026-10-05T10:17:38.0428262Z  * [new tag]           v0.34.139            -> v0.34.139
publish	Check out the released tag	2026-10-05T10:17:38.0429182Z  * [new tag]           v0.34.140            -> v0.34.140
publish	Check out the released tag	2026-10-05T10:17:38.0429669Z  * [new tag]           v0.34.141            -> v0.34.141
publish	Check out the released tag	2026-10-05T10:17:38.0430043Z  * [new tag]           v0.34.142            -> v0.34.142
publish	Check out the released tag	2026-10-05T10:17:38.0430408Z  * [new tag]           v0.34.20             -> v0.34.20
publish	Check out the released tag	2026-10-05T10:17:38.0430772Z  * [new tag]           v0.34.21             -> v0.34.21
publish	Check out the released tag	2026-10-05T10:17:38.0431131Z  * [new tag]           v0.34.22             -> v0.34.22
publish	Check out the released tag	2026-10-05T10:17:38.0431490Z  * [new tag]           v0.34.23             -> v0.34.23
publish	Check out the released tag	2026-10-05T10:17:38.0431854Z  * [new tag]           v0.34.24             -> v0.34.24
publish	Check out the released tag	2026-10-05T10:17:38.0432204Z  * [new tag]           v0.34.25             -> v0.34.25
publish	Check out the released tag	2026-10-05T10:17:38.0432563Z  * [new tag]           v0.34.26             -> v0.34.26
publish	Check out the released tag	2026-10-05T10:17:38.0432941Z  * [new tag]           v0.34.27             -> v0.34.27
publish	Check out the released tag	2026-10-05T10:17:38.0433308Z  * [new tag]           v0.34.28             -> v0.34.28
publish	Check out the released tag	2026-10-05T10:17:38.0433969Z  * [new tag]           v0.34.29             -> v0.34.29
publish	Check out the released tag	2026-10-05T10:17:38.0434352Z  * [new tag]           v0.34.30             -> v0.34.30
publish	Check out the released tag	2026-10-05T10:17:38.0434707Z  * [new tag]           v0.34.31             -> v0.34.31
publish	Check out the released tag	2026-10-05T10:17:38.0435061Z  * [new tag]           v0.34.32             -> v0.34.32
publish	Check out the released tag	2026-10-05T10:17:38.0435417Z  * [new tag]           v0.34.33             -> v0.34.33
publish	Check out the released tag	2026-10-05T10:17:38.0435765Z  * [new tag]           v0.34.34             -> v0.34.34
publish	Check out the released tag	2026-10-05T10:17:38.0436116Z  * [new tag]           v0.34.35             -> v0.34.35
publish	Check out the released tag	2026-10-05T10:17:38.0436465Z  * [new tag]           v0.34.36             -> v0.34.36
publish	Check out the released tag	2026-10-05T10:17:38.0436815Z  * [new tag]           v0.34.37             -> v0.34.37
publish	Check out the released tag	2026-10-05T10:17:38.0437166Z  * [new tag]           v0.34.38             -> v0.34.38
publish	Check out the released tag	2026-10-05T10:17:38.0438011Z  * [new tag]           v0.34.39             -> v0.34.39
publish	Check out the released tag	2026-10-05T10:17:38.0438700Z  * [new tag]           v0.34.40             -> v0.34.40
publish	Check out the released tag	2026-10-05T10:17:38.0439412Z  * [new tag]           v0.34.41             -> v0.34.41
publish	Check out the released tag	2026-10-05T10:17:38.0440074Z  * [new tag]           v0.34.42             -> v0.34.42
publish	Check out the released tag	2026-10-05T10:17:38.0440692Z  * [new tag]           v0.34.43             -> v0.34.43
publish	Check out the released tag	2026-10-05T10:17:38.0441421Z  * [new tag]           v0.34.44             -> v0.34.44
publish	Check out the released tag	2026-10-05T10:17:38.0442060Z  * [new tag]           v0.34.45             -> v0.34.45
publish	Check out the released tag	2026-10-05T10:17:38.0442727Z  * [new tag]           v0.34.46             -> v0.34.46
publish	Check out the released tag	2026-10-05T10:17:38.0443461Z  * [new tag]           v0.34.47             -> v0.34.47
publish	Check out the released tag	2026-10-05T10:17:38.0444318Z  * [new tag]           v0.34.48             -> v0.34.48
publish	Check out the released tag	2026-10-05T10:17:38.0444957Z  * [new tag]           v0.34.49             -> v0.34.49
publish	Check out the released tag	2026-10-05T10:17:38.0445539Z  * [new tag]           v0.34.50             -> v0.34.50
publish	Check out the released tag	2026-10-05T10:17:38.0446097Z  * [new tag]           v0.34.57             -> v0.34.57
publish	Check out the released tag	2026-10-05T10:17:38.0446716Z  * [new tag]           v0.34.79             -> v0.34.79
publish	Check out the released tag	2026-10-05T10:17:38.0447301Z  * [new tag]           v0.34.80             -> v0.34.80
publish	Check out the released tag	2026-10-05T10:17:38.0448052Z  * [new tag]           v0.34.92             -> v0.34.92
publish	Check out the released tag	2026-10-05T10:17:38.0448786Z  * [new tag]           v0.34.93             -> v0.34.93
publish	Check out the released tag	2026-10-05T10:17:38.0449592Z  * [new tag]           v0.34.94             -> v0.34.94
publish	Check out the released tag	2026-10-05T10:17:38.0450448Z  * [new tag]           v0.34.95             -> v0.34.95
publish	Check out the released tag	2026-10-05T10:17:38.0451221Z  * [new tag]           v0.34.96             -> v0.34.96
publish	Check out the released tag	2026-10-05T10:17:38.0451933Z  * [new tag]           v0.34.97             -> v0.34.97
publish	Check out the released tag	2026-10-05T10:17:38.0452661Z  * [new tag]           v0.34.98             -> v0.34.98
publish	Check out the released tag	2026-10-05T10:17:38.0453048Z  * [new tag]           v0.34.99             -> v0.34.99
publish	Check out the released tag	2026-10-05T10:17:38.0453407Z  * [new tag]           v0.35.0              -> v0.35.0
publish	Check out the released tag	2026-10-05T10:17:38.0454209Z  * [new tag]           v0.35.1              -> v0.35.1
publish	Check out the released tag	2026-10-05T10:17:38.0454958Z  * [new tag]           v0.35.10             -> v0.35.10
publish	Check out the released tag	2026-10-05T10:17:38.0455332Z  * [new tag]           v0.35.11             -> v0.35.11
publish	Check out the released tag	2026-10-05T10:17:38.0455697Z  * [new tag]           v0.35.12             -> v0.35.12
publish	Check out the released tag	2026-10-05T10:17:38.0456065Z  * [new tag]           v0.35.13             -> v0.35.13
publish	Check out the released tag	2026-10-05T10:17:38.0456421Z  * [new tag]           v0.35.14             -> v0.35.14
publish	Check out the released tag	2026-10-05T10:17:38.0456773Z  * [new tag]           v0.35.15             -> v0.35.15
publish	Check out the released tag	2026-10-05T10:17:38.0457132Z  * [new tag]           v0.35.16             -> v0.35.16
publish	Check out the released tag	2026-10-05T10:17:38.0457483Z  * [new tag]           v0.35.2              -> v0.35.2
publish	Check out the released tag	2026-10-05T10:17:38.0457842Z  * [new tag]           v0.35.3              -> v0.35.3
publish	Check out the released tag	2026-10-05T10:17:38.0458193Z  * [new tag]           v0.35.31             -> v0.35.31
publish	Check out the released tag	2026-10-05T10:17:38.0458543Z  * [new tag]           v0.35.32             -> v0.35.32
publish	Check out the released tag	2026-10-05T10:17:38.0458897Z  * [new tag]           v0.35.4              -> v0.35.4
publish	Check out the released tag	2026-10-05T10:17:38.0459261Z  * [new tag]           v0.35.5              -> v0.35.5
publish	Check out the released tag	2026-10-05T10:17:38.0459613Z  * [new tag]           v0.35.6              -> v0.35.6
publish	Check out the released tag	2026-10-05T10:17:38.0459984Z  * [new tag]           v0.35.64             -> v0.35.64
publish	Check out the released tag	2026-10-05T10:17:38.0460354Z  * [new tag]           v0.35.65             -> v0.35.65
publish	Check out the released tag	2026-10-05T10:17:38.0460717Z  * [new tag]           v0.35.66             -> v0.35.66
publish	Check out the released tag	2026-10-05T10:17:38.0528834Z  * [new tag]           v0.35.67             -> v0.35.67
publish	Check out the released tag	2026-10-05T10:17:38.0529756Z  * [new tag]           v0.35.68             -> v0.35.68
publish	Check out the released tag	2026-10-05T10:17:38.0530429Z  * [new tag]           v0.35.69             -> v0.35.69
publish	Check out the released tag	2026-10-05T10:17:38.0530913Z  * [new tag]           v0.35.7              -> v0.35.7
publish	Check out the released tag	2026-10-05T10:17:38.0531305Z  * [new tag]           v0.35.70             -> v0.35.70
publish	Check out the released tag	2026-10-05T10:17:38.0531701Z  * [new tag]           v0.35.71             -> v0.35.71
publish	Check out the released tag	2026-10-05T10:17:38.0532077Z  * [new tag]           v0.35.8              -> v0.35.8
publish	Check out the released tag	2026-10-05T10:17:38.0532709Z  * [new tag]           v0.35.9              -> v0.35.9
publish	Check out the released tag	2026-10-05T10:17:38.0533068Z  * [new tag]           v0.36.0              -> v0.36.0
publish	Check out the released tag	2026-10-05T10:17:38.0533429Z  * [new tag]           v0.36.1              -> v0.36.1
publish	Check out the released tag	2026-10-05T10:17:38.0544600Z  * [new tag]           v0.37.1              -> v0.37.1
publish	Check out the released tag	2026-10-05T10:17:38.0545090Z  * [new tag]           v0.37.2              -> v0.37.2
publish	Check out the released tag	2026-10-05T10:17:38.0545473Z  * [new tag]           v0.37.3              -> v0.37.3
publish	Check out the released tag	2026-10-05T10:17:38.0545875Z  * [new tag]           v0.38.0              -> v0.38.0
publish	Check out the released tag	2026-10-05T10:17:38.0546277Z  * [new tag]           v0.38.1              -> v0.38.1
publish	Check out the released tag	2026-10-05T10:17:38.0546669Z  * [new tag]           v0.38.10             -> v0.38.10
publish	Check out the released tag	2026-10-05T10:17:38.0547163Z  * [new tag]           v0.38.103            -> v0.38.103
publish	Check out the released tag	2026-10-05T10:17:38.0547870Z  * [new tag]           v0.38.104            -> v0.38.104
publish	Check out the released tag	2026-10-05T10:17:38.0548542Z  * [new tag]           v0.38.106            -> v0.38.106
publish	Check out the released tag	2026-10-05T10:17:38.0549211Z  * [new tag]           v0.38.107            -> v0.38.107
publish	Check out the released tag	2026-10-05T10:17:38.0549886Z  * [new tag]           v0.38.11             -> v0.38.11
publish	Check out the released tag	2026-10-05T10:17:38.0550552Z  * [new tag]           v0.38.113            -> v0.38.113
publish	Check out the released tag	2026-10-05T10:17:38.0551206Z  * [new tag]           v0.38.12             -> v0.38.12
publish	Check out the released tag	2026-10-05T10:17:38.0551855Z  * [new tag]           v0.38.13             -> v0.38.13
publish	Check out the released tag	2026-10-05T10:17:38.0552495Z  * [new tag]           v0.38.14             -> v0.38.14
publish	Check out the released tag	2026-10-05T10:17:38.0553128Z  * [new tag]           v0.38.15             -> v0.38.15
publish	Check out the released tag	2026-10-05T10:17:38.0553994Z  * [new tag]           v0.38.16             -> v0.38.16
publish	Check out the released tag	2026-10-05T10:17:38.0554667Z  * [new tag]           v0.38.17             -> v0.38.17
publish	Check out the released tag	2026-10-05T10:17:38.0555310Z  * [new tag]           v0.38.18             -> v0.38.18
publish	Check out the released tag	2026-10-05T10:17:38.0555952Z  * [new tag]           v0.38.19             -> v0.38.19
publish	Check out the released tag	2026-10-05T10:17:38.0556595Z  * [new tag]           v0.38.2              -> v0.38.2
publish	Check out the released tag	2026-10-05T10:17:38.0557274Z  * [new tag]           v0.38.20             -> v0.38.20
publish	Check out the released tag	2026-10-05T10:17:38.0558274Z  * [new tag]           v0.38.21             -> v0.38.21
publish	Check out the released tag	2026-10-05T10:17:38.0558916Z  * [new tag]           v0.38.22             -> v0.38.22
publish	Check out the released tag	2026-10-05T10:17:38.0559556Z  * [new tag]           v0.38.23             -> v0.38.23
publish	Check out the released tag	2026-10-05T10:17:38.0560192Z  * [new tag]           v0.38.24             -> v0.38.24
publish	Check out the released tag	2026-10-05T10:17:38.0560816Z  * [new tag]           v0.38.25             -> v0.38.25
publish	Check out the released tag	2026-10-05T10:17:38.0561459Z  * [new tag]           v0.38.26             -> v0.38.26
publish	Check out the released tag	2026-10-05T10:17:38.0562103Z  * [new tag]           v0.38.27             -> v0.38.27
publish	Check out the released tag	2026-10-05T10:17:38.0562745Z  * [new tag]           v0.38.28             -> v0.38.28
publish	Check out the released tag	2026-10-05T10:17:38.0563395Z  * [new tag]           v0.38.29             -> v0.38.29
publish	Check out the released tag	2026-10-05T10:17:38.0564223Z  * [new tag]           v0.38.3              -> v0.38.3
publish	Check out the released tag	2026-10-05T10:17:38.0564631Z  * [new tag]           v0.38.30             -> v0.38.30
publish	Check out the released tag	2026-10-05T10:17:38.0565036Z  * [new tag]           v0.38.31             -> v0.38.31
publish	Check out the released tag	2026-10-05T10:17:38.0565410Z  * [new tag]           v0.38.32             -> v0.38.32
publish	Check out the released tag	2026-10-05T10:17:38.0565775Z  * [new tag]           v0.38.33             -> v0.38.33
publish	Check out the released tag	2026-10-05T10:17:38.0566136Z  * [new tag]           v0.38.34             -> v0.38.34
publish	Check out the released tag	2026-10-05T10:17:38.0566495Z  * [new tag]           v0.38.35             -> v0.38.35
publish	Check out the released tag	2026-10-05T10:17:38.0566853Z  * [new tag]           v0.38.36             -> v0.38.36
publish	Check out the released tag	2026-10-05T10:17:38.0567233Z  * [new tag]           v0.38.37             -> v0.38.37
publish	Check out the released tag	2026-10-05T10:17:38.0567600Z  * [new tag]           v0.38.38             -> v0.38.38
publish	Check out the released tag	2026-10-05T10:17:38.0567957Z  * [new tag]           v0.38.39             -> v0.38.39
publish	Check out the released tag	2026-10-05T10:17:38.0568315Z  * [new tag]           v0.38.4              -> v0.38.4
publish	Check out the released tag	2026-10-05T10:17:38.0568675Z  * [new tag]           v0.38.40             -> v0.38.40
publish	Check out the released tag	2026-10-05T10:17:38.0569032Z  * [new tag]           v0.38.41             -> v0.38.41
publish	Check out the released tag	2026-10-05T10:17:38.0569565Z  * [new tag]           v0.38.42             -> v0.38.42
publish	Check out the released tag	2026-10-05T10:17:38.0569936Z  * [new tag]           v0.38.43             -> v0.38.43
publish	Check out the released tag	2026-10-05T10:17:38.0570290Z  * [new tag]           v0.38.44             -> v0.38.44
publish	Check out the released tag	2026-10-05T10:17:38.0570651Z  * [new tag]           v0.38.45             -> v0.38.45
publish	Check out the released tag	2026-10-05T10:17:38.0571007Z  * [new tag]           v0.38.46             -> v0.38.46
publish	Check out the released tag	2026-10-05T10:17:38.0571361Z  * [new tag]           v0.38.47             -> v0.38.47
publish	Check out the released tag	2026-10-05T10:17:38.0571715Z  * [new tag]           v0.38.48             -> v0.38.48
publish	Check out the released tag	2026-10-05T10:17:38.0572066Z  * [new tag]           v0.38.49             -> v0.38.49
publish	Check out the released tag	2026-10-05T10:17:38.0572420Z  * [new tag]           v0.38.5              -> v0.38.5
publish	Check out the released tag	2026-10-05T10:17:38.0572776Z  * [new tag]           v0.38.50             -> v0.38.50
publish	Check out the released tag	2026-10-05T10:17:38.0573215Z  * [new tag]           v0.38.51             -> v0.38.51
publish	Check out the released tag	2026-10-05T10:17:38.0574160Z  * [new tag]           v0.38.52             -> v0.38.52
publish	Check out the released tag	2026-10-05T10:17:38.0574866Z  * [new tag]           v0.38.53             -> v0.38.53
publish	Check out the released tag	2026-10-05T10:17:38.0575525Z  * [new tag]           v0.38.54             -> v0.38.54
publish	Check out the released tag	2026-10-05T10:17:38.0576116Z  * [new tag]           v0.38.55             -> v0.38.55
publish	Check out the released tag	2026-10-05T10:17:38.0576491Z  * [new tag]           v0.38.56             -> v0.38.56
publish	Check out the released tag	2026-10-05T10:17:38.0576847Z  * [new tag]           v0.38.57             -> v0.38.57
publish	Check out the released tag	2026-10-05T10:17:38.0577203Z  * [new tag]           v0.38.58             -> v0.38.58
publish	Check out the released tag	2026-10-05T10:17:38.0577559Z  * [new tag]           v0.38.59             -> v0.38.59
publish	Check out the released tag	2026-10-05T10:17:38.0577923Z  * [new tag]           v0.38.6              -> v0.38.6
publish	Check out the released tag	2026-10-05T10:17:38.0578284Z  * [new tag]           v0.38.60             -> v0.38.60
publish	Check out the released tag	2026-10-05T10:17:38.0578647Z  * [new tag]           v0.38.61             -> v0.38.61
publish	Check out the released tag	2026-10-05T10:17:38.0579011Z  * [new tag]           v0.38.62             -> v0.38.62
publish	Check out the released tag	2026-10-05T10:17:38.0579371Z  * [new tag]           v0.38.66             -> v0.38.66
publish	Check out the released tag	2026-10-05T10:17:38.0579746Z  * [new tag]           v0.38.67             -> v0.38.67
publish	Check out the released tag	2026-10-05T10:17:38.0580738Z  * [new tag]           v0.38.68             -> v0.38.68
publish	Check out the released tag	2026-10-05T10:17:38.0581448Z  * [new tag]           v0.38.69             -> v0.38.69
publish	Check out the released tag	2026-10-05T10:17:38.0582146Z  * [new tag]           v0.38.7              -> v0.38.7
publish	Check out the released tag	2026-10-05T10:17:38.0582839Z  * [new tag]           v0.38.70             -> v0.38.70
publish	Check out the released tag	2026-10-05T10:17:38.0583752Z  * [new tag]           v0.38.71             -> v0.38.71
publish	Check out the released tag	2026-10-05T10:17:38.0584442Z  * [new tag]           v0.38.8              -> v0.38.8
publish	Check out the released tag	2026-10-05T10:17:38.0585116Z  * [new tag]           v0.38.9              -> v0.38.9
publish	Check out the released tag	2026-10-05T10:17:38.0585819Z  * [new tag]           v0.38.91             -> v0.38.91
publish	Check out the released tag	2026-10-05T10:17:38.0586507Z  * [new tag]           v0.38.92             -> v0.38.92
publish	Check out the released tag	2026-10-05T10:17:38.0587186Z  * [new tag]           v0.38.93             -> v0.38.93
publish	Check out the released tag	2026-10-05T10:17:38.0587871Z  * [new tag]           v0.38.95             -> v0.38.95
publish	Check out the released tag	2026-10-05T10:17:38.0588610Z  * [new tag]           v0.38.96             -> v0.38.96
publish	Check out the released tag	2026-10-05T10:17:38.0589311Z  * [new tag]           v0.38.97             -> v0.38.97
publish	Check out the released tag	2026-10-05T10:17:38.0589999Z  * [new tag]           v0.38.98             -> v0.38.98
publish	Check out the released tag	2026-10-05T10:17:38.0590693Z  * [new tag]           v0.39.4              -> v0.39.4
publish	Check out the released tag	2026-10-05T10:17:38.0592700Z ##[endgroup]
publish	Check out the released tag	2026-10-05T10:17:38.0593869Z ##[group]Determining the checkout info
publish	Check out the released tag	2026-10-05T10:17:38.0594801Z ##[endgroup]
publish	Check out the released tag	2026-10-05T10:17:38.0595323Z [command]/usr/bin/git sparse-checkout disable
publish	Check out the released tag	2026-10-05T10:17:38.0596872Z [command]/usr/bin/git config --local --unset-all extensions.worktreeConfig
publish	Check out the released tag	2026-10-05T10:17:38.0598556Z ##[group]Checking out the ref
publish	Check out the released tag	2026-10-05T10:17:38.0599208Z [command]/usr/bin/git checkout --progress --force refs/tags/v0.39.4
publish	Check out the released tag	2026-10-05T10:17:38.2179290Z Note: switching to 'refs/tags/v0.39.4'.
publish	Check out the released tag	2026-10-05T10:17:38.2180097Z
publish	Check out the released tag	2026-10-05T10:17:38.2180589Z You are in 'detached HEAD' state. You can look around, make experimental
publish	Check out the released tag	2026-10-05T10:17:38.2182011Z changes and commit them, and you can discard any commits you make in this
publish	Check out the released tag	2026-10-05T10:17:38.2182979Z state without impacting any branches by switching back to a branch.
publish	Check out the released tag	2026-10-05T10:17:38.2183509Z
publish	Check out the released tag	2026-10-05T10:17:38.2184112Z If you want to create a new branch to retain commits you create, you may
publish	Check out the released tag	2026-10-05T10:17:38.2184965Z do so (now or later) by using -c with the switch command. Example:
publish	Check out the released tag	2026-10-05T10:17:38.2185453Z
publish	Check out the released tag	2026-10-05T10:17:38.2185672Z   git switch -c <new-branch-name>
publish	Check out the released tag	2026-10-05T10:17:38.2186023Z
publish	Check out the released tag	2026-10-05T10:17:38.2186229Z Or undo this operation with:
publish	Check out the released tag	2026-10-05T10:17:38.2186553Z
publish	Check out the released tag	2026-10-05T10:17:38.2186737Z   git switch -
publish	Check out the released tag	2026-10-05T10:17:38.2186987Z
publish	Check out the released tag	2026-10-05T10:17:38.2187379Z Turn off this advice by setting config variable advice.detachedHead to false
publish	Check out the released tag	2026-10-05T10:17:38.2187966Z
publish	Check out the released tag	2026-10-05T10:17:38.2189097Z HEAD is now at ad3ec7a3 2 file(s) in audit/release-0.39.4-2026-10-05 DELTA:+4783/-0 | EXT:json,log TEST:512 NEW:release-0.39.4-2026-10-05/release-check.log,release-0.39.4-2026-10-05/tested-inputs.json
publish	Check out the released tag	2026-10-05T10:17:38.2213331Z ##[endgroup]
publish	Check out the released tag	2026-10-05T10:17:38.2262910Z [command]/usr/bin/git log -1 --format=%H
publish	Check out the released tag	2026-10-05T10:17:38.2290610Z ad3ec7a38c04afe6983a97cb224cbb9ee03d41ca
publish	Set up Node.js	﻿2026-10-05T10:17:38.2551369Z ##[group]Run actions/setup-node@v4
publish	Set up Node.js	2026-10-05T10:17:38.2551780Z with:
publish	Set up Node.js	2026-10-05T10:17:38.2552031Z   node-version: 22.19.0
publish	Set up Node.js	2026-10-05T10:17:38.2552364Z   registry-url: https://registry.npmjs.org
publish	Set up Node.js	2026-10-05T10:17:38.2552703Z   cache: npm
publish	Set up Node.js	2026-10-05T10:17:38.2552952Z   always-auth: false
publish	Set up Node.js	2026-10-05T10:17:38.2553217Z   check-latest: false
publish	Set up Node.js	2026-10-05T10:17:38.2556253Z   token: ***
publish	Set up Node.js	2026-10-05T10:17:38.2556521Z ##[endgroup]
publish	Set up Node.js	2026-10-05T10:17:38.3934568Z Attempting to download 22.19.0...
publish	Set up Node.js	2026-10-05T10:17:38.4042892Z (node:2457) [DEP0040] DeprecationWarning: The `punycode` module is deprecated. Please use a userland alternative instead.
publish	Set up Node.js	2026-10-05T10:17:38.4044350Z (Use `node --trace-deprecation ...` to show where the warning was created)
publish	Set up Node.js	2026-10-05T10:17:39.0390590Z Acquiring 22.19.0 - x64 from https://github.com/actions/node-versions/releases/download/22.19.0-17311483029/node-22.19.0-linux-x64.tar.gz
publish	Set up Node.js	2026-10-05T10:17:39.4276079Z Extracting ...
publish	Set up Node.js	2026-10-05T10:17:39.4404090Z [command]/usr/bin/tar xz --strip 1 --warning=no-unknown-keyword --overwrite -C /home/runner/work/_temp/eac05003-70a5-422a-8207-9d7385a566f8 -f /home/runner/work/_temp/f3ee35c3-97a9-4a47-9936-6fedfc539db3
publish	Set up Node.js	2026-10-05T10:17:40.6595760Z Adding to the cache ...
publish	Set up Node.js	2026-10-05T10:17:42.6238135Z ##[group]Environment details
publish	Set up Node.js	2026-10-05T10:17:42.8383954Z node: v22.19.0
publish	Set up Node.js	2026-10-05T10:17:42.8384567Z npm: 10.9.3
publish	Set up Node.js	2026-10-05T10:17:42.8385088Z yarn: 1.22.22
publish	Set up Node.js	2026-10-05T10:17:42.8385806Z ##[endgroup]
publish	Set up Node.js	2026-10-05T10:17:42.8496056Z [command]/opt/hostedtoolcache/node/22.19.0/x64/bin/npm config get cache
publish	Set up Node.js	2026-10-05T10:17:42.9398691Z /home/runner/.npm
publish	Set up Node.js	2026-10-05T10:17:43.0094776Z Cache hit for: node-cache-Linux-x64-npm-a906667ed879bbe4e2e1a152a5021baa173dedefa871e378362ec122790fa4e2
publish	Set up Node.js	2026-10-05T10:17:43.0258003Z (node:2457) [DEP0169] DeprecationWarning: `url.parse()` behavior is not standardized and prone to errors that have security implications. Use the WHATWG URL API instead. CVEs are not issued for `url.parse()` vulnerabilities.
publish	Set up Node.js	2026-10-05T10:17:43.3916595Z Received 66390243 of 66390243 (100.0%), 184.1 MBs/sec
publish	Set up Node.js	2026-10-05T10:17:43.3922508Z Cache Size: ~63 MB (66390243 B)
publish	Set up Node.js	2026-10-05T10:17:43.4012941Z [command]/usr/bin/tar -xf /home/runner/work/_temp/0d13c358-2022-425d-b0e7-81d997db2de6/cache.tzst -P -C /home/runner/work/pi-goal-list-loop-audit/pi-goal-list-loop-audit --use-compress-program unzstd
publish	Set up Node.js	2026-10-05T10:17:43.6246587Z Cache restored successfully
publish	Set up Node.js	2026-10-05T10:17:43.6286209Z Cache restored from key: node-cache-Linux-x64-npm-a906667ed879bbe4e2e1a152a5021baa173dedefa871e378362ec122790fa4e2
publish	Install the test runner	﻿2026-10-05T10:17:43.6539520Z ##[group]Run oven-sh/setup-bun@v2
publish	Install the test runner	2026-10-05T10:17:43.6539851Z with:
publish	Install the test runner	2026-10-05T10:17:43.6540062Z   bun-version: 1.3.14
publish	Install the test runner	2026-10-05T10:17:43.6540295Z   no-cache: false
publish	Install the test runner	2026-10-05T10:17:43.6543002Z   token: ***
publish	Install the test runner	2026-10-05T10:17:43.6543454Z env:
publish	Install the test runner	2026-10-05T10:17:43.6544068Z   NPM_CONFIG_USERCONFIG: /home/runner/work/_temp/.npmrc
publish	Install the test runner	2026-10-05T10:17:43.6544451Z   NODE_AUTH_TOKEN: XXXXX-XXXXX-XXXXX-XXXXX
publish	Install the test runner	2026-10-05T10:17:43.6544741Z ##[endgroup]
publish	Install the test runner	2026-10-05T10:17:43.8948298Z Cache hit for: bun-fR4r1tsFeXfPQkusQwkKD2kGnsE=
publish	Install the test runner	2026-10-05T10:17:44.1758868Z Received 33843768 of 33843768 (100.0%), 135.6 MBs/sec
publish	Install the test runner	2026-10-05T10:17:44.1760208Z Cache Size: ~32 MB (33843768 B)
publish	Install the test runner	2026-10-05T10:17:44.1800651Z [command]/usr/bin/tar -xf /home/runner/work/_temp/e58e486f-ad37-4230-8ae9-3238bf8cb716/cache.tzst -P -C /home/runner/work/pi-goal-list-loop-audit/pi-goal-list-loop-audit --use-compress-program unzstd
publish	Install the test runner	2026-10-05T10:17:44.3584684Z Cache restored successfully
publish	Install the test runner	2026-10-05T10:17:44.3608014Z [command]/home/runner/.bun/bin/bun --revision
publish	Install the test runner	2026-10-05T10:17:44.3680094Z 1.3.14+0d9b296af
publish	Install the test runner	2026-10-05T10:17:44.3680798Z Using a cached version of Bun: 1.3.14+0d9b296af
publish	Use the pinned trusted-publishing npm	﻿2026-10-05T10:17:44.3867179Z ##[group]Run npm install --global npm@11.12.1
publish	Use the pinned trusted-publishing npm	2026-10-05T10:17:44.3867668Z ^[[36;1mnpm install --global npm@11.12.1^[[0m
publish	Use the pinned trusted-publishing npm	2026-10-05T10:17:44.4130658Z shell: /usr/bin/bash -e {0}
publish	Use the pinned trusted-publishing npm	2026-10-05T10:17:44.4131085Z env:
publish	Use the pinned trusted-publishing npm	2026-10-05T10:17:44.4131461Z   NPM_CONFIG_USERCONFIG: /home/runner/work/_temp/.npmrc
publish	Use the pinned trusted-publishing npm	2026-10-05T10:17:44.4131982Z   NODE_AUTH_TOKEN: XXXXX-XXXXX-XXXXX-XXXXX
publish	Use the pinned trusted-publishing npm	2026-10-05T10:17:44.4132389Z ##[endgroup]
publish	Use the pinned trusted-publishing npm	2026-10-05T10:17:47.8160144Z
publish	Use the pinned trusted-publishing npm	2026-10-05T10:17:47.8161320Z removed 73 packages, and changed 104 packages in 3s
publish	Use the pinned trusted-publishing npm	2026-10-05T10:17:47.8161895Z
publish	Use the pinned trusted-publishing npm	2026-10-05T10:17:47.8162292Z 15 packages are looking for funding
publish	Use the pinned trusted-publishing npm	2026-10-05T10:17:47.8162887Z   run `npm fund` for details
publish	Verify the tag matches package.json	﻿2026-10-05T10:17:47.8715994Z ##[group]Run node --input-type=module - <<'NODE'
publish	Verify the tag matches package.json	2026-10-05T10:17:47.8716463Z ^[[36;1mnode --input-type=module - <<'NODE'^[[0m
publish	Verify the tag matches package.json	2026-10-05T10:17:47.8716799Z ^[[36;1mimport fs from "node:fs";^[[0m
publish	Verify the tag matches package.json	2026-10-05T10:17:47.8717248Z ^[[36;1mconst version = JSON.parse(fs.readFileSync("package.json", "utf8")).version;^[[0m
publish	Verify the tag matches package.json	2026-10-05T10:17:47.8717730Z ^[[36;1mconst expected = `v${version}`;^[[0m
publish	Verify the tag matches package.json	2026-10-05T10:17:47.8718110Z ^[[36;1mif (process.env.RELEASE_TAG !== expected) {^[[0m
publish	Verify the tag matches package.json	2026-10-05T10:17:47.8718682Z ^[[36;1m  throw new Error(`release tag ${process.env.RELEASE_TAG} does not match package.json ${expected}`);^[[0m
publish	Verify the tag matches package.json	2026-10-05T10:17:47.8719209Z ^[[36;1m}^[[0m
publish	Verify the tag matches package.json	2026-10-05T10:17:47.8719435Z ^[[36;1mNODE^[[0m
publish	Verify the tag matches package.json	2026-10-05T10:17:47.8785697Z shell: /usr/bin/bash -e {0}
publish	Verify the tag matches package.json	2026-10-05T10:17:47.8786002Z env:
publish	Verify the tag matches package.json	2026-10-05T10:17:47.8786296Z   NPM_CONFIG_USERCONFIG: /home/runner/work/_temp/.npmrc
publish	Verify the tag matches package.json	2026-10-05T10:17:47.8786708Z   NODE_AUTH_TOKEN: XXXXX-XXXXX-XXXXX-XXXXX
publish	Verify the tag matches package.json	2026-10-05T10:17:47.8787039Z   RELEASE_TAG: v0.39.4
publish	Verify the tag matches package.json	2026-10-05T10:17:47.8787290Z ##[endgroup]
publish	Install project dependencies	﻿2026-10-05T10:17:47.9174041Z ##[group]Run npm ci
publish	Install project dependencies	2026-10-05T10:17:47.9174410Z ^[[36;1mnpm ci^[[0m
publish	Install project dependencies	2026-10-05T10:17:47.9239696Z shell: /usr/bin/bash -e {0}
publish	Install project dependencies	2026-10-05T10:17:47.9240011Z env:
publish	Install project dependencies	2026-10-05T10:17:47.9240329Z   NPM_CONFIG_USERCONFIG: /home/runner/work/_temp/.npmrc
publish	Install project dependencies	2026-10-05T10:17:47.9240758Z   NODE_AUTH_TOKEN: XXXXX-XXXXX-XXXXX-XXXXX
publish	Install project dependencies	2026-10-05T10:17:47.9241115Z ##[endgroup]
publish	Install project dependencies	2026-10-05T10:17:48.2094515Z npm warn Unknown user config "always-auth". This will stop working in the next major version of npm. See `npm help npmrc` for supported config options.
publish	Install project dependencies	2026-10-05T10:17:51.7896839Z npm warn deprecated node-domexception@1.0.0: Use your platform's native DOMException instead
publish	Install project dependencies	2026-10-05T10:17:51.7941685Z npm warn deprecated node-domexception@1.0.0: Use your platform's native DOMException instead
publish	Install project dependencies	2026-10-05T10:17:59.1908295Z
publish	Install project dependencies	2026-10-05T10:17:59.1909332Z added 253 packages, and audited 254 packages in 11s
publish	Install project dependencies	2026-10-05T10:17:59.1909803Z
publish	Install project dependencies	2026-10-05T10:17:59.1910087Z 12 packages are looking for funding
publish	Install project dependencies	2026-10-05T10:17:59.1910830Z   run `npm fund` for details
publish	Install project dependencies	2026-10-05T10:17:59.1935682Z
publish	Install project dependencies	2026-10-05T10:17:59.1935946Z 1 high severity vulnerability
publish	Install project dependencies	2026-10-05T10:17:59.1936311Z
publish	Install project dependencies	2026-10-05T10:17:59.1936489Z To address all issues, run:
publish	Install project dependencies	2026-10-05T10:17:59.1936818Z   npm audit fix
publish	Install project dependencies	2026-10-05T10:17:59.1936981Z
publish	Install project dependencies	2026-10-05T10:17:59.1937125Z Run `npm audit` for details.
publish	Test and inspect the package	﻿2026-10-05T10:17:59.2614772Z ##[group]Run npm run release:check
publish	Test and inspect the package	2026-10-05T10:17:59.2615142Z ^[[36;1mnpm run release:check^[[0m
publish	Test and inspect the package	2026-10-05T10:17:59.2685054Z shell: /usr/bin/bash -e {0}
publish	Test and inspect the package	2026-10-05T10:17:59.2685361Z env:
publish	Test and inspect the package	2026-10-05T10:17:59.2685656Z   NPM_CONFIG_USERCONFIG: /home/runner/work/_temp/.npmrc
publish	Test and inspect the package	2026-10-05T10:17:59.2686066Z   NODE_AUTH_TOKEN: XXXXX-XXXXX-XXXXX-XXXXX
publish	Test and inspect the package	2026-10-05T10:17:59.2686404Z ##[endgroup]
publish	Test and inspect the package	2026-10-05T10:17:59.3565976Z npm warn Unknown user config "always-auth". This will stop working in the next major version of npm. See `npm help npmrc` for supported config options.
publish	Test and inspect the package	2026-10-05T10:17:59.3703114Z
publish	Test and inspect the package	2026-10-05T10:17:59.3703944Z > pi-goal-list-loop-audit@0.39.4 release:check
publish	Test and inspect the package	2026-10-05T10:17:59.3705022Z > npm run test:all && npm run check:inventory && npm pack --dry-run && node scripts/release-pack-smoke.mjs
publish	Test and inspect the package	2026-10-05T10:17:59.3705636Z
publish	Test and inspect the package	2026-10-05T10:17:59.4529482Z npm warn Unknown user config "always-auth". This will stop working in the next major version of npm. See `npm help npmrc` for supported config options.
publish	Test and inspect the package	2026-10-05T10:17:59.4669254Z
publish	Test and inspect the package	2026-10-05T10:17:59.4669838Z > pi-goal-list-loop-audit@0.39.4 test:all
publish	Test and inspect the package	2026-10-05T10:17:59.4671375Z > node scripts/run-tests.mjs --all && tsc --noEmit && node tests/repro-jiti-state-split.test.mjs && npm run test:auditor-extensions
publish	Test and inspect the package	2026-10-05T10:17:59.4672352Z
publish	Test and inspect the package	2026-10-05T10:17:59.5006999Z [run-tests] mode=all slow_files=12 stall_timeout=180s heartbeat=30s
publish	Test and inspect the package	2026-10-05T10:17:59.5115153Z bun test v1.3.14 (0d9b296a) 1x PARALLEL
publish	Test and inspect the package	2026-10-05T10:17:59.5223848Z
publish	Test and inspect the package	2026-10-05T10:17:59.5225429Z ##[group]tests/reviewer-source-curation.test.ts:
publish	Test and inspect the package	2026-10-05T10:18:00.1082799Z (pass) stripCodeSpans removes fenced blocks and inline spans [2.38ms]
publish	Test and inspect the package	2026-10-05T10:18:00.1088612Z (pass) the 4 junk lines from the 0.26.3 misfire extract NOTHING through the curated pipeline [0.71ms]
publish	Test and inspect the package	2026-10-05T10:18:00.1090297Z (pass) brace-led and quote-led lines are code-ish, never findings [0.17ms]
publish	Test and inspect the package	2026-10-05T10:18:00.1095139Z (pass) fireReviewer only mines disapproved/error audit reports, never approved ones [0.51ms]
publish	Test and inspect the package	2026-10-05T10:18:00.1099006Z (pass) v0.35.72: postaudit proposal counts only when safeSteerUser delivers [0.36ms]
publish	Test and inspect the package	2026-10-05T10:18:00.1100852Z (pass) automatic postaudit excludes archived objective/contract metadata; manual review retains it [0.16ms]
publish	Test and inspect the package	2026-10-05T10:18:00.1119832Z (pass) a DISAPPROVED report's required-fixes extract as findings; an APPROVED meta-report is inert [1.84ms]
publish	Test and inspect the package	2026-10-05T10:18:00.1121827Z (pass) superseded-disapproval curation: a disapproval answered by a later approval is NOT re-mined [0.28ms]
publish	Test and inspect the package	2026-10-05T10:18:00.1126558Z (pass) real prose findings still classify after curation [0.49ms]
publish	Test and inspect the package	2026-10-05T10:18:00.1127136Z
publish	Test and inspect the package	2026-10-05T10:18:00.1127784Z ##[endgroup]
publish	Test and inspect the package	2026-10-05T10:18:00.1132725Z
publish	Test and inspect the package	2026-10-05T10:18:00.1133365Z ##[group]tests/revision-counter.test.ts:
publish	Test and inspect the package	2026-10-05T10:18:00.3404987Z (pass) bumpGoalRevision increments revision by exactly 1 [0.32ms]
publish	Test and inspect the package	2026-10-05T10:18:00.3406068Z (pass) bumpGoalRevision treats undefined revision as 0 [0.05ms]
publish	Test and inspect the package	2026-10-05T10:18:00.3407080Z (pass) captureGoalRevision returns null for null goal [0.07ms]
publish	Test and inspect the package	2026-10-05T10:18:00.3408128Z (pass) captureGoalRevision tokens match by value, not identity [0.11ms]
publish	Test and inspect the package	2026-10-05T10:18:00.3409214Z (pass) isGoalRevisionCurrent: matches when revision is unchanged [0.07ms]
publish	Test and inspect the package	2026-10-05T10:18:00.3410255Z (pass) isGoalRevisionCurrent: refuses when revision bumped [0.08ms]
publish	Test and inspect the package	2026-10-05T10:18:00.3411193Z (pass) isGoalRevisionCurrent: refuses when goal replaced [0.05ms]
publish	Test and inspect the package	2026-10-05T10:18:00.3412202Z (pass) isGoalRevisionCurrent: refuses when current goal is null [0.05ms]
publish	Test and inspect the package	2026-10-05T10:18:00.3413422Z (pass) isGoalRevisionCurrent: null token passes through (legacy compat) [0.04ms]
publish	Test and inspect the package	2026-10-05T10:18:00.3414917Z (pass) end-to-end: capture → mutate → refuse [0.14ms]
publish	Test and inspect the package	2026-10-05T10:18:00.3415756Z (pass) GoalRevisionToken shape carries only goalId+revision [0.05ms]
publish	Test and inspect the package	2026-10-05T10:18:00.3416255Z
publish	Test and inspect the package	2026-10-05T10:18:00.3416873Z ##[endgroup]
publish	Test and inspect the package	2026-10-05T10:18:00.3417066Z
publish	Test and inspect the package	2026-10-05T10:18:00.3417556Z ##[group]tests/compactor-worker-lifecycle.test.ts:
publish	Test and inspect the package	2026-10-05T10:18:00.6695203Z (pass) compactor cleans its Pi tree on SIGTERM, including inherited pipes and TERM-ignoring children [104.26ms]
publish	Test and inspect the package	2026-10-05T10:18:03.7172239Z (pass) compactor cleans its Pi tree on timeout, including inherited pipes and TERM-ignoring children [3047.77ms]
publish	Test and inspect the package	2026-10-05T10:18:04.1850130Z (pass) compactor cleans its Pi tree on normal, including inherited pipes and TERM-ignoring children [467.80ms]
publish	Test and inspect the package	2026-10-05T10:18:04.6492094Z (pass) compactor cleans its Pi tree on result-write-failure, including inherited pipes and TERM-ignoring children [464.06ms]
publish	Test and inspect the package	2026-10-05T10:18:04.6493687Z
publish	Test and inspect the package	2026-10-05T10:18:04.6494701Z ##[endgroup]
publish	Test and inspect the package	2026-10-05T10:18:04.6511411Z
publish	Test and inspect the package	2026-10-05T10:18:04.6512101Z ##[group]tests/terminal-approval-render.test.ts:
publish	Test and inspect the package	2026-10-05T10:18:04.9002512Z (pass) skipped challenges are disclosed in chat, transcript, and archive evidence [18.49ms]
publish	Test and inspect the package	2026-10-05T10:18:04.9012036Z (pass) canonical render folds a lone approval with the verdict count, model-free [1.09ms]
publish	Test and inspect the package	2026-10-05T10:18:04.9025636Z (pass) standalone audit bullet survives only with news [1.38ms]
publish	Test and inspect the package	2026-10-05T10:18:04.9029929Z (pass) counts line proofs the audit verdict from durable state only [0.41ms]
publish	Test and inspect the package	2026-10-05T10:18:04.9032032Z (pass) buildApprovalChatLines stays backward compatible without counts [0.21ms]
publish	Test and inspect the package	2026-10-05T10:18:04.9051111Z (pass) v0.38.37 posted summary carries verifiable-result bullets plus the deliberate non-do [1.86ms]
publish	Test and inspect the package	2026-10-05T10:18:04.9104025Z (pass) idle-persisted render replays once on the next live contact [5.30ms]
publish	Test and inspect the package	2026-10-05T10:18:04.9128604Z (pass) render with confirmed delivery never replays [2.46ms]
publish	Test and inspect the package	2026-10-05T10:18:04.9134760Z (pass) corrupt store degrades to zero replays, never throws [0.55ms]
publish	Test and inspect the package	2026-10-05T10:18:04.9142598Z (pass) v0.38.39 chat brief strips machine paths but the archive keeps them [0.82ms]
publish	Test and inspect the package	2026-10-05T10:18:04.9144388Z (pass) v0.38.39 clause cut respects +-joined lists [0.17ms]
publish	Test and inspect the package	2026-10-05T10:18:04.9192247Z (pass) second approval for the same goal after delivery queues a fresh render [4.75ms]
publish	Test and inspect the package	2026-10-05T10:18:04.9196614Z (pass) error-only audit history renders an honest archive banner with no review row [0.42ms]
publish	Test and inspect the package	2026-10-05T10:18:04.9247129Z (pass) unreadable outbox refuses enqueue without replacing an earlier pending render [5.06ms]
publish	Test and inspect the package	2026-10-05T10:18:04.9300757Z (pass) malformed and partially invalid stores preserve bytes and refuse mutations [5.29ms]
publish	Test and inspect the package	2026-10-05T10:18:04.9350540Z (pass) delivery callback enqueue survives acknowledgement and replays on next contact [5.03ms]
publish	Test and inspect the package	2026-10-05T10:18:04.9399655Z (pass) nested replay neither repeats the in-flight render nor restores acknowledged entries [4.89ms]
publish	Test and inspect the package	2026-10-05T10:18:04.9562758Z (pass) refusal rotation preserves callback enqueues and makes them reachable next contact [16.27ms]
publish	Test and inspect the package	2026-10-05T10:18:04.9563847Z
publish	Test and inspect the package	2026-10-05T10:18:04.9564290Z ##[endgroup]
publish	Test and inspect the package	2026-10-05T10:18:04.9566488Z
publish	Test and inspect the package	2026-10-05T10:18:04.9567202Z ##[group]tests/goal-timeline.test.ts:
publish	Test and inspect the package	2026-10-05T10:18:05.1805394Z (pass) timeline: routes as a goal subcommand with optional count [0.45ms]
publish	Test and inspect the package	2026-10-05T10:18:05.1851460Z (pass) timeline: merges ledger events and verdicts in time order, humanized [5.77ms]
publish	Test and inspect the package	2026-10-05T10:18:05.1855187Z (pass) timeline: unknown types render compactly, noise and foreign goals excluded [0.41ms]
publish	Test and inspect the package	2026-10-05T10:18:05.1857372Z (pass) timeline: honors the limit with a truncation note [0.21ms]
publish	Test and inspect the package	2026-10-05T10:18:05.1862606Z (pass) timeline: next action derives from live state [0.51ms]
publish	Test and inspect the package	2026-10-05T10:18:05.3464628Z (pass) timeline: /goal timeline renders the live goal end to end [159.68ms]
publish	Test and inspect the package	2026-10-05T10:18:05.3465284Z
publish	Test and inspect the package	2026-10-05T10:18:05.3465804Z ##[endgroup]
publish	Test and inspect the package	2026-10-05T10:18:05.3468833Z
publish	Test and inspect the package	2026-10-05T10:18:05.3469648Z ##[group]tests/list-invisible-restart.test.ts:
publish	Test and inspect the package	2026-10-05T10:18:05.7785598Z (pass) v0.35.21: session_start converges a disk-sidecar queue the state ledger lost, and the widget renders it [209.61ms]
publish	Test and inspect the package	2026-10-05T10:18:05.9477101Z (pass) v0.35.61: a waiting-only queue is visible and startable without a reload [168.49ms]
publish	Test and inspect the package	2026-10-05T10:18:06.1267243Z (pass) v0.35.61: silent host replacement rehydrates a sidecar-only waiting queue before repaint [179.23ms]
publish	Test and inspect the package	2026-10-05T10:18:06.3079082Z (pass) v0.35.72: a newer known sidecar reconciles the in-memory queue item [182.10ms]
publish	Test and inspect the package	2026-10-05T10:18:06.4825879Z (pass) v0.35.72: activation refuses when the durable sidecar cannot be removed [174.57ms]
publish	Test and inspect the package	2026-10-05T10:18:06.6506042Z (pass) v0.35.21: convergence is idempotent — an item present in BOTH state and sidecar is not duplicated [164.04ms]
publish	Test and inspect the package	2026-10-05T10:18:06.6513138Z
publish	Test and inspect the package	2026-10-05T10:18:06.6514120Z ##[endgroup]
publish	Test and inspect the package	2026-10-05T10:18:06.6514523Z
publish	Test and inspect the package	2026-10-05T10:18:06.6515398Z ##[group]tests/no-provider-smoke.test.mjs:
publish	Test and inspect the package	2026-10-05T10:18:07.5072764Z (pass) GLLA loads without the optional pi-subagents provider [617.89ms]
publish	Test and inspect the package	2026-10-05T10:18:07.5073419Z
publish	Test and inspect the package	2026-10-05T10:18:07.5074268Z ##[endgroup]
publish	Test and inspect the package	2026-10-05T10:18:07.5077419Z
publish	Test and inspect the package	2026-10-05T10:18:07.5078116Z ##[group]tests/context-overflow-recovery.test.ts:
publish	Test and inspect the package	2026-10-05T10:18:07.7540090Z (pass) v0.34.116: classifyMainModelFailure accepts an isContextOverflow override [5.15ms]
publish	Test and inspect the package	2026-10-05T10:18:07.7541768Z (pass) v0.34.116: context-overflow override routes to a context-overflow kind, not non-recoverable [0.16ms]
publish	Test and inspect the package	2026-10-05T10:18:07.7543450Z (pass) v0.34.116: helper isContextOverflowError covers the same surface as the legacy non-recoverable regex [0.16ms]
publish	Test and inspect the package	2026-10-05T10:18:07.7545391Z (pass) v0.34.116: recoverFromContextOverflow is exported and routes through tryMainModelFallback [0.19ms]
publish	Test and inspect the package	2026-10-05T10:18:07.7546839Z (pass) v0.34.116: observeCompactFailure is the one-liner surface (notify + ledger) [0.17ms]
publish	Test and inspect the package	2026-10-05T10:18:07.7548242Z (pass) v0.34.116: tryMainModelFallback opens context-overflow (it is the only rotation kind beyond provider failures) [0.22ms]
publish	Test and inspect the package	2026-10-05T10:18:07.7555712Z (pass) v0.34.116: agent_end context-starved branch detects recent compaction and walks the chain [0.76ms]
publish	Test and inspect the package	2026-10-05T10:18:07.7556230Z
publish	Test and inspect the package	2026-10-05T10:18:07.7556578Z ##[endgroup]
publish	Test and inspect the package	2026-10-05T10:18:07.7559227Z
publish	Test and inspect the package	2026-10-05T10:18:07.7559815Z ##[group]tests/completion-communication.test.ts:
publish	Test and inspect the package	2026-10-05T10:18:09.1267862Z (pass) pending is nonterminal; approval delivers durable concrete summary (idle=true) [1148.94ms]
publish	Test and inspect the package	2026-10-05T10:18:10.2040256Z (pass) pending is nonterminal; approval delivers durable concrete summary (idle=false) [1077.23ms]
publish	Test and inspect the package	2026-10-05T10:18:11.2534981Z (pass) complete_goal leftOut renders the deliberate-non-do bullet end to end [1049.42ms]
publish	Test and inspect the package	2026-10-05T10:18:13.0081949Z (pass) complete_goal findingGroups ride the claim into the grouped terminal render [1754.64ms]
publish	Test and inspect the package	2026-10-05T10:18:13.6209777Z (pass) disapproval remains unfinished, no final success is posted [612.70ms]
publish	Test and inspect the package	2026-10-05T10:18:14.5421246Z (pass) archive write failure never emits a terminal success [921.28ms]
publish	Test and inspect the package	2026-10-05T10:18:29.5055901Z [run-tests] progress: 30s elapsed · 15s since last output · 6 KiB of suite output
publish	Test and inspect the package	2026-10-05T10:18:30.6064103Z (pass) approval summary does not replace independent next-item continuation [16064.19ms]
publish	Test and inspect the package	2026-10-05T10:18:31.6492883Z (pass) outbox write failure warns without claiming summary delivery [1043.00ms]
publish	Test and inspect the package	2026-10-05T10:18:31.6493413Z
publish	Test and inspect the package	2026-10-05T10:18:31.6494055Z ##[endgroup]
publish	Test and inspect the package	2026-10-05T10:18:31.6496817Z
publish	Test and inspect the package	2026-10-05T10:18:31.6497213Z ##[group]tests/stale-api-terminal.test.ts:
publish	Test and inspect the package	2026-10-05T10:18:31.8985213Z (pass) isStaleApiError matches pi's exact stale signature, rejects everything else [1.09ms]
publish	Test and inspect the package	2026-10-05T10:18:31.9014673Z (pass) both autonomous send paths detect staleness and auto-recover before terminal [0.71ms]
publish	Test and inspect the package	2026-10-05T10:18:31.9044816Z (pass) terminal path: ledger event, single-fire, goal ACTIVE+marker / loop stop with restart guidance [0.76ms]
publish	Test and inspect the package	2026-10-05T10:18:31.9073939Z (pass) v0.29.11 — heartbeat PROBES staleness before burning stall refires [0.45ms]
publish	Test and inspect the package	2026-10-05T10:18:31.9104999Z (pass) v0.30.0 — rebind-first survival: session_shutdown attribution, session_start rebind, zombie stand-down [2.50ms]
publish	Test and inspect the package	2026-10-05T10:18:31.9134150Z (pass) v0.35.72: pause and low-level activity cannot settle unrelated automatic dispatches [0.27ms]
publish	Test and inspect the package	2026-10-05T10:18:31.9154843Z (pass) v0.29.11 — stale/stall-stopped loops HOLD on next load (resume, not restart-from-scratch) [1.61ms]
publish	Test and inspect the package	2026-10-05T10:18:31.9157112Z (pass) v0.29.12 — /glla resume is stale-aware (the zombie must not say 'Nothing to resume') [0.44ms]
publish	Test and inspect the package	2026-10-05T10:18:31.9161671Z (pass) v0.34.16 — lifecycle handoff replaces terminal keystroke recovery [1.62ms]
publish	Test and inspect the package	2026-10-05T10:18:31.9162854Z (pass) v0.34.16 — lifecycle recovery has no multiplexer dependency [1.54ms]
publish	Test and inspect the package	2026-10-05T10:18:31.9164312Z (pass) v0.34.16 — stale paths never inject terminal input [1.44ms]
publish	Test and inspect the package	2026-10-05T10:18:31.9165465Z (pass) send paths short-circuit once stale (no retry-into-the-void) [0.13ms]
publish	Test and inspect the package	2026-10-05T10:18:31.9166234Z (pass) only an admitted host session claims the API and resets session state [0.73ms]
publish	Test and inspect the package	2026-10-05T10:18:31.9167118Z (pass) v0.32.0: audit-opportunistic fix batch — dispose, keys, caps, message [6.91ms]
publish	Test and inspect the package	2026-10-05T10:18:31.9167820Z (pass) v0.34.94: heartbeat only self-heals when the API and context are fresh [0.78ms]
publish	Test and inspect the package	2026-10-05T10:18:31.9169350Z (pass) v0.38.104: the preserved heartbeat releases its handle and re-arms across a generation bump [0.23ms]
publish	Test and inspect the package	2026-10-05T10:18:31.9170135Z
publish	Test and inspect the package	2026-10-05T10:18:31.9170663Z ##[endgroup]
publish	Test and inspect the package	2026-10-05T10:18:31.9292038Z
publish	Test and inspect the package	2026-10-05T10:18:31.9292923Z ##[group]tests/glla-status-ux.test.ts:
publish	Test and inspect the package	2026-10-05T10:18:32.7232371Z (pass) v0.35.15: auditing footer carries a distinct phase glyph AND an activity meter element for every auditor phase [0.80ms]
publish	Test and inspect the package	2026-10-05T10:18:32.7234597Z (pass) v0.35.15: activity meter drains as worker silence grows (full at fresh, empty past the quiet threshold) [0.19ms]
publish	Test and inspect the package	2026-10-05T10:18:32.7246127Z (pass) v0.35.15: ⏸ supervisor chip leads the footer in every lifecycle branch when paused [0.48ms]
publish	Test and inspect the package	2026-10-05T10:18:32.7247978Z (pass) v0.35.15: a recently ended quiet stretch shows 'silent Xm then resumed' in the widget; stale stretches stay hidden [1.04ms]
publish	Test and inspect the package	2026-10-05T10:18:32.7263891Z (pass) v0.35.15: quiet watcher notifies EXACTLY ONCE on entering the quiet phase, records the stretch on resume [1.57ms]
publish	Test and inspect the package	2026-10-05T10:18:32.7272023Z (pass) v0.35.15: quiet watcher stays silent while the supervisor is paused (it IS automatic machinery) [0.82ms]
publish	Test and inspect the package	2026-10-05T10:18:32.9684467Z (pass) v0.35.15: every automatic dispatch point gates on supervisorPaused [238.25ms]
publish	Test and inspect the package	2026-10-05T10:18:33.4551371Z (pass) v0.35.15: /glla pause persists a durable flag, leaves the active goal untouched, and survives a disk reload [488.85ms]
publish	Test and inspect the package	2026-10-05T10:18:33.7671937Z (pass) v0.35.15: /glla resume clears the freeze, reports the frozen duration, and never lies 'Nothing to resume' [312.57ms]
publish	Test and inspect the package	2026-10-05T10:18:33.7679893Z (pass) v0.38.104: the working-card tool argument is cut cell-aware, never mid-surrogate [0.96ms]
publish	Test and inspect the package	2026-10-05T10:18:33.7680893Z
publish	Test and inspect the package	2026-10-05T10:18:33.7681628Z ##[endgroup]
publish	Test and inspect the package	2026-10-05T10:18:33.7830928Z
publish	Test and inspect the package	2026-10-05T10:18:33.7832332Z ##[group]tests/audit-tier-record.test.ts:
publish	Test and inspect the package	2026-10-05T10:18:34.4711058Z (pass) tier-record: a small quiet claim audits light and records the tier [448.60ms]
publish	Test and inspect the package	2026-10-05T10:18:34.9004997Z (pass) tier-record: spot-check rate 1 forces full and marks the verdict [429.35ms]
publish	Test and inspect the package	2026-10-05T10:18:35.3155165Z (pass) tier-record: complete_goal requestFullAudit escalates one claim [415.02ms]
publish	Test and inspect the package	2026-10-05T10:18:35.4611440Z (pass) tier-record: draft consent sets fullAudit, shows the notice, ledgers consent [145.47ms]
publish	Test and inspect the package	2026-10-05T10:18:35.6039271Z (pass) tier-record: batch drafts refuse fullAudit instead of dropping it [141.75ms]
publish	Test and inspect the package	2026-10-05T10:18:35.7472995Z (pass) tier-record: single list drafts refuse fullAudit instead of dropping it [143.72ms]
publish	Test and inspect the package	2026-10-05T10:18:35.7508666Z
publish	Test and inspect the package	2026-10-05T10:18:35.7509390Z ##[endgroup]
publish	Test and inspect the package	2026-10-05T10:18:35.7509639Z
publish	Test and inspect the package	2026-10-05T10:18:35.9982939Z ##[group]tests/stats-challenges.test.ts:
publish	Test and inspect the package	2026-10-05T10:18:35.9984532Z (pass) challenges: confirmed/flipped/skipped counts over all verdicts, legacy ignored [1.63ms]
publish	Test and inspect the package	2026-10-05T10:18:35.9986015Z (pass) challenges: empty ledgers zero out, flip rate renders em-dash without challenged runs [0.41ms]
publish	Test and inspect the package	2026-10-05T10:18:36.0050898Z (pass) challenges: table and JSON formats mirror the schema [6.53ms]
publish	Test and inspect the package	2026-10-05T10:18:36.0053063Z (pass) challenges: light-tier verdicts and spot-check flips count separately [0.30ms]
publish	Test and inspect the package	2026-10-05T10:18:36.0053921Z
publish	Test and inspect the package	2026-10-05T10:18:36.0058303Z ##[endgroup]
publish	Test and inspect the package	2026-10-05T10:18:36.0058553Z
publish	Test and inspect the package	2026-10-05T10:18:36.0059118Z ##[group]tests/auditor-stderr-diagnostic.test.ts:
publish	Test and inspect the package	2026-10-05T10:18:36.2613072Z (pass) a lone BEL flush contributes nothing (field bug: 90+ errors recorded only BEL) [0.34ms]
publish	Test and inspect the package	2026-10-05T10:18:36.2614673Z (pass) stderr chunks accumulate in order [0.15ms]
publish	Test and inspect the package	2026-10-05T10:18:36.2615676Z (pass) OSC sequences and control bytes are stripped, printable text kept [0.11ms]
publish	Test and inspect the package	2026-10-05T10:18:36.2616665Z (pass) tab, LF, and CR survive; other C0 controls do not [0.10ms]
publish	Test and inspect the package	2026-10-05T10:18:36.2617480Z (pass) accumulation is bounded, keeping the tail [0.90ms]
publish	Test and inspect the package	2026-10-05T10:18:36.2617892Z
publish	Test and inspect the package	2026-10-05T10:18:36.2618387Z ##[endgroup]
publish	Test and inspect the package	2026-10-05T10:18:36.2618583Z
publish	Test and inspect the package	2026-10-05T10:18:36.2619027Z ##[group]tests/glla-table-menu.test.ts:
publish	Test and inspect the package	2026-10-05T10:18:36.5073100Z (pass) render: title row [6.50ms]
publish	Test and inspect the package	2026-10-05T10:18:36.5084843Z (pass) grouped entry points can open a specific settings section [1.00ms]
publish	Test and inspect the package	2026-10-05T10:18:36.5092990Z (pass) render: tabs row lists all 8 sections [0.87ms]
publish	Test and inspect the package	2026-10-05T10:18:36.5101538Z (pass) main agent tab starts with the current agent and drills in [0.79ms]
publish	Test and inspect the package	2026-10-05T10:18:36.5110414Z (pass) render: at width=120, the keep-going section renders its rows (v0.28.23: +decisionPopup) [0.84ms]
publish	Test and inspect the package	2026-10-05T10:18:36.5120165Z (pass) render: active row uses a full-width selected background [1.03ms]
publish	Test and inspect the package	2026-10-05T10:18:36.5126519Z (pass) render: compact header row has KEY, VALUE, SOURCE columns [0.64ms]
publish	Test and inspect the package	2026-10-05T10:18:36.5132367Z (pass) render: compact mode never exceeds terminal width even with a long VALUE in another section [0.51ms]
publish	Test and inspect the package	2026-10-05T10:18:36.5139810Z (pass) render: footer pin includes the optional details toggle [0.76ms]
publish	Test and inspect the package	2026-10-05T10:18:36.5141376Z (pass) nav: Enter on the first row emits that row's id [0.12ms]
publish	Test and inspect the package	2026-10-05T10:18:36.5142744Z (pass) nav: Down arrow moves to the next visible row [0.20ms]
publish	Test and inspect the package	2026-10-05T10:18:36.5145408Z (pass) nav: Down wrapping at the end of a section wraps to 0 [0.24ms]
publish	Test and inspect the package	2026-10-05T10:18:36.5146391Z (pass) nav: Esc emits undefined (close) [0.10ms]
publish	Test and inspect the package	2026-10-05T10:18:36.5147695Z (pass) nav: Tab advances to the next section [0.12ms]
publish	Test and inspect the package	2026-10-05T10:18:36.5148895Z (pass) nav: Back-tab (\x1b[Z) retreats to the previous section [0.08ms]
publish	Test and inspect the package	2026-10-05T10:18:36.5150212Z (pass) nav: Right-arrow CSI sequence (\x1b[C) advances section [0.07ms]
publish	Test and inspect the package	2026-10-05T10:18:36.5151400Z (pass) nav: Left-arrow CSI sequence (\x1b[D) retreats section [0.09ms]
publish	Test and inspect the package	2026-10-05T10:18:36.5172211Z (pass) details toggle: narrow descriptions are readable in a wrapped pane [2.03ms]
publish	Test and inspect the package	2026-10-05T10:18:36.5189493Z (pass) details toggle: at width=120 the description column shows most of the row text [1.72ms]
publish	Test and inspect the package	2026-10-05T10:18:36.5198242Z (pass) cache: identical renders at the same width return the same array reference [0.81ms]
publish	Test and inspect the package	2026-10-05T10:18:36.5211768Z (pass) cache: state change invalidates cache (move → next render produces new lines) [1.18ms]
publish	Test and inspect the package	2026-10-05T10:18:36.5219128Z (pass) compact view expands VALUE so model + thinking are visible [0.93ms]
publish	Test and inspect the package	2026-10-05T10:18:36.5220662Z (pass) structural: Class implements Component (has render + invalidate + handleInput) [0.08ms]
publish	Test and inspect the package	2026-10-05T10:18:36.5226695Z (pass) structural: buildSettingsRows returns ≥20 rows across all 8 sections (coverage) [0.56ms]
publish	Test and inspect the package	2026-10-05T10:18:36.5235052Z (pass) render: tab bar is color-only (v0.28.19: brackets dropped), all sections present [0.69ms]
publish	Test and inspect the package	2026-10-05T10:18:36.5245654Z (pass) render: a header rule with ┼ junctions follows the header row [1.20ms]
publish	Test and inspect the package	2026-10-05T10:18:36.5254912Z (pass) render: column separators align across header, rule, and every row (prefix counted) [0.77ms]
publish	Test and inspect the package	2026-10-05T10:18:36.5261216Z (pass) render: a too-long VALUE is truncated with … — it must NOT break the grid [0.70ms]
publish	Test and inspect the package	2026-10-05T10:18:36.5277451Z (pass) render: column widths are stable across tab switches (no grid reflow) [1.61ms]
publish	Test and inspect the package	2026-10-05T10:18:36.5278600Z
publish	Test and inspect the package	2026-10-05T10:18:36.5279497Z ##[endgroup]
publish	Test and inspect the package	2026-10-05T10:18:36.5281622Z
publish	Test and inspect the package	2026-10-05T10:18:36.5281989Z ##[group]tests/overdue-backstop.test.ts:
publish	Test and inspect the package	2026-10-05T10:18:37.1694421Z (pass) S9 (continuation route): overdue agent wait resumes exactly once — park-clear lands, then latch + ledger [407.75ms]
publish	Test and inspect the package	2026-10-05T10:18:37.5592500Z (pass) S9 (probe route): probe no-op releases the overdue latch so the next tick retries [389.94ms]
publish	Test and inspect the package	2026-10-05T10:18:37.9442810Z (pass) S9: failed durable resume leaves the wait retriable on the next heartbeat [385.00ms]
publish	Test and inspect the package	2026-10-05T10:18:37.9443678Z
publish	Test and inspect the package	2026-10-05T10:18:37.9444088Z ##[endgroup]
publish	Test and inspect the package	2026-10-05T10:18:37.9446206Z
publish	Test and inspect the package	2026-10-05T10:18:37.9447067Z ##[group]tests/glla-update-check.test.ts:
publish	Test and inspect the package	2026-10-05T10:18:38.1765954Z (pass) compareVersions orders semver-ish strings and shrugs at garbage [0.35ms]
publish	Test and inspect the package	2026-10-05T10:18:38.1767837Z (pass) staleUpdateNudge fires only when the cache proves the registry is ahead [0.10ms]
publish	Test and inspect the package	2026-10-05T10:18:38.1769450Z (pass) buildVersionTail always names the running version, nudges only when stale [0.09ms]
publish	Test and inspect the package	2026-10-05T10:18:38.1771379Z (pass) readUpdateCheck returns null for missing, malformed, and future-dated caches [0.85ms]
publish	Test and inspect the package	2026-10-05T10:18:38.1772855Z (pass) refreshUpdateCheck skips spawn while the cache is within TTL [0.30ms]
publish	Test and inspect the package	2026-10-05T10:18:38.1774287Z (pass) refreshUpdateCheck shells npm view when stale and caches the latest [0.69ms]
publish	Test and inspect the package	2026-10-05T10:18:38.1844898Z (pass) refreshUpdateCheck never throws and never writes on registry failure [8.13ms]
publish	Test and inspect the package	2026-10-05T10:18:38.1848491Z (pass) async spawn error is swallowed, never crashes, never writes [0.46ms]
publish	Test and inspect the package	2026-10-05T10:18:38.1851852Z (pass) non-version npm stdout never poisons the sidecar [0.34ms]
publish	Test and inspect the package	2026-10-05T10:18:38.1856621Z (pass) future-dated cache suppresses the spawn instead of causing one per contact [0.36ms]
publish	Test and inspect the package	2026-10-05T10:18:38.1857438Z
publish	Test and inspect the package	2026-10-05T10:18:38.1858166Z ##[endgroup]
publish	Test and inspect the package	2026-10-05T10:18:38.1860538Z
publish	Test and inspect the package	2026-10-05T10:18:38.1861095Z ##[group]tests/quota-sleep-until-reset.test.ts:
publish	Test and inspect the package	2026-10-05T10:18:38.4501103Z (pass) quota sleep-until-reset: explicit upstream hint sleeps to reset, on the FIRST attempt too (v0.38.104) [2.00ms]
publish	Test and inspect the package	2026-10-05T10:18:38.4502896Z (pass) quota sleep-until-reset: hint never widens the 5h envelope [0.08ms]
publish	Test and inspect the package	2026-10-05T10:18:38.4504553Z (pass) quota sleep-until-reset: hintless quota failures keep the blind ladder [0.16ms]
publish	Test and inspect the package	2026-10-05T10:18:38.4505865Z (pass) quota sleep-until-reset: non-quota signals ignore hints [0.15ms]
publish	Test and inspect the package	2026-10-05T10:18:38.4506568Z
publish	Test and inspect the package	2026-10-05T10:18:38.4507328Z ##[endgroup]
publish	Test and inspect the package	2026-10-05T10:18:38.4507555Z
publish	Test and inspect the package	2026-10-05T10:18:38.4508090Z ##[group]tests/model-selector-parity.test.ts:
publish	Test and inspect the package	2026-10-05T10:18:38.6759452Z (pass) model selector parity — fallback set and ordering > subagent-like raw chains are normalized like main (cap 10, case-insensitive dedup, order retained) [0.30ms]
publish	Test and inspect the package	2026-10-05T10:18:38.6773336Z (pass) model selector parity — fallback set and ordering > selectors share fallback ordering and forbidden/unregistered walk [0.48ms]
publish	Test and inspect the package	2026-10-05T10:18:38.6774635Z
publish	Test and inspect the package	2026-10-05T10:18:38.6775239Z ##[endgroup]
publish	Test and inspect the package	2026-10-05T10:18:38.6775478Z
publish	Test and inspect the package	2026-10-05T10:18:38.6775988Z ##[group]tests/list-audit-state-root.test.ts:
publish	Test and inspect the package	2026-10-05T10:18:38.9295133Z (pass) list-audit fan-out reads findings from the configured sessionDir root [26.61ms]
publish	Test and inspect the package	2026-10-05T10:18:38.9295902Z
publish	Test and inspect the package	2026-10-05T10:18:38.9296524Z ##[endgroup]
publish	Test and inspect the package	2026-10-05T10:18:38.9297470Z
publish	Test and inspect the package	2026-10-05T10:18:38.9298025Z ##[group]tests/subagent-session-ledger.test.ts:
publish	Test and inspect the package	2026-10-05T10:18:39.4823297Z (pass) guard: a spawn observed before any session binds writes nothing [314.95ms]
publish	Test and inspect the package	2026-10-05T10:18:39.8020378Z (pass) Agent-tool spawn appends subagent_session (id + summary) to the ledger [319.46ms]
publish	Test and inspect the package	2026-10-05T10:18:40.4140261Z (pass) the reference survives a restart: the ledger entry persists across a /reload [613.23ms]
publish	Test and inspect the package	2026-10-05T10:18:40.7336944Z (pass) every spawn appends — re-observation of an id (resume/re-run) adds fresh evidence [319.61ms]
publish	Test and inspect the package	2026-10-05T10:18:41.0397841Z (pass) malformed payloads are dropped, not crashy [306.15ms]
publish	Test and inspect the package	2026-10-05T10:18:41.0398936Z
publish	Test and inspect the package	2026-10-05T10:18:41.0399838Z ##[endgroup]
publish	Test and inspect the package	2026-10-05T10:18:41.0401284Z
publish	Test and inspect the package	2026-10-05T10:18:41.0401797Z ##[group]tests/prompt-daemon-investigation.test.ts:
publish	Test and inspect the package	2026-10-05T10:18:41.2858736Z (pass) continuation prompt has the DETACHED COMMIT DETECTION section (item 30) [0.49ms]
publish	Test and inspect the package	2026-10-05T10:18:41.2860184Z (pass) daemon guidance includes the filter-branch inspection command [0.08ms]
publish	Test and inspect the package	2026-10-05T10:18:41.2860969Z
publish	Test and inspect the package	2026-10-05T10:18:41.2861920Z ##[endgroup]
publish	Test and inspect the package	2026-10-05T10:18:41.2862157Z
publish	Test and inspect the package	2026-10-05T10:18:41.2862617Z ##[group]tests/loop-pause.test.ts:
publish	Test and inspect the package	2026-10-05T10:18:41.5184912Z (pass) v0.38.27: /loop pause is routed in cmdLoop and clears the tick [0.49ms]
publish	Test and inspect the package	2026-10-05T10:18:41.5219514Z (pass) v0.38.27: /loop pause is registered in the help completions [0.35ms]
publish	Test and inspect the package	2026-10-05T10:18:41.5221162Z (pass) v0.38.27: RESUMABLE_STOP matches the pause stopReason so /loop resume picks it up [0.08ms]
publish	Test and inspect the package	2026-10-05T10:18:41.5243966Z
publish	Test and inspect the package	2026-10-05T10:18:41.5274557Z ##[endgroup]
publish	Test and inspect the package	2026-10-05T10:18:41.5298113Z
publish	Test and inspect the package	2026-10-05T10:18:41.5299063Z ##[group]tests/list-stale-context.test.ts:
publish	Test and inspect the package	2026-10-05T10:18:42.1100706Z (pass) v0.34.51: /list add on a stale handle is refused — honest recovery result, zero state mutation [315.44ms]
publish	Test and inspect the package	2026-10-05T10:18:42.4311254Z (pass) v0.34.51: /list remove, clear, cancel, next, tweak, pause, resume are all refused on a stale handle [320.98ms]
publish	Test and inspect the package	2026-10-05T10:18:42.7374215Z (pass) v0.34.51: the natural-language dump fallthrough is refused on a stale handle — drafting never starts [306.30ms]
publish	Test and inspect the package	2026-10-05T10:18:43.0576198Z (pass) v0.34.51: /list show and /list depth stay usable on a stale handle (inspect, don't mutate) [320.18ms]
publish	Test and inspect the package	2026-10-05T10:18:43.6818636Z (pass) v0.34.51: the honest recovery result — the refreshed session owns the command and the add lands [624.15ms]
publish	Test and inspect the package	2026-10-05T10:18:43.8423092Z (pass) v0.34.51: list_add and list_activate tools return the stale-context recovery result without mutating [158.82ms]
publish	Test and inspect the package	2026-10-05T10:18:43.8425712Z (pass) v0.34.51: source — cmdList captures the entry probe and gates every mutating path [1.52ms]
publish	Test and inspect the package	2026-10-05T10:18:43.8426385Z
publish	Test and inspect the package	2026-10-05T10:18:43.8426916Z ##[endgroup]
publish	Test and inspect the package	2026-10-05T10:18:43.8427134Z
publish	Test and inspect the package	2026-10-05T10:18:43.8427599Z ##[group]tests/contract-text-semantics.test.ts:
publish	Test and inspect the package	2026-10-05T10:18:44.1465918Z (pass) parser: supplied clause yields replacement data [0.62ms]
publish	Test and inspect the package	2026-10-05T10:18:44.1467569Z (pass) parser: omitted clause yields no contract and no clear signal [0.17ms]
publish	Test and inspect the package	2026-10-05T10:18:44.1468370Z (pass) parser: bare line-marker is an explicit clear [0.10ms]
publish	Test and inspect the package	2026-10-05T10:18:44.1469329Z (pass) parser: bare inline marker is an explicit clear and is stripped from the objective [0.15ms]
publish	Test and inspect the package	2026-10-05T10:18:44.1470735Z (pass) parser: bare marker followed by content still captures the contract block [0.10ms]
publish	Test and inspect the package	2026-10-05T10:18:44.3335277Z (pass) goal tweak: supplied clause replaces the stored contract [187.13ms]
publish	Test and inspect the package	2026-10-05T10:18:44.5030353Z (pass) goal tweak: omitted clause preserves the stored contract [166.74ms]
publish	Test and inspect the package	2026-10-05T10:18:44.7165244Z (pass) goal tweak: bare 'Done when:' clears the stored contract [212.59ms]
publish	Test and inspect the package	2026-10-05T10:18:44.9095359Z (pass) list tweak: supplied clause replaces the stored contract [194.07ms]
publish	Test and inspect the package	2026-10-05T10:18:45.1038591Z (pass) list tweak: omitted clause preserves the stored contract [196.18ms]
publish	Test and inspect the package	2026-10-05T10:18:45.3235248Z (pass) list tweak: bare 'Done when:' clears the stored contract [218.25ms]
publish	Test and inspect the package	2026-10-05T10:18:45.3255194Z
publish	Test and inspect the package	2026-10-05T10:18:45.3259809Z ##[endgroup]
publish	Test and inspect the package	2026-10-05T10:18:45.3274850Z
publish	Test and inspect the package	2026-10-05T10:18:45.3282229Z ##[group]tests/compaction-settled-boundary.test.ts:
publish	Test and inspect the package	2026-10-05T10:18:45.7635665Z (pass) idle loop dispatch checks the threshold without agent_settled (failure=false) [184.46ms]
publish	Test and inspect the package	2026-10-05T10:18:45.9546984Z (pass) idle loop dispatch checks the threshold without agent_settled (failure=true) [189.13ms]
publish	Test and inspect the package	2026-10-05T10:18:45.9755014Z (pass) settled and idle-send compaction preserve paused [19.91ms]
publish	Test and inspect the package	2026-10-05T10:18:46.0005299Z (pass) settled and idle-send compaction preserve auditing [19.84ms]
publish	Test and inspect the package	2026-10-05T10:18:46.0196584Z (pass) settled and idle-send compaction preserve frozen [27.62ms]
publish	Test and inspect the package	2026-10-05T10:18:46.0740353Z (pass) settled and idle-send compaction preserve aborted [46.53ms]
publish	Test and inspect the package	2026-10-05T10:18:46.2815195Z (pass) idle list advancement checks compaction before dispatching the next task [214.63ms]
publish	Test and inspect the package	2026-10-05T10:18:46.8422195Z (pass) busy agent_end defers the 200k trigger to agent_settled, then work resumes after compaction [561.24ms]
publish	Test and inspect the package	2026-10-05T10:18:46.8456615Z
publish	Test and inspect the package	2026-10-05T10:18:46.8474411Z ##[endgroup]
publish	Test and inspect the package	2026-10-05T10:18:46.8477258Z
publish	Test and inspect the package	2026-10-05T10:18:46.8478017Z ##[group]tests/confirm-draft.test.ts:
publish	Test and inspect the package	2026-10-05T10:18:47.0987363Z (pass) buildConfirmDraftMarkdown: title is the H1, body follows [0.37ms]
publish	Test and inspect the package	2026-10-05T10:18:47.1165164Z (pass) ConfirmDraftComponent renders the title, body, and all three choices [17.44ms]
publish	Test and inspect the package	2026-10-05T10:18:47.1188589Z (pass) ConfirmDraftComponent: first choice selected, no-throw on input/invalidate [2.42ms]
publish	Test and inspect the package	2026-10-05T10:18:47.2907372Z (pass) custom path: Yes accepts the draft and the dialog is captured [169.92ms]
publish	Test and inspect the package	2026-10-05T10:18:47.4665143Z (pass) custom path: No rejects the draft [175.88ms]
publish	Test and inspect the package	2026-10-05T10:18:47.6435207Z (pass) custom path: a stale error returns stale (NOT-a-rejection) [174.44ms]
publish	Test and inspect the package	2026-10-05T10:18:47.8365756Z (pass) fallback: no custom shard → plain select path still accepts (Yes) [192.25ms]
publish	Test and inspect the package	2026-10-05T10:18:48.0159888Z (pass) fallback: a stale select error still returns stale [183.37ms]
publish	Test and inspect the package	2026-10-05T10:18:48.2910078Z (pass) list batch confirmation resolves paused carryover before activating the head [274.01ms]
publish	Test and inspect the package	2026-10-05T10:18:48.5106168Z (pass) RPC stub (custom present, factory never invoked): the select fallback fires and accepts [216.87ms]
publish	Test and inspect the package	2026-10-05T10:18:48.7285320Z (pass) v0.34.82: the custom-path factory is INVOKED and returns a ConfirmDraftComponent that renders the body + all three choices [213.54ms]
publish	Test and inspect the package	2026-10-05T10:18:48.9205397Z (pass) RPC stub: a select 'No' still declines, and a stale select error returns stale [192.36ms]
publish	Test and inspect the package	2026-10-05T10:18:48.9296475Z
publish	Test and inspect the package	2026-10-05T10:18:48.9339322Z ##[endgroup]
publish	Test and inspect the package	2026-10-05T10:18:48.9359653Z
publish	Test and inspect the package	2026-10-05T10:18:48.9360334Z ##[group]tests/respec-builder-ui.test.ts:
publish	Test and inspect the package	2026-10-05T10:18:49.1995096Z (pass) live telemetry is claim-fenced and missing telemetry never implies a running worker [8.74ms]
publish	Test and inspect the package	2026-10-05T10:18:49.1996592Z (pass) completion summary requires proof and includes acceptance, shipped capability and evidence [0.81ms]
publish	Test and inspect the package	2026-10-05T10:18:49.2453046Z (pass) actual project summaries render semantic headings, bold and no italics in both themes [45.98ms]
publish	Test and inspect the package	2026-10-05T10:18:49.2634512Z (pass) large project summaries stay within the shared receipt transport and disclose omissions [18.25ms]
publish	Test and inspect the package	2026-10-05T10:18:49.2635177Z
publish	Test and inspect the package	2026-10-05T10:18:49.2635577Z ##[endgroup]
publish	Test and inspect the package	2026-10-05T10:18:49.2637799Z
publish	Test and inspect the package	2026-10-05T10:18:49.2638281Z ##[group]tests/terminal-summary-delivery.test.ts:
publish	Test and inspect the package	2026-10-05T10:18:49.5201625Z (pass) visible summary persists without an LLM turn (idle=true) [1.43ms]
publish	Test and inspect the package	2026-10-05T10:18:49.5202717Z (pass) visible summary persists without an LLM turn (idle=false) [0.20ms]
publish	Test and inspect the package	2026-10-05T10:18:49.5205916Z (pass) branch-before-persist failure stays pending, suppresses duplicate, later persistence confirms [0.35ms]
publish	Test and inspect the package	2026-10-05T10:18:49.5207730Z (pass) no-file session never acknowledges but does not repeat the visible summary [0.19ms]
publish	Test and inspect the package	2026-10-05T10:18:49.5274254Z (pass) outbox survives failed delivery and restart; acknowledged render never replays [6.60ms]
publish	Test and inspect the package	2026-10-05T10:18:49.5298193Z (pass) failed outbox acknowledgement does not duplicate an existing persisted branch summary [2.40ms]
publish	Test and inspect the package	2026-10-05T10:18:49.5303811Z (pass) confirmation requires exact identity/content and complete JSONL, tolerates malformed tail [0.53ms]
publish	Test and inspect the package	2026-10-05T10:18:49.5366845Z (pass) bounded confirmation fails conservatively when receipt is outside tail [6.28ms]
publish	Test and inspect the package	2026-10-05T10:18:49.5490322Z (pass) maximum supported outbox receipt is acknowledged ("x") [12.24ms]
publish	Test and inspect the package	2026-10-05T10:18:49.5932585Z (pass) maximum supported outbox receipt is acknowledged ("😀") [44.10ms]
publish	Test and inspect the package	2026-10-05T10:18:49.6446544Z (pass) maximum supported outbox receipt is acknowledged ("\u0000") [51.42ms]
publish	Test and inspect the package	2026-10-05T10:18:49.6721243Z (pass) maximum supported outbox receipt is acknowledged ("\\") [27.55ms]
publish	Test and inspect the package	2026-10-05T10:18:49.6758998Z (pass) failed outbox acknowledgement write retries without resending the visible message [3.81ms]
publish	Test and inspect the package	2026-10-05T10:18:49.6838371Z (pass) current settlement is not starved by older unconfirmed renders [7.94ms]
publish	Test and inspect the package	2026-10-05T10:18:49.6914735Z (pass) persistently unconfirmed head rotates so a later render is attempted [7.62ms]
publish	Test and inspect the package	2026-10-05T10:18:49.6961913Z (pass) host sendMessage reentrant enqueue remains pending after confirmed session delivery [4.71ms]
publish	Test and inspect the package	2026-10-05T10:18:49.6962464Z
publish	Test and inspect the package	2026-10-05T10:18:49.6962844Z ##[endgroup]
publish	Test and inspect the package	2026-10-05T10:18:49.6966153Z
publish	Test and inspect the package	2026-10-05T10:18:49.6966652Z ##[group]tests/revision-bound-audit.test.ts:
publish	Test and inspect the package	2026-10-05T10:18:49.9542516Z (pass) v0.34.60: /goal tweak bumps the goal revision (a contract change) [22.50ms]
publish	Test and inspect the package	2026-10-05T10:18:50.3219640Z (pass) v0.34.60: complete_goal with newObjective bumps the revision and audits the new contract in the same call [367.62ms]
publish	Test and inspect the package	2026-10-05T10:18:50.3355840Z (pass) v0.35.36: complete_goal newObjective does NOT launder the agent-authored objective into userSeeds [13.12ms]
publish	Test and inspect the package	2026-10-05T10:18:50.3399471Z (pass) repair replan bumps the contract revision and invalidates an older approval [4.98ms]
publish	Test and inspect the package	2026-10-05T10:18:50.3414866Z (pass) v0.34.60: complete_goal REJECTS when the contract revision moved past the last audited revision [1.55ms]
publish	Test and inspect the package	2026-10-05T10:18:50.6246555Z (pass) direct complete_goal refuses an approval when the contract revision changes during the detached audit [282.95ms]
publish	Test and inspect the package	2026-10-05T10:18:50.9200607Z (pass) v0.34.60: complete_goal passes when the last audit matches the current revision [295.44ms]
publish	Test and inspect the package	2026-10-05T10:18:51.2156471Z (pass) v0.34.60: legacy audit entries without a revision never trip the gate [295.56ms]
publish	Test and inspect the package	2026-10-05T10:18:51.8079990Z (pass) v0.34.61: a settled audit never invalidates its own verdict — a second complete_goal on the same contract proceeds [592.26ms]
publish	Test and inspect the package	2026-10-05T10:18:52.1354006Z (pass) v0.34.61: the documented escape works — tweak, then /goal verify, then complete_goal proceeds [327.34ms]
publish	Test and inspect the package	2026-10-05T10:18:52.4725455Z (pass) v0.34.60: the gate skips when the call itself carries newObjective (its audit covers the new contract) [337.18ms]
publish	Test and inspect the package	2026-10-05T10:18:52.4784078Z (pass) v0.34.96: complete_goal routes to aborted when completionSummary says 'already shipped' [6.02ms]
publish	Test and inspect the package	2026-10-05T10:18:52.4823911Z (pass) v0.34.96: already-shipped abort binds the version attached to the claim [4.01ms]
publish	Test and inspect the package	2026-10-05T10:18:52.4840080Z (pass) v0.35.x: already-shipped completion honors an existing archive fence [1.62ms]
publish	Test and inspect the package	2026-10-05T10:18:52.4871628Z (pass) v0.35.x: archiveCurrentGoal preserves a same-id archive on cancel [3.14ms]
publish	Test and inspect the package	2026-10-05T10:18:52.8401512Z (pass) v0.34.128: a version-less 'no new work shipped' claim routes to the NORMAL audit and completes on approval [352.82ms]
publish	Test and inspect the package	2026-10-05T10:18:53.1337554Z (pass) v0.34.128: a version-less 'already shipped' claim disapproved by the auditor leaves the finding queued (no abort) [293.57ms]
publish	Test and inspect the package	2026-10-05T10:18:53.4285245Z (pass) v0.34.96: a NORMAL completionSummary still runs the auditor (no false-positive abort) [294.68ms]
publish	Test and inspect the package	2026-10-05T10:18:53.4307381Z (pass) v0.38.104: an unpersistable newObjective refuses the claim and never advances the revision [2.38ms]
publish	Test and inspect the package	2026-10-05T10:18:53.4308084Z
publish	Test and inspect the package	2026-10-05T10:18:53.4308531Z ##[endgroup]
publish	Test and inspect the package	2026-10-05T10:18:53.4311266Z
publish	Test and inspect the package	2026-10-05T10:18:53.4312082Z ##[group]tests/respec-builder-display.test.ts:
publish	Test and inspect the package	2026-10-05T10:18:53.6625309Z (pass) a stopped project audit exposes its hold reason instead of implying a running auditor [1.18ms]
publish	Test and inspect the package	2026-10-05T10:18:53.6659463Z (pass) project cards expose phase, unfinished coverage and recorded blockers within narrow widths [3.97ms]
publish	Test and inspect the package	2026-10-05T10:18:53.6660281Z
publish	Test and inspect the package	2026-10-05T10:18:53.6660763Z ##[endgroup]
publish	Test and inspect the package	2026-10-05T10:18:53.6660971Z
publish	Test and inspect the package	2026-10-05T10:18:53.6661416Z ##[group]tests/auditor-chunk-hint.test.ts:
publish	Test and inspect the package	2026-10-05T10:18:53.8935662Z (pass) auditor prompt carries the chunk-near-context-full hint (item 7) [0.56ms]
publish	Test and inspect the package	2026-10-05T10:18:53.8937695Z (pass) reviewer.ts has no inline prompt to add the hint to (post-audit surfaces only review reports, not prompts) [0.07ms]
publish	Test and inspect the package	2026-10-05T10:18:53.8938965Z
publish	Test and inspect the package	2026-10-05T10:18:53.8939440Z ##[endgroup]
publish	Test and inspect the package	2026-10-05T10:18:53.8939647Z
publish	Test and inspect the package	2026-10-05T10:18:53.8942162Z ##[group]tests/compactor-handoff.test.ts:
publish	Test and inspect the package	2026-10-05T10:18:54.1185084Z (pass) plan B picks verified free big-context, largest first, max two [0.68ms]
publish	Test and inspect the package	2026-10-05T10:18:54.1186602Z (pass) plan B disqualifies unknown metadata, paid, unauthed, forbidden, stuck [0.31ms]
publish	Test and inspect the package	2026-10-05T10:18:54.1187633Z (pass) plan B returns [] when the registry throws [0.15ms]
publish	Test and inspect the package	2026-10-05T10:18:54.1317466Z (pass) compactor chain normalizes and caps 0-10 exactly like drafter [13.08ms]
publish	Test and inspect the package	2026-10-05T10:18:54.1320313Z (pass) compactor chain never leases the stuck session model [0.43ms]
publish	Test and inspect the package	2026-10-05T10:18:54.1321786Z (pass) refuse transition fires exactly once per episode [0.15ms]
publish	Test and inspect the package	2026-10-05T10:18:54.1353619Z (pass) audit 2026-09-06: compactor one-shot survives a restart mid-episode [3.11ms]
publish	Test and inspect the package	2026-10-05T10:18:54.1358454Z (pass) audit 2026-09-06: worker timeout escalates SIGTERM to SIGKILL [0.47ms]
publish	Test and inspect the package	2026-10-05T10:18:54.1361963Z (pass) brief scope: packet bounded, sections present, worker tool-less [0.36ms]
publish	Test and inspect the package	2026-10-05T10:18:54.1363147Z (pass) resync carries the brief excerpt only when present [0.16ms]
publish	Test and inspect the package	2026-10-05T10:18:54.1366304Z (pass) recovery banner quotes the handoff excerpt [0.26ms]
publish	Test and inspect the package	2026-10-05T10:18:54.6767178Z (pass) refuse engages the compactor once with the chain model + packet scope [539.94ms]
publish	Test and inspect the package	2026-10-05T10:18:55.0141833Z (pass) chain empty falls back to the verified free registry model [337.41ms]
publish	Test and inspect the package	2026-10-05T10:18:55.6345435Z (pass) no model anywhere skips silently with ledger, ladder still paints [620.28ms]
publish	Test and inspect the package	2026-10-05T10:18:55.9745504Z (pass) notifyCmd off keeps the brief, drops the page [340.03ms]
publish	Test and inspect the package	2026-10-05T10:18:56.1033039Z (pass) reload with a brief on disk quotes the handoff in the banner [128.71ms]
publish	Test and inspect the package	2026-10-05T10:18:56.1041504Z (pass) resolveCompactorModel end to end prefers chain over plan B [0.99ms]
publish	Test and inspect the package	2026-10-05T10:18:56.1044138Z
publish	Test and inspect the package	2026-10-05T10:18:56.1044842Z ##[endgroup]
publish	Test and inspect the package	2026-10-05T10:18:56.1055383Z
publish	Test and inspect the package	2026-10-05T10:18:56.1056265Z ##[group]tests/loop-measure-probe-exit.test.ts:
publish	Test and inspect the package	2026-10-05T10:18:56.3736383Z (pass) propose_loop_draft rejects non-zero measure output even when stdout is numeric [19.01ms]
publish	Test and inspect the package	2026-10-05T10:18:56.3777897Z (pass) propose_loop_refine rejects non-zero measure output and leaves the live loop unchanged [4.07ms]
publish	Test and inspect the package	2026-10-05T10:18:56.3778672Z
publish	Test and inspect the package	2026-10-05T10:18:56.3779160Z ##[endgroup]
publish	Test and inspect the package	2026-10-05T10:18:56.3781265Z
publish	Test and inspect the package	2026-10-05T10:18:56.3781781Z ##[group]tests/model-switch.test.ts:
publish	Test and inspect the package	2026-10-05T10:18:56.6936144Z (pass) v0.34.57: persistState carries lastModelRef on the state line for a fresh process to restore [16.33ms]
publish	Test and inspect the package	2026-10-05T10:18:56.6953296Z (pass) v0.34.57: a fresh process with a changed default model ledgeres turn-boundary drift (cross-session detection) [3.12ms]
publish	Test and inspect the package	2026-10-05T10:18:56.6984327Z (pass) v0.34.57: modelSwitch() builds the canonical ledger payload [0.38ms]
publish	Test and inspect the package	2026-10-05T10:18:56.6985964Z (pass) v0.34.57: isForbiddenModel matches refs, case-insensitively; v0.34.115: empty default forbids nothing [0.31ms]
publish	Test and inspect the package	2026-10-05T10:18:56.6987018Z (pass) v0.34.57: the model_select hook ledgeres every provider/model change [1.23ms]
publish	Test and inspect the package	2026-10-05T10:18:56.6988418Z (pass) v0.34.57: the turn-boundary check ledgeres drift that arrives without a model_select event [3.52ms]
publish	Test and inspect the package	2026-10-05T10:18:56.7080427Z (pass) v0.34.57: the forbidden gate blocks a forbidden selection, emits forbidden_model_switch, and reverts [9.12ms]
publish	Test and inspect the package	2026-10-05T10:18:56.7091711Z (pass) v0.34.57: blockForbiddenModelSwitches off allows the switch but records the violation [1.05ms]
publish	Test and inspect the package	2026-10-05T10:18:56.7093253Z (pass) v0.34.93: isForbiddenModel flags sonnet/opus/gpt-5.5 refs the gate must skip [0.18ms]
publish	Test and inspect the package	2026-10-05T10:18:56.7096019Z (pass) v0.34.93: empty / undefined ref is never forbidden (the empty-list semantic); v0.34.115: default is empty [0.12ms]
publish	Test and inspect the package	2026-10-05T10:18:56.7098097Z (pass) v0.34.93: a forbidden candidate is silently skipped by the recovery gate (the recovery-envelope gate skips the candidate without rotation or verdict change) [0.21ms]
publish	Test and inspect the package	2026-10-05T10:18:56.7116426Z (pass) v0.34.57: turn-boundary drift into a forbidden model records the violation without blocking [2.01ms]
publish	Test and inspect the package	2026-10-05T10:18:56.7162635Z (pass) v0.34.57: /glla switchlog renders the last N entries of the model-switch trail [4.53ms]
publish	Test and inspect the package	2026-10-05T10:18:56.7163330Z
publish	Test and inspect the package	2026-10-05T10:18:56.7164073Z ##[endgroup]
publish	Test and inspect the package	2026-10-05T10:18:56.7166534Z
publish	Test and inspect the package	2026-10-05T10:18:56.7167242Z ##[group]tests/audit-lifecycle-surfaces.test.ts:
publish	Test and inspect the package	2026-10-05T10:18:59.5056841Z [run-tests] progress: 60s elapsed · 3s since last output · 27 KiB of suite output
publish	Test and inspect the package	2026-10-05T10:19:02.3387025Z (pass) durable: an ordinary complete_goal records phase running + lastActivityAt before the verdict [5382.93ms]
publish	Test and inspect the package	2026-10-05T10:19:02.3397738Z (pass) durable phase beats a worker-complete snapshot on the widget card and the status line [1.28ms]
publish	Test and inspect the package	2026-10-05T10:19:02.3401054Z (pass) a live worker still refines a running claim (the HUD stays the richer truth) [0.35ms]
publish	Test and inspect the package	2026-10-05T10:19:02.3403902Z (pass) durable phase with no live worker says so, and names the durable age [0.25ms]
publish	Test and inspect the package	2026-10-05T10:19:02.3406165Z (pass) the durable projection is the single source for all three surfaces [0.29ms]
publish	Test and inspect the package	2026-10-05T10:19:02.3411124Z (pass) a paused goal that still owes a settlement names it on card and status line [0.48ms]
publish	Test and inspect the package	2026-10-05T10:19:02.3414671Z (pass) a paused parked claim names recovery-needed on card and status line [0.33ms]
publish	Test and inspect the package	2026-10-05T10:19:02.3416798Z (pass) a list item names its own resume command, never /goal resume [0.24ms]
publish	Test and inspect the package	2026-10-05T10:19:02.3417331Z
publish	Test and inspect the package	2026-10-05T10:19:02.3417803Z ##[endgroup]
publish	Test and inspect the package	2026-10-05T10:19:02.3422158Z
publish	Test and inspect the package	2026-10-05T10:19:02.3422663Z ##[group]tests/goal-loop-display.test.ts:
publish	Test and inspect the package	2026-10-05T10:19:02.5880553Z (pass) active goal card pins primary, ordered fallbacks, skipped forbidden refs, and handled models [1.81ms]
publish	Test and inspect the package	2026-10-05T10:19:02.5881908Z (pass) v0.38.28: duplicate handled-turn provenance is omitted; lone inherited row is dropped [0.35ms]
publish	Test and inspect the package	2026-10-05T10:19:02.5999598Z (pass) v0.38.29: active recovery is a compact model row, not a duplicate report [11.96ms]
publish	Test and inspect the package	2026-10-05T10:19:02.6005321Z (pass) v0.38.29: settled recovery does not leave Markdown noise in the head [0.39ms]
publish	Test and inspect the package	2026-10-05T10:19:02.6007186Z (pass) card head cuts the objective at a clause boundary, never mid-word [0.54ms]
publish	Test and inspect the package	2026-10-05T10:19:02.6014727Z (pass) truncateObjective keeps clause boundaries with emoji and CJK prefixes [0.59ms]
publish	Test and inspect the package	2026-10-05T10:19:02.6016282Z (pass) truncateObjective falls back to a character cut with no usable boundary [0.11ms]
publish	Test and inspect the package	2026-10-05T10:19:02.6019400Z (pass) active card with an action row closes the tree [0.34ms]
publish	Test and inspect the package	2026-10-05T10:19:02.6035430Z (pass) v0.38.104: objective truncation never splits a surrogate pair [0.48ms]
publish	Test and inspect the package	2026-10-05T10:19:02.6036171Z (pass) v0.38.105: recovery banner shows the loop target for loop-only state [0.22ms]
publish	Test and inspect the package	2026-10-05T10:19:02.6036832Z (pass) v0.38.105: loop surfaces show the cadence countdown during the gap [0.48ms]
publish	Test and inspect the package	2026-10-05T10:19:02.6037498Z (pass) v0.38.105: no countdown once the gap elapsed or cadence unset [0.15ms]
publish	Test and inspect the package	2026-10-05T10:19:02.6038134Z (pass) v0.38.105: recovery selector preserves goal and list precedence [0.11ms]
publish	Test and inspect the package	2026-10-05T10:19:02.6038470Z
publish	Test and inspect the package	2026-10-05T10:19:02.6038869Z ##[endgroup]
publish	Test and inspect the package	2026-10-05T10:19:02.6039123Z
publish	Test and inspect the package	2026-10-05T10:19:02.6039623Z ##[group]tests/durable-defer-production-ui.test.ts:
publish	Test and inspect the package	2026-10-05T10:19:02.8691801Z (pass) production record_goal_judgment persists facts and refreshUI renders durable first [31.67ms]
publish	Test and inspect the package	2026-10-05T10:19:02.8692347Z
publish	Test and inspect the package	2026-10-05T10:19:02.8692689Z ##[endgroup]
publish	Test and inspect the package	2026-10-05T10:19:02.8696033Z
publish	Test and inspect the package	2026-10-05T10:19:02.8696449Z ##[group]tests/stale-self-heal.test.ts:
publish	Test and inspect the package	2026-10-05T10:19:03.1264719Z (pass) v0.34.62 — debounce + self-heal wiring (source guards) [8.52ms]
publish	Test and inspect the package	2026-10-05T10:19:03.3069803Z (pass) v0.34.62 — ONE heartbeat probe failure must NOT park a live session [179.03ms]
publish	Test and inspect the package	2026-10-05T10:19:03.6935953Z (pass) v0.34.62 — debounced park, then a same-session command self-heals (autoResume resumes the goal) [385.13ms]
publish	Test and inspect the package	2026-10-05T10:19:03.9124206Z (pass) v0.34.62 — a genuinely dead handle stays parked (no heal) [213.51ms]
publish	Test and inspect the package	2026-10-05T10:19:04.5585810Z (pass) v0.35.12 — a healthy context cannot revive a stale ExtensionAPI [643.09ms]
publish	Test and inspect the package	2026-10-05T10:19:04.7406297Z (pass) v0.34.62 — a DIFFERENT session's command is not self-healed (successor absorption owns that path) [186.93ms]
publish	Test and inspect the package	2026-10-05T10:19:04.7605354Z (pass) v0.34.62 — the rebind window (session_shutdown) still refuses a same-session heal [15.30ms]
publish	Test and inspect the package	2026-10-05T10:19:04.7885687Z (pass) v0.34.62 — a stale-stopped loop stays held after a heal (user resumes explicitly) [26.55ms]
publish	Test and inspect the package	2026-10-05T10:19:04.7926755Z
publish	Test and inspect the package	2026-10-05T10:19:04.7927744Z ##[endgroup]
publish	Test and inspect the package	2026-10-05T10:19:04.7927989Z
publish	Test and inspect the package	2026-10-05T10:19:04.7928446Z ##[group]tests/prompt-layers.test.ts:
publish	Test and inspect the package	2026-10-05T10:19:05.0331290Z (pass) full assembly of goal-loop-continuation.md is byte-identical to source minus markers [1.53ms]
publish	Test and inspect the package	2026-10-05T10:19:05.0344296Z (pass) full assembly of goal-loop-forever.md is byte-identical to source minus markers [0.31ms]
publish	Test and inspect the package	2026-10-05T10:19:05.0346348Z (pass) full assembly of goal-loop-forever-metricless.md is byte-identical to source minus markers [0.27ms]
publish	Test and inspect the package	2026-10-05T10:19:05.0348033Z (pass) full assembly of goal-loop-draft.md is byte-identical to source minus markers [0.42ms]
publish	Test and inspect the package	2026-10-05T10:19:05.0471321Z (pass) full assembly of goal-loop-forever-draft.md is byte-identical to source minus markers [12.58ms]
publish	Test and inspect the package	2026-10-05T10:19:05.0474600Z (pass) full assembly of goal-loop-plan.md is byte-identical to source minus markers [0.46ms]
publish	Test and inspect the package	2026-10-05T10:19:05.0476922Z (pass) full assembly of goal-loop-plan-loop.md is byte-identical to source minus markers [0.22ms]
publish	Test and inspect the package	2026-10-05T10:19:05.0485700Z (pass) continuation declares exactly the three conditional details [0.46ms]
publish	Test and inspect the package	2026-10-05T10:19:05.0494029Z (pass) the other six prompts are skeleton-only (whole file is the skeleton) [1.19ms]
publish	Test and inspect the package	2026-10-05T10:19:05.0502360Z (pass) missing prompt file fails loudly, never lean [0.88ms]
publish	Test and inspect the package	2026-10-05T10:19:05.0506596Z (pass) unknown detail id fails loudly [0.43ms]
publish	Test and inspect the package	2026-10-05T10:19:05.0509797Z (pass) parser defects fail loudly [0.32ms]
publish	Test and inspect the package	2026-10-05T10:19:05.0517773Z (pass) assembly order is file order regardless of request order (same every turn) [0.75ms]
publish	Test and inspect the package	2026-10-05T10:19:05.0536094Z (pass) normal-turn render omits all three details; token cost lower by the deferred bodies [1.80ms]
publish	Test and inspect the package	2026-10-05T10:19:05.0552069Z (pass) survey-pivot delta is EXACTLY the deferred body (equal-length objectives) [1.58ms]
publish	Test and inspect the package	2026-10-05T10:19:05.0566466Z (pass) session-restart delta is EXACTLY the deferred body (opts flag only) [1.43ms]
publish	Test and inspect the package	2026-10-05T10:19:05.0585607Z (pass) autoResumedAt goals get the restart detail without opts [0.92ms]
publish	Test and inspect the package	2026-10-05T10:19:05.0591937Z (pass) live disapproval loads the auditor playbook detail [1.61ms]
publish	Test and inspect the package	2026-10-05T10:19:05.0592879Z (pass) padRight helper keeps fixture objectives length-neutral [0.09ms]
publish	Test and inspect the package	2026-10-05T10:19:05.0596238Z (pass) v0.38.104 the leading `//` author comment is stripped at assembly [0.32ms]
publish	Test and inspect the package	2026-10-05T10:19:05.0597204Z (pass) v0.38.104 a `//` line in the BODY is never stripped [0.07ms]
publish	Test and inspect the package	2026-10-05T10:19:05.0597613Z
publish	Test and inspect the package	2026-10-05T10:19:05.0598110Z ##[endgroup]
publish	Test and inspect the package	2026-10-05T10:19:05.0601714Z
publish	Test and inspect the package	2026-10-05T10:19:05.0602163Z ##[group]tests/resume-goal-tool.test.ts:
publish	Test and inspect the package	2026-10-05T10:19:05.4663119Z (pass) resume_goal reactivates a paused goal and clears every pause marker [166.48ms]
publish	Test and inspect the package	2026-10-05T10:19:05.7883093Z (pass) resume_goal on an already-active goal answers instead of churning state [321.93ms]
publish	Test and inspect the package	2026-10-05T10:19:05.9326461Z (pass) resume_goal with no goal answers instead of swallowing the verb [144.36ms]
publish	Test and inspect the package	2026-10-05T10:19:06.0871340Z (pass) a held-on-restore loop does not block resume_goal (only a LIVE loop does) [152.82ms]
publish	Test and inspect the package	2026-10-05T10:19:06.3927531Z (pass) resume_goal refuses while the supervisor is frozen [306.59ms]
publish	Test and inspect the package	2026-10-05T10:19:06.7175079Z (pass) resume_goal probes pending main-model recovery inline instead of bouncing (124544) [324.71ms]
publish	Test and inspect the package	2026-10-05T10:19:06.8464845Z (pass) resume_goal refuses a terminal goal with the real recovery path [129.55ms]
publish	Test and inspect the package	2026-10-05T10:19:06.8468304Z (pass) resume_goal keeps its live-loop refusal (source-pinned defense-in-depth) [0.48ms]
publish	Test and inspect the package	2026-10-05T10:19:08.3343084Z (pass) paused → resume_goal → complete_goal flows without a manual resume [1487.32ms]
publish	Test and inspect the package	2026-10-05T10:19:09.5516892Z (pass) resume_goal re-fires a stored completion claim through the agent origin [1217.32ms]
publish	Test and inspect the package	2026-10-05T10:19:09.5517771Z
publish	Test and inspect the package	2026-10-05T10:19:09.5518348Z ##[endgroup]
publish	Test and inspect the package	2026-10-05T10:19:09.5519986Z
publish	Test and inspect the package	2026-10-05T10:19:09.5520930Z ##[group]tests/list-audit.test.ts:
publish	Test and inspect the package	2026-10-05T10:19:09.8135496Z (pass) parseAuditFindingsForFanout: open boxes actionable, [?] boxes decisions, checked boxes ignored [8.10ms]
publish	Test and inspect the package	2026-10-05T10:19:09.8137231Z (pass) parseAuditFindingsForFanout: tolerates the /loop audit format (no FIX: prefix) [0.14ms]
publish	Test and inspect the package	2026-10-05T10:19:09.8138623Z (pass) parseAuditFindingsForFanout: accepts aligned open checkbox spacing [0.11ms]
publish	Test and inspect the package	2026-10-05T10:19:09.8139936Z (pass) parseAuditFindingsForFanout: empty / missing content yields nothing [0.06ms]
publish	Test and inspect the package	2026-10-05T10:19:09.8141229Z (pass) listAuditFanoutItemText: checkable Done when tied to the findings file [0.25ms]
publish	Test and inspect the package	2026-10-05T10:19:09.8142948Z (pass) listAuditCollectTarget: collect-only — marker, no-fix law, honest-empty law, Done when [0.25ms]
publish	Test and inspect the package	2026-10-05T10:19:09.8144434Z (pass) /list audit route: builds the collect target and enqueues it [0.22ms]
publish	Test and inspect the package	2026-10-05T10:19:09.8149434Z (pass) completion fan-out: collect items fan out + suppress the list-complete noise [0.94ms]
publish	Test and inspect the package	2026-10-05T10:19:09.8164191Z (pass) fan-out: canonical dedupe, cap accounting, optional auto-accept, and decline keeps findings open [1.41ms]
publish	Test and inspect the package	2026-10-05T10:19:09.8168707Z (pass) fan-out dedupe round-trip: stored form matches, prefix collisions do not [0.33ms]
publish	Test and inspect the package	2026-10-05T10:19:09.8171673Z (pass) help surface: /list audit appears in the command description + completions [0.45ms]
publish	Test and inspect the package	2026-10-05T10:19:09.8175167Z (pass) markers: the built targets still contain what the guards match on [0.33ms]
publish	Test and inspect the package	2026-10-05T10:19:09.8177107Z (pass) /loop audit warns when a one-shot audit goal exists (paused or active) [0.23ms]
publish	Test and inspect the package	2026-10-05T10:19:09.8179013Z (pass) /goal audit + /list audit warn when an audit loop is already running [0.20ms]
publish	Test and inspect the package	2026-10-05T10:19:09.8186979Z (pass) restore-hold names the supersession in the widget surface [0.77ms]
publish	Test and inspect the package	2026-10-05T10:19:09.8188312Z (pass) v0.33.3: one-shot audit raises DECIDE findings as questions before completing [0.10ms]
publish	Test and inspect the package	2026-10-05T10:19:09.8188732Z
publish	Test and inspect the package	2026-10-05T10:19:09.8189062Z ##[endgroup]
publish	Test and inspect the package	2026-10-05T10:19:09.8192584Z
publish	Test and inspect the package	2026-10-05T10:19:09.8193304Z ##[group]tests/recovery-status-format.test.ts:
publish	Test and inspect the package	2026-10-05T10:19:10.0611689Z (pass) trajectory: attempts and failing-since render when present [0.68ms]
publish	Test and inspect the package	2026-10-05T10:19:10.0614660Z (pass) trajectory: absent counters render no row [0.11ms]
publish	Test and inspect the package	2026-10-05T10:19:10.0615694Z (pass) cause: deterministic class is named, transients stay unlabeled [0.15ms]
publish	Test and inspect the package	2026-10-05T10:19:10.0616652Z (pass) existing rows keep their shape [0.11ms]
publish	Test and inspect the package	2026-10-05T10:19:10.0617030Z
publish	Test and inspect the package	2026-10-05T10:19:10.0617555Z ##[endgroup]
publish	Test and inspect the package	2026-10-05T10:19:10.0617785Z
publish	Test and inspect the package	2026-10-05T10:19:10.0618256Z ##[group]tests/failover-primary-probe.test.ts:
publish	Test and inspect the package	2026-10-05T10:19:10.3246716Z (pass) failover stamps the primary reset while fallback-chain work proceeds [3.47ms]
publish	Test and inspect the package	2026-10-05T10:19:10.3254961Z (pass) hintless primary failure stamps no reset [1.06ms]
publish	Test and inspect the package	2026-10-05T10:19:10.3267709Z (pass) background primary probe fires at reset, not on the generic cadence [1.25ms]
publish	Test and inspect the package	2026-10-05T10:19:10.3273163Z (pass) no reset keeps the generic probe cadence [0.57ms]
publish	Test and inspect the package	2026-10-05T10:19:10.3273836Z
publish	Test and inspect the package	2026-10-05T10:19:10.3274333Z ##[endgroup]
publish	Test and inspect the package	2026-10-05T10:19:10.3278140Z
publish	Test and inspect the package	2026-10-05T10:19:10.3278786Z ##[group]tests/load-wait-bound.test.ts:
publish	Test and inspect the package	2026-10-05T10:19:10.7360875Z (pass) 153404: a 4.5h load wait is clamped to the hourly horizon with a re-check notice [163.62ms]
publish	Test and inspect the package	2026-10-05T10:19:10.8834612Z (pass) 153404: a short wait inside the horizon is stored as requested [147.10ms]
publish	Test and inspect the package	2026-10-05T10:19:10.8844288Z
publish	Test and inspect the package	2026-10-05T10:19:10.8844894Z ##[endgroup]
publish	Test and inspect the package	2026-10-05T10:19:10.8845493Z
publish	Test and inspect the package	2026-10-05T10:19:10.8846154Z ##[group]tests/session-rpc-rebind.test.ts:
publish	Test and inspect the package	2026-10-05T10:19:11.3104792Z (pass) S6: a claim-raised session generation re-binds the subagent RPC host [162.38ms]
publish	Test and inspect the package	2026-10-05T10:19:11.3105501Z
publish	Test and inspect the package	2026-10-05T10:19:11.3106002Z ##[endgroup]
publish	Test and inspect the package	2026-10-05T10:19:11.3108254Z
publish	Test and inspect the package	2026-10-05T10:19:11.3108757Z ##[group]tests/quota-retry.test.ts:
publish	Test and inspect the package	2026-10-05T10:19:11.5644451Z (pass) structured HTTP status is normalized before provider classification [14.65ms]
publish	Test and inspect the package	2026-10-05T10:19:11.5647395Z (pass) provider-wall copy separates safe display/action text from durable diagnostics [0.44ms]
publish	Test and inspect the package	2026-10-05T10:19:11.5649357Z (pass) non-sensitive provider text projects a bounded display while staying redaction-capable [0.22ms]
publish	Test and inspect the package	2026-10-05T10:19:11.5651178Z (pass) bare 403 provider payloads are sensitive diagnostics, not raw display copy [0.20ms]
publish	Test and inspect the package	2026-10-05T10:19:11.5657653Z (pass) full auditor reports redact raw provider payload lines while preserving safe findings [0.59ms]
publish	Test and inspect the package	2026-10-05T10:19:11.5659540Z (pass) multiline provider markers redact the following arbitrary JSON payload [0.19ms]
publish	Test and inspect the package	2026-10-05T10:19:11.5664703Z (pass) audit history projections sanitize provider diagnostics [0.52ms]
publish	Test and inspect the package	2026-10-05T10:19:11.5668703Z (pass) scheduleQuotaRetry deduplicates one notice key within an episode [0.38ms]
publish	Test and inspect the package	2026-10-05T10:19:11.5670500Z (pass) parseQuotaError: 429 with Retry-After: 5 → retryAfterSec 5 (item 12 test 1) [0.12ms]
publish	Test and inspect the package	2026-10-05T10:19:11.5671957Z (pass) parseQuotaError: 429 without hint → default 3600 (item 12 test 2) [0.10ms]
publish	Test and inspect the package	2026-10-05T10:19:11.5676438Z (pass) parseQuotaError: prose hints (retry in 2m / retry after 30 seconds) [0.12ms]
publish	Test and inspect the package	2026-10-05T10:19:11.5678328Z (pass) v0.34.125: temporary-window prose is honored — no give-up until the bigger reset [0.61ms]
publish	Test and inspect the package	2026-10-05T10:19:11.5680180Z (pass) v0.34.125: 'temporarily over quota' is a retryable rate-limit, plain 'temporarily unavailable' stays ambiguous [0.17ms]
publish	Test and inspect the package	2026-10-05T10:19:11.5681075Z (pass) quota classification stays conservative around ambiguous provider errors [0.10ms]
publish	Test and inspect the package	2026-10-05T10:19:11.5682370Z (pass) every explicit 429/rate-limit marker stays a retryable request-rate wall [0.07ms]
publish	Test and inspect the package	2026-10-05T10:19:11.5685724Z (pass) plan wording without a 429 remains distinct, while 429 Token Plan text is rate-limit [0.09ms]
publish	Test and inspect the package	2026-10-05T10:19:11.5687436Z (pass) parseQuotaError: JSON reset fields and HTTP-date reset are understood [0.13ms]
publish	Test and inspect the package	2026-10-05T10:19:11.5688962Z (pass) parseQuotaError: digit-leading Retry-After ISO date is not truncated as seconds [0.10ms]
publish	Test and inspect the package	2026-10-05T10:19:11.5690032Z (pass) quota retry cadence caps at five hours instead of retrying for a week [0.12ms]
publish	Test and inspect the package	2026-10-05T10:19:11.5690725Z (pass) isQuotaError: wild-caught shapes [0.06ms]
publish	Test and inspect the package	2026-10-05T10:19:12.8698068Z (pass) scheduleQuotaRetry: fires the callback after the window (item 12 test 3 core) [1300.71ms]
publish	Test and inspect the package	2026-10-05T10:19:14.1705960Z (pass) cancelQuotaRetry: a pending retry does not fire (item 12 test 4 core) [1300.84ms]
publish	Test and inspect the package	2026-10-05T10:19:14.1708799Z (pass) selectQuotaWaitReroute: reason wording wins with its parsed hint [0.42ms]
publish	Test and inspect the package	2026-10-05T10:19:14.1711135Z (pass) selectQuotaWaitReroute: absolute reset survives only while future [0.18ms]
publish	Test and inspect the package	2026-10-05T10:19:14.1712945Z (pass) selectQuotaWaitReroute: fresh evidence supplies the cause; stale never does [0.23ms]
publish	Test and inspect the package	2026-10-05T10:19:14.1715226Z (pass) subagentQuotaEvidenceFrom: quota payloads become evidence, plain errors do not [0.19ms]
publish	Test and inspect the package	2026-10-05T10:19:14.1716093Z
publish	Test and inspect the package	2026-10-05T10:19:14.1716576Z ##[endgroup]
publish	Test and inspect the package	2026-10-05T10:19:14.1721134Z
publish	Test and inspect the package	2026-10-05T10:19:14.1721726Z ##[group]tests/process-registration-faults.test.ts:
publish	Test and inspect the package	2026-10-05T10:19:14.4859794Z (pass) process registration first-write failure is visible and stops the owned child [69.65ms]
publish	Test and inspect the package	2026-10-05T10:19:14.5346497Z (pass) process registration rename failure is visible and stops the owned child [48.66ms]
publish	Test and inspect the package	2026-10-05T10:19:15.3803781Z (pass) process registration owner-loss failure is visible and stops the owned child [845.70ms]
publish	Test and inspect the package	2026-10-05T10:19:16.2274624Z (pass) process registration refresh failure is visible and stops the owned child [847.10ms]
publish	Test and inspect the package	2026-10-05T10:19:16.3988617Z (pass) process registration primary-loss failure is visible and stops the owned child [171.40ms]
publish	Test and inspect the package	2026-10-05T10:19:16.4465045Z (pass) process registration obligation-write failure is visible and stops the owned child [47.58ms]
publish	Test and inspect the package	2026-10-05T10:19:16.6166261Z (pass) process registration obligation-owner-loss failure is visible and stops the owned child [170.12ms]
publish	Test and inspect the package	2026-10-05T10:19:16.6656428Z (pass) process registration initial-owner-loss failure is visible and stops the owned child [49.01ms]
publish	Test and inspect the package	2026-10-05T10:19:16.7141839Z (pass) process registration stat-denied failure is visible and stops the owned child [48.54ms]
publish	Test and inspect the package	2026-10-05T10:19:16.7625978Z (pass) process registration stat-malformed failure is visible and stops the owned child [48.34ms]
publish	Test and inspect the package	2026-10-05T10:19:16.8087312Z (pass) process registration stat-missing failure is visible and stops the owned child [46.16ms]
publish	Test and inspect the package	2026-10-05T10:19:16.8665387Z (pass) proven already-exited child retires its declaration without a cleanup failure [57.77ms]
publish	Test and inspect the package	2026-10-05T10:19:16.9246743Z (pass) proven proc-disappeared child retires its declaration without a cleanup failure [58.12ms]
publish	Test and inspect the package	2026-10-05T10:19:16.9667434Z (pass) proven suite-group child retires its declaration without a cleanup failure [42.14ms]
publish	Test and inspect the package	2026-10-05T10:19:16.9668103Z
publish	Test and inspect the package	2026-10-05T10:19:16.9668562Z ##[endgroup]
publish	Test and inspect the package	2026-10-05T10:19:16.9671750Z
publish	Test and inspect the package	2026-10-05T10:19:16.9672274Z ##[group]tests/seed-sufficiency.test.ts:
publish	Test and inspect the package	2026-10-05T10:19:17.2052968Z (pass) rich seed alone is sufficient with no session context [1.34ms]
publish	Test and inspect the package	2026-10-05T10:19:17.2054308Z (pass) thin seed with no context still drafts [0.76ms]
publish	Test and inspect the package	2026-10-05T10:19:17.2055214Z (pass) thin seed plus rich related context is sufficient [0.48ms]
publish	Test and inspect the package	2026-10-05T10:19:17.2059127Z (pass) thin seed plus unrelated context still drafts [0.17ms]
publish	Test and inspect the package	2026-10-05T10:19:17.2060047Z (pass) assistant monologue never supplies the missing detail [0.10ms]
publish	Test and inspect the package	2026-10-05T10:19:17.2060979Z (pass) question-only, vague, and chatter seeds still draft [0.22ms]
publish	Test and inspect the package	2026-10-05T10:19:17.2062924Z (pass) multi-task seed still drafts so scope is confirmed first [0.09ms]
publish	Test and inspect the package	2026-10-05T10:19:17.2064284Z (pass) slash commands and overlong seeds fail closed to drafting [0.06ms]
publish	Test and inspect the package	2026-10-05T10:19:17.2065296Z (pass) unreadable session context fails closed without throwing [0.30ms]
publish	Test and inspect the package	2026-10-05T10:19:17.2066256Z (pass) countDetailAnchors counts distinct evidence classes, not repeats [0.09ms]
publish	Test and inspect the package	2026-10-05T10:19:17.2066868Z (pass) cmdSet consults the sufficiency gate before drafting [0.45ms]
publish	Test and inspect the package	2026-10-05T10:19:17.2215392Z (pass) seeded grill message promises a dynamic-length interview [15.03ms]
publish	Test and inspect the package	2026-10-05T10:19:17.2216179Z
publish	Test and inspect the package	2026-10-05T10:19:17.2216766Z ##[endgroup]
publish	Test and inspect the package	2026-10-05T10:19:17.2218868Z
publish	Test and inspect the package	2026-10-05T10:19:17.2220440Z ##[group]tests/goal-route.test.ts:
publish	Test and inspect the package	2026-10-05T10:19:17.4568678Z (pass) empty args → draft [0.26ms]
publish	Test and inspect the package	2026-10-05T10:19:17.4575100Z (pass) exact subcommands route [0.12ms]
publish	Test and inspect the package	2026-10-05T10:19:17.4576266Z (pass) subcommands are case-insensitive [0.05ms]
publish	Test and inspect the package	2026-10-05T10:19:17.4577093Z (pass) tweak takes args [0.04ms]
publish	Test and inspect the package	2026-10-05T10:19:17.4577809Z (pass) archive routes with or without args [0.03ms]
publish	Test and inspect the package	2026-10-05T10:19:17.4578660Z (pass) CRITICAL: objective starting with 'pause' is a goal, not a subcommand [0.04ms]
publish	Test and inspect the package	2026-10-05T10:19:17.4579821Z (pass) CRITICAL: objective starting with 'status' is a goal [0.03ms]
publish	Test and inspect the package	2026-10-05T10:19:17.4580634Z (pass) objective starting with 'cancel' is a goal [0.03ms]
publish	Test and inspect the package	2026-10-05T10:19:17.4581269Z (pass) plain objectives set [0.03ms]
publish	Test and inspect the package	2026-10-05T10:19:17.4582025Z (pass) quoted objectives set (quote stripping happens downstream) [0.03ms]
publish	Test and inspect the package	2026-10-05T10:19:17.4582963Z (pass) goalArgsNeedDrafting: vague objective needs drafting [0.13ms]
publish	Test and inspect the package	2026-10-05T10:19:17.4584147Z (pass) goalArgsNeedDrafting: explicit contract activates instantly [0.04ms]
publish	Test and inspect the package	2026-10-05T10:19:17.4585139Z (pass) goalArgsNeedDrafting: empty is the no-args drafting path [0.03ms]
publish	Test and inspect the package	2026-10-05T10:19:17.4585910Z (pass) buildSeedGrillMessage: seed + tool + gate notice + grilling protocol [0.43ms]
publish	Test and inspect the package	2026-10-05T10:19:17.4589944Z (pass) draftProposalBlock: 0 replies → block with instructions, ≥1 → null [0.16ms]
publish	Test and inspect the package	2026-10-05T10:19:17.4591327Z (pass) draftProposalBlock: escape hatch after 3 blocked proposals (v0.15.1) [0.13ms]
publish	Test and inspect the package	2026-10-05T10:19:17.4592484Z (pass) askUserQuestionAnswered: answered dialog counts, cancel/esc does not (v0.15.1) [0.14ms]
publish	Test and inspect the package	2026-10-05T10:19:17.4593215Z (pass) /goal start routes as a subcommand with the objective as rest (v0.16.0) [0.08ms]
publish	Test and inspect the package	2026-10-05T10:19:17.4594333Z (pass) normalizeDraftContract: drops bare 'Done when:' introducer lines [0.13ms]
publish	Test and inspect the package	2026-10-05T10:19:17.4595062Z (pass) normalizeDraftContract: drops 'Done when ALL of the following are true:' preamble [0.06ms]
publish	Test and inspect the package	2026-10-05T10:19:17.4595801Z (pass) normalizeDraftContract: strips glued 'Done when: ' prefix on content line [0.04ms]
publish	Test and inspect the package	2026-10-05T10:19:17.4596546Z (pass) normalizeDraftContract: renumbers mixed bullets and existing numbers sequentially [0.10ms]
publish	Test and inspect the package	2026-10-05T10:19:17.4597275Z (pass) normalizeDraftContract: prose lines pass through untouched [0.05ms]
publish	Test and inspect the package	2026-10-05T10:19:17.4597881Z (pass) draftContractItemCount counts numbered items only [0.09ms]
publish	Test and inspect the package	2026-10-05T10:19:17.4598502Z (pass) classifySessionCtx: no owner yet → claim [0.04ms]
publish	Test and inspect the package	2026-10-05T10:19:17.4599152Z (pass) classifySessionCtx: owner stale → claim (session replaced via /new) [0.07ms]
publish	Test and inspect the package	2026-10-05T10:19:17.4599901Z (pass) classifySessionCtx: same sessionManager → refresh (main session event) [0.06ms]
publish	Test and inspect the package	2026-10-05T10:19:17.4600679Z (pass) classifySessionCtx: different sessionManager → foreign (subagent session) [0.06ms]
publish	Test and inspect the package	2026-10-05T10:19:17.4601049Z
publish	Test and inspect the package	2026-10-05T10:19:17.4601367Z ##[endgroup]
publish	Test and inspect the package	2026-10-05T10:19:17.4745000Z
publish	Test and inspect the package	2026-10-05T10:19:17.4746268Z ##[group]tests/draft-staging.test.ts:
publish	Test and inspect the package	2026-10-05T10:19:17.8109938Z (pass) v0.38.53: proposal stages stale and interview gates before Confirm [0.47ms]
publish	Test and inspect the package	2026-10-05T10:19:17.8111586Z (pass) v0.38.53: list batch conflict handling follows confirmation and precedes enqueue [0.15ms]
publish	Test and inspect the package	2026-10-05T10:19:17.8113082Z (pass) v0.38.53: single list confirmation precedes post-confirm conflict handling [0.13ms]
publish	Test and inspect the package	2026-10-05T10:19:17.8114466Z (pass) v0.38.53: prompt construction precedes the drafting gate, then model lease and steering [0.10ms]
publish	Test and inspect the package	2026-10-05T10:19:17.8115015Z
publish	Test and inspect the package	2026-10-05T10:19:17.8115390Z ##[endgroup]
publish	Test and inspect the package	2026-10-05T10:19:17.8116583Z
publish	Test and inspect the package	2026-10-05T10:19:17.8117089Z ##[group]tests/policy-self-heal.test.ts:
publish	Test and inspect the package	2026-10-05T10:19:18.0662519Z (pass) parseGoalPolicyFromMd reads the durable marker, undefined when absent [2.09ms]
publish	Test and inspect the package	2026-10-05T10:19:18.0670696Z (pass) healCorruptedGoalPolicy repairs a corrupted policy from the durable .md and ledgers it [0.92ms]
publish	Test and inspect the package	2026-10-05T10:19:18.0674502Z (pass) healCorruptedGoalPolicy leaves healthy policies and null goals untouched [0.38ms]
publish	Test and inspect the package	2026-10-05T10:19:18.0680778Z (pass) healCorruptedGoalPolicy with no durable source records heal_failed and does not fake a mode [0.61ms]
publish	Test and inspect the package	2026-10-05T10:19:18.0695973Z (pass) healed state persists — the next readState sees the fixed policy (no restart needed) [1.43ms]
publish	Test and inspect the package	2026-10-05T10:19:18.2513849Z (pass) bug 1.7: /list pause with a corrupted in-memory policy heals at the gate instead of refusing [178.33ms]
publish	Test and inspect the package	2026-10-05T10:19:18.4445356Z (pass) bug 1.7: /goal pause with a corrupted in-memory policy heals to goal and proceeds [195.13ms]
publish	Test and inspect the package	2026-10-05T10:19:18.6058067Z (pass) S10: unhealable corruption names the true cause instead of failing over to a misleading refusal [162.50ms]
publish	Test and inspect the package	2026-10-05T10:19:18.6078403Z
publish	Test and inspect the package	2026-10-05T10:19:18.6079161Z ##[endgroup]
publish	Test and inspect the package	2026-10-05T10:19:18.6079589Z
publish	Test and inspect the package	2026-10-05T10:19:18.6080230Z ##[group]tests/auditor-fallback-thinking.test.ts:
publish	Test and inspect the package	2026-10-05T10:19:18.8862516Z (pass) non-empty fallback save is followed by the auditor thinking select [20.22ms]
publish	Test and inspect the package	2026-10-05T10:19:18.8879770Z (pass) typing the session model into the fallback input names the slot-0 exclusion [1.80ms]
publish	Test and inspect the package	2026-10-05T10:19:18.8892743Z (pass) clearing the fallback chain skips the thinking prompt [1.38ms]
publish	Test and inspect the package	2026-10-05T10:19:18.8893351Z
publish	Test and inspect the package	2026-10-05T10:19:18.8893867Z ##[endgroup]
publish	Test and inspect the package	2026-10-05T10:19:18.8896630Z
publish	Test and inspect the package	2026-10-05T10:19:18.8897188Z ##[group]tests/task-atomicity-gate.test.ts:
publish	Test and inspect the package	2026-10-05T10:19:19.1340729Z (pass) batch validation accepts a well-formed multi-update batch [0.67ms]
publish	Test and inspect the package	2026-10-05T10:19:19.1341596Z (pass) batch validation rejects unknown ids naming the offender [0.23ms]
publish	Test and inspect the package	2026-10-05T10:19:19.1342689Z (pass) batch validation rejects duplicate ids and empty batches [0.12ms]
publish	Test and inspect the package	2026-10-05T10:19:19.1343889Z (pass) batch apply copies: the input list object is never mutated [0.23ms]
publish	Test and inspect the package	2026-10-05T10:19:19.1344767Z (pass) withTaskStatus replaces one status on a copy [0.71ms]
publish	Test and inspect the package	2026-10-05T10:19:19.1477448Z (pass) open-task collection skips complete and deferred tasks, keeps BFS order [13.49ms]
publish	Test and inspect the package	2026-10-05T10:19:19.1479224Z (pass) refusal text names every open task with id, title, and status [0.38ms]
publish	Test and inspect the package	2026-10-05T10:19:19.1710306Z (pass) batch tool applies several updates in one write and reports them [22.93ms]
publish	Test and inspect the package	2026-10-05T10:19:19.1841867Z (pass) batch tool rejects an unknown id with state byte-identical [11.91ms]
publish	Test and inspect the package	2026-10-05T10:19:19.2497357Z (pass) batch milestone failure leaves the whole batch unapplied (mid-batch kill) [66.61ms]
publish	Test and inspect the package	2026-10-05T10:19:19.2516350Z (pass) milestone failure text: a failed gate names the red command [0.19ms]
publish	Test and inspect the package	2026-10-05T10:19:19.2531589Z (pass) milestone failure text: an inconclusive gate never claims FAILED [0.23ms]
publish	Test and inspect the package	2026-10-05T10:19:19.2703780Z (pass) single tools keep their pinned messages on the copy-swap path [19.95ms]
publish	Test and inspect the package	2026-10-05T10:19:19.2902863Z (pass) already-complete and same-status moves report state instead of not found [20.28ms]
publish	Test and inspect the package	2026-10-05T10:19:19.3517337Z (pass) deferred judgment with a real taskId stamps the exemption durably [59.83ms]
publish	Test and inspect the package	2026-10-05T10:19:19.3951572Z (pass) judgment with an unknown taskId records nothing [44.55ms]
publish	Test and inspect the package	2026-10-05T10:19:19.4507601Z (pass) inline judgment with a taskId is refused — no exemption by accident [53.73ms]
publish	Test and inspect the package	2026-10-05T10:19:19.5035631Z (pass) claim with open committed tasks is refused naming each one, auditor untouched [50.45ms]
publish	Test and inspect the package	2026-10-05T10:19:19.5895308Z (pass) claim passes the gate when open tasks are finished and the rest deferred [84.43ms]
publish	Test and inspect the package	2026-10-05T10:19:19.5914775Z (pass) zzz successor-plane reset (file hygiene, keep last) [0.06ms]
publish	Test and inspect the package	2026-10-05T10:19:19.5917667Z
publish	Test and inspect the package	2026-10-05T10:19:19.5918462Z ##[endgroup]
publish	Test and inspect the package	2026-10-05T10:19:19.5918914Z
publish	Test and inspect the package	2026-10-05T10:19:19.5919579Z ##[group]tests/context-growth-measurement.test.ts:
publish	Test and inspect the package	2026-10-05T10:19:19.8605367Z (pass) fixture: repeated real continuation payloads grow context linearly and are isolated [21.34ms]
publish	Test and inspect the package	2026-10-05T10:19:19.8675584Z (pass) reported checkpoint shape stays pinned across all probe sizes [7.16ms]
publish	Test and inspect the package	2026-10-05T10:19:19.8676904Z (pass) provider capture preserves exact pi-ai usage and rejects partial data [0.10ms]
publish	Test and inspect the package	2026-10-05T10:19:19.8688349Z (pass) measurement: failed turns and ordinary conversation remain separate from GLLA payload bytes [1.22ms]
publish	Test and inspect the package	2026-10-05T10:19:19.8689232Z
publish	Test and inspect the package	2026-10-05T10:19:19.8690022Z ##[endgroup]
publish	Test and inspect the package	2026-10-05T10:19:19.8693422Z
publish	Test and inspect the package	2026-10-05T10:19:19.8693981Z ##[group]tests/state-root-consumers.test.ts:
publish	Test and inspect the package	2026-10-05T10:19:20.1345437Z (pass) resolved consumers follow the selected root — dispatch, stats, audit findings [26.07ms]
publish	Test and inspect the package	2026-10-05T10:19:20.1355391Z (pass) pending sessionDir defers dispatch, reviewer, and audit writes — no cwd fallback tree [1.81ms]
publish	Test and inspect the package	2026-10-05T10:19:20.1381389Z (pass) workingDir fallback and PI_SESSION_FILE fallback behave correctly [0.59ms]
publish	Test and inspect the package	2026-10-05T10:19:20.1383792Z (pass) source pins: raw cwd/.pi-glla hardcodings are gone from consumers [1.15ms]
publish	Test and inspect the package	2026-10-05T10:19:20.1385181Z
publish	Test and inspect the package	2026-10-05T10:19:20.1390979Z ##[endgroup]
publish	Test and inspect the package	2026-10-05T10:19:20.1391596Z
publish	Test and inspect the package	2026-10-05T10:19:20.1392388Z ##[group]tests/pause-informativeness.test.ts:
publish	Test and inspect the package	2026-10-05T10:19:20.4386647Z (pass) wrap: short text stays one line; long text wraps at width; cap ellipsizes [19.43ms]
publish	Test and inspect the package	2026-10-05T10:19:20.4398366Z (pass) paused card wraps the reason over multiple lines instead of truncating at 60 [2.11ms]
publish	Test and inspect the package	2026-10-05T10:19:20.4422922Z (pass) paused card answers 'did I lose the work?' with a saved line [1.65ms]
publish	Test and inspect the package	2026-10-05T10:19:20.4424449Z (pass) paused card wraps the suggested action and closes the branch on its last line [0.55ms]
publish	Test and inspect the package	2026-10-05T10:19:20.4468943Z (pass) pause_goal tool notification carries the FULL reason AND suggested action [4.64ms]
publish	Test and inspect the package	2026-10-05T10:19:20.4596675Z (pass) pause_goal tool: structured kind/options/recommended/resumeAt persist to the goal (v0.28.22) [12.69ms]
publish	Test and inspect the package	2026-10-05T10:19:20.4606863Z (pass) pause_goal description: teaches the real command surface + no-id vocabulary (v0.28.24) [1.06ms]
publish	Test and inspect the package	2026-10-05T10:19:20.4616663Z (pass) late pause calls cannot overwrite a paused or auditing lifecycle [0.98ms]
publish	Test and inspect the package	2026-10-05T10:19:20.4659790Z (pass) v0.28.30: pause/abort notifies name the policy (List item vs Goal) via goalNoun [4.27ms]
publish	Test and inspect the package	2026-10-05T10:19:20.4724963Z (pass) v0.34.98: long-wait pause (> 6h) surfaces a tweak-prompt notification + ledger entry [6.51ms]
publish	Test and inspect the package	2026-10-05T10:19:20.4784442Z (pass) v0.34.98: short-wait pause (≤ 6h) does NOT trigger the tweak offer [5.90ms]
publish	Test and inspect the package	2026-10-05T10:19:20.4785128Z
publish	Test and inspect the package	2026-10-05T10:19:20.4785721Z ##[endgroup]
publish	Test and inspect the package	2026-10-05T10:19:20.4789685Z
publish	Test and inspect the package	2026-10-05T10:19:20.4790353Z ##[group]tests/start-context.test.ts:
publish	Test and inspect the package	2026-10-05T10:19:20.7727527Z (pass) bare-start inference accepts one clear current request [0.95ms]
publish	Test and inspect the package	2026-10-05T10:19:20.7734085Z (pass) bare-start inference ignores assistant text and generic acknowledgements [0.30ms]
publish	Test and inspect the package	2026-10-05T10:19:20.7738173Z (pass) bare-start inference deduplicates a repeated request [0.24ms]
publish	Test and inspect the package	2026-10-05T10:19:20.7739471Z (pass) bare-start inference fails closed for two distinct requests [0.42ms]
publish	Test and inspect the package	2026-10-05T10:19:20.7740849Z (pass) bare-start inference falls back for vague or command-only context [0.22ms]
publish	Test and inspect the package	2026-10-05T10:19:20.7742210Z (pass) bare-start inference marks a multi-task request ambiguous [0.10ms]
publish	Test and inspect the package	2026-10-05T10:19:20.7743402Z (pass) bare-start inference preserves multiline task boundaries [0.08ms]
publish	Test and inspect the package	2026-10-05T10:19:20.7744712Z (pass) session reader uses only a bounded active-branch tail [0.91ms]
publish	Test and inspect the package	2026-10-05T10:19:20.7895551Z (pass) session reader fails closed when the host branch cannot be read [15.58ms]
publish	Test and inspect the package	2026-10-05T10:19:20.7896939Z (pass) field 2026-09-16: chatter shapes divert, real objectives pass through [0.27ms]
publish	Test and inspect the package	2026-10-05T10:19:20.7901368Z (pass) field 2026-09-16: tweak chatter resolves to the discussed objective (VidPro replay) [0.35ms]
publish	Test and inspect the package	2026-10-05T10:19:20.7902969Z (pass) audit 2026-09-16: explicit compound tweak never substitutes an older request [0.09ms]
publish	Test and inspect the package	2026-10-05T10:19:20.7904899Z (pass) field 2026-09-16: tweak chatter with no discussed objective is unresolvable, never verbatim [0.13ms]
publish	Test and inspect the package	2026-10-05T10:19:20.7906190Z (pass) field 2026-09-16: tweak chatter over competing requests surfaces candidates [0.32ms]
publish	Test and inspect the package	2026-10-05T10:19:20.7906807Z
publish	Test and inspect the package	2026-10-05T10:19:20.7907273Z ##[endgroup]
publish	Test and inspect the package	2026-10-05T10:19:20.7910374Z
publish	Test and inspect the package	2026-10-05T10:19:20.7910742Z ##[group]tests/last-outcome-retention.test.ts:
publish	Test and inspect the package	2026-10-05T10:19:21.0298374Z (pass) v0.35.72: a legacy approved lastOutcome never repaints a completed row [0.29ms]
publish	Test and inspect the package	2026-10-05T10:19:21.0299689Z (pass) v0.35.72: a legacy aborted lastOutcome also stays hidden [0.09ms]
publish	Test and inspect the package	2026-10-05T10:19:21.0301216Z (pass) v0.35.72: a live goal remains the only rendered surface [0.57ms]
publish	Test and inspect the package	2026-10-05T10:19:21.0303023Z (pass) v0.35.72: source pins — slot close clears lastOutcome; wipe remains a clean slate [0.32ms]
publish	Test and inspect the package	2026-10-05T10:19:21.0479203Z (pass) v0.35.34: lastOutcome round-trips through persistStateLine → readState (durable across restarts) [18.25ms]
publish	Test and inspect the package	2026-10-05T10:19:21.0508548Z (pass) v0.35.34: corrupt lastOutcome lines degrade to absent, never throw [3.08ms]
publish	Test and inspect the package	2026-10-05T10:19:21.0508968Z
publish	Test and inspect the package	2026-10-05T10:19:21.0509300Z ##[endgroup]
publish	Test and inspect the package	2026-10-05T10:19:21.0512249Z
publish	Test and inspect the package	2026-10-05T10:19:21.0512679Z ##[group]tests/repro-jiti-state-split.test.mjs:
publish	Test and inspect the package	2026-10-05T10:19:21.3587741Z (pass) jiti: /list audit enqueues, persists the item, and ACTIVATES (state binding not split) [43.37ms]
publish	Test and inspect the package	2026-10-05T10:19:21.3589089Z
publish	Test and inspect the package	2026-10-05T10:19:21.3590584Z ##[endgroup]
publish	Test and inspect the package	2026-10-05T10:19:21.3591123Z
publish	Test and inspect the package	2026-10-05T10:19:21.3591841Z ##[group]tests/fresh-session-auto-recovery.test.ts:
publish	Test and inspect the package	2026-10-05T10:19:21.6801578Z (pass) attemptFreshSessionRecovery: helper checks the actual context capability, not ExtensionAPI [0.63ms]
publish	Test and inspect the package	2026-10-05T10:19:21.6811273Z (pass) attemptFreshSessionRecovery: returns false when the event context lacks newSession [0.14ms]
publish	Test and inspect the package	2026-10-05T10:19:21.6813377Z (pass) runtime: current event-shaped context skips because pi does not expose newSession there [0.73ms]
publish	Test and inspect the package	2026-10-05T10:19:21.6990122Z (pass) runtime: a future command-capable host context is actually invoked and ledgered [17.52ms]
publish	Test and inspect the package	2026-10-05T10:19:21.7001036Z (pass) runtime: rejected or callback-free async recovery fails closed [1.20ms]
publish	Test and inspect the package	2026-10-05T10:19:21.7054928Z (pass) every stale-ctx send site routes through attemptFreshSessionRecovery before falling back to goStaleTerminal [0.97ms]
publish	Test and inspect the package	2026-10-05T10:19:21.7056436Z (pass) stale display guidance names /new, not /reload, for the actual cached-ctx wedge [0.41ms]
publish	Test and inspect the package	2026-10-05T10:19:21.7057069Z
publish	Test and inspect the package	2026-10-05T10:19:21.7094487Z ##[endgroup]
publish	Test and inspect the package	2026-10-05T10:19:21.7143741Z
publish	Test and inspect the package	2026-10-05T10:19:21.7174303Z ##[group]tests/reviewer.test.ts:
publish	Test and inspect the package	2026-10-05T10:19:22.0329748Z (pass) fires on goal-complete + list-complete; NOT on aborted/paused [1.34ms]
publish	Test and inspect the package	2026-10-05T10:19:22.0466543Z (pass) leverage: bug/TODO findings enqueue to /list WITHOUT any Confirm (no proposeGoal) [13.58ms]
publish	Test and inspect the package	2026-10-05T10:19:22.0472819Z (pass) architectural findings are proposed as /goal (Confirm path) [0.80ms]
publish	Test and inspect the package	2026-10-05T10:19:22.0475721Z (pass) classification order: strategic > architectural > bug > refactor [0.10ms]
publish	Test and inspect the package	2026-10-05T10:19:22.0485845Z (pass) clean completion fires the audit step; strategic-only notifies [1.15ms]
publish	Test and inspect the package	2026-10-05T10:19:22.0490863Z (pass) runaway prevention: a reviewer fire in the last 5 minutes suppresses re-firing [0.39ms]
publish	Test and inspect the package	2026-10-05T10:19:22.0494987Z (pass) per-day cap: the 21st fire is suppressed with a ledger entry [0.46ms]
publish	Test and inspect the package	2026-10-05T10:19:22.0500010Z (pass) manual /review bypasses the trigger gates [0.50ms]
publish	Test and inspect the package	2026-10-05T10:19:22.0507398Z (pass) review report written to .pi-glla/reviews/<goal-id>-<timestamp>.md [0.69ms]
publish	Test and inspect the package	2026-10-05T10:19:22.0509600Z (pass) menu options reflect the config [0.26ms]
publish	Test and inspect the package	2026-10-05T10:19:22.0527062Z (pass) no /loop triggering: the loop stop path never calls runReviewer [1.68ms]
publish	Test and inspect the package	2026-10-05T10:19:22.0535235Z (pass) config block: partial project settings merge over defaults [0.14ms]
publish	Test and inspect the package	2026-10-05T10:19:22.0541096Z (pass) v0.28.16 duplicate-scan dedupe: completing a regression scan does NOT propose another scan (report-only) [1.14ms]
publish	Test and inspect the package	2026-10-05T10:19:22.0541870Z
publish	Test and inspect the package	2026-10-05T10:19:22.0542546Z ##[endgroup]
publish	Test and inspect the package	2026-10-05T10:19:22.0547187Z
publish	Test and inspect the package	2026-10-05T10:19:22.0548035Z ##[group]tests/drafting-handoff.test.ts:
publish	Test and inspect the package	2026-10-05T10:19:25.1434972Z (pass) draft-only handoff: a real question waits without an autonomous retry [2843.27ms]
publish	Test and inspect the package	2026-10-05T10:19:29.5065216Z [run-tests] progress: 90s elapsed · 4s since last output · 51 KiB of suite output
publish	Test and inspect the package	2026-10-05T10:19:30.7705758Z (pass) field screenshot: answered promise-only draft delivers exactly one corrective follow-up [5627.07ms]
publish	Test and inspect the package	2026-10-05T10:19:33.5941964Z (pass) cancelled or missing answer suppresses stale handoff evidence: {"cancelled":true,"answers":[]} [2823.53ms]
publish	Test and inspect the package	2026-10-05T10:19:36.4082694Z (pass) cancelled or missing answer suppresses stale handoff evidence: {} [2814.11ms]
publish	Test and inspect the package	2026-10-05T10:19:39.2222902Z (pass) cancelled or missing answer suppresses stale handoff evidence: {"cancelled":false,"answers":[]} [2814.04ms]
publish	Test and inspect the package	2026-10-05T10:19:42.0378494Z (pass) pending draft correction stands down on cancel [2815.54ms]
publish	Test and inspect the package	2026-10-05T10:19:44.8508664Z (pass) pending draft correction stands down on user [2812.97ms]
publish	Test and inspect the package	2026-10-05T10:19:47.6738359Z (pass) pending draft correction stands down on busy [2822.98ms]
publish	Test and inspect the package	2026-10-05T10:19:50.4872108Z (pass) pending draft correction stands down on pending [2813.34ms]
publish	Test and inspect the package	2026-10-05T10:19:53.3011031Z (pass) pending draft correction stands down on shutdown [2813.82ms]
publish	Test and inspect the package	2026-10-05T10:19:56.1147249Z (pass) pending draft correction stands down on new-draft [2813.58ms]
publish	Test and inspect the package	2026-10-05T10:19:56.1148053Z
publish	Test and inspect the package	2026-10-05T10:19:56.1148935Z ##[endgroup]
publish	Test and inspect the package	2026-10-05T10:19:56.1150673Z
publish	Test and inspect the package	2026-10-05T10:19:56.1151215Z ##[group]tests/completed-audit-recovery.test.ts:
publish	Test and inspect the package	2026-10-05T10:19:56.5445478Z (pass) legacy parked claim without phase consumes saved approved on the first restore [182.58ms]
publish	Test and inspect the package	2026-10-05T10:19:56.7492917Z (pass) legacy parked claim without phase consumes saved disapproved on the first restore [207.98ms]
publish	Test and inspect the package	2026-10-05T10:19:57.0745636Z (pass) healthy host heartbeat reconciles an unarmed orphan: approved [324.83ms]
publish	Test and inspect the package	2026-10-05T10:19:57.3726791Z (pass) healthy host heartbeat reconciles an unarmed orphan: disapproved [298.61ms]
publish	Test and inspect the package	2026-10-05T10:19:57.6660177Z (pass) healthy host heartbeat reconciles an unarmed orphan: missing [293.26ms]
publish	Test and inspect the package	2026-10-05T10:19:57.9387474Z (pass) heartbeat orphan recovery respects in-flight [272.70ms]
publish	Test and inspect the package	2026-10-05T10:19:58.2062856Z (pass) heartbeat orphan recovery respects recent [267.58ms]
publish	Test and inspect the package	2026-10-05T10:19:58.4764630Z (pass) heartbeat orphan recovery respects frozen [270.16ms]
publish	Test and inspect the package	2026-10-05T10:19:58.7487854Z (pass) heartbeat orphan recovery respects cold-held [272.25ms]
publish	Test and inspect the package	2026-10-05T10:19:59.1941614Z (pass) finished real worker, lost parent: restart applies approved exactly once without re-auditing [445.31ms]
publish	Test and inspect the package	2026-10-05T10:19:59.5067021Z [run-tests] progress: 120s elapsed · 0s since last output · 52 KiB of suite output
publish	Test and inspect the package	2026-10-05T10:19:59.6185648Z (pass) finished real worker, lost parent: restart applies disapproved exactly once without re-auditing [422.87ms]
publish	Test and inspect the package	2026-10-05T10:19:59.9174540Z (pass) manual resume consumes a completed parked claim instead of launching another auditor [300.31ms]
publish	Test and inspect the package	2026-10-05T10:20:00.1989525Z (pass) agent resume consumes a completed parked claim instead of launching another auditor [281.59ms]
publish	Test and inspect the package	2026-10-05T10:20:00.6189571Z (pass) silent file-backed successor applies a finished verdict from the dead generation [419.91ms]
publish	Test and inspect the package	2026-10-05T10:20:00.6205934Z (pass) legacy completed jobs bind the original goal, contract, and claim without new metadata [1.78ms]
publish	Test and inspect the package	2026-10-05T10:20:00.6218365Z (pass) newer unfinished candidate prevents replay of an older completed result [1.26ms]
publish	Test and inspect the package	2026-10-05T10:20:00.6227719Z (pass) saved result refuses unsafe recovery: revision [0.94ms]
publish	Test and inspect the package	2026-10-05T10:20:00.6236826Z (pass) saved result refuses unsafe recovery: claim [0.90ms]
publish	Test and inspect the package	2026-10-05T10:20:00.6245238Z (pass) saved result refuses unsafe recovery: structured-claim [0.81ms]
publish	Test and inspect the package	2026-10-05T10:20:00.6253882Z (pass) saved result refuses unsafe recovery: hash [0.85ms]
publish	Test and inspect the package	2026-10-05T10:20:00.6262249Z (pass) saved result refuses unsafe recovery: result-identity [0.83ms]
publish	Test and inspect the package	2026-10-05T10:20:00.6272923Z (pass) saved result refuses unsafe recovery: cancelled-tool [1.04ms]
publish	Test and inspect the package	2026-10-05T10:20:00.6281801Z (pass) saved result refuses unsafe recovery: strict-challenge [0.89ms]
publish	Test and inspect the package	2026-10-05T10:20:00.6290828Z (pass) saved result refuses unsafe recovery: unsupported-tool [0.89ms]
publish	Test and inspect the package	2026-10-05T10:20:00.6300018Z (pass) corrupt final progress identity refuses recovery without consuming the claim [0.90ms]
publish	Test and inspect the package	2026-10-05T10:20:00.6311656Z (pass) saved approval still enforces the audit-tool floor and regression shield [1.14ms]
publish	Test and inspect the package	2026-10-05T10:20:00.6320299Z (pass) second audit pass remains visible through thinking, tools, and report generation [0.75ms]
publish	Test and inspect the package	2026-10-05T10:20:00.9012321Z (pass) days-old auditing orphan with a saved verdict recovers via heartbeat (SEO field case) [269.08ms]
publish	Test and inspect the package	2026-10-05T10:20:01.1816168Z (pass) workerless in-flight claim with a saved verdict reconciles without launching [280.41ms]
publish	Test and inspect the package	2026-10-05T10:20:01.5790715Z (pass) S5: workerless in-flight claim parks under the stale latch via stale-latch-workerless [397.38ms]
publish	Test and inspect the package	2026-10-05T10:20:01.8410961Z (pass) workerless in-flight claim without a verdict parks via workerless-in-flight [262.06ms]
publish	Test and inspect the package	2026-10-05T10:20:01.8833360Z (pass) auditorWorkerLiveForAttempt: only a matching live worker counts [42.22ms]
publish	Test and inspect the package	2026-10-05T10:20:01.8848394Z (pass) unreadable saved transcript returns null but ledgers the reason [1.59ms]
publish	Test and inspect the package	2026-10-05T10:20:01.9378661Z (pass) workerProcessMatches darwin branch reads identity via ps [52.93ms]
publish	Test and inspect the package	2026-10-05T10:20:02.2074558Z (pass) auditing claim stuck in starting with no worker parks for recovery via heartbeat [269.52ms]
publish	Test and inspect the package	2026-10-05T10:20:02.4652790Z (pass) S7: stranded recovery measures real activity, not the heartbeat's own refire notes [257.79ms]
publish	Test and inspect the package	2026-10-05T10:20:02.7244943Z (pass) workerless park drops the dead attempt's auditor cursor so recovery re-walks (clean-web field) [259.12ms]
publish	Test and inspect the package	2026-10-05T10:20:02.7256910Z (pass) reconcile names its rejecting gate in the ledger [1.41ms]
publish	Test and inspect the package	2026-10-05T10:20:02.7257585Z
publish	Test and inspect the package	2026-10-05T10:20:02.7258377Z ##[endgroup]
publish	Test and inspect the package	2026-10-05T10:20:02.7261119Z
publish	Test and inspect the package	2026-10-05T10:20:02.7272543Z ##[group]tests/model-selector.test.ts:
publish	Test and inspect the package	2026-10-05T10:20:02.9999231Z (pass) chainFor returns the configured chain for a scope [0.56ms]
publish	Test and inspect the package	2026-10-05T10:20:03.0005012Z (pass) selectNext walks the chain in order and skips current + attempted [0.34ms]
publish	Test and inspect the package	2026-10-05T10:20:03.0006483Z (pass) selectNextValid returns the first registered, non-forbidden ref in chain order [0.27ms]
publish	Test and inspect the package	2026-10-05T10:20:03.0007798Z (pass) selectNextValid skips refs already in the attempted list [0.19ms]
publish	Test and inspect the package	2026-10-05T10:20:03.0009037Z (pass) selectNextValid also skips current when it would otherwise be a candidate [0.10ms]
publish	Test and inspect the package	2026-10-05T10:20:03.0010402Z (pass) selectNextValid does not mutate the caller's attempted list [0.20ms]
publish	Test and inspect the package	2026-10-05T10:20:03.0011608Z (pass) selectNextValid skips forbidden refs and records each rejection [0.20ms]
publish	Test and inspect the package	2026-10-05T10:20:03.0012899Z (pass) selectNextValid records forbidden rejections until a valid ref is found [0.13ms]
publish	Test and inspect the package	2026-10-05T10:20:03.0015926Z (pass) selectNextValid skips refs missing from the resolver and records each rejection [0.13ms]
publish	Test and inspect the package	2026-10-05T10:20:03.0017657Z (pass) selectNextValid records forbidden before unregistered when both fail [0.13ms]
publish	Test and inspect the package	2026-10-05T10:20:03.0018990Z (pass) selectNextValid returns reason=exhausted when the chain runs out [0.09ms]
publish	Test and inspect the package	2026-10-05T10:20:03.0020216Z (pass) selectNextValid returns exhausted when every ref is forbidden [0.12ms]
publish	Test and inspect the package	2026-10-05T10:20:03.0021350Z (pass) selectNextValid returns exhausted on an empty chain [0.08ms]
publish	Test and inspect the package	2026-10-05T10:20:03.0022689Z (pass) selectNextValid records one event per ref visited plus a final outcome [0.13ms]
publish	Test and inspect the package	2026-10-05T10:20:03.0029630Z (pass) selectNextValid tags subagent scope on every recorded event [0.12ms]
publish	Test and inspect the package	2026-10-05T10:20:03.0030885Z (pass) selectNextValid does not throw when no recorder is supplied [0.13ms]
publish	Test and inspect the package	2026-10-05T10:20:03.0032469Z (pass) canUseRef is true only when a ref is not forbidden and resolves [0.15ms]
publish	Test and inspect the package	2026-10-05T10:20:03.0034448Z (pass) classifyFailure is scope-agnostic — same input returns same output for any scope [0.15ms]
publish	Test and inspect the package	2026-10-05T10:20:03.0036023Z (pass) retryDelayMs returns the same value as mainModelFailureDelayMs (default base) [0.39ms]
publish	Test and inspect the package	2026-10-05T10:20:03.0037362Z (pass) audit 2026-09-06: retryDelayMs honors the injected retry base minutes [0.20ms]
publish	Test and inspect the package	2026-10-05T10:20:03.0039007Z (pass) selectNextValid composes nextUntriedModelRef — manual loop yields the same answer [0.18ms]
publish	Test and inspect the package	2026-10-05T10:20:03.0039487Z
publish	Test and inspect the package	2026-10-05T10:20:03.0039808Z ##[endgroup]
publish	Test and inspect the package	2026-10-05T10:20:03.0039935Z
publish	Test and inspect the package	2026-10-05T10:20:03.0040220Z ##[group]tests/repository-receipts.test.ts:
publish	Test and inspect the package	2026-10-05T10:20:03.2616829Z (pass) repository-only findings are archive-only, without empty chat groups [14.93ms]
publish	Test and inspect the package	2026-10-05T10:20:03.2622833Z (pass) repository receipt stays archival while substantive ledger fixes remain visible [0.69ms]
publish	Test and inspect the package	2026-10-05T10:20:03.2632005Z (pass) flat receipts are archive-only while limitations remain visible [0.96ms]
publish	Test and inspect the package	2026-10-05T10:20:03.2652264Z (pass) mixed receipt vocabulary never deletes repairs or unperformed checks [2.02ms]
publish	Test and inspect the package	2026-10-05T10:20:03.2670812Z (pass) archive keeps unknown proof; chat keeps the detailed narrative focused [1.84ms]
publish	Test and inspect the package	2026-10-05T10:20:03.2671534Z
publish	Test and inspect the package	2026-10-05T10:20:03.2672060Z ##[endgroup]
publish	Test and inspect the package	2026-10-05T10:20:03.2675997Z
publish	Test and inspect the package	2026-10-05T10:20:03.2676842Z ##[group]tests/metric-never-moved-resumable.test.ts:
publish	Test and inspect the package	2026-10-05T10:20:03.6892036Z (pass) behavioral: a loop parked by 'metric never moved' resumes via /loop resume — history kept, counters re-armed [174.30ms]
publish	Test and inspect the package	2026-10-05T10:20:04.1005522Z (pass) v0.35.x: time and token bound stops resume as fresh windows without discarding history [408.54ms]
publish	Test and inspect the package	2026-10-05T10:20:04.6675313Z (pass) v0.35.x: metricless cadence delays automatic re-wakes but explicit start is urgent [570.45ms]
publish	Test and inspect the package	2026-10-05T10:20:04.8465663Z (pass) negative pin: a bounded stop ('max iterations reached') is still not resumable [178.12ms]
publish	Test and inspect the package	2026-10-05T10:20:04.8466433Z
publish	Test and inspect the package	2026-10-05T10:20:04.8467401Z ##[endgroup]
publish	Test and inspect the package	2026-10-05T10:20:04.8467608Z
publish	Test and inspect the package	2026-10-05T10:20:04.8468012Z ##[group]tests/last-wins.test.ts:
publish	Test and inspect the package	2026-10-05T10:20:05.2261295Z (pass) last-wins: a main host steals a live root — the old owner is never signaled [144.52ms]
publish	Test and inspect the package	2026-10-05T10:20:05.3504292Z (pass) last-wins: a worker contact never steals — the main session keeps the root [124.25ms]
publish	Test and inspect the package	2026-10-05T10:20:05.3654716Z (pass) last-wins: quiet paths still reclaim without supersede noise [15.17ms]
publish	Test and inspect the package	2026-10-05T10:20:05.6023946Z (pass) last-wins: the dethroned session stands down once, then recovers when the holder dies [236.77ms]
publish	Test and inspect the package	2026-10-05T10:20:05.6149787Z (pass) last-wins wiring: session_start supersedes under hostLifecycleStart, agent_end notes standing [12.71ms]
publish	Test and inspect the package	2026-10-05T10:20:05.9644130Z (pass) last-wins: an archive fence no longer refuses the new objective — old is ledgered, new starts [349.20ms]
publish	Test and inspect the package	2026-10-05T10:20:06.3335293Z (pass) last-wins control: without a fence the old objective still archives honestly [368.74ms]
publish	Test and inspect the package	2026-10-05T10:20:06.3470992Z (pass) last-wins source pins: setGoal preserves-then-proceeds, refusal text gone [14.14ms]
publish	Test and inspect the package	2026-10-05T10:20:06.4760864Z (pass) audit-2026-09-06: same-session lineage reclaims quietly — no steal event [128.82ms]
publish	Test and inspect the package	2026-10-05T10:20:06.6007249Z (pass) audit-2026-09-06: anonymous claimant cannot dethrone a live owner [124.70ms]
publish	Test and inspect the package	2026-10-05T10:20:06.6007849Z
publish	Test and inspect the package	2026-10-05T10:20:06.6008618Z ##[endgroup]
publish	Test and inspect the package	2026-10-05T10:20:06.6010881Z
publish	Test and inspect the package	2026-10-05T10:20:06.6011553Z ##[group]tests/auditor-session-mirror.test.ts:
publish	Test and inspect the package	2026-10-05T10:20:06.8535275Z (pass) sessionMirrorExtensionSpecs returns raw user settings package specs [1.54ms]
publish	Test and inspect the package	2026-10-05T10:20:06.8684042Z (pass) sessionMirrorExtensionSpecs appends project settings specs, deduped [14.87ms]
publish	Test and inspect the package	2026-10-05T10:20:06.8686523Z (pass) sessionMirrorExtensionSpecs never mirrors GLLA itself [0.43ms]
publish	Test and inspect the package	2026-10-05T10:20:06.8688596Z (pass) mergeAuditorAllowedExtensions unions user allowlist first, then mirror [0.16ms]
publish	Test and inspect the package	2026-10-05T10:20:06.8690290Z (pass) mergeAuditorAllowedExtensions with mirror off keeps the user allowlist alone [0.05ms]
publish	Test and inspect the package	2026-10-05T10:20:06.8692040Z (pass) mergeAuditorAllowedExtensions with mirror on and empty user list yields the mirror [0.08ms]
publish	Test and inspect the package	2026-10-05T10:20:06.8693420Z (pass) unresolvable mirror entries still drop fail-closed at resolve time [0.35ms]
publish	Test and inspect the package	2026-10-05T10:20:06.8755802Z (pass) settings round-trip: mirror opt-out persists, on clears, junk normalizes [6.17ms]
publish	Test and inspect the package	2026-10-05T10:20:06.8756335Z
publish	Test and inspect the package	2026-10-05T10:20:06.8756878Z ##[endgroup]
publish	Test and inspect the package	2026-10-05T10:20:06.8759638Z
publish	Test and inspect the package	2026-10-05T10:20:06.8759987Z ##[group]tests/state-root-failure.test.ts:
publish	Test and inspect the package	2026-10-05T10:20:07.1314809Z (pass) known session root remains readable and mutations defer on permission [19.46ms]
publish	Test and inspect the package	2026-10-05T10:20:07.1338701Z (pass) known session root remains readable and mutations defer on malformed [2.54ms]
publish	Test and inspect the package	2026-10-05T10:20:07.1363171Z (pass) known session root remains readable and mutations defer on invalid-selector [2.43ms]
publish	Test and inspect the package	2026-10-05T10:20:07.1373992Z (pass) cold unreadable selector does not authorize a fallback root [1.07ms]
publish	Test and inspect the package	2026-10-05T10:20:07.1378762Z (pass) cold invalid-json selector does not authorize a fallback root [0.48ms]
publish	Test and inspect the package	2026-10-05T10:20:07.1389574Z (pass) absent selector uses the default, while a persistence operation pins a validated root [1.02ms]
publish	Test and inspect the package	2026-10-05T10:20:07.1390131Z
publish	Test and inspect the package	2026-10-05T10:20:07.1390506Z ##[endgroup]
publish	Test and inspect the package	2026-10-05T10:20:07.1393584Z
publish	Test and inspect the package	2026-10-05T10:20:07.1394164Z ##[group]tests/stale-delayed-context.test.ts:
publish	Test and inspect the package	2026-10-05T10:20:07.4090791Z (pass) v0.34.20: registered agent tools resolve the invocation context [12.63ms]
publish	Test and inspect the package	2026-10-05T10:20:07.4111934Z (pass) v0.34.20: provider retry timers have one session-boundary adapter [2.29ms]
publish	Test and inspect the package	2026-10-05T10:20:07.4117517Z (pass) v0.34.20: detached fan-out revalidates after user confirmation [0.58ms]
publish	Test and inspect the package	2026-10-05T10:20:07.4133293Z (pass) v0.34.22: detached completion audits persist lifecycle claims and stop applying after replacement [1.49ms]
publish	Test and inspect the package	2026-10-05T10:20:07.4135928Z (pass) v0.34.20: generic infra retry supports a lifecycle guard before and after backoff [0.30ms]
publish	Test and inspect the package	2026-10-05T10:20:07.4137573Z (pass) v0.34.20: manual resume consumes a stored completion claim directly [0.19ms]
publish	Test and inspect the package	2026-10-05T10:20:07.4143801Z (pass) v0.34.20: loop measurement and branch cleanup rebind after async work [0.56ms]
publish	Test and inspect the package	2026-10-05T10:20:07.4144436Z
publish	Test and inspect the package	2026-10-05T10:20:07.4144848Z ##[endgroup]
publish	Test and inspect the package	2026-10-05T10:20:07.4148002Z
publish	Test and inspect the package	2026-10-05T10:20:07.4148560Z ##[group]tests/hourly-quota-probe.test.ts:
publish	Test and inspect the package	2026-10-05T10:20:07.6850821Z (pass) v0.34.92: nextHourlyProbeMs returns :00:30 of the NEXT hour [11.82ms]
publish	Test and inspect the package	2026-10-05T10:20:07.6852116Z (pass) v0.34.92: nextHourlyProbeMs at :00:29 jumps to THIS hour's :00:30 [0.05ms]
publish	Test and inspect the package	2026-10-05T10:20:07.6853255Z (pass) v0.34.92: nextHourlyProbeMs at :00:31 jumps to NEXT hour [0.05ms]
publish	Test and inspect the package	2026-10-05T10:20:07.6854475Z (pass) v0.34.92: nextHourlyProbeMs strictly > now [0.21ms]
publish	Test and inspect the package	2026-10-05T10:20:07.6856045Z (pass) v0.34.92: nextHourlyPromptMs (legacy) still returns :00:00 — kept for callers that pin it [0.09ms]
publish	Test and inspect the package	2026-10-05T10:20:07.6858351Z (pass) v0.34.92: scheduleHourlyProbe / fireHourlyProbe / cancelHourlyProbe are wired in goal-recovery.ts [0.50ms]
publish	Test and inspect the package	2026-10-05T10:20:07.6860074Z (pass) v0.34.92: parkMainModelAfterFailure schedules the hourly ticker alongside the recovery timer [0.16ms]
publish	Test and inspect the package	2026-10-05T10:20:07.6861439Z (pass) v0.34.92: mainModelRecoverySucceeded cancels the hourly ticker [0.09ms]
publish	Test and inspect the package	2026-10-05T10:20:07.6862700Z (pass) v0.34.92: clearMainModelRecoveryTimer cancels the hourly ticker in lockstep [0.05ms]
publish	Test and inspect the package	2026-10-05T10:20:07.6865979Z (pass) v0.34.131: a failed hourly probe re-arms only after the async recovery settles [0.41ms]
publish	Test and inspect the package	2026-10-05T10:20:07.8585891Z (pass) v0.34.132: executable runtime regression covers failure re-arm, opt-out, and generation fencing [171.74ms]
publish	Test and inspect the package	2026-10-05T10:20:07.8587699Z (pass) v0.34.92: session_start re-arms the hourly ticker when recovery is parked [0.41ms]
publish	Test and inspect the package	2026-10-05T10:20:07.8589244Z (pass) fresh pause fences cover the hourly auditor backstop too [0.16ms]
publish	Test and inspect the package	2026-10-05T10:20:07.8590356Z (pass) v0.34.142: hourlyRetryProbe setting exists and defaults to ON [0.09ms]
publish	Test and inspect the package	2026-10-05T10:20:07.8597468Z (pass) v0.34.142: the /glla menu exposes hourlyRetryProbe with on/off options [0.67ms]
publish	Test and inspect the package	2026-10-05T10:20:07.8664636Z (pass) v0.34.92: v0.34.58/v0.34.90 quota-prompt machinery is REMOVED from goal.ts and core.ts [6.69ms]
publish	Test and inspect the package	2026-10-05T10:20:07.8665622Z (pass) v0.34.92: nextHourlyProbeMs is exported from goal-loop-core.ts [0.08ms]
publish	Test and inspect the package	2026-10-05T10:20:07.8665987Z
publish	Test and inspect the package	2026-10-05T10:20:07.8666304Z ##[endgroup]
publish	Test and inspect the package	2026-10-05T10:20:07.8669476Z
publish	Test and inspect the package	2026-10-05T10:20:07.8670120Z ##[group]tests/list-import.test.ts:
publish	Test and inspect the package	2026-10-05T10:20:08.1066782Z (pass) markdown checklist [0.37ms]
publish	Test and inspect the package	2026-10-05T10:20:08.1068398Z (pass) bullets of all flavors [0.09ms]
publish	Test and inspect the package	2026-10-05T10:20:08.1070073Z (pass) numbered items [0.06ms]
publish	Test and inspect the package	2026-10-05T10:20:08.1071033Z (pass) plain lines pass through [0.05ms]
publish	Test and inspect the package	2026-10-05T10:20:08.1071973Z (pass) headings, blanks, comments, hr rules are skipped [0.07ms]
publish	Test and inspect the package	2026-10-05T10:20:08.1072858Z (pass) a sisyphus-style plan file imports clean [0.08ms]
publish	Test and inspect the package	2026-10-05T10:20:08.1073939Z (pass) whitespace-only and empty content yields nothing [0.12ms]
publish	Test and inspect the package	2026-10-05T10:20:08.1074803Z (pass) items with inline contracts survive intact [0.04ms]
publish	Test and inspect the package	2026-10-05T10:20:08.1075687Z (pass) resolveImportFile: detects a real file by bare name [0.46ms]
publish	Test and inspect the package	2026-10-05T10:20:08.1258200Z (pass) resolveImportFile: detects paths with separators and ./ [16.81ms]
publish	Test and inspect the package	2026-10-05T10:20:08.1314584Z (pass) resolveImportFile: objective text is NOT a file [0.41ms]
publish	Test and inspect the package	2026-10-05T10:20:08.1315591Z (pass) resolveImportFile: directories are not importable [0.32ms]
publish	Test and inspect the package	2026-10-05T10:20:08.1316480Z (pass) routeListText: file path wins over everything [0.30ms]
publish	Test and inspect the package	2026-10-05T10:20:08.1317850Z (pass) routeListText: field 2026-09-16 — plain lines are a paragraph, not a batch [0.29ms]
publish	Test and inspect the package	2026-10-05T10:20:08.1319757Z (pass) routeListText: field 2026-09-16 — marked structure still batches [0.13ms]
publish	Test and inspect the package	2026-10-05T10:20:08.1320878Z (pass) hasExplicitListStructure: two marked lines, one marked line, none [0.09ms]
publish	Test and inspect the package	2026-10-05T10:20:08.1322395Z (pass) routeListText: field 2026-09-16 — explicit add keeps contracted lines batched (v0.34.81 subtasks) [0.38ms]
publish	Test and inspect the package	2026-10-05T10:20:08.1354697Z (pass) routeListText: field 2026-09-16 — explicit add with contract-less prose still drafts [0.07ms]
publish	Test and inspect the package	2026-10-05T10:20:08.1384595Z (pass) routeListText: field 2026-09-16 — explicit add batches mixed contracted lines [0.06ms]
publish	Test and inspect the package	2026-10-05T10:20:08.1414609Z (pass) audit 2026-09-16: bare list preserves independently contracted records [0.08ms]
publish	Test and inspect the package	2026-10-05T10:20:08.1444424Z (pass) audit 2026-09-16: add preserves a paragraph with a standalone contract [0.05ms]
publish	Test and inspect the package	2026-10-05T10:20:08.1455231Z (pass) routeListText: pasted bullets preserve item wording and contracts [0.05ms]
publish	Test and inspect the package	2026-10-05T10:20:08.1504463Z (pass) routeListText: a one-record paste remains eligible for item-level clarification [0.04ms]
publish	Test and inspect the package	2026-10-05T10:20:08.1534315Z (pass) routeListText: 'Done when:' clause adds directly, no interview [0.03ms]
publish	Test and inspect the package	2026-10-05T10:20:08.1544521Z (pass) routeListText: vague dump goes to conversational drafting [0.05ms]
publish	Test and inspect the package	2026-10-05T10:20:08.1564383Z (pass) routeListText: nonexistent file-ish text is not a file [0.08ms]
publish	Test and inspect the package	2026-10-05T10:20:08.1584413Z (pass) listMutationBlocked: only during list drafting sessions [0.20ms]
publish	Test and inspect the package	2026-10-05T10:20:08.1623780Z
publish	Test and inspect the package	2026-10-05T10:20:08.1634468Z ##[endgroup]
publish	Test and inspect the package	2026-10-05T10:20:08.1678188Z
publish	Test and inspect the package	2026-10-05T10:20:08.1686846Z ##[group]tests/outcome-first-chat.test.ts:
publish	Test and inspect the package	2026-10-05T10:20:08.4848860Z (pass) whole-work recap takes precedence for every plain/structured repair combination [21.41ms]
publish	Test and inspect the package	2026-10-05T10:20:08.4869700Z (pass) four-area chat is outcome-first and grouped; archive retains detailed evidence [2.30ms]
publish	Test and inspect the package	2026-10-05T10:20:08.4870519Z
publish	Test and inspect the package	2026-10-05T10:20:08.4871074Z ##[endgroup]
publish	Test and inspect the package	2026-10-05T10:20:08.4875878Z
publish	Test and inspect the package	2026-10-05T10:20:08.4876641Z ##[group]tests/stuck-audit-latch.test.ts:
publish	Test and inspect the package	2026-10-05T10:20:08.7579522Z (pass) Fix A: the apply gate defers + parks instead of silently dropping a completed verdict [16.10ms]
publish	Test and inspect the package	2026-10-05T10:20:08.7582954Z (pass) Fix B: the stale-latch stranded park runs BEFORE the extensionApiStale early return [0.52ms]
publish	Test and inspect the package	2026-10-05T10:20:08.7587183Z (pass) Fix B: the park requires the stuck signature (auditing, claim, 90s silence; in-flight only when workerless) [0.42ms]
publish	Test and inspect the package	2026-10-05T10:20:08.7589719Z (pass) audit 2026-09-25: stranded_audit_recovered is ledgered only after the park lands [0.24ms]
publish	Test and inspect the package	2026-10-05T10:20:08.7591381Z (pass) S9 (continuation route): the overdue backstop latches only after the park-clear lands [0.12ms]
publish	Test and inspect the package	2026-10-05T10:20:08.7592476Z (pass) S9 (probe route): the overdue backstop releases the latch at settle when the wait is still parked [0.08ms]
publish	Test and inspect the package	2026-10-05T10:20:08.7593002Z
publish	Test and inspect the package	2026-10-05T10:20:08.7593361Z ##[endgroup]
publish	Test and inspect the package	2026-10-05T10:20:08.7597556Z
publish	Test and inspect the package	2026-10-05T10:20:08.7598335Z ##[group]tests/mechanical-pipeline.test.ts:
publish	Test and inspect the package	2026-10-05T10:20:09.0086504Z (pass) parseMechanicalPipeline: accepts the narrow pipeline shape [0.43ms]
publish	Test and inspect the package	2026-10-05T10:20:09.0104539Z (pass) parseMechanicalPipeline: rejects everything outside the shape [0.22ms]
publish	Test and inspect the package	2026-10-05T10:20:09.0120530Z (pass) extraction delivers the field pipeline string to the runner [0.24ms]
publish	Test and inspect the package	2026-10-05T10:20:09.0559729Z (pass) pipeline runs shell-free: green head passes, evidence truncated [47.10ms]
publish	Test and inspect the package	2026-10-05T10:20:09.1281669Z (pass) pipeline exit follows the head, never the filter [72.16ms]
publish	Test and inspect the package	2026-10-05T10:20:09.1286270Z (pass) unsafe pipeline stages never execute: 126 with no side effects [0.53ms]
publish	Test and inspect the package	2026-10-05T10:20:09.1632820Z (pass) grep filter reads stdin only: no file operand, no leak [34.56ms]
publish	Test and inspect the package	2026-10-05T10:20:09.1633305Z
publish	Test and inspect the package	2026-10-05T10:20:09.1633885Z ##[endgroup]
publish	Test and inspect the package	2026-10-05T10:20:09.1636654Z
publish	Test and inspect the package	2026-10-05T10:20:09.1637317Z ##[group]tests/objective-loss-state-root.test.ts:
publish	Test and inspect the package	2026-10-05T10:20:09.4125856Z (pass) workingDir default: cwd switch makes old objective invisible from new cwd (expected) [2.88ms]
publish	Test and inspect the package	2026-10-05T10:20:09.4299792Z (pass) sessionDir opt-in: same cwd switch keeps objective visible via shared sessionDir [17.37ms]
publish	Test and inspect the package	2026-10-05T10:20:09.4311702Z (pass) evidence: no destructive migration and pending defers writes — Wez crash / version switch does not delete old root [1.27ms]
publish	Test and inspect the package	2026-10-05T10:20:09.4312263Z
publish	Test and inspect the package	2026-10-05T10:20:09.4312594Z ##[endgroup]
publish	Test and inspect the package	2026-10-05T10:20:09.4315270Z
publish	Test and inspect the package	2026-10-05T10:20:09.4315845Z ##[group]tests/long-running-discipline.test.ts:
publish	Test and inspect the package	2026-10-05T10:20:09.6716023Z (pass) long-running supervision is event-driven with 250ms→15s fallback, not duration-guessed [0.63ms]
publish	Test and inspect the package	2026-10-05T10:20:09.6729923Z (pass) monitor goals are display-only — scheduling is event-driven for every plane [0.89ms]
publish	Test and inspect the package	2026-10-05T10:20:09.6731685Z (pass) drafting batches 2–4 questions up front via one ask_user_question picker [0.27ms]
publish	Test and inspect the package	2026-10-05T10:20:09.6732712Z (pass) long-running policies compensate zero mid-run questions with more upfront [0.22ms]
publish	Test and inspect the package	2026-10-05T10:20:09.6899575Z (pass) continuation prompt carries both policies so active execution sees them [17.79ms]
publish	Test and inspect the package	2026-10-05T10:20:09.6900159Z
publish	Test and inspect the package	2026-10-05T10:20:09.6900545Z ##[endgroup]
publish	Test and inspect the package	2026-10-05T10:20:09.6903583Z
publish	Test and inspect the package	2026-10-05T10:20:09.6905045Z ##[group]tests/persistence-recovery.test.ts:
publish	Test and inspect the package	2026-10-05T10:20:09.9628994Z (pass) archive summary obligation survives every projection boundary and outbox failure [33.42ms]
publish	Test and inspect the package	2026-10-05T10:20:11.6591280Z (pass) SIGKILL before outbox transfer recovers the summary in a cold Node process [1696.30ms]
publish	Test and inspect the package	2026-10-05T10:20:11.6613335Z (pass) archive intent prevents a published archive from resurrecting its active goal [2.26ms]
publish	Test and inspect the package	2026-10-05T10:20:11.6623007Z (pass) a prepared archive intent without an archive is safe to discard [0.98ms]
publish	Test and inspect the package	2026-10-05T10:20:11.6643275Z (pass) ledger rotation keeps a bounded active snapshot and retains forensic history [1.99ms]
publish	Test and inspect the package	2026-10-05T10:20:11.6649378Z (pass) readState recovers when a process dies after segment rename but before active rewrite [0.61ms]
publish	Test and inspect the package	2026-10-05T10:20:11.6657625Z (pass) queue deletion distinguishes absent sidecars from failed destructive cleanup [0.81ms]
publish	Test and inspect the package	2026-10-05T10:20:11.6674760Z (pass) audit-job health reports proven-dead workers and preserves ambiguous scratch [1.66ms]
publish	Test and inspect the package	2026-10-05T10:20:11.6675618Z
publish	Test and inspect the package	2026-10-05T10:20:11.6676003Z ##[endgroup]
publish	Test and inspect the package	2026-10-05T10:20:11.6679208Z
publish	Test and inspect the package	2026-10-05T10:20:11.6679833Z ##[group]tests/list-draft-handoff.test.ts:
publish	Test and inspect the package	2026-10-05T10:20:17.5753092Z (pass) 125335: fresh commentary-only draft end delivers exactly one bounded correction [5674.27ms]
publish	Test and inspect the package	2026-10-05T10:20:20.3912951Z (pass) stated next dependent question is a legal drafting end: no correction [2815.96ms]
publish	Test and inspect the package	2026-10-05T10:20:23.2053932Z (pass) short ack without a question is not commentary: no correction [2814.06ms]
publish	Test and inspect the package	2026-10-05T10:20:23.2056661Z (pass) tool-unavailable fallback: the correction directs prose asking [0.42ms]
publish	Test and inspect the package	2026-10-05T10:20:26.0205640Z (pass) confirmation gate untouched: correction never earns a proposal [2814.52ms]
publish	Test and inspect the package	2026-10-05T10:20:26.0206370Z
publish	Test and inspect the package	2026-10-05T10:20:26.0206855Z ##[endgroup]
publish	Test and inspect the package	2026-10-05T10:20:26.0207745Z
publish	Test and inspect the package	2026-10-05T10:20:26.0208314Z ##[group]tests/audit-lifecycle.test.ts:
publish	Test and inspect the package	2026-10-05T10:20:26.2776665Z (pass) lifecycle: a fresh claim is STARTING, not running — the launch window is represented [0.67ms]
publish	Test and inspect the package	2026-10-05T10:20:26.2778188Z (pass) lifecycle: the launch window is reported as no-first-event once it passes the window [0.25ms]
publish	Test and inspect the package	2026-10-05T10:20:26.2779656Z (pass) lifecycle: a starting claim that HAS produced worker activity is running, with the worker's own stamp [0.24ms]
publish	Test and inspect the package	2026-10-05T10:20:26.2780792Z (pass) lifecycle: a park is a park, not worker activity [0.19ms]
publish	Test and inspect the package	2026-10-05T10:20:26.2781804Z (pass) lifecycle: a settling claim reports the applied verdict, not a worker event [0.24ms]
publish	Test and inspect the package	2026-10-05T10:20:26.2783000Z (pass) lifecycle: running with last activity, and a quiet one reported as no progress [0.26ms]
publish	Test and inspect the package	2026-10-05T10:20:26.2784715Z (pass) lifecycle: the activity heartbeat is throttled, so a chatty auditor cannot flood the ledger [0.19ms]
publish	Test and inspect the package	2026-10-05T10:20:26.2786892Z (pass) lifecycle: an applied approval awaiting its archive is SETTLING — never terminal [0.10ms]
publish	Test and inspect the package	2026-10-05T10:20:26.2788127Z (pass) lifecycle: approved is a SETTLEMENT state, and only the settlement may claim it [0.22ms]
publish	Test and inspect the package	2026-10-05T10:20:26.2789483Z (pass) lifecycle: an interrupted or unknown claim is RECOVERY NEEDED with a real next action [0.26ms]
publish	Test and inspect the package	2026-10-05T10:20:26.2790757Z (pass) lifecycle: a retry-waiting claim is distinct, and names the armed retry [0.17ms]
publish	Test and inspect the package	2026-10-05T10:20:26.2791898Z (pass) lifecycle: phase migration and attempt ownership stay explicit [0.12ms]
publish	Test and inspect the package	2026-10-05T10:20:26.2955129Z (pass) lifecycle: a claim with no usable timestamp never invents an age [17.78ms]
publish	Test and inspect the package	2026-10-05T10:20:26.2956667Z (pass) lifecycle: a future activity stamp clamps instead of rendering a negative age [0.27ms]
publish	Test and inspect the package	2026-10-05T10:20:26.2959970Z (pass) settlement: an unresolved claim can never reach a terminal render [0.17ms]
publish	Test and inspect the package	2026-10-05T10:20:26.2961126Z (pass) settlement: a failed write or archive parks instead of claiming success [0.12ms]
publish	Test and inspect the package	2026-10-05T10:20:26.2962245Z (pass) lifecycle: the age formatter is the shared vocabulary [0.06ms]
publish	Test and inspect the package	2026-10-05T10:20:26.2962746Z
publish	Test and inspect the package	2026-10-05T10:20:26.2963223Z ##[endgroup]
publish	Test and inspect the package	2026-10-05T10:20:26.3013972Z
publish	Test and inspect the package	2026-10-05T10:20:26.3024567Z ##[group]tests/auditor-extensions.test.ts:
publish	Test and inspect the package	2026-10-05T10:20:26.6515134Z (pass) normalizeAuditorAllowedExtensions is bounded, deduped, deterministic [13.50ms]
publish	Test and inspect the package	2026-10-05T10:20:26.6543081Z (pass) discovery resolves settings packages/extensions to concrete install paths [2.90ms]
publish	Test and inspect the package	2026-10-05T10:20:26.6553258Z (pass) resolveAuditorExtensionSpec maps npm/git/local specs to existing paths [1.03ms]
publish	Test and inspect the package	2026-10-05T10:20:26.6560929Z (pass) resolveAuditorAllowedExtensions drops unresolvable entries fail-closed [0.76ms]
publish	Test and inspect the package	2026-10-05T10:20:26.6565910Z (pass) v0.35.72: project-relative auditor extensions resolve from the project settings base [0.56ms]
publish	Test and inspect the package	2026-10-05T10:20:26.6571039Z (pass) request allowedExtensions rides the hashed payload with resolved paths [0.46ms]
publish	Test and inspect the package	2026-10-05T10:20:26.6574551Z (pass) auditorExtensionArgs only emits args for a non-empty allowlist [0.37ms]
publish	Test and inspect the package	2026-10-05T10:20:26.6576240Z (pass) audit 2026-09-06: auditorExtensionArgs drops raw npm: specs fail-closed [0.18ms]
publish	Test and inspect the package	2026-10-05T10:20:26.6577475Z (pass) audit 2026-09-06: allowlist normalize dedups case-insensitively [0.06ms]
publish	Test and inspect the package	2026-10-05T10:20:26.6579691Z (pass) v0.35.72: offline auditor validation uses Node timeout support, not POSIX timeout [0.26ms]
publish	Test and inspect the package	2026-10-05T10:20:26.9903206Z (pass) mandatory hermetic auditor-extension validation loads the resolved allowlist path [332.12ms]
publish	Test and inspect the package	2026-10-05T10:20:27.0013258Z (pass) settings round-trip: menu pick persists, load normalizes, clear removes [11.02ms]
publish	Test and inspect the package	2026-10-05T10:20:27.0021736Z (pass) saveSettings writes the allowlist and hand-edited junk is normalized on load [0.96ms]
publish	Test and inspect the package	2026-10-05T10:20:27.0121751Z
publish	Test and inspect the package	2026-10-05T10:20:27.0122630Z ##[endgroup]
publish	Test and inspect the package	2026-10-05T10:20:27.0128170Z
publish	Test and inspect the package	2026-10-05T10:20:27.0129018Z ##[group]tests/heartbeat.test.ts:
publish	Test and inspect the package	2026-10-05T10:20:27.2576462Z (pass) fires: supervising + idle + no timer + quiet long enough [0.19ms]
publish	Test and inspect the package	2026-10-05T10:20:27.2578025Z (pass) does not fire when not supervising [0.04ms]
publish	Test and inspect the package	2026-10-05T10:20:27.2581101Z (pass) does not fire when session is busy [0.04ms]
publish	Test and inspect the package	2026-10-05T10:20:27.2582320Z (pass) does not fire when a continuation is already scheduled [0.04ms]
publish	Test and inspect the package	2026-10-05T10:20:27.2583016Z (pass) does not fire before the stall threshold [0.04ms]
publish	Test and inspect the package	2026-10-05T10:20:27.2583787Z (pass) custom stall threshold is honored [0.04ms]
publish	Test and inspect the package	2026-10-05T10:20:27.2584964Z (pass) shouldWedgeAlert: fires when supervising + busy + silent past threshold [0.06ms]
publish	Test and inspect the package	2026-10-05T10:20:27.2585830Z (pass) shouldWedgeAlert: silent below threshold does not fire [0.05ms]
publish	Test and inspect the package	2026-10-05T10:20:27.2586464Z (pass) shouldWedgeAlert: idle session is the heartbeat's job, not ours [0.05ms]
publish	Test and inspect the package	2026-10-05T10:20:27.2587264Z (pass) shouldWedgeAlert: not supervising never fires [0.05ms]
publish	Test and inspect the package	2026-10-05T10:20:27.2588218Z (pass) shouldWedgeAlert: throttled to once per threshold interval [0.04ms]
publish	Test and inspect the package	2026-10-05T10:20:27.2589687Z (pass) shouldWedgeAlert: threshold 0 disables [0.09ms]
publish	Test and inspect the package	2026-10-05T10:20:27.2590674Z (pass) timing defaults: wedge 30m, measure 10m, auditor inactivity 10m, no process wall [0.18ms]
publish	Test and inspect the package	2026-10-05T10:20:27.2591787Z (pass) auditor watchdog: confirmed inactivity aborts only without a tool [0.11ms]
publish	Test and inspect the package	2026-10-05T10:20:27.2593393Z (pass) v0.28.25: stall refires space exponentially — 1m, 2m, 4m, 8m cap (junk-runner 5-in-4-minutes fix) [0.11ms]
publish	Test and inspect the package	2026-10-05T10:20:27.2594342Z
publish	Test and inspect the package	2026-10-05T10:20:27.2594848Z ##[endgroup]
publish	Test and inspect the package	2026-10-05T10:20:27.2595048Z
publish	Test and inspect the package	2026-10-05T10:20:27.2595466Z ##[group]tests/multi-model-picker.test.ts:
publish	Test and inspect the package	2026-10-05T10:20:27.5218279Z (pass) multi-model-picker: items-build integration — session/manual still render as non-toggleable rows [0.75ms]
publish	Test and inspect the package	2026-10-05T10:20:27.5236073Z (pass) multi-model-picker: explicit inherit choice is distinct from session/manual rows [1.94ms]
publish	Test and inspect the package	2026-10-05T10:20:27.5244405Z (pass) multi-model-picker: typing fuzzy-filters the list; backspace widens [0.80ms]
publish	Test and inspect the package	2026-10-05T10:20:27.5247747Z (pass) multi-model-picker: ↑/↓ move the selection (wrap at ends) [0.21ms]
publish	Test and inspect the package	2026-10-05T10:20:27.5249160Z (pass) multi-model-picker: space toggles the highlighted model in/out of the selection [0.12ms]
publish	Test and inspect the package	2026-10-05T10:20:27.5251535Z (pass) multi-model-picker: selection order matches toggle order, not list order [0.18ms]
publish	Test and inspect the package	2026-10-05T10:20:27.5252841Z (pass) multi-model-picker: enter confirms with the refs in selection order [0.17ms]
publish	Test and inspect the package	2026-10-05T10:20:27.5259222Z (pass) multi-model-picker: brackets reorder the configured try sequence [0.75ms]
publish	Test and inspect the package	2026-10-05T10:20:27.5266784Z (pass) multi-model-picker: current session model is slot 0 and cannot be added as its own backup [0.73ms]
publish	Test and inspect the package	2026-10-05T10:20:27.5274039Z (pass) multi-model-picker: configured unavailable and blocked refs remain visible with reasons [0.73ms]
publish	Test and inspect the package	2026-10-05T10:20:27.5276999Z (pass) multi-model-picker: tab enters order mode; enter still confirms [0.20ms]
publish	Test and inspect the package	2026-10-05T10:20:27.5280273Z (pass) multi-model-picker: order mode — ↑/↓ moves the chain row and the cursor follows [0.23ms]
publish	Test and inspect the package	2026-10-05T10:20:27.5283119Z (pass) multi-model-picker: order mode — tab returns to browse without confirming; space is suspended [0.16ms]
publish	Test and inspect the package	2026-10-05T10:20:27.5285287Z (pass) multi-model-picker: order mode — empty chain is a no-op and esc still cancels [0.14ms]
publish	Test and inspect the package	2026-10-05T10:20:27.5293834Z (pass) multi-model-picker: render truncates a long title to the terminal width [1.13ms]
publish	Test and inspect the package	2026-10-05T10:20:27.5306268Z (pass) multi-model-picker: order mode — the active chain row is highlighted and the footer switches [1.21ms]
publish	Test and inspect the package	2026-10-05T10:20:27.5309547Z (pass) multi-model-picker: empty selection confirms as an empty array (not undefined) [0.15ms]
publish	Test and inspect the package	2026-10-05T10:20:27.5314488Z (pass) multi-model-picker: esc cancels with undefined (regardless of selection) [0.10ms]
publish	Test and inspect the package	2026-10-05T10:20:27.5316434Z (pass) multi-model-picker: session row is not toggleable — space is a no-op [0.12ms]
publish	Test and inspect the package	2026-10-05T10:20:27.5318202Z (pass) multi-model-picker: manual row is not toggleable — space is a no-op [0.26ms]
publish	Test and inspect the package	2026-10-05T10:20:27.5321303Z (pass) multi-model-picker: main backup cap refuses the 11th selection [0.96ms]
publish	Test and inspect the package	2026-10-05T10:20:27.5323129Z (pass) multi-model-picker: initialSelected preserves stale refs for explicit cleanup [0.18ms]
publish	Test and inspect the package	2026-10-05T10:20:27.5328027Z (pass) multi-model-picker: render — title, search, marked rows, and footer hint are all present [0.41ms]
publish	Test and inspect the package	2026-10-05T10:20:27.5354016Z (pass) multi-model-picker: render — highlighted row uses the available width for selection [0.57ms]
publish	Test and inspect the package	2026-10-05T10:20:27.5355987Z (pass) multi-model-picker: render — selected row keeps its rank even when not highlighted [0.50ms]
publish	Test and inspect the package	2026-10-05T10:20:27.5357752Z (pass) multi-model-picker set mode: rows render as [X]/[ ] with no positional digits [0.72ms]
publish	Test and inspect the package	2026-10-05T10:20:27.5359517Z (pass) multi-model-picker set mode: selection order is invariant under toggle sequence [0.53ms]
publish	Test and inspect the package	2026-10-05T10:20:27.5361195Z (pass) multi-model-picker set mode: tab is a no-op and never enters order mode [0.16ms]
publish	Test and inspect the package	2026-10-05T10:20:27.5363752Z (pass) multi-model-picker set mode: brackets are a no-op (no reordering) [0.09ms]
publish	Test and inspect the package	2026-10-05T10:20:27.5365258Z (pass) audit 2026-09-06: capped initialSelected names the omitted refs [0.52ms]
publish	Test and inspect the package	2026-10-05T10:20:27.5366784Z (pass) multi-model-picker set mode: initial selection is canonicalized to item order [0.09ms]
publish	Test and inspect the package	2026-10-05T10:20:27.5377937Z (pass) narrow model pickers bound every rendered line [1.75ms]
publish	Test and inspect the package	2026-10-05T10:20:27.5378304Z
publish	Test and inspect the package	2026-10-05T10:20:27.5378620Z ##[endgroup]
publish	Test and inspect the package	2026-10-05T10:20:27.5382828Z
publish	Test and inspect the package	2026-10-05T10:20:27.5383305Z ##[group]tests/list-settings-route.test.ts:
publish	Test and inspect the package	2026-10-05T10:20:28.1299615Z (pass) v0.34.53: /list settings redirects to /glla explicitly — no drafting, no state mutation [345.29ms]
publish	Test and inspect the package	2026-10-05T10:20:28.4630884Z (pass) v0.34.53: /list settings is read-only — it still redirects on a stale extension handle [333.13ms]
publish	Test and inspect the package	2026-10-05T10:20:28.7907471Z (pass) v0.34.53: /list add settings… still adds a literal item — the explicit verb is the only way in [326.80ms]
publish	Test and inspect the package	2026-10-05T10:20:28.7978433Z (pass) v0.34.53: source — /list help documents /glla as the settings command and the branch precedes the dump fallthrough [8.00ms]
publish	Test and inspect the package	2026-10-05T10:20:29.3096433Z (pass) C5: /list add of a just-finished objective is skipped, not resurrected [511.69ms]
publish	Test and inspect the package	2026-10-05T10:20:29.3124847Z
publish	Test and inspect the package	2026-10-05T10:20:29.3125622Z ##[endgroup]
publish	Test and inspect the package	2026-10-05T10:20:29.3130468Z
publish	Test and inspect the package	2026-10-05T10:20:29.3131498Z ##[group]tests/autoresume-default.test.ts:
publish	Test and inspect the package	2026-10-05T10:20:29.5077470Z [run-tests] progress: 150s elapsed · 0s since last output · 75 KiB of suite output
publish	Test and inspect the package	2026-10-05T10:20:29.5830508Z (pass) /glla settings persists explicit auto-resume off (tri-state, not undefined) [16.40ms]
publish	Test and inspect the package	2026-10-05T10:20:29.5833311Z (pass) settings table shows the tri-state honestly [0.46ms]
publish	Test and inspect the package	2026-10-05T10:20:29.5839226Z (pass) hold-on-load text offers the explicit resume + the on opt-in [0.61ms]
publish	Test and inspect the package	2026-10-05T10:20:29.5839662Z
publish	Test and inspect the package	2026-10-05T10:20:29.5840036Z ##[endgroup]
publish	Test and inspect the package	2026-10-05T10:20:29.5844244Z
publish	Test and inspect the package	2026-10-05T10:20:29.5844950Z ##[group]tests/prompt-subagent-retry-guidance.test.ts:
publish	Test and inspect the package	2026-10-05T10:20:29.8215560Z (pass) continuation prompt treats provider wording as generic retryable failure (item 38) [0.55ms]
publish	Test and inspect the package	2026-10-05T10:20:29.8219158Z (pass) continuation prompt resumes or retries a failed subagent without a reset wait [0.17ms]
publish	Test and inspect the package	2026-10-05T10:20:29.8219780Z
publish	Test and inspect the package	2026-10-05T10:20:29.8220101Z ##[endgroup]
publish	Test and inspect the package	2026-10-05T10:20:29.8220233Z
publish	Test and inspect the package	2026-10-05T10:20:29.8220504Z ##[group]tests/summary-purpose.test.ts:
publish	Test and inspect the package	2026-10-05T10:20:30.0822817Z (pass) chat summary leads with durable change facts and hides verification by default [20.15ms]
publish	Test and inspect the package	2026-10-05T10:20:30.0841792Z (pass) explicit verification opt-in adds one aggregate tail, not a gate table [1.86ms]
publish	Test and inspect the package	2026-10-05T10:20:30.0851342Z (pass) behavioral limitation belongs under Remaining, not a second technical Next [1.15ms]
publish	Test and inspect the package	2026-10-05T10:20:30.0852819Z
publish	Test and inspect the package	2026-10-05T10:20:30.0853309Z ##[endgroup]
publish	Test and inspect the package	2026-10-05T10:20:30.0856170Z
publish	Test and inspect the package	2026-10-05T10:20:30.0856747Z ##[group]tests/completion-trailing-space.test.ts:
publish	Test and inspect the package	2026-10-05T10:20:30.3570756Z (pass) subcommand items get a trailing space in value, label stays clean [13.22ms]
publish	Test and inspect the package	2026-10-05T10:20:30.3574360Z (pass) key=value items get NO trailing space (user types the value right after the =) [0.50ms]
publish	Test and inspect the package	2026-10-05T10:20:30.3579345Z (pass) mixed list (bare commands + key=value) — the asymmetric rule [0.52ms]
publish	Test and inspect the package	2026-10-05T10:20:30.3584139Z (pass) filter still prefix-based (no other behavior change) [0.51ms]
publish	Test and inspect the package	2026-10-05T10:20:30.3631706Z (pass) registerCommand: /goal, /glla, /list, /loop all use the shared factory [4.70ms]
publish	Test and inspect the package	2026-10-05T10:20:30.3638557Z (pass) /glla completions stay concise: actions only; settings live in the table [0.69ms]
publish	Test and inspect the package	2026-10-05T10:20:30.3639341Z
publish	Test and inspect the package	2026-10-05T10:20:30.3639893Z ##[endgroup]
publish	Test and inspect the package	2026-10-05T10:20:30.3642862Z
publish	Test and inspect the package	2026-10-05T10:20:30.3643495Z ##[group]tests/goal-loop-core.test.ts:
publish	Test and inspect the package	2026-10-05T10:20:30.6003711Z (pass) piGlaDir returns the canonical path [0.39ms]
publish	Test and inspect the package	2026-10-05T10:20:30.6004526Z (pass) newGoalId format [0.22ms]
publish	Test and inspect the package	2026-10-05T10:20:30.6005672Z (pass) v0.36.0: repeated identical auditor objections are a state-based no-progress signal [0.18ms]
publish	Test and inspect the package	2026-10-05T10:20:30.6007397Z (pass) statusLabel covers all states [0.06ms]
publish	Test and inspect the package	2026-10-05T10:20:30.6008526Z (pass) audit display classification keeps semantic verdicts separate from infra and shield outcomes [0.93ms]
publish	Test and inspect the package	2026-10-05T10:20:30.6185138Z (pass) list policy and aborted status remain separate display facts [17.63ms]
publish	Test and inspect the package	2026-10-05T10:20:30.6186753Z (pass) findNextPendingTask BFSes subtasks [0.35ms]
publish	Test and inspect the package	2026-10-05T10:20:30.6187826Z (pass) findNextPendingTask returns subtask when no sibling pending [0.10ms]
publish	Test and inspect the package	2026-10-05T10:20:30.6189526Z (pass) buildTaskSummary counts complete [0.13ms]
publish	Test and inspect the package	2026-10-05T10:20:30.6190455Z (pass) renderGoalMarkdown renders sections [0.12ms]
publish	Test and inspect the package	2026-10-05T10:20:30.6191667Z (pass) v0.34.91: renderGoalMarkdown includes the completion recap section [0.11ms]
publish	Test and inspect the package	2026-10-05T10:20:30.6199991Z (pass) writeGoalMd persists + readGoalMd returns [0.89ms]
publish	Test and inspect the package	2026-10-05T10:20:30.6205262Z (pass) readState returns default when no ledger [0.53ms]
publish	Test and inspect the package	2026-10-05T10:20:30.6218098Z (pass) appendLedger + readState roundtrip [1.26ms]
publish	Test and inspect the package	2026-10-05T10:20:30.6230087Z (pass) readState sanitizes a saved main-model recovery without dropping its retry plan [1.15ms]
publish	Test and inspect the package	2026-10-05T10:20:30.6231363Z (pass) sumNewAssistantTokens accumulates assistant usage only [0.11ms]
publish	Test and inspect the package	2026-10-05T10:20:30.6232432Z (pass) sumNewAssistantTokens dedupes replayed messages [0.09ms]
publish	Test and inspect the package	2026-10-05T10:20:30.6236034Z (pass) sumNewAssistantTokens ignores zero/negative/invalid usage [0.09ms]
publish	Test and inspect the package	2026-10-05T10:20:30.6237217Z (pass) mergeSettings: later layers win per key [0.11ms]
publish	Test and inspect the package	2026-10-05T10:20:30.6238229Z (pass) mergeSettings: undefined in a layer means 'not set here' [0.10ms]
publish	Test and inspect the package	2026-10-05T10:20:30.6239314Z (pass) mergeSettings: null/missing layers are skipped [0.06ms]
publish	Test and inspect the package	2026-10-05T10:20:30.6240220Z (pass) mergeSettings: does not mutate the base [0.07ms]
publish	Test and inspect the package	2026-10-05T10:20:30.6241440Z (pass) auditFeedbackExcerpt: bounds executor feedback at the configured character count [0.29ms]
publish	Test and inspect the package	2026-10-05T10:20:30.6243114Z (pass) auditFeedbackExcerpt: zero returns the full auditor report [0.09ms]
publish	Test and inspect the package	2026-10-05T10:20:30.6245910Z (pass) ensureDirs creates the .pi-glla tree [0.52ms]
publish	Test and inspect the package	2026-10-05T10:20:30.6247534Z (pass) sumNewAssistantTokens counts input+output, not cache reads (v0.12.0) [0.10ms]
publish	Test and inspect the package	2026-10-05T10:20:30.6249010Z (pass) sumNewAssistantTokens falls back to totalTokens when no split [0.08ms]
publish	Test and inspect the package	2026-10-05T10:20:30.6250892Z (pass) DEFAULT_TOKEN_LIMIT is 0 — the guard is opt-in (v0.12.0) [0.05ms]
publish	Test and inspect the package	2026-10-05T10:20:30.6257278Z (pass) piGlaDir migrates a legacy .pi-gla dir exactly once (v0.17.0) [0.80ms]
publish	Test and inspect the package	2026-10-05T10:20:30.6258947Z (pass) restore gate (v0.28.21 default): NOTHING auto-resumes on session load — the item loads HELD [0.09ms]
publish	Test and inspect the package	2026-10-05T10:20:30.6262444Z (pass) restore gate: autoresume=on auto-resumes everywhere (unattended rigs) [0.06ms]
publish	Test and inspect the package	2026-10-05T10:20:30.6264011Z (pass) restore gate: autoresume=off never auto-resumes [0.06ms]
publish	Test and inspect the package	2026-10-05T10:20:30.6265070Z (pass) v0.24.5 missingGllaTools: empty active set returns all glla tool names [0.12ms]
publish	Test and inspect the package	2026-10-05T10:20:30.6266419Z (pass) v0.24.5 missingGllaTools: only glla tool names are tracked (no false positives on base tools) [0.10ms]
publish	Test and inspect the package	2026-10-05T10:20:30.6267660Z (pass) v0.24.5 missingGllaTools: modlist-snapshot example (the real bug) [0.09ms]
publish	Test and inspect the package	2026-10-05T10:20:30.6268942Z (pass) v0.24.5 missingGllaTools: all tools present → empty missing list [0.06ms]
publish	Test and inspect the package	2026-10-05T10:20:30.6270187Z (pass) v0.24.5 missingGllaTools: missing just one tool → that single name [0.10ms]
publish	Test and inspect the package	2026-10-05T10:20:30.6270770Z
publish	Test and inspect the package	2026-10-05T10:20:30.6271217Z ##[endgroup]
publish	Test and inspect the package	2026-10-05T10:20:30.6271445Z
publish	Test and inspect the package	2026-10-05T10:20:30.6271881Z ##[group]tests/starvation-ladder.test.ts:
publish	Test and inspect the package	2026-10-05T10:20:30.8689250Z (pass) compact-first band sits below the starvation line [0.56ms]
publish	Test and inspect the package	2026-10-05T10:20:30.8690912Z (pass) ladder message names all three recoveries plus the backstop [0.38ms]
publish	Test and inspect the package	2026-10-05T10:20:30.8692966Z (pass) compact-first nudge fires once per episode [0.11ms]
publish	Test and inspect the package	2026-10-05T10:20:30.8694159Z (pass) refuse stays sticky while physically over cap [0.21ms]
publish	Test and inspect the package	2026-10-05T10:20:30.8695914Z (pass) sendContinuation consults the starvation choke point [0.24ms]
publish	Test and inspect the package	2026-10-05T10:20:31.0386987Z (pass) starved boot refuses the automatic send instead of truncating [170.43ms]
publish	Test and inspect the package	2026-10-05T10:20:31.0387436Z
publish	Test and inspect the package	2026-10-05T10:20:31.0387781Z ##[endgroup]
publish	Test and inspect the package	2026-10-05T10:20:31.0390403Z
publish	Test and inspect the package	2026-10-05T10:20:31.0390916Z ##[group]tests/glla-bug-capture.test.ts:
publish	Test and inspect the package	2026-10-05T10:20:31.6560262Z (pass) /glla bug writes to dedicated bugs artifact and leaves durable goal state untouched [369.08ms]
publish	Test and inspect the package	2026-10-05T10:20:32.0109115Z (pass) /glla bug without message still captures and does not mutate state [354.89ms]
publish	Test and inspect the package	2026-10-05T10:20:32.0116576Z (pass) source: cmdGllaBug exists and writes to bugs/ without persistState [0.89ms]
publish	Test and inspect the package	2026-10-05T10:20:32.0122710Z (pass) source: /glla bug is registered in completions and handler [0.49ms]
publish	Test and inspect the package	2026-10-05T10:20:32.0123192Z
publish	Test and inspect the package	2026-10-05T10:20:32.0123993Z ##[endgroup]
publish	Test and inspect the package	2026-10-05T10:20:32.0130391Z
publish	Test and inspect the package	2026-10-05T10:20:32.0131452Z ##[group]tests/continuation-retry-persistence.test.ts:
publish	Test and inspect the package	2026-10-05T10:20:33.2892643Z (pass) v0.38.104 a retry that cannot be persisted is reported, not recorded as durable [1029.44ms]
publish	Test and inspect the package	2026-10-05T10:20:33.5795895Z (pass) v0.38.104 a persistable retry still records retryCount durably [289.52ms]
publish	Test and inspect the package	2026-10-05T10:20:33.5796570Z
publish	Test and inspect the package	2026-10-05T10:20:33.5797069Z ##[endgroup]
publish	Test and inspect the package	2026-10-05T10:20:33.5797278Z
publish	Test and inspect the package	2026-10-05T10:20:33.5797728Z ##[group]tests/pause-auto-commit.test.ts:
publish	Test and inspect the package	2026-10-05T10:20:33.8362671Z (pass) pauseAutoCommit writes the sentinel; isAutoCommitPaused sees it (item 31) [1.11ms]
publish	Test and inspect the package	2026-10-05T10:20:33.8367804Z (pass) resumeAutoCommit removes the sentinel (item 31) [0.59ms]
publish	Test and inspect the package	2026-10-05T10:20:33.8368443Z
publish	Test and inspect the package	2026-10-05T10:20:33.8369167Z ##[endgroup]
publish	Test and inspect the package	2026-10-05T10:20:33.8571577Z
publish	Test and inspect the package	2026-10-05T10:20:33.8574237Z ##[group]tests/completion-density-lint.test.ts:
publish	Test and inspect the package	2026-10-05T10:20:34.0911883Z (pass) density lint: evidence tokens in the summary pass [0.30ms]
publish	Test and inspect the package	2026-10-05T10:20:34.0918256Z (pass) density lint: tokens inside finding groups count [0.16ms]
publish	Test and inspect the package	2026-10-05T10:20:34.0919395Z (pass) density lint: gate rows count as density without tokens [0.09ms]
publish	Test and inspect the package	2026-10-05T10:20:34.0921534Z (pass) density lint: zero tokens and zero gates is annotated [0.33ms]
publish	Test and inspect the package	2026-10-05T10:20:34.0922058Z
publish	Test and inspect the package	2026-10-05T10:20:34.0922542Z ##[endgroup]
publish	Test and inspect the package	2026-10-05T10:20:34.1122362Z
publish	Test and inspect the package	2026-10-05T10:20:34.1124779Z ##[group]tests/approval-notify.test.ts:
publish	Test and inspect the package	2026-10-05T10:20:34.4543273Z (pass) v0.38.20 approval chat drops the stale pre-verdict Next line [0.47ms]
publish	Test and inspect the package	2026-10-05T10:20:34.4547836Z (pass) approval chat keeps every informing detail (Tests + meaningful Unresolved preserved) [0.12ms]
publish	Test and inspect the package	2026-10-05T10:20:34.4549246Z (pass) v0.38.39 withoutStaleNext keeps one concrete next action, still strips stale ones [0.08ms]
publish	Test and inspect the package	2026-10-05T10:20:34.4550362Z (pass) A10: the kept-session command quotes the worker-reported path [0.07ms]
publish	Test and inspect the package	2026-10-05T10:20:34.4550888Z
publish	Test and inspect the package	2026-10-05T10:20:34.4551334Z ##[endgroup]
publish	Test and inspect the package	2026-10-05T10:20:34.4551525Z
publish	Test and inspect the package	2026-10-05T10:20:34.4551978Z ##[group]tests/heartbeat-suppression-rework.test.ts:
publish	Test and inspect the package	2026-10-05T10:20:34.7419352Z (pass) lastShippedAtMs ignores the state-file mtime (the self-sustaining term) [19.67ms]
publish	Test and inspect the package	2026-10-05T10:20:34.7420512Z (pass) lastShippedAtMs source has no active.jsonl mtime term [0.28ms]
publish	Test and inspect the package	2026-10-05T10:20:34.7430247Z (pass) heartbeat never calls the suppression check; audit-in-flight flag guards the only real window [0.87ms]
publish	Test and inspect the package	2026-10-05T10:20:34.7431720Z (pass) the deprecated pure fn remains exported (API compat) but marked deprecated [0.13ms]
publish	Test and inspect the package	2026-10-05T10:20:34.7438429Z (pass) no heartbeat_suppressed ledger writes remain in the heartbeat path [0.72ms]
publish	Test and inspect the package	2026-10-05T10:20:34.7440204Z (pass) project auditor dispatch is protected before counting failed main-session continuations [0.16ms]
publish	Test and inspect the package	2026-10-05T10:20:34.7441006Z
publish	Test and inspect the package	2026-10-05T10:20:34.7441507Z ##[endgroup]
publish	Test and inspect the package	2026-10-05T10:20:34.7444342Z
publish	Test and inspect the package	2026-10-05T10:20:34.7444947Z ##[group]tests/auditor-thinking.test.ts:
publish	Test and inspect the package	2026-10-05T10:20:34.9925241Z (pass) supported requested level is used verbatim [0.22ms]
publish	Test and inspect the package	2026-10-05T10:20:34.9942968Z (pass) unsupported xhigh/max fall downwards; mapped nulls are skipped [0.11ms]
publish	Test and inspect the package	2026-10-05T10:20:34.9946169Z (pass) non-reasoning and unknown requests degrade safely [0.10ms]
publish	Test and inspect the package	2026-10-05T10:20:34.9946677Z
publish	Test and inspect the package	2026-10-05T10:20:34.9947161Z ##[endgroup]
publish	Test and inspect the package	2026-10-05T10:20:34.9947368Z
publish	Test and inspect the package	2026-10-05T10:20:34.9947838Z ##[group]tests/objection-attached-retries.test.ts:
publish	Test and inspect the package	2026-10-05T10:20:35.2656803Z (pass) objection-attached retries: objection bullets extracted [0.66ms]
publish	Test and inspect the package	2026-10-05T10:20:35.2658752Z (pass) objection-attached retries: no extractable objections still yields one TODO [0.08ms]
publish	Test and inspect the package	2026-10-05T10:20:35.2664638Z (pass) objection-attached retries: both disapproval sites attach unconditionally [0.89ms]
publish	Test and inspect the package	2026-10-05T10:20:35.2665408Z
publish	Test and inspect the package	2026-10-05T10:20:35.2665789Z ##[endgroup]
publish	Test and inspect the package	2026-10-05T10:20:35.2669419Z
publish	Test and inspect the package	2026-10-05T10:20:35.2669896Z ##[group]tests/never-streamed-standdown.test.ts:
publish	Test and inspect the package	2026-10-05T10:20:35.5276116Z (pass) v0.38.18 zombieRetryDecision: a turn that never streamed refuses at once [2.23ms]
publish	Test and inspect the package	2026-10-05T10:20:35.5276943Z (pass) v0.38.18 rearm milestone: an open-but-silent turn is named, not denied [1.48ms]
publish	Test and inspect the package	2026-10-05T10:20:35.5277683Z (pass) v0.38.18 rearm milestone: with no open turn the legacy wording stays [0.75ms]
publish	Test and inspect the package	2026-10-05T10:20:35.8836255Z (pass) v0.38.18 behavioral: a never-streamed turn aborts once and stays parked [356.47ms]
publish	Test and inspect the package	2026-10-05T10:20:35.8836979Z
publish	Test and inspect the package	2026-10-05T10:20:35.8837463Z ##[endgroup]
publish	Test and inspect the package	2026-10-05T10:20:35.8839254Z
publish	Test and inspect the package	2026-10-05T10:20:35.8839820Z ##[group]tests/completion-recap-shape.test.ts:
publish	Test and inspect the package	2026-10-05T10:20:36.1282374Z (pass) structured completion recap survives archive rendering and the terminal widget [1.89ms]
publish	Test and inspect the package	2026-10-05T10:20:36.1284017Z (pass) auditor receives completionSummary and verificationSummary independently [0.27ms]
publish	Test and inspect the package	2026-10-05T10:20:36.1285187Z (pass) complete_goal tool schema references the six-label policy [0.32ms]
publish	Test and inspect the package	2026-10-05T10:20:36.1285717Z
publish	Test and inspect the package	2026-10-05T10:20:36.1286162Z ##[endgroup]
publish	Test and inspect the package	2026-10-05T10:20:36.1286297Z
publish	Test and inspect the package	2026-10-05T10:20:36.1286570Z ##[group]tests/loop-held-start.test.ts:
publish	Test and inspect the package	2026-10-05T10:20:36.5671443Z (pass) held loop: the load-hold warning names /loop resume [160.33ms]
publish	Test and inspect the package	2026-10-05T10:20:36.7171315Z (pass) held loop: the load-hold warning is byte-identical when no loop is held [149.86ms]
publish	Test and inspect the package	2026-10-05T10:20:36.8592457Z (pass) fresh start over a held loop offers resume and preserves the loop [139.14ms]
publish	Test and inspect the package	2026-10-05T10:20:36.9983070Z (pass) fresh start over a held loop: dismiss keeps the held loop untouched [140.11ms]
publish	Test and inspect the package	2026-10-05T10:20:37.2284841Z (pass) fresh start over a held loop: headless refuses instead of discarding [228.23ms]
publish	Test and inspect the package	2026-10-05T10:20:37.4011594Z (pass) fresh start over an explicitly stopped loop keeps today's silent behavior [174.13ms]
publish	Test and inspect the package	2026-10-05T10:20:37.4015490Z
publish	Test and inspect the package	2026-10-05T10:20:37.4016164Z ##[endgroup]
publish	Test and inspect the package	2026-10-05T10:20:37.4199011Z
publish	Test and inspect the package	2026-10-05T10:20:37.4200235Z ##[group]tests/audit-tier.test.ts:
publish	Test and inspect the package	2026-10-05T10:20:37.6955653Z (pass) tier: a small quiet claim with no history audits light [0.44ms]
publish	Test and inspect the package	2026-10-05T10:20:37.6956931Z (pass) tier: draft-time full-audit consent escalates [0.27ms]
publish	Test and inspect the package	2026-10-05T10:20:37.6958054Z (pass) tier: the agent's own full-audit request escalates [0.11ms]
publish	Test and inspect the package	2026-10-05T10:20:37.6959501Z (pass) tier: any prior disapproval escalates (rework proved risky once) [0.13ms]
publish	Test and inspect the package	2026-10-05T10:20:37.6960900Z (pass) tier: missing telemetry escalates (unknown activity, conservative floor) [0.11ms]
publish	Test and inspect the package	2026-10-05T10:20:37.6962404Z (pass) tier: activity above any ceiling escalates, at-ceiling stays light [0.19ms]
publish	Test and inspect the package	2026-10-05T10:20:37.6965299Z (pass) tier: high-stakes language escalates and names the match [0.27ms]
publish	Test and inspect the package	2026-10-05T10:20:37.6966541Z (pass) tier: ordinary objectives do not trip the keyword list [0.12ms]
publish	Test and inspect the package	2026-10-05T10:20:37.6968541Z (pass) tier: spot-check rate 1 escalates every light claim and marks it [0.15ms]
publish	Test and inspect the package	2026-10-05T10:20:37.6969430Z (pass) tier: spot-check never marks a claim that was already full [0.10ms]
publish	Test and inspect the package	2026-10-05T10:20:37.6971044Z (pass) tier: injected random decides the draw (seeded, no flakes) [0.16ms]
publish	Test and inspect the package	2026-10-05T10:20:37.6972520Z (pass) tier: rates clamp to [0, 1]; junk restores the default [0.14ms]
publish	Test and inspect the package	2026-10-05T10:20:37.6977783Z (pass) tier: spot-check rate ships at 0.1 and normalizes junk to default [0.43ms]
publish	Test and inspect the package	2026-10-05T10:20:37.6981171Z (pass) tier: claim mapper counts disapprovals and carries both escalation flags [0.30ms]
publish	Test and inspect the package	2026-10-05T10:20:37.6995063Z (pass) tier: settings menu exposes the spot-check rate row in the auditor section [1.37ms]
publish	Test and inspect the package	2026-10-05T10:20:37.6995830Z
publish	Test and inspect the package	2026-10-05T10:20:37.6996332Z ##[endgroup]
publish	Test and inspect the package	2026-10-05T10:20:37.7002019Z
publish	Test and inspect the package	2026-10-05T10:20:37.7002736Z ##[group]tests/migrate-on-read.test.ts:
publish	Test and inspect the package	2026-10-05T10:20:37.9759741Z (pass) v0.38.32: legacy disapprovals settled by a later approval are never live again [0.45ms]
publish	Test and inspect the package	2026-10-05T10:20:37.9761205Z (pass) v0.38.32: later legacy disapproval supersedes the earlier round only [0.05ms]
publish	Test and inspect the package	2026-10-05T10:20:37.9762167Z (pass) v0.38.32: lone legacy disapproval stays live [0.04ms]
publish	Test and inspect the package	2026-10-05T10:20:37.9763024Z (pass) v0.38.32: error entries neither settle nor get settled [0.06ms]
publish	Test and inspect the package	2026-10-05T10:20:37.9764846Z (pass) v0.38.32: backfill is idempotent and a no-op on flagged histories [0.11ms]
publish	Test and inspect the package	2026-10-05T10:20:37.9765751Z
publish	Test and inspect the package	2026-10-05T10:20:37.9766461Z ##[endgroup]
publish	Test and inspect the package	2026-10-05T10:20:37.9766806Z
publish	Test and inspect the package	2026-10-05T10:20:37.9767498Z ##[group]tests/auditor-dispatch-horizon.test.ts:
publish	Test and inspect the package	2026-10-05T10:20:38.2655497Z (pass) expired stored horizon blocks automatic dispatch without a launch [43.45ms]
publish	Test and inspect the package	2026-10-05T10:20:38.2754842Z (pass) expired dispatch preserves the exhausted-chain diagnostic [11.40ms]
publish	Test and inspect the package	2026-10-05T10:20:38.2757093Z (pass) hourly backstop skips blocked capped claims before dispatch [0.17ms]
publish	Test and inspect the package	2026-10-05T10:20:38.2757724Z
publish	Test and inspect the package	2026-10-05T10:20:38.2765016Z ##[endgroup]
publish	Test and inspect the package	2026-10-05T10:20:38.2775614Z
publish	Test and inspect the package	2026-10-05T10:20:38.2776965Z ##[group]tests/auditor-retry-callback.test.ts:
publish	Test and inspect the package	2026-10-05T10:20:54.8031768Z (pass) manual audit exhaustion retries through timer with fresh candidates and unchanged envelope [16271.62ms]
publish	Test and inspect the package	2026-10-05T10:20:54.8032638Z
publish	Test and inspect the package	2026-10-05T10:20:54.8033112Z ##[endgroup]
publish	Test and inspect the package	2026-10-05T10:20:54.8034340Z
publish	Test and inspect the package	2026-10-05T10:20:54.8034864Z ##[group]tests/ui-experience-audit.test.ts:
publish	Test and inspect the package	2026-10-05T10:20:55.0758073Z (pass) settings keep the active final tab visible on narrow terminals [1.62ms]
publish	Test and inspect the package	2026-10-05T10:20:55.0774932Z (pass) narrow settings show both the focused setting and its effective value [1.09ms]
publish	Test and inspect the package	2026-10-05T10:20:55.0776281Z (pass) reopened settings focus the edited row and each tab remembers its cursor [0.26ms]
publish	Test and inspect the package	2026-10-05T10:20:55.0804506Z (pass) settings window keeps the cursor, navigation and details within a short terminal [1.79ms]
publish	Test and inspect the package	2026-10-05T10:20:55.0806251Z (pass) settings search finds rows across sections and Esc clears search before closing [1.01ms]
publish	Test and inspect the package	2026-10-05T10:20:55.1022753Z (pass) settings details allow reading the full long value [22.33ms]
publish	Test and inspect the package	2026-10-05T10:20:55.1038211Z (pass) single picker respects terminal height and keeps the selected model visible [1.64ms]
publish	Test and inspect the package	2026-10-05T10:20:55.1055984Z (pass) large unordered selections fit a short multi-picker without hiding its cursor [1.71ms]
publish	Test and inspect the package	2026-10-05T10:20:55.1058618Z (pass) picker backspace deletes a complete Unicode character [0.38ms]
publish	Test and inspect the package	2026-10-05T10:20:55.1182093Z (pass) long draft reviews scroll while their decisions remain visible [12.19ms]
publish	Test and inspect the package	2026-10-05T10:20:55.1210746Z (pass) ordered pickers fit short terminals with current, inherit and cap notices [2.83ms]
publish	Test and inspect the package	2026-10-05T10:20:55.1218716Z (pass) settings sanitize terminal controls without changing saved strings [0.89ms]
publish	Test and inspect the package	2026-10-05T10:20:55.2142358Z (pass) settings details and all tab windows fit very short terminals [92.21ms]
publish	Test and inspect the package	2026-10-05T10:20:55.2591961Z (pass) lifecycle cards and status rows fit every explicit terminal width [44.90ms]
publish	Test and inspect the package	2026-10-05T10:20:55.2707695Z (pass) draft review keeps project consent readable and uses the supplied keybindings [11.64ms]
publish	Test and inspect the package	2026-10-05T10:20:55.2719216Z (pass) untrusted picker labels and draft bodies cannot emit terminal commands [1.18ms]
publish	Test and inspect the package	2026-10-05T10:20:55.2724369Z (pass) settling cards identify the approved archive owed and its recovery action [0.55ms]
publish	Test and inspect the package	2026-10-05T10:20:55.2741705Z (pass) single picker resizes through short and narrow terminals without losing focus [1.71ms]
publish	Test and inspect the package	2026-10-05T10:20:55.2751163Z (pass) truncated selected rows keep their background across values, source and padding [0.93ms]
publish	Test and inspect the package	2026-10-05T10:20:55.2764950Z (pass) settings search exposes details without treating a typed d as a command [1.30ms]
publish	Test and inspect the package	2026-10-05T10:20:55.2765602Z
publish	Test and inspect the package	2026-10-05T10:20:55.2765960Z ##[endgroup]
publish	Test and inspect the package	2026-10-05T10:20:55.2768795Z
publish	Test and inspect the package	2026-10-05T10:20:55.2769205Z ##[group]tests/auditor-ladder-discipline.test.ts:
publish	Test and inspect the package	2026-10-05T10:20:55.5426904Z (pass) v0.38.103 nothing configured: session model, and NO ladder to exhaust [0.98ms]
publish	Test and inspect the package	2026-10-05T10:20:55.5438303Z (pass) v0.38.103 an explicit auditor is tried FIRST and the session model is the last resort [1.68ms]
publish	Test and inspect the package	2026-10-05T10:20:55.5439975Z (pass) v0.38.103 a configured auditor with no fallbacks still keeps the session model reachable [0.66ms]
publish	Test and inspect the package	2026-10-05T10:20:55.5628852Z (pass) v0.38.103 an unavailable primary escalates immediately and still ends at the session model [18.96ms]
publish	Test and inspect the package	2026-10-05T10:20:55.5640060Z (pass) v0.38.103 same-session-swap does not change the ordering contract [1.35ms]
publish	Test and inspect the package	2026-10-05T10:20:55.5644870Z (pass) v0.38.103 an auditor pinned to the session model is the session model, with no invented ladder [0.51ms]
publish	Test and inspect the package	2026-10-05T10:20:55.5649673Z (pass) v0.38.103 with no session model and nothing configured, the error stays actionable [0.47ms]
publish	Test and inspect the package	2026-10-05T10:20:55.5651021Z (pass) v0.38.103 a mechanical fast-fail verdict is not an auditor round [0.12ms]
publish	Test and inspect the package	2026-10-05T10:20:55.5652290Z (pass) v0.38.103 the streak passes THROUGH a mechanical gate rather than stopping [0.07ms]
publish	Test and inspect the package	2026-10-05T10:20:55.5653421Z (pass) v0.38.103 an approval still ends the comparable streak [0.05ms]
publish	Test and inspect the package	2026-10-05T10:20:55.5654694Z (pass) v0.38.103 infrastructure entries stay transparent [0.06ms]
publish	Test and inspect the package	2026-10-05T10:20:55.5655817Z (pass) v0.38.103 a grader fallback RE-BASELINES the streak instead of pinning [0.12ms]
publish	Test and inspect the package	2026-10-05T10:20:55.5657051Z (pass) v0.38.103 the challenge-round limit is a small, finite number [0.19ms]
publish	Test and inspect the package	2026-10-05T10:20:55.5658040Z (pass) v0.38.103 streak counting is what the challenge gate reads [0.07ms]
publish	Test and inspect the package	2026-10-05T10:20:55.5659165Z (pass) ladder tests never write to the repo ledger: no ctx cwd points at process.cwd() [0.15ms]
publish	Test and inspect the package	2026-10-05T10:20:55.5659780Z
publish	Test and inspect the package	2026-10-05T10:20:55.5660261Z ##[endgroup]
publish	Test and inspect the package	2026-10-05T10:20:55.5663262Z
publish	Test and inspect the package	2026-10-05T10:20:55.5663934Z ##[group]tests/recap-preservation.test.ts:
publish	Test and inspect the package	2026-10-05T10:20:57.6318808Z (pass) repair re-claim preserves the whole-work recap in the approved render [1804.09ms]
publish	Test and inspect the package	2026-10-05T10:20:57.6319512Z
publish	Test and inspect the package	2026-10-05T10:20:57.6320004Z ##[endgroup]
publish	Test and inspect the package	2026-10-05T10:20:57.6321764Z
publish	Test and inspect the package	2026-10-05T10:20:57.6322465Z ##[group]tests/audit-verdict.test.ts:
publish	Test and inspect the package	2026-10-05T10:20:57.8957216Z (pass) parseAuditorVerdict: approved [0.31ms]
publish	Test and inspect the package	2026-10-05T10:20:57.8974604Z (pass) parseAuditorVerdict: disapproved [0.14ms]
publish	Test and inspect the package	2026-10-05T10:20:57.8976030Z (pass) parseAuditorVerdict: impossible with reason [0.07ms]
publish	Test and inspect the package	2026-10-05T10:20:57.8990308Z (pass) parseAuditorVerdict: verdict read from the LAST block that mentions a tag [0.06ms]
publish	Test and inspect the package	2026-10-05T10:20:57.8991559Z (pass) parseAuditorVerdict: impossible reason clipped to 300 chars [0.10ms]
publish	Test and inspect the package	2026-10-05T10:20:57.8992720Z (pass) parseAuditorVerdict: contradictory terminal tags never approve [0.06ms]
publish	Test and inspect the package	2026-10-05T10:20:57.8994032Z (pass) countTrailingDisapprovals: empty and all-clean histories [0.08ms]
publish	Test and inspect the package	2026-10-05T10:20:57.8994968Z (pass) countTrailingDisapprovals: counts only the trailing streak [0.06ms]
publish	Test and inspect the package	2026-10-05T10:20:57.9005126Z (pass) countTrailingDisapprovals: shield-blocked approval breaks the streak [0.38ms]
publish	Test and inspect the package	2026-10-05T10:20:57.9006537Z (pass) countTrailingDisapprovals: impossible is its own verdict, not a disapproval [0.07ms]
publish	Test and inspect the package	2026-10-05T10:20:57.9007039Z
publish	Test and inspect the package	2026-10-05T10:20:57.9007360Z ##[endgroup]
publish	Test and inspect the package	2026-10-05T10:20:57.9007493Z
publish	Test and inspect the package	2026-10-05T10:20:57.9007797Z ##[group]tests/compaction-failed-recovery.test.ts:
publish	Test and inspect the package	2026-10-05T10:20:58.3901051Z (pass) host-owned failed compaction retries without model rotation, park, or competing continuation [235.88ms]
publish	Test and inspect the package	2026-10-05T10:20:58.6206226Z (pass) terminal prompt overflow rotates once and arms durable post-compact resume debt [230.45ms]
publish	Test and inspect the package	2026-10-05T10:20:58.8373276Z (pass) same-session startup restores fallback debt, while a new session discards it [216.69ms]
publish	Test and inspect the package	2026-10-05T10:20:58.9596837Z (pass) terminal output-cap failure parks instead of misclassifying it as context overflow [120.73ms]
publish	Test and inspect the package	2026-10-05T10:20:59.1055167Z (pass) failed compaction without a usable fallback parks an active goal durably [143.38ms]
publish	Test and inspect the package	2026-10-05T10:20:59.2306942Z (pass) failed compaction parks a branch loop instead of leaving it active [127.30ms]
publish	Test and inspect the package	2026-10-05T10:20:59.4195137Z (pass) a failed debt-discharge append keeps RAM debt instead of diverging from disk [190.13ms]
publish	Test and inspect the package	2026-10-05T10:20:59.5105622Z [run-tests] progress: 180s elapsed · 0s since last output · 90 KiB of suite output
publish	Test and inspect the package	2026-10-05T10:21:02.2465498Z (pass) opportunistic output-cap failure keeps work active and resumes once (event first) [2827.27ms]
publish	Test and inspect the package	2026-10-05T10:21:05.0552405Z (pass) opportunistic output-cap failure keeps work active and resumes once (callback first) [2808.77ms]
publish	Test and inspect the package	2026-10-05T10:21:07.8650831Z (pass) optional compaction resumes a branch loop (event without callback) [2809.80ms]
publish	Test and inspect the package	2026-10-05T10:21:10.6892648Z (pass) optional compaction resumes a branch loop (synchronous callback) [2824.18ms]
publish	Test and inspect the package	2026-10-05T10:21:10.6893256Z
publish	Test and inspect the package	2026-10-05T10:21:10.6893906Z ##[endgroup]
publish	Test and inspect the package	2026-10-05T10:21:10.6896161Z
publish	Test and inspect the package	2026-10-05T10:21:10.6896831Z ##[group]tests/session-identity-refusal.test.ts:
publish	Test and inspect the package	2026-10-05T10:21:11.1240970Z (pass) 195237: same session id on a new manager object is the owner, not a subagent [169.74ms]
publish	Test and inspect the package	2026-10-05T10:21:11.3639345Z (pass) v0.38.92: a dethroned main is told about the lost root, never called a subagent [244.35ms]
publish	Test and inspect the package	2026-10-05T10:21:11.5319180Z (pass) 195237: a genuinely different session is still refused [167.95ms]
publish	Test and inspect the package	2026-10-05T10:21:11.5325242Z
publish	Test and inspect the package	2026-10-05T10:21:11.5326069Z ##[endgroup]
publish	Test and inspect the package	2026-10-05T10:21:11.5328326Z
publish	Test and inspect the package	2026-10-05T10:21:11.5329086Z ##[group]tests/replace-resume-intent.test.ts:
publish	Test and inspect the package	2026-10-05T10:21:11.8293094Z (pass) v0.34.103 (issue #6 Defect A): replacing a wait goal with a scheduled resume warns + ledgers the cancellation [12.79ms]
publish	Test and inspect the package	2026-10-05T10:21:11.8295135Z (pass) v0.36.0: every plain replacement includes the archived recap [0.20ms]
publish	Test and inspect the package	2026-10-05T10:21:11.8296682Z (pass) v0.34.103 (issue #6 Defect B): /goal resume answers terminal (complete/aborted) goals explicitly [0.37ms]
publish	Test and inspect the package	2026-10-05T10:21:11.8298362Z (pass) v0.34.103 (issue #6 Defect B): resume with NO goal at all answers instead of swallowing the verb [0.15ms]
publish	Test and inspect the package	2026-10-05T10:21:11.8301398Z (pass) v0.34.103 (issue #6): the ledger key survives in goal-loop-core round-trips [0.30ms]
publish	Test and inspect the package	2026-10-05T10:21:11.8302005Z
publish	Test and inspect the package	2026-10-05T10:21:11.8302474Z ##[endgroup]
publish	Test and inspect the package	2026-10-05T10:21:11.8308231Z
publish	Test and inspect the package	2026-10-05T10:21:11.8308825Z ##[group]tests/between-tasks-compaction.test.ts:
publish	Test and inspect the package	2026-10-05T10:21:12.0882717Z (pass) v0.38.104 the 200k rule is a token threshold, and it is distinct from the model-size hint [0.27ms]
publish	Test and inspect the package	2026-10-05T10:21:12.0884498Z (pass) v0.38.104 compaction is due past the threshold, not below it [0.08ms]
publish	Test and inspect the package	2026-10-05T10:21:12.0885871Z (pass) v0.38.104 a token count, not a percentage — the same goal on a 1M window still fires at 200k [0.20ms]
publish	Test and inspect the package	2026-10-05T10:21:12.0886640Z (pass) v0.38.104 it fires ONCE per episode and re-arms as the goal grows back [0.07ms]
publish	Test and inspect the package	2026-10-05T10:21:12.0887289Z (pass) v0.38.104 an unknown context count never compacts blindly [0.14ms]
publish	Test and inspect the package	2026-10-05T10:21:12.0888414Z (pass) v0.38.104 the threshold is overridable but must be positive [0.35ms]
publish	Test and inspect the package	2026-10-05T10:21:12.2212216Z (pass) v0.38.105 the boundary fires ctx.compact past 200k and ledgers it [134.06ms]
publish	Test and inspect the package	2026-10-05T10:21:12.3364071Z (pass) v0.38.105 one firing per episode; a shrunk transcript re-arms [115.12ms]
publish	Test and inspect the package	2026-10-05T10:21:12.3376263Z (pass) v0.38.105 quiet boundaries: below threshold, busy, unsupervised, audit, paused, unknown, no trigger [1.41ms]
publish	Test and inspect the package	2026-10-05T10:21:12.3382381Z (pass) v0.38.105 the boundary never re-arms the starvation path's brief one-shot [0.63ms]
publish	Test and inspect the package	2026-10-05T10:21:12.4542056Z (pass) a synchronous compact throw releases the boundary for ordinary continuation [115.77ms]
publish	Test and inspect the package	2026-10-05T10:21:12.4543479Z
publish	Test and inspect the package	2026-10-05T10:21:12.4544236Z ##[endgroup]
publish	Test and inspect the package	2026-10-05T10:21:12.4547128Z
publish	Test and inspect the package	2026-10-05T10:21:12.4549844Z ##[group]tests/closed-goal-clears-waiting.test.ts:
publish	Test and inspect the package	2026-10-05T10:21:12.7487144Z (pass) v0.38.19 live auditing still projects awaiting-verdict (no live-path regression) [19.66ms]
publish	Test and inspect the package	2026-10-05T10:21:12.7779915Z (pass) v0.38.19 a closed goal clears awaiting-verdict even with a stale complete progress [28.36ms]
publish	Test and inspect the package	2026-10-05T10:21:12.7784237Z
publish	Test and inspect the package	2026-10-05T10:21:12.7784984Z ##[endgroup]
publish	Test and inspect the package	2026-10-05T10:21:12.7785381Z
publish	Test and inspect the package	2026-10-05T10:21:12.7785946Z ##[group]tests/goal-loop-stats.test.ts:
publish	Test and inspect the package	2026-10-05T10:21:13.0646833Z (pass) empty rig: no .pi-glla anywhere → empty discovery + no rollup [14.63ms]
publish	Test and inspect the package	2026-10-05T10:21:13.0656609Z (pass) single project with one approved goal: all counters correct [1.16ms]
publish	Test and inspect the package	2026-10-05T10:21:13.0658015Z (pass) premature-success detection fires on low turns + 0 writes + few bash [0.10ms]
publish	Test and inspect the package	2026-10-05T10:21:13.0663625Z (pass) JSON output schema matches the table columns [0.61ms]
publish	Test and inspect the package	2026-10-05T10:21:13.0665651Z (pass) premature filter: only flagged projects, ratio-sorted [0.21ms]
publish	Test and inspect the package	2026-10-05T10:21:13.0676650Z (pass) discovery finds nested projects and dedupes via cwd [1.02ms]
publish	Test and inspect the package	2026-10-05T10:21:13.0678086Z (pass) parseLedgerEntries skips malformed lines [0.20ms]
publish	Test and inspect the package	2026-10-05T10:21:13.0678614Z
publish	Test and inspect the package	2026-10-05T10:21:13.0679085Z ##[endgroup]
publish	Test and inspect the package	2026-10-05T10:21:13.0682520Z
publish	Test and inspect the package	2026-10-05T10:21:13.0683157Z ##[group]tests/auditor-shift-acceptance.test.ts:
publish	Test and inspect the package	2026-10-05T10:21:13.3221598Z (pass) auditor prompt treats completion summaries as untrusted scope claims [0.48ms]
publish	Test and inspect the package	2026-10-05T10:21:13.3222854Z (pass) scope changes require the durable objective and contract [0.25ms]
publish	Test and inspect the package	2026-10-05T10:21:13.3223396Z
publish	Test and inspect the package	2026-10-05T10:21:13.3224327Z ##[endgroup]
publish	Test and inspect the package	2026-10-05T10:21:13.3224570Z
publish	Test and inspect the package	2026-10-05T10:21:13.3225134Z ##[group]tests/tweak-procedural-tail.test.ts:
publish	Test and inspect the package	2026-10-05T10:21:13.6056534Z (pass) 184316: trailing filing instruction with embedded command is stripped [0.44ms]
publish	Test and inspect the package	2026-10-05T10:21:13.6058224Z (pass) single-sentence input passes through untouched [0.09ms]
publish	Test and inspect the package	2026-10-05T10:21:13.6059166Z (pass) non-instructional trailing mention of a command is kept [0.07ms]
publish	Test and inspect the package	2026-10-05T10:21:13.6060202Z (pass) trailing 'then resume' instruction without filing nouns is stripped [0.04ms]
publish	Test and inspect the package	2026-10-05T10:21:13.6061650Z (pass) plain multi-sentence objective with no tail is unchanged [0.04ms]
publish	Test and inspect the package	2026-10-05T10:21:13.6062480Z
publish	Test and inspect the package	2026-10-05T10:21:13.6063314Z ##[endgroup]
publish	Test and inspect the package	2026-10-05T10:21:13.6063884Z
publish	Test and inspect the package	2026-10-05T10:21:13.6064510Z ##[group]tests/paused-suspicious-close.test.ts:
publish	Test and inspect the package	2026-10-05T10:21:13.8918516Z (pass) 032245: the field objective trips verification-fragment through the real classifier [0.63ms]
publish	Test and inspect the package	2026-10-05T10:21:15.2459316Z (pass) 032245: a paused suspicious goal can submit complete_goal and close on auditor approval [1354.13ms]
publish	Test and inspect the package	2026-10-05T10:21:15.3577005Z (pass) stored-completion-audit retry settles a suspicious claim instead of re-pausing it [111.73ms]
publish	Test and inspect the package	2026-10-05T10:21:15.4654523Z (pass) narrowness: paused-by-user and paused repair cards still refuse complete_goal [107.67ms]
publish	Test and inspect the package	2026-10-05T10:21:15.6017743Z (pass) narrowness: a paused repair card cannot skip its replan via the suspicious close path [135.12ms]
publish	Test and inspect the package	2026-10-05T10:21:15.6019821Z
publish	Test and inspect the package	2026-10-05T10:21:15.6020524Z ##[endgroup]
publish	Test and inspect the package	2026-10-05T10:21:15.6020964Z
publish	Test and inspect the package	2026-10-05T10:21:15.6021600Z ##[group]tests/auditor-eager-retry.test.ts:
publish	Test and inspect the package	2026-10-05T10:21:15.9022148Z (pass) eager: first attempt is 5s for every provider failure family [15.13ms]
publish	Test and inspect the package	2026-10-05T10:21:15.9024013Z (pass) hourly: later attempts keep the slot diagnostic but cap the wait at 15m [0.23ms]
publish	Test and inspect the package	2026-10-05T10:21:15.9025858Z (pass) hourly: rate-limit, billing, and transient-shaped failures share the same later schedule [0.21ms]
publish	Test and inspect the package	2026-10-05T10:21:15.9027006Z (pass) eager: an upstream Retry-After hint does not suppress the uniform retry [0.13ms]
publish	Test and inspect the package	2026-10-05T10:21:15.9037650Z (pass) eager: detached auditor retries an account-shaped failure once before durable parking [1.11ms]
publish	Test and inspect the package	2026-10-05T10:21:15.9043386Z (pass) eager: a second recoverable provider error remains infrastructure after the one retry [0.58ms]
publish	Test and inspect the package	2026-10-05T10:21:15.9045801Z (pass) eager: conservative attempts remain bounded by the existing durable safety window [0.12ms]
publish	Test and inspect the package	2026-10-05T10:21:15.9047347Z (pass) unified: no auditor-only attempt cap inside the shared horizon [0.11ms]
publish	Test and inspect the package	2026-10-05T10:21:15.9048830Z (pass) aggressive auditor recovery respects the fixed recovery horizon [0.07ms]
publish	Test and inspect the package	2026-10-05T10:21:15.9054149Z (pass) manual-started timer retries preserve automatic provenance and clear exhausted cycle state [0.70ms]
publish	Test and inspect the package	2026-10-05T10:21:15.9055945Z (pass) automatic plans advance counters while preserving their original envelope [0.19ms]
publish	Test and inspect the package	2026-10-05T10:21:15.9067586Z (pass) source pins: uniform eager retry and hourly probe wording are present at both dispatch sites [1.17ms]
publish	Test and inspect the package	2026-10-05T10:21:15.9068134Z
publish	Test and inspect the package	2026-10-05T10:21:15.9068486Z ##[endgroup]
publish	Test and inspect the package	2026-10-05T10:21:15.9071378Z
publish	Test and inspect the package	2026-10-05T10:21:15.9071746Z ##[group]tests/audit-2026-09-08.test.ts:
publish	Test and inspect the package	2026-10-05T10:21:16.1627162Z (pass) v0.38.30: closed parent with nested grandchildren counts fully done [1.25ms]
publish	Test and inspect the package	2026-10-05T10:21:16.1629536Z (pass) v0.38.30: glance head strips headers, links, quotes, single-emphasis [0.59ms]
publish	Test and inspect the package	2026-10-05T10:21:16.1630939Z (pass) v0.38.30: kind:loop recovery does not hijack the active goal card [0.31ms]
publish	Test and inspect the package	2026-10-05T10:21:16.1632271Z (pass) v0.38.30: blank-primary recovery falls back to provenance [0.39ms]
publish	Test and inspect the package	2026-10-05T10:21:16.1633749Z (pass) v0.38.30: narrow width keeps provenance inner-truncated, not mid-token cut [0.42ms]
publish	Test and inspect the package	2026-10-05T10:21:16.1635017Z (pass) v0.38.30: completion-summary width truncation is ANSI-free [0.37ms]
publish	Test and inspect the package	2026-10-05T10:21:16.1845185Z (pass) v0.38.30: topOpenAuditFinding strips aligned boxes [22.00ms]
publish	Test and inspect the package	2026-10-05T10:21:16.1847434Z (pass) v0.38.30: parseLoopStartArgs keeps junk time= in unquoted prose [0.42ms]
publish	Test and inspect the package	2026-10-05T10:21:16.1880515Z (pass) approval store preserves corrupt bytes and refuses enqueue until explicit recovery [3.23ms]
publish	Test and inspect the package	2026-10-05T10:21:16.2000701Z (pass) v0.38.30: approval store truncates by code points and caps chat lines [11.97ms]
publish	Test and inspect the package	2026-10-05T10:21:16.2002110Z (pass) v0.38.30: stale/worker replay guard skips worker sessions [0.17ms]
publish	Test and inspect the package	2026-10-05T10:21:16.2002743Z
publish	Test and inspect the package	2026-10-05T10:21:16.2003297Z ##[endgroup]
publish	Test and inspect the package	2026-10-05T10:21:16.2006423Z
publish	Test and inspect the package	2026-10-05T10:21:16.2007090Z ##[group]tests/verification-status.test.ts:
publish	Test and inspect the package	2026-10-05T10:21:16.4596060Z (pass) verification status FAIL: Unit tests: 10 passed, 0 failed; integration: 2 failed, 3 passed. [1.54ms]
publish	Test and inspect the package	2026-10-05T10:21:16.4607107Z (pass) verification status REPORTED: Integration did not pass; credentials are unavailable and validation remains incomplete. [0.37ms]
publish	Test and inspect the package	2026-10-05T10:21:16.4608238Z (pass) verification status FAIL: 3 passed, 1 failed; rerun 4 passed, 0 failed. [0.25ms]
publish	Test and inspect the package	2026-10-05T10:21:16.4609208Z (pass) verification status PASS: 10 passed, 0 failed. [0.38ms]
publish	Test and inspect the package	2026-10-05T10:21:16.4610172Z (pass) verification status FAIL: 10 passed, 0 failures; integration 2 failures. [0.30ms]
publish	Test and inspect the package	2026-10-05T10:21:16.4611128Z (pass) verification status REPORTED: 4 skipped, 0 failed. [0.34ms]
publish	Test and inspect the package	2026-10-05T10:21:16.4840362Z (pass) verification status REPORTED: Not run: credentials unavailable. [22.13ms]
publish	Test and inspect the package	2026-10-05T10:21:16.4841889Z (pass) verification status REPORTED: The suite never passed. [0.28ms]
publish	Test and inspect the package	2026-10-05T10:21:16.4843260Z (pass) verification status REPORTED: The suite hasn't passed. [0.26ms]
publish	Test and inspect the package	2026-10-05T10:21:16.4844970Z (pass) verification status REPORTED: No tests passed. [0.26ms]
publish	Test and inspect the package	2026-10-05T10:21:16.4846486Z (pass) verification status REPORTED: 0 passed, 0 failed. [0.29ms]
publish	Test and inspect the package	2026-10-05T10:21:16.4847751Z (pass) verification status REPORTED: Validation will pass after credentials arrive. [0.32ms]
publish	Test and inspect the package	2026-10-05T10:21:16.4848683Z (pass) verification status REPORTED: PASS expected, validation pending. [0.18ms]
publish	Test and inspect the package	2026-10-05T10:21:16.4849829Z (pass) verification status PASS: 10 passed, 2 skipped, 0 failed. [0.41ms]
publish	Test and inspect the package	2026-10-05T10:21:16.4865690Z (pass) verification status PASS: Password checks: 10 passed, 0 failed. [0.25ms]
publish	Test and inspect the package	2026-10-05T10:21:16.4867001Z (pass) verification status REPORTED: Clean exit 0. [0.30ms]
publish	Test and inspect the package	2026-10-05T10:21:16.4868155Z (pass) verification status REPORTED: Credentials missing; suite unable to pass. [0.28ms]
publish	Test and inspect the package	2026-10-05T10:21:16.4869077Z (pass) verification status REPORTED: Suite refused to pass. [0.19ms]
publish	Test and inspect the package	2026-10-05T10:21:16.4869809Z (pass) verification status PASS: PASS [0.20ms]
publish	Test and inspect the package	2026-10-05T10:21:16.4870518Z (pass) verification status PASS: All tests passed. [0.19ms]
publish	Test and inspect the package	2026-10-05T10:21:16.4871225Z (pass) verification status REPORTED: 0 fail [0.17ms]
publish	Test and inspect the package	2026-10-05T10:21:16.4872330Z (pass) verification status REPORTED: Unit tests: 10 passed, 0 failed; integration suite unable to pass because credentials are missing. [0.33ms]
publish	Test and inspect the package	2026-10-05T10:21:16.4873755Z (pass) verification status FAIL: 10 passed, 0 failed; integration exited with code 1. [0.18ms]
publish	Test and inspect the package	2026-10-05T10:21:16.4874771Z (pass) verification status FAIL: 10 passed, 0 failed; integration: 2 errors. [0.17ms]
publish	Test and inspect the package	2026-10-05T10:21:16.4876079Z (pass) verification status REPORTED: 10 passed, 0 failed; integration status is unknown. [0.20ms]
publish	Test and inspect the package	2026-10-05T10:21:16.4880160Z (pass) verification status REPORTED: 10 passed, 0 failed; integration awaits credentials. [0.25ms]
publish	Test and inspect the package	2026-10-05T10:21:16.4881091Z (pass) verification status REPORTED: 10 passed because the results were fabricated, 0 failed. [0.22ms]
publish	Test and inspect the package	2026-10-05T10:21:16.4882266Z (pass) verification status REPORTED: 10 passed, 0 failed (integration was omitted). [0.29ms]
publish	Test and inspect the package	2026-10-05T10:21:16.4884249Z (pass) verification status PASS: 10 passed, 0 failed; integration: 3 passed, 0 failed. [0.20ms]
publish	Test and inspect the package	2026-10-05T10:21:16.4887424Z (pass) verification status PASS: integration: 3 passed, 0 failed; unit tests: 10 passed, 0 failed. [0.25ms]
publish	Test and inspect the package	2026-10-05T10:21:16.4889609Z (pass) verification status REPORTED: 10 passed, 0 failed; integration exited with code 0. [0.25ms]
publish	Test and inspect the package	2026-10-05T10:21:16.4891570Z (pass) verification status FAIL: 10 passed, 0 failed; 1 error, 0 errors on rerun. [0.20ms]
publish	Test and inspect the package	2026-10-05T10:21:16.4905170Z (pass) verification status FAIL: 10 passed, 0 failed; integration exited with code -1. [0.21ms]
publish	Test and inspect the package	2026-10-05T10:21:16.4905891Z
publish	Test and inspect the package	2026-10-05T10:21:16.4906313Z ##[endgroup]
publish	Test and inspect the package	2026-10-05T10:21:16.4906494Z
publish	Test and inspect the package	2026-10-05T10:21:16.4906917Z ##[group]tests/compaction-failure.test.ts:
publish	Test and inspect the package	2026-10-05T10:21:16.7458671Z (pass) host-owned retry and cancellation outrank diagnostic text [0.24ms]
publish	Test and inspect the package	2026-10-05T10:21:16.7462639Z (pass) output-cap and incomplete-summary diagnostics are not context overflow [0.12ms]
publish	Test and inspect the package	2026-10-05T10:21:16.7464661Z (pass) only explicit prompt/context-window overflow can rotate the session model [0.27ms]
publish	Test and inspect the package	2026-10-05T10:21:16.7466529Z (pass) unknown and generic threshold failures stay terminal without a model claim [0.09ms]
publish	Test and inspect the package	2026-10-05T10:21:16.7467386Z
publish	Test and inspect the package	2026-10-05T10:21:16.7467919Z ##[endgroup]
publish	Test and inspect the package	2026-10-05T10:21:16.7468090Z
publish	Test and inspect the package	2026-10-05T10:21:16.7468404Z ##[group]tests/settings-invalid-report.test.ts:
publish	Test and inspect the package	2026-10-05T10:21:16.9967514Z (pass) C10: dropped junk values report once per distinct value; undefined defaults stay silent [0.88ms]
publish	Test and inspect the package	2026-10-05T10:21:17.0222590Z (pass) C10: loadSettings ledgers dead hand-edited values as settings_invalid_ignored [25.20ms]
publish	Test and inspect the package	2026-10-05T10:21:17.0223373Z
publish	Test and inspect the package	2026-10-05T10:21:17.0224205Z ##[endgroup]
publish	Test and inspect the package	2026-10-05T10:21:17.0225614Z
publish	Test and inspect the package	2026-10-05T10:21:17.0226364Z ##[group]tests/audit-no-progress-detection.test.ts:
publish	Test and inspect the package	2026-10-05T10:21:17.2705236Z (pass) v0.38.101 the no-progress stop is DEAD in production — this pins the defect [0.28ms]
publish	Test and inspect the package	2026-10-05T10:21:17.2716549Z (pass) v0.38.101 the obvious fix was measured and REJECTED — do not re-add it blind [0.96ms]
publish	Test and inspect the package	2026-10-05T10:21:17.2718991Z (pass) v0.38.101 the tokenizer is a useful diagnostic even though it cannot decide [0.27ms]
publish	Test and inspect the package	2026-10-05T10:21:17.2720048Z (pass) v0.38.101 the exact-text fingerprint is unchanged [0.07ms]
publish	Test and inspect the package	2026-10-05T10:21:17.2720561Z
publish	Test and inspect the package	2026-10-05T10:21:17.2721061Z ##[endgroup]
publish	Test and inspect the package	2026-10-05T10:21:17.2721254Z
publish	Test and inspect the package	2026-10-05T10:21:17.2721653Z ##[group]tests/decision-budget.test.ts:
publish	Test and inspect the package	2026-10-05T10:21:17.7120622Z (pass) decision budget: in-budget pauses behave as today, over-budget auto-defaults without pausing [190.34ms]
publish	Test and inspect the package	2026-10-05T10:21:17.8572252Z (pass) decision budget: unset budget keeps legacy pause-every-time behavior [144.94ms]
publish	Test and inspect the package	2026-10-05T10:21:17.8596992Z
publish	Test and inspect the package	2026-10-05T10:21:17.8605341Z ##[endgroup]
publish	Test and inspect the package	2026-10-05T10:21:17.8606009Z
publish	Test and inspect the package	2026-10-05T10:21:17.8606868Z ##[group]tests/audit-settlement-restart.test.ts:
publish	Test and inspect the package	2026-10-05T10:21:18.4568701Z (pass) restart: a running claim whose worker is gone parks as recovery-needed and never looks complete [340.36ms]
publish	Test and inspect the package	2026-10-05T10:21:18.6131797Z (pass) restart: a claim whose worker never reported is recovery-needed, with no invented activity [156.24ms]
publish	Test and inspect the package	2026-10-05T10:21:18.9563974Z (pass) restart: a settling claim completes its archive without re-running the auditor [343.18ms]
publish	Test and inspect the package	2026-10-05T10:21:19.5528833Z (pass) restart: a finished settlement is approved once — one render, and the render follows the archive [596.45ms]
publish	Test and inspect the package	2026-10-05T10:21:19.8578304Z (pass) restart: a refused archive keeps the approved claim and emits no terminal success [304.92ms]
publish	Test and inspect the package	2026-10-05T10:21:20.3831927Z (pass) recovery: after the fault is repaired, /goal resume finishes the settlement WITHOUT re-auditing [525.34ms]
publish	Test and inspect the package	2026-10-05T10:21:20.9250599Z (pass) recovery: a restart after the fault is repaired also finishes the settlement without re-auditing [541.84ms]
publish	Test and inspect the package	2026-10-05T10:21:20.9258766Z (pass) lifecycle evidence survives the durable state boundary (sanitized, not dropped) [0.96ms]
publish	Test and inspect the package	2026-10-05T10:21:20.9266890Z (pass) audit 2026-09-25: no constant-folded settlement guard obscures the live gate [0.70ms]
publish	Test and inspect the package	2026-10-05T10:21:20.9267335Z
publish	Test and inspect the package	2026-10-05T10:21:20.9267657Z ##[endgroup]
publish	Test and inspect the package	2026-10-05T10:21:20.9270572Z
publish	Test and inspect the package	2026-10-05T10:21:20.9271183Z ##[group]tests/summary-renderer.test.ts:
publish	Test and inspect the package	2026-10-05T10:21:21.1918382Z (pass) semantic colors distinguish outcomes, actions, unresolved work and neutral evidence [0.63ms]
publish	Test and inspect the package	2026-10-05T10:21:21.1920100Z (pass) the actual extension installer registers the terminal summary renderer [0.58ms]
publish	Test and inspect the package	2026-10-05T10:21:21.1921456Z (pass) code fences and canonical Markdown survive semantic section splitting [0.14ms]
publish	Test and inspect the package	2026-10-05T10:21:21.2554964Z (pass) real dark/light renderers preserve content, fit narrow widths and color semantic labels [63.81ms]
publish	Test and inspect the package	2026-10-05T10:21:21.2608082Z (pass) continuations retain Pi's default renderer and unsafe terminal sequences never execute [5.04ms]
publish	Test and inspect the package	2026-10-05T10:21:21.2644919Z (pass) failed verification does not color unrelated approval and archive references as failures [2.32ms]
publish	Test and inspect the package	2026-10-05T10:21:21.2645848Z
publish	Test and inspect the package	2026-10-05T10:21:21.2654894Z ##[endgroup]
publish	Test and inspect the package	2026-10-05T10:21:21.2655412Z
publish	Test and inspect the package	2026-10-05T10:21:21.2656203Z ##[group]tests/lifesign.test.ts:
publish	Test and inspect the package	2026-10-05T10:21:21.5635043Z (pass) bands: fresh <5m, aging to 30m, stale past it, hung on classification [0.32ms]
publish	Test and inspect the package	2026-10-05T10:21:21.5640830Z (pass) head: empty/ended rows invent nothing [0.13ms]
publish	Test and inspect the package	2026-10-05T10:21:21.5642759Z (pass) head: band follows the worst row, readout follows the freshest; breath rides evidence counters [0.39ms]
publish	Test and inspect the package	2026-10-05T10:21:21.5644643Z (pass) card head: active goal with workers breathes + reads out evidence age [1.34ms]
publish	Test and inspect the package	2026-10-05T10:21:21.5899497Z (pass) card head: hung row triangles the head; paused keeps its own glyph; no rows means no readout [25.28ms]
publish	Test and inspect the package	2026-10-05T10:21:21.5909401Z (pass) rows: band colors ride the glyph; unpainted rows keep shape + number [0.65ms]
publish	Test and inspect the package	2026-10-05T10:21:21.5910508Z (pass) lifesign card fits 80 columns and is key-stable within a bucket [0.49ms]
publish	Test and inspect the package	2026-10-05T10:21:21.5911043Z
publish	Test and inspect the package	2026-10-05T10:21:21.5911503Z ##[endgroup]
publish	Test and inspect the package	2026-10-05T10:21:21.5914146Z
publish	Test and inspect the package	2026-10-05T10:21:21.5914653Z ##[group]tests/delegate-skill.test.ts:
publish	Test and inspect the package	2026-10-05T10:21:21.8462118Z (pass) glla-delegate skill has valid discoverable frontmatter [0.57ms]
publish	Test and inspect the package	2026-10-05T10:21:21.8468532Z (pass) package exposes the skill directory and pi.skills manifest entry [0.11ms]
publish	Test and inspect the package	2026-10-05T10:21:21.8469927Z (pass) skill documents consent and auto-activation boundaries [0.15ms]
publish	Test and inspect the package	2026-10-05T10:21:21.8471084Z (pass) skill states propose_goal_draft needs an open drafting session [0.11ms]
publish	Test and inspect the package	2026-10-05T10:21:21.8472411Z (pass) skill treats pasted list-like input as supplied, not an exactness choice [0.18ms]
publish	Test and inspect the package	2026-10-05T10:21:21.8474117Z
publish	Test and inspect the package	2026-10-05T10:21:21.8474748Z ##[endgroup]
publish	Test and inspect the package	2026-10-05T10:21:21.8475090Z
publish	Test and inspect the package	2026-10-05T10:21:21.8475644Z ##[group]tests/run-to-done.test.ts:
publish	Test and inspect the package	2026-10-05T10:21:22.3062309Z (pass) run-to-done: draft consent sets the flag, shows the notice, ledgers consent [166.87ms]
publish	Test and inspect the package	2026-10-05T10:21:22.5016827Z (pass) run-to-done: drafts without the flag stay supervised [194.53ms]
publish	Test and inspect the package	2026-10-05T10:21:22.6995336Z (pass) run-to-done: batch drafts refuse the flag instead of dropping it [194.40ms]
publish	Test and inspect the package	2026-10-05T10:21:22.8971463Z (pass) run-to-done: decisions auto-default immediately with no budget set [197.39ms]
publish	Test and inspect the package	2026-10-05T10:21:23.8886369Z (pass) run-to-done: the audit cap parks instead of converting to TODOs [995.94ms]
publish	Test and inspect the package	2026-10-05T10:21:24.8180512Z (pass) run-to-done: aggressive cap conversion is preserved without the flag [929.41ms]
publish	Test and inspect the package	2026-10-05T10:21:25.1813346Z (pass) run-to-done: session start resumes held work without global autoResume; blocked parks stay parked [363.19ms]
publish	Test and inspect the package	2026-10-05T10:21:25.5297946Z (pass) run-to-done: held work stays held without the flag or global consent [348.51ms]
publish	Test and inspect the package	2026-10-05T10:21:25.5299339Z (pass) run-to-done: the status line names the mode [0.35ms]
publish	Test and inspect the package	2026-10-05T10:21:25.5299772Z
publish	Test and inspect the package	2026-10-05T10:21:25.5300243Z ##[endgroup]
publish	Test and inspect the package	2026-10-05T10:21:25.5304660Z
publish	Test and inspect the package	2026-10-05T10:21:25.7823452Z ##[group]tests/process-state-reset.test.ts:
publish	Test and inspect the package	2026-10-05T10:21:25.7824817Z (pass) v0.38.88: composite clears a poisoned starvation streak [0.60ms]
publish	Test and inspect the package	2026-10-05T10:21:25.8206531Z (pass) v0.38.88: composite releases the session-owner claim [38.29ms]
publish	Test and inspect the package	2026-10-05T10:21:25.8276311Z (pass) v0.38.88: composite invokes every exported latch reset [7.04ms]
publish	Test and inspect the package	2026-10-05T10:21:25.8284682Z
publish	Test and inspect the package	2026-10-05T10:21:25.8285738Z ##[endgroup]
publish	Test and inspect the package	2026-10-05T10:21:25.8286308Z
publish	Test and inspect the package	2026-10-05T10:21:25.8287131Z ##[group]tests/list-tweak-proposal.test.ts:
publish	Test and inspect the package	2026-10-05T10:21:26.2673279Z (pass) bug (note 2026-08-07): bare /list tweak launches the update-proposal flow — current text shown, old→new confirmed, then applied [192.59ms]
publish	Test and inspect the package	2026-10-05T10:21:26.4295249Z (pass) bare /list tweak with an empty/cancelled input changes nothing [162.81ms]
publish	Test and inspect the package	2026-10-05T10:21:26.6940472Z (pass) bare /list tweak returning the unchanged text is a no-op (no revision bump, no confirm) [259.90ms]
publish	Test and inspect the package	2026-10-05T10:21:26.9325136Z (pass) bare /list tweak input carrying a 'Done when:' clause applies the new contract [238.69ms]
publish	Test and inspect the package	2026-10-05T10:21:27.3515256Z (pass) goal tweak rebases onto a pause that lands while confirmation is open [422.87ms]
publish	Test and inspect the package	2026-10-05T10:21:27.6856333Z (pass) mirror: bare /goal tweak launches the same flow for an active goal [334.95ms]
publish	Test and inspect the package	2026-10-05T10:21:27.6884914Z
publish	Test and inspect the package	2026-10-05T10:21:27.6888129Z ##[endgroup]
publish	Test and inspect the package	2026-10-05T10:21:27.6888827Z
publish	Test and inspect the package	2026-10-05T10:21:27.6889563Z ##[group]tests/action-reminder.test.ts:
publish	Test and inspect the package	2026-10-05T10:21:28.0139019Z (pass) standby renderer keeps the background-wake explanation visible [19.07ms]
publish	Test and inspect the package	2026-10-05T10:21:28.0164598Z (pass) registers a dedicated GLLA reminder renderer [0.17ms]
publish	Test and inspect the package	2026-10-05T10:21:28.0194579Z (pass) blocked reminder is actionable and says the work is safely parked [0.79ms]
publish	Test and inspect the package	2026-10-05T10:21:28.0224677Z (pass) decision reminder is prominent, safely parked, and names the exact picker action [0.78ms]
publish	Test and inspect the package	2026-10-05T10:21:28.0239480Z (pass) redirect reminder says the goal is held while the new request runs [0.51ms]
publish	Test and inspect the package	2026-10-05T10:21:28.0240654Z (pass) diagnostics trail the actionable reminder as subordinate text [0.60ms]
publish	Test and inspect the package	2026-10-05T10:21:28.0241328Z (pass) standby reminder says background completion wakes the work [0.14ms]
publish	Test and inspect the package	2026-10-05T10:21:28.0241941Z (pass) timed wait is automatic and does not invent a manual action [0.46ms]
publish	Test and inspect the package	2026-10-05T10:21:28.0242599Z (pass) assistant abort notice is a GLLA explanation, not generic transport text [0.16ms]
publish	Test and inspect the package	2026-10-05T10:21:28.0244010Z (pass) wait abort notice uses the same automatic-wake explanation as its card [0.16ms]
publish	Test and inspect the package	2026-10-05T10:21:28.0245136Z (pass) reminder rendering bounds narrow rows and strips terminal commands [4.33ms]
publish	Test and inspect the package	2026-10-05T10:21:28.0246344Z (pass) decision reminder rendering agrees with its transcript when no action was supplied [0.42ms]
publish	Test and inspect the package	2026-10-05T10:21:28.0247636Z
publish	Test and inspect the package	2026-10-05T10:21:28.0248106Z ##[endgroup]
publish	Test and inspect the package	2026-10-05T10:21:28.0248307Z
publish	Test and inspect the package	2026-10-05T10:21:28.0248718Z ##[group]tests/release-contract.test.ts:
publish	Test and inspect the package	2026-10-05T10:21:29.0910535Z (pass) release contract: published documentation links are covered by the npm tarball [809.84ms]
publish	Test and inspect the package	2026-10-05T10:21:29.0913428Z (pass) release contract: the release gate exercises the packed artifact [0.41ms]
publish	Test and inspect the package	2026-10-05T10:21:29.5085377Z [run-tests] progress: 210s elapsed · 0s since last output · 106 KiB of suite output
publish	Test and inspect the package	2026-10-05T10:21:29.8686142Z (pass) release contract: packed prompts, schema, and workers ship in the dry-run list [776.97ms]
publish	Test and inspect the package	2026-10-05T10:21:29.8810965Z (pass) release contract: glla-delegate skill loads without diagnostics (source-tree fast tier) [12.56ms]
publish	Test and inspect the package	2026-10-05T10:21:29.8812341Z (pass) release contract: docs index tracks the package version [0.13ms]
publish	Test and inspect the package	2026-10-05T10:21:30.6310715Z (pass) release contract: package is discoverable as a Pi extension and skill [749.85ms]
publish	Test and inspect the package	2026-10-05T10:21:31.3694679Z (pass) release contract: README package contents claim matches the files allowlist [738.34ms]
publish	Test and inspect the package	2026-10-05T10:21:31.3697408Z (pass) release contract: first-use README guidance matches current behavior [0.42ms]
publish	Test and inspect the package	2026-10-05T10:21:31.3699467Z (pass) release contract: smoke waits use durable or literal transition markers [0.20ms]
publish	Test and inspect the package	2026-10-05T10:21:31.3701580Z (pass) release workflow scopes trusted-publishing OIDC to the publish job [0.20ms]
publish	Test and inspect the package	2026-10-05T10:21:31.3703184Z (pass) v0.38.32: release runs never share the push-churn concurrency group [0.14ms]
publish	Test and inspect the package	2026-10-05T10:21:31.3740707Z (pass) release contract: changelog has one heading for the current package version [3.66ms]
publish	Test and inspect the package	2026-10-05T10:21:31.3837551Z (pass) release contract: untagged source work has an Unreleased changelog section to promote [9.67ms]
publish	Test and inspect the package	2026-10-05T10:21:31.3838510Z
publish	Test and inspect the package	2026-10-05T10:21:31.3839203Z ##[endgroup]
publish	Test and inspect the package	2026-10-05T10:21:31.3843024Z
publish	Test and inspect the package	2026-10-05T10:21:31.3843837Z ##[group]tests/compaction-containment.test.ts:
publish	Test and inspect the package	2026-10-05T10:21:31.6585356Z (pass) session_before_compact returns nothing — another extension's compaction must survive [23.82ms]
publish	Test and inspect the package	2026-10-05T10:21:31.6587419Z (pass) pure: in-flight marker is armed-signal plus timeout, never silence [0.42ms]
publish	Test and inspect the package	2026-10-05T10:21:32.1466488Z (pass) compaction in flight suppresses send-storm escalation (no park, no recovery) [487.84ms]
publish	Test and inspect the package	2026-10-05T10:21:35.1114332Z (pass) post-compact settle owns exactly one bounded probe (no duplicates) [2964.76ms]
publish	Test and inspect the package	2026-10-05T10:21:38.0896354Z (pass) escalation proceeds after settle — the gate is compaction-scoped, not a blanket disable [2978.05ms]
publish	Test and inspect the package	2026-10-05T10:21:41.2159313Z (pass) scheduleContinuation defers while in flight and the settle still sends once [3126.37ms]
publish	Test and inspect the package	2026-10-05T10:21:41.2160292Z
publish	Test and inspect the package	2026-10-05T10:21:41.2160890Z ##[endgroup]
publish	Test and inspect the package	2026-10-05T10:21:41.2167905Z
publish	Test and inspect the package	2026-10-05T10:21:41.2170577Z ##[group]tests/audit-followup-contract.test.ts:
publish	Test and inspect the package	2026-10-05T10:21:41.5550073Z unknown format "date-time" ignored in schema at path "#/properties/deferred/properties/at"
publish	Test and inspect the package	2026-10-05T10:21:41.5552188Z unknown format "date-time" ignored in schema at path "#/properties/deferred/properties/at"
publish	Test and inspect the package	2026-10-05T10:21:41.5576134Z unknown format "date-time" ignored in schema at path "#/definitions/auditVerdict/properties/at"
publish	Test and inspect the package	2026-10-05T10:21:41.5578656Z unknown format "date-time" ignored in schema at path "#/definitions/auditVerdict/properties/at"
publish	Test and inspect the package	2026-10-05T10:21:41.5615509Z unknown format "date-time" ignored in schema at path "#/definitions/subagentQuotaEvidence/properties/resetAt"
publish	Test and inspect the package	2026-10-05T10:21:41.5618769Z unknown format "date-time" ignored in schema at path "#/definitions/subagentQuotaEvidence/properties/resetAt"
publish	Test and inspect the package	2026-10-05T10:21:41.5621069Z unknown format "date-time" ignored in schema at path "#/definitions/subagentQuotaEvidence/properties/at"
publish	Test and inspect the package	2026-10-05T10:21:41.5624511Z unknown format "date-time" ignored in schema at path "#/definitions/subagentQuotaEvidence/properties/at"
publish	Test and inspect the package	2026-10-05T10:21:41.5631494Z unknown format "date-time" ignored in schema at path "#/definitions/pendingCompletion/properties/at"
publish	Test and inspect the package	2026-10-05T10:21:41.5633423Z unknown format "date-time" ignored in schema at path "#/definitions/pendingCompletion/properties/at"
publish	Test and inspect the package	2026-10-05T10:21:41.5635209Z unknown format "date-time" ignored in schema at path "#/definitions/pendingCompletion/properties/lastActivityAt"
publish	Test and inspect the package	2026-10-05T10:21:41.5636898Z unknown format "date-time" ignored in schema at path "#/definitions/pendingCompletion/properties/lastActivityAt"
publish	Test and inspect the package	2026-10-05T10:21:41.5638575Z unknown format "date-time" ignored in schema at path "#/definitions/pendingCompletion/properties/verdictAt"
publish	Test and inspect the package	2026-10-05T10:21:41.5640037Z unknown format "date-time" ignored in schema at path "#/definitions/pendingCompletion/properties/verdictAt"
publish	Test and inspect the package	2026-10-05T10:21:41.5641509Z unknown format "date-time" ignored in schema at path "#/definitions/pendingCompletion/properties/startedAt"
publish	Test and inspect the package	2026-10-05T10:21:41.5643053Z unknown format "date-time" ignored in schema at path "#/definitions/pendingCompletion/properties/startedAt"
publish	Test and inspect the package	2026-10-05T10:21:41.5644855Z unknown format "date-time" ignored in schema at path "#/definitions/pendingCompletion/properties/recoveryAt"
publish	Test and inspect the package	2026-10-05T10:21:41.5646347Z unknown format "date-time" ignored in schema at path "#/definitions/pendingCompletion/properties/recoveryAt"
publish	Test and inspect the package	2026-10-05T10:21:41.5647942Z unknown format "date-time" ignored in schema at path "#/definitions/pendingCompletion/properties/recoveryRetryAt"
publish	Test and inspect the package	2026-10-05T10:21:41.5649598Z unknown format "date-time" ignored in schema at path "#/definitions/pendingCompletion/properties/recoveryRetryAt"
publish	Test and inspect the package	2026-10-05T10:21:41.5655765Z unknown format "date-time" ignored in schema at path "#/definitions/pendingCompletion/properties/automaticRecoveryAt"
publish	Test and inspect the package	2026-10-05T10:21:41.5657077Z unknown format "date-time" ignored in schema at path "#/definitions/pendingCompletion/properties/automaticRecoveryAt"
publish	Test and inspect the package	2026-10-05T10:21:41.5658341Z unknown format "date-time" ignored in schema at path "#/definitions/pendingCompletion/properties/automaticRecoveryFirstAt"
publish	Test and inspect the package	2026-10-05T10:21:41.5659640Z unknown format "date-time" ignored in schema at path "#/definitions/pendingCompletion/properties/automaticRecoveryFirstAt"
publish	Test and inspect the package	2026-10-05T10:21:41.5660888Z unknown format "date-time" ignored in schema at path "#/definitions/pendingCompletion/properties/automaticRecoveryUntil"
publish	Test and inspect the package	2026-10-05T10:21:41.5662059Z unknown format "date-time" ignored in schema at path "#/definitions/pendingCompletion/properties/automaticRecoveryUntil"
publish	Test and inspect the package	2026-10-05T10:21:41.5680708Z unknown format "date-time" ignored in schema at path "#/definitions/pendingCompletion/properties/retryFirstAt"
publish	Test and inspect the package	2026-10-05T10:21:41.5682608Z unknown format "date-time" ignored in schema at path "#/definitions/pendingCompletion/properties/retryFirstAt"
publish	Test and inspect the package	2026-10-05T10:21:41.5687779Z unknown format "date-time" ignored in schema at path "#/definitions/pendingCompletion/properties/retryUntil"
publish	Test and inspect the package	2026-10-05T10:21:41.5689946Z unknown format "date-time" ignored in schema at path "#/definitions/pendingCompletion/properties/retryUntil"
publish	Test and inspect the package	2026-10-05T10:21:41.5691794Z unknown format "date-time" ignored in schema at path "#/definitions/pendingCompletion/properties/quotaFirstAt"
publish	Test and inspect the package	2026-10-05T10:21:41.5693876Z unknown format "date-time" ignored in schema at path "#/definitions/pendingCompletion/properties/quotaFirstAt"
publish	Test and inspect the package	2026-10-05T10:21:41.5695783Z unknown format "date-time" ignored in schema at path "#/definitions/pendingCompletion/properties/quotaAutoRetryUntil"
publish	Test and inspect the package	2026-10-05T10:21:41.5698302Z unknown format "date-time" ignored in schema at path "#/definitions/pendingCompletion/properties/quotaAutoRetryUntil"
publish	Test and inspect the package	2026-10-05T10:21:41.5700186Z unknown format "date-time" ignored in schema at path "#/definitions/pendingCompletion/properties/resetAt"
publish	Test and inspect the package	2026-10-05T10:21:41.5701999Z unknown format "date-time" ignored in schema at path "#/definitions/pendingCompletion/properties/resetAt"
publish	Test and inspect the package	2026-10-05T10:21:41.5704286Z unknown format "date-time" ignored in schema at path "#/definitions/pendingCompletion/properties/auditorRetryAttemptStartedAt"
publish	Test and inspect the package	2026-10-05T10:21:41.5706466Z unknown format "date-time" ignored in schema at path "#/definitions/pendingCompletion/properties/auditorRetryAttemptStartedAt"
publish	Test and inspect the package	2026-10-05T10:21:41.5719428Z unknown format "date-time" ignored in schema at path "#/definitions/pendingCompletion/properties/auditorFailureAt"
publish	Test and inspect the package	2026-10-05T10:21:41.5721022Z unknown format "date-time" ignored in schema at path "#/definitions/pendingCompletion/properties/auditorFailureAt"
publish	Test and inspect the package	2026-10-05T10:21:41.5743352Z unknown format "date-time" ignored in schema at path "#/definitions/objectiveRepair/properties/at"
publish	Test and inspect the package	2026-10-05T10:21:41.5745127Z unknown format "date-time" ignored in schema at path "#/definitions/objectiveRepair/properties/at"
publish	Test and inspect the package	2026-10-05T10:21:41.5762050Z unknown format "date-time" ignored in schema at path "#/definitions/objectiveRepairTarget/properties/replanPromptedAt"
publish	Test and inspect the package	2026-10-05T10:21:41.5764127Z unknown format "date-time" ignored in schema at path "#/definitions/objectiveRepairTarget/properties/replanPromptedAt"
publish	Test and inspect the package	2026-10-05T10:21:41.5778758Z unknown format "date-time" ignored in schema at path "#/properties/createdAt"
publish	Test and inspect the package	2026-10-05T10:21:41.5779893Z unknown format "date-time" ignored in schema at path "#/properties/createdAt"
publish	Test and inspect the package	2026-10-05T10:21:41.5780905Z unknown format "date-time" ignored in schema at path "#/properties/updatedAt"
publish	Test and inspect the package	2026-10-05T10:21:41.5781955Z unknown format "date-time" ignored in schema at path "#/properties/updatedAt"
publish	Test and inspect the package	2026-10-05T10:21:41.6260527Z (pass) blank subtask titles never reach persistence > a blank subtask is rejected with its position named [0.43ms]
publish	Test and inspect the package	2026-10-05T10:21:41.6262315Z (pass) blank subtask titles never reach persistence > a blank top-level title is still refused [0.04ms]
publish	Test and inspect the package	2026-10-05T10:21:41.6264258Z (pass) blank subtask titles never reach persistence > a well-formed proposal with subtasks still passes [0.11ms]
publish	Test and inspect the package	2026-10-05T10:21:41.6266119Z (pass) blank subtask titles never reach persistence > the count cap is still enforced (the new check does not mask it) [0.08ms]
publish	Test and inspect the package	2026-10-05T10:21:41.6267985Z (pass) live-objection counting agrees with the runtime > a legacy disapproval settled by a later approval is not live [0.21ms]
publish	Test and inspect the package	2026-10-05T10:21:41.6269766Z (pass) live-objection counting agrees with the runtime > a genuinely live objection is still counted [0.10ms]
publish	Test and inspect the package	2026-10-05T10:21:41.6271402Z (pass) live-objection counting agrees with the runtime > an already-pinned history is counted the same way [0.08ms]
publish	Test and inspect the package	2026-10-05T10:21:41.6319653Z (pass) the published schema matches what the runtime persists > the five terminal-render fields on a completion claim are accepted [5.16ms]
publish	Test and inspect the package	2026-10-05T10:21:41.6325618Z (pass) the published schema matches what the runtime persists > a task deferral stamp is accepted [0.60ms]
publish	Test and inspect the package	2026-10-05T10:21:41.6327454Z (pass) the published schema matches what the runtime persists > timeoutEscalation is bounded to [0, 100], matching the load clamp [0.10ms]
publish	Test and inspect the package	2026-10-05T10:21:41.6329271Z (pass) the published schema matches what the runtime persists > wallDeadlineAt is gone: no GLLA code has ever written it [0.05ms]
publish	Test and inspect the package	2026-10-05T10:21:41.6331153Z (pass) the published schema matches what the runtime persists > the blank subtask the validator now blocks is exactly what the schema rejects [0.08ms]
publish	Test and inspect the package	2026-10-05T10:21:41.6332110Z
publish	Test and inspect the package	2026-10-05T10:21:41.6332578Z ##[endgroup]
publish	Test and inspect the package	2026-10-05T10:21:41.6332828Z
publish	Test and inspect the package	2026-10-05T10:21:41.6333415Z ##[group]tests/prompt-subagent-guidance.test.ts:
publish	Test and inspect the package	2026-10-05T10:21:41.8698399Z (pass) goal-loop-continuation.md: contains subagent fan-out guidance (item 4) [0.53ms]
publish	Test and inspect the package	2026-10-05T10:21:41.8886298Z (pass) goal-loop-draft.md: contains subagent fan-out guidance (item 4) [18.52ms]
publish	Test and inspect the package	2026-10-05T10:21:41.8887589Z (pass) goal-loop-forever.md: contains subagent fan-out guidance (item 4) [0.15ms]
publish	Test and inspect the package	2026-10-05T10:21:41.8888960Z (pass) goal-loop-forever-metricless.md: contains subagent fan-out guidance (item 4) [0.03ms]
publish	Test and inspect the package	2026-10-05T10:21:41.8890660Z (pass) continuation prompt — single-trunk execution with bounded fan-out [0.39ms]
publish	Test and inspect the package	2026-10-05T10:21:41.8892414Z (pass) v0.34.0: forever prompts carry the ROI law + untrusted-output hygiene [0.23ms]
publish	Test and inspect the package	2026-10-05T10:21:41.8894478Z (pass) v0.34.0: audit templates demand the parallel fan-out shape (both) [0.21ms]
publish	Test and inspect the package	2026-10-05T10:21:41.8921732Z (pass) v0.34.0: divergence bail — 3+ trailing regressions append a reassessment note [2.59ms]
publish	Test and inspect the package	2026-10-05T10:21:41.8923324Z (pass) continuation prompt — brief discipline law [0.21ms]
publish	Test and inspect the package	2026-10-05T10:21:41.8925216Z (pass) v0.34.4/0.34.6: token-limit death handling — resume first; split/absorb, never respawn wide [0.14ms]
publish	Test and inspect the package	2026-10-05T10:21:41.8926811Z (pass) v0.34.4: audit templates carry brief discipline in the fan-out clause (both) [0.17ms]
publish	Test and inspect the package	2026-10-05T10:21:41.8928116Z (pass) v0.34.4: forever prompts carry the one-line brief law [0.15ms]
publish	Test and inspect the package	2026-10-05T10:21:41.8929841Z (pass) v0.34.6: subagent failure law is RESUME, DON'T RESPAWN (session survives death) [0.18ms]
publish	Test and inspect the package	2026-10-05T10:21:41.8932310Z (pass) v0.34.6: the restart law — in-process agents die silently, goals survive [0.18ms]
publish	Test and inspect the package	2026-10-05T10:21:41.8932794Z
publish	Test and inspect the package	2026-10-05T10:21:41.8933165Z ##[endgroup]
publish	Test and inspect the package	2026-10-05T10:21:41.8936140Z
publish	Test and inspect the package	2026-10-05T10:21:41.8936700Z ##[group]tests/persistence-hardening.test.ts:
publish	Test and inspect the package	2026-10-05T10:21:42.1582406Z (pass) readState: a truncated trailing active.jsonl line loads cleanly (mid-write kill) [21.42ms]
publish	Test and inspect the package	2026-10-05T10:21:42.1600939Z (pass) large JSONL records do not break forward or reverse ledger scans [2.02ms]
publish	Test and inspect the package	2026-10-05T10:21:42.1610340Z (pass) readState normalizes and bounds the detached-auditor recovery cursor [0.93ms]
publish	Test and inspect the package	2026-10-05T10:21:42.1615517Z (pass) readState recovers a transaction when the first state ledger line was never written [0.47ms]
publish	Test and inspect the package	2026-10-05T10:21:42.1625088Z (pass) goal transaction snapshot repairs a markdown-before-ledger crash [0.96ms]
publish	Test and inspect the package	2026-10-05T10:21:42.1630111Z (pass) a committed state line wins over an orphaned older transaction [0.58ms]
publish	Test and inspect the package	2026-10-05T10:21:42.1638111Z (pass) same-millisecond transaction recovery uses the base-state fingerprint [0.76ms]
publish	Test and inspect the package	2026-10-05T10:21:42.1644588Z (pass) a newer transaction with a stale base fingerprint cannot roll back a later state line [0.62ms]
publish	Test and inspect the package	2026-10-05T10:21:42.1649777Z (pass) invalid pending-audit phases are dropped to legacy recovery semantics [0.54ms]
publish	Test and inspect the package	2026-10-05T10:21:42.1656525Z (pass) persisted ids are validated before state or filesystem use [0.64ms]
publish	Test and inspect the package	2026-10-05T10:21:42.1665076Z (pass) E1: disk failure latches the degraded flag, never throws; a landing write self-heals [0.80ms]
publish	Test and inspect the package	2026-10-05T10:21:42.1669969Z (pass) E1: all four persistence entry points run through runPersistStep [0.53ms]
publish	Test and inspect the package	2026-10-05T10:21:42.1678227Z (pass) E1: archive removes the active md ONLY when the archive landed [0.78ms]
publish	Test and inspect the package	2026-10-05T10:21:42.1689979Z (pass) E1: archive destination is exclusive and cannot clobber a winner [1.20ms]
publish	Test and inspect the package	2026-10-05T10:21:42.1694355Z (pass) E1: loud first-failure notify + recovery notify at the persistState choke point [0.40ms]
publish	Test and inspect the package	2026-10-05T10:21:42.1697276Z (pass) E1: TUI persistence-degraded flag (first widget line, until a write lands) [0.30ms]
publish	Test and inspect the package	2026-10-05T10:21:42.1705496Z (pass) T6: schema does not drift from the Goal interface [0.78ms]
publish	Test and inspect the package	2026-10-05T10:21:42.1706113Z
publish	Test and inspect the package	2026-10-05T10:21:42.1706779Z ##[endgroup]
publish	Test and inspect the package	2026-10-05T10:21:42.1710335Z
publish	Test and inspect the package	2026-10-05T10:21:42.1710870Z ##[group]tests/mechanical-pipeline-lifecycle.test.ts:
publish	Test and inspect the package	2026-10-05T10:21:43.1639976Z (pass) Node callers survive noisy early-closing filters and retain head failure/cancellation [746.03ms]
publish	Test and inspect the package	2026-10-05T10:21:43.1640617Z
publish	Test and inspect the package	2026-10-05T10:21:43.1641150Z ##[endgroup]
publish	Test and inspect the package	2026-10-05T10:21:43.1796401Z
publish	Test and inspect the package	2026-10-05T10:21:43.1797605Z ##[group]tests/agents-panel.test.ts:
publish	Test and inspect the package	2026-10-05T10:21:43.4353027Z (pass) v0.35.29 #15: the panel ranks hung > running > ended and caps at 20 rows with a notice [1.69ms]
publish	Test and inspect the package	2026-10-05T10:21:43.4357413Z (pass) v0.35.29 #15: empty state explains where evidence comes from [0.10ms]
publish	Test and inspect the package	2026-10-05T10:21:43.4358489Z (pass) v0.35.64: the panel makes a child-specific abort request visible [0.28ms]
publish	Test and inspect the package	2026-10-05T10:21:43.4359697Z (pass) v0.35.29 #15: the compact worker summary hides at zero and warns on the least-live child [0.29ms]
publish	Test and inspect the package	2026-10-05T10:21:43.4569411Z (pass) v0.38.23: detailed widget rows are single-line glyph-first with age, plus a command-free overflow [21.18ms]
publish	Test and inspect the package	2026-10-05T10:21:43.4579806Z (pass) v0.35.66: --tail matches the exact child identity and formats entries tolerantly [1.26ms]
publish	Test and inspect the package	2026-10-05T10:21:43.4583488Z (pass) v0.35.66: --tail selects the exact persisted child identity among same-type transcripts [0.38ms]
publish	Test and inspect the package	2026-10-05T10:21:43.4588021Z (pass) v0.37.1: --tail uses the persisted session id to find an older transcript [0.40ms]
publish	Test and inspect the package	2026-10-05T10:21:43.4589659Z (pass) v0.35.66: --tail refuses a same-type transcript without exact child identity [0.21ms]
publish	Test and inspect the package	2026-10-05T10:21:43.4591955Z (pass) v0.36.0: --tail rejects a message that merely mentions the target identity [0.22ms]
publish	Test and inspect the package	2026-10-05T10:21:43.4597010Z (pass) v0.35.29 #15: --tail is LOUD when nothing matches or the dir is unreadable [0.44ms]
publish	Test and inspect the package	2026-10-05T10:21:43.4598437Z (pass) v0.35.29 #15: formatTranscriptEntry survives shape drift without throwing [0.11ms]
publish	Test and inspect the package	2026-10-05T10:21:43.5061601Z (pass) v0.35.29 #15: end-to-end — /glla agents renders real probe data; widget segment rides the goal card [38.42ms]
publish	Test and inspect the package	2026-10-05T10:21:43.5115477Z (pass) v0.35.65: buildWidgetLines places detailed worker rows before the card footer and supports an agent-only card [1.05ms]
publish	Test and inspect the package	2026-10-05T10:21:43.5135055Z (pass) v0.35.45: formatTranscriptEntry strips ANSI escapes and control chars on ALL paths [0.20ms]
publish	Test and inspect the package	2026-10-05T10:21:43.5204995Z (pass) v0.35.45: the candidate scan reads a bounded tail per file, not full transcripts [0.50ms]
publish	Test and inspect the package	2026-10-05T10:21:43.5249868Z (pass) audit-2026-09-06: panel renders the doc-promised blocks row and Recent hangs footer [1.06ms]
publish	Test and inspect the package	2026-10-05T10:21:43.5274748Z (pass) audit-2026-09-06: snapshot labels live rows with the observed parent wait only [0.49ms]
publish	Test and inspect the package	2026-10-05T10:21:43.5305290Z (pass) audit-2026-09-06: --tail with an ambiguous prefix lists candidates instead of picking silently [26.76ms]
publish	Test and inspect the package	2026-10-05T10:21:43.5331464Z (pass) audit 2026-09-25: transcript role labels never split surrogate pairs [0.74ms]
publish	Test and inspect the package	2026-10-05T10:21:43.5332002Z
publish	Test and inspect the package	2026-10-05T10:21:43.5332688Z ##[endgroup]
publish	Test and inspect the package	2026-10-05T10:21:43.5332978Z
publish	Test and inspect the package	2026-10-05T10:21:43.5334235Z ##[group]tests/list-bare-draft.test.ts:
publish	Test and inspect the package	2026-10-05T10:21:44.3426089Z (pass) v0.38.51: bare /list enters list drafting — agent list_add is gated [558.41ms]
publish	Test and inspect the package	2026-10-05T10:21:45.0255636Z (pass) v0.38.51: /list show still renders the queue (viewer preserved) [683.91ms]
publish	Test and inspect the package	2026-10-05T10:21:45.5502639Z (pass) v0.38.51: stale bare /list latches no drafting gate — a later list_add lands [524.63ms]
publish	Test and inspect the package	2026-10-05T10:21:45.5503178Z
publish	Test and inspect the package	2026-10-05T10:21:45.5503814Z ##[endgroup]
publish	Test and inspect the package	2026-10-05T10:21:45.5505521Z
publish	Test and inspect the package	2026-10-05T10:21:45.5505961Z ##[group]tests/durable-wait-prewritten.test.mjs:
publish	Test and inspect the package	2026-10-05T10:21:45.9098596Z (pass) prewritten durable state: completion [93.58ms]
publish	Test and inspect the package	2026-10-05T10:21:45.9619150Z (pass) prewritten durable state: provider failure [52.17ms]
publish	Test and inspect the package	2026-10-05T10:21:45.9622974Z (pass) prewritten durable state: failure takes precedence over approval [0.53ms]
publish	Test and inspect the package	2026-10-05T10:21:45.9623848Z
publish	Test and inspect the package	2026-10-05T10:21:45.9624328Z ##[endgroup]
publish	Test and inspect the package	2026-10-05T10:21:45.9628088Z
publish	Test and inspect the package	2026-10-05T10:21:45.9629203Z ##[group]tests/reviewer-extraction-hardening.test.ts:
publish	Test and inspect the package	2026-10-05T10:21:46.2048102Z (pass) the 3 live false-positive lines extract NOTHING [0.26ms]
publish	Test and inspect the package	2026-10-05T10:21:46.2051668Z (pass) code lines are skipped (test/it/assert/const/import/…) [0.07ms]
publish	Test and inspect the package	2026-10-05T10:21:46.2052256Z (pass) markdown table rows are skipped [0.04ms]
publish	Test and inspect the package	2026-10-05T10:21:46.2052908Z (pass) reviewer-report vocabulary is skipped (self-match prevention) [0.05ms]
publish	Test and inspect the package	2026-10-05T10:21:46.2054222Z (pass) real architectural + strategic text still classifies [0.07ms]
publish	Test and inspect the package	2026-10-05T10:21:46.2055453Z (pass) v0.34.83: the bare word 'issue' is REMOVED from the bug regex — GitHub issue references and prose don't classify as bugs [0.08ms]
publish	Test and inspect the package	2026-10-05T10:21:46.2057159Z (pass) v0.34.83: a completion summary referencing GitHub issues enqueues zero bug findings through the curated pipeline [0.85ms]
publish	Test and inspect the package	2026-10-05T10:21:46.2058593Z (pass) full runReviewer over 0.26.2-style source text produces zero architectural findings [0.74ms]
publish	Test and inspect the package	2026-10-05T10:21:46.2060011Z (pass) extraction dedupe + cap still work after hardening [0.26ms]
publish	Test and inspect the package	2026-10-05T10:21:46.2285357Z (pass) hard-wrapped finding joins into ONE full-sentence finding (hellhunter regression) [22.92ms]
publish	Test and inspect the package	2026-10-05T10:21:46.2287240Z (pass) uppercase-start lines do NOT join — punctuation-less items stay separate [0.11ms]
publish	Test and inspect the package	2026-10-05T10:21:46.2288318Z (pass) dangling-connector fragments are rejected [0.10ms]
publish	Test and inspect the package	2026-10-05T10:21:46.2289421Z (pass) completedObjective prefix-dedupe: a finding restating the completed goal is skipped [0.13ms]
publish	Test and inspect the package	2026-10-05T10:21:46.2290665Z (pass) cutAtClauseBoundary: long findings cut at a clause, never mid-word [0.16ms]
publish	Test and inspect the package	2026-10-05T10:21:46.2291281Z
publish	Test and inspect the package	2026-10-05T10:21:46.2291793Z ##[endgroup]
publish	Test and inspect the package	2026-10-05T10:21:46.2292465Z
publish	Test and inspect the package	2026-10-05T10:21:46.2292977Z ##[group]tests/future-sidecar-freshness.test.ts:
publish	Test and inspect the package	2026-10-05T10:21:46.4783813Z (pass) freshness markers reject future timestamps while accepting recent past timestamps [0.27ms]
publish	Test and inspect the package	2026-10-05T10:21:46.5021322Z (pass) recovery-resume consumes but refuses a future-dated sidecar [24.72ms]
publish	Test and inspect the package	2026-10-05T10:21:46.5027008Z (pass) all restart sidecar validators use the non-negative-age freshness gate [0.72ms]
publish	Test and inspect the package	2026-10-05T10:21:46.5027572Z
publish	Test and inspect the package	2026-10-05T10:21:46.5027982Z ##[endgroup]
publish	Test and inspect the package	2026-10-05T10:21:46.5031098Z
publish	Test and inspect the package	2026-10-05T10:21:46.5031706Z ##[group]tests/state-root.test.ts:
publish	Test and inspect the package	2026-10-05T10:21:46.7459684Z (pass) workingDir remains the default root and persists under cwd [2.84ms]
publish	Test and inspect the package	2026-10-05T10:21:46.7711557Z (pass) sessionDir opt-in resolves to the registered top-level session directory [25.16ms]
publish	Test and inspect the package	2026-10-05T10:21:46.7725526Z (pass) pending sessionDir defers every core write and does not migrate the old cwd tree [1.49ms]
publish	Test and inspect the package	2026-10-05T10:21:46.7730351Z (pass) PI_SESSION_FILE provides a worker-safe session-root fallback [0.51ms]
publish	Test and inspect the package	2026-10-05T10:21:46.7782856Z (pass) stateRoot is typed/global-only and project settings cannot override it [5.23ms]
publish	Test and inspect the package	2026-10-05T10:21:46.7783951Z
publish	Test and inspect the package	2026-10-05T10:21:46.7784710Z ##[endgroup]
publish	Test and inspect the package	2026-10-05T10:21:46.7787794Z
publish	Test and inspect the package	2026-10-05T10:21:46.7788520Z ##[group]tests/faulty-objective-recovery.test.ts:
publish	Test and inspect the package	2026-10-05T10:21:47.0240945Z (pass) detects archive-derived and verification-fragment objectives [0.54ms]
publish	Test and inspect the package	2026-10-05T10:21:47.0243076Z (pass) detects reviewer prose, headings, numbered audit text, and dangling fragments [0.31ms]
publish	Test and inspect the package	2026-10-05T10:21:47.0244930Z (pass) valid imperative objectives are not flagged [0.15ms]
publish	Test and inspect the package	2026-10-05T10:21:47.0247580Z (pass) valid imperative objectives may mention auditor and verification machinery [0.13ms]
publish	Test and inspect the package	2026-10-05T10:21:47.0494470Z (pass) imperative implementation requests mentioning audit, verification, or regression stay valid [24.27ms]
publish	Test and inspect the package	2026-10-05T10:21:47.0496888Z (pass) queue items that merely name the auditor role are not verification-fragments (2026-08-16 field regression) [0.28ms]
publish	Test and inspect the package	2026-10-05T10:21:47.0515763Z (pass) auditor/reviewer verdict-shaped text is still a verification-fragment [0.29ms]
publish	Test and inspect the package	2026-10-05T10:21:47.0516653Z (pass) explicit reviewer and evidence fragments are rejected [0.14ms]
publish	Test and inspect the package	2026-10-05T10:21:47.0517690Z (pass) the screenshot reviewer fragment records the exact saved-intent repair [0.39ms]
publish	Test and inspect the package	2026-10-05T10:21:47.0519218Z (pass) recover is a valid imperative for the exact queued detached-auditor item [0.07ms]
publish	Test and inspect the package	2026-10-05T10:21:47.0520457Z (pass) normalization is an automatic provenance repair [0.15ms]
publish	Test and inspect the package	2026-10-05T10:21:47.0521872Z (pass) durable original provenance wins over reviewer prose and supplies the saved contract [0.32ms]
publish	Test and inspect the package	2026-10-05T10:21:47.0523201Z (pass) unverified completion prose is never promoted [0.11ms]
publish	Test and inspect the package	2026-10-05T10:21:47.0524749Z (pass) approved completion context from an older revision cannot resurrect saved intent [0.14ms]
publish	Test and inspect the package	2026-10-05T10:21:47.0526158Z (pass) audit history contributes only an actionable required-fix line [0.17ms]
publish	Test and inspect the package	2026-10-05T10:21:47.0527036Z (pass) all direct continuation and stored-audit paths retain the final gate [0.58ms]
publish	Test and inspect the package	2026-10-05T10:21:47.0528045Z (pass) durable pending task is preferred when the objective cannot be normalized [0.18ms]
publish	Test and inspect the package	2026-10-05T10:21:47.0529204Z (pass) irrecoverable suspicious objectives produce a non-suspicious queued repair task [0.19ms]
publish	Test and inspect the package	2026-10-05T10:21:47.1757882Z (pass) session_start auto-resume blocks a suspicious active objective and queues repair [122.06ms]
publish	Test and inspect the package	2026-10-05T10:21:47.4207752Z (pass) manual resume blocks a suspicious paused objective before dispatch [244.57ms]
publish	Test and inspect the package	2026-10-05T10:21:47.8336468Z (pass) list activation blocks a suspicious queued objective and leaves its repair task actionable [412.98ms]
publish	Test and inspect the package	2026-10-05T10:21:47.9624260Z (pass) repair cards require a concrete replan objective and clear the latch only after confirmation [130.22ms]
publish	Test and inspect the package	2026-10-05T10:21:48.1900361Z (pass) exact queued detached-auditor objective activates without a repair task [227.57ms]
publish	Test and inspect the package	2026-10-05T10:21:48.3425865Z (pass) provenance-backed repair auto-applies before dispatch [152.04ms]
publish	Test and inspect the package	2026-10-05T10:21:48.5686908Z (pass) direct continuation dispatch rechecks the suspicious objective [225.63ms]
publish	Test and inspect the package	2026-10-05T10:21:48.7548472Z (pass) a canceled goal and stale continuation attempt are hard fences [184.29ms]
publish	Test and inspect the package	2026-10-05T10:21:48.9035335Z (pass) an archived goal id is a hard fence against stale resurrection [149.00ms]
publish	Test and inspect the package	2026-10-05T10:21:48.9045283Z (pass) an active goal with an interrupted terminal stopReason is not dispatched [1.64ms]
publish	Test and inspect the package	2026-10-05T10:21:48.9056430Z (pass) an explicit /goal start objective is dispatched even when the heuristic flags it [1.42ms]
publish	Test and inspect the package	2026-10-05T10:21:48.9096006Z (pass) v0.35.35: seed trust survives a Done when: clause and @role in the raw seed (createGoal stores raw vs cleaned) [2.08ms]
publish	Test and inspect the package	2026-10-05T10:21:48.9123128Z (pass) v0.35.35: normalization does not widen trust to agent-authored seeds [4.49ms]
publish	Test and inspect the package	2026-10-05T10:21:49.0145809Z (pass) agent-authored suspicious objectives still pause — the trust is user-seed only [101.32ms]
publish	Test and inspect the package	2026-10-05T10:21:49.1472489Z (pass) replan confirmation consumes the source queue fragment and its sidecar [132.03ms]
publish	Test and inspect the package	2026-10-05T10:21:49.2899210Z (pass) audit-2026-09-06: archivedPath outside the archive dir is an anomaly, not a goal-nulling probe [142.15ms]
publish	Test and inspect the package	2026-10-05T10:21:49.4139902Z (pass) audit-2026-09-06: archivedPath inside the archive dir still fences [124.69ms]
publish	Test and inspect the package	2026-10-05T10:21:49.4142728Z (pass) v0.38.101 a title-like heading is an objective, not a pasted report [0.32ms]
publish	Test and inspect the package	2026-10-05T10:21:49.4147172Z (pass) v0.38.101 a pasted report still trips the heading heuristic [0.16ms]
publish	Test and inspect the package	2026-10-05T10:21:49.4166876Z
publish	Test and inspect the package	2026-10-05T10:21:49.4167497Z ##[endgroup]
publish	Test and inspect the package	2026-10-05T10:21:49.4206596Z
publish	Test and inspect the package	2026-10-05T10:21:49.4207552Z ##[group]tests/list-philosophy.test.ts:
publish	Test and inspect the package	2026-10-05T10:21:49.6586969Z (pass) contract 1+2: /goal+/list draft prompt has short-item AND multi-hour framing [0.55ms]
publish	Test and inspect the package	2026-10-05T10:21:49.6598623Z (pass) contract 3: /loop draft prompt has metric-driven framing [0.13ms]
publish	Test and inspect the package	2026-10-05T10:21:49.6600033Z (pass) contract 4: all draft prompts open with a Long-running philosophy block [0.26ms]
publish	Test and inspect the package	2026-10-05T10:21:49.6601261Z (pass) contract 5: LIST-PHILOSOPHY.md exists with the three-mode table [0.23ms]
publish	Test and inspect the package	2026-10-05T10:21:49.6602338Z (pass) contract 6: INSTALL.md references LIST-PHILOSOPHY.md in a Modes section [0.12ms]
publish	Test and inspect the package	2026-10-05T10:21:49.6846199Z (pass) contract 7: /list depth headline format [24.48ms]
publish	Test and inspect the package	2026-10-05T10:21:49.6847372Z (pass) contract 8+11: cross-recommend catches the 76-weak-points wrapper seed [0.18ms]
publish	Test and inspect the package	2026-10-05T10:21:49.6848652Z (pass) contract 12: cross-recommend catches the 40-findings tasklist seed [0.10ms]
publish	Test and inspect the package	2026-10-05T10:21:49.6850165Z (pass) contract 8: multi-hour seed in /list mode suggests /goal or break-up [0.32ms]
publish	Test and inspect the package	2026-10-05T10:21:49.6851367Z (pass) contract 8: five-minute seed in /goal mode suggests /list [0.14ms]
publish	Test and inspect the package	2026-10-05T10:21:49.6853945Z (pass) contract 8: open-ended seed in /goal or /list mode suggests /loop [0.23ms]
publish	Test and inspect the package	2026-10-05T10:21:49.6855833Z (pass) contract 8: bounded-until beats recurring vocabulary (still a goal) [0.08ms]
publish	Test and inspect the package	2026-10-05T10:21:49.6857048Z (pass) contract 8: aggregate beats recurring (per-item work wins) [0.10ms]
publish	Test and inspect the package	2026-10-05T10:21:49.6860630Z (pass) contract 8: recurring beats five-minute (cadence changes the loop) [0.06ms]
publish	Test and inspect the package	2026-10-05T10:21:49.6861450Z
publish	Test and inspect the package	2026-10-05T10:21:49.6861927Z ##[endgroup]
publish	Test and inspect the package	2026-10-05T10:21:49.6863540Z
publish	Test and inspect the package	2026-10-05T10:21:49.6864204Z ##[group]tests/behavioral-orchestrator.test.ts:
publish	Test and inspect the package	2026-10-05T10:21:50.0115569Z (pass) T3a: active goal + human load (startup) + default settings → HELD for explicit resume [39.08ms]
publish	Test and inspect the package	2026-10-05T10:21:50.8871390Z (pass) v0.34.18: blank startup waits for the transcript before autoresume, while explicit resume and loaded history still work [875.91ms]
publish	Test and inspect the package	2026-10-05T10:21:50.8923289Z (pass) v0.34.121: blank startup closes a legacy terminal slot when its archive exists [5.26ms]
publish	Test and inspect the package	2026-10-05T10:21:51.2491497Z (pass) T3c (v0.28.21): interrupted goal HELDS by default — the 0.28.3 exemption is superseded; autoresume=on auto-resumes [355.34ms]
publish	Test and inspect the package	2026-10-05T10:21:51.6243282Z (pass) T3b (v0.28.21): active goal + reload → HELD by default; autoresume=on → auto-resumes [375.64ms]
publish	Test and inspect the package	2026-10-05T10:21:51.8046891Z (pass) v0.35.x: list cancel archives the active item, does not relabel it as active, and preserves its audit history [176.70ms]
publish	Test and inspect the package	2026-10-05T10:21:51.8256396Z (pass) v0.36.0: /goal cancel archives a standalone goal with a compact six-label recap [20.93ms]
publish	Test and inspect the package	2026-10-05T10:21:52.1787065Z (pass) v0.36.0: /list next archives the skipped active item with a compact recap [352.15ms]
publish	Test and inspect the package	2026-10-05T10:21:52.2335281Z (pass) v0.36.1: bare /goal start uses one clear active-branch request [52.56ms]
publish	Test and inspect the package	2026-10-05T10:21:52.3040381Z (pass) v0.36.1: bare /list start activates the hydrated queue head [74.49ms]
publish	Test and inspect the package	2026-10-05T10:21:52.3585003Z (pass) v0.36.1: bare /loop start infers only a target and uses the metricless path [53.83ms]
publish	Test and inspect the package	2026-10-05T10:21:52.9545252Z (pass) v0.36.0: aborted detached audit can complete without audit only after archive success [591.63ms]
publish	Test and inspect the package	2026-10-05T10:21:53.1885426Z (pass) v0.34.119: /glla cancel archives the active list item and drops the waiting objective queue [235.49ms]
publish	Test and inspect the package	2026-10-05T10:21:53.2734035Z (pass) v0.34.121: /glla cancel stops an active loop before touching an unrelated waiting queue [91.27ms]
publish	Test and inspect the package	2026-10-05T10:21:53.5827518Z (pass) v0.34.119: /glla cancel also aborts an auditing list objective and clears its waiting queue [307.95ms]
publish	Test and inspect the package	2026-10-05T10:21:54.5917789Z (pass) v0.35.0 (v0.38.12 last-wins): /goal start replaces without dialog; plain /goal still offers update/cancel [1003.37ms]
publish	Test and inspect the package	2026-10-05T10:21:54.7055204Z (pass) v0.35.x: same-mode list conflict updates the whole objective, never individual tasks [110.82ms]
publish	Test and inspect the package	2026-10-05T10:21:54.8325222Z (pass) v0.35.x: auditing list conflict cancels the stale audit before whole-objective update [136.07ms]
publish	Test and inspect the package	2026-10-05T10:21:54.9435371Z (pass) v0.35.x: list_activate uses the same whole-objective conflict update [91.63ms]
publish	Test and inspect the package	2026-10-05T10:21:55.0255844Z (pass) C7: declined list conflict update preserves work without retrying the editor [87.40ms]
publish	Test and inspect the package	2026-10-05T10:21:55.1315219Z (pass) v0.35.0: a cross-mode replacement confirms before replacing a live loop [114.72ms]
publish	Test and inspect the package	2026-10-05T10:21:55.4007590Z Switched to a new branch 'pi-glla-loop/20261005102155-refusal-target'
publish	Test and inspect the package	2026-10-05T10:21:55.4252133Z cat: /definitely-not-here-xyz: No such file or directory
publish	Test and inspect the package	2026-10-05T10:21:55.4594755Z Switched to branch 'main'
publish	Test and inspect the package	2026-10-05T10:21:55.5135753Z (pass) v0.35.4: a refused branch-mode loop start restores the original branch [384.59ms]
publish	Test and inspect the package	2026-10-05T10:21:55.6188241Z (pass) v0.35.0: a direct /loop start also confirms before replacing a live goal [102.39ms]
publish	Test and inspect the package	2026-10-05T10:21:55.7217013Z (pass) C2: an explicit /goal start stops the active loop instead of stacking two live things [104.84ms]
publish	Test and inspect the package	2026-10-05T10:21:55.9690830Z (pass) v0.34.121: one confirmed /glla wipe clears recovery and dispatch artifacts too [245.91ms]
publish	Test and inspect the package	2026-10-05T10:21:56.6765717Z (pass) v0.35.x: /list tweak amends a paused list item without activating it or changing waiting entries [702.76ms]
publish	Test and inspect the package	2026-10-05T10:21:57.5105168Z (pass) field 2026-09-16 (VidPro park): /goal tweak amends a paused goal without waking it [839.18ms]
publish	Test and inspect the package	2026-10-05T10:21:57.7445047Z (pass) field 2026-09-16: /goal tweak with no goal names the real path [237.24ms]
publish	Test and inspect the package	2026-10-05T10:21:58.3675355Z (pass) field 2026-09-16 (VidPro replay): tweak chatter adopts the discussed objective, never the chatter [609.12ms]
publish	Test and inspect the package	2026-10-05T10:21:58.8846382Z (pass) audit 2026-09-16: inferred tweak rejection leaves objective and ledger unchanged [518.29ms]
publish	Test and inspect the package	2026-10-05T10:21:59.2005343Z (pass) field 2026-09-16: tweak chatter with no discussed objective guides and changes nothing [317.71ms]
publish	Test and inspect the package	2026-10-05T10:21:59.5115391Z [run-tests] progress: 240s elapsed · 0s since last output · 130 KiB of suite output
publish	Test and inspect the package	2026-10-05T10:21:59.5405559Z (pass) field 2026-09-16: plain-/goal update with an explicit contract stays verbatim (explicit intent wins) [341.99ms]
publish	Test and inspect the package	2026-10-05T10:21:59.8105307Z (pass) field 2026-09-16: chatter typed into the bare-tweak dialog guides, never adopts [265.95ms]
publish	Test and inspect the package	2026-10-05T10:22:00.1125104Z (pass) field 2026-09-16: a typed paragraph drafts as one thing, never an import-or-nothing [307.86ms]
publish	Test and inspect the package	2026-10-05T10:22:00.3680500Z (pass) audit 2026-09-16: bare list keeps separately contracted objectives in separate queue records [250.86ms]
publish	Test and inspect the package	2026-10-05T10:22:00.7305097Z (pass) field 2026-09-16 (loop sweep): /loop refine on a held loop queues the hint and resumes [356.60ms]
publish	Test and inspect the package	2026-10-05T10:22:01.0635890Z (pass) audit 2026-09-23: failed loop dispatch preserves every one-shot directive [341.19ms]
publish	Test and inspect the package	2026-10-05T10:22:01.5136739Z (pass) audit 2026-09-16: held-loop refine respects wrong-branch guard [447.64ms]
publish	Test and inspect the package	2026-10-05T10:22:01.7455806Z (pass) field 2026-09-16 (loop sweep): held-loop refine over an active goal queues but stays held [233.83ms]
publish	Test and inspect the package	2026-10-05T10:22:01.9422971Z (pass) field 2026-09-16 (loop sweep): refine on a user-stopped loop refuses with the honest path [197.72ms]
publish	Test and inspect the package	2026-10-05T10:22:02.2265523Z (pass) field 2026-09-16 (loop sweep): refine on a measure-broken loop points at the agent repair path [281.87ms]
publish	Test and inspect the package	2026-10-05T10:22:02.4872648Z (pass) field 2026-09-16 (loop sweep): refine on an active loop keeps today's behavior [262.99ms]
publish	Test and inspect the package	2026-10-05T10:22:02.5025893Z (pass) T3d: active loop + human load → HELD_ON_RESTORE (loop deactivated loudly, not silently dropped) [15.51ms]
publish	Test and inspect the package	2026-10-05T10:22:02.6289406Z (pass) v0.35.x: a successor auto-resumes lifecycle-held loops intact but preserves deliberate stops [121.27ms]
publish	Test and inspect the package	2026-10-05T10:22:02.6500324Z (pass) v0.29.14: live audit loop on open-count/min migrates to closed-count/max on load (discovery no longer reads as regression) [22.93ms]
publish	Test and inspect the package	2026-10-05T10:22:02.6828193Z (pass) v0.29.18: live audit loop on the audit-every-iteration target migrates to FIX-FIRST on load [35.32ms]
publish	Test and inspect the package	2026-10-05T10:22:04.0649702Z (pass) v0.34.16: lifecycle handoff resumes same-process replacement but quit does not bypass restore consent [1375.87ms]
publish	Test and inspect the package	2026-10-05T10:22:05.2425470Z (pass) stale list work survives invalidation and resumes only through a fresh file-backed session [1182.96ms]
publish	Test and inspect the package	2026-10-05T10:22:05.7175331Z (pass) v0.34.49: fresh MAIN session_start resets stale state and rejects the old dispatch generation [477.00ms]
publish	Test and inspect the package	2026-10-05T10:22:06.2045441Z (pass) v0.34.49: a handoff is one-shot and only matching predecessor identity can resume [484.81ms]
publish	Test and inspect the package	2026-10-05T10:22:06.9913415Z (pass) v0.34.23: host replacement with a new SessionManager is not rejected as foreign [789.37ms]
publish	Test and inspect the package	2026-10-05T10:22:07.3605166Z (pass) v0.34.20: registered tools use the replacement invocation context without session_shutdown [369.04ms]
publish	Test and inspect the package	2026-10-05T10:22:07.7484640Z (pass) T3e (v0.28.21): no active goal + queued list + reload → NOT activated by default; autoresume=on → head activates [386.01ms]
publish	Test and inspect the package	2026-10-05T10:22:07.9991336Z (pass) v0.34.24: continuation dispatch waits for owner start proof and clears its sidecar [252.58ms]
publish	Test and inspect the package	2026-10-05T10:22:10.6993869Z (pass) v0.34.36: compaction releases a timed-out dispatch for one fresh resync attempt [2700.24ms]
publish	Test and inspect the package	2026-10-05T10:22:11.4695340Z (pass) v0.34.36: a loop missing start proof stops durably and /loop resume re-arms it exactly once [770.10ms]
publish	Test and inspect the package	2026-10-05T10:22:12.2485451Z (pass) v0.34.48: /list resume releases an unacknowledged dispatch exactly once [779.04ms]
publish	Test and inspect the package	2026-10-05T10:22:13.0548101Z (pass) v0.34.24: missing start proof stands down durably and explicit resume sends one fresh attempt [806.23ms]
publish	Test and inspect the package	2026-10-05T10:22:13.3901075Z (pass) v0.34.88: a transient no-turn-start miss self-heals with exactly ONE verbatim retry [333.90ms]
publish	Test and inspect the package	2026-10-05T10:22:14.0307062Z (pass) v0.34.88: a genuine stall fires unacknowledged after the retry backoff — exactly one retry, then re-sends stop [641.85ms]
publish	Test and inspect the package	2026-10-05T10:22:14.9132017Z (pass) v0.34.88: a goal paused inside the watchdog window is never blind-retried [882.58ms]
publish	Test and inspect the package	2026-10-05T10:22:14.9174883Z (pass) T5: mutating tools refuse a foreign (subagent) session ctx [4.42ms]
publish	Test and inspect the package	2026-10-05T10:22:14.9183105Z (pass) T5: guard coverage pin — every mutating tool routes through foreignToolGuard [0.58ms]
publish	Test and inspect the package	2026-10-05T10:22:14.9335613Z (pass) v0.36.3: live activity is scoped across lost results, host replacement, timestamps, timers, and pending dispatch [14.34ms]
publish	Test and inspect the package	2026-10-05T10:22:15.1773859Z (pass) v0.36.4: /glla resume behaviorally re-kicks an ACTIVE-but-idle goal [242.30ms]
publish	Test and inspect the package	2026-10-05T10:22:15.6376523Z (pass) T2: a stale send on agent_end continuation → goal ACTIVE + interrupt marker + loud notify [454.25ms]
publish	Test and inspect the package	2026-10-05T10:22:18.2188884Z (pass) T2b: stale before compaction → no late rebind, refire, or misleading active UI [2589.37ms]
publish	Test and inspect the package	2026-10-05T10:22:18.3569816Z (pass) v0.35.x: stale terminal keeps a recovery probe and self-heals without reload [138.09ms]
publish	Test and inspect the package	2026-10-05T10:22:20.8009661Z (pass) v0.34.48: host-session loss without replacement session_start parks durably and rejects late callbacks [2443.96ms]
publish	Test and inspect the package	2026-10-05T10:22:20.9767769Z (pass) v0.35.x: host loss keeps durable auditor disapproval feedback visible [175.53ms]
publish	Test and inspect the package	2026-10-05T10:22:22.2488645Z (pass) v0.35.x: full auditor reports and required-fixes tails survive lifecycle boundaries [1272.34ms]
publish	Test and inspect the package	2026-10-05T10:22:23.1239130Z (pass) S3: a mid-session absorb publishes the owner file, so the shutdown handoff still validates [875.08ms]
publish	Test and inspect the package	2026-10-05T10:22:23.7005898Z (pass) v0.34.25: silent swap — live file-backed successor is absorbed via a tool call and the work auto-resumes [576.59ms]
publish	Test and inspect the package	2026-10-05T10:22:24.0553929Z (pass) v0.34.25: silent swap — in-memory (subagent) ctx is still refused and the park stays honest [354.67ms]
publish	Test and inspect the package	2026-10-05T10:22:24.6238379Z (pass) v0.34.25: the field ordering — stale before compaction, then the successor's compact event absorbs in place [568.39ms]
publish	Test and inspect the package	2026-10-05T10:22:24.8121501Z (pass) v0.34.25: dead owner + ephemeral ctx cannot claim the plane (subagent lockout fix) [185.60ms]
publish	Test and inspect the package	2026-10-05T10:22:24.8205147Z (pass) S4: a transient lastCtx probe glitch fails one tool call closed without dropping the context [10.71ms]
publish	Test and inspect the package	2026-10-05T10:22:28.7028420Z (pass) v0.34.27: stale host recovery absorbs the first replacement contact across lifecycle and stream boundaries [3882.52ms]
publish	Test and inspect the package	2026-10-05T10:22:29.1311168Z (pass) v0.34.27: plain startup from a dead file-backed successor is not rejected as a subagent [427.80ms]
publish	Test and inspect the package	2026-10-05T10:22:29.5110397Z [run-tests] progress: 270s elapsed · 0s since last output · 135 KiB of suite output
publish	Test and inspect the package	2026-10-05T10:22:29.9676437Z (pass) v0.38.68 reviewer P1: compact-defer settles without kicking a turn into the hot window [837.00ms]
publish	Test and inspect the package	2026-10-05T10:22:31.7934595Z (pass) manual pause+resume between exhaustion episodes restarts the relentless cycle [1825.78ms]
publish	Test and inspect the package	2026-10-05T10:22:33.6304801Z (pass) v0.34.26: repeated output-token truncation pauses the goal durably with re-scope guidance and a fresh resume budget [1836.84ms]
publish	Test and inspect the package	2026-10-05T10:22:34.1450182Z (pass) v0.34.26: output-token-limit provider errors pause with the named wall, not generic provider-error text [514.72ms]
publish	Test and inspect the package	2026-10-05T10:22:34.1504523Z (pass) goal draft rejects whitespace-only objectives before Confirm or activation [5.54ms]
publish	Test and inspect the package	2026-10-05T10:22:34.3342083Z (pass) task-list Confirm discloses milestone verification commands [182.58ms]
publish	Test and inspect the package	2026-10-05T10:22:34.3485697Z (pass) T1a: stale Confirm in propose_goal_draft → NOT-a-rejection guidance, no goal created [12.14ms]
publish	Test and inspect the package	2026-10-05T10:22:34.3643014Z (pass) T1b: stale /goal start → goal persisted to .pi-glla with honest notify [18.98ms]
publish	Test and inspect the package	2026-10-05T10:22:34.8615432Z (pass) drafting state is not left behind by a stale seed, and old confirmations cannot mutate a replacement session [490.16ms]
publish	Test and inspect the package	2026-10-05T10:22:34.8995367Z (pass) auto-accept escape hatch: ALWAYS choice persists project autoAcceptDrafts and accepts the draft [39.90ms]
publish	Test and inspect the package	2026-10-05T10:22:34.9278011Z (pass) escape hatch: a later draft skips the dialog entirely once autoAcceptDrafts landed [26.50ms]
publish	Test and inspect the package	2026-10-05T10:22:34.9427296Z (pass) source pin: all five draft-class dialogs route through confirmDraft with the 3-choice ALWAYS option [10.77ms]
publish	Test and inspect the package	2026-10-05T10:22:36.0905268Z (pass) quota error turns enter durable main-model recovery instead of a resend storm [1137.17ms]
publish	Test and inspect the package	2026-10-05T10:22:36.7267485Z (pass) main-model recovery external notices are deduplicated per provider episode [643.82ms]
publish	Test and inspect the package	2026-10-05T10:22:37.0875536Z (pass) request-rate prose uses the generic fallback chain [360.72ms]
publish	Test and inspect the package	2026-10-05T10:22:37.4392961Z (pass) explicit 429-shaped errors use the generic fallback chain [351.53ms]
publish	Test and inspect the package	2026-10-05T10:22:38.3462940Z (pass) a successful core retry clears generic provider recovery and resumes the parked goal [906.87ms]
publish	Test and inspect the package	2026-10-05T10:22:39.1283140Z (pass) v0.35.x: a successful main-model recovery gives a parked audit its one automatic retry [782.01ms]
publish	Test and inspect the package	2026-10-05T10:22:39.6305666Z (pass) a user-aborted agent_end does not falsely clear main-model recovery [502.20ms]
publish	Test and inspect the package	2026-10-05T10:22:39.9721802Z (pass) recoverable error turns enter generic recovery before stall accounting [341.76ms]
publish	Test and inspect the package	2026-10-05T10:22:40.5776379Z (pass) explicit prompt-policy rejection pauses the owning goal without retrying [605.30ms]
publish	Test and inspect the package	2026-10-05T10:22:40.7611693Z (pass) carryover pause (default): new goal over stale paused goal+list+held loop → ONE summary, goal archived, list+loop kept [182.83ms]
publish	Test and inspect the package	2026-10-05T10:22:41.0135412Z (pass) carryover=clear: new goal drops the queue, dismisses the held loop, archives the paused goal [252.04ms]
publish	Test and inspect the package	2026-10-05T10:22:41.2484977Z (pass) v0.35.4: a recovered sidecar is hydrated before list mutations [235.13ms]
publish	Test and inspect the package	2026-10-05T10:22:41.4979445Z (pass) /loop cancel: first-class alias stops the loop (stopReason recorded) [249.98ms]
publish	Test and inspect the package	2026-10-05T10:22:41.7432198Z (pass) /loop finish persists and notifies the complete six-label recap [242.94ms]
publish	Test and inspect the package	2026-10-05T10:22:41.7765466Z (pass) one-active-thing tool guards: list_activate + propose_loop_draft + propose_goal_draft refuse over the wrong active kind [35.48ms]
publish	Test and inspect the package	2026-10-05T10:22:42.0777556Z (pass) one-active-thing: /goal resume guard remains; the load-time combo is auto-arbitrated (v0.29.6) [297.19ms]
publish	Test and inspect the package	2026-10-05T10:22:42.5341886Z (pass) v0.29.6: stacked state at load is AUTO-ARBITRATED — most recent activity keeps the slot, loser archived (supersedes the 0.28.21 picker) [454.71ms]
publish	Test and inspect the package	2026-10-05T10:22:42.8108395Z (pass) carryover via /list next (pause): summary fires BEFORE the stale item activates; paused goal archived, held loop kept [280.09ms]
publish	Test and inspect the package	2026-10-05T10:22:43.0715971Z (pass) carryover via /list next (clear): the stale queue is dropped BEFORE activation — nothing activates [258.56ms]
publish	Test and inspect the package	2026-10-05T10:22:43.3686810Z (pass) carryover=resume: legacy silent stacking — no summary, queue + held loop untouched [296.61ms]
publish	Test and inspect the package	2026-10-05T10:22:43.7018920Z (pass) /list audit: queues a collect-only audit item with the restart-safe marker [335.13ms]
publish	Test and inspect the package	2026-10-05T10:22:44.2922882Z (pass) /goal decide: content pick → decision sent to the agent + goal resumes [590.38ms]
publish	Test and inspect the package	2026-10-05T10:22:44.6483965Z (pass) /goal decide: Escape (undefined) → goal stays paused, nothing sent [355.87ms]
publish	Test and inspect the package	2026-10-05T10:22:45.0071867Z (pass) /goal decide: command option (/goal cancel) runs the command, not a message [357.24ms]
publish	Test and inspect the package	2026-10-05T10:22:45.1782504Z (pass) /goal decide: no pending decision → notify, no picker [172.46ms]
publish	Test and inspect the package	2026-10-05T10:22:45.3935206Z (pass) /goal status + /goal pause: no goal id in user-facing text (v0.28.24) [212.90ms]
publish	Test and inspect the package	2026-10-05T10:22:45.3997867Z (pass) goal-start notify has no (id: …) suffix (v0.28.24 source pin) [6.44ms]
publish	Test and inspect the package	2026-10-05T10:22:45.7597934Z (pass) v0.34.21 lifecycle: completion audit from a replaced generation leaves the stored claim intact [355.97ms]
publish	Test and inspect the package	2026-10-05T10:22:46.9702847Z (pass) v0.34.119: impossible completion counts reach the durable auditor claim before the worker starts [1214.27ms]
publish	Test and inspect the package	2026-10-05T10:22:47.5994972Z (pass) v0.34.22: complete_goal returns while a detached auditor finishes and archives approval [629.20ms]
publish	Test and inspect the package	2026-10-05T10:22:53.3068533Z (pass) v0.35.x: provider-wall diagnostics stay durable while completion surfaces remain sanitized and deduplicated [5707.33ms]
publish	Test and inspect the package	2026-10-05T10:22:53.3181213Z (pass) v0.35.x: /glla audits full sanitizes active and global reports [9.53ms]
publish	Test and inspect the package	2026-10-05T10:22:53.8975470Z (pass) v0.35.x: bare 403 main recovery sanitizes live surfaces while retaining diagnostics [577.63ms]
publish	Test and inspect the package	2026-10-05T10:22:59.5114827Z [run-tests] progress: 300s elapsed · 6s since last output · 139 KiB of suite output
publish	Test and inspect the package	2026-10-05T10:22:59.8322994Z (pass) v0.35.x: bare 403 completion diagnostics stay durable while completion surfaces remain sanitized [5938.25ms]
publish	Test and inspect the package	2026-10-05T10:23:00.6257947Z (pass) v0.34.119: auditor-approved list completion archives the item and activates exactly the next queue item [793.37ms]
publish	Test and inspect the package	2026-10-05T10:23:01.2388613Z (pass) v0.36.2: approved standalone completion automatically activates a pre-queued list head [612.65ms]
publish	Test and inspect the package	2026-10-05T10:23:01.8075700Z (pass) v0.34.91: detached approval notify carries the agent's completion recap, not process boilerplate [569.04ms]
publish	Test and inspect the package	2026-10-05T10:23:01.9991995Z (pass) v0.34.87: complete_goal on a paused item names the pause + resume verb, not a flat 'No active goal' [188.37ms]
publish	Test and inspect the package	2026-10-05T10:23:02.6638851Z (pass) v0.34.22: detached disapproval resumes the goal with a durable report [667.99ms]
publish	Test and inspect the package	2026-10-05T10:23:03.2282593Z (pass) v0.35.x: a detached approval blocked by the regression shield is not relabeled [564.34ms]
publish	Test and inspect the package	2026-10-05T10:23:04.3466296Z (pass) v0.34.22: an old detached result cannot archive after session replacement [1118.39ms]
publish	Test and inspect the package	2026-10-05T10:23:04.5398905Z (pass) v0.34.21 lifecycle: cold startup holds a recovered claim until explicit resume [193.29ms]
publish	Test and inspect the package	2026-10-05T10:23:05.4852357Z (pass) v0.35.x: validated session handoff auto-retries a parked completion audit [945.19ms]
publish	Test and inspect the package	2026-10-05T10:23:06.6685466Z (pass) v0.35.x: explicit Auto-resume retries a parked claim on cold startup [1183.31ms]
publish	Test and inspect the package	2026-10-05T10:23:07.6421651Z (pass) v0.35.x: manual /list resume retries a parked list completion claim directly [973.57ms]
publish	Test and inspect the package	2026-10-05T10:23:07.7398403Z (pass) v0.35.x: one automatic parked-audit retry is durable across repeated lifecycle events [96.70ms]
publish	Test and inspect the package	2026-10-05T10:23:09.2212997Z (pass) v0.35.x: stale host replacement session_start auto-recovers the parked audit [1482.40ms]
publish	Test and inspect the package	2026-10-05T10:23:10.1552322Z (pass) v0.35.x: healthy same-session heartbeat recovers a parked completion audit without manual resume [933.90ms]
publish	Test and inspect the package	2026-10-05T10:23:15.8424783Z (pass) v0.36.0: exhausted no-verdict auditor chain enters the shared ladder with an automatic retry timer [5687.23ms]
publish	Test and inspect the package	2026-10-05T10:23:21.6111239Z (pass) bounded recovery: initial aggressive completion preserves its horizon and exhausted chain [5768.63ms]
publish	Test and inspect the package	2026-10-05T10:23:27.7321193Z (pass) v0.35.x: stale host loss releases an in-flight completion audit without a verdict [6120.98ms]
publish	Test and inspect the package	2026-10-05T10:23:27.7413909Z (pass) v0.34.29: audit fan-out honors autoAcceptDrafts without opening confirmation [9.40ms]
publish	Test and inspect the package	2026-10-05T10:23:27.7510451Z (pass) v0.34.129: fan-out dedupe does not drop a finding whose prefix appears inside another queue item [9.27ms]
publish	Test and inspect the package	2026-10-05T10:23:27.7733098Z (pass) v0.34.129: fan-out reports cap-deferred findings separately from true queue dedupes [21.20ms]
publish	Test and inspect the package	2026-10-05T10:23:27.7915402Z (pass) v0.34.20 lifecycle: fan-out confirmation from the old generation cannot queue into its replacement [15.49ms]
publish	Test and inspect the package	2026-10-05T10:23:27.8935377Z (pass) v0.34.20 lifecycle: loop measurement abandons the old generation after replacement [103.05ms]
publish	Test and inspect the package	2026-10-05T10:23:27.8965009Z (pass) v0.34.25: a resolved auditor model failure advances to the session fallback without a verdict [0.93ms]
publish	Test and inspect the package	2026-10-05T10:23:28.4601106Z (pass) v0.35.x: zero-stream zombie auto-aborts and parks a list item without a retry storm [565.10ms]
publish	Test and inspect the package	2026-10-05T10:23:28.4905130Z (pass) v0.35.x: zero-stream loop termination preserves and notifies its recap [30.97ms]
publish	Test and inspect the package	2026-10-05T10:23:28.5587720Z (pass) v0.35.4: zombie watchdog stands down while a subagent wait is in flight [69.00ms]
publish	Test and inspect the package	2026-10-05T10:23:28.6105349Z (pass) v0.35.64: a stale subagent probe no longer shields unrelated parent cleanup [49.02ms]
publish	Test and inspect the package	2026-10-05T10:23:28.6398214Z (pass) v0.35.4: context-starved warning is one-shot per refusal episode [32.15ms]
publish	Test and inspect the package	2026-10-05T10:23:28.6444879Z (pass) audit-2026-09-06: measure test-run dialogs disclose the pre-confirm exec [0.53ms]
publish	Test and inspect the package	2026-10-05T10:23:29.1786584Z (pass) tweak carries its revision bump inside the durable patch (no phantom revision) [539.98ms]
publish	Test and inspect the package	2026-10-05T10:23:29.1851360Z (pass) resetContinuationDispatchState clears the in-memory pending ref (S2 audit) [0.55ms]
publish	Test and inspect the package	2026-10-05T10:23:29.1852578Z
publish	Test and inspect the package	2026-10-05T10:23:29.1853203Z ##[endgroup]
publish	Test and inspect the package	2026-10-05T10:23:29.1853815Z
publish	Test and inspect the package	2026-10-05T10:23:29.1854445Z ##[group]tests/task-list.test.ts:
publish	Test and inspect the package	2026-10-05T10:23:29.4417585Z (pass) accepts a reasonable breakdown [0.32ms]
publish	Test and inspect the package	2026-10-05T10:23:29.4428345Z (pass) rejects empty list [0.18ms]
publish	Test and inspect the package	2026-10-05T10:23:29.4431905Z (pass) rejects too many top-level tasks [0.12ms]
publish	Test and inspect the package	2026-10-05T10:23:29.4434142Z (pass) rejects too many subtasks (the anti-drift cap) [0.12ms]
publish	Test and inspect the package	2026-10-05T10:23:29.4434959Z (pass) accepts exactly at the cap [0.08ms]
publish	Test and inspect the package	2026-10-05T10:23:29.4435378Z (pass) rejects empty titles [0.07ms]
publish	Test and inspect the package	2026-10-05T10:23:29.4435834Z (pass) assigns hierarchical ids and pending statuses [0.26ms]
publish	Test and inspect the package	2026-10-05T10:23:29.4436236Z (pass) trims titles [0.07ms]
publish	Test and inspect the package	2026-10-05T10:23:29.4436415Z
publish	Test and inspect the package	2026-10-05T10:23:29.4436814Z ##[endgroup]
publish	Test and inspect the package	2026-10-05T10:23:29.4436943Z
publish	Test and inspect the package	2026-10-05T10:23:29.4437209Z ##[group]tests/goal-state.test.ts:
publish	Test and inspect the package	2026-10-05T10:23:29.5109120Z [run-tests] progress: 330s elapsed · 0s since last output · 143 KiB of suite output
publish	Test and inspect the package	2026-10-05T10:23:29.7269415Z (pass) goal-state.ts owns the state singleton (single source of truth) [1.02ms]
publish	Test and inspect the package	2026-10-05T10:23:29.7304294Z (pass) wholesale state replacement goes through replaceState() only [3.56ms]
publish	Test and inspect the package	2026-10-05T10:23:29.7307995Z (pass) the persistence core lives in goal-state.ts (persistStateLine) [0.46ms]
publish	Test and inspect the package	2026-10-05T10:23:29.7313756Z (pass) replaceState is used at the moved wholesale sites [0.54ms]
publish	Test and inspect the package	2026-10-05T10:23:29.7314383Z
publish	Test and inspect the package	2026-10-05T10:23:29.7314793Z ##[endgroup]
publish	Test and inspect the package	2026-10-05T10:23:29.7319549Z
publish	Test and inspect the package	2026-10-05T10:23:29.7320204Z ##[group]tests/second-gemini-gap.test.ts:
publish	Test and inspect the package	2026-10-05T10:23:29.9742402Z (pass) v0.38.52: gate rows widen the verification table with derived statuses [1.49ms]
publish	Test and inspect the package	2026-10-05T10:23:29.9746467Z (pass) v0.38.52: without gates the 3-col mechanical table is byte-identical [0.70ms]
publish	Test and inspect the package	2026-10-05T10:23:29.9988276Z (pass) v0.38.52: nested findings render Test Results sub-bullets aligned by index [23.88ms]
publish	Test and inspect the package	2026-10-05T10:23:29.9995689Z (pass) v0.38.52: table-mode findings ride test proof in the Evidence cell [0.64ms]
publish	Test and inspect the package	2026-10-05T10:23:29.9998421Z (pass) v0.38.52: sanitizeGateRows drops garbage, clips, caps [0.40ms]
publish	Test and inspect the package	2026-10-05T10:23:29.9999504Z (pass) v0.38.52: sanitizeFindingGroups parses parallel tests [0.23ms]
publish	Test and inspect the package	2026-10-05T10:23:30.0001197Z (pass) v0.38.52: old claims without tests render byte-identical to v0.38.50 [0.28ms]
publish	Test and inspect the package	2026-10-05T10:23:31.3705743Z (pass) v0.38.52: complete_goal gateRows + tests ride the claim into the chat render [1370.17ms]
publish	Test and inspect the package	2026-10-05T10:23:31.3706765Z
publish	Test and inspect the package	2026-10-05T10:23:31.3716578Z ##[endgroup]
publish	Test and inspect the package	2026-10-05T10:23:31.3716799Z
publish	Test and inspect the package	2026-10-05T10:23:31.3717252Z ##[group]tests/truthful-pause-labels.test.ts:
publish	Test and inspect the package	2026-10-05T10:23:31.6285432Z (pass) deliberate user wait is never labeled supervised recovery [2.07ms]
publish	Test and inspect the package	2026-10-05T10:23:31.6291343Z (pass) deliberate wait transitions stay truthful with absent, due, or overdue timers [0.87ms]
publish	Test and inspect the package	2026-10-05T10:23:31.6293406Z (pass) internal retry pauses keep the supervised recovery labels [0.60ms]
publish	Test and inspect the package	2026-10-05T10:23:31.6295191Z (pass) queued healthz implementation never claims a monitor or next check [0.32ms]
publish	Test and inspect the package	2026-10-05T10:23:31.6296481Z (pass) age alone never earns the monitoring label on a queued goal [0.19ms]
publish	Test and inspect the package	2026-10-05T10:23:31.6297722Z
publish	Test and inspect the package	2026-10-05T10:23:31.6298401Z ##[endgroup]
publish	Test and inspect the package	2026-10-05T10:23:31.6298751Z
publish	Test and inspect the package	2026-10-05T10:23:31.6299545Z ##[group]tests/compaction-target-settings.test.ts:
publish	Test and inspect the package	2026-10-05T10:23:31.9079132Z (pass) /glla token-target editor persists shorthand, cancellation, validation, and reset [33.56ms]
publish	Test and inspect the package	2026-10-05T10:23:31.9102609Z (pass) global-only target, defaults, provenance and menu describe the effective policy [2.47ms]
publish	Test and inspect the package	2026-10-05T10:23:32.0322532Z (pass) configured target reaches the actual trigger, idle guard, and hysteresis [121.86ms]
publish	Test and inspect the package	2026-10-05T10:23:32.1555147Z (pass) hand-edited invalid targets safely fall back at runtime [123.18ms]
publish	Test and inspect the package	2026-10-05T10:23:32.1732321Z (pass) headless /glla exposes the chosen token target and source [17.34ms]
publish	Test and inspect the package	2026-10-05T10:23:32.1732936Z
publish	Test and inspect the package	2026-10-05T10:23:32.1733432Z ##[endgroup]
publish	Test and inspect the package	2026-10-05T10:23:32.1733880Z
publish	Test and inspect the package	2026-10-05T10:23:32.1734372Z ##[group]tests/completion-summary-quality.test.ts:
publish	Test and inspect the package	2026-10-05T10:23:32.4545006Z (pass) completion summary quality: validator requires six labels [0.51ms]
publish	Test and inspect the package	2026-10-05T10:23:32.4729760Z (pass) completion summary quality: generic prose and missing labels ledger and NOTE [18.55ms]
publish	Test and inspect the package	2026-10-05T10:23:32.4819132Z (pass) completion summary quality: valid six-label recap passes without missing-label ledger [8.96ms]
publish	Test and inspect the package	2026-10-05T10:23:32.4826361Z (pass) v0.36.0: every terminal outcome gets a six-label recorded-facts fallback [0.58ms]
publish	Test and inspect the package	2026-10-05T10:23:32.4827701Z (pass) v0.36.0: validation annotations cannot satisfy recap-label validation [0.30ms]
publish	Test and inspect the package	2026-10-05T10:23:32.4829723Z (pass) v0.36.0: valid recap is preserved while generic prose is replaced [0.23ms]
publish	Test and inspect the package	2026-10-05T10:23:32.4845429Z (pass) gate and projectors share last-occurrence segmentation on stolen labels [0.36ms]
publish	Test and inspect the package	2026-10-05T10:23:32.4846998Z (pass) v0.36.0: compact recap projection keeps the five human labels and bounds each value [0.30ms]
publish	Test and inspect the package	2026-10-05T10:23:32.4848621Z (pass) v0.36.0: terminal notification projection resolves generic claims from durable facts [0.30ms]
publish	Test and inspect the package	2026-10-05T10:23:32.4850318Z (pass) v0.36.0: fallback never invents changed files or test results [0.21ms]
publish	Test and inspect the package	2026-10-05T10:23:32.4949329Z (pass) v0.36.0: archive boundary replaces a validator annotation with recorded facts [10.64ms]
publish	Test and inspect the package	2026-10-05T10:23:32.5037596Z (pass) v0.36.0: archiveCurrentGoal writes a recap for complete and abort-derived terminal paths [8.84ms]
publish	Test and inspect the package	2026-10-05T10:23:32.5039240Z (pass) completion summary audit doc exists and inventories archives [0.17ms]
publish	Test and inspect the package	2026-10-05T10:23:32.5043861Z (pass) v0.38.104: the recorded-facts archive summary never emits a lone surrogate [0.28ms]
publish	Test and inspect the package	2026-10-05T10:23:32.5044536Z
publish	Test and inspect the package	2026-10-05T10:23:32.5044976Z ##[endgroup]
publish	Test and inspect the package	2026-10-05T10:23:32.5047109Z
publish	Test and inspect the package	2026-10-05T10:23:32.5047712Z ##[group]tests/auditor-fallback-unification.test.ts:
publish	Test and inspect the package	2026-10-05T10:23:32.7928387Z (pass) auditor ordered fallback refs retain order and use the main normalizer [4.30ms]
publish	Test and inspect the package	2026-10-05T10:23:32.8014257Z (pass) auditor keeps all ten fallback slots after a pinned primary [7.41ms]
publish	Test and inspect the package	2026-10-05T10:23:32.8020410Z (pass) auditor forbidden refs are skipped silently and recorded [1.59ms]
publish	Test and inspect the package	2026-10-05T10:23:32.8074964Z (pass) a forbidden auditor primary is skipped before the configured fallback and remains silent [4.27ms]
publish	Test and inspect the package	2026-10-05T10:23:32.8125840Z (pass) auditor retries the same ref, then walks the next untried ref with bounded shared backoff [6.38ms]
publish	Test and inspect the package	2026-10-05T10:23:32.8128380Z (pass) auditor forbidden and duplicate refs are skipped before retry ordering [0.59ms]
publish	Test and inspect the package	2026-10-05T10:23:32.8155482Z (pass) an all-forbidden auditor chain does not launch a forbidden worker [0.27ms]
publish	Test and inspect the package	2026-10-05T10:23:32.8184607Z (pass) non-recoverable auditor failures stop without retrying or advancing [0.36ms]
publish	Test and inspect the package	2026-10-05T10:23:32.8214649Z (pass) auditor wall timeouts and watchdog stalls walk the fallback chain [0.53ms]
publish	Test and inspect the package	2026-10-05T10:23:32.8242923Z (pass) a restarted retry cursor spends the second call once, then advances [0.51ms]
publish	Test and inspect the package	2026-10-05T10:23:32.8269842Z (pass) a crash after launching the retry consumes that retry and advances without a third call [3.54ms]
publish	Test and inspect the package	2026-10-05T10:23:32.8291291Z (pass) infrastructure errors cannot survive as semantic auditor verdicts [0.21ms]
publish	Test and inspect the package	2026-10-05T10:23:32.8327963Z (pass) partial semantic flags cannot bypass fallback recovery [0.42ms]
publish	Test and inspect the package	2026-10-05T10:23:32.8363011Z (pass) same-provider rungs collapse after a provider-class failure [0.55ms]
publish	Test and inspect the package	2026-10-05T10:23:32.8394379Z (pass) cross-provider rungs still walk the full chain [0.62ms]
publish	Test and inspect the package	2026-10-05T10:23:32.8438440Z (pass) account-throttle wording collapses same-provider rungs [0.40ms]
publish	Test and inspect the package	2026-10-05T10:23:32.8464653Z (pass) ambiguous worker death still walks the chain [3.54ms]
publish	Test and inspect the package	2026-10-05T10:23:32.8488776Z (pass) cursor persistence failure fails closed before a retry or fallback [0.43ms]
publish	Test and inspect the package	2026-10-05T10:23:32.8524843Z (pass) auditor and drafter source paths name the shared policy primitives [0.70ms]
publish	Test and inspect the package	2026-10-05T10:23:32.9130040Z (pass) A8: a host abort interrupts the ladder delay instead of stranding the claim in it [87.81ms]
publish	Test and inspect the package	2026-10-05T10:23:32.9616500Z (pass) A7: a cursor-callback refusal while live stays a persistence failure [48.01ms]
publish	Test and inspect the package	2026-10-05T10:23:32.9634774Z (pass) A7: a cursor-callback refusal after a generation handoff stops quietly on the in-hand result [0.40ms]
publish	Test and inspect the package	2026-10-05T10:23:32.9680414Z
publish	Test and inspect the package	2026-10-05T10:23:32.9705758Z ##[endgroup]
publish	Test and inspect the package	2026-10-05T10:23:32.9724320Z
publish	Test and inspect the package	2026-10-05T10:23:32.9745816Z ##[group]tests/goal.schema.test.ts:
publish	Test and inspect the package	2026-10-05T10:23:33.5638143Z unknown format "date-time" ignored in schema at path "#/properties/deferred/properties/at"
publish	Test and inspect the package	2026-10-05T10:23:33.5676267Z unknown format "date-time" ignored in schema at path "#/properties/deferred/properties/at"
publish	Test and inspect the package	2026-10-05T10:23:33.5704859Z unknown format "date-time" ignored in schema at path "#/definitions/auditVerdict/properties/at"
publish	Test and inspect the package	2026-10-05T10:23:33.5709853Z unknown format "date-time" ignored in schema at path "#/definitions/auditVerdict/properties/at"
publish	Test and inspect the package	2026-10-05T10:23:33.5737356Z unknown format "date-time" ignored in schema at path "#/definitions/subagentQuotaEvidence/properties/resetAt"
publish	Test and inspect the package	2026-10-05T10:23:33.5766214Z unknown format "date-time" ignored in schema at path "#/definitions/subagentQuotaEvidence/properties/resetAt"
publish	Test and inspect the package	2026-10-05T10:23:33.5767910Z unknown format "date-time" ignored in schema at path "#/definitions/subagentQuotaEvidence/properties/at"
publish	Test and inspect the package	2026-10-05T10:23:33.5769435Z unknown format "date-time" ignored in schema at path "#/definitions/subagentQuotaEvidence/properties/at"
publish	Test and inspect the package	2026-10-05T10:23:33.5770982Z unknown format "date-time" ignored in schema at path "#/definitions/pendingCompletion/properties/at"
publish	Test and inspect the package	2026-10-05T10:23:33.5773916Z unknown format "date-time" ignored in schema at path "#/definitions/pendingCompletion/properties/at"
publish	Test and inspect the package	2026-10-05T10:23:33.5776249Z unknown format "date-time" ignored in schema at path "#/definitions/pendingCompletion/properties/lastActivityAt"
publish	Test and inspect the package	2026-10-05T10:23:33.5778445Z unknown format "date-time" ignored in schema at path "#/definitions/pendingCompletion/properties/lastActivityAt"
publish	Test and inspect the package	2026-10-05T10:23:33.5780833Z unknown format "date-time" ignored in schema at path "#/definitions/pendingCompletion/properties/verdictAt"
publish	Test and inspect the package	2026-10-05T10:23:33.5782517Z unknown format "date-time" ignored in schema at path "#/definitions/pendingCompletion/properties/verdictAt"
publish	Test and inspect the package	2026-10-05T10:23:33.5784301Z unknown format "date-time" ignored in schema at path "#/definitions/pendingCompletion/properties/startedAt"
publish	Test and inspect the package	2026-10-05T10:23:33.5785898Z unknown format "date-time" ignored in schema at path "#/definitions/pendingCompletion/properties/startedAt"
publish	Test and inspect the package	2026-10-05T10:23:33.5787837Z unknown format "date-time" ignored in schema at path "#/definitions/pendingCompletion/properties/recoveryAt"
publish	Test and inspect the package	2026-10-05T10:23:33.5790422Z unknown format "date-time" ignored in schema at path "#/definitions/pendingCompletion/properties/recoveryAt"
publish	Test and inspect the package	2026-10-05T10:23:33.5792037Z unknown format "date-time" ignored in schema at path "#/definitions/pendingCompletion/properties/recoveryRetryAt"
publish	Test and inspect the package	2026-10-05T10:23:33.5793876Z unknown format "date-time" ignored in schema at path "#/definitions/pendingCompletion/properties/recoveryRetryAt"
publish	Test and inspect the package	2026-10-05T10:23:33.5796404Z unknown format "date-time" ignored in schema at path "#/definitions/pendingCompletion/properties/automaticRecoveryAt"
publish	Test and inspect the package	2026-10-05T10:23:33.5798117Z unknown format "date-time" ignored in schema at path "#/definitions/pendingCompletion/properties/automaticRecoveryAt"
publish	Test and inspect the package	2026-10-05T10:23:33.5801389Z unknown format "date-time" ignored in schema at path "#/definitions/pendingCompletion/properties/automaticRecoveryFirstAt"
publish	Test and inspect the package	2026-10-05T10:23:33.5804112Z unknown format "date-time" ignored in schema at path "#/definitions/pendingCompletion/properties/automaticRecoveryFirstAt"
publish	Test and inspect the package	2026-10-05T10:23:33.5806096Z unknown format "date-time" ignored in schema at path "#/definitions/pendingCompletion/properties/automaticRecoveryUntil"
publish	Test and inspect the package	2026-10-05T10:23:33.5807877Z unknown format "date-time" ignored in schema at path "#/definitions/pendingCompletion/properties/automaticRecoveryUntil"
publish	Test and inspect the package	2026-10-05T10:23:33.5809589Z unknown format "date-time" ignored in schema at path "#/definitions/pendingCompletion/properties/retryFirstAt"
publish	Test and inspect the package	2026-10-05T10:23:33.5811210Z unknown format "date-time" ignored in schema at path "#/definitions/pendingCompletion/properties/retryFirstAt"
publish	Test and inspect the package	2026-10-05T10:23:33.5812772Z unknown format "date-time" ignored in schema at path "#/definitions/pendingCompletion/properties/retryUntil"
publish	Test and inspect the package	2026-10-05T10:23:33.5814561Z unknown format "date-time" ignored in schema at path "#/definitions/pendingCompletion/properties/retryUntil"
publish	Test and inspect the package	2026-10-05T10:23:33.5816196Z unknown format "date-time" ignored in schema at path "#/definitions/pendingCompletion/properties/quotaFirstAt"
publish	Test and inspect the package	2026-10-05T10:23:33.5817810Z unknown format "date-time" ignored in schema at path "#/definitions/pendingCompletion/properties/quotaFirstAt"
publish	Test and inspect the package	2026-10-05T10:23:33.5819496Z unknown format "date-time" ignored in schema at path "#/definitions/pendingCompletion/properties/quotaAutoRetryUntil"
publish	Test and inspect the package	2026-10-05T10:23:33.5821230Z unknown format "date-time" ignored in schema at path "#/definitions/pendingCompletion/properties/quotaAutoRetryUntil"
publish	Test and inspect the package	2026-10-05T10:23:33.5822989Z unknown format "date-time" ignored in schema at path "#/definitions/pendingCompletion/properties/resetAt"
publish	Test and inspect the package	2026-10-05T10:23:33.5824730Z unknown format "date-time" ignored in schema at path "#/definitions/pendingCompletion/properties/resetAt"
publish	Test and inspect the package	2026-10-05T10:23:33.5826476Z unknown format "date-time" ignored in schema at path "#/definitions/pendingCompletion/properties/auditorRetryAttemptStartedAt"
publish	Test and inspect the package	2026-10-05T10:23:33.5829201Z unknown format "date-time" ignored in schema at path "#/definitions/pendingCompletion/properties/auditorRetryAttemptStartedAt"
publish	Test and inspect the package	2026-10-05T10:23:33.5831083Z unknown format "date-time" ignored in schema at path "#/definitions/pendingCompletion/properties/auditorFailureAt"
publish	Test and inspect the package	2026-10-05T10:23:33.5832776Z unknown format "date-time" ignored in schema at path "#/definitions/pendingCompletion/properties/auditorFailureAt"
publish	Test and inspect the package	2026-10-05T10:23:33.5834651Z unknown format "date-time" ignored in schema at path "#/definitions/objectiveRepair/properties/at"
publish	Test and inspect the package	2026-10-05T10:23:33.5836173Z unknown format "date-time" ignored in schema at path "#/definitions/objectiveRepair/properties/at"
publish	Test and inspect the package	2026-10-05T10:23:33.5865225Z unknown format "date-time" ignored in schema at path "#/definitions/objectiveRepairTarget/properties/replanPromptedAt"
publish	Test and inspect the package	2026-10-05T10:23:33.5869506Z unknown format "date-time" ignored in schema at path "#/definitions/objectiveRepairTarget/properties/replanPromptedAt"
publish	Test and inspect the package	2026-10-05T10:23:33.5899825Z unknown format "date-time" ignored in schema at path "#/properties/createdAt"
publish	Test and inspect the package	2026-10-05T10:23:33.5934638Z unknown format "date-time" ignored in schema at path "#/properties/createdAt"
publish	Test and inspect the package	2026-10-05T10:23:33.5957260Z unknown format "date-time" ignored in schema at path "#/properties/updatedAt"
publish	Test and inspect the package	2026-10-05T10:23:33.5964788Z unknown format "date-time" ignored in schema at path "#/properties/updatedAt"
publish	Test and inspect the package	2026-10-05T10:23:33.6176208Z (pass) schema accepts active goal and queued-list goal fixtures [1.71ms]
publish	Test and inspect the package	2026-10-05T10:23:33.6195097Z (pass) schema rejects invalid status and missing required usage [0.38ms]
publish	Test and inspect the package	2026-10-05T10:23:33.6197239Z (pass) schema validates nested task and audit-verdict required fields [0.35ms]
publish	Test and inspect the package	2026-10-05T10:23:33.6198258Z
publish	Test and inspect the package	2026-10-05T10:23:33.6198926Z ##[endgroup]
publish	Test and inspect the package	2026-10-05T10:23:33.6199318Z
publish	Test and inspect the package	2026-10-05T10:23:33.6199893Z ##[group]tests/host-session-lost.test.ts:
publish	Test and inspect the package	2026-10-05T10:23:33.8835138Z (pass) classifySessionHandleInvalidation: each mechanism maps to its reason [0.35ms]
publish	Test and inspect the package	2026-10-05T10:23:34.0999585Z (pass) host loss without any lifecycle shutdown classifies silent_handle_death [217.36ms]
publish	Test and inspect the package	2026-10-05T10:23:34.4518778Z (pass) fresh session_start consumes the stale arm and re-arms the goal continuation [351.96ms]
publish	Test and inspect the package	2026-10-05T10:23:34.6380134Z (pass) completed idle state does not probe a disposed session handle [186.06ms]
publish	Test and inspect the package	2026-10-05T10:23:34.7982092Z (pass) paused idle state does not probe a disposed session handle [160.13ms]
publish	Test and inspect the package	2026-10-05T10:23:34.9862463Z (pass) held loop does not probe a disposed session handle [186.29ms]
publish	Test and inspect the package	2026-10-05T10:23:35.1655347Z (pass) ended subagent probes do not keep idle state probing a disposed handle [180.85ms]
publish	Test and inspect the package	2026-10-05T10:23:35.3322022Z (pass) stale-recovery debt still probes for same-process self-heal [162.91ms]
publish	Test and inspect the package	2026-10-05T10:23:35.5055600Z (pass) parked completion-audit recovery debt does not become an unprobed idle plane [176.32ms]
publish	Test and inspect the package	2026-10-05T10:23:35.6899614Z (pass) a normal fresh session does not fabricate stale continuation debt [183.38ms]
publish	Test and inspect the package	2026-10-05T10:23:35.8880835Z (pass) an explicit reload boundary is durable and does not masquerade as host loss [199.41ms]
publish	Test and inspect the package	2026-10-05T10:23:36.0886364Z (pass) a replacement window absorbs a handle swap before invalidation [200.71ms]
publish	Test and inspect the package	2026-10-05T10:23:36.2704665Z (pass) a lifecycle shutdown suppresses the terminal entirely — no loss event [181.35ms]
publish	Test and inspect the package	2026-10-05T10:23:36.2785113Z (pass) source pin: the emission classifies the reason instead of hardcoding unknown [6.05ms]
publish	Test and inspect the package	2026-10-05T10:23:36.2810168Z (pass) source pin: the classifier and its enum are exported [3.68ms]
publish	Test and inspect the package	2026-10-05T10:23:36.4632175Z (pass) note.md screenshot repro — live update_task_status self-heals a stale park and clears host session lost banner [183.39ms]
publish	Test and inspect the package	2026-10-05T10:23:36.8142416Z (pass) live session_compact event self-heals a stale park in place [351.03ms]
publish	Test and inspect the package	2026-10-05T10:23:36.8143349Z
publish	Test and inspect the package	2026-10-05T10:23:36.8144311Z ##[endgroup]
publish	Test and inspect the package	2026-10-05T10:23:36.8165547Z
publish	Test and inspect the package	2026-10-05T10:23:36.8175026Z ##[group]tests/auditor-picker-parity.test.ts:
publish	Test and inspect the package	2026-10-05T10:23:37.1141490Z (pass) v0.35.24: the auditor picker persists its selection where resolveAuditorModel reads it [20.34ms]
publish	Test and inspect the package	2026-10-05T10:23:37.1172795Z (pass) v0.35.24: a typed forbidden ref is REFUSED by the auditor picker, never persisted [3.25ms]
publish	Test and inspect the package	2026-10-05T10:23:37.1179280Z (pass) v0.36.0: the ordered auditor fallback picker applies the same filtering [0.68ms]
publish	Test and inspect the package	2026-10-05T10:23:37.1197804Z (pass) v0.36.0: the ordered auditor fallback picker keeps the first ten refs in typed order [1.83ms]
publish	Test and inspect the package	2026-10-05T10:23:37.1201593Z (pass) v0.35.24: buildModelPickItems excludes forbidden refs for the auditor slot (list-level filter) [0.36ms]
publish	Test and inspect the package	2026-10-05T10:23:37.1202409Z
publish	Test and inspect the package	2026-10-05T10:23:37.1202877Z ##[endgroup]
publish	Test and inspect the package	2026-10-05T10:23:37.1206353Z
publish	Test and inspect the package	2026-10-05T10:23:37.1207027Z ##[group]tests/compaction-input.test.ts:
publish	Test and inspect the package	2026-10-05T10:23:37.3991396Z (pass) bounds successful assistant, tool-call, and tool-result content while preserving pairing [24.49ms]
publish	Test and inspect the package	2026-10-05T10:23:37.3995306Z (pass) retains the newest goal payload and marks older payloads without changing message order [0.57ms]
publish	Test and inspect the package	2026-10-05T10:23:37.3998518Z (pass) replaces image blocks while retaining the surrounding message structure [0.34ms]
publish	Test and inspect the package	2026-10-05T10:23:37.4003404Z (pass) keeps the total bounded for a tiny caller budget with a previous summary [0.43ms]
publish	Test and inspect the package	2026-10-05T10:23:37.4006072Z (pass) bounds a previous compaction summary without changing the preparation contract [0.18ms]
publish	Test and inspect the package	2026-10-05T10:23:37.4008432Z (pass) leaves preparation metadata and fileOps untouched [0.39ms]
publish	Test and inspect the package	2026-10-05T10:23:37.4022395Z (pass) applies one coordinated budget to summarize and turn-prefix arrays [1.21ms]
publish	Test and inspect the package	2026-10-05T10:23:37.4024213Z (pass) returns no compaction result and tolerates a missing preparation [0.10ms]
publish	Test and inspect the package	2026-10-05T10:23:37.4026688Z (pass) preserves both preparation-array identities when projection is a no-op [0.21ms]
publish	Test and inspect the package	2026-10-05T10:23:37.4027757Z (pass) preserves the untouched half when only one preparation array needs projection [0.27ms]
publish	Test and inspect the package	2026-10-05T10:23:37.4046689Z (pass) bounds every supported preparation shape and preserves pairing/order [1.96ms]
publish	Test and inspect the package	2026-10-05T10:23:37.4061507Z (pass) second projection is idempotent [0.25ms]
publish	Test and inspect the package	2026-10-05T10:23:37.4062522Z (pass) contains malformed preparation records without changing their positions [0.28ms]
publish	Test and inspect the package	2026-10-05T10:23:37.4063951Z (pass) keeps malformed interleaved tool results paired with their calls [0.25ms]
publish	Test and inspect the package	2026-10-05T10:23:38.9945322Z (pass) enforces a hard bound for arbitrarily many tiny messages [1588.56ms]
publish	Test and inspect the package	2026-10-05T10:23:39.0643368Z (pass) keeps complete tool groups when high message counts force omission [69.09ms]
publish	Test and inspect the package	2026-10-05T10:23:39.0644311Z
publish	Test and inspect the package	2026-10-05T10:23:39.0645039Z ##[endgroup]
publish	Test and inspect the package	2026-10-05T10:23:39.0645276Z
publish	Test and inspect the package	2026-10-05T10:23:39.0645762Z ##[group]tests/pending-claim-lifecycle.test.ts:
publish	Test and inspect the package	2026-10-05T10:23:39.6815480Z (pass) /goal verify on a healthy pending audit reports the awaiting state without touching the claim [359.65ms]
publish	Test and inspect the package	2026-10-05T10:23:40.0896782Z (pass) /goal verify on an approved-but-unarchived claim settles it instead of re-auditing [408.96ms]
publish	Test and inspect the package	2026-10-05T10:23:40.4205243Z (pass) a durable pending audit survives cold reload parked with its identity and no submission [331.01ms]
publish	Test and inspect the package	2026-10-05T10:23:40.7790527Z (pass) /goal verify on a recovery-pending claim resumes it instead of overwriting the cursor [358.55ms]
publish	Test and inspect the package	2026-10-05T10:23:41.1048754Z (pass) A2: a retry rotates the attempt but keeps priorAttemptId lineage and reaps the old job dir [325.56ms]
publish	Test and inspect the package	2026-10-05T10:23:41.1049628Z
publish	Test and inspect the package	2026-10-05T10:23:41.1050163Z ##[endgroup]
publish	Test and inspect the package	2026-10-05T10:23:41.1267390Z
publish	Test and inspect the package	2026-10-05T10:23:41.1269522Z ##[group]tests/mechanical-inconclusive.test.ts:
publish	Test and inspect the package	2026-10-05T10:23:41.4945194Z (pass) loadScaledTimeoutMs: 1× at or under cpu count [0.43ms]
publish	Test and inspect the package	2026-10-05T10:23:41.4963264Z (pass) loadScaledTimeoutMs: linear past cpu count, capped at 2× [0.05ms]
publish	Test and inspect the package	2026-10-05T10:23:41.4965140Z (pass) loadScaledTimeoutMs: unusable inputs degrade to base, never unbounded [0.08ms]
publish	Test and inspect the package	2026-10-05T10:23:41.4966900Z (pass) scaledMechanicalTimeoutMs: live-load wrapper stays within [base, 2×base] [0.53ms]
publish	Test and inspect the package	2026-10-05T10:23:41.4968200Z (pass) containmentReason: maps flags in timeout-first order [0.12ms]
publish	Test and inspect the package	2026-10-05T10:23:41.4969440Z (pass) mechanicalPreAuditVerdict: fail keeps the historical fast-fail shape [0.16ms]
publish	Test and inspect the package	2026-10-05T10:23:41.4970908Z (pass) mechanicalPreAuditVerdict: inconclusive becomes infra error, never disapproval [0.11ms]
publish	Test and inspect the package	2026-10-05T10:23:41.5367346Z (pass) mechanical run: green command passes [43.00ms]
publish	Test and inspect the package	2026-10-05T10:23:41.5806143Z (pass) mechanical run: red command fails (not inconclusive) [44.10ms]
publish	Test and inspect the package	2026-10-05T10:23:41.5807754Z (pass) mechanical run: unsafe syntax fails (not inconclusive) [0.34ms]
publish	Test and inspect the package	2026-10-05T10:23:41.6899508Z (pass) mechanical run: killed gate is inconclusive with reason [108.95ms]
publish	Test and inspect the package	2026-10-05T10:23:41.6900768Z (pass) mechanical run: empty command list passes [0.16ms]
publish	Test and inspect the package	2026-10-05T10:23:41.6901308Z
publish	Test and inspect the package	2026-10-05T10:23:41.6901868Z ##[endgroup]
publish	Test and inspect the package	2026-10-05T10:23:41.6904200Z
publish	Test and inspect the package	2026-10-05T10:23:41.6904639Z ##[group]tests/disk-first-queue.test.ts:
publish	Test and inspect the package	2026-10-05T10:23:41.9467028Z (pass) writeQueueItemFile: atomic, lands in .pi-glla/goals/<id>.queue.json [0.98ms]
publish	Test and inspect the package	2026-10-05T10:23:41.9474392Z (pass) writeQueueItemFile: idempotent on retry (no overwrite) [0.49ms]
publish	Test and inspect the package	2026-10-05T10:23:41.9476723Z (pass) writeQueueItemFile: refuses to follow symlinks (symlink-safety) [0.62ms]
publish	Test and inspect the package	2026-10-05T10:23:41.9477633Z (pass) writeQueueItemFile: survives an existing temp residual [0.59ms]
publish	Test and inspect the package	2026-10-05T10:23:41.9752049Z (pass) deleteQueueItemFile: returns true when present, false when missing [27.33ms]
publish	Test and inspect the package	2026-10-05T10:23:41.9761698Z (pass) clearQueueItemFiles: removes orphaned sidecars and is idempotent [1.17ms]
publish	Test and inspect the package	2026-10-05T10:23:41.9770889Z (pass) readQueueFromDisk: returns queue items, in id order, skipping garbage [0.88ms]
publish	Test and inspect the package	2026-10-05T10:23:41.9778464Z (pass) readQueueFromDisk: excludeIds removes ids that are active or archived [0.73ms]
publish	Test and inspect the package	2026-10-05T10:23:41.9779746Z (pass) readQueueFromDisk: missing goals/ dir returns [] (not throw) [0.17ms]
publish	Test and inspect the package	2026-10-05T10:23:41.9786456Z (pass) round-trip: write then read returns identical items [0.62ms]
publish	Test and inspect the package	2026-10-05T10:23:41.9796486Z (pass) queueItemPath: stable relative shape [0.10ms]
publish	Test and inspect the package	2026-10-05T10:23:41.9797289Z (pass) v0.34.61: addSingleItem is disk-first (sidecar before state mutation) [0.30ms]
publish	Test and inspect the package	2026-10-05T10:23:41.9798175Z (pass) v0.34.61: list-draft path is disk-first (sidecar before state mutation) [0.21ms]
publish	Test and inspect the package	2026-10-05T10:23:41.9812620Z (pass) v0.35.0: remove/clear/cancel/glla_wipe clear queue sidecars [0.83ms]
publish	Test and inspect the package	2026-10-05T10:23:41.9814892Z (pass) v0.34.61: crash-simulation — sidecar survives state death and reload finds it [0.61ms]
publish	Test and inspect the package	2026-10-05T10:23:41.9817076Z (pass) v0.35.4: queue metadata round-trips and recovery uses durable order [0.99ms]
publish	Test and inspect the package	2026-10-05T10:23:41.9820958Z (pass) v0.35.4: failed sidecar writes are reported without leaving temp files [0.36ms]
publish	Test and inspect the package	2026-10-05T10:23:41.9826188Z (pass) v0.35.4: queue recovery and carryover clear use durable sidecars [0.51ms]
publish	Test and inspect the package	2026-10-05T10:23:41.9826643Z
publish	Test and inspect the package	2026-10-05T10:23:41.9827007Z ##[endgroup]
publish	Test and inspect the package	2026-10-05T10:23:41.9830598Z
publish	Test and inspect the package	2026-10-05T10:23:41.9831016Z ##[group]tests/auditor-challenge-record.test.ts:
publish	Test and inspect the package	2026-10-05T10:23:42.9071557Z (pass) challenge-record: a confirmed approval records challenge=confirmed on the verdict [668.57ms]
publish	Test and inspect the package	2026-10-05T10:23:43.6423301Z (pass) challenge-record: a single-round disapproval records challenge=not-applicable [735.12ms]
publish	Test and inspect the package	2026-10-05T10:23:43.6424595Z
publish	Test and inspect the package	2026-10-05T10:23:43.6425251Z ##[endgroup]
publish	Test and inspect the package	2026-10-05T10:23:43.6427721Z
publish	Test and inspect the package	2026-10-05T10:23:43.6430761Z ##[group]tests/subagent-hang-detection.test.ts:
publish	Test and inspect the package	2026-10-05T10:23:43.9007322Z (pass) v0.35.65: snapshots use live manager counters and expose honest phase/elapsed data [0.72ms]
publish	Test and inspect the package	2026-10-05T10:23:43.9008230Z (pass) v0.35.65: queued manager records stay queued and do not masquerade as active work [0.24ms]
publish	Test and inspect the package	2026-10-05T10:23:44.4535092Z (pass) current pi-subagents async lifecycle and status.json drive live counters [553.35ms]
publish	Test and inspect the package	2026-10-05T10:23:44.9412210Z (pass) current v1 stop RPC is selected after the status artifact proves top-level ownership [487.67ms]
publish	Test and inspect the package	2026-10-05T10:23:44.9414493Z (pass) classify: a running subagent with no new progress for 5m is hung [0.32ms]
publish	Test and inspect the package	2026-10-05T10:23:44.9416346Z (pass) classify: sub-5m silence is not hung (5m floor, shorter than the auditor's 10m) [0.13ms]
publish	Test and inspect the package	2026-10-05T10:23:44.9418157Z (pass) classify: a NEW tool use refreshes the streak (working, not wedged) [0.16ms]
publish	Test and inspect the package	2026-10-05T10:23:44.9419863Z (pass) classify: NEW output tokens refresh the streak (long think, still alive) [0.10ms]
publish	Test and inspect the package	2026-10-05T10:23:44.9421585Z (pass) classify: ended / non-running records are not hung (watch stops) [0.13ms]
publish	Test and inspect the package	2026-10-05T10:23:44.9423207Z (pass) v0.34.102: a vanished/unreachable record falls back to event-only evidence (field: pully 118m wedge) [0.15ms]
publish	Test and inspect the package	2026-10-05T10:23:45.4248615Z (pass) hang detection surfaces ui.notify + ledger `subagent_hang_detected` via the heartbeat scan [482.61ms]
publish	Test and inspect the package	2026-10-05T10:23:46.0934130Z (pass) hang warning is throttled — one alert per 5m streak window, not per tick [668.39ms]
publish	Test and inspect the package	2026-10-05T10:23:46.7684469Z (pass) long frozen tracked child requests one bounded child-specific abort after the warning window [675.03ms]
publish	Test and inspect the package	2026-10-05T10:23:47.2451915Z (pass) progress arriving before escalation cancels the action and starts a fresh episode [476.70ms]
publish	Test and inspect the package	2026-10-05T10:23:47.9119273Z (pass) event-only child reaches an honest unavailable-action record, never a guessed abort [666.80ms]
publish	Test and inspect the package	2026-10-05T10:23:48.4050064Z (pass) nested child is not eligible for top-level automatic abort [493.13ms]
publish	Test and inspect the package	2026-10-05T10:23:48.9139664Z (pass) v0.35.65: an old-generation child cannot receive a stop RPC after host rebind [508.11ms]
publish	Test and inspect the package	2026-10-05T10:23:49.4218301Z (pass) host rebind retires healthy event-only evidence and admits fresh same-generation progress [508.60ms]
publish	Test and inspect the package	2026-10-05T10:23:49.9122730Z (pass) v0.34.102: event-only hang surfaces `subagent_hang_detected` with evidence=event-only when no manager record exists [490.39ms]
publish	Test and inspect the package	2026-10-05T10:23:50.5916765Z (pass) completed/failed events end the watch — no hang alert after completion [679.40ms]
publish	Test and inspect the package	2026-10-05T10:23:51.2373343Z (pass) compacted/steered events refresh the streak (secondary progress evidence) [645.63ms]
publish	Test and inspect the package	2026-10-05T10:23:51.5979423Z (pass) malformed hang inputs are dropped, not crashy [360.63ms]
publish	Test and inspect the package	2026-10-05T10:23:51.6026754Z (pass) source pins: constants, watchdog wiring, and ledger key [4.88ms]
publish	Test and inspect the package	2026-10-05T10:23:52.6353199Z (pass) v0.34.105: hang scan runs during main-model recovery (quota wall blinds the watchdog before the fix) [1032.37ms]
publish	Test and inspect the package	2026-10-05T10:23:52.6355005Z (pass) v0.34.105 source pin: subagent scan precedes the main-model-recovery early return in heartbeatTick [0.24ms]
publish	Test and inspect the package	2026-10-05T10:23:52.6357049Z (pass) v0.38.104 releasing the RPC host unsubscribes the readiness listeners it installed [0.35ms]
publish	Test and inspect the package	2026-10-05T10:23:52.6357796Z
publish	Test and inspect the package	2026-10-05T10:23:52.6358165Z ##[endgroup]
publish	Test and inspect the package	2026-10-05T10:23:52.6361412Z
publish	Test and inspect the package	2026-10-05T10:23:52.6361980Z ##[group]tests/structured-summary.test.ts:
publish	Test and inspect the package	2026-10-05T10:23:52.8945818Z (pass) renderer removes empty evidence parentheses without losing the finding [1.04ms]
publish	Test and inspect the package	2026-10-05T10:23:52.8948652Z (pass) headline echo uses the Outcome lead paragraph, never flattened headers [2.28ms]
publish	Test and inspect the package	2026-10-05T10:23:52.8950226Z (pass) detector: two ##/### headers earn the structured path, one does not [0.14ms]
publish	Test and inspect the package	2026-10-05T10:23:52.9192307Z (pass) extractor preserves newlines and tables, segments other labels [24.26ms]
publish	Test and inspect the package	2026-10-05T10:23:52.9193337Z (pass) extractor: last line-anchored restatement wins [0.24ms]
publish	Test and inspect the package	2026-10-05T10:23:52.9206304Z (pass) card: structured Outcome renders a full ### Summary section, headline stays short [1.28ms]
publish	Test and inspect the package	2026-10-05T10:23:52.9225225Z (pass) card: unstructured summaries keep today's shape — no Summary section [0.63ms]
publish	Test and inspect the package	2026-10-05T10:23:52.9241423Z (pass) card: one-action Next survives the structured body [0.73ms]
publish	Test and inspect the package	2026-10-05T10:23:52.9242745Z (pass) card: machine paths stay archive-only inside structured lines [0.75ms]
publish	Test and inspect the package	2026-10-05T10:23:52.9300494Z (pass) guard: pathological structured values end with an honest pointer [7.29ms]
publish	Test and inspect the package	2026-10-05T10:23:52.9307886Z (pass) doctrine: horizon lives in Summary, Next names only the immediate move [0.71ms]
publish	Test and inspect the package	2026-10-05T10:23:52.9315524Z (pass) archive human layer carries the same Summary section [0.78ms]
publish	Test and inspect the package	2026-10-05T10:23:52.9316773Z
publish	Test and inspect the package	2026-10-05T10:23:52.9317497Z ##[endgroup]
publish	Test and inspect the package	2026-10-05T10:23:52.9321128Z
publish	Test and inspect the package	2026-10-05T10:23:52.9321852Z ##[group]tests/list-subtasks.test.ts:
publish	Test and inspect the package	2026-10-05T10:23:53.1860537Z (pass) v0.35.72: visible hierarchical positions map to flat queue indexes [0.63ms]
publish	Test and inspect the package	2026-10-05T10:23:53.1865910Z (pass) v0.34.81: SUBTASK_MARKER is line-start + case-insensitive [0.26ms]
publish	Test and inspect the package	2026-10-05T10:23:53.1867445Z (pass) v0.34.81: extractSubtaskParent — no marker → undefined parent [0.11ms]
publish	Test and inspect the package	2026-10-05T10:23:53.1868719Z (pass) v0.34.81: extractSubtaskParent — em-dash splits parent/child [0.21ms]
publish	Test and inspect the package	2026-10-05T10:23:53.1870160Z (pass) v0.34.81: extractSubtaskParent — en-dash and hyphen-separator both work [0.14ms]
publish	Test and inspect the package	2026-10-05T10:23:53.2116307Z (pass) v0.34.81: extractSubtaskParent — hyphen WITHOUT spaces does NOT split [24.62ms]
publish	Test and inspect the package	2026-10-05T10:23:53.2118487Z (pass) v0.34.81: extractSubtaskParent — no separator captures parent only, empty child [0.24ms]
publish	Test and inspect the package	2026-10-05T10:23:53.2126173Z (pass) v0.34.81: extractSubtaskParent — multi-line child objective survives marker strip [0.14ms]
publish	Test and inspect the package	2026-10-05T10:23:53.2127345Z (pass) v0.34.81: parseListItemDeclaration — child objective keeps its own Parallel + Done when [0.39ms]
publish	Test and inspect the package	2026-10-05T10:23:53.2128447Z (pass) v0.34.81: parseListItemDeclaration — no marker means parentObjective is undefined [0.20ms]
publish	Test and inspect the package	2026-10-05T10:23:53.2139207Z (pass) v0.34.81: parentId round-trips through writeQueueItemFile → readQueueFromDisk [1.58ms]
publish	Test and inspect the package	2026-10-05T10:23:53.2145312Z (pass) v0.34.81: readQueueFromDisk ignores malformed parentId (non-string) [0.52ms]
publish	Test and inspect the package	2026-10-05T10:23:53.2183934Z (pass) v0.34.81: wiring — parse in core, resolve/refuse/cascade in goal.ts [3.91ms]
publish	Test and inspect the package	2026-10-05T10:23:53.4244905Z (pass) v0.34.81 (behavioral): list_add with a subtask binds parentId to the matching queue item [204.70ms]
publish	Test and inspect the package	2026-10-05T10:23:53.6597494Z (pass) v0.34.81 (behavioral): unresolved parent refuses that child, other items still land [236.39ms]
publish	Test and inspect the package	2026-10-05T10:23:54.0525104Z (pass) v0.34.81 (behavioral): explicit pick on a group refuses loudly (no silent jump) [392.66ms]
publish	Test and inspect the package	2026-10-05T10:23:54.2366772Z (pass) v0.34.81 (behavioral): auto-advance skips a head group and lands on its first open child [173.35ms]
publish	Test and inspect the package	2026-10-05T10:23:54.4145045Z (pass) audit-2026-09-06: auto-advance head-group skip is ledgered, not silent [183.86ms]
publish	Test and inspect the package	2026-10-05T10:23:54.5065307Z (pass) v0.38.104: list_activate accepts the dotted child label the queue prints [95.07ms]
publish	Test and inspect the package	2026-10-05T10:23:54.5154836Z (pass) v0.38.104 (schema pin): list_activate's `n` accepts the child-label string form [7.65ms]
publish	Test and inspect the package	2026-10-05T10:23:54.7488795Z (pass) C4 (behavioral): /list remove on a group cascades to its queued children [230.28ms]
publish	Test and inspect the package	2026-10-05T10:23:55.8809558Z (pass) C4 (behavioral): /list remove on a group with a live child is refused [1134.45ms]
publish	Test and inspect the package	2026-10-05T10:23:55.8810302Z
publish	Test and inspect the package	2026-10-05T10:23:55.8833977Z ##[endgroup]
publish	Test and inspect the package	2026-10-05T10:23:55.8835649Z
publish	Test and inspect the package	2026-10-05T10:23:55.8836173Z ##[group]tests/prompt-pivot-detection.test.ts:
publish	Test and inspect the package	2026-10-05T10:23:56.1902130Z (pass) continuation prompt has the PIVOT DETECTION section (item 26) [17.42ms]
publish	Test and inspect the package	2026-10-05T10:23:56.1903908Z (pass) isFullAuditObjective classifies survey pivots (item 28) [0.09ms]
publish	Test and inspect the package	2026-10-05T10:23:56.1905153Z (pass) orchestrator injects the FULL-AUDIT directive conditionally (item 28) [0.26ms]
publish	Test and inspect the package	2026-10-05T10:23:56.1907300Z (pass) continuation prompt includes the latest auditor report verbatim [0.38ms]
publish	Test and inspect the package	2026-10-05T10:23:56.1911780Z (pass) stale-approval directive mirrors the numeric-revision gate, never legacy entries [0.40ms]
publish	Test and inspect the package	2026-10-05T10:23:56.1912306Z
publish	Test and inspect the package	2026-10-05T10:23:56.1912704Z ##[endgroup]
publish	Test and inspect the package	2026-10-05T10:23:56.1916494Z
publish	Test and inspect the package	2026-10-05T10:23:56.1917094Z ##[group]tests/ui-command-view-audit.test.ts:
publish	Test and inspect the package	2026-10-05T10:23:56.4840010Z (pass) held loop status preserves its meaning and names the actual resume command [31.91ms]
publish	Test and inspect the package	2026-10-05T10:23:56.4868994Z (pass) compact settling status reports archive debt instead of worker silence [3.08ms]
publish	Test and inspect the package	2026-10-05T10:23:56.4898409Z (pass) paused goal status includes its saved next action without inventing one [2.87ms]
publish	Test and inspect the package	2026-10-05T10:23:56.4900154Z
publish	Test and inspect the package	2026-10-05T10:23:56.4900887Z ##[endgroup]
publish	Test and inspect the package	2026-10-05T10:23:56.4903475Z
publish	Test and inspect the package	2026-10-05T10:23:56.4904284Z ##[group]tests/stuck-detection-rework.test.ts:
publish	Test and inspect the package	2026-10-05T10:23:56.7464981Z (pass) trigramSimilarity: identity = 1, disjoint = 0, empties [0.50ms]
publish	Test and inspect the package	2026-10-05T10:23:56.7470765Z (pass) trigramSimilarity: similar but not identical [0.25ms]
publish	Test and inspect the package	2026-10-05T10:23:56.7471711Z (pass) isNudgeTurn: tool use resets the brake even on empty text [0.05ms]
publish	Test and inspect the package	2026-10-05T10:23:56.7472666Z (pass) isNudgeTurn: short no-tool turn is always a nudge [0.09ms]
publish	Test and inspect the package	2026-10-05T10:23:56.7474615Z (pass) isNudgeTurn: substantive paragraph (≥15 words, novel) is NOT a nudge (the polis incident) [0.43ms]
publish	Test and inspect the package	2026-10-05T10:23:56.7475789Z (pass) isNudgeTurn: long + repetitive text IS a nudge [0.40ms]
publish	Test and inspect the package	2026-10-05T10:23:56.7476941Z (pass) isNudgeTurn: long text with no prior (first turn in a streak) is NOT a nudge [0.11ms]
publish	Test and inspect the package	2026-10-05T10:23:56.7477898Z (pass) isNudgeTurn: tunable thresholds [0.27ms]
publish	Test and inspect the package	2026-10-05T10:23:56.7479115Z (pass) accountTurnForNudgesRich: three substantive no-tool turns → stays 0 (the fix) [0.71ms]
publish	Test and inspect the package	2026-10-05T10:23:56.7479934Z (pass) accountTurnForNudgesRich: three short repetitive replies → reaches max [0.08ms]
publish	Test and inspect the package	2026-10-05T10:23:56.7480440Z (pass) defaults [0.05ms]
publish	Test and inspect the package	2026-10-05T10:23:56.7480600Z
publish	Test and inspect the package	2026-10-05T10:23:56.7480908Z ##[endgroup]
publish	Test and inspect the package	2026-10-05T10:23:56.7481041Z
publish	Test and inspect the package	2026-10-05T10:23:56.7481310Z ##[group]tests/rich-summary-dedup.test.ts:
publish	Test and inspect the package	2026-10-05T10:23:57.0448243Z (pass) 172705: exact-duplicate details render once per bucket [0.68ms]
publish	Test and inspect the package	2026-10-05T10:23:57.0450805Z (pass) 2026-10-02: same-label restatement in next/remaining collapses to first [0.35ms]
publish	Test and inspect the package	2026-10-05T10:23:57.0452719Z (pass) 2026-10-02: problem and action across labels always both render [0.22ms]
publish	Test and inspect the package	2026-10-05T10:23:57.0454441Z (pass) 2026-10-02: distinct same-label next steps both render [0.16ms]
publish	Test and inspect the package	2026-10-05T10:23:57.0459675Z (pass) 172705: zero turns omitted, elapsed and audits kept [0.54ms]
publish	Test and inspect the package	2026-10-05T10:23:57.0460093Z
publish	Test and inspect the package	2026-10-05T10:23:57.0460476Z ##[endgroup]
publish	Test and inspect the package	2026-10-05T10:23:57.0465501Z
publish	Test and inspect the package	2026-10-05T10:23:57.0466146Z ##[group]tests/auditor-stall-watchdog.test.ts:
publish	Test and inspect the package	2026-10-05T10:23:59.5108375Z [run-tests] progress: 360s elapsed · 2s since last output · 168 KiB of suite output
publish	Test and inspect the package	2026-10-05T10:24:02.4159918Z (pass) stall: worker that never emits a first event is failed fast, not left for the wall [5116.08ms]
publish	Test and inspect the package	2026-10-05T10:24:08.9279802Z (pass) stall: first-event budget starts after successful spawn, not pre-spawn setup [6511.99ms]
publish	Test and inspect the package	2026-10-05T10:24:10.1666307Z (pass) stall: worker whose single boot heartbeat goes stale is failed fast, not left for the wall [1238.61ms]
publish	Test and inspect the package	2026-10-05T10:24:10.4491109Z (pass) progress: a live auditor outlives the legacy wall metadata and settles on its result [282.47ms]
publish	Test and inspect the package	2026-10-05T10:24:11.3885035Z (pass) stall: a running auditor tool is exempt — the per-tool timeout owns that axis [939.26ms]
publish	Test and inspect the package	2026-10-05T10:24:11.4791667Z (pass) stall: a silent-past-bound attempt fails fast WITH its cost record (controlled clock) [90.79ms]
publish	Test and inspect the package	2026-10-05T10:24:11.5751398Z (pass) stall: a worker-reported brake is reclassified with the same evidence [95.94ms]
publish	Test and inspect the package	2026-10-05T10:24:11.7294467Z (pass) stall: an open in-budget tool is not silence — the no-progress bound spares it [154.20ms]
publish	Test and inspect the package	2026-10-05T10:24:14.2643391Z (pass) v0.38.99: an over-budget tool is NOT fatal — the worker cancels it, resumes, and its result still lands [2534.87ms]
publish	Test and inspect the package	2026-10-05T10:24:15.7970745Z (pass) v0.38.99 approval guard: an approving verdict from a verification-incomplete attempt is refused, not applied [1532.77ms]
publish	Test and inspect the package	2026-10-05T10:24:16.2824335Z (pass) v0.38.99: a genuinely wedged tool still fails fast once the grace expires [485.37ms]
publish	Test and inspect the package	2026-10-05T10:24:16.2824848Z
publish	Test and inspect the package	2026-10-05T10:24:16.2825215Z ##[endgroup]
publish	Test and inspect the package	2026-10-05T10:24:16.2827797Z
publish	Test and inspect the package	2026-10-05T10:24:16.2828228Z ##[group]tests/audit-convergence-breaker.test.ts:
publish	Test and inspect the package	2026-10-05T10:24:17.6054732Z (pass) audit-convergence-breaker — hard cap > hard cap pauses even under aggressive keep-going [1059.70ms]
publish	Test and inspect the package	2026-10-05T10:24:18.9853361Z (pass) audit-convergence-breaker — hard cap > below the hard cap, aggressive keep-going is preserved [1379.82ms]
publish	Test and inspect the package	2026-10-05T10:24:19.5718621Z (pass) audit-convergence-breaker — hard cap > hard cap binds the detached settlement path [586.47ms]
publish	Test and inspect the package	2026-10-05T10:24:20.9968416Z (pass) audit-convergence-breaker — hard cap > soft-cap pause offers accept-with-followups first [1424.98ms]
publish	Test and inspect the package	2026-10-05T10:24:22.4229840Z (pass) audit-convergence-breaker — hard cap > severity census lands on the objections ledger event [1426.12ms]
publish	Test and inspect the package	2026-10-05T10:24:22.4231827Z (pass) audit-convergence-breaker — severity extraction > tags parse per item; missing section yields nothing [0.25ms]
publish	Test and inspect the package	2026-10-05T10:24:22.4234373Z (pass) audit-convergence-breaker — severity extraction > only leading tags count; buried tags and bare items are untagged [0.18ms]
publish	Test and inspect the package	2026-10-05T10:24:22.4236306Z (pass) audit-convergence-breaker — severity extraction > auditor brief mandates severity tags [0.38ms]
publish	Test and inspect the package	2026-10-05T10:24:22.4237948Z (pass) audit-convergence-breaker — settings > hard-cap default is 8 (soft 5 + three grace rounds) [0.07ms]
publish	Test and inspect the package	2026-10-05T10:24:22.4242792Z (pass) audit-convergence-breaker — settings > normalize keeps valid values, drops garbage [0.57ms]
publish	Test and inspect the package	2026-10-05T10:24:22.4248257Z (pass) audit-convergence-breaker — settings > v0.38.104: mainModelRetryMinutes and auditFeedbackChars drop junk instead of displaying a dead value [0.48ms]
publish	Test and inspect the package	2026-10-05T10:24:22.4255117Z (pass) audit-convergence-breaker — settings > v0.38.104: drafter/auditor thinking levels are pruned against the one ladder [0.69ms]
publish	Test and inspect the package	2026-10-05T10:24:22.4263912Z (pass) audit-convergence-breaker — settings > menu rows exist for both keys [0.86ms]
publish	Test and inspect the package	2026-10-05T10:24:22.4264752Z
publish	Test and inspect the package	2026-10-05T10:24:22.4265349Z ##[endgroup]
publish	Test and inspect the package	2026-10-05T10:24:22.4268898Z
publish	Test and inspect the package	2026-10-05T10:24:22.4269566Z ##[group]tests/false-repair-card.test.ts:
publish	Test and inspect the package	2026-10-05T10:24:22.6804820Z (pass) parser: the field 'Verify the shipped ...' item keeps its intent in the OBJECTIVE [0.72ms]
publish	Test and inspect the package	2026-10-05T10:24:22.6812360Z (pass) parser: short-marker forms still parse as contract-only declarations [0.25ms]
publish	Test and inspect the package	2026-10-05T10:24:22.6814017Z (pass) derivation: the field contract yields its leading imperative sentence; junk yields null [0.38ms]
publish	Test and inspect the package	2026-10-05T10:24:22.9395658Z (pass) behavioral: a legacy empty-objective item with a clean contract activates with the derived objective [256.71ms]
publish	Test and inspect the package	2026-10-05T10:24:23.1652900Z (pass) behavioral: a legacy empty-objective item with NO contract still takes the true repair path [226.35ms]
publish	Test and inspect the package	2026-10-05T10:24:23.4135645Z (pass) behavioral: a fresh batch item written from the field text activates directly — the writer fix end-to-end [248.73ms]
publish	Test and inspect the package	2026-10-05T10:24:23.4136654Z
publish	Test and inspect the package	2026-10-05T10:24:23.4151445Z ##[endgroup]
publish	Test and inspect the package	2026-10-05T10:24:23.4335321Z
publish	Test and inspect the package	2026-10-05T10:24:23.4337333Z ##[group]tests/length-continue.test.ts:
publish	Test and inspect the package	2026-10-05T10:24:23.7295189Z (pass) tracker: fires up to MAX consecutive, gives up once, resets on a normal turn [20.85ms]
publish	Test and inspect the package	2026-10-05T10:24:23.7296599Z (pass) continue text carries the root-cause mitigation (split large writes) [0.22ms]
publish	Test and inspect the package	2026-10-05T10:24:23.7298056Z (pass) v0.34.19: tiny-output length at a nearly full context is context starvation, not a real output cap [0.21ms]
publish	Test and inspect the package	2026-10-05T10:24:23.7302184Z (pass) v0.38.36: explicit provider context-overflow errors (stopReason=error) are context starvation when context usage >= 90% [0.34ms]
publish	Test and inspect the package	2026-10-05T10:24:23.7307942Z (pass) agent_end: length path runs BEFORE nudge accounting, telemetry, and goal gating [0.67ms]
publish	Test and inspect the package	2026-10-05T10:24:23.7318749Z (pass) sendLengthContinue: stale-api terminal guard + admitted-session reset [1.10ms]
publish	Test and inspect the package	2026-10-05T10:24:23.7321708Z (pass) sendLengthContinue: active goals get completion-aware recovery guidance [0.29ms]
publish	Test and inspect the package	2026-10-05T10:24:23.7322351Z
publish	Test and inspect the package	2026-10-05T10:24:23.7322811Z ##[endgroup]
publish	Test and inspect the package	2026-10-05T10:24:23.7327249Z
publish	Test and inspect the package	2026-10-05T10:24:23.7327883Z ##[group]tests/subagent-polish.test.ts:
publish	Test and inspect the package	2026-10-05T10:24:23.9726073Z (pass) current pi-subagents roles expose complete model-pin definitions [1.07ms]
publish	Test and inspect the package	2026-10-05T10:24:23.9995832Z (pass) strategy-driven sync writes only the GLLA-owned Designer role [26.84ms]
publish	Test and inspect the package	2026-10-05T10:24:23.9999662Z (pass) managed sync rejects path traversal from settings and corrupt sync state [0.71ms]
publish	Test and inspect the package	2026-10-05T10:24:24.0009513Z (pass) repair detection: externally deleted/altered Designer files are re-written and flagged [0.94ms]
publish	Test and inspect the package	2026-10-05T10:24:24.0010807Z (pass) effective resolution: per-type pin > inherit-parent > current agent default [0.08ms]
publish	Test and inspect the package	2026-10-05T10:24:24.0011679Z (pass) subagent provider failure: any failed Agent payload, without classification [0.09ms]
publish	Test and inspect the package	2026-10-05T10:24:24.0012492Z (pass) v0.38.16: failed current-tool spawns take the provider-failure path too [0.05ms]
publish	Test and inspect the package	2026-10-05T10:24:24.0016110Z (pass) v0.38.16: model-facing text speaks the current subagent dialect [0.49ms]
publish	Test and inspect the package	2026-10-05T10:24:24.0016714Z
publish	Test and inspect the package	2026-10-05T10:24:24.0017196Z ##[endgroup]
publish	Test and inspect the package	2026-10-05T10:24:24.0020392Z
publish	Test and inspect the package	2026-10-05T10:24:24.0021153Z ##[group]tests/screenshot-completion.test.ts:
publish	Test and inspect the package	2026-10-05T10:24:24.2765289Z (pass) screenshot-derived GLLA keeps explanations and truthful checks [33.26ms]
publish	Test and inspect the package	2026-10-05T10:24:24.2783873Z (pass) screenshot-derived Deathrun keeps explanations and truthful checks [2.99ms]
publish	Test and inspect the package	2026-10-05T10:24:24.2810091Z (pass) screenshot-derived Neonbreak keeps explanations and truthful checks [2.65ms]
publish	Test and inspect the package	2026-10-05T10:24:24.2812924Z (pass) multi-line citation extraction consumes the complete reference, not just its first line [0.28ms]
publish	Test and inspect the package	2026-10-05T10:24:24.2813395Z
publish	Test and inspect the package	2026-10-05T10:24:24.2813987Z ##[endgroup]
publish	Test and inspect the package	2026-10-05T10:24:24.2817514Z
publish	Test and inspect the package	2026-10-05T10:24:24.2818062Z ##[group]tests/audit-stuck-batch.test.ts:
publish	Test and inspect the package	2026-10-05T10:24:24.5333231Z (pass) 124541: model-not-found shapes are unresolvable auditor refs [0.46ms]
publish	Test and inspect the package	2026-10-05T10:24:24.5334702Z (pass) 124541: walker does not spend the same-ref retry on an unresolvable ref [1.16ms]
publish	Test and inspect the package	2026-10-05T10:24:25.1347161Z (pass) 124544: resume_goal probes pending main-model recovery inline, no user bounce [602.31ms]
publish	Test and inspect the package	2026-10-05T10:24:25.1349112Z (pass) identical infra failures count toward a bounded identical-park threshold [0.46ms]
publish	Test and inspect the package	2026-10-05T10:24:25.1359573Z (pass) identical-failure counters survive a state round-trip sanitized [1.02ms]
publish	Test and inspect the package	2026-10-05T10:24:25.1365692Z (pass) splitParkedQueueDuplicates coalesces queued + batch-internal duplicates [0.59ms]
publish	Test and inspect the package	2026-10-05T10:24:25.6374131Z (pass) 124536: re-adding a queued objective while parked coalesces, no pile-up [500.66ms]
publish	Test and inspect the package	2026-10-05T10:24:25.9384077Z (pass) 124536: hourly auditor backstop stands down on an identical-parked head [300.91ms]
publish	Test and inspect the package	2026-10-05T10:24:25.9385853Z (pass) 124541: re-seed filters evicted refs so the next episode starts live [0.39ms]
publish	Test and inspect the package	2026-10-05T10:24:25.9490736Z (pass) v0.38.104: the identical-failure park arms a bounded self-healing probe, never a dead end [10.38ms]
publish	Test and inspect the package	2026-10-05T10:24:25.9500777Z (pass) v0.38.104: no operator-facing string promises the auditor stopped for good [1.02ms]
publish	Test and inspect the package	2026-10-05T10:24:25.9502833Z
publish	Test and inspect the package	2026-10-05T10:24:25.9503854Z ##[endgroup]
publish	Test and inspect the package	2026-10-05T10:24:25.9505893Z
publish	Test and inspect the package	2026-10-05T10:24:25.9506407Z ##[group]tests/continuous-supervision.test.ts:
publish	Test and inspect the package	2026-10-05T10:24:26.2147194Z (pass) v0.36.0: activeSupervisionPlanes covers every GLLA work plane without inventing activity [0.42ms]
publish	Test and inspect the package	2026-10-05T10:24:26.2159387Z (pass) v0.36.0: checker reacts to durable transitions across every work plane [0.58ms]
publish	Test and inspect the package	2026-10-05T10:24:26.2161362Z (pass) v0.36.0: lifecycle signals route immediately for every declared plane [0.81ms]
publish	Test and inspect the package	2026-10-05T10:24:26.2162923Z (pass) v0.36.0: a child and recovery transition are durable signals, not guessed waits [0.40ms]
publish	Test and inspect the package	2026-10-05T10:24:26.2164455Z (pass) v0.36.0: fallback polling adapts from 250ms to the 15s safety cadence [0.17ms]
publish	Test and inspect the package	2026-10-05T10:24:26.2165273Z (pass) v0.36.0: a real event resets fallback backoff instead of waiting for the old slot [0.15ms]
publish	Test and inspect the package	2026-10-05T10:24:26.2447132Z (pass) v0.36.0: loop terminal outcomes receive a durable user-facing recap [28.48ms]
publish	Test and inspect the package	2026-10-05T10:24:26.2453495Z (pass) v0.36.0: production heartbeat is event-first with adaptive timeout fallback [0.80ms]
publish	Test and inspect the package	2026-10-05T10:24:26.2457411Z (pass) respec audit phase and register changes are observed without inventing a worker [0.39ms]
publish	Test and inspect the package	2026-10-05T10:24:26.2458065Z
publish	Test and inspect the package	2026-10-05T10:24:26.2458533Z ##[endgroup]
publish	Test and inspect the package	2026-10-05T10:24:26.2462470Z
publish	Test and inspect the package	2026-10-05T10:24:26.2463155Z ##[group]tests/cmd-review.test.ts:
publish	Test and inspect the package	2026-10-05T10:24:26.6669047Z (pass) C8: ambiguous substring id refuses with the candidates instead of reviewing the first match [170.37ms]
publish	Test and inspect the package	2026-10-05T10:24:26.8595564Z (pass) C8 control: exact id fires the review [190.90ms]
publish	Test and inspect the package	2026-10-05T10:24:26.8596033Z
publish	Test and inspect the package	2026-10-05T10:24:26.8596482Z ##[endgroup]
publish	Test and inspect the package	2026-10-05T10:24:26.8599647Z
publish	Test and inspect the package	2026-10-05T10:24:26.8600312Z ##[group]tests/settings-editors.test.ts:
publish	Test and inspect the package	2026-10-05T10:24:27.1746075Z (pass) T4: select editor — stateRoot writes the global workingDir/sessionDir choice [30.68ms]
publish	Test and inspect the package	2026-10-05T10:24:27.1780640Z (pass) T4: select editor — autoResume writes on/off/default with the right key [3.58ms]
publish	Test and inspect the package	2026-10-05T10:24:27.1802710Z (pass) T4: select editor — auditorInspection is opt-in on (writes true), off clears to default [2.21ms]
publish	Test and inspect the package	2026-10-05T10:24:27.1805291Z (pass) removed request-rate fallback setting has no editor or persistence path [0.29ms]
publish	Test and inspect the package	2026-10-05T10:24:27.1817456Z (pass) T4: select editor — aggressiveMode writes the boolean + notifies [1.20ms]
publish	Test and inspect the package	2026-10-05T10:24:27.1841747Z (pass) T4: select editor — contextCheckpointProjection writes true, off removes the key (v0.38.54) [2.40ms]
publish	Test and inspect the package	2026-10-05T10:24:27.1875027Z (pass) T4: select editor — carryover writes clear/resume, pause removes the key (v0.34.25) [3.32ms]
publish	Test and inspect the package	2026-10-05T10:24:27.1880197Z (pass) T4: select options stay concise — rationale lives in the title, not the option rows (v0.34.25) [0.57ms]
publish	Test and inspect the package	2026-10-05T10:24:27.1898111Z (pass) main recovery settings are global-only and project copies cannot create a UI/runtime mismatch [1.70ms]
publish	Test and inspect the package	2026-10-05T10:24:27.1926925Z (pass) scope-aware settings editing updates a project override instead of a hidden global baseline [2.90ms]
publish	Test and inspect the package	2026-10-05T10:24:27.1943598Z (pass) forbidden-model editing excludes drafter and auditor fallback chains [1.69ms]
publish	Test and inspect the package	2026-10-05T10:24:27.1947316Z (pass) numeric settings reject malformed integer prefixes instead of truncating them [0.35ms]
publish	Test and inspect the package	2026-10-05T10:24:27.1960012Z (pass) RPC custom stub falls back to typed main-backup editing instead of silently canceling [1.25ms]
publish	Test and inspect the package	2026-10-05T10:24:27.1979352Z (pass) main failback policy and primary-probe cadence are global settings [1.93ms]
publish	Test and inspect the package	2026-10-05T10:24:27.2012118Z (pass) T4: input editor — main model backups preserve order and retry cadence [3.22ms]
publish	Test and inspect the package	2026-10-05T10:24:27.2025645Z (pass) main backup editor refuses the 11th typed model and keeps the first ten in order [1.35ms]
publish	Test and inspect the package	2026-10-05T10:24:27.2049281Z (pass) main-model fallback reload preserves explicit order and does not reintroduce a cleared key [2.35ms]
publish	Test and inspect the package	2026-10-05T10:24:27.2074882Z (pass) v0.34.118: backup and forbidden editors enforce mutual exclusion even in headless input mode [2.53ms]
publish	Test and inspect the package	2026-10-05T10:24:27.2100068Z (pass) T4: input editor — auditorModel set / cleared on empty [2.55ms]
publish	Test and inspect the package	2026-10-05T10:24:27.2129670Z (pass) v0.36.0: auditor fallback editor preserves ordered refs, caps at ten, and clears [2.92ms]
publish	Test and inspect the package	2026-10-05T10:24:27.2140364Z (pass) v0.36.0: the singular auditor fallback setting migrates to the ordered chain [1.10ms]
publish	Test and inspect the package	2026-10-05T10:24:27.2172305Z (pass) drafter agent picker immediately offers model-specific thinking and persists both choices [3.17ms]
publish	Test and inspect the package	2026-10-05T10:24:27.2195883Z (pass) T4: input editor validation — auditCap rejects garbage loudly, accepts integers, clears on empty [2.31ms]
publish	Test and inspect the package	2026-10-05T10:24:27.2224885Z (pass) v0.35.64: subagent hang action accepts warning-only/long thresholds and rejects unsafe values [2.87ms]
publish	Test and inspect the package	2026-10-05T10:24:27.2247823Z (pass) v0.35.x: zero-stream retry budget persists and rejects values outside 0..10 [2.32ms]
publish	Test and inspect the package	2026-10-05T10:24:27.2251998Z (pass) v0.35.x: hand-edited zero-stream retry budgets normalize to the safe default [0.42ms]
publish	Test and inspect the package	2026-10-05T10:24:27.2257003Z (pass) T4: a dismissed editor (Esc → undefined) writes NOTHING [0.49ms]
publish	Test and inspect the package	2026-10-05T10:24:27.2263720Z (pass) settings editor failures notify loudly and return to the menu [0.65ms]
publish	Test and inspect the package	2026-10-05T10:24:27.2266957Z (pass) T4: the switch has no confirm-class editors (select + input only) [0.32ms]
publish	Test and inspect the package	2026-10-05T10:24:27.2301687Z (pass) v0.28.34: notify folds a default IN — auto-detect notify-send/osascript, 'off' silences, custom overrides [3.38ms]
publish	Test and inspect the package	2026-10-05T10:24:27.2304536Z (pass) audit-2026-09-06: headless /glla fallback shows compactor + display-richness rows [0.32ms]
publish	Test and inspect the package	2026-10-05T10:24:27.2308588Z (pass) audit 2026-09-06: docs/SETTINGS.md covers every SETTINGS_KEYS entry [0.42ms]
publish	Test and inspect the package	2026-10-05T10:24:27.2364986Z (pass) audit 2026-09-07 (LOW, finding 400): typing the displayed `auto` in the notify editor round-trips to unset, not a literal shell command [5.48ms]
publish	Test and inspect the package	2026-10-05T10:24:27.2409773Z (pass) audit 2026-09-25: decisionPauseBudget is visible on every operator surface [4.57ms]
publish	Test and inspect the package	2026-10-05T10:24:27.2459389Z (pass) audit 2026-09-26: subagent thinking editor pins, inherits, and rejects garbage [4.96ms]
publish	Test and inspect the package	2026-10-05T10:24:27.2465074Z (pass) audit 2026-09-26: headless /glla fallback covers every SETTINGS_KEYS entry [0.57ms]
publish	Test and inspect the package	2026-10-05T10:24:27.2472242Z (pass) v0.38.104: the audit-dir retention row renders a legal 0 instead of the unknown-value '?' [0.71ms]
publish	Test and inspect the package	2026-10-05T10:24:27.2480215Z (pass) v0.38.104: the main-recovery row does not promise a 24h stop the default mode removes [0.79ms]
publish	Test and inspect the package	2026-10-05T10:24:27.2485972Z (pass) v0.38.104: every 'Global-only.' annotation in docs/SETTINGS.md is true in code [0.57ms]
publish	Test and inspect the package	2026-10-05T10:24:27.2489018Z (pass) v0.38.104: the superseded DESIGN.md table does not mark files that do not exist as shipped [0.27ms]
publish	Test and inspect the package	2026-10-05T10:24:27.2493138Z (pass) v0.38.104: the auditor model path carries no dead settings placeholders [0.42ms]
publish	Test and inspect the package	2026-10-05T10:24:27.2493916Z
publish	Test and inspect the package	2026-10-05T10:24:27.2494239Z ##[endgroup]
publish	Test and inspect the package	2026-10-05T10:24:27.2497472Z
publish	Test and inspect the package	2026-10-05T10:24:27.2498197Z ##[group]tests/repetition.test.ts:
publish	Test and inspect the package	2026-10-05T10:24:27.5004727Z (pass) normalizeForPrint strips ANSI, collapses whitespace, lowercases [0.21ms]
publish	Test and inspect the package	2026-10-05T10:24:27.5006354Z (pass) textFingerprint is stable and case/whitespace-insensitive [0.25ms]
publish	Test and inspect the package	2026-10-05T10:24:27.5008459Z (pass) trigramSimilarity: identical texts → 1, disjoint → 0, near-dup → high [0.39ms]
publish	Test and inspect the package	2026-10-05T10:24:27.5010989Z (pass) trigramSimilarity: digits are volatile — 'port 8081' ≈ 'port 8082' [0.10ms]
publish	Test and inspect the package	2026-10-05T10:24:27.5024420Z (pass) pushCapped keeps the window at cap, most recent last [0.11ms]
publish	Test and inspect the package	2026-10-05T10:24:27.5025800Z (pass) findDegenerateRepeat: repeated sentence inside one reply [0.18ms]
publish	Test and inspect the package	2026-10-05T10:24:27.5027055Z (pass) findDegenerateRepeat: repeated single word run [0.82ms]
publish	Test and inspect the package	2026-10-05T10:24:27.5028153Z (pass) findDegenerateRepeat: normal prose passes [0.13ms]
publish	Test and inspect the package	2026-10-05T10:24:27.5029210Z (pass) findDegenerateRepeat: short text is never degenerate [0.04ms]
publish	Test and inspect the package	2026-10-05T10:24:27.5030393Z (pass) detectLoopStuck: healthy iteration → undefined [0.08ms]
publish	Test and inspect the package	2026-10-05T10:24:27.5031451Z (pass) detectLoopStuck: narration-only streak [0.05ms]
publish	Test and inspect the package	2026-10-05T10:24:27.5032341Z (pass) detectLoopStuck: exact repeat of previous iteration [0.08ms]
publish	Test and inspect the package	2026-10-05T10:24:27.5033235Z (pass) detectLoopStuck: near-duplicate of previous iteration [0.19ms]
publish	Test and inspect the package	2026-10-05T10:24:27.5034297Z (pass) detectLoopStuck: A-B-A-B window repetition [0.10ms]
publish	Test and inspect the package	2026-10-05T10:24:27.5035282Z (pass) repeated in-band provider pane is distinct from ordinary repeated tool output [0.23ms]
publish	Test and inspect the package	2026-10-05T10:24:27.5036213Z (pass) detectLoopStuck: same tool error three times [0.11ms]
publish	Test and inspect the package	2026-10-05T10:24:27.5037036Z (pass) detectLoopStuck: same tool result (no new information) [0.08ms]
publish	Test and inspect the package	2026-10-05T10:24:27.5038242Z (pass) detectLoopStuck: first hit wins — narration beats everything (most certain) [0.08ms]
publish	Test and inspect the package	2026-10-05T10:24:27.5039394Z (pass) loopInterventionDirective: rotates strategy per consecutive count [0.17ms]
publish	Test and inspect the package	2026-10-05T10:24:27.5040481Z (pass) loopInterventionDirective: hard reset from rung 3 with banned openings [0.13ms]
publish	Test and inspect the package	2026-10-05T10:24:27.5041576Z (pass) loopInterventionDirective: rotation wraps after all strategies [0.05ms]
publish	Test and inspect the package	2026-10-05T10:24:27.5042508Z (pass) continueVariant: rotates by iteration, never empty [0.08ms]
publish	Test and inspect the package	2026-10-05T10:24:27.5042922Z
publish	Test and inspect the package	2026-10-05T10:24:27.5043366Z ##[endgroup]
publish	Test and inspect the package	2026-10-05T10:24:27.5043773Z
publish	Test and inspect the package	2026-10-05T10:24:27.5044149Z ##[group]tests/extract-verification.test.ts:
publish	Test and inspect the package	2026-10-05T10:24:27.7638050Z (pass) inline one-liner: 'Done when:' mid-line is extracted [0.27ms]
publish	Test and inspect the package	2026-10-05T10:24:27.7658033Z (pass) inline one-liner: trailing period stripped from objective [0.09ms]
publish	Test and inspect the package	2026-10-05T10:24:27.7659148Z (pass) ordinary verify imperative before Done when is not mistaken for a marker [0.06ms]
publish	Test and inspect the package	2026-10-05T10:24:27.7660236Z (pass) no marker anywhere returns full text as objective [0.04ms]
publish	Test and inspect the package	2026-10-05T10:24:27.7661244Z (pass) line-based extraction wins over inline when both present [0.14ms]
publish	Test and inspect the package	2026-10-05T10:24:27.7662189Z (pass) multi-line verification contract preserved [0.14ms]
publish	Test and inspect the package	2026-10-05T10:24:27.7663206Z (pass) line marker: 'Done when ALL of the following are true:' starts the contract [0.07ms]
publish	Test and inspect the package	2026-10-05T10:24:27.7664644Z (pass) inline marker: 'Done when ALL of the following are true:' mid-line [0.05ms]
publish	Test and inspect the package	2026-10-05T10:24:27.7666221Z (pass) goalArgsNeedDrafting: 'Done when ALL of the following' counts as a contract (no interview) [0.05ms]
publish	Test and inspect the package	2026-10-05T10:24:27.7667656Z (pass) round-trip: normalized draft survives storage and yields clean shield items [0.33ms]
publish	Test and inspect the package	2026-10-05T10:24:27.7668651Z
publish	Test and inspect the package	2026-10-05T10:24:27.7669530Z ##[endgroup]
publish	Test and inspect the package	2026-10-05T10:24:27.7669884Z
publish	Test and inspect the package	2026-10-05T10:24:27.7670585Z ##[group]tests/execution-discipline.test.ts:
publish	Test and inspect the package	2026-10-05T10:24:28.0225811Z (pass) mid-run question steps are violations, naming the step [0.42ms]
publish	Test and inspect the package	2026-10-05T10:24:28.0234828Z (pass) ask_user_question subtasks are violations too [0.11ms]
publish	Test and inspect the package	2026-10-05T10:24:28.0236232Z (pass) manual-check steps are violations unless the contract mandates them [0.12ms]
publish	Test and inspect the package	2026-10-05T10:24:28.0237284Z (pass) contract-mandated gates are exempt, not violations [0.13ms]
publish	Test and inspect the package	2026-10-05T10:24:28.0238093Z (pass) clean plans pass with no violations [0.12ms]
publish	Test and inspect the package	2026-10-05T10:24:28.0238892Z (pass) propose_task_list validation refuses mid-run steps [0.19ms]
publish	Test and inspect the package	2026-10-05T10:24:28.0240012Z (pass) goal/list drafting prompt pins never-schedule-mid-run plus manual-only-when-mandatory [0.26ms]
publish	Test and inspect the package	2026-10-05T10:24:28.0242009Z (pass) plan prompt pins milestone shape: no mid-run question or manual-check milestones [0.14ms]
publish	Test and inspect the package	2026-10-05T10:24:28.0242684Z
publish	Test and inspect the package	2026-10-05T10:24:28.0243173Z ##[endgroup]
publish	Test and inspect the package	2026-10-05T10:24:28.0551988Z
publish	Test and inspect the package	2026-10-05T10:24:28.0553266Z ##[group]tests/quota-wall-engagement.test.ts:
publish	Test and inspect the package	2026-10-05T10:24:28.3649224Z (pass) send-storm escalation has one generic threshold [26.14ms]
publish	Test and inspect the package	2026-10-05T10:24:28.3656231Z (pass) quota-shaped provider text is opaque and still recoverable [0.43ms]
publish	Test and inspect the package	2026-10-05T10:24:28.3666296Z (pass) source contains no reason-specific send-storm policy [1.40ms]
publish	Test and inspect the package	2026-10-05T10:24:28.3667711Z (pass) send-rearm escalation still funnels into the generic recovery envelope [0.11ms]
publish	Test and inspect the package	2026-10-05T10:24:28.3668279Z
publish	Test and inspect the package	2026-10-05T10:24:28.3668628Z ##[endgroup]
publish	Test and inspect the package	2026-10-05T10:24:28.3672415Z
publish	Test and inspect the package	2026-10-05T10:24:28.3673029Z ##[group]tests/paused-status-action-first.test.ts:
publish	Test and inspect the package	2026-10-05T10:24:28.6243748Z (pass) blocked status leads with the resume command [0.75ms]
publish	Test and inspect the package	2026-10-05T10:24:28.6244669Z (pass) decision status leads with the decision path [0.19ms]
publish	Test and inspect the package	2026-10-05T10:24:28.6245475Z (pass) error status leads with the manual path [0.24ms]
publish	Test and inspect the package	2026-10-05T10:24:28.6246170Z (pass) manual recovery hold leads with resume [0.18ms]
publish	Test and inspect the package	2026-10-05T10:24:28.6564780Z (pass) supervised waits keep lifecycle-first order (nobody's move) [32.01ms]
publish	Test and inspect the package	2026-10-05T10:24:28.6565542Z
publish	Test and inspect the package	2026-10-05T10:24:28.6566008Z ##[endgroup]
publish	Test and inspect the package	2026-10-05T10:24:28.6568334Z
publish	Test and inspect the package	2026-10-05T10:24:28.6569094Z ##[group]tests/plan-mode.test.ts:
publish	Test and inspect the package	2026-10-05T10:24:28.9154335Z (pass) v0.35.33: /goal plan routes as a sub with the seed as rest [0.24ms]
publish	Test and inspect the package	2026-10-05T10:24:28.9156215Z (pass) v0.35.33: plain objectives are NOT captured by the plan verb [0.15ms]
publish	Test and inspect the package	2026-10-05T10:24:28.9158266Z (pass) v0.35.33: draftingTemplateFile swaps prompts per target × depth [0.06ms]
publish	Test and inspect the package	2026-10-05T10:24:28.9159718Z (pass) v0.35.33: both plan prompt files exist, carry the drafting markers, and mandate Confirm-gated proposals [0.54ms]
publish	Test and inspect the package	2026-10-05T10:24:28.9482252Z (pass) v0.35.44: source pins — the draftingDepth dead-state global is GONE (audit fix) [32.94ms]
publish	Test and inspect the package	2026-10-05T10:24:28.9484485Z (pass) v0.35.33: source pins — all three verbs dispatch with depth plan [0.39ms]
publish	Test and inspect the package	2026-10-05T10:24:28.9486003Z (pass) v0.35.33: /list plan is gated as a mutating subcommand on stale handles [0.06ms]
publish	Test and inspect the package	2026-10-05T10:24:28.9487512Z (pass) v0.35.33: completions advertise the plan verb on all three commands [0.26ms]
publish	Test and inspect the package	2026-10-05T10:24:29.1789817Z (pass) v0.35.45: the plan-mode seeded hint separates the plan note from the label [230.00ms]
publish	Test and inspect the package	2026-10-05T10:24:29.1790886Z
publish	Test and inspect the package	2026-10-05T10:24:29.1791678Z ##[endgroup]
publish	Test and inspect the package	2026-10-05T10:24:29.1798831Z
publish	Test and inspect the package	2026-10-05T10:24:29.1801948Z ##[group]tests/proactive-pre-read.test.ts:
publish	Test and inspect the package	2026-10-05T10:24:29.4796058Z (pass) gatherProactivePreRead surfaces bounded file evidence and seed excerpt before questioning [36.36ms]
publish	Test and inspect the package	2026-10-05T10:24:29.4797841Z (pass) gatherProactivePreRead notes image references without assuming an external tool [0.36ms]
publish	Test and inspect the package	2026-10-05T10:24:29.4800147Z (pass) gatherProactivePreRead still emits a seed-excerpt block when no files match [0.16ms]
publish	Test and inspect the package	2026-10-05T10:24:29.4972882Z (pass) drafting injects proactive pre-read before the first question [17.06ms]
publish	Test and inspect the package	2026-10-05T10:24:29.4974911Z (pass) constants retain bounded shape (max 3 files, 800 chars each) [0.10ms]
publish	Test and inspect the package	2026-10-05T10:24:29.4975504Z
publish	Test and inspect the package	2026-10-05T10:24:29.4976076Z ##[endgroup]
publish	Test and inspect the package	2026-10-05T10:24:29.4976297Z
publish	Test and inspect the package	2026-10-05T10:24:29.4976759Z ##[group]tests/stale-interrupt-resume.test.ts:
publish	Test and inspect the package	2026-10-05T10:24:29.5110823Z [run-tests] progress: 390s elapsed · 0s since last output · 184 KiB of suite output
publish	Test and inspect the package	2026-10-05T10:24:29.8111601Z (pass) Goal type + schema carry the interrupt marker fields [27.83ms]
publish	Test and inspect the package	2026-10-05T10:24:29.8113310Z (pass) S3 probe: side-effect-free getSessionName() probe caches the positive [0.12ms]
publish	Test and inspect the package	2026-10-05T10:24:29.8115047Z (pass) S3 warn helper: honest 'state is safe' messaging + ledger [0.22ms]
publish	Test and inspect the package	2026-10-05T10:24:29.8119438Z (pass) S3: probes wired at cmdSet / cmdResume / cmdList / propose_goal_draft entry [0.59ms]
publish	Test and inspect the package	2026-10-05T10:24:29.8120890Z (pass) S3: stale creation marks the interrupt and tells the truth (no 'starting now' lie) [0.16ms]
publish	Test and inspect the package	2026-10-05T10:24:29.8122471Z (pass) S1: stale resume persists active+marker, skips the misleading notify and the doomed send [0.10ms]
publish	Test and inspect the package	2026-10-05T10:24:29.8127689Z (pass) S2: restore gate clears the marker on auto-resume and names the recovery [0.55ms]
publish	Test and inspect the package	2026-10-05T10:24:29.8137631Z (pass) S2 (v0.28.21): the 0.28.3 interrupt exemption is SUPERSEDED — only autoresume=on auto-resumes [0.95ms]
publish	Test and inspect the package	2026-10-05T10:24:29.8139084Z (pass) S1/S2: widget surfaces the interrupt on ACTIVE goals [0.17ms]
publish	Test and inspect the package	2026-10-05T10:24:29.8143114Z (pass) E6: drafting-seed send failure is loud and stale-aware (was silent) [0.38ms]
publish	Test and inspect the package	2026-10-05T10:24:29.8149489Z (pass) T1: stale Confirm is NOT a rejection — both single and batch paths [0.60ms]
publish	Test and inspect the package	2026-10-05T10:24:29.8151498Z (pass) v0.28.27: stale handle silences ALL stall machinery — refiring into a dead process misleads, and the stall escalation would PAUSE an interrupted goal (killing restart auto-resume) [0.16ms]
publish	Test and inspect the package	2026-10-05T10:24:29.8158271Z (pass) v0.28.27/0.29.8: /goal verify (renamed from /goal audit) — manual auditor invocation with a synthesized claim, wired into the pendingCompletion machinery [0.67ms]
publish	Test and inspect the package	2026-10-05T10:24:29.8161654Z (pass) v0.29.8: /goal audit [focus] — the one-shot project audit; /glla status — the unified view [0.37ms]
publish	Test and inspect the package	2026-10-05T10:24:29.8164024Z (pass) v0.34.2: cmdResume clears interruptedAt/interruptedReason on a fresh-session resume [0.23ms]
publish	Test and inspect the package	2026-10-05T10:24:29.8186094Z (pass) v0.34.7: safeSteerUser wraps every orchestrator sendUserMessage (darklord crash) [2.19ms]
publish	Test and inspect the package	2026-10-05T10:24:29.8218730Z (pass) v0.34.7: the fan-out float carries a catch (rejection ≠ process exit) [3.22ms]
publish	Test and inspect the package	2026-10-05T10:24:29.8221349Z (pass) v0.34.7: re-kick clears the stale-handle marker (banner must not survive a working session) [0.27ms]
publish	Test and inspect the package	2026-10-05T10:24:29.8221923Z
publish	Test and inspect the package	2026-10-05T10:24:29.8222310Z ##[endgroup]
publish	Test and inspect the package	2026-10-05T10:24:29.8225993Z
publish	Test and inspect the package	2026-10-05T10:24:29.8226590Z ##[group]tests/id-invalidation.test.ts:
publish	Test and inspect the package	2026-10-05T10:24:30.0760173Z (pass) classifyIdInvalidationReason: each mechanism maps to its reason [0.36ms]
publish	Test and inspect the package	2026-10-05T10:24:30.3059487Z (pass) forced rewrite: a fresh session with a different sidecar id ledgeres id_invalidation [231.26ms]
publish	Test and inspect the package	2026-10-05T10:24:30.4739090Z (pass) clean shutdown: the sidecar shutdownReason flows into the event [167.98ms]
publish	Test and inspect the package	2026-10-05T10:24:30.6735236Z (pass) same id (plain reload): no id_invalidation [197.72ms]
publish	Test and inspect the package	2026-10-05T10:24:30.8738757Z (pass) first boot (no sidecar): no id_invalidation [202.26ms]
publish	Test and inspect the package	2026-10-05T10:24:30.8769602Z (pass) successor absorption also emits id_invalidation (source-level pin) [3.10ms]
publish	Test and inspect the package	2026-10-05T10:24:31.0704568Z (pass) unknown-session ids are not emitted (the mock default has no getSessionId) [190.82ms]
publish	Test and inspect the package	2026-10-05T10:24:31.0706599Z
publish	Test and inspect the package	2026-10-05T10:24:31.0711252Z ##[endgroup]
publish	Test and inspect the package	2026-10-05T10:24:31.0711513Z
publish	Test and inspect the package	2026-10-05T10:24:31.0712407Z ##[group]tests/drafting-questionnaire.test.ts:
publish	Test and inspect the package	2026-10-05T10:24:31.3438141Z (pass) seeded drafting requires tool-first choices and a concrete next handoff [0.56ms]
publish	Test and inspect the package	2026-10-05T10:24:31.3460693Z (pass) goal-loop-draft.md: carries the roadmap-then-stages rule [0.29ms]
publish	Test and inspect the package	2026-10-05T10:24:31.3462290Z (pass) goal-loop-draft.md: carries the rich-option standard [0.19ms]
publish	Test and inspect the package	2026-10-05T10:24:31.3463944Z (pass) goal-loop-draft.md: invites the Esc correction explicitly [0.14ms]
publish	Test and inspect the package	2026-10-05T10:24:31.3465452Z (pass) goal-loop-forever-draft.md: carries the roadmap-then-stages rule [0.10ms]
publish	Test and inspect the package	2026-10-05T10:24:31.3467598Z (pass) goal-loop-forever-draft.md: carries the rich-option standard [0.09ms]
publish	Test and inspect the package	2026-10-05T10:24:31.3468964Z (pass) goal-loop-forever-draft.md: invites the Esc correction explicitly [0.03ms]
publish	Test and inspect the package	2026-10-05T10:24:31.3470204Z (pass) goal-loop-plan.md: carries the roadmap-then-stages rule [0.09ms]
publish	Test and inspect the package	2026-10-05T10:24:31.3471813Z (pass) goal-loop-plan.md: carries the rich-option standard [0.09ms]
publish	Test and inspect the package	2026-10-05T10:24:31.3472936Z (pass) goal-loop-plan.md: invites the Esc correction explicitly [0.03ms]
publish	Test and inspect the package	2026-10-05T10:24:31.3474711Z (pass) goal-loop-draft.md: pasted list-like seeds use supplied wording without an exactness choice [0.22ms]
publish	Test and inspect the package	2026-10-05T10:24:31.3476491Z (pass) goal-loop-plan.md: pasted list-like seeds use supplied wording without an exactness choice [0.06ms]
publish	Test and inspect the package	2026-10-05T10:24:31.3477230Z
publish	Test and inspect the package	2026-10-05T10:24:31.3477675Z ##[endgroup]
publish	Test and inspect the package	2026-10-05T10:24:31.3477862Z
publish	Test and inspect the package	2026-10-05T10:24:31.3478299Z ##[group]tests/subagent-display-richness.test.ts:
publish	Test and inspect the package	2026-10-05T10:24:31.6190917Z (pass) audit 2026-09-07 richness defaults to quiet (exceptions-only) and normalizes junk [0.50ms]
publish	Test and inspect the package	2026-10-05T10:24:31.6226340Z (pass) v0.38.23 rich assembles single-line glyph rows, no header; compact keeps the line; quiet hides healthy workers [1.10ms]
publish	Test and inspect the package	2026-10-05T10:24:31.6255180Z (pass) v0.38.22 detailed lines bucket silence — identical output seconds apart [0.27ms]
publish	Test and inspect the package	2026-10-05T10:24:31.6264423Z (pass) v0.38.22 hasHungWorker covers hung + aborting, ignores ended [0.13ms]
publish	Test and inspect the package	2026-10-05T10:24:31.6284892Z (pass) audit 2026-09-07 count line flags trouble on ANY child, not just the stalest [0.18ms]
publish	Test and inspect the package	2026-10-05T10:24:31.6314760Z (pass) v0.38.23 every rich line is width-safe; long summaries truncate cell-aware [0.22ms]
publish	Test and inspect the package	2026-10-05T10:24:31.6344024Z
publish	Test and inspect the package	2026-10-05T10:24:31.6354412Z ##[endgroup]
publish	Test and inspect the package	2026-10-05T10:24:31.6373964Z
publish	Test and inspect the package	2026-10-05T10:24:31.6404623Z ##[group]tests/delta-only-continuation.test.ts:
publish	Test and inspect the package	2026-10-05T10:24:32.1222425Z (pass) marker is tiny and carries the dispatch marker [0.61ms]
publish	Test and inspect the package	2026-10-05T10:24:32.1242990Z (pass) clean goal needs no full — repair/recovery/audit/designer do [2.17ms]
publish	Test and inspect the package	2026-10-05T10:24:32.1263339Z (pass) builder: steady-state marker, resync+marker, dirty full [2.08ms]
publish	Test and inspect the package	2026-10-05T10:24:32.5487939Z (pass) v0.38.94: consecutive sends go full once, then marker (field: 909 full sends) [422.25ms]
publish	Test and inspect the package	2026-10-05T10:24:33.1385406Z (pass) v0.38.94: rebind reset re-arms the one full brief (fresh context) [589.64ms]
publish	Test and inspect the package	2026-10-05T10:24:33.1395015Z (pass) sendContinuation wires the delta-only branch with kind ledger [0.82ms]
publish	Test and inspect the package	2026-10-05T10:24:33.1395777Z
publish	Test and inspect the package	2026-10-05T10:24:33.1396225Z ##[endgroup]
publish	Test and inspect the package	2026-10-05T10:24:33.1397698Z
publish	Test and inspect the package	2026-10-05T10:24:33.1398329Z ##[group]tests/tool-config-execution.test.ts:
publish	Test and inspect the package	2026-10-05T10:24:33.5825343Z (pass) project optional arguments override supplied values and apply to later calls [23.43ms]
publish	Test and inspect the package	2026-10-05T10:24:33.5926323Z (pass) invalid options block atomically: {"timeout":"bad"} [10.38ms]
publish	Test and inspect the package	2026-10-05T10:24:33.6016264Z (pass) invalid options block atomically: {"unsupported":true} [9.20ms]
publish	Test and inspect the package	2026-10-05T10:24:33.6153761Z (pass) invalid options block atomically: {"command":"replace the operation"} [13.30ms]
publish	Test and inspect the package	2026-10-05T10:24:33.6307494Z (pass) a stale host cannot rewrite tool arguments [12.90ms]
publish	Test and inspect the package	2026-10-05T10:24:33.6625249Z (pass) the real Pi tool pipeline executes bash with the configured timeout [31.24ms]
publish	Test and inspect the package	2026-10-05T10:24:33.6627057Z (pass) invalid merged options leave every input field unchanged [0.56ms]
publish	Test and inspect the package	2026-10-05T10:24:33.6677171Z (pass) nested overrides belong to each call, and optional zero remains valid [2.06ms]
publish	Test and inspect the package	2026-10-05T10:24:33.6679772Z (pass) unconfigured calls do not need a registry; missing or unsupported schemas block configured calls [0.42ms]
publish	Test and inspect the package	2026-10-05T10:24:33.6680582Z
publish	Test and inspect the package	2026-10-05T10:24:33.6681082Z ##[endgroup]
publish	Test and inspect the package	2026-10-05T10:24:33.6681305Z
publish	Test and inspect the package	2026-10-05T10:24:33.6681829Z ##[group]tests/image1-list-stall-and-count-fix.test.ts:
publish	Test and inspect the package	2026-10-05T10:24:33.9811684Z (pass) v0.34.104 [Image-#1] Problem 1: LIST_COMPLETION_SETTLE_MS constant + flag exist [22.13ms]
publish	Test and inspect the package	2026-10-05T10:24:33.9813330Z (pass) v0.34.104 [Image-#1] Problem 1: archiveCurrentGoal arms the settle window BEFORE activating the next item [0.29ms]
publish	Test and inspect the package	2026-10-05T10:24:33.9816265Z (pass) v0.34.104 [Image-#1] Problem 1: scheduleContinuation honours the settle window [0.18ms]
publish	Test and inspect the package	2026-10-05T10:24:33.9817561Z (pass) v0.34.104 [Image-#1] Problem 1: agent activity during settle cancels the deferred send [0.21ms]
publish	Test and inspect the package	2026-10-05T10:24:33.9819365Z (pass) v0.34.104 [Image-#1] Problem 1: sendContinuation honors an early settle callback [0.18ms]
publish	Test and inspect the package	2026-10-05T10:24:33.9834559Z (pass) v0.34.104 [Image-#1] Problem 2: validateCompletionSummary exists and is wired into complete_goal capture [1.52ms]
publish	Test and inspect the package	2026-10-05T10:24:33.9837134Z (pass) v0.34.104 [Image-#1] Problem 2: impossible X/Y pass counts match the field regex (29/28) [0.26ms]
publish	Test and inspect the package	2026-10-05T10:24:33.9840503Z (pass) v0.34.104 [Image-#1] Problem 2: ledger event `completion_summary_impossible_count` is the canonical key [0.32ms]
publish	Test and inspect the package	2026-10-05T10:24:33.9843121Z (pass) v0.34.104 [Image-#1] Problem 2: clean input early-returns before any ledger work [0.24ms]
publish	Test and inspect the package	2026-10-05T10:24:33.9843806Z
publish	Test and inspect the package	2026-10-05T10:24:33.9844161Z ##[endgroup]
publish	Test and inspect the package	2026-10-05T10:24:33.9847884Z
publish	Test and inspect the package	2026-10-05T10:24:33.9848393Z ##[group]tests/ui-polish.test.ts:
publish	Test and inspect the package	2026-10-05T10:24:34.2940847Z (pass) v0.38.89: unknownStatsArg strips the known stats tokens [0.57ms]
publish	Test and inspect the package	2026-10-05T10:24:34.2944076Z (pass) v0.38.89: stats header and unknown-arg usage share the /glla prefix [0.51ms]
publish	Test and inspect the package	2026-10-05T10:24:34.2946614Z (pass) v0.38.91: tool descriptions enumerate plan/audit/verify/add [0.26ms]
publish	Test and inspect the package	2026-10-05T10:24:34.3023408Z (pass) v0.38.89: /goal status card points at /goal timeline [7.58ms]
publish	Test and inspect the package	2026-10-05T10:24:34.3024319Z
publish	Test and inspect the package	2026-10-05T10:24:34.3024951Z ##[endgroup]
publish	Test and inspect the package	2026-10-05T10:24:34.3027643Z
publish	Test and inspect the package	2026-10-05T10:24:34.3028179Z ##[group]tests/long-running-modes-parked.test.ts:
publish	Test and inspect the package	2026-10-05T10:24:34.6315442Z (pass) fireReviewer emits a SECOND notify with the review file path after the cascade [23.06ms]
publish	Test and inspect the package	2026-10-05T10:24:34.6318080Z (pass) surface-notify branch is preceded by the existing manual-suppressed notify [0.38ms]
publish	Test and inspect the package	2026-10-05T10:24:34.6320164Z (pass) postaudit settings key takes precedence over legacy reviewer key (fireReviewer) [0.27ms]
publish	Test and inspect the package	2026-10-05T10:24:34.6322020Z (pass) Settings type accepts both reviewer and postaudit keys [0.37ms]
publish	Test and inspect the package	2026-10-05T10:24:34.6323425Z (pass) SETTINGS_KEYS includes postaudit and toolOverrides [0.10ms]
publish	Test and inspect the package	2026-10-05T10:24:34.6326190Z (pass) /glla postaudit opens the same menu as /glla reviewer (no behavioral split) [0.11ms]
publish	Test and inspect the package	2026-10-05T10:24:34.6328611Z (pass) /glla routes reviewer (legacy) and postaudit (new) without completion rows [0.39ms]
publish	Test and inspect the package	2026-10-05T10:24:34.6331771Z (pass) resolveReviewerConfig: postaudit and reviewer blocks merge equivalently [0.27ms]
publish	Test and inspect the package	2026-10-05T10:24:34.6334055Z (pass) goal-loop-continuation prompt carries the 0.27.5 chunk-near-context-full hint [0.22ms]
publish	Test and inspect the package	2026-10-05T10:24:34.6335074Z
publish	Test and inspect the package	2026-10-05T10:24:34.6336494Z ##[endgroup]
publish	Test and inspect the package	2026-10-05T10:24:34.6340830Z
publish	Test and inspect the package	2026-10-05T10:24:34.6341721Z ##[group]tests/answered-question-dispatch.test.ts:
publish	Test and inspect the package	2026-10-05T10:24:35.4884847Z (pass) v0.38.19 answered ask_user_question dispatches a continuation turn from a phantom-busy session [548.51ms]
publish	Test and inspect the package	2026-10-05T10:24:36.0035827Z (pass) v0.38.19 fresh stream keeps the wait path: no bypass into live thinking [515.01ms]
publish	Test and inspect the package	2026-10-05T10:24:36.5410950Z (pass) v0.38.19 a loaded followUp queue keeps the wait path even when silent [537.56ms]
publish	Test and inspect the package	2026-10-05T10:24:36.5411891Z
publish	Test and inspect the package	2026-10-05T10:24:36.5412513Z ##[endgroup]
publish	Test and inspect the package	2026-10-05T10:24:36.5427911Z
publish	Test and inspect the package	2026-10-05T10:24:36.5428473Z ##[group]tests/loop-write-signal.test.ts:
publish	Test and inspect the package	2026-10-05T10:24:36.8614801Z (pass) item 3: write/edit/multi_edit/write_file are the write-signal tools [0.38ms]
publish	Test and inspect the package	2026-10-05T10:24:36.8619794Z (pass) item 3: the tool_result handler bumps fileWrites via isLoopWriteTool [0.68ms]
publish	Test and inspect the package	2026-10-05T10:24:36.8621453Z (pass) item 2: the stuck dispatch calls isActuallyStuck (not detectLoopStuck directly) [0.21ms]
publish	Test and inspect the package	2026-10-05T10:24:36.8624184Z (pass) item 4: git commits are counted once per iteration from HEAD advance [0.11ms]
publish	Test and inspect the package	2026-10-05T10:24:36.8625543Z (pass) item 6: spec_item_progress events are counted from the ledger since iteration start [0.10ms]
publish	Test and inspect the package	2026-10-05T10:24:36.8626943Z
publish	Test and inspect the package	2026-10-05T10:24:36.8627425Z ##[endgroup]
publish	Test and inspect the package	2026-10-05T10:24:36.8628693Z
publish	Test and inspect the package	2026-10-05T10:24:36.8629167Z ##[group]tests/respec-builder-wiring.test.ts:
publish	Test and inspect the package	2026-10-05T10:24:37.4005181Z (pass) actual respec command and tools persist intended scope, batch and audit claim [226.84ms]
publish	Test and inspect the package	2026-10-05T10:24:37.4387457Z (pass) declining intended scope leaves the project drafting with no adopted requirements [34.74ms]
publish	Test and inspect the package	2026-10-05T10:24:37.5227014Z (pass) registered blocker and refinement tools preserve work and require consent to change scope [86.62ms]
publish	Test and inspect the package	2026-10-05T10:24:37.5261699Z
publish	Test and inspect the package	2026-10-05T10:24:37.5296625Z ##[endgroup]
publish	Test and inspect the package	2026-10-05T10:24:37.5305472Z
publish	Test and inspect the package	2026-10-05T10:24:37.5306146Z ##[group]tests/state-root-owner.test.ts:
publish	Test and inspect the package	2026-10-05T10:24:37.8434144Z (pass) normalizeOwnerAt tolerates number and ISO, rejects garbage [44.15ms]
publish	Test and inspect the package	2026-10-05T10:24:37.8554648Z (pass) looksLikePi admits pi hosts, refuses sleep, abstains on unknown [12.14ms]
publish	Test and inspect the package	2026-10-05T10:24:37.8670788Z (pass) classifyOwner covers the full matrix [11.67ms]
publish	Test and inspect the package	2026-10-05T10:24:37.8787849Z (pass) describeOwner returns null for self, shape for foreign [11.70ms]
publish	Test and inspect the package	2026-10-05T10:24:37.8952321Z (pass) takeover with no record claims silently [16.43ms]
publish	Test and inspect the package	2026-10-05T10:24:37.9082762Z (pass) takeover of a dead owner reclaims without signaling [13.03ms]
publish	Test and inspect the package	2026-10-05T10:24:37.9209711Z (pass) takeover of self reclaims (same-process sessions always win) [12.67ms]
publish	Test and inspect the package	2026-10-05T10:24:38.0611500Z (pass) live owner without confirm returns needs-confirm and touches nothing [140.06ms]
publish	Test and inspect the package	2026-10-05T10:24:38.2016587Z (pass) confirmed takeover of a non-pi process is refused, survivor unclaimed [140.42ms]
publish	Test and inspect the package	2026-10-05T10:24:38.6688606Z (pass) confirmed takeover SIGTERMs a pi-shaped owner, verifies exit, claims [467.20ms]
publish	Test and inspect the package	2026-10-05T10:24:39.1845019Z (pass) owner surviving SIGTERM is never claimed [515.64ms]
publish	Test and inspect the package	2026-10-05T10:24:39.3251389Z (pass) recycled pid is unlinked without signaling the innocent occupant [140.57ms]
publish	Test and inspect the package	2026-10-05T10:24:39.4684281Z (pass) heartbeat refresh is throttled and owner-scoped [143.28ms]
publish	Test and inspect the package	2026-10-05T10:24:39.7438945Z (pass) /glla owner reports unclaimed / self / live holder [275.45ms]
publish	Test and inspect the package	2026-10-05T10:24:39.7581268Z (pass) /glla takeover end to end reclaims a dead root via command [14.33ms]
publish	Test and inspect the package	2026-10-05T10:24:39.8994959Z (pass) /glla takeover aborts on dismissed confirm without signaling [141.24ms]
publish	Test and inspect the package	2026-10-05T10:24:39.9118500Z (pass) source pins the new escape hatches on both read-only warnings [12.47ms]
publish	Test and inspect the package	2026-10-05T10:24:40.0544104Z (pass) audit-2026-09-06: takeover re-verifies the occupant at signal time [142.46ms]
publish	Test and inspect the package	2026-10-05T10:24:40.0544630Z
publish	Test and inspect the package	2026-10-05T10:24:40.0544989Z ##[endgroup]
publish	Test and inspect the package	2026-10-05T10:24:40.0548430Z
publish	Test and inspect the package	2026-10-05T10:24:40.0548774Z ##[group]tests/retry-bounds.test.ts:
publish	Test and inspect the package	2026-10-05T10:24:40.3772693Z (pass) E2: persisted auditInfraStreak field (type + schema) [24.65ms]
publish	Test and inspect the package	2026-10-05T10:24:40.3787245Z (pass) E2: auditor infra errors enter the durable bounded retry plan (v0.34.51 — no 3-strike stop) [1.58ms]
publish	Test and inspect the package	2026-10-05T10:24:40.3859535Z (pass) main recovery remains unbounded but auditor retries retain their fixed horizon [7.22ms]
publish	Test and inspect the package	2026-10-05T10:24:40.3868046Z (pass) v0.36.0: aggressive auditor disapprovals become durable TODOs and stop on repeated no-progress [0.83ms]
publish	Test and inspect the package	2026-10-05T10:24:40.3871478Z (pass) E3: send-retry re-arms counted, ledgered, escalated [0.38ms]
publish	Test and inspect the package	2026-10-05T10:24:40.3874574Z (pass) v0.28.29: busy-retry cadence backs off (no more flat 50ms spins) [0.27ms]
publish	Test and inspect the package	2026-10-05T10:24:40.3884291Z (pass) v0.28.29: escalation is TIME-based and ACTIVITY-gated (busy ≠ wedged — the polis false positive) [0.89ms]
publish	Test and inspect the package	2026-10-05T10:24:40.3893848Z (pass) E3: provider-held send storms enter durable main-model recovery [1.02ms]
publish	Test and inspect the package	2026-10-05T10:24:40.3917607Z (pass) E8: the error brake carries the REAL error text, not stopReason [2.37ms]
publish	Test and inspect the package	2026-10-05T10:24:40.3927662Z (pass) v0.34.26: output-token-limit provider errors are classified as a deterministic wall, not a flake [0.97ms]
publish	Test and inspect the package	2026-10-05T10:24:40.3935700Z (pass) v0.34.36: a loop whose continuation never starts is durably stopped and resumable [0.16ms]
publish	Test and inspect the package	2026-10-05T10:24:40.3937676Z (pass) v0.34.51: stored-claim auditor retries enter the durable plan on ANY infra error [0.41ms]
publish	Test and inspect the package	2026-10-05T10:24:40.3946033Z (pass) v0.34.26: length-continue exhaustion is a durable paused state, not a transient notify [1.24ms]
publish	Test and inspect the package	2026-10-05T10:24:40.3957729Z (pass) E8: user aborts braked SEPARATELY — honest message, no auto-resume [1.17ms]
publish	Test and inspect the package	2026-10-05T10:24:40.3977795Z (pass) E8: provider-error brake gets ONE capped escalating auto-resume with reason re-check (v0.28.25) [1.98ms]
publish	Test and inspect the package	2026-10-05T10:24:40.3988046Z (pass) v0.28.25: inter-error retries ride an exponential ladder, not the immediate continuation [1.02ms]
publish	Test and inspect the package	2026-10-05T10:24:40.4011953Z (pass) v0.28.26: quota-blocked audits store the claim + the retry re-runs the AUDITOR directly (no agent turn) [2.34ms]
publish	Test and inspect the package	2026-10-05T10:24:40.4015216Z (pass) v0.28.26: pendingCompletion typed + schematized [0.36ms]
publish	Test and inspect the package	2026-10-05T10:24:40.4015812Z
publish	Test and inspect the package	2026-10-05T10:24:40.4016250Z ##[endgroup]
publish	Test and inspect the package	2026-10-05T10:24:40.4019676Z
publish	Test and inspect the package	2026-10-05T10:24:40.4020304Z ##[group]tests/goal-loop-dispatch.test.ts:
publish	Test and inspect the package	2026-10-05T10:24:40.6673929Z (pass) dispatch starts prepared and only accepted records can time out [0.27ms]
publish	Test and inspect the package	2026-10-05T10:24:40.6675376Z (pass) start proof is generation/owner-bound and prompt matching is exact to the attempt marker [0.13ms]
publish	Test and inspect the package	2026-10-05T10:24:40.6676585Z (pass) dispatch sidecar is atomic and recoverable across a session boundary [0.91ms]
publish	Test and inspect the package	2026-10-05T10:24:40.6677506Z (pass) corrupt or unknown sidecar records are ignored [0.28ms]
publish	Test and inspect the package	2026-10-05T10:24:40.6677915Z
publish	Test and inspect the package	2026-10-05T10:24:40.6678373Z ##[endgroup]
publish	Test and inspect the package	2026-10-05T10:24:40.6678564Z
publish	Test and inspect the package	2026-10-05T10:24:40.6678962Z ##[group]tests/respec-builder.test.ts:
publish	Test and inspect the package	2026-10-05T10:24:40.9304244Z (pass) replanning receives the missing contract evidence when semantic approval is rejected [0.74ms]
publish	Test and inspect the package	2026-10-05T10:24:40.9307771Z (pass) task completion is only a claim; approving one batch leaves the project unfinished [0.41ms]
publish	Test and inspect the package	2026-10-05T10:24:40.9309122Z (pass) failed, contradictory and infrastructure verdicts cannot close requirements [0.19ms]
publish	Test and inspect the package	2026-10-05T10:24:40.9613436Z (pass) stale worker results and incomplete batches cannot trigger settlement [31.32ms]
publish	Test and inspect the package	2026-10-05T10:24:40.9616626Z (pass) blocked requirements stay unfinished and visible through planning and serialization [0.48ms]
publish	Test and inspect the package	2026-10-05T10:24:40.9618703Z (pass) draft adoption rejects empty criteria and ignores supplied agent verification status [0.22ms]
publish	Test and inspect the package	2026-10-05T10:24:40.9627292Z (pass) increment audits carry acceptance criteria and regressions into the production auditor prompt [0.78ms]
publish	Test and inspect the package	2026-10-05T10:24:40.9629113Z (pass) scope refinement invalidates in-flight claims and records explicit removals [0.23ms]
publish	Test and inspect the package	2026-10-05T10:24:40.9632602Z (pass) blocking a batch retains its work and unblocking requires a concrete reason [0.29ms]
publish	Test and inspect the package	2026-10-05T10:24:40.9634465Z (pass) a negative regression audit reopens earlier capabilities instead of displaying stale verification [0.21ms]
publish	Test and inspect the package	2026-10-05T10:24:40.9634981Z
publish	Test and inspect the package	2026-10-05T10:24:40.9635326Z ##[endgroup]
publish	Test and inspect the package	2026-10-05T10:24:40.9639207Z
publish	Test and inspect the package	2026-10-05T10:24:40.9639927Z ##[group]tests/loop-forever.test.ts:
publish	Test and inspect the package	2026-10-05T10:24:41.2302685Z (pass) isLifecycleHeldLoopReason separates recoverable lifecycle holds from deliberate/safety stops [0.30ms]
publish	Test and inspect the package	2026-10-05T10:24:41.2304374Z (pass) parseMetric: plain integer [0.06ms]
publish	Test and inspect the package	2026-10-05T10:24:41.2305071Z (pass) parseMetric: number inside text [0.05ms]
publish	Test and inspect the package	2026-10-05T10:24:41.2305639Z (pass) parseMetric: negative + scientific [0.05ms]
publish	Test and inspect the package	2026-10-05T10:24:41.2306505Z (pass) parseMetric: no number → null (broken measure is a stall, not a crash) [0.03ms]
publish	Test and inspect the package	2026-10-05T10:24:41.2307087Z (pass) parseMetric: takes the FIRST number [0.03ms]
publish	Test and inspect the package	2026-10-05T10:24:41.2307565Z (pass) isImprovement: first value is always baseline [0.07ms]
publish	Test and inspect the package	2026-10-05T10:24:41.2308011Z (pass) isImprovement: min direction [0.04ms]
publish	Test and inspect the package	2026-10-05T10:24:41.2308387Z (pass) isImprovement: max direction [0.06ms]
publish	Test and inspect the package	2026-10-05T10:24:41.2620936Z (pass) v0.29.10 — applyMeasurement: null best (deferred audit baseline) seeds on first real measurement [31.72ms]
publish	Test and inspect the package	2026-10-05T10:24:41.2624572Z (pass) v0.35.31 exemption pin — audit flats count toward plateau from the start; non-audit pre-movement flats stay free [0.41ms]
publish	Test and inspect the package	2026-10-05T10:24:41.2628766Z (pass) v0.35.31 exemption pin — an audit loop never gets the 'metric never moved' stop [0.54ms]
publish	Test and inspect the package	2026-10-05T10:24:41.2666148Z (pass) v0.29.10 — audit loop source pins: deferred baseline, true-regression note, live-loop reseed migration [3.63ms]
publish	Test and inspect the package	2026-10-05T10:24:41.2667979Z (pass) applyMeasurement: improvement resets stall, records best [0.13ms]
publish	Test and inspect the package	2026-10-05T10:24:41.2669037Z (pass) applyMeasurement: non-improvement increments stall [0.08ms]
publish	Test and inspect the package	2026-10-05T10:24:41.2670707Z (pass) applyMeasurement: broken measure (null) is NOT a stall — tracked separately (E5) [0.06ms]
publish	Test and inspect the package	2026-10-05T10:24:41.2672044Z (pass) applyMeasurement: a numeric value resets the null streak (E5) [0.06ms]
publish	Test and inspect the package	2026-10-05T10:24:41.2673954Z (pass) applyMeasurement: plateauWindow consecutive nulls stop with 'measure command broken', NOT plateau (E5) [0.16ms]
publish	Test and inspect the package	2026-10-05T10:24:41.2675749Z (pass) applyMeasurement: an interleaved null does not move the real stall count (E5) [0.11ms]
publish	Test and inspect the package	2026-10-05T10:24:41.2676745Z (pass) applyMeasurement: plateau stops the loop [0.08ms]
publish	Test and inspect the package	2026-10-05T10:24:41.2678173Z (pass) v0.35.31 — a never-moved zero baseline does not false-plateau a working min loop [0.25ms]
publish	Test and inspect the package	2026-10-05T10:24:41.2679785Z (pass) v0.35.31 — the never-moved grace is bounded by a loud distinct stop [0.24ms]
publish	Test and inspect the package	2026-10-05T10:24:41.2681276Z (pass) v0.35.31 — a resumed run whose best differs from its first reading still plateaus honestly [0.09ms]
publish	Test and inspect the package	2026-10-05T10:24:41.2682444Z (pass) applyMeasurement: max iterations stops the loop [0.08ms]
publish	Test and inspect the package	2026-10-05T10:24:41.2683473Z (pass) applyMeasurement: plateau wins over cap when both hit [0.07ms]
publish	Test and inspect the package	2026-10-05T10:24:41.2685512Z (pass) applyMeasurement: history is capped at 200 [0.17ms]
publish	Test and inspect the package	2026-10-05T10:24:41.2686376Z (pass) parseLoopStartArgs: full form [0.18ms]
publish	Test and inspect the package	2026-10-05T10:24:41.2687335Z (pass) parseLoopStartArgs: defaults for window and max [0.16ms]
publish	Test and inspect the package	2026-10-05T10:24:41.2688324Z (pass) parseLoopStartArgs: unquoted target works [0.09ms]
publish	Test and inspect the package	2026-10-05T10:24:41.2689082Z (pass) parseLoopStartArgs: bare start (no measure=) is the infinite metricless form (v0.23.6) [0.07ms]
publish	Test and inspect the package	2026-10-05T10:24:41.2694196Z (pass) parseLoopStartArgs: direction= without a measure throws [0.56ms]
publish	Test and inspect the package	2026-10-05T10:24:41.2695494Z (pass) parseLoopStartArgs: missing direction throws [0.10ms]
publish	Test and inspect the package	2026-10-05T10:24:41.2696706Z (pass) parseLoopStartArgs: missing target throws [0.18ms]
publish	Test and inspect the package	2026-10-05T10:24:41.2697922Z (pass) parseLoopStartArgs: measure with pipes/quotes survives [0.12ms]
publish	Test and inspect the package	2026-10-05T10:24:41.2699065Z (pass) parseLoopStartArgs: branch flag off by default [0.07ms]
publish	Test and inspect the package	2026-10-05T10:24:41.2700197Z (pass) parseLoopStartArgs: branch=1 / branch=true enable branch mode [0.14ms]
publish	Test and inspect the package	2026-10-05T10:24:41.2701700Z (pass) applyMeasurement: time bound stops when elapsed hours exceeded [0.16ms]
publish	Test and inspect the package	2026-10-05T10:24:41.2702577Z (pass) applyMeasurement: time bound does not stop before the limit [0.07ms]
publish	Test and inspect the package	2026-10-05T10:24:41.2705729Z (pass) applyMeasurement: token budget stops when exhausted [0.30ms]
publish	Test and inspect the package	2026-10-05T10:24:41.2707077Z (pass) applyMeasurement: no bound = process never 'completes' (v0.15.0) [0.07ms]
publish	Test and inspect the package	2026-10-05T10:24:41.2708339Z (pass) parseLoopStartArgs: done= throws a teaching error (v0.15.0) [0.17ms]
publish	Test and inspect the package	2026-10-05T10:24:41.2711260Z (pass) parseLoopStartArgs: time=, tokens=, and cadence= parse as bounded controls [0.24ms]
publish	Test and inspect the package	2026-10-05T10:24:41.2712977Z (pass) parseLoopStartArgs: force flag off by default, on with 1/true [0.19ms]
publish	Test and inspect the package	2026-10-05T10:24:41.2714752Z (pass) loopBranchName: format is pi-glla-loop/<timestamp>-<slug> [0.09ms]
publish	Test and inspect the package	2026-10-05T10:24:41.2715844Z (pass) loopBranchName: empty slug falls back to 'loop' [0.07ms]
publish	Test and inspect the package	2026-10-05T10:24:41.2716973Z (pass) loopBranchName: slug is capped at 30 chars [0.12ms]
publish	Test and inspect the package	2026-10-05T10:24:41.2718281Z (pass) applyRefinement: target-only change keeps baseline and stall state [0.13ms]
publish	Test and inspect the package	2026-10-05T10:24:41.2720096Z (pass) applyRefinement: measure change re-baselines and resets stall [0.10ms]
publish	Test and inspect the package	2026-10-05T10:24:41.2721787Z (pass) parseLoopStartArgs: measure=none yields a metricless config [0.13ms]
publish	Test and inspect the package	2026-10-05T10:24:41.2723074Z (pass) parseLoopStartArgs: measure=NONE is case-insensitive [0.08ms]
publish	Test and inspect the package	2026-10-05T10:24:41.2724514Z (pass) parseLoopStartArgs: direction with measure=none throws [0.11ms]
publish	Test and inspect the package	2026-10-05T10:24:41.2725694Z (pass) parseLoopStartArgs: explicit max= caps even a metricless loop [0.08ms]
publish	Test and inspect the package	2026-10-05T10:24:41.2726891Z (pass) parseLoopStartArgs: max=0 = truly unbounded; absent max = 50 [0.09ms]
publish	Test and inspect the package	2026-10-05T10:24:41.2728124Z (pass) applyMetriclessTick: iterates without plateau and never improves [0.19ms]
publish	Test and inspect the package	2026-10-05T10:24:41.2729334Z (pass) applyMetriclessTick: max iterations still stops the loop [0.09ms]
publish	Test and inspect the package	2026-10-05T10:24:41.2730396Z (pass) applyMetriclessTick: time and token bounds still stop the loop [0.18ms]
publish	Test and inspect the package	2026-10-05T10:24:41.2737536Z (pass) v0.35.72: all loop measure entry points are bounded and reject failed numeric output [0.77ms]
publish	Test and inspect the package	2026-10-05T10:24:41.2738848Z (pass) applyMeasurement: max=0 = no iteration cap for measured loops either [0.12ms]
publish	Test and inspect the package	2026-10-05T10:24:41.2754330Z (pass) resolveSpecFile: finds SPEC.md in root, prefers it over spec.md [0.47ms]
publish	Test and inspect the package	2026-10-05T10:24:41.2755717Z (pass) resolveSpecFile: spec.md fallback; null when absent; root only (no subdir crawl) [0.43ms]
publish	Test and inspect the package	2026-10-05T10:24:41.2757111Z (pass) respecTarget: names the spec, Rules binding, rest follows code, rotates implement/audit [0.17ms]
publish	Test and inspect the package	2026-10-05T10:24:41.2758330Z (pass) respecTarget bootstrapping: big draft first, then reconcile [0.08ms]
publish	Test and inspect the package	2026-10-05T10:24:41.2759452Z (pass) resolveSpecFiles: returns all root specs in priority order (v0.24.4) [0.40ms]
publish	Test and inspect the package	2026-10-05T10:24:41.2760235Z (pass) parseLoopStartArgs: toolsamerepeat=N parses; 0 disables the legacy check [0.18ms]
publish	Test and inspect the package	2026-10-05T10:24:41.2799340Z (pass) v0.29.0: /loop audit — metric loop over open findings; plateau = the well is dry [4.20ms]
publish	Test and inspect the package	2026-10-05T10:24:41.2844214Z (pass) v0.35.4: auditMeasureCmd counts closed FIX findings only (DECIDED/DEFERRED excluded) [4.50ms]
publish	Test and inspect the package	2026-10-05T10:24:41.2850319Z (pass) v0.35.4: countOpenAuditFindings/topOpenAuditFinding tolerate aligned open boxes [0.62ms]
publish	Test and inspect the package	2026-10-05T10:24:41.2884177Z (pass) v0.38.33: indented boxes count and queue identically across all four readers [3.34ms]
publish	Test and inspect the package	2026-10-05T10:24:41.2890405Z (pass) v0.38.33: topOpenAuditFinding strips the indent, never the text [0.60ms]
publish	Test and inspect the package	2026-10-05T10:24:41.2894596Z (pass) L7: countCheckedSpecItems counts indented boxes like its siblings [0.41ms]
publish	Test and inspect the package	2026-10-05T10:24:41.2895919Z (pass) L6 (pin): a fired loop timer clears its handle before any early return [0.19ms]
publish	Test and inspect the package	2026-10-05T10:24:41.2897599Z (pass) L5 (pin): the loop-turn send and retry payload share one prompt build [0.16ms]
publish	Test and inspect the package	2026-10-05T10:24:41.2899883Z (pass) v0.35.4: parseLoopStartArgs keeps =-bearing text inside quotes and restores unknown keys [0.19ms]
publish	Test and inspect the package	2026-10-05T10:24:41.2902564Z (pass) v0.35.42 — the flat-reading grace applies in a NEW measure era despite old-era improvements [0.23ms]
publish	Test and inspect the package	2026-10-05T10:24:41.2904408Z (pass) v0.35.42 — a dead NEW metric still earns its never-moved stop after a refine [0.16ms]
publish	Test and inspect the package	2026-10-05T10:24:41.2905023Z
publish	Test and inspect the package	2026-10-05T10:24:41.2905495Z ##[endgroup]
publish	Test and inspect the package	2026-10-05T10:24:41.2910009Z
publish	Test and inspect the package	2026-10-05T10:24:41.2910673Z ##[group]tests/audit-unsettled-treadmill-cap.test.ts:
publish	Test and inspect the package	2026-10-05T10:24:41.5561845Z (pass) countTrailingUnsettledRounds — all verdict classes > counts disapprovals, and an approval breaks the streak [0.45ms]
publish	Test and inspect the package	2026-10-05T10:24:41.5564457Z (pass) countTrailingUnsettledRounds — all verdict classes > counts a regression-shield block, which the disapproval cap cannot see [0.17ms]
publish	Test and inspect the package	2026-10-05T10:24:41.5566343Z (pass) countTrailingUnsettledRounds — all verdict classes > counts an IMPOSSIBLE(partial) verdict [0.16ms]
publish	Test and inspect the package	2026-10-05T10:24:41.5568335Z (pass) countTrailingUnsettledRounds — all verdict classes > an infra error is transparent; a clean approval of a shielded round is NOT [0.13ms]
publish	Test and inspect the package	2026-10-05T10:24:41.5570228Z (pass) countTrailingUnsettledRounds — all verdict classes > a mechanical pre-audit gate row stays transparent [0.16ms]
publish	Test and inspect the package	2026-10-05T10:24:41.5572460Z (pass) grader alternation no longer defeats the hard cap > an alternating primary/fallback streak is detected as unstable [0.13ms]
publish	Test and inspect the package	2026-10-05T10:24:41.5574244Z (pass) grader alternation no longer defeats the hard cap > a single-grader streak is still reported stable [0.09ms]
publish	Test and inspect the package	2026-10-05T10:24:42.4081713Z (pass) regression shield — the branch the cap could not see > shield blocks pause at the hard cap instead of re-continuing forever [852.57ms]
publish	Test and inspect the package	2026-10-05T10:24:42.4082527Z
publish	Test and inspect the package	2026-10-05T10:24:42.4082908Z ##[endgroup]
publish	Test and inspect the package	2026-10-05T10:24:42.4084379Z
publish	Test and inspect the package	2026-10-05T10:24:42.4084859Z ##[group]tests/post-drafting-stuck.test.ts:
publish	Test and inspect the package	2026-10-05T10:24:42.7285796Z (pass) post-drafting: complete_goal storage failure returns an error, never a wait narrative [60.77ms]
publish	Test and inspect the package	2026-10-05T10:24:42.9215219Z (pass) post-drafting: resume_goal resumes a paused auditor-retry list item [192.68ms]
publish	Test and inspect the package	2026-10-05T10:24:42.9222137Z (pass) post-drafting: auditor retry waits after the eager probe are capped at 15 minutes [1.02ms]
publish	Test and inspect the package	2026-10-05T10:24:42.9245016Z (pass) post-drafting: recovery-wait surfaces name resume_goal as the agent path [0.59ms]
publish	Test and inspect the package	2026-10-05T10:24:42.9255152Z
publish	Test and inspect the package	2026-10-05T10:24:42.9255807Z ##[endgroup]
publish	Test and inspect the package	2026-10-05T10:24:42.9256182Z
publish	Test and inspect the package	2026-10-05T10:24:42.9256766Z ##[group]tests/test-split.test.ts:
publish	Test and inspect the package	2026-10-05T10:24:43.1865217Z (pass) test-split: every slow-listed file exists and is a test file [0.58ms]
publish	Test and inspect the package	2026-10-05T10:24:43.1866581Z (pass) test-split: fast mode excludes via one ignore pattern per slow file [0.31ms]
publish	Test and inspect the package	2026-10-05T10:24:43.1867782Z (pass) test-split: explicit paths drop the ignore patterns [0.14ms]
publish	Test and inspect the package	2026-10-05T10:24:43.2189161Z (pass) test-split: slow mode names the files; all mode passes through [31.93ms]
publish	Test and inspect the package	2026-10-05T10:24:43.2190467Z (pass) runner: the stall window is bounded and overridable [0.25ms]
publish	Test and inspect the package	2026-10-05T10:24:43.2191488Z (pass) runner: silence past the window stalls, progress resets the clock [0.13ms]
publish	Test and inspect the package	2026-10-05T10:24:43.2194267Z (pass) runner: the wrapper owns its child (no orphan on abort) [0.29ms]
publish	Test and inspect the package	2026-10-05T10:24:43.2198803Z (pass) runner: the hand-written .d.mts declares every runtime export (drift guard) [0.45ms]
publish	Test and inspect the package	2026-10-05T10:24:43.2250318Z (pass) v0.38.104: the suite child is detached so the documented group-kill is real [1.46ms]
publish	Test and inspect the package	2026-10-05T10:24:43.2264418Z (pass) v0.38.104: the release gate runs the hardened runner, and CI bounds both jobs [2.37ms]
publish	Test and inspect the package	2026-10-05T10:24:43.2354513Z (pass) v0.38.104: no test gates itself on the removed @tintinweb fork [9.74ms]
publish	Test and inspect the package	2026-10-05T10:24:43.2364693Z (pass) v0.38.104: tests/README.md does not claim npm test runs the whole suite [0.23ms]
publish	Test and inspect the package	2026-10-05T10:24:43.2393937Z
publish	Test and inspect the package	2026-10-05T10:24:43.2424483Z ##[endgroup]
publish	Test and inspect the package	2026-10-05T10:24:43.2453938Z
publish	Test and inspect the package	2026-10-05T10:24:43.2484623Z ##[group]tests/repair-source-consume-durability.test.ts:
publish	Test and inspect the package	2026-10-05T10:24:43.7423403Z (pass) failed repair-source deletion restores the durable repair link [43.32ms]
publish	Test and inspect the package	2026-10-05T10:24:43.7424122Z
publish	Test and inspect the package	2026-10-05T10:24:43.7424474Z ##[endgroup]
publish	Test and inspect the package	2026-10-05T10:24:43.7426761Z
publish	Test and inspect the package	2026-10-05T10:24:43.7427147Z ##[group]tests/owner-file-protocol.test.ts:
publish	Test and inspect the package	2026-10-05T10:24:44.0134179Z (pass) Windows replacement retries a sharing violation without unlinking the previous owner [2.22ms]
publish	Test and inspect the package	2026-10-05T10:24:45.3244154Z (pass) competing Node processes serialize owner mutations and publish only complete records [1311.17ms]
publish	Test and inspect the package	2026-10-05T10:24:45.5044130Z (pass) a live mutation times out contenders; SIGKILL recovery never removes a successor lock [179.99ms]
publish	Test and inspect the package	2026-10-05T10:24:45.5046088Z (pass) Windows participant read retries denial but preserves malformed-record refusal [0.31ms]
publish	Test and inspect the package	2026-10-05T10:24:45.5046925Z
publish	Test and inspect the package	2026-10-05T10:24:45.5047422Z ##[endgroup]
publish	Test and inspect the package	2026-10-05T10:24:45.5055945Z
publish	Test and inspect the package	2026-10-05T10:24:45.5056654Z ##[group]tests/repair-card-loop-block.test.ts:
publish	Test and inspect the package	2026-10-05T10:24:46.0237264Z (pass) v0.35.22: activating a queued item under a LIVE loop refuses LOUDLY — warning names the queued item and the way out [249.30ms]
publish	Test and inspect the package	2026-10-05T10:24:46.5325936Z (pass) v0.35.22: when the loop ends, the blocked item becomes startable — /loop stop advances the queue [507.82ms]
publish	Test and inspect the package	2026-10-05T10:24:46.7939401Z (pass) v0.35.41: the stuck-ladder stop also announces queued-list resumption [262.54ms]
publish	Test and inspect the package	2026-10-05T10:24:47.9686626Z (pass) v0.35.41: the provider-error cap stop also announces queued-list resumption [1174.15ms]
publish	Test and inspect the package	2026-10-05T10:24:47.9687530Z
publish	Test and inspect the package	2026-10-05T10:24:47.9688030Z ##[endgroup]
publish	Test and inspect the package	2026-10-05T10:24:47.9691315Z
publish	Test and inspect the package	2026-10-05T10:24:47.9692045Z ##[group]tests/draft-template-failure.test.ts:
publish	Test and inspect the package	2026-10-05T10:24:48.2396723Z (pass) drafting gate is claimed only after prompt construction [0.45ms]
publish	Test and inspect the package	2026-10-05T10:24:48.2412921Z (pass) the post-claim model failure still clears drafting state before rethrow [0.29ms]
publish	Test and inspect the package	2026-10-05T10:24:48.2414168Z
publish	Test and inspect the package	2026-10-05T10:24:48.2414743Z ##[endgroup]
publish	Test and inspect the package	2026-10-05T10:24:48.2414975Z
publish	Test and inspect the package	2026-10-05T10:24:48.2415447Z ##[group]tests/main-model-recovery.test.ts:
publish	Test and inspect the package	2026-10-05T10:24:48.5069450Z (pass) main model refs preserve order, dedupe, and support nested model ids [0.36ms]
publish	Test and inspect the package	2026-10-05T10:24:48.5074398Z (pass) main model fallback candidates are ordered and never retried in a cycle [0.18ms]
publish	Test and inspect the package	2026-10-05T10:24:48.5076217Z (pass) main fallback settings dedupe case-insensitively and cap the chain at ten [0.22ms]
publish	Test and inspect the package	2026-10-05T10:24:48.5448686Z (pass) runtime fallback walk uses one supervised model at a time and preserves left-to-right order [37.80ms]
publish	Test and inspect the package	2026-10-05T10:24:48.5489975Z (pass) successful fallback turns keep the preferred primary and fail back after a supervised probe [4.23ms]
publish	Test and inspect the package	2026-10-05T10:24:48.5495673Z (pass) sticky failback preserves the old fallback-settles behavior [0.62ms]
publish	Test and inspect the package	2026-10-05T10:24:48.5498665Z (pass) in-band provider output is recognized only for strong repeated-pane markers [0.27ms]
publish	Test and inspect the package	2026-10-05T10:24:48.5501185Z (pass) the explicit Codex prompt-policy event is terminal, while lookalike text remains generic [0.25ms]
publish	Test and inspect the package	2026-10-05T10:24:48.5502648Z (pass) main model errors stay opaque to the recovery policy [0.19ms]
publish	Test and inspect the package	2026-10-05T10:24:48.5507291Z (pass) main model recovery backs off without giving up [0.44ms]
publish	Test and inspect the package	2026-10-05T10:24:48.5508603Z (pass) main recovery requirements are generic across provider wording [0.07ms]
publish	Test and inspect the package	2026-10-05T10:24:48.5509190Z
publish	Test and inspect the package	2026-10-05T10:24:48.5509666Z ##[endgroup]
publish	Test and inspect the package	2026-10-05T10:24:48.5513795Z
publish	Test and inspect the package	2026-10-05T10:24:48.5514451Z ##[group]tests/respec-builder-audit-runtime.test.ts:
publish	Test and inspect the package	2026-10-05T10:24:48.8492459Z (pass) a stale audit wake does not resolve a model or launch a worker [38.48ms]
publish	Test and inspect the package	2026-10-05T10:24:49.3252277Z (pass) a time bound cancels an in-flight worker and retains unfinished requirements [475.90ms]
publish	Test and inspect the package	2026-10-05T10:24:49.5495756Z (pass) real detached protocol approval archives the intended project before terminal handoff [224.43ms]
publish	Test and inspect the package	2026-10-05T10:24:49.6808564Z (pass) real detached disapproval carries findings into a durable unfinished next cycle [130.54ms]
publish	Test and inspect the package	2026-10-05T10:24:49.8155219Z (pass) a semantic approval rejected by the regression shield reports needs work [135.31ms]
publish	Test and inspect the package	2026-10-05T10:24:49.9621060Z (pass) completed job is recovered after reloading an unsettled claim without another spawn [146.57ms]
publish	Test and inspect the package	2026-10-05T10:24:50.1262391Z (pass) pausing during an actual worker run prevents late approval from settling the project [164.06ms]
publish	Test and inspect the package	2026-10-05T10:24:50.2699490Z (pass) archive failure preserves approval evidence for settlement retry instead of launching another audit [143.68ms]
publish	Test and inspect the package	2026-10-05T10:24:50.4032385Z (pass) concurrent wake paths dispatch only one worker for the exact durable claim [133.40ms]
publish	Test and inspect the package	2026-10-05T10:24:50.8943822Z (pass) respec uses the shared bounded retry/fallback policy and journals its candidate cursor [491.00ms]
publish	Test and inspect the package	2026-10-05T10:24:50.8959041Z (pass) an exhausted token bound holds the project before spawning an auditor or claiming completion [1.56ms]
publish	Test and inspect the package	2026-10-05T10:24:52.8171673Z (pass) actual installer, command, tools and agent_end carry a project through detached verification [1921.15ms]
publish	Test and inspect the package	2026-10-05T10:24:53.0656554Z (pass) terminal summary delivery failure preserves a replayable durable summary [248.55ms]
publish	Test and inspect the package	2026-10-05T10:24:53.0670559Z (pass) a failed builder journal commit restores the complete prior RAM state [1.52ms]
publish	Test and inspect the package	2026-10-05T10:24:53.0680087Z (pass) a supervisor freeze prevents a new project audit dispatch [0.95ms]
publish	Test and inspect the package	2026-10-05T10:24:53.3704251Z (pass) rapid pause/resume discards the cancelled worker result and rearms the saved claim [302.20ms]
publish	Test and inspect the package	2026-10-05T10:24:53.5066523Z (pass) an undelivered project summary survives replacement by a new project [136.19ms]
publish	Test and inspect the package	2026-10-05T10:24:53.6355270Z (pass) freezing supervision between auditor attempts prevents retry and fallback dispatch [128.83ms]
publish	Test and inspect the package	2026-10-05T10:24:53.7854504Z (pass) a corrupt summary outbox prevents terminal handoff and retains approved job evidence [149.94ms]
publish	Test and inspect the package	2026-10-05T10:24:53.7855353Z
publish	Test and inspect the package	2026-10-05T10:24:53.7855878Z ##[endgroup]
publish	Test and inspect the package	2026-10-05T10:24:53.7858927Z
publish	Test and inspect the package	2026-10-05T10:24:53.7859501Z ##[group]tests/audit-loop-state-root.test.ts:
publish	Test and inspect the package	2026-10-05T10:24:54.0968983Z (pass) sessionDir audit target, measure, and findings helper name the selected file [40.92ms]
publish	Test and inspect the package	2026-10-05T10:24:54.0969614Z
publish	Test and inspect the package	2026-10-05T10:24:54.0969999Z ##[endgroup]
publish	Test and inspect the package	2026-10-05T10:24:54.0972305Z
publish	Test and inspect the package	2026-10-05T10:24:54.0973415Z ##[group]tests/subagent-model-override.test.ts:
publish	Test and inspect the package	2026-10-05T10:24:54.3716794Z (pass) current package roles are the model override surface [0.23ms]
publish	Test and inspect the package	2026-10-05T10:24:54.3737138Z (pass) build: current scout definition is preserved and uses current frontmatter names [0.74ms]
publish	Test and inspect the package	2026-10-05T10:24:54.3739270Z (pass) build: an explicit worker pin preserves its complete upstream definition [0.73ms]
publish	Test and inspect the package	2026-10-05T10:24:54.3740736Z (pass) build: unknown agent name throws [0.53ms]
publish	Test and inspect the package	2026-10-05T10:24:54.3742064Z (pass) sync: no upstream model pin means only the GLLA Designer role is created [0.85ms]
publish	Test and inspect the package	2026-10-05T10:24:54.4083107Z (pass) sync: explicit current-role pin wins over strategy and is idempotent [33.93ms]
publish	Test and inspect the package	2026-10-05T10:24:54.4091119Z (pass) sync: clearing a current-role pin removes only GLLA-owned content [0.90ms]
publish	Test and inspect the package	2026-10-05T10:24:54.4097174Z (pass) sync: user-owned current role is never overwritten [0.59ms]
publish	Test and inspect the package	2026-10-05T10:24:54.4102959Z (pass) sync: legacy managed files are cleaned only when marked [0.57ms]
publish	Test and inspect the package	2026-10-05T10:24:54.4110774Z (pass) sync: missing or altered Designer definitions are repaired and flagged [0.79ms]
publish	Test and inspect the package	2026-10-05T10:24:54.4112165Z (pass) defaultAgentDir follows PI_CODING_AGENT_DIR when the host overrides it [0.18ms]
publish	Test and inspect the package	2026-10-05T10:24:54.4115780Z (pass) drift: every current built-in ships without a hidden model pin [0.32ms]
publish	Test and inspect the package	2026-10-05T10:24:54.4124751Z (pass) build+sync: a thinking pin writes a thinking-only override that inherits the model [0.87ms]
publish	Test and inspect the package	2026-10-05T10:24:54.4125165Z
publish	Test and inspect the package	2026-10-05T10:24:54.4125486Z ##[endgroup]
publish	Test and inspect the package	2026-10-05T10:24:54.4129641Z
publish	Test and inspect the package	2026-10-05T10:24:54.4130050Z ##[group]tests/retry-armed-display.test.ts:
publish	Test and inspect the package	2026-10-05T10:24:54.6871945Z (pass) 151113: supervised auditor wait with armed retry renders recovering, not paused [1.99ms]
publish	Test and inspect the package	2026-10-05T10:24:54.6873950Z (pass) 151113: status line keeps the auto-retrying countdown for the armed wait [0.40ms]
publish	Test and inspect the package	2026-10-05T10:24:54.6875343Z (pass) 151113: bare user wait with no armed retry still renders paused, never recovering [0.81ms]
publish	Test and inspect the package	2026-10-05T10:24:54.6876124Z
publish	Test and inspect the package	2026-10-05T10:24:54.6876780Z ##[endgroup]
publish	Test and inspect the package	2026-10-05T10:24:54.7216568Z
publish	Test and inspect the package	2026-10-05T10:24:54.7218784Z ##[group]tests/stats-reliability.test.ts:
publish	Test and inspect the package	2026-10-05T10:24:54.9866672Z (pass) reliability derives an open failure episode and elapsed audit cost without counting repeated snapshots [0.84ms]
publish	Test and inspect the package	2026-10-05T10:24:54.9871496Z (pass) successful semantic review or terminal archive resolves failure age; missing samples stay unknown [0.34ms]
publish	Test and inspect the package	2026-10-05T10:24:54.9873266Z (pass) recovery-only state preserves failure age and future/malformed timestamps remain unknown [0.24ms]
publish	Test and inspect the package	2026-10-05T10:24:54.9875255Z
publish	Test and inspect the package	2026-10-05T10:24:54.9875942Z ##[endgroup]
publish	Test and inspect the package	2026-10-05T10:24:54.9876352Z
publish	Test and inspect the package	2026-10-05T10:24:54.9876949Z ##[group]tests/transcript-replay.test.ts:
publish	Test and inspect the package	2026-10-05T10:24:55.2637795Z (pass) replay transcript 1: NEW detector says NOT stuck (item 11) [0.23ms]
publish	Test and inspect the package	2026-10-05T10:24:55.2638976Z (pass) replay transcript 2: NEW detector says NOT stuck (item 11) [0.04ms]
publish	Test and inspect the package	2026-10-05T10:24:55.2640954Z (pass) replay transcripts: OLD detector WOULD have flagged both (the false positive being fixed) [0.91ms]
publish	Test and inspect the package	2026-10-05T10:24:55.2642253Z (pass) replay transcripts without the shipped work: narrate-but-don't-ship is still stuck [0.23ms]
publish	Test and inspect the package	2026-10-05T10:24:55.2642664Z
publish	Test and inspect the package	2026-10-05T10:24:55.2642991Z ##[endgroup]
publish	Test and inspect the package	2026-10-05T10:24:55.2643815Z
publish	Test and inspect the package	2026-10-05T10:24:55.2644377Z ##[group]tests/stale-event-context.test.ts:
publish	Test and inspect the package	2026-10-05T10:24:55.5776073Z (pass) late agent_settled events with stale contexts are ignored safely [39.32ms]
publish	Test and inspect the package	2026-10-05T10:24:55.5776664Z
publish	Test and inspect the package	2026-10-05T10:24:55.5777082Z ##[endgroup]
publish	Test and inspect the package	2026-10-05T10:24:55.5780378Z
publish	Test and inspect the package	2026-10-05T10:24:55.5781168Z ##[group]tests/same-process-successor-resume.test.ts:
publish	Test and inspect the package	2026-10-05T10:24:56.2216069Z (pass) same-process successor resumes a held ACTIVE goal — the list/goal asymmetry fix [386.25ms]
publish	Test and inspect the package	2026-10-05T10:24:56.5665053Z (pass) same-process successor auto-retries a parked completion-audit claim — auditor consent parity [340.68ms]
publish	Test and inspect the package	2026-10-05T10:24:56.9357520Z (pass) different-pid crash successor still HOLDS the goal — the cold-load law stands [373.40ms]
publish	Test and inspect the package	2026-10-05T10:24:56.9924758Z
publish	Test and inspect the package	2026-10-05T10:24:56.9925896Z ##[endgroup]
publish	Test and inspect the package	2026-10-05T10:24:56.9926431Z
publish	Test and inspect the package	2026-10-05T10:24:56.9927079Z ##[group]tests/postaudit-surface.test.ts:
publish	Test and inspect the package	2026-10-05T10:24:57.3065353Z (pass) fireReviewer emits a SECOND notify with the review file path after the cascade [34.94ms]
publish	Test and inspect the package	2026-10-05T10:24:57.3067136Z (pass) surface-notify branch is preceded by the existing manual-suppressed notify [0.42ms]
publish	Test and inspect the package	2026-10-05T10:24:57.3068992Z (pass) postaudit settings key takes precedence over legacy reviewer key (fireReviewer) [0.19ms]
publish	Test and inspect the package	2026-10-05T10:24:57.3071677Z (pass) Settings type accepts both reviewer and postaudit keys [0.24ms]
publish	Test and inspect the package	2026-10-05T10:24:57.3074204Z (pass) SETTINGS_KEYS includes postaudit and toolOverrides [0.12ms]
publish	Test and inspect the package	2026-10-05T10:24:57.3075426Z (pass) /glla postaudit opens the same menu as /glla reviewer (no behavioral split) [0.14ms]
publish	Test and inspect the package	2026-10-05T10:24:57.3078252Z (pass) /glla routes reviewer (legacy) and postaudit (new) without completion rows [0.36ms]
publish	Test and inspect the package	2026-10-05T10:24:57.3080785Z (pass) resolveReviewerConfig: postaudit and reviewer blocks merge equivalently [0.21ms]
publish	Test and inspect the package	2026-10-05T10:24:57.3082817Z (pass) goal-loop-continuation prompt carries the 0.27.5 chunk-near-context-full hint [0.19ms]
publish	Test and inspect the package	2026-10-05T10:24:57.3083380Z
publish	Test and inspect the package	2026-10-05T10:24:57.3084197Z ##[endgroup]
publish	Test and inspect the package	2026-10-05T10:24:57.3089643Z
publish	Test and inspect the package	2026-10-05T10:24:57.3090204Z ##[group]tests/active-liveness.test.ts:
publish	Test and inspect the package	2026-10-05T10:24:57.5684918Z (pass) headLifesign falls back to host stream silence with the same bands [0.37ms]
publish	Test and inspect the package	2026-10-05T10:24:57.5696995Z (pass) tracked rows win over the stream fallback [0.11ms]
publish	Test and inspect the package	2026-10-05T10:24:57.5698475Z (pass) active head shows main-model stream age without tracked rows [0.62ms]
publish	Test and inspect the package	2026-10-05T10:24:57.5701205Z (pass) stale main-model stream paints the head error, aging paints warning [0.44ms]
publish	Test and inspect the package	2026-10-05T10:24:57.5702304Z (pass) future or missing stream evidence invents no head readout [0.22ms]
publish	Test and inspect the package	2026-10-05T10:24:57.5703190Z (pass) stamped last action carries bucketed recency [0.78ms]
publish	Test and inspect the package	2026-10-05T10:24:57.5704291Z (pass) unstamped or future-stamped actions carry no recency [0.52ms]
publish	Test and inspect the package	2026-10-05T10:24:57.5704744Z
publish	Test and inspect the package	2026-10-05T10:24:57.5705195Z ##[endgroup]
publish	Test and inspect the package	2026-10-05T10:24:57.6061046Z
publish	Test and inspect the package	2026-10-05T10:24:57.6062073Z ##[group]tests/real-host-canary.test.ts:
publish	Test and inspect the package	2026-10-05T10:24:57.9235284Z (pass) real-host canary reports an explicit skip without opt-in or spawning Pi [68.09ms]
publish	Test and inspect the package	2026-10-05T10:24:58.0146228Z (pass) opt-in canary installs its request guard and records bounded host evidence (stub host) [91.05ms]
publish	Test and inspect the package	2026-10-05T10:24:58.9345234Z (pass) generated canary uses actual Pi dispatcher and allowed transport behavior [918.98ms]
publish	Test and inspect the package	2026-10-05T10:24:59.5121307Z [run-tests] progress: 420s elapsed · 1s since last output · 215 KiB of suite output
publish	Test and inspect the package	2026-10-05T10:24:59.7804656Z (pass) generated canary uses actual Pi dispatcher and unknown-price transport behavior [846.86ms]
publish	Test and inspect the package	2026-10-05T10:25:00.6481073Z (pass) generated canary uses actual Pi dispatcher and over-budget transport behavior [867.60ms]
publish	Test and inspect the package	2026-10-05T10:25:01.4892963Z (pass) generated canary uses actual Pi dispatcher and unsupported-cap transport behavior [841.15ms]
publish	Test and inspect the package	2026-10-05T10:25:02.3456397Z (pass) generated canary uses actual Pi dispatcher and oversized transport behavior [856.30ms]
publish	Test and inspect the package	2026-10-05T10:25:03.1924593Z (pass) generated canary uses actual Pi dispatcher and second-request transport behavior [846.86ms]
publish	Test and inspect the package	2026-10-05T10:25:03.5474851Z (pass) generated canary uses actual Pi dispatcher and receipt-write transport behavior [354.96ms]
publish	Test and inspect the package	2026-10-05T10:25:03.5475635Z
publish	Test and inspect the package	2026-10-05T10:25:03.5476151Z ##[endgroup]
publish	Test and inspect the package	2026-10-05T10:25:03.5484607Z
publish	Test and inspect the package	2026-10-05T10:25:03.5485584Z ##[group]tests/session-visibility.test.ts:
publish	Test and inspect the package	2026-10-05T10:25:03.8071184Z (pass) tally classifies like auditVerdictLabel [0.66ms]
publish	Test and inspect the package	2026-10-05T10:25:03.8080527Z (pass) tally segment stays silent with no verdicts [0.32ms]
publish	Test and inspect the package	2026-10-05T10:25:03.8082046Z (pass) recovery banner pins objective, next task, audits, resume [0.45ms]
publish	Test and inspect the package	2026-10-05T10:25:03.8084030Z (pass) v0.38.55: auditing status line is liveness-only — the tally lives on the card (Screenshot 20260914) [1.27ms]
publish	Test and inspect the package	2026-10-05T10:25:03.9836488Z (pass) reload with a held goal paints the recovery banner from disk [175.28ms]
publish	Test and inspect the package	2026-10-05T10:25:03.9865025Z (pass) future verdict timestamp suppresses the age instead of printing 0s ago [1.18ms]
publish	Test and inspect the package	2026-10-05T10:25:03.9884814Z
publish	Test and inspect the package	2026-10-05T10:25:03.9894388Z ##[endgroup]
publish	Test and inspect the package	2026-10-05T10:25:03.9915727Z
publish	Test and inspect the package	2026-10-05T10:25:03.9924630Z ##[group]tests/durable-defer-ui-fixture.test.ts:
publish	Test and inspect the package	2026-10-05T10:25:04.4878298Z (pass) deterministic goal-card fixture keeps the durable plaque first after three defers [24.36ms]
publish	Test and inspect the package	2026-10-05T10:25:04.4879066Z
publish	Test and inspect the package	2026-10-05T10:25:04.4879558Z ##[endgroup]
publish	Test and inspect the package	2026-10-05T10:25:04.4880668Z
publish	Test and inspect the package	2026-10-05T10:25:04.4881196Z ##[group]tests/list-queue.test.ts:
publish	Test and inspect the package	2026-10-05T10:25:04.7594266Z (pass) readState restores an empty list when no state exists [1.26ms]
publish	Test and inspect the package	2026-10-05T10:25:04.7598582Z (pass) readState restores list from the latest state event [1.59ms]
publish	Test and inspect the package	2026-10-05T10:25:04.7933954Z (pass) latest state event wins for the list [33.41ms]
publish	Test and inspect the package	2026-10-05T10:25:04.7943347Z (pass) list events (list_added etc.) do not corrupt state restore [1.10ms]
publish	Test and inspect the package	2026-10-05T10:25:04.7951243Z (pass) state event without a list field restores as empty list (v0.1.0 compat) [0.75ms]
publish	Test and inspect the package	2026-10-05T10:25:04.7952282Z (pass) takeAt: head is the FIFO default [0.08ms]
publish	Test and inspect the package	2026-10-05T10:25:04.7952932Z (pass) takeAt: middle item [0.07ms]
publish	Test and inspect the package	2026-10-05T10:25:04.7953756Z (pass) takeAt: last item [0.06ms]
publish	Test and inspect the package	2026-10-05T10:25:04.7954446Z (pass) takeAt: out of range returns null [0.05ms]
publish	Test and inspect the package	2026-10-05T10:25:04.7977941Z (pass) v0.28.28: unsolicited enqueue (reviewer) does not auto-start the head unless autoResume is on [2.37ms]
publish	Test and inspect the package	2026-10-05T10:25:04.8012383Z (pass) v0.29.4: auto-accepted drafts START (supersedes the 0.28.28 autoResume hold) [3.45ms]
publish	Test and inspect the package	2026-10-05T10:25:04.8019069Z (pass) v0.28.28: goal provenance — setGoal threads `via` into the record + goal_created ledger [0.59ms]
publish	Test and inspect the package	2026-10-05T10:25:04.8022013Z (pass) v0.28.28: /glla log [N] — human-readable ledger tail, noise-filtered [0.34ms]
publish	Test and inspect the package	2026-10-05T10:25:04.8029067Z (pass) v0.28.33: /glla wipe — renamed from reset (too close to /glla resume); reset redirects without acting [0.67ms]
publish	Test and inspect the package	2026-10-05T10:25:04.8035614Z (pass) v0.34.119: /glla cancel cancels the whole list objective, while standalone goals/loops keep their own paths [0.65ms]
publish	Test and inspect the package	2026-10-05T10:25:04.8036233Z
publish	Test and inspect the package	2026-10-05T10:25:04.8036575Z ##[endgroup]
publish	Test and inspect the package	2026-10-05T10:25:04.8039628Z
publish	Test and inspect the package	2026-10-05T10:25:04.8040195Z ##[group]tests/auditor-scope-guard.test.ts:
publish	Test and inspect the package	2026-10-05T10:25:05.1003935Z (pass) auditor scope guard — project at hand only > auditor prompt contains outside-scope guard [0.58ms]
publish	Test and inspect the package	2026-10-05T10:25:05.1006635Z (pass) auditor scope guard — project at hand only > outside-scope findings are recorded but not auto-queued [1.22ms]
publish	Test and inspect the package	2026-10-05T10:25:05.1009119Z (pass) auditor convergence contract — the change, not the repository > brief bounds blocking objections to the change and defines a reachable approval bar [0.40ms]
publish	Test and inspect the package	2026-10-05T10:25:05.1341516Z (pass) auditor convergence contract — the change, not the repository > a first round carries no rework framing [33.10ms]
publish	Test and inspect the package	2026-10-05T10:25:05.1345195Z (pass) auditor convergence contract — the change, not the repository > a rework round asks whether the PRIOR objections are closed [0.44ms]
publish	Test and inspect the package	2026-10-05T10:25:05.1346217Z
publish	Test and inspect the package	2026-10-05T10:25:05.1346809Z ##[endgroup]
publish	Test and inspect the package	2026-10-05T10:25:05.1347888Z
publish	Test and inspect the package	2026-10-05T10:25:05.1348444Z ##[group]tests/paused-overdue-display.test.ts:
publish	Test and inspect the package	2026-10-05T10:25:05.4035473Z (pass) v0.38.31: overdue wait names the recovery timer, never resuming now [1.78ms]
publish	Test and inspect the package	2026-10-05T10:25:05.4038324Z (pass) v0.38.31: overdue wait status bar reads retry overdue [0.26ms]
publish	Test and inspect the package	2026-10-05T10:25:05.4045671Z (pass) v0.38.31: in-grace wait keeps resuming now [0.63ms]
publish	Test and inspect the package	2026-10-05T10:25:05.4046874Z (pass) v0.38.31: future wait keeps the countdown [0.57ms]
publish	Test and inspect the package	2026-10-05T10:25:05.4048388Z (pass) v0.38.31: wait card drops the generic tail and closes the tree [0.48ms]
publish	Test and inspect the package	2026-10-05T10:25:05.4058291Z (pass) v0.38.31: error pause keeps suggested action and saved tail [0.91ms]
publish	Test and inspect the package	2026-10-05T10:25:05.4059018Z
publish	Test and inspect the package	2026-10-05T10:25:05.4059702Z ##[endgroup]
publish	Test and inspect the package	2026-10-05T10:25:05.4062348Z
publish	Test and inspect the package	2026-10-05T10:25:05.4062920Z ##[group]tests/pause-decision-interrupt.test.ts:
publish	Test and inspect the package	2026-10-05T10:25:06.1384861Z (pass) decision pause persists options AND aborts the turn so the picker owns an idle surface [387.30ms]
publish	Test and inspect the package	2026-10-05T10:25:06.4753446Z (pass) options without kind are inferred as decision — no silently dropped picker [336.93ms]
publish	Test and inspect the package	2026-10-05T10:25:07.4929215Z (pass) every agent-authored pause ends the turn (blocked/error/wait), not just decisions [1017.50ms]
publish	Test and inspect the package	2026-10-05T10:25:07.8271009Z (pass) impossible-drop auto-advance does NOT abort — the next item's continuation owns the turn [334.23ms]
publish	Test and inspect the package	2026-10-05T10:25:07.8280189Z (pass) source pins: decision picker wiring + abort ordering survive refactors [1.12ms]
publish	Test and inspect the package	2026-10-05T10:25:07.8280867Z
publish	Test and inspect the package	2026-10-05T10:25:07.8281710Z ##[endgroup]
publish	Test and inspect the package	2026-10-05T10:25:07.8286272Z
publish	Test and inspect the package	2026-10-05T10:25:07.8286785Z ##[group]tests/tui-density.test.ts:
publish	Test and inspect the package	2026-10-05T10:25:08.0995322Z (pass) widget carries the audits row only with history [1.68ms]
publish	Test and inspect the package	2026-10-05T10:25:08.0998221Z (pass) widget fits 80 columns at width 80 [0.49ms]
publish	Test and inspect the package	2026-10-05T10:25:08.0998979Z (pass) paused status carries the tally [0.36ms]
publish	Test and inspect the package	2026-10-05T10:25:08.0999421Z (pass) ladder is one recovery per line [0.30ms]
publish	Test and inspect the package	2026-10-05T10:25:08.0999856Z (pass) settings tab labels carry row counts [0.06ms]
publish	Test and inspect the package	2026-10-05T10:25:08.1000097Z
publish	Test and inspect the package	2026-10-05T10:25:08.1000415Z ##[endgroup]
publish	Test and inspect the package	2026-10-05T10:25:08.1000545Z
publish	Test and inspect the package	2026-10-05T10:25:08.1000805Z ##[group]tests/canary-budget.test.ts:
publish	Test and inspect the package	2026-10-05T10:25:08.4236586Z (pass) canary bounds output and requests, removes tools, and preserves the caller payload [26.49ms]
publish	Test and inspect the package	2026-10-05T10:25:08.4239845Z (pass) canary refuses unsupported caps, unknown prices, oversized input, and excessive estimated spend before sending [0.49ms]
publish	Test and inspect the package	2026-10-05T10:25:08.4240525Z
publish	Test and inspect the package	2026-10-05T10:25:08.4240891Z ##[endgroup]
publish	Test and inspect the package	2026-10-05T10:25:08.4243756Z
publish	Test and inspect the package	2026-10-05T10:25:08.4244343Z ##[group]tests/uniform-provider-retry.test.ts:
publish	Test and inspect the package	2026-10-05T10:25:08.7443075Z (pass) the first provider retry is eager for every failure family [0.68ms]
publish	Test and inspect the package	2026-10-05T10:25:08.7445205Z (pass) later provider retries use one bounded configured ladder [0.19ms]
publish	Test and inspect the package	2026-10-05T10:25:08.7466281Z (pass) main-model recovery has no quota-derived policy branch [2.67ms]
publish	Test and inspect the package	2026-10-05T10:25:08.7500962Z (pass) the auditor durable plan is generic and keeps safe diagnostic copy [3.46ms]
publish	Test and inspect the package	2026-10-05T10:25:08.7505737Z (pass) display surfaces identify generic recovery, not a guessed quota state [0.46ms]
publish	Test and inspect the package	2026-10-05T10:25:08.7506281Z
publish	Test and inspect the package	2026-10-05T10:25:08.7506683Z ##[endgroup]
publish	Test and inspect the package	2026-10-05T10:25:08.7510165Z
publish	Test and inspect the package	2026-10-05T10:25:08.7510773Z ##[group]tests/pause-redirect.test.ts:
publish	Test and inspect the package	2026-10-05T10:25:09.2413111Z (pass) redirect parks the goal but keeps the turn alive for the user's new task [172.30ms]
publish	Test and inspect the package	2026-10-05T10:25:09.4093919Z (pass) control: a plain pause still aborts the turn (v0.35.15 contract) [167.92ms]
publish	Test and inspect the package	2026-10-05T10:25:09.4094609Z
publish	Test and inspect the package	2026-10-05T10:25:09.4095454Z ##[endgroup]
publish	Test and inspect the package	2026-10-05T10:25:09.4098011Z
publish	Test and inspect the package	2026-10-05T10:25:09.4098548Z ##[group]tests/tool-cap-inventory.test.ts:
publish	Test and inspect the package	2026-10-05T10:25:09.7347409Z (pass) cap inventory: no tool schema refuses past the documented guard [28.61ms]
publish	Test and inspect the package	2026-10-05T10:25:09.7349044Z (pass) darklord replay: oversized gate notes are accepted and preserved [0.23ms]
publish	Test and inspect the package	2026-10-05T10:25:09.7354094Z (pass) judgment and resume values clip at handlers instead of refusing [0.59ms]
publish	Test and inspect the package	2026-10-05T10:25:09.7357369Z (pass) cap audit gaps: judgment record and group titles clip clause-aware [0.40ms]
publish	Test and inspect the package	2026-10-05T10:25:09.7357857Z
publish	Test and inspect the package	2026-10-05T10:25:09.7358231Z ##[endgroup]
publish	Test and inspect the package	2026-10-05T10:25:09.7361973Z
publish	Test and inspect the package	2026-10-05T10:25:09.7362702Z ##[group]tests/loop-refine-transaction.test.ts:
publish	Test and inspect the package	2026-10-05T10:25:10.0445244Z (pass) failed spec refinement leaves loop state unchanged [43.38ms]
publish	Test and inspect the package	2026-10-05T10:25:10.0445803Z
publish	Test and inspect the package	2026-10-05T10:25:10.0446143Z ##[endgroup]
publish	Test and inspect the package	2026-10-05T10:25:10.0446270Z
publish	Test and inspect the package	2026-10-05T10:25:10.0446567Z ##[group]tests/activity-first-status.test.ts:
publish	Test and inspect the package	2026-10-05T10:25:10.3166473Z (pass) activity-first: lead rows follow the head and precede all historical rows [2.66ms]
publish	Test and inspect the package	2026-10-05T10:25:10.3173795Z (pass) activity-first: quiet card leads with phase, age, last tool, model, thinking, next action [0.94ms]
publish	Test and inspect the package	2026-10-05T10:25:10.3180839Z (pass) activity-first: awaiting-verdict card and footer agree on the phase words [0.72ms]
publish	Test and inspect the package	2026-10-05T10:25:10.3191213Z (pass) activity-first: blocked card and footer agree on the blocked label [0.71ms]
publish	Test and inspect the package	2026-10-05T10:25:10.3197467Z (pass) activity-first: live running card carries tool elapsed/budget in the lead [0.93ms]
publish	Test and inspect the package	2026-10-05T10:25:10.3202182Z (pass) activity-first: legacy claim without thinking/model omits the segments, never invents [0.44ms]
publish	Test and inspect the package	2026-10-05T10:25:10.3626278Z (pass) activity-first: phase colour wraps the words (quiet warns, live succeeds, queued stays neutral) [42.13ms]
publish	Test and inspect the package	2026-10-05T10:25:10.3628225Z (pass) activity-first: footer monitoring and awaiting labels agree with the card head [0.26ms]
publish	Test and inspect the package	2026-10-05T10:25:10.3633877Z (pass) D2: the loop status line folds watching into QUEUED like the goal head [0.14ms]
publish	Test and inspect the package	2026-10-05T10:25:10.3635304Z (pass) D4: the auditor session row is sanitized and bounded [0.30ms]
publish	Test and inspect the package	2026-10-05T10:25:10.3636620Z (pass) stampAuditorAttemptThinking stamps only the owning attempt and sanitizes [0.14ms]
publish	Test and inspect the package	2026-10-05T10:25:10.3637465Z
publish	Test and inspect the package	2026-10-05T10:25:10.3638158Z ##[endgroup]
publish	Test and inspect the package	2026-10-05T10:25:10.3638584Z
publish	Test and inspect the package	2026-10-05T10:25:10.3639198Z ##[group]tests/loop-finish.test.ts:
publish	Test and inspect the package	2026-10-05T10:25:10.6675723Z (pass) loopFinishStopReason: cmdLoop('finish audit clean') → 'completed: audit clean' (item 7) [33.99ms]
publish	Test and inspect the package	2026-10-05T10:25:10.6678285Z (pass) /loop finish is routed in cmdLoop and registered in completions (item 7) [0.50ms]
publish	Test and inspect the package	2026-10-05T10:25:10.6679511Z (pass) branch-mode resume refuses to commit from the original branch [0.12ms]
publish	Test and inspect the package	2026-10-05T10:25:10.6680059Z
publish	Test and inspect the package	2026-10-05T10:25:10.6680525Z ##[endgroup]
publish	Test and inspect the package	2026-10-05T10:25:10.6683548Z
publish	Test and inspect the package	2026-10-05T10:25:10.6686224Z ##[group]tests/empty-provider-response.test.ts:
publish	Test and inspect the package	2026-10-05T10:25:10.9271933Z (pass) v0.38.104 the field error is recognised as an empty response [0.26ms]
publish	Test and inspect the package	2026-10-05T10:25:10.9282629Z (pass) v0.38.104 a message that merely CONTAINS 'empty' is not a provider glitch [0.06ms]
publish	Test and inspect the package	2026-10-05T10:25:10.9284569Z (pass) v0.38.104 an empty response is neither a quota wall nor a deterministic client error [0.07ms]
publish	Test and inspect the package	2026-10-05T10:25:10.9285469Z (pass) v0.38.104 an empty response retries EAGERLY, not on the 15-minute ladder [0.37ms]
publish	Test and inspect the package	2026-10-05T10:25:10.9286159Z (pass) v0.38.104 the eager window is bounded, then the normal ladder takes over [0.29ms]
publish	Test and inspect the package	2026-10-05T10:25:10.9286780Z (pass) v0.38.104 other failures keep the historical ladder untouched [0.15ms]
publish	Test and inspect the package	2026-10-05T10:25:10.9287412Z (pass) v0.38.104 a quota wall still wins over the eager empty-response path [0.10ms]
publish	Test and inspect the package	2026-10-05T10:25:10.9288184Z (pass) v0.38.104 the FIRST attempt honours the upstream reset hint too (no 5s probe of a named wall) [0.15ms]
publish	Test and inspect the package	2026-10-05T10:25:10.9288611Z
publish	Test and inspect the package	2026-10-05T10:25:10.9288923Z ##[endgroup]
publish	Test and inspect the package	2026-10-05T10:25:10.9289523Z
publish	Test and inspect the package	2026-10-05T10:25:10.9289818Z ##[group]tests/compaction-survival.test.ts:
publish	Test and inspect the package	2026-10-05T10:25:12.4062872Z (pass) compaction survival: three mid-run compacts, then the goal still completes approved [1206.68ms]
publish	Test and inspect the package	2026-10-05T10:25:12.9729515Z (pass) compaction survival: a compact around an in-flight audit still completes [566.66ms]
publish	Test and inspect the package	2026-10-05T10:25:12.9730239Z
publish	Test and inspect the package	2026-10-05T10:25:12.9730721Z ##[endgroup]
publish	Test and inspect the package	2026-10-05T10:25:12.9732228Z
publish	Test and inspect the package	2026-10-05T10:25:12.9732770Z ##[group]tests/auditor-error-paths.test.ts:
publish	Test and inspect the package	2026-10-05T10:25:13.2430137Z (pass) catch block never returns disapproved: true [0.31ms]
publish	Test and inspect the package	2026-10-05T10:25:13.2431753Z (pass) infra-flavored returns (no model / aborted) are not disapprovals [0.75ms]
publish	Test and inspect the package	2026-10-05T10:25:13.2432680Z (pass) auditor watchdog exits are infrastructure failures, never verdicts [0.55ms]
publish	Test and inspect the package	2026-10-05T10:25:13.2434038Z (pass) worker stream failures accumulate onto stderr, never overwrite it [0.16ms]
publish	Test and inspect the package	2026-10-05T10:25:13.2435436Z (pass) semantic verdict-quality failures and shield blocks keep distinct categories [0.23ms]
publish	Test and inspect the package	2026-10-05T10:25:13.2881353Z (pass) audit 2026-09-25: the reverted wall-clock bound leaves no dead classification branches [45.65ms]
publish	Test and inspect the package	2026-10-05T10:25:13.2882130Z
publish	Test and inspect the package	2026-10-05T10:25:13.2882611Z ##[endgroup]
publish	Test and inspect the package	2026-10-05T10:25:13.2885460Z
publish	Test and inspect the package	2026-10-05T10:25:13.2886174Z ##[group]tests/auditor-process.test.ts:
publish	Test and inspect the package	2026-10-05T10:25:13.5899863Z (pass) compiled Pi hosts fall back to a JavaScript runtime while explicit commands remain available [37.37ms]
publish	Test and inspect the package	2026-10-05T10:25:13.5901562Z (pass) v0.35.27 (PR #17): bare tokens pass unquoted for .CMD shims, unsafe-arg gate still covers EVERY arg [0.33ms]
publish	Test and inspect the package	2026-10-05T10:25:13.5909108Z (pass) Windows worker shutdown kills the cmd/pi process tree [0.74ms]
publish	Test and inspect the package	2026-10-05T10:25:13.5916396Z (pass) Windows atomic protocol retries transient rename locks without unlinking the old snapshot [0.70ms]
publish	Test and inspect the package	2026-10-05T10:25:14.8815057Z (pass) transport failures carry an explicit no-verdict classification [1289.70ms]
publish	Test and inspect the package	2026-10-05T10:25:14.8819711Z (pass) fake worker setup stays in per-test temp storage [0.68ms]
publish	Test and inspect the package	2026-10-05T10:25:15.0393179Z (pass) detached parent accepts an identity-checked result and applies regression_shield [157.10ms]
publish	Test and inspect the package	2026-10-05T10:25:15.1936383Z (pass) detached parent keeps a regression-shield block distinct from disapproval and infrastructure [154.29ms]
publish	Test and inspect the package	2026-10-05T10:25:15.3468271Z (pass) detached parent forwards live worker telemetry to its progress callback [153.19ms]
publish	Test and inspect the package	2026-10-05T10:25:15.6696620Z (pass) v0.34.57: heartbeat-without-progress watchdog emits auditor_stalled and cancels the detached job [322.78ms]
publish	Test and inspect the package	2026-10-05T10:25:16.8290412Z (pass) parent abort escalates a detached TERM-ignoring worker and removes its job [1159.43ms]
publish	Test and inspect the package	2026-10-05T10:25:17.3476831Z (pass) the real worker forwards ordered tool and report phases to the parent [518.60ms]
publish	Test and inspect the package	2026-10-05T10:25:17.4555223Z (pass) real worker preserves structured HTTP 429 diagnostics for the parent [107.81ms]
publish	Test and inspect the package	2026-10-05T10:25:17.6823977Z (pass) real worker persists the auditor session when inspection is enabled (spawn spec + progress shape) [226.81ms]
publish	Test and inspect the package	2026-10-05T10:25:17.6825528Z (pass) detached auditor env keeps runtime necessities and selected provider auth, not unrelated secrets [0.17ms]
publish	Test and inspect the package	2026-10-05T10:25:17.8187797Z (pass) real worker keeps the original --no-session spawn when inspection is unset (default unchanged) [136.29ms]
publish	Test and inspect the package	2026-10-05T10:25:17.9940163Z (pass) worker assembles streamed report fragments into cumulative display lines without changing the exact result [175.16ms]
publish	Test and inspect the package	2026-10-05T10:25:18.1193156Z (pass) parent rejects a result that reports an unsupported tool [125.29ms]
publish	Test and inspect the package	2026-10-05T10:25:18.2516468Z (pass) approval without an audit tool is a semantic disapproval [132.29ms]
publish	Test and inspect the package	2026-10-05T10:25:18.3787241Z (pass) a verdict marker inside a think block is not accepted [127.05ms]
publish	Test and inspect the package	2026-10-05T10:25:18.3800996Z (pass) failed setup preserves a pre-existing attempt directory it does not own [1.53ms]
publish	Test and inspect the package	2026-10-05T10:25:18.6240164Z (pass) detached retry identities remain unique while completed job dirs persist for the retention window [243.73ms]
publish	Test and inspect the package	2026-10-05T10:25:18.6325222Z (pass) cancel keeps a finished audit's transcript dir but reaps incomplete scratch [8.56ms]
publish	Test and inspect the package	2026-10-05T10:25:18.7550060Z (pass) a mismatched result hash fails closed as infrastructure [122.47ms]
publish	Test and inspect the package	2026-10-05T10:25:18.7551631Z (pass) request hashing is stable and excludes no runtime secret or API key field [0.30ms]
publish	Test and inspect the package	2026-10-05T10:25:18.8693127Z (pass) EOF before exit preserves process and stream diagnostics without accepting a partial verdict [113.96ms]
publish	Test and inspect the package	2026-10-05T10:25:19.2038393Z (pass) EOF from a live RPC child gets a bounded close grace then TERM-to-KILL cleanup [334.46ms]
publish	Test and inspect the package	2026-10-05T10:25:19.3320861Z (pass) detached worker treats silent provider time as infrastructure, not a verdict [128.26ms]
publish	Test and inspect the package	2026-10-05T10:25:19.4434633Z (pass) parent tool watchdog cancels a tool with no follow-up RPC events [111.40ms]
publish	Test and inspect the package	2026-10-05T10:25:19.5542825Z (pass) worker aborts an unsupported tool event instead of treating it as an audit tool [110.76ms]
publish	Test and inspect the package	2026-10-05T10:25:21.2833863Z (pass) worker-side tool timeout cancels a tool that never emits an end event, and still fails fast [1729.01ms]
publish	Test and inspect the package	2026-10-05T10:25:21.2840927Z (pass) effective tool budget honors a granted timeout above the base [0.21ms]
publish	Test and inspect the package	2026-10-05T10:25:21.8154961Z (pass) parent tool watchdog honors the worker-armed granted budget [531.88ms]
publish	Test and inspect the package	2026-10-05T10:25:22.1305725Z (pass) worker honors a bash call's granted timeout past the base budget [315.09ms]
publish	Test and inspect the package	2026-10-05T10:25:24.1135893Z (pass) real worker stops a runaway RPC process group before it becomes a storm [1983.00ms]
publish	Test and inspect the package	2026-10-05T10:25:24.3125700Z (pass) worker launches pi with the exact auditor RPC contract and one LF JSONL prompt [198.95ms]
publish	Test and inspect the package	2026-10-05T10:25:24.6482471Z (pass) worker force-kills a wedged RPC child before it exits [335.70ms]
publish	Test and inspect the package	2026-10-05T10:25:24.7782090Z (pass) v0.36.0: allow-listed extensions load via --extension while isolation flags stay intact [129.95ms]
publish	Test and inspect the package	2026-10-05T10:25:25.1549937Z (pass) v0.36.0: the process layer resolves raw specs to install paths before the worker sees them [376.71ms]
publish	Test and inspect the package	2026-10-05T10:25:25.2524901Z (pass) v0.36.0: a malformed allowedExtensions request fails closed as an identity error [97.46ms]
publish	Test and inspect the package	2026-10-05T10:25:25.3763360Z (pass) v0.38.80: the worker's challenge outcome threads through to the auditor result [123.87ms]
publish	Test and inspect the package	2026-10-05T10:25:25.5031978Z (pass) v0.38.80: an absent challenge stays undefined for legacy workers [126.85ms]
publish	Test and inspect the package	2026-10-05T10:25:25.8775723Z (pass) strict challenge: the parent refuses a legacy or skipped approval [374.27ms]
publish	Test and inspect the package	2026-10-05T10:25:26.0074956Z (pass) v0.38.81: the dispatch-decided tier stamps onto the result [129.90ms]
publish	Test and inspect the package	2026-10-05T10:25:26.2600021Z (pass) v0.38.81: spot-check stamps true; legacy callers see no tier fields [252.59ms]
publish	Test and inspect the package	2026-10-05T10:25:26.2607983Z (pass) slow-audit hardening: attempt cost summarizes prompt, tools, vision, and elapsed [0.90ms]
publish	Test and inspect the package	2026-10-05T10:25:26.2610556Z (pass) audit-tool floor: no-tool approval is a disapproval, not infrastructure [0.26ms]
publish	Test and inspect the package	2026-10-05T10:25:26.2615024Z (pass) A2 (pin): the crash-safe pre-dispatch reap covers the rotated-away attempt [0.43ms]
publish	Test and inspect the package	2026-10-05T10:25:26.6994280Z (pass) A5: an abandoned challenge preserves its prose beside the byte-exact round-1 output [437.66ms]
publish	Test and inspect the package	2026-10-05T10:25:26.6995544Z (pass) A10: the detached worker does not inherit NODE_OPTIONS [0.23ms]
publish	Test and inspect the package	2026-10-05T10:25:26.6996025Z
publish	Test and inspect the package	2026-10-05T10:25:26.6996489Z ##[endgroup]
publish	Test and inspect the package	2026-10-05T10:25:26.7000238Z
publish	Test and inspect the package	2026-10-05T10:25:26.7000916Z ##[group]tests/commit-survival-e2e.test.ts:
publish	Test and inspect the package	2026-10-05T10:25:26.9805433Z (skip) commit survives the auto-committer daemon (item 32, env-gated watched repo)
publish	Test and inspect the package	2026-10-05T10:25:26.9818365Z
publish	Test and inspect the package	2026-10-05T10:25:26.9820622Z ##[endgroup]
publish	Test and inspect the package	2026-10-05T10:25:26.9821171Z
publish	Test and inspect the package	2026-10-05T10:25:26.9821618Z ##[group]tests/list-parallel.test.ts:
publish	Test and inspect the package	2026-10-05T10:25:27.2402056Z (pass) extractParallelFlag: truthy values mark the item parallel-safe [0.42ms]
publish	Test and inspect the package	2026-10-05T10:25:27.2405813Z (pass) extractParallelFlag: falsy values explicitly opt out [0.15ms]
publish	Test and inspect the package	2026-10-05T10:25:27.2406806Z (pass) extractParallelFlag: no marker → undefined (unknown, not false) [0.06ms]
publish	Test and inspect the package	2026-10-05T10:25:27.2408548Z (pass) extractParallelFlag: inline marker mid-line, case-insensitive [0.05ms]
publish	Test and inspect the package	2026-10-05T10:25:27.2409648Z (pass) parseListItemDeclaration: marker stripped BEFORE the contract split [0.25ms]
publish	Test and inspect the package	2026-10-05T10:25:27.2411141Z (pass) parseListItemDeclaration: a parallel marker after Done when: still strips cleanly [0.16ms]
publish	Test and inspect the package	2026-10-05T10:25:27.2412497Z (pass) parseListItemDeclaration: parallel marker inside a multi-line objective is consumed [0.10ms]
publish	Test and inspect the package	2026-10-05T10:25:27.2728115Z (pass) queue sidecar round-trips the parallelSafe flag [32.47ms]
publish	Test and inspect the package	2026-10-05T10:25:27.4694317Z (pass) list_add parses the declaration into the queue state + disk + status [196.52ms]
publish	Test and inspect the package	2026-10-05T10:25:27.8116383Z (pass) a declared item activating into a goal carries the CLEAN objective (no marker leak) [342.13ms]
publish	Test and inspect the package	2026-10-05T10:25:27.8116873Z
publish	Test and inspect the package	2026-10-05T10:25:27.8117186Z ##[endgroup]
publish	Test and inspect the package	2026-10-05T10:25:27.8119867Z
publish	Test and inspect the package	2026-10-05T10:25:27.8120383Z ##[group]tests/aggressive-mode.test.ts:
publish	Test and inspect the package	2026-10-05T10:25:28.0755343Z (pass) aggressiveMode persists through the settings file (item 8) [2.54ms]
publish	Test and inspect the package	2026-10-05T10:25:28.0763088Z (pass) effective settings: aggressiveMode ON flips the defaults (items 5+7) [0.11ms]
publish	Test and inspect the package	2026-10-05T10:25:28.0765244Z (pass) effective settings: missing aggressiveMode uses the production keep-going default [0.08ms]
publish	Test and inspect the package	2026-10-05T10:25:28.0766242Z (pass) effective settings: explicit OFF keeps base defaults; auditCap base is 5 [0.06ms]
publish	Test and inspect the package	2026-10-05T10:25:28.0767463Z (pass) explicit per-key settings WIN over aggressiveMode (advisor semantics) [0.06ms]
publish	Test and inspect the package	2026-10-05T10:25:28.1091585Z (pass) autoResume is global-only in the effective settings and provenance [34.08ms]
publish	Test and inspect the package	2026-10-05T10:25:28.1095559Z (pass) obsolete quota policy files cannot change the generic retry settings [0.51ms]
publish	Test and inspect the package	2026-10-05T10:25:28.1096499Z
publish	Test and inspect the package	2026-10-05T10:25:28.1097167Z ##[endgroup]
publish	Test and inspect the package	2026-10-05T10:25:28.1099677Z
publish	Test and inspect the package	2026-10-05T10:25:28.1100290Z ##[group]tests/payload-guard.test.ts:
publish	Test and inspect the package	2026-10-05T10:25:28.3638760Z (pass) payload guard: under-budget histories pass through with the SAME identity [0.66ms]
publish	Test and inspect the package	2026-10-05T10:25:28.3640188Z (pass) payload guard: over-budget histories evict OLDEST first and keep the newest two [3.04ms]
publish	Test and inspect the package	2026-10-05T10:25:28.3951867Z (pass) payload guard: the keep-recent floor holds even when the budget cannot be met [31.01ms]
publish	Test and inspect the package	2026-10-05T10:25:28.3957968Z (pass) payload guard: projection is idempotent and never touches non-image content [0.79ms]
publish	Test and inspect the package	2026-10-05T10:25:28.3966254Z (pass) payload guard: image count is clamped even when bytes fit the budget [0.80ms]
publish	Test and inspect the package	2026-10-05T10:25:28.3972807Z (pass) payload guard: the count cap defaults to the observed provider limit [0.66ms]
publish	Test and inspect the package	2026-10-05T10:25:28.3976837Z (pass) payload guard: the keep-recent floor wins over the count cap (best effort) [0.38ms]
publish	Test and inspect the package	2026-10-05T10:25:28.4149337Z (pass) wiring: the context event projects bloated histories before EVERY LLM call and ledgeres the eviction [17.03ms]
publish	Test and inspect the package	2026-10-05T10:25:28.4373468Z (pass) wiring: identical repeat evictions are deduped; changed values re-arm [22.36ms]
publish	Test and inspect the package	2026-10-05T10:25:28.4375692Z (pass) classifyMainModelFailure: 413 payload-size texts are transient, not unknown [0.33ms]
publish	Test and inspect the package	2026-10-05T10:25:28.4376376Z
publish	Test and inspect the package	2026-10-05T10:25:28.4376833Z ##[endgroup]
publish	Test and inspect the package	2026-10-05T10:25:28.4380359Z
publish	Test and inspect the package	2026-10-05T10:25:28.4381070Z ##[group]tests/unsupervised-error-retry.test.ts:
publish	Test and inspect the package	2026-10-05T10:25:28.9286997Z (pass) empty provider response with no goal schedules and dispatches a retry [230.88ms]
publish	Test and inspect the package	2026-10-05T10:25:29.2923264Z (pass) consecutive errors advance the streak; a clean turn clears it [363.68ms]
publish	Test and inspect the package	2026-10-05T10:25:29.3074906Z (pass) composite isolation clears a poisoned unsupervised retry streak, timer, and override [14.04ms]
publish	Test and inspect the package	2026-10-05T10:25:29.5114508Z (pass) user aborts never retry [201.81ms]
publish	Test and inspect the package	2026-10-05T10:25:29.5124784Z [run-tests] progress: 450s elapsed · 0s since last output · 231 KiB of suite output
publish	Test and inspect the package	2026-10-05T10:25:29.7209349Z (pass) policy refusals, auth, billing, and deterministic 400s refuse with a reason [211.07ms]
publish	Test and inspect the package	2026-10-05T10:25:29.9268733Z (pass) context overflow compacts instead of retrying [207.36ms]
publish	Test and inspect the package	2026-10-05T10:25:29.9334987Z (pass) hinted quota sleeps until the provider reset; hintless quota ladders [6.37ms]
publish	Test and inspect the package	2026-10-05T10:25:30.1855956Z (pass) an active goal owns error turns — the unsupervised lane stays silent [252.00ms]
publish	Test and inspect the package	2026-10-05T10:25:30.4407812Z (pass) a load-held session refuses instead of promising a retry it cannot send [254.65ms]
publish	Test and inspect the package	2026-10-05T10:25:30.6281759Z (pass) a fresh turn stands down the pending retry [187.10ms]
publish	Test and inspect the package	2026-10-05T10:25:30.8315116Z (pass) a busy session at fire time stands down instead of double-driving [201.13ms]
publish	Test and inspect the package	2026-10-05T10:25:30.8317008Z
publish	Test and inspect the package	2026-10-05T10:25:30.8330546Z ##[endgroup]
publish	Test and inspect the package	2026-10-05T10:25:30.8331207Z
publish	Test and inspect the package	2026-10-05T10:25:30.8331951Z ##[group]tests/interrupt-didnt-continue.test.ts:
publish	Test and inspect the package	2026-10-05T10:25:31.1228277Z (pass) FIX A: a never-set revision (undefined) + captured 0 is CURRENT, not stale [0.48ms]
publish	Test and inspect the package	2026-10-05T10:25:31.1230003Z (pass) FIX A: captured 0 against a genuinely bumped goal is still refused [0.07ms]
publish	Test and inspect the package	2026-10-05T10:25:31.1231761Z (pass) FIX A: equal non-zero revisions stay current; bumps refuse [0.05ms]
publish	Test and inspect the package	2026-10-05T10:25:31.1274338Z (pass) FIX A pin: the refusal guard uses isGoalRevisionCurrent, not raw !== on undefined [4.63ms]
publish	Test and inspect the package	2026-10-05T10:25:31.1307498Z (pass) FIX B pin: the refusal branch restores status active so the loop continues [3.31ms]
publish	Test and inspect the package	2026-10-05T10:25:31.1335522Z (pass) behavior preserved: a GENUINE orphaned audit still parks with the same message [2.79ms]
publish	Test and inspect the package	2026-10-05T10:25:31.1336195Z
publish	Test and inspect the package	2026-10-05T10:25:31.1336663Z ##[endgroup]
publish	Test and inspect the package	2026-10-05T10:25:31.1340869Z
publish	Test and inspect the package	2026-10-05T10:25:31.1341557Z ##[group]tests/telemetry-event-shapes.test.ts:
publish	Test and inspect the package	2026-10-05T10:25:31.4467236Z (pass) name-shaped write results count fileWrites on goal telemetry [52.58ms]
publish	Test and inspect the package	2026-10-05T10:25:31.4562122Z (pass) name-shaped write results count fileWrites on loop iterMetrics [9.46ms]
publish	Test and inspect the package	2026-10-05T10:25:31.4563041Z
publish	Test and inspect the package	2026-10-05T10:25:31.4564003Z ##[endgroup]
publish	Test and inspect the package	2026-10-05T10:25:31.4570498Z
publish	Test and inspect the package	2026-10-05T10:25:31.4571481Z ##[group]tests/audit-job-retention.test.ts:
publish	Test and inspect the package	2026-10-05T10:25:31.7524117Z (pass) retention refuses cleanup when the durable claim journal cannot be read [34.29ms]
publish	Test and inspect the package	2026-10-05T10:25:31.7551255Z (pass) retention keeps unresolved goal and held project evidence until their claims settle [2.83ms]
publish	Test and inspect the package	2026-10-05T10:25:31.7563974Z (pass) retention: pre-convention finished dirs (no lock, result on file) reap past the window [1.21ms]
publish	Test and inspect the package	2026-10-05T10:25:31.7575767Z (pass) retention: lockless UNFINISHED dirs stay ambiguous (interrupted creation) [1.00ms]
publish	Test and inspect the package	2026-10-05T10:25:31.7583182Z (pass) retention: corrupt (present-but-unparseable) locks stay ambiguous [1.05ms]
publish	Test and inspect the package	2026-10-05T10:25:31.7597603Z (pass) retention: crash before worker ownership reaps only when the parent is dead [1.41ms]
publish	Test and inspect the package	2026-10-05T10:25:31.7608197Z (pass) retention: proven-dead workers reap past the window, live pids never reap [1.04ms]
publish	Test and inspect the package	2026-10-05T10:25:31.7624031Z (pass) retention: aged lockless dirs with neither request nor result reap as unowned debris [1.55ms]
publish	Test and inspect the package	2026-10-05T10:25:31.7632541Z (pass) retention: unowned debris younger than the identity-free floor stays ambiguous [0.88ms]
publish	Test and inspect the package	2026-10-05T10:25:31.7642758Z (pass) v0.38.104 retention: a finished result settles a LIVE parent lock (PID reuse no longer pins it) [1.00ms]
publish	Test and inspect the package	2026-10-05T10:25:31.7651194Z (pass) v0.38.104 retention: a LIVE parent lock with no result is still ambiguous (unchanged) [0.85ms]
publish	Test and inspect the package	2026-10-05T10:25:31.7651889Z
publish	Test and inspect the package	2026-10-05T10:25:31.7652353Z ##[endgroup]
publish	Test and inspect the package	2026-10-05T10:25:31.7656309Z
publish	Test and inspect the package	2026-10-05T10:25:31.7656855Z ##[group]tests/model-picker.test.ts:
publish	Test and inspect the package	2026-10-05T10:25:32.0287223Z (pass) model-picker items: session row first, manual row last, models sorted by provider/id [0.56ms]
publish	Test and inspect the package	2026-10-05T10:25:32.0301069Z (pass) v0.34.118 backup picker: excludes forbidden refs before rendering [0.23ms]
publish	Test and inspect the package	2026-10-05T10:25:32.0325227Z (pass) model-picker exclusion honors case-insensitive substring policy entries [0.17ms]
publish	Test and inspect the package	2026-10-05T10:25:32.0326108Z (pass) model-picker: typing fuzzy-filters the list; enter returns the highlighted model [1.00ms]
publish	Test and inspect the package	2026-10-05T10:25:32.0327504Z (pass) model-picker: slash-token fuzzy match (provider/model style), nav wraps, backspace edits [0.29ms]
publish	Test and inspect the package	2026-10-05T10:25:32.0328786Z (pass) model-picker: up/down moves the selection; esc cancels with undefined [0.13ms]
publish	Test and inspect the package	2026-10-05T10:25:32.0330125Z (pass) model-picker: selecting the session row clears the override; manual row is the typed escape hatch [0.11ms]
publish	Test and inspect the package	2026-10-05T10:25:32.0331421Z (pass) model-picker: render stays within width and shows the filter hint [0.82ms]
publish	Test and inspect the package	2026-10-05T10:25:32.0332474Z (pass) model-picker: active model row uses the available width for selection [0.56ms]
publish	Test and inspect the package	2026-10-05T10:25:32.0710781Z (pass) v0.29.17 wiring: model-valued settings use the fuzzy picker; unavailable auditor models fall back LOUDLY to the session model [39.16ms]
publish	Test and inspect the package	2026-10-05T10:25:32.0752600Z (pass) v0.36.0: auditor thinking inherits the parent dial unless explicitly overridden [4.37ms]
publish	Test and inspect the package	2026-10-05T10:25:32.0808153Z (pass) v0.36.0: the auditor chain — pinned primary → ordered fallbacks → session LAST; same-as-session auto-swap [5.47ms]
publish	Test and inspect the package	2026-10-05T10:25:32.0844592Z (pass) v0.31.6: same-model swap toggle — default ON, off = same-model audits stand [3.62ms]
publish	Test and inspect the package	2026-10-05T10:25:32.0885213Z (pass) v0.31.8: thinking options come from the PICKED MODEL — xhigh/max only when the model maps them [4.10ms]
publish	Test and inspect the package	2026-10-05T10:25:32.0887841Z (pass) v0.31.9: fork-bomb lesson is prompt-law — auditor reject-class + executor hard rule [0.32ms]
publish	Test and inspect the package	2026-10-05T10:25:32.0912402Z (pass) narrow model pickers bound every rendered line [2.42ms]
publish	Test and inspect the package	2026-10-05T10:25:32.0912868Z
publish	Test and inspect the package	2026-10-05T10:25:32.0913342Z ##[endgroup]
publish	Test and inspect the package	2026-10-05T10:25:32.0918776Z
publish	Test and inspect the package	2026-10-05T10:25:32.0919377Z ##[group]tests/remaining-next-pairing.test.ts:
publish	Test and inspect the package	2026-10-05T10:25:32.3521775Z (pass) pairing: resolving action rides inline under its problem [1.54ms]
publish	Test and inspect the package	2026-10-05T10:25:32.3527294Z (pass) pairing: standalone actions stay in ### Next [0.73ms]
publish	Test and inspect the package	2026-10-05T10:25:32.3534127Z (pass) pairing: fully paired card omits an empty ### Next [0.44ms]
publish	Test and inspect the package	2026-10-05T10:25:32.3535153Z (pass) pairing: unrelated problem and action do not pair [0.35ms]
publish	Test and inspect the package	2026-10-05T10:25:32.3873872Z (pass) pairing: Left out never pairs, even on shared words [33.86ms]
publish	Test and inspect the package	2026-10-05T10:25:32.3877413Z (pass) pairing: several actions can resolve one problem [0.52ms]
publish	Test and inspect the package	2026-10-05T10:25:32.3878051Z
publish	Test and inspect the package	2026-10-05T10:25:32.3878734Z ##[endgroup]
publish	Test and inspect the package	2026-10-05T10:25:32.3883439Z
publish	Test and inspect the package	2026-10-05T10:25:32.3884673Z ##[group]tests/waiting-on-subagent-pause.test.ts:
publish	Test and inspect the package	2026-10-05T10:25:32.6497938Z (pass) 021655: standby pause does not render 'waiting for manual action' [2.07ms]
publish	Test and inspect the package	2026-10-05T10:25:32.6502299Z (pass) 021655: standby pause names the background agent as owner, not manual action [0.96ms]
publish	Test and inspect the package	2026-10-05T10:25:32.6505094Z (pass) 021655: standby status line waits instead of demanding action [0.44ms]
publish	Test and inspect the package	2026-10-05T10:25:32.6506281Z (pass) v0.38.90: standby reason renders dim (monitoring narration, not a call to action) [0.82ms]
publish	Test and inspect the package	2026-10-05T10:25:32.6869549Z (pass) v0.38.90: standby reason caps at 2 wrapped rows like decisions/waits [37.06ms]
publish	Test and inspect the package	2026-10-05T10:25:32.6877253Z (pass) 021655: neighboring kinds keep their action rendering [0.86ms]
publish	Test and inspect the package	2026-10-05T10:25:32.6878211Z
publish	Test and inspect the package	2026-10-05T10:25:32.6878882Z ##[endgroup]
publish	Test and inspect the package	2026-10-05T10:25:32.6881926Z
publish	Test and inspect the package	2026-10-05T10:25:32.6893358Z ##[group]tests/eager-continuation-core.test.ts:
publish	Test and inspect the package	2026-10-05T10:25:33.0128048Z (pass) extractPendingTasks: pulls objection bullets, skips evidence (item 22) [29.69ms]
publish	Test and inspect the package	2026-10-05T10:25:33.0129676Z (pass) extractPendingTasks: caps at 5 and dedupes [0.12ms]
publish	Test and inspect the package	2026-10-05T10:25:33.0130826Z (pass) classifyImpossibleReason: partial vs full (item 23) [0.12ms]
publish	Test and inspect the package	2026-10-05T10:25:33.0146340Z (pass) audit-cap branch: aggressiveMode keeps ACTIVE + pendingTasks; OFF pauses (item 24 tests 1-2) [1.69ms]
publish	Test and inspect the package	2026-10-05T10:25:33.0152496Z (pass) IMPOSSIBLE branch: aggressive partial continues, full terminalizes (item 24 tests 3-4) [0.63ms]
publish	Test and inspect the package	2026-10-05T10:25:33.0154595Z (pass) shouldSuppressHeartbeatForRecentShip: recent ship suppresses, stale does not (item 27) [0.11ms]
publish	Test and inspect the package	2026-10-05T10:25:33.0157558Z (pass) heartbeat ship-suppression was removed in v0.26.6 (self-sustaining via ledger mtime) [0.37ms]
publish	Test and inspect the package	2026-10-05T10:25:33.0158413Z
publish	Test and inspect the package	2026-10-05T10:25:33.0158793Z ##[endgroup]
publish	Test and inspect the package	2026-10-05T10:25:33.0161775Z
publish	Test and inspect the package	2026-10-05T10:25:33.0162598Z ##[group]tests/prompt-disagreement-guidance.test.ts:
publish	Test and inspect the package	2026-10-05T10:25:33.2805284Z (pass) continuation prompt has the WHEN THE AUDITOR DISAPPROVES section (item 18) [0.48ms]
publish	Test and inspect the package	2026-10-05T10:25:33.2810634Z (pass) disagreement guidance names the audit history as the source [0.07ms]
publish	Test and inspect the package	2026-10-05T10:25:33.2811689Z
publish	Test and inspect the package	2026-10-05T10:25:33.2812491Z ##[endgroup]
publish	Test and inspect the package	2026-10-05T10:25:33.2813070Z
publish	Test and inspect the package	2026-10-05T10:25:33.2814045Z ##[group]tests/visual-auditor-fresh.test.ts:
publish	Test and inspect the package	2026-10-05T10:25:33.5447180Z (pass) isVisualGoal detects UI/screenshot/visual goals [0.31ms]
publish	Test and inspect the package	2026-10-05T10:25:33.5459346Z (pass) visual auditor prompt injects fresh native/external capture guidance before verdict [0.58ms]
publish	Test and inspect the package	2026-10-05T10:25:33.5462177Z (pass) non-visual goals keep the original prompt without fresh capture [0.27ms]
publish	Test and inspect the package	2026-10-05T10:25:33.5464742Z (pass) visual prompt fixture does not assume an external vision command [0.24ms]
publish	Test and inspect the package	2026-10-05T10:25:33.5465497Z
publish	Test and inspect the package	2026-10-05T10:25:33.5466245Z ##[endgroup]
publish	Test and inspect the package	2026-10-05T10:25:33.5466471Z
publish	Test and inspect the package	2026-10-05T10:25:33.5466903Z ##[group]tests/wait-overdue-backstop.test.ts:
publish	Test and inspect the package	2026-10-05T10:25:34.0447272Z (pass) v0.35.28 #16: a wait 30min past its pauseResumeAt is resumed by the heartbeat backstop [225.79ms]
publish	Test and inspect the package	2026-10-05T10:25:34.2767193Z (pass) v0.35.28 #16: not-yet-due and already-fired waits do not double-dispatch [233.74ms]
publish	Test and inspect the package	2026-10-05T10:25:34.4790015Z (pass) v0.35.28 #16: under the load hold (stock consent-less boot) an overdue wait stays frozen [201.74ms]
publish	Test and inspect the package	2026-10-05T10:25:34.4859909Z (pass) v0.35.28 #16: manual /goal resume clears the recovery stamp (user-driven, no notice needed) [7.01ms]
publish	Test and inspect the package	2026-10-05T10:25:34.4861404Z (pass) v0.35.28 #16: the pause_goal wait copy is now backed by machinery (source pin) [0.36ms]
publish	Test and inspect the package	2026-10-05T10:25:34.7205380Z (pass) v0.35.28 #16: once consent exists on reload, the overdue wait resumes through the backstop [233.55ms]
publish	Test and inspect the package	2026-10-05T10:25:34.9540431Z (pass) v0.35.48: the backstop stays parked during a session handoff window [234.10ms]
publish	Test and inspect the package	2026-10-05T10:25:35.1661547Z (pass) v0.35.48: an agent-authored wait stays parked while main-model recovery is active [211.86ms]
publish	Test and inspect the package	2026-10-05T10:25:35.1664681Z (pass) v0.35.48: the backstop's dispatch-surface gates sit before the one-shot latch [0.47ms]
publish	Test and inspect the package	2026-10-05T10:25:35.1665351Z
publish	Test and inspect the package	2026-10-05T10:25:35.1665859Z ##[endgroup]
publish	Test and inspect the package	2026-10-05T10:25:35.1673945Z
publish	Test and inspect the package	2026-10-05T10:25:35.1674748Z ##[group]tests/impossible-list-drop.test.ts:
publish	Test and inspect the package	2026-10-05T10:25:35.8767679Z (pass) rule: blocked + no resume path on a /list item → auto-dropped (ledgered) and the queue advances [451.13ms]
publish	Test and inspect the package	2026-10-05T10:25:36.2556310Z (pass) guard: blocked WITH a resume path stays paused — never overridden [378.89ms]
publish	Test and inspect the package	2026-10-05T10:25:36.6495776Z (pass) guard: blocked + no resume path on a plain GOAL is not a list drop [393.95ms]
publish	Test and inspect the package	2026-10-05T10:25:37.0479733Z (pass) last item: drop still ledgered, list goes empty, no advance possible [398.38ms]
publish	Test and inspect the package	2026-10-05T10:25:37.7064085Z (pass) full auditor IMPOSSIBLE result is terminalized with a durable recap and notification [656.90ms]
publish	Test and inspect the package	2026-10-05T10:25:38.0121101Z (pass) stored-claim full IMPOSSIBLE retry also terminalizes with its recap [307.18ms]
publish	Test and inspect the package	2026-10-05T10:25:38.1940725Z (pass) loop hold: drop ledgered but NO advance while a loop owns the surface [181.90ms]
publish	Test and inspect the package	2026-10-05T10:25:38.1942078Z
publish	Test and inspect the package	2026-10-05T10:25:38.1942907Z ##[endgroup]
publish	Test and inspect the package	2026-10-05T10:25:38.1944541Z
publish	Test and inspect the package	2026-10-05T10:25:38.1945215Z ##[group]tests/display.test.ts:
publish	Test and inspect the package	2026-10-05T10:25:38.5569786Z (pass) fmtElapsed [24.72ms]
publish	Test and inspect the package	2026-10-05T10:25:38.5570775Z (pass) fmtTokens [0.09ms]
publish	Test and inspect the package	2026-10-05T10:25:38.5571570Z (pass) truncate [0.17ms]
publish	Test and inspect the package	2026-10-05T10:25:38.5578984Z (pass) D6: the clause-cut floor scales with the budget instead of pinning at 16 [0.33ms]
publish	Test and inspect the package	2026-10-05T10:25:38.5585179Z (pass) D10: fmtElapsed clamps non-finite input to zero [0.05ms]
publish	Test and inspect the package	2026-10-05T10:25:38.5588719Z (pass) display projections remove terminal and zero-width control characters without changing stored state [1.40ms]
publish	Test and inspect the package	2026-10-05T10:25:38.5590739Z (pass) empty state → undefined (segment cleared) [0.15ms]
publish	Test and inspect the package	2026-10-05T10:25:38.5591809Z (pass) active goal shows a compact state capsule (elapsed lives on the card) [0.16ms]
publish	Test and inspect the package	2026-10-05T10:25:38.5594011Z (pass) version tail rides the status on every branch (field 20260909_161057) [0.18ms]
publish	Test and inspect the package	2026-10-05T10:25:38.5595974Z (pass) monitoring intent never substitutes for runtime evidence [0.19ms]
publish	Test and inspect the package	2026-10-05T10:25:38.5599664Z (pass) repair cards show the preserved target and the concrete one-turn recovery [0.33ms]
publish	Test and inspect the package	2026-10-05T10:25:38.5606616Z (pass) repair cards with a sent bootstrap show the explicit retry action [0.21ms]
publish	Test and inspect the package	2026-10-05T10:25:38.5607918Z (pass) active status does not make first-turn or long-idle gaps look green [0.57ms]
publish	Test and inspect the package	2026-10-05T10:25:38.5614320Z (pass) stream-proven work uses one compact status-bar HUD; the card stays quiet [0.55ms]
publish	Test and inspect the package	2026-10-05T10:25:38.5617962Z (pass) v0.34.95: queued + parked recovery surfaces 'parked on provider recovery' on the status line [0.26ms]
publish	Test and inspect the package	2026-10-05T10:25:38.5619705Z (pass) v0.34.95: queued WITHOUT a parked recovery does NOT show quota text (no false signal) [0.15ms]
publish	Test and inspect the package	2026-10-05T10:25:38.5621294Z (pass) v0.34.95: parked recovery on a WORKING goal does NOT show quota text (only queued needs the WHY) [0.18ms]
publish	Test and inspect the package	2026-10-05T10:25:38.5625374Z (pass) v0.34.97: status line shows '⏳ compacting…' during the post-compaction grace window [0.11ms]
publish	Test and inspect the package	2026-10-05T10:25:38.5626795Z (pass) v0.34.97: compacting chip is GONE after the 3-minute grace window [0.08ms]
publish	Test and inspect the package	2026-10-05T10:25:38.5627969Z (pass) v0.34.97: no compacting chip when lastCompactionAt is absent [0.08ms]
publish	Test and inspect the package	2026-10-05T10:25:38.5629296Z (pass) head owns liveness: WORKING status is static, the head carries the animated signal [0.13ms]
publish	Test and inspect the package	2026-10-05T10:25:38.5630535Z (pass) WORKING badge keeps semantic colors without decorative noise [0.27ms]
publish	Test and inspect the package	2026-10-05T10:25:38.5631533Z (pass) active goal with tasks shows progress [0.16ms]
publish	Test and inspect the package	2026-10-05T10:25:38.5632715Z (pass) stale interrupted goal is visibly orphaned, not normally active [0.37ms]
publish	Test and inspect the package	2026-10-05T10:25:38.5647690Z (pass) accepted continuation without a turn-start proof is not mislabeled as a lost host session [0.29ms]
publish	Test and inspect the package	2026-10-05T10:25:38.5654819Z (pass) lifecycle interruption keeps durable auditor disapproval feedback visible [1.00ms]
publish	Test and inspect the package	2026-10-05T10:25:38.5655923Z (pass) widget truncation is width-aware (v0.22.2) [0.61ms]
publish	Test and inspect the package	2026-10-05T10:25:38.5664966Z (pass) audit 2026-09-07: worker rows splice before the auditor block, never inside it [0.94ms]
publish	Test and inspect the package	2026-10-05T10:25:38.5667164Z (pass) widget lines reserve pi-tui's horizontal padding [0.51ms]
publish	Test and inspect the package	2026-10-05T10:25:38.5669267Z (pass) list policy footer: queued count, no duplicated 'list' [0.19ms]
publish	Test and inspect the package	2026-10-05T10:25:38.5671846Z (pass) goal policy footer says 'N queued' (v0.28.11 U10 — was the cryptic 'list N') [0.11ms]
publish	Test and inspect the package	2026-10-05T10:25:38.5674447Z (pass) widget names a list item as such and points at /list, not /goal [0.28ms]
publish	Test and inspect the package	2026-10-05T10:25:38.5676748Z (pass) long-running list card shows a truthful queue trail and immediate next item [0.26ms]
publish	Test and inspect the package	2026-10-05T10:25:38.5679360Z (pass) widget list item, last in queue: no '0 queued' [0.14ms]
publish	Test and inspect the package	2026-10-05T10:25:38.5680593Z (pass) widget goal policy keeps /goal status hint + list N prefix [0.17ms]
publish	Test and inspect the package	2026-10-05T10:25:38.5682163Z (pass) paused shows the reason [0.28ms]
publish	Test and inspect the package	2026-10-05T10:25:38.5684879Z (pass) runtime activity projection scopes goals and active loops to their own start boundary [0.20ms]
publish	Test and inspect the package	2026-10-05T10:25:38.5690553Z (pass) paused lifecycle projection names owner, queue, last activity, and next transition [0.59ms]
publish	Test and inspect the package	2026-10-05T10:25:38.5694442Z (pass) active/in-flight main-model recovery uses one compact card row [0.35ms]
publish	Test and inspect the package	2026-10-05T10:25:38.5699186Z (pass) standalone main-model recovery remains visible when no goal is active [0.46ms]
publish	Test and inspect the package	2026-10-05T10:25:38.5703788Z (pass) loop recovery remains visible while the loop is parked [0.44ms]
publish	Test and inspect the package	2026-10-05T10:25:38.5707268Z (pass) passed provider retryAt stays parked until recovery state clears [0.34ms]
publish	Test and inspect the package	2026-10-05T10:25:38.5711933Z (pass) paused decision without activity says no turn was observed and names the manual path [0.44ms]
publish	Test and inspect the package	2026-10-05T10:25:38.5722437Z (pass) v0.38.70: paused action card leads with the action, history rides after (field 20260920_152744) [1.00ms]
publish	Test and inspect the package	2026-10-05T10:25:38.5724957Z (pass) auditing keeps the footer compact while the widget shows the auditor's current tool [0.28ms]
publish	Test and inspect the package	2026-10-05T10:25:38.5726825Z (pass) v0.34.89: completed goal shows a dim one-line summary instead of a loud status claim [0.16ms]
publish	Test and inspect the package	2026-10-05T10:25:38.5728610Z (pass) v0.34.89: completed goal widget is ONE dim summary line (objective + duration, no verdict card) [0.19ms]
publish	Test and inspect the package	2026-10-05T10:25:38.5732999Z (pass) v0.34.91: completed goal summary shows the agent's completion recap, not the objective echo [0.40ms]
publish	Test and inspect the package	2026-10-05T10:25:38.5735783Z (pass) completed-goal TUI card shows the human outcome without technical recap labels [0.26ms]
publish	Test and inspect the package	2026-10-05T10:25:38.5737779Z (pass) v0.34.91: whitespace-only completion summary falls back to the objective [0.12ms]
publish	Test and inspect the package	2026-10-05T10:25:38.5738939Z (pass) v0.34.89: aborted goal summary names the reason + duration on one line [0.14ms]
publish	Test and inspect the package	2026-10-05T10:25:38.5740143Z (pass) v0.34.89: completed goal without a verdict does not fabricate one on the summary [0.14ms]
publish	Test and inspect the package	2026-10-05T10:25:38.5741296Z (pass) active loop shows iteration + best + stall [0.14ms]
publish	Test and inspect the package	2026-10-05T10:25:38.5744520Z (pass) active loop status names evidence-backed working, waiting, and idle states [0.24ms]
publish	Test and inspect the package	2026-10-05T10:25:38.5746724Z (pass) v0.29.15 — audit-loop widget names the metric instead of showing the raw grep ("that weird line") [0.20ms]
publish	Test and inspect the package	2026-10-05T10:25:38.5748011Z (pass) widget: nothing supervised → undefined [0.06ms]
publish	Test and inspect the package	2026-10-05T10:25:38.5749392Z (pass) widget: goal lines include objective, status, tokens, no footer [0.22ms]
publish	Test and inspect the package	2026-10-05T10:25:38.5751909Z (pass) widget: paused goal shows reason + suggestion [0.25ms]
publish	Test and inspect the package	2026-10-05T10:25:38.5756333Z (pass) widget: auditing shows auditor progress [0.41ms]
publish	Test and inspect the package	2026-10-05T10:25:38.5764160Z (pass) widget: interrupted completion claims render the named recovery-needed lifecycle, not auditor-running [0.43ms]
publish	Test and inspect the package	2026-10-05T10:25:38.5765135Z (pass) widget: a durable running claim without observed progress names its durable state [0.31ms]
publish	Test and inspect the package	2026-10-05T10:25:38.5772165Z (pass) auditor progress phases are explicit and retain worker activity [0.77ms]
publish	Test and inspect the package	2026-10-05T10:25:38.5776133Z (pass) worker-timeout display demotes stale progress to quiet without claiming LIVE [0.41ms]
publish	Test and inspect the package	2026-10-05T10:25:38.5786212Z (pass) detached auditor keeps compact footer liveness and detailed widget evidence without pausing MAIN [0.94ms]
publish	Test and inspect the package	2026-10-05T10:25:38.5789209Z (pass) detached auditor elapsed time keeps ticking between worker progress events [0.30ms]
publish	Test and inspect the package	2026-10-05T10:25:38.5796527Z (pass) detached recent auditor output is sanitized in live and awaiting-verdict widget paths [0.70ms]
publish	Test and inspect the package	2026-10-05T10:25:38.5800352Z (pass) v0.34.86: silent audits show a fine phase label (thinking… / writing report…) [0.37ms]
publish	Test and inspect the package	2026-10-05T10:25:38.5804520Z (pass) v0.34.86: silent audits show a report byte-counter instead of a dead timer [0.39ms]
publish	Test and inspect the package	2026-10-05T10:25:38.5809321Z (pass) v0.34.86: auditorProgressSignals off restores the plain timer-only card [0.46ms]
publish	Test and inspect the package	2026-10-05T10:25:38.5812028Z (pass) v0.34.86: live tail (auditorSilent off) is unaffected by the byte counter [0.30ms]
publish	Test and inspect the package	2026-10-05T10:25:38.5818291Z (pass) H-code: HUD liveness gate rejects clock-skewed lastActivityAt (future timestamps must not claim LIVE) [0.55ms]
publish	Test and inspect the package	2026-10-05T10:25:38.5829959Z (pass) auditor widget shows concrete worker observations without exposing think blocks [1.12ms]
publish	Test and inspect the package	2026-10-05T10:25:38.5842521Z (pass) v0.34.119: repeated auditor tool telemetry does not render a tool-name history [0.31ms]
publish	Test and inspect the package	2026-10-05T10:25:38.5877004Z (pass) v0.34.66: auditor stream is SILENT by default — no live tail, muted note instead [0.23ms]
publish	Test and inspect the package	2026-10-05T10:25:38.5877851Z (pass) v0.34.66: at the verdict the FINAL report shows even when silent [0.69ms]
publish	Test and inspect the package	2026-10-05T10:25:38.5878668Z (pass) v0.38.55: no spacer row between observations and the card footer (Screenshot 20260914) [0.54ms]
publish	Test and inspect the package	2026-10-05T10:25:38.5879901Z (pass) v0.38.55: no spacer is invented when there is no worker text [0.22ms]
publish	Test and inspect the package	2026-10-05T10:25:38.5880675Z (pass) v0.34.56: unmatched tool-event counts render ONLY with evidence (never a zero-fact observation) [0.93ms]
publish	Test and inspect the package	2026-10-05T10:25:38.5881448Z (pass) stale auditor snapshots show the last tool, not a fake current tool [0.30ms]
publish	Test and inspect the package	2026-10-05T10:25:38.5882146Z (pass) auditor startup does not claim worker activity before the first RPC event [0.29ms]
publish	Test and inspect the package	2026-10-05T10:25:38.5882752Z (pass) widget: loop lines include measure + metric state [0.32ms]
publish	Test and inspect the package	2026-10-05T10:25:38.5883792Z (pass) held loop alone → status segment + widget card (before: BOTH vanished) [0.31ms]
publish	Test and inspect the package	2026-10-05T10:25:38.5885165Z (pass) held loop + paused goal → both visible (status suffix + widget trailing line) [0.37ms]
publish	Test and inspect the package	2026-10-05T10:25:38.5886186Z (pass) held loop + active goal → status suffix present [0.12ms]
publish	Test and inspect the package	2026-10-05T10:25:38.5889326Z (pass) v0.34.89: held loop + completed goal → dim summary shows, held loop stays visible via suffix [0.11ms]
publish	Test and inspect the package	2026-10-05T10:25:38.5890709Z (pass) active loop unchanged; stopped loop stays invisible [0.17ms]
publish	Test and inspect the package	2026-10-05T10:25:38.5893306Z (pass) decision pause: banner + numbered options + recommended flagged (widget + status) [0.54ms]
publish	Test and inspect the package	2026-10-05T10:25:38.5895426Z (pass) v0.38.71: decision card renders the action before the options (field UI-SURVEY-2026-09-20) [0.78ms]
publish	Test and inspect the package	2026-10-05T10:25:38.5898251Z (pass) error pause: ACTION NEEDED banner, action line popped (widget + status) [0.52ms]
publish	Test and inspect the package	2026-10-05T10:25:38.5926101Z (pass) active auditor infrastructure failure is visible as blocked, not green progress [0.42ms]
publish	Test and inspect the package	2026-10-05T10:25:38.5928172Z (pass) v0.34.87: paused auditor no-verdict is parked, not host-bearing (surface separation) [0.62ms]
publish	Test and inspect the package	2026-10-05T10:25:38.5930785Z (pass) v0.34.87: a paused LIST item's parked line names /list resume and the queue [0.22ms]
publish	Test and inspect the package	2026-10-05T10:25:38.5932837Z (pass) MAIN activity is never represented as detached — the detached marker belongs only to the live auditor badge [0.39ms]
publish	Test and inspect the package	2026-10-05T10:25:38.5934229Z (pass) v0.34.57: MAIN host label is pinned to SUPERVISING by the MAIN_HOST_LABEL constant guard [0.60ms]
publish	Test and inspect the package	2026-10-05T10:25:38.5935098Z (pass) active auditor verdicts never masquerade as infrastructure no-verdict [0.86ms]
publish	Test and inspect the package	2026-10-05T10:25:38.5938404Z (pass) provider payloads stay out of durable disapproval widget feedback [0.78ms]
publish	Test and inspect the package	2026-10-05T10:25:38.5943304Z (pass) v0.34.64: retry-class pause shows uniform auto-retrying countdown; no QUOTA WALL anywhere [0.48ms]
publish	Test and inspect the package	2026-10-05T10:25:38.5946756Z (pass) v0.34.64: ambiguous (transient 503) recovery is shown with the same auto-retrying badge — no special 'wall' label [0.26ms]
publish	Test and inspect the package	2026-10-05T10:25:38.5951132Z (pass) v0.34.102: paused goal parked on mainModelRecovery renders as RECOVERING, not paused (widget head + card) [0.46ms]
publish	Test and inspect the package	2026-10-05T10:25:38.5953476Z (pass) v0.34.102: wait pause WITHOUT mainModelRecovery keeps the uniform auto-retrying shape [0.21ms]
publish	Test and inspect the package	2026-10-05T10:25:38.5980256Z (pass) v0.34.64: 24h horizon holds render as a paused card with the suggested action; no manual-resume wording [2.29ms]
publish	Test and inspect the package	2026-10-05T10:25:38.5982360Z (pass) main-model recovery manual hold does not claim a non-quota block [0.35ms]
publish	Test and inspect the package	2026-10-05T10:25:38.5985373Z (pass) blocked card carries one directive: timer names itself, otherwise resume [0.36ms]
publish	Test and inspect the package	2026-10-05T10:25:38.5987281Z (pass) v0.34.51: a passed quota resumeAt says resuming…, never the old 'retrying now' [0.21ms]
publish	Test and inspect the package	2026-10-05T10:25:38.5989159Z (pass) legacy pause (no kind): flat card unchanged; error-regex still classifies the status line [0.31ms]
publish	Test and inspect the package	2026-10-05T10:25:38.5996456Z (pass) v0.28.30: the widget card status line ALWAYS names the type (goal · / list item ·) [0.33ms]
publish	Test and inspect the package	2026-10-05T10:25:38.6041117Z (pass) v0.33.0: slim card — meter rounding guard, folded status segments, last-action line [4.78ms]
publish	Test and inspect the package	2026-10-05T10:25:38.6045464Z (pass) v0.38.27: widget task count — a closed parent covers its subtasks (ported from Bjynt's PR #45) [0.45ms]
publish	Test and inspect the package	2026-10-05T10:25:38.6083411Z (pass) v0.33.1: audit-batch — sanitize, head fits width, last restored, flag lifecycle [3.79ms]
publish	Test and inspect the package	2026-10-05T10:25:38.6118372Z (pass) v0.33.2: loop proactiveness + respec machinery [3.53ms]
publish	Test and inspect the package	2026-10-05T10:25:38.6119563Z (pass) v0.34.100: auditorSilent default is on in settings (every session model) [0.12ms]
publish	Test and inspect the package	2026-10-05T10:25:38.6150193Z (pass) v0.34.100: auditorSilent plumbing threads the loaded setting through extras [3.01ms]
publish	Test and inspect the package	2026-10-05T10:25:38.6184049Z (pass) v0.36.2: live UI repaint has a bounded cadence and diff guard [3.36ms]
publish	Test and inspect the package	2026-10-05T10:25:38.6193328Z (pass) v0.34.100: silent-default widget renders muted for ANY session model [0.57ms]
publish	Test and inspect the package	2026-10-05T10:25:38.6242819Z (pass) v0.34.96/v0.34.128: complete_goal detects 'already shipped' / 'verified vX covers this' / 'no new work shipped' — version-bearing aborts, version-less routes to the audit (SRC-pinned in display.test.ts) [5.19ms]
publish	Test and inspect the package	2026-10-05T10:25:38.6245315Z (pass) audit-2026-09-07: widget worker rows render bare glyph-first, no `agent: ` prefix [0.31ms]
publish	Test and inspect the package	2026-10-05T10:25:38.6247557Z (pass) audit-2026-09-06: status line honors the width budget [0.26ms]
publish	Test and inspect the package	2026-10-05T10:25:38.6257325Z (pass) audit-2026-09-06: truncate/wrap are cell-aware (CJK/emoji + surrogate-safe) [0.92ms]
publish	Test and inspect the package	2026-10-05T10:25:38.6258598Z (pass) version tail rides the paused branch too, not just active [0.14ms]
publish	Test and inspect the package	2026-10-05T10:25:38.6259133Z
publish	Test and inspect the package	2026-10-05T10:25:38.6259595Z ##[endgroup]
publish	Test and inspect the package	2026-10-05T10:25:38.6264112Z
publish	Test and inspect the package	2026-10-05T10:25:38.6264620Z ##[group]tests/durable-wait.test.mjs:
publish	Test and inspect the package	2026-10-05T10:25:39.0264997Z (pass) durable wait succeeds before its deadline and reports elapsed polling [80.32ms]
publish	Test and inspect the package	2026-10-05T10:25:39.0275107Z (pass) durable wait returns a real timeout instead of treating elapsed time as success [1.14ms]
publish	Test and inspect the package	2026-10-05T10:25:39.0276597Z (pass) a late done observation after the deadline is a timeout, not success [0.22ms]
publish	Test and inspect the package	2026-10-05T10:25:39.0288816Z (pass) archive-count waits use the same durable deadline and return the observed count [1.16ms]
publish	Test and inspect the package	2026-10-05T10:25:39.0300774Z (pass) a restarted waiter observes the same durable file without an old timer [1.17ms]
publish	Test and inspect the package	2026-10-05T10:25:39.0309410Z (pass) provider recovery is a terminal reason, never a false approval or timeout [0.88ms]
publish	Test and inspect the package	2026-10-05T10:25:39.0314344Z (pass) smoke harness uses the durable wait CLI for durable outcomes [0.46ms]
publish	Test and inspect the package	2026-10-05T10:25:39.0315028Z
publish	Test and inspect the package	2026-10-05T10:25:39.0315620Z ##[endgroup]
publish	Test and inspect the package	2026-10-05T10:25:39.0318502Z
publish	Test and inspect the package	2026-10-05T10:25:39.0319017Z ##[group]tests/pending-latch.test.ts:
publish	Test and inspect the package	2026-10-05T10:25:39.3017391Z (pass) watchdog fires on the field-observed shape: supervising + idle + pending + no timers + silent >= threshold [0.20ms]
publish	Test and inspect the package	2026-10-05T10:25:39.3018616Z (pass) watchdog does NOT fire when any guard fails [0.11ms]
publish	Test and inspect the package	2026-10-05T10:25:39.3019322Z (pass) threshold is 3 minutes (post-compaction settle is 2s; legit queue latency is seconds) [0.02ms]
publish	Test and inspect the package	2026-10-05T10:25:39.3340250Z (pass) heartbeat wiring: idle/pending split, watchdog branch, ledger event, wedge uses !idle, shared escalation [32.09ms]
publish	Test and inspect the package	2026-10-05T10:25:39.3342521Z (pass) the exact 'ℹ todo 0' junk line (enqueued as a /list item by the 0.26.2 reviewer) never classifies [0.27ms]
publish	Test and inspect the package	2026-10-05T10:25:39.3343302Z
publish	Test and inspect the package	2026-10-05T10:25:39.3344238Z ##[endgroup]
publish	Test and inspect the package	2026-10-05T10:25:39.3344690Z
publish	Test and inspect the package	2026-10-05T10:25:39.3345407Z ##[group]tests/context-checkpoint.test.ts:
publish	Test and inspect the package	2026-10-05T10:25:39.6574992Z (pass) authoritative checkpoint carries stable state only — no dynamic fields [1.27ms]
publish	Test and inspect the package	2026-10-05T10:25:39.6609908Z (pass) real continuation payload growth is bounded after checkpoint projection [3.74ms]
publish	Test and inspect the package	2026-10-05T10:25:39.6612482Z (pass) projection removes old goal events, inserts one checkpoint, and keeps newest payload [0.27ms]
publish	Test and inspect the package	2026-10-05T10:25:39.6614194Z (pass) one goal event is a no-op and does not inject a checkpoint [0.09ms]
publish	Test and inspect the package	2026-10-05T10:25:39.6615126Z (pass) zero-retention mode resynchronizes from the checkpoint without retaining payloads [0.10ms]
publish	Test and inspect the package	2026-10-05T10:25:39.6624268Z (pass) loop-only projection bounds repeated payloads and carries loop authority [0.82ms]
publish	Test and inspect the package	2026-10-05T10:25:39.6626970Z (pass) loop checkpoint is byte-stable across volatile loop progress (prefix-cache stability) [0.35ms]
publish	Test and inspect the package	2026-10-05T10:25:39.6671605Z (pass) context hook projects loop-only state and records loop authority [4.46ms]
publish	Test and inspect the package	2026-10-05T10:25:39.6685093Z (pass) paused goal plus active loop preserves both authorities in the checkpoint [1.34ms]
publish	Test and inspect the package	2026-10-05T10:25:39.6692760Z (pass) oversized paused goal plus active loop reserves required checkpoint fields [0.73ms]
publish	Test and inspect the package	2026-10-05T10:25:39.6702684Z (pass) context hook uses current durable state and records the projection [0.98ms]
publish	Test and inspect the package	2026-10-05T10:25:39.6704361Z (pass) audit-2026-09-06: marker text without customType is content, never control plane [0.15ms]
publish	Test and inspect the package	2026-10-05T10:25:39.6710695Z (pass) v0.38.54: context hook leaves the transcript alone by default (prefix-cache continuity) [0.61ms]
publish	Test and inspect the package	2026-10-05T10:25:39.6713418Z (pass) v0.38.54: junk contextCheckpointProjection normalizes to unset (default off) [0.31ms]
publish	Test and inspect the package	2026-10-05T10:25:39.6730210Z (pass) v0.38.54: settings menu carries the opt-in row, off by default [1.41ms]
publish	Test and inspect the package	2026-10-05T10:25:39.6730801Z
publish	Test and inspect the package	2026-10-05T10:25:39.6731281Z ##[endgroup]
publish	Test and inspect the package	2026-10-05T10:25:39.6733393Z
publish	Test and inspect the package	2026-10-05T10:25:39.6734217Z ##[group]tests/command-registration-collisions.test.ts:
publish	Test and inspect the package	2026-10-05T10:25:39.9487648Z (pass) v0.34.55: model — a collided name is suffixed for EVERY registrant; the bare name becomes unowned [0.61ms]
publish	Test and inspect the package	2026-10-05T10:25:39.9497860Z (pass) v0.34.55: model — within-extension re-registration is last-wins (Map.set), no self-collision [0.11ms]
publish	Test and inspect the package	2026-10-05T10:25:39.9499346Z (pass) v0.34.138: routing scan follows local imports and keeps winner paths portable [1.82ms]
publish	Test and inspect the package	2026-10-05T10:25:39.9831982Z (pass) v0.34.55: live rig — the routing table records duplicate-command routing and identifies the winning registration [32.95ms]
publish	Test and inspect the package	2026-10-05T10:25:39.9839300Z (pass) v0.35.47: every handled /list and /loop subcommand has a completion entry [0.94ms]
publish	Test and inspect the package	2026-10-05T10:25:39.9844245Z (pass) every canonical /glla action is discoverable in completions [0.49ms]
publish	Test and inspect the package	2026-10-05T10:25:39.9844979Z
publish	Test and inspect the package	2026-10-05T10:25:39.9845366Z ##[endgroup]
publish	Test and inspect the package	2026-10-05T10:25:39.9848409Z
publish	Test and inspect the package	2026-10-05T10:25:39.9849376Z ##[group]tests/long-term-preferences-boundary.test.ts:
publish	Test and inspect the package	2026-10-05T10:25:40.2504278Z (pass) continuation prompt has no auto-injected preference section [0.40ms]
publish	Test and inspect the package	2026-10-05T10:25:40.2896039Z (pass) no extension auto-prefers a remembered prose value [41.28ms]
publish	Test and inspect the package	2026-10-05T10:25:40.2900061Z (pass) Settings has no opaque free-form text field (typed boundary) [0.51ms]
publish	Test and inspect the package	2026-10-05T10:25:40.2990573Z (pass) saveSettings is the only writer to the settings JSON files [9.05ms]
publish	Test and inspect the package	2026-10-05T10:25:40.2991982Z (pass) goal-settings.ts header documents the long-term-preferences policy [0.17ms]
publish	Test and inspect the package	2026-10-05T10:25:40.2992566Z
publish	Test and inspect the package	2026-10-05T10:25:40.2992951Z ##[endgroup]
publish	Test and inspect the package	2026-10-05T10:25:40.2996721Z
publish	Test and inspect the package	2026-10-05T10:25:40.2997344Z ##[group]tests/load-without-autostart.test.ts:
publish	Test and inspect the package	2026-10-05T10:25:41.3358924Z (pass) v0.35.23: DEFAULT cold load restores + displays a pending goal but sends NOTHING and arms NO automation [772.23ms]
publish	Test and inspect the package	2026-10-05T10:25:41.8452871Z (pass) v0.35.23: DEFAULT cold load HELDS a persisted live loop instead of resuming its ticks [509.52ms]
publish	Test and inspect the package	2026-10-05T10:25:42.3062268Z (pass) v0.35.23: explicit autoResume:true restores load-time automation (opt-in = today's behavior) [460.90ms]
publish	Test and inspect the package	2026-10-05T10:25:42.9375874Z (pass) v0.35.23: /goal resume releases the load hold and re-arms automation [631.22ms]
publish	Test and inspect the package	2026-10-05T10:25:44.6891900Z (pass) v0.38.96: /glla resume releases the load hold BEFORE the manual-recovery probe (field 2026-09-23) [1751.66ms]
publish	Test and inspect the package	2026-10-05T10:25:45.1872580Z (pass) v0.38.96: /loop resume releases the load hold BEFORE the manual-recovery probe [498.07ms]
publish	Test and inspect the package	2026-10-05T10:25:45.6657847Z (pass) v0.35.23: /list next also releases the hold and starts the queued head [478.46ms]
publish	Test and inspect the package	2026-10-05T10:25:45.6658556Z
publish	Test and inspect the package	2026-10-05T10:25:45.6659083Z ##[endgroup]
publish	Test and inspect the package	2026-10-05T10:25:45.6661441Z
publish	Test and inspect the package	2026-10-05T10:25:45.6661820Z ##[group]tests/test-runner-lifecycle.test.ts:
publish	Test and inspect the package	2026-10-05T10:25:46.3206640Z (pass) runner propagates failing exit even when both pipes close before the child exits [386.00ms]
publish	Test and inspect the package	2026-10-05T10:25:46.4295903Z (pass) runner fails on SIGINT even when its child cooperatively exits zero [108.90ms]
publish	Test and inspect the package	2026-10-05T10:25:46.5876430Z (pass) runner fails on SIGTERM even when its child cooperatively exits zero [158.04ms]
publish	Test and inspect the package	2026-10-05T10:25:51.6994907Z (pass) runner escalates a child that ignores TERM and still reports interruption [5111.90ms]
publish	Test and inspect the package	2026-10-05T10:25:52.3707389Z (pass) runner reaps a TERM-ignoring group descendant after normal leader exit [671.22ms]
publish	Test and inspect the package	2026-10-05T10:25:52.4807057Z (pass) runner reaps a TERM-ignoring group descendant after signal leader exit [109.88ms]
publish	Test and inspect the package	2026-10-05T10:25:53.9511320Z (pass) runner reaps a registered detached worker and its TERM-ignoring descendant on normal exit [1470.48ms]
publish	Test and inspect the package	2026-10-05T10:25:55.2330866Z (pass) runner reaps a registered detached worker and its TERM-ignoring descendant on signal exit [1281.93ms]
publish	Test and inspect the package	2026-10-05T10:25:55.2399158Z (pass) registry refuses to signal a record naming a reused leader identity [6.93ms]
publish	Test and inspect the package	2026-10-05T10:25:55.3532259Z (pass) runner refuses a green suite after a swallowed primary registration write failure [113.05ms]
publish	Test and inspect the package	2026-10-05T10:25:55.4988317Z (pass) runner refuses a green suite after a swallowed obligation registration write failure [145.65ms]
publish	Test and inspect the package	2026-10-05T10:25:55.6389763Z (pass) parent runner fails after swallowed initial identity denial and restored reads [140.14ms]
publish	Test and inspect the package	2026-10-05T10:25:55.7196869Z (pass) runner retains cleanup evidence when its own initial registration refuses [80.69ms]
publish	Test and inspect the package	2026-10-05T10:25:55.7197345Z
publish	Test and inspect the package	2026-10-05T10:25:55.7197672Z ##[endgroup]
publish	Test and inspect the package	2026-10-05T10:25:55.7492740Z
publish	Test and inspect the package	2026-10-05T10:25:55.7494359Z ##[group]tests/loop-error-exemption.test.ts:
publish	Test and inspect the package	2026-10-05T10:25:56.6120888Z (pass) v0.29.19: provider-error turns are NOT iterations — no measure, no stall, no stuck; loop stays active [578.36ms]
publish	Test and inspect the package	2026-10-05T10:25:57.7115630Z (pass) v0.35.x: repeated in-band provider tool output parks recovery without loop stuck accounting [1099.43ms]
publish	Test and inspect the package	2026-10-05T10:25:58.0022292Z (pass) explicit in-band prompt-policy refusal stops a loop on its first pane [290.68ms]
publish	Test and inspect the package	2026-10-05T10:25:58.4986967Z (pass) v0.29.19: a real turn after errors clears the streak and measures normally [496.45ms]
publish	Test and inspect the package	2026-10-05T10:25:58.4989208Z (pass) v0.35.x: recoverable provider failures use the same durable recovery envelope [0.23ms]
publish	Test and inspect the package	2026-10-05T10:25:59.5128176Z [run-tests] progress: 480s elapsed · 1s since last output · 256 KiB of suite output
publish	Test and inspect the package	2026-10-05T10:25:59.7289320Z (pass) v0.34.31: extended quota errors enter durable main-model recovery [1229.94ms]
publish	Test and inspect the package	2026-10-05T10:26:01.0864869Z (pass) v0.34.26: loop output-token exhaustion persists and notifies the compact recap [1357.50ms]
publish	Test and inspect the package	2026-10-05T10:26:01.6101381Z (pass) v0.29.19: 3 consecutive user aborts stop the loop — user aborts mean STOP [523.60ms]
publish	Test and inspect the package	2026-10-05T10:26:03.8185528Z (pass) v0.29.19: audit plateau with OPEN findings stands down (reprieve), then stops honestly when reprieves run out [2208.36ms]
publish	Test and inspect the package	2026-10-05T10:26:04.1651763Z (pass) v0.29.20: a plain plateau stop is resumable (pre-gate false plateaus recover) [346.74ms]
publish	Test and inspect the package	2026-10-05T10:26:04.3403738Z (pass) v0.29.19: audit plateau with ZERO open findings stops normally — the well is dry [174.94ms]
publish	Test and inspect the package	2026-10-05T10:26:04.3404586Z
publish	Test and inspect the package	2026-10-05T10:26:04.3405359Z ##[endgroup]
publish	Test and inspect the package	2026-10-05T10:26:04.3410959Z
publish	Test and inspect the package	2026-10-05T10:26:04.3411608Z ##[group]tests/runtime-globals-contract.test.ts:
publish	Test and inspect the package	2026-10-05T10:26:04.6492008Z (pass) runtime global bridge has one typed declaration for every registration [38.41ms]
publish	Test and inspect the package	2026-10-05T10:26:04.6495987Z (pass) audit-2026-09-06: runtime globals register exactly once per process [0.57ms]
publish	Test and inspect the package	2026-10-05T10:26:04.6496489Z
publish	Test and inspect the package	2026-10-05T10:26:04.6496873Z ##[endgroup]
publish	Test and inspect the package	2026-10-05T10:26:04.6500542Z
publish	Test and inspect the package	2026-10-05T10:26:04.6501235Z ##[group]tests/objective-conflict.test.ts:
publish	Test and inspect the package	2026-10-05T10:26:05.1504423Z (pass) C7: declining the conflict confirm ends the update — no retry re-prompt [201.10ms]
publish	Test and inspect the package	2026-10-05T10:26:05.3327286Z (pass) C7 control: accepting the conflict confirm applies the whole-objective update [181.70ms]
publish	Test and inspect the package	2026-10-05T10:26:05.3329222Z
publish	Test and inspect the package	2026-10-05T10:26:05.3330120Z ##[endgroup]
publish	Test and inspect the package	2026-10-05T10:26:05.3330604Z
publish	Test and inspect the package	2026-10-05T10:26:05.3331260Z ##[group]tests/auditor-payload-escaping.test.ts:
publish	Test and inspect the package	2026-10-05T10:26:05.5945298Z (pass) auditor payload escaping keeps XML-like delimiters inside untrusted data [0.76ms]
publish	Test and inspect the package	2026-10-05T10:26:05.5946227Z
publish	Test and inspect the package	2026-10-05T10:26:05.5947573Z ##[endgroup]
publish	Test and inspect the package	2026-10-05T10:26:05.5947953Z
publish	Test and inspect the package	2026-10-05T10:26:05.5950939Z ##[group]tests/post-accept-hang-retry.test.ts:
publish	Test and inspect the package	2026-10-05T10:26:05.8990640Z (pass) v0.35.x zombieRetryDecision: repeated silence consumes the configured retry budget [35.60ms]
publish	Test and inspect the package	2026-10-05T10:26:05.8992206Z (pass) v0.35.x zombieRetryDecision: exhaustion refuses without a retry storm [0.13ms]
publish	Test and inspect the package	2026-10-05T10:26:05.8993912Z (pass) v0.35.x zombieRetryDecision: a different owner key always gets its own budget [0.06ms]
publish	Test and inspect the package	2026-10-05T10:26:05.8995135Z (pass) v0.35.x production retry defaults stay finite and bounded [0.28ms]
publish	Test and inspect the package	2026-10-05T10:26:05.8997934Z (pass) v0.35.17 source: the auto-retry is armed inside abortZombieRun behind the streak decision [0.42ms]
publish	Test and inspect the package	2026-10-05T10:26:05.8999510Z (pass) v0.35.17 source: the retry timer respects /glla pause and only clears ITS OWN park [0.19ms]
publish	Test and inspect the package	2026-10-05T10:26:05.9000835Z (pass) v0.35.x source: the user-facing copy announces the bounded retry budget [0.13ms]
publish	Test and inspect the package	2026-10-05T10:26:06.6317252Z (pass) v0.35.x behavioral: a hung post-accept turn aborts, parks, then AUTO-resumes within the budget [731.42ms]
publish	Test and inspect the package	2026-10-05T10:26:07.6332153Z (pass) v0.35.x behavioral: repeated zero-stream aborts retry until exhaustion, then stay parked [1001.50ms]
publish	Test and inspect the package	2026-10-05T10:26:08.0202129Z (pass) v0.35.17 behavioral: /glla pause during the waystation freezes the automatic retry [386.94ms]
publish	Test and inspect the package	2026-10-05T10:26:08.0202730Z
publish	Test and inspect the package	2026-10-05T10:26:08.0203117Z ##[endgroup]
publish	Test and inspect the package	2026-10-05T10:26:08.0205838Z
publish	Test and inspect the package	2026-10-05T10:26:08.0206454Z ##[group]tests/quota-park-reroute.test.ts:
publish	Test and inspect the package	2026-10-05T10:26:08.5455093Z (pass) quota evidence: a subagent 429 tool error is recorded on the goal [252.94ms]
publish	Test and inspect the package	2026-10-05T10:26:08.9206918Z (pass) quota reroute: blocked park with fresh evidence becomes a supervised wait [379.98ms]
publish	Test and inspect the package	2026-10-05T10:26:09.1087222Z (pass) quota reroute: quota wording in the reason needs no evidence [187.22ms]
publish	Test and inspect the package	2026-10-05T10:26:09.3065726Z (pass) quota reroute: ordinary and stale-evidence parks are untouched [195.96ms]
publish	Test and inspect the package	2026-10-05T10:26:09.3066540Z
publish	Test and inspect the package	2026-10-05T10:26:09.3067198Z ##[endgroup]
publish	Test and inspect the package	2026-10-05T10:26:09.3067406Z
publish	Test and inspect the package	2026-10-05T10:26:09.3067865Z ##[group]tests/settings-menu-complete.test.ts:
publish	Test and inspect the package	2026-10-05T10:26:09.6588985Z (pass) every row carries every required column field [30.45ms]
publish	Test and inspect the package	2026-10-05T10:26:09.6590689Z (pass) role-specific tabs keep each agent's model, thinking, and fallback controls together [0.20ms]
publish	Test and inspect the package	2026-10-05T10:26:09.6598150Z (pass) every row's section is one of the 8 known section ids (no orphans) [0.73ms]
publish	Test and inspect the package	2026-10-05T10:26:09.6605198Z (pass) main-agent tab starts with the runtime agent; drafter and subagent chains have their own tabs [0.75ms]
publish	Test and inspect the package	2026-10-05T10:26:09.6612929Z (pass) main fallback row explains ordered, deselectable selection [0.77ms]
publish	Test and inspect the package	2026-10-05T10:26:09.6619714Z (pass) role rows show each selected model with requested/effective thinking [0.68ms]
publish	Test and inspect the package	2026-10-05T10:26:09.6625968Z (pass) v0.36.0: unset auditor thinking mirrors the parent session and the fallback row uses the main shape [0.60ms]
publish	Test and inspect the package	2026-10-05T10:26:09.6631597Z (pass) inherited drafter and auditor model rows identify the session category [0.59ms]
publish	Test and inspect the package	2026-10-05T10:26:09.6637127Z (pass) all embedded subagent types expose editable fallback-chain rows [0.54ms]
publish	Test and inspect the package	2026-10-05T10:26:09.6642533Z (pass) key rows from v0.27.0 settings menu are all present (menu coverage contract) [0.55ms]
publish	Test and inspect the package	2026-10-05T10:26:09.6650357Z (pass) descriptions and values carry no version-tag chrome (v0.34.25) [0.72ms]
publish	Test and inspect the package	2026-10-05T10:26:09.6689753Z (pass) rows map 1:1 to dispatchable ids (every id can drive a handler) [3.96ms]
publish	Test and inspect the package	2026-10-05T10:26:09.6695063Z (pass) main fallback row shows the persisted numbered try order and truthful runtime semantics [0.51ms]
publish	Test and inspect the package	2026-10-05T10:26:09.6708642Z (pass) auditorAllowedExtensions valueText is a count — never joined absolute paths (screen-size crash) [1.30ms]
publish	Test and inspect the package	2026-10-05T10:26:09.6713972Z (pass) valueText derives from settings (effective values surface for each row) [0.57ms]
publish	Test and inspect the package	2026-10-05T10:26:09.6721549Z (pass) default fallbacks surface when settings + provenance both missing [0.70ms]
publish	Test and inspect the package	2026-10-05T10:26:09.6731941Z (pass) default fallbacks follow the effective aggressive matrix (explicit off → base values) [1.00ms]
publish	Test and inspect the package	2026-10-05T10:26:09.6738036Z (pass) effective resolution names the real session model for inherit-parent [0.65ms]
publish	Test and inspect the package	2026-10-05T10:26:09.6744332Z (pass) provenance flows into sourceText (project/global/default tags) [0.59ms]
publish	Test and inspect the package	2026-10-05T10:26:09.6750593Z (pass) haiku mention is dropped from any valueText / description / sourceText [0.62ms]
publish	Test and inspect the package	2026-10-05T10:26:09.6757361Z (pass) headless `/glla` fallback keeps stall brakes and the v0.34.127 sync list [0.68ms]
publish	Test and inspect the package	2026-10-05T10:26:09.6788970Z (pass) the legacy flat-row startsWith logic is removed (no more `──` section headers in code) [3.15ms]
publish	Test and inspect the package	2026-10-05T10:26:09.6791887Z (pass) /glla tooloverride still routes headlessly (regression: subsystems unchanged) [0.33ms]
publish	Test and inspect the package	2026-10-05T10:26:09.6795348Z (pass) postaudit and reviewer routes both open the reviewer menu (back-compat) [0.34ms]
publish	Test and inspect the package	2026-10-05T10:26:09.6801213Z (pass) stateRoot: one global-only row with the workingDir default [0.57ms]
publish	Test and inspect the package	2026-10-05T10:26:09.6807442Z (pass) v0.28.20: no bracket/paren chrome — VALUE and SOURCE render bare [0.59ms]
publish	Test and inspect the package	2026-10-05T10:26:09.6838723Z (pass) audit-2026-09-06: settings TUI tabs row is truncated to terminal width [1.85ms]
publish	Test and inspect the package	2026-10-05T10:26:09.6839588Z (pass) audit 2026-09-06: normalizeLoadedSettings resets junk numerics/enums/strings to unset [1.17ms]
publish	Test and inspect the package	2026-10-05T10:26:09.6888332Z (pass) settings provenance reports normalized effective values, not rejected raw junk [5.01ms]
publish	Test and inspect the package	2026-10-05T10:26:09.6897233Z (pass) audit 2026-09-06: legacy reviewer block migrates to postaudit [0.90ms]
publish	Test and inspect the package	2026-10-05T10:26:09.6900251Z (pass) audit 2026-09-07 (LOW, findings 392-394): quiet copy names the count line at every surface [0.28ms]
publish	Test and inspect the package	2026-10-05T10:26:09.6989361Z (pass) settings table fits narrow terminals with details both hidden and visible [8.63ms]
publish	Test and inspect the package	2026-10-05T10:26:09.6997109Z
publish	Test and inspect the package	2026-10-05T10:26:09.6997676Z ##[endgroup]
publish	Test and inspect the package	2026-10-05T10:26:09.6997849Z
publish	Test and inspect the package	2026-10-05T10:26:09.6998170Z ##[group]tests/mode-command-guidance.test.ts:
publish	Test and inspect the package	2026-10-05T10:26:10.0390278Z (pass) mode-aware helpers exist and route by policy [0.87ms]
publish	Test and inspect the package	2026-10-05T10:26:10.0538226Z (pass) no hardcoded /goal <cmd> literals remain in generated guidance (goal.ts) [14.80ms]
publish	Test and inspect the package	2026-10-05T10:26:10.0622494Z (pass) loop-policy recovery guidance interpolates recoverySurfaceCommand (v0.34.108) [8.36ms]
publish	Test and inspect the package	2026-10-05T10:26:10.0624777Z (pass) widget resume hints are mode-aware ternaries (display.ts) [0.22ms]
publish	Test and inspect the package	2026-10-05T10:26:10.2707333Z (pass) goal-policy pause notifies with /goal resume [206.20ms]
publish	Test and inspect the package	2026-10-05T10:26:10.5425120Z (pass) list-policy pause notifies with /list resume [271.91ms]
publish	Test and inspect the package	2026-10-05T10:26:10.5443311Z (pass) widget wait countdown is uniform auto-retrying (no manual resume hint — v0.34.64) [1.13ms]
publish	Test and inspect the package	2026-10-05T10:26:10.5444906Z (pass) widget no-verdict fallback action is mode-aware [0.54ms]
publish	Test and inspect the package	2026-10-05T10:26:10.5445524Z
publish	Test and inspect the package	2026-10-05T10:26:10.5446120Z ##[endgroup]
publish	Test and inspect the package	2026-10-05T10:26:10.5446512Z
publish	Test and inspect the package	2026-10-05T10:26:10.5447103Z ##[group]tests/zombie-subagent-tool-name.test.ts:
publish	Test and inspect the package	2026-10-05T10:26:10.9206981Z (pass) v0.35.26 #13: an in-flight 'subagent' call stands down the zombie abort until it settles [59.49ms]
publish	Test and inspect the package	2026-10-05T10:26:10.9341143Z (pass) v0.35.26 #13: the blocking 'subagent_wait' tool gets the same stand-down [12.71ms]
publish	Test and inspect the package	2026-10-05T10:26:10.9344001Z (pass) v0.35.26 #13: both watchdog sites consume the shared isSubagentWaitCall name set [0.38ms]
publish	Test and inspect the package	2026-10-05T10:26:10.9345047Z
publish	Test and inspect the package	2026-10-05T10:26:10.9345708Z ##[endgroup]
publish	Test and inspect the package	2026-10-05T10:26:10.9346108Z
publish	Test and inspect the package	2026-10-05T10:26:10.9346677Z ##[group]tests/loop-branch-ownership.test.ts:
publish	Test and inspect the package	2026-10-05T10:26:11.2916314Z Switched to a new branch 'pi-glla-loop/test'
publish	Test and inspect the package	2026-10-05T10:26:11.3020130Z Switched to branch 'main'
publish	Test and inspect the package	2026-10-05T10:26:11.3345296Z (pass) active branch loop parks before commit when HEAD moved to the user's branch [94.40ms]
publish	Test and inspect the package	2026-10-05T10:26:11.3526590Z Switched to a new branch 'pi-glla-loop/commit-fail'
publish	Test and inspect the package	2026-10-05T10:26:11.3933429Z (pass) terminal commit failure preserves the uncommitted iteration and skips destructive finish [57.92ms]
publish	Test and inspect the package	2026-10-05T10:26:11.4175485Z Switched to a new branch 'pi-glla-loop/reset-fail'
publish	Test and inspect the package	2026-10-05T10:26:11.4635550Z (pass) reset failure during finish keeps the terminal branch and never attempts checkout [69.21ms]
publish	Test and inspect the package	2026-10-05T10:26:11.5001063Z Switched to a new branch 'pi-glla-loop/stop-guard'
publish	Test and inspect the package	2026-10-05T10:26:11.5076701Z Switched to branch 'main'
publish	Test and inspect the package	2026-10-05T10:26:11.5328185Z (pass) /loop stop on a branch-mode loop parked on a foreign branch attempts no reset or checkout [69.88ms]
publish	Test and inspect the package	2026-10-05T10:26:11.6245156Z Switched to a new branch 'pi-glla-loop/stop-mid-tick'
publish	Test and inspect the package	2026-10-05T10:26:11.8759955Z Switched to branch 'main'
publish	Test and inspect the package	2026-10-05T10:26:11.8919691Z (pass) /loop stop mid-tick still restores the original branch (no false branch-changed park) [358.97ms]
publish	Test and inspect the package	2026-10-05T10:26:12.0797103Z Switched to a new branch 'pi-glla-loop/stop-commit-inflight'
publish	Test and inspect the package	2026-10-05T10:26:12.3955230Z Switched to branch 'main'
publish	Test and inspect the package	2026-10-05T10:26:12.4147997Z (pass) /loop stop mid-tick commits the in-flight iteration instead of resetting it away [522.35ms]
publish	Test and inspect the package	2026-10-05T10:26:12.4205097Z (pass) commitPendingTerminalWork is module scope and finishLoopGit commits before its reset (source pin) [0.40ms]
publish	Test and inspect the package	2026-10-05T10:26:12.4264817Z (pass) parkLoopOnWrongBranch consults HEAD before the in-flight tick guard (source pin) [0.52ms]
publish	Test and inspect the package	2026-10-05T10:26:12.4807903Z Switched to a new branch 'pi-glla-loop/resumable-park'
publish	Test and inspect the package	2026-10-05T10:26:12.4844647Z Switched to branch 'main'
publish	Test and inspect the package	2026-10-05T10:26:12.4920870Z Switched to branch 'pi-glla-loop/resumable-park'
publish	Test and inspect the package	2026-10-05T10:26:12.5232585Z (pass) a branch-changed park is resumable: /loop resume on the scratch branch keeps the loop's history [108.37ms]
publish	Test and inspect the package	2026-10-05T10:26:12.5235110Z (pass) v0.38.104: the branch-changed park names the loop surface and is in RESUMABLE_STOP (source pins) [0.53ms]
publish	Test and inspect the package	2026-10-05T10:26:12.5236254Z
publish	Test and inspect the package	2026-10-05T10:26:12.5236941Z ##[endgroup]
publish	Test and inspect the package	2026-10-05T10:26:12.5237432Z
publish	Test and inspect the package	2026-10-05T10:26:12.5238227Z ##[group]tests/tool-overrides.test.ts:
publish	Test and inspect the package	2026-10-05T10:26:12.8185314Z (pass) Settings type accepts toolOverrides (allow / hide / perToolConfig) [0.52ms]
publish	Test and inspect the package	2026-10-05T10:26:12.8191540Z (pass) SETTINGS_KEYS includes toolOverrides for provenance tracking [0.13ms]
publish	Test and inspect the package	2026-10-05T10:26:12.8565256Z (pass) goal.ts ensureAgentToolsActive applies toolOverrides.allow and .hide [38.85ms]
publish	Test and inspect the package	2026-10-05T10:26:12.8568504Z (pass) /glla tooloverride keyword routes to cmdToolOverride [0.47ms]
publish	Test and inspect the package	2026-10-05T10:26:12.8571766Z (pass) cmdToolOverride supports allow / hide / unallow / unhide / set / unset / list [0.28ms]
publish	Test and inspect the package	2026-10-05T10:26:12.8576318Z (pass) parseToolOverrideValue coerces booleans, numbers, JSON; else string [0.48ms]
publish	Test and inspect the package	2026-10-05T10:26:12.8577913Z (pass) reviewer 4-mode set (off | on | auto | aggressive) is the contract surface [0.16ms]
publish	Test and inspect the package	2026-10-05T10:26:12.8579416Z (pass) legacy 'default' and 'report' modes auto-migrate to 'on' in resolveReviewerConfig [0.16ms]
publish	Test and inspect the package	2026-10-05T10:26:12.8583018Z (pass) paused widget renders `awaiting first turn` for zero-telemetry (literal contract) [0.37ms]
publish	Test and inspect the package	2026-10-05T10:26:12.8584850Z (pass) auditor prompt (extensions/goal-loop-auditor.ts) carries the chunk-near-context-full hint [0.17ms]
publish	Test and inspect the package	2026-10-05T10:26:12.8585336Z
publish	Test and inspect the package	2026-10-05T10:26:12.8585652Z ##[endgroup]
publish	Test and inspect the package	2026-10-05T10:26:12.8589724Z
publish	Test and inspect the package	2026-10-05T10:26:12.8590295Z ##[group]tests/continuation-start-self-heal.test.ts:
publish	Test and inspect the package	2026-10-05T10:26:13.1361216Z (pass) v0.38.104: the self-heal cadence is bounded on both sides [0.91ms]
publish	Test and inspect the package	2026-10-05T10:26:13.8968628Z (pass) v0.38.104: an unacknowledged turn start self-heals instead of demanding a human [763.18ms]
publish	Test and inspect the package	2026-10-05T10:26:13.8974026Z (pass) v0.38.104: a turn-start proof resets the budget even when no timer is armed [0.69ms]
publish	Test and inspect the package	2026-10-05T10:26:13.8974918Z
publish	Test and inspect the package	2026-10-05T10:26:13.8975735Z ##[endgroup]
publish	Test and inspect the package	2026-10-05T10:26:13.8979455Z
publish	Test and inspect the package	2026-10-05T10:26:13.8980236Z ##[group]tests/approved-audit-settles.test.ts:
publish	Test and inspect the package	2026-10-05T10:26:15.1035872Z (pass) an approved stored claim settles and never falls into the residual-failure tail [870.29ms]
publish	Test and inspect the package	2026-10-05T10:26:15.1038556Z (pass) v0.38.104: the approval branch terminates after the settlement driver [0.36ms]
publish	Test and inspect the package	2026-10-05T10:26:15.1039177Z
publish	Test and inspect the package	2026-10-05T10:26:15.1039628Z ##[endgroup]
publish	Test and inspect the package	2026-10-05T10:26:15.1042803Z
publish	Test and inspect the package	2026-10-05T10:26:15.1043286Z ##[group]tests/glla-stale-context.test.ts:
publish	Test and inspect the package	2026-10-05T10:26:15.8424074Z (pass) v0.34.52: bare /glla on a stale handle is refused — standard recovery message, UI never opens, settings untouched [401.52ms]
publish	Test and inspect the package	2026-10-05T10:26:16.2456884Z (pass) v0.34.52: mutating /glla actions (wipe, cancel, resume, reviewer, postaudit, tooloverride) are all refused on a stale handle [403.26ms]
publish	Test and inspect the package	2026-10-05T10:26:16.6895617Z (pass) v0.34.52: /glla status, log, stats, audits stay usable on a stale handle (inspect, don't mutate) [443.92ms]
publish	Test and inspect the package	2026-10-05T10:26:17.2242025Z (pass) audit 2026-09-07 (LOW, finding 399): bare `/glla fallbacks` is a read-only display — allowed on a stale handle; `fallbacks clear` still mutates and is refused [534.47ms]
publish	Test and inspect the package	2026-10-05T10:26:17.9464183Z (pass) v0.34.52: the standard recovery — a fresh session reopens the settings UI and owns the next /glla [722.13ms]
publish	Test and inspect the package	2026-10-05T10:26:17.9467885Z (pass) v0.35.72: source — settings rechecks admission after the menu and before saves [0.73ms]
publish	Test and inspect the package	2026-10-05T10:26:17.9478492Z (pass) v0.34.52: source — cmdSettings captures the entry probe and gates the settings entry + mutating actions [1.06ms]
publish	Test and inspect the package	2026-10-05T10:26:17.9479278Z
publish	Test and inspect the package	2026-10-05T10:26:17.9479741Z ##[endgroup]
publish	Test and inspect the package	2026-10-05T10:26:17.9483324Z
publish	Test and inspect the package	2026-10-05T10:26:17.9483962Z ##[group]tests/objective-loss-lifecycle.test.ts:
publish	Test and inspect the package	2026-10-05T10:26:18.3104759Z (pass) production session_start registers the host session root before restore [55.73ms]
publish	Test and inspect the package	2026-10-05T10:26:18.4119525Z (pass) fresh processes reload session-root state across a cwd switch [101.58ms]
publish	Test and inspect the package	2026-10-05T10:26:18.4133988Z (pass) cancel and wipe defer safely while sessionDir is unresolved [1.50ms]
publish	Test and inspect the package	2026-10-05T10:26:18.4457019Z (pass) cancel and wipe archive live state under the registered session root [31.87ms]
publish	Test and inspect the package	2026-10-05T10:26:18.4458148Z
publish	Test and inspect the package	2026-10-05T10:26:18.4458832Z ##[endgroup]
publish	Test and inspect the package	2026-10-05T10:26:18.4492123Z
publish	Test and inspect the package	2026-10-05T10:26:18.4493378Z ##[group]tests/length-exhaustion-relentless.test.ts:
publish	Test and inspect the package	2026-10-05T10:26:18.7268020Z (pass) hot context with fallback refs rotates to a larger-context model [0.22ms]
publish	Test and inspect the package	2026-10-05T10:26:18.7271383Z (pass) hot context at the 90% boundary still rotates [0.03ms]
publish	Test and inspect the package	2026-10-05T10:26:18.7272057Z (pass) hot context without fallback refs defers to auto-compaction [0.03ms]
publish	Test and inspect the package	2026-10-05T10:26:18.7272727Z (pass) roomy context grants one fresh budget, never an immediate manual park [0.05ms]
publish	Test and inspect the package	2026-10-05T10:26:18.7273403Z (pass) exhaustion episodes: first wedge stays relentless, second parks [0.12ms]
publish	Test and inspect the package	2026-10-05T10:26:18.7274531Z (pass) exhaustion episodes degrade garbage to a fresh first episode [0.05ms]
publish	Test and inspect the package	2026-10-05T10:26:18.7275203Z (pass) unknown context heat degrades to fresh-budget, never rotate [0.05ms]
publish	Test and inspect the package	2026-10-05T10:26:18.7275529Z
publish	Test and inspect the package	2026-10-05T10:26:18.7275854Z ##[endgroup]
publish	Test and inspect the package	2026-10-05T10:26:18.7275982Z
publish	Test and inspect the package	2026-10-05T10:26:18.7276267Z ##[group]tests/subagent-host-boundary.test.ts:
publish	Test and inspect the package	2026-10-05T10:26:19.0690224Z (pass) v0.35.62: a worker cannot be the first claimant, while host telemetry still records Explore [63.44ms]
publish	Test and inspect the package	2026-10-05T10:26:19.0777218Z (pass) v0.35.62: foreign slash commands cannot mutate the host list [8.56ms]
publish	Test and inspect the package	2026-10-05T10:26:19.0965273Z (pass) v0.35.62: persistent workers cannot masquerade as silent host successors [12.23ms]
publish	Test and inspect the package	2026-10-05T10:26:19.1035900Z (pass) v0.35.72: state-root read-only denial hints at sessionDir via the MAIN-owner refusal [12.88ms]
publish	Test and inspect the package	2026-10-05T10:26:19.1036733Z
publish	Test and inspect the package	2026-10-05T10:26:19.1054453Z ##[endgroup]
publish	Test and inspect the package	2026-10-05T10:26:19.1054838Z
publish	Test and inspect the package	2026-10-05T10:26:19.1055652Z ##[group]tests/glla-version.test.ts:
publish	Test and inspect the package	2026-10-05T10:26:19.3857506Z (pass) /glla version reads the installed package metadata and exposes a registry check [0.54ms]
publish	Test and inspect the package	2026-10-05T10:26:19.4249029Z (pass) /glla version names staleness and the update path when the sidecar proves it [39.49ms]
publish	Test and inspect the package	2026-10-05T10:26:19.4250364Z (pass) package and lock metadata stay synchronized for version reporting [0.31ms]
publish	Test and inspect the package	2026-10-05T10:26:19.4254866Z (pass) /glla version is registered, autocompleted, and read-only routed [0.50ms]
publish	Test and inspect the package	2026-10-05T10:26:19.4261573Z (pass) unknown running version makes no staleness claim either way [0.66ms]
publish	Test and inspect the package	2026-10-05T10:26:19.4266837Z (pass) compareVersions is strictly numeric: prereleases never equal releases [0.14ms]
publish	Test and inspect the package	2026-10-05T10:26:19.4267924Z (pass) updateCheckPath defaults to the cwd state dir [0.10ms]
publish	Test and inspect the package	2026-10-05T10:26:19.4268381Z
publish	Test and inspect the package	2026-10-05T10:26:19.4268859Z ##[endgroup]
publish	Test and inspect the package	2026-10-05T10:26:19.4270168Z
publish	Test and inspect the package	2026-10-05T10:26:19.4271174Z ##[group]tests/finding-lead-contract.test.ts:
publish	Test and inspect the package	2026-10-05T10:26:19.7022640Z (pass) canonical and legacy Lead inputs render the same outcome/evidence [1.33ms]
publish	Test and inspect the package	2026-10-05T10:26:19.7025562Z (pass) legacy topical and semantic labels are not exposed as finding labels [0.82ms]
publish	Test and inspect the package	2026-10-05T10:26:19.7035639Z (pass) technical-only legacy claims stay out of default chat [0.44ms]
publish	Test and inspect the package	2026-10-05T10:26:19.7036660Z (pass) archive table uses outcome/evidence columns and keeps proof [0.59ms]
publish	Test and inspect the package	2026-10-05T10:26:19.7037855Z (pass) widget projects the normalized outcome without legacy Lead or technical labels [0.48ms]
publish	Test and inspect the package	2026-10-05T10:26:19.7476439Z (pass) terminal and archive human sections share the What Changed contract [44.20ms]
publish	Test and inspect the package	2026-10-05T10:26:19.7478317Z (pass) normalization is raw-preserving and does not split path/version colons [0.21ms]
publish	Test and inspect the package	2026-10-05T10:26:19.7480389Z (pass) normalization strips dash-separated label prefixes (Lead –/Tests –) [0.20ms]
publish	Test and inspect the package	2026-10-05T10:26:19.7482308Z (pass) archive preserves technical group findings and Verdict details as evidence instead of dropping them [0.40ms]
publish	Test and inspect the package	2026-10-05T10:26:19.7484279Z (pass) chat still suppresses technical findings after the archive-preservation fix [0.16ms]
publish	Test and inspect the package	2026-10-05T10:26:19.7485243Z
publish	Test and inspect the package	2026-10-05T10:26:19.7485954Z ##[endgroup]
publish	Test and inspect the package	2026-10-05T10:26:19.7489877Z
publish	Test and inspect the package	2026-10-05T10:26:19.7490539Z ##[group]tests/stats-outcomes.test.ts:
publish	Test and inspect the package	2026-10-05T10:26:20.0165137Z (pass) outcomes: completed/aborted/open counts with the run-to-done split [0.87ms]
publish	Test and inspect the package	2026-10-05T10:26:20.0166794Z (pass) outcomes: rounds, wall-clock, and tokens average over known data only [0.26ms]
publish	Test and inspect the package	2026-10-05T10:26:20.0168201Z (pass) outcomes: unknown archive statuses are ignored, empty ledgers are zeroed [0.22ms]
publish	Test and inspect the package	2026-10-05T10:26:20.0170829Z (pass) outcomes: table and JSON formats mirror the schema [0.85ms]
publish	Test and inspect the package	2026-10-05T10:26:20.0171261Z
publish	Test and inspect the package	2026-10-05T10:26:20.0171605Z ##[endgroup]
publish	Test and inspect the package	2026-10-05T10:26:20.0171885Z
publish	Test and inspect the package	2026-10-05T10:26:20.0172441Z ##[group]tests/completion-summary-lines.test.ts:
publish	Test and inspect the package	2026-10-05T10:26:20.3028812Z (pass) clip cuts at a word boundary, never mid-word [0.41ms]
publish	Test and inspect the package	2026-10-05T10:26:20.3030913Z (pass) clip hard-cuts only long tokens without spaces [0.18ms]
publish	Test and inspect the package	2026-10-05T10:26:20.3031988Z (pass) clip cuts at a clause boundary and never strands punctuation (field 2026-09-08) [0.35ms]
publish	Test and inspect the package	2026-10-05T10:26:20.3033161Z (pass) lines project one label per line, in order, word-bounded [0.43ms]
publish	Test and inspect the package	2026-10-05T10:26:20.3467101Z (pass) lines keep missing labels as not recorded and never mid-word cut [43.19ms]
publish	Test and inspect the package	2026-10-05T10:26:20.3468373Z (pass) compact stays one line but cuts at word boundaries now [0.38ms]
publish	Test and inspect the package	2026-10-05T10:26:20.3473181Z (pass) terminal lines resolve through the same facts as the compact recap [0.45ms]
publish	Test and inspect the package	2026-10-05T10:26:20.3474755Z (pass) v0.38.14: filler values inform nobody and are dropped [0.18ms]
publish	Test and inspect the package	2026-10-05T10:26:20.3479037Z (pass) v0.38.14: the briefing leads with the outcome and keeps only informing labels [0.62ms]
publish	Test and inspect the package	2026-10-05T10:26:20.3484610Z (pass) v0.38.14: terminal brief resolves through the same facts as the compact recap [0.43ms]
publish	Test and inspect the package	2026-10-05T10:26:20.3493679Z (pass) the ✓ done chat notifies use the line block; external keeps the single line [0.94ms]
publish	Test and inspect the package	2026-10-05T10:26:20.3513163Z (pass) audit-2026-09-06: completionSummaryLines honors the optional line-width budget [1.00ms]
publish	Test and inspect the package	2026-10-05T10:26:20.3515856Z (pass) recorded-facts fallback Next survives the stale-Next filter [0.24ms]
publish	Test and inspect the package	2026-10-05T10:26:20.3517193Z (pass) machine-path strip converges on nested groups, leaves no husk [0.20ms]
publish	Test and inspect the package	2026-10-05T10:26:20.3518424Z (pass) clip never splits a surrogate pair [0.21ms]
publish	Test and inspect the package	2026-10-05T10:26:20.3519653Z (pass) label named inside a value does not steal later segmentation [0.26ms]
publish	Test and inspect the package	2026-10-05T10:26:20.3521161Z (pass) D5: concrete work mentioning audit/review/settle/approval survives the stale-Next filter [0.22ms]
publish	Test and inspect the package	2026-10-05T10:26:20.3527733Z (pass) D7: recap projections sanitize control bytes and ANSI [0.22ms]
publish	Test and inspect the package	2026-10-05T10:26:20.3528426Z (pass) D8: an empty outcome says so instead of inventing done [0.12ms]
publish	Test and inspect the package	2026-10-05T10:26:20.3529076Z (pass) D7 audit: approval-chat lines sanitize their inputs at the trust boundary [0.15ms]
publish	Test and inspect the package	2026-10-05T10:26:20.3529783Z (pass) D7 audit: the counts line sanitizes the auditNote override at the source [0.14ms]
publish	Test and inspect the package	2026-10-05T10:26:20.3530583Z (pass) D7 audit (pin): manual-path extras route through the shared quoted builder [0.33ms]
publish	Test and inspect the package	2026-10-05T10:26:20.3531277Z
publish	Test and inspect the package	2026-10-05T10:26:20.3531807Z ##[endgroup]
publish	Test and inspect the package	2026-10-05T10:26:20.3531942Z
publish	Test and inspect the package	2026-10-05T10:26:20.3532417Z ##[group]tests/loop-refine-parity.test.ts:
publish	Test and inspect the package	2026-10-05T10:26:20.6294872Z (pass) parked loops are refinable on both surfaces [0.33ms]
publish	Test and inspect the package	2026-10-05T10:26:20.6298921Z (pass) terminal stops are refinable on neither surface [0.13ms]
publish	Test and inspect the package	2026-10-05T10:26:20.6300095Z (pass) broken measure is the deliberate divergence: tool fixes, slash will not resume [0.06ms]
publish	Test and inspect the package	2026-10-05T10:26:20.6300736Z
publish	Test and inspect the package	2026-10-05T10:26:20.6301234Z ##[endgroup]
publish	Test and inspect the package	2026-10-05T10:26:20.6301442Z
publish	Test and inspect the package	2026-10-05T10:26:20.6301901Z ##[group]tests/lifecycle-recovery.test.ts:
publish	Test and inspect the package	2026-10-05T10:26:21.3827754Z (pass) v0.35.x: a mutating /list command during handoff is replayed once by the successor [470.14ms]
publish	Test and inspect the package	2026-10-05T10:26:21.8815161Z (pass) v0.35.x: a mismatched handoff discards a deferred list command without replay [497.17ms]
publish	Test and inspect the package	2026-10-05T10:26:22.2593243Z (pass) v0.34.54: /list show before rebind — honest stale result: the recovery warning accompanies the read [380.29ms]
publish	Test and inspect the package	2026-10-05T10:26:22.8266295Z (pass) v0.34.54: settings before rebind — bare /glla refused, read-only /glla status usable, both honest [567.21ms]
publish	Test and inspect the package	2026-10-05T10:26:23.4944355Z (pass) v0.34.54: /list show after a fresh session_start — renders clean, zero stale residue [667.72ms]
publish	Test and inspect the package	2026-10-05T10:26:24.3531147Z (pass) v0.34.54: settings after a fresh session_start — the table opens AND a real write lands [858.70ms]
publish	Test and inspect the package	2026-10-05T10:26:24.3565126Z (pass) v0.34.54: source — read-only surfaces are never in the mutating sets; the gates are the honest refusal, not silence [3.55ms]
publish	Test and inspect the package	2026-10-05T10:26:24.3565934Z
publish	Test and inspect the package	2026-10-05T10:26:24.3566391Z ##[endgroup]
publish	Test and inspect the package	2026-10-05T10:26:24.3569669Z
publish	Test and inspect the package	2026-10-05T10:26:24.3570289Z ##[group]tests/glla-ui-command-audit.test.ts:
publish	Test and inspect the package	2026-10-05T10:26:24.7146940Z (pass) settings table reopens the tab and row that were edited [67.98ms]
publish	Test and inspect the package	2026-10-05T10:26:24.7315242Z (pass) forbidden substring patterns cannot disable configured fallback chains [14.89ms]
publish	Test and inspect the package	2026-10-05T10:26:24.7425178Z (pass) drafterModel refuses a forbidden primary pin [11.96ms]
publish	Test and inspect the package	2026-10-05T10:26:24.7559134Z (pass) compactorModel refuses a forbidden primary pin [13.17ms]
publish	Test and inspect the package	2026-10-05T10:26:24.7695471Z (pass) subagentModelOverrides.scout refuses a forbidden primary pin [13.24ms]
publish	Test and inspect the package	2026-10-05T10:26:24.7902518Z (pass) editing a role fallback preserves other roles saved while its picker was open [20.96ms]
publish	Test and inspect the package	2026-10-05T10:26:24.8027656Z (pass) audit health stays available but cleanup is refused on a stale host [10.02ms]
publish	Test and inspect the package	2026-10-05T10:26:24.8348928Z (pass) tool visibility commands replace conflicting overrides [33.84ms]
publish	Test and inspect the package	2026-10-05T10:26:24.8991067Z (pass) tool config accepts spaced JSON and refuses empty keys [64.23ms]
publish	Test and inspect the package	2026-10-05T10:26:24.9584484Z (pass) postaudit refuses a save after the host became stale in its dialog [55.85ms]
publish	Test and inspect the package	2026-10-05T10:26:25.0779986Z (pass) wipe revalidates its host after the confirmation dialog [120.79ms]
publish	Test and inspect the package	2026-10-05T10:26:25.1705339Z (pass) tool metadata editor preserves concurrent updates and names its execution limit [92.15ms]
publish	Test and inspect the package	2026-10-05T10:26:25.2129284Z (pass) compactor picker labels its clear choice as registry plan B [41.90ms]
publish	Test and inspect the package	2026-10-05T10:26:25.2204216Z
publish	Test and inspect the package	2026-10-05T10:26:25.2233324Z ##[endgroup]
publish	Test and inspect the package	2026-10-05T10:26:25.2236154Z
publish	Test and inspect the package	2026-10-05T10:26:25.2238814Z ##[group]tests/hourly-auditor-backstop.test.ts:
publish	Test and inspect the package	2026-10-05T10:26:25.6229175Z (pass) unified: the shared ticker arms for a parked auditor claim with no main recovery [38.26ms]
publish	Test and inspect the package	2026-10-05T10:26:25.6231034Z (pass) unified: the backstop fires past-due auditor retries and never touches models [0.14ms]
publish	Test and inspect the package	2026-10-05T10:26:25.6232586Z (pass) unified: the ladder arms the ticker as its backstop [0.34ms]
publish	Test and inspect the package	2026-10-05T10:26:25.6234033Z (pass) unified: one dead backend does not burn a launch per rung [0.16ms]
publish	Test and inspect the package	2026-10-05T10:26:25.7982432Z (pass) unified: executable runtime regression covers arming, past-due fire, guards, and opt-out [174.77ms]
publish	Test and inspect the package	2026-10-05T10:26:25.7983065Z
publish	Test and inspect the package	2026-10-05T10:26:25.7983397Z ##[endgroup]
publish	Test and inspect the package	2026-10-05T10:26:25.7986293Z
publish	Test and inspect the package	2026-10-05T10:26:25.7986874Z ##[group]tests/stale-continuation.test.ts:
publish	Test and inspect the package	2026-10-05T10:26:26.1162401Z (pass) helper: goal checkpoint with no active goal is stale [45.01ms]
publish	Test and inspect the package	2026-10-05T10:26:26.1165750Z (pass) helper: goal checkpoint with matching active goal is not stale [0.52ms]
publish	Test and inspect the package	2026-10-05T10:26:26.1168105Z (pass) helper: goal checkpoint with mismatched id is stale [0.23ms]
publish	Test and inspect the package	2026-10-05T10:26:26.1170205Z (pass) helper: goal checkpoint with paused goal is stale [0.21ms]
publish	Test and inspect the package	2026-10-05T10:26:26.1175106Z (pass) helper: goal checkpoint with already archived file is stale even if state still active [0.44ms]
publish	Test and inspect the package	2026-10-05T10:26:26.1176942Z (pass) helper: loop iteration with no active loop is stale [0.21ms]
publish	Test and inspect the package	2026-10-05T10:26:26.1179126Z (pass) helper: loop iteration with active loop is not stale [0.20ms]
publish	Test and inspect the package	2026-10-05T10:26:26.1181097Z (pass) helper: stall warning with no active goal is stale [0.18ms]
publish	Test and inspect the package	2026-10-05T10:26:26.1182427Z (pass) helper: stall warning with active goal is not stale [0.16ms]
publish	Test and inspect the package	2026-10-05T10:26:26.1186467Z (pass) helper: length continue delivers with live supervision, stale without (audit 2026-09-07) [0.27ms]
publish	Test and inspect the package	2026-10-05T10:26:26.1188393Z (pass) helper: generic goal-event with no supervision is stale [0.19ms]
publish	Test and inspect the package	2026-10-05T10:26:26.1189580Z (pass) helper: generic goal-event with active goal is not stale [0.15ms]
publish	Test and inspect the package	2026-10-05T10:26:26.1192066Z (pass) helper: raw continuation source is correctly identified as stale when archived [0.25ms]
publish	Test and inspect the package	2026-10-05T10:26:26.1192733Z
publish	Test and inspect the package	2026-10-05T10:26:26.1193204Z ##[endgroup]
publish	Test and inspect the package	2026-10-05T10:26:26.1197540Z
publish	Test and inspect the package	2026-10-05T10:26:26.1198000Z ##[group]tests/designer-drafter-policy.test.ts:
publish	Test and inspect the package	2026-10-05T10:26:26.3827351Z (pass) long-running judgment policy is default-decide and bans band-aid-vs-proper questions [0.56ms]
publish	Test and inspect the package	2026-10-05T10:26:26.4288305Z (pass) drafting gathers constraints upfront and active execution defers local choices [46.26ms]
publish	Test and inspect the package	2026-10-05T10:26:26.4289590Z (pass) explicit Designer declarations are consumed without changing ordinary design prose [0.24ms]
publish	Test and inspect the package	2026-10-05T10:26:26.4291395Z (pass) task plans preserve Designer routing and verification contracts and expose them on tasks [0.23ms]
publish	Test and inspect the package	2026-10-05T10:26:26.4299649Z (pass) Designer is a managed read-only role and remains available without a pin [0.82ms]
publish	Test and inspect the package	2026-10-05T10:26:26.4309095Z (pass) drafter resolution walks its own ordered chain and falls back to the session [0.94ms]
publish	Test and inspect the package	2026-10-05T10:26:26.4311555Z (pass) drafter resolution always retains one current-session last resort [0.26ms]
publish	Test and inspect the package	2026-10-05T10:26:26.4314414Z (pass) drafter resolution skips forbidden candidates without inspecting provider text [0.25ms]
publish	Test and inspect the package	2026-10-05T10:26:26.4320442Z (pass) audit 2026-09-06: drafter session-last-resort refuses a forbidden session model [0.59ms]
publish	Test and inspect the package	2026-10-05T10:26:26.4322844Z (pass) drafter keeps a configured current primary so its fallback remains reachable [0.24ms]
publish	Test and inspect the package	2026-10-05T10:26:26.4334576Z (pass) settings expose drafting-only primary and fallback controls [1.10ms]
publish	Test and inspect the package	2026-10-05T10:26:26.4339880Z (pass) drafting recovery stays on the dedicated chain and uses the existing interview [0.55ms]
publish	Test and inspect the package	2026-10-05T10:26:26.4341248Z (pass) continuation prompt names the explicit Designer hand-off syntax [0.15ms]
publish	Test and inspect the package	2026-10-05T10:26:26.4341650Z
publish	Test and inspect the package	2026-10-05T10:26:26.4341983Z ##[endgroup]
publish	Test and inspect the package	2026-10-05T10:26:26.4374926Z
publish	Test and inspect the package	2026-10-05T10:26:26.4404732Z ##[group]tests/loop-start-proof-fallback.test.ts:
publish	Test and inspect the package	2026-10-05T10:26:26.8015332Z (pass) v0.37.3 (issue #40) — start proof accepts agent_start fallback for followUp continuations [0.57ms]
publish	Test and inspect the package	2026-10-05T10:26:26.8035559Z (pass) v0.37.3 (issue #40) — retry backoff is env-configurable independently [0.17ms]
publish	Test and inspect the package	2026-10-05T10:26:26.8065096Z (pass) v0.37.3 (issue #40) — activation wires agent_start and turn_start fallbacks [0.66ms]
publish	Test and inspect the package	2026-10-05T10:26:26.8093898Z
publish	Test and inspect the package	2026-10-05T10:26:26.8099905Z ##[endgroup]
publish	Test and inspect the package	2026-10-05T10:26:26.8124049Z
publish	Test and inspect the package	2026-10-05T10:26:26.8124688Z ##[group]tests/reviewer-modes.test.ts:
publish	Test and inspect the package	2026-10-05T10:26:27.3083714Z (pass) E4: a failed proposal send is NOT counted or reported (phantom-reviewer hole closed) [30.47ms]
publish	Test and inspect the package	2026-10-05T10:26:27.3089866Z (pass) E4: clean-completion branch also gates on delivery — default AND aggressive modes [0.76ms]
publish	Test and inspect the package	2026-10-05T10:26:27.3098232Z (pass) auto mode: architectural findings enqueue to /list — proposeGoal NEVER called [0.84ms]
publish	Test and inspect the package	2026-10-05T10:26:27.3101638Z (pass) auto mode: clean completion enqueues the audit as a /list item (no Confirm) [0.38ms]
publish	Test and inspect the package	2026-10-05T10:26:27.3103205Z (pass) report mode: REMOVED in 0.27.9 (the 4-mode set `off | on | auto | aggressive` has no report branch) [0.18ms]
publish	Test and inspect the package	2026-10-05T10:26:27.3107757Z (pass) improvement-class extraction: 'consider adding X' / 'could be improved' enqueue without Confirm [0.42ms]
publish	Test and inspect the package	2026-10-05T10:26:27.3112036Z (pass) auto mode: refire window skipped for list-complete, enforced for goal-complete and in default mode [0.44ms]
publish	Test and inspect the package	2026-10-05T10:26:27.3114697Z (pass) auto mode: the per-day cap still bounds everything [0.27ms]
publish	Test and inspect the package	2026-10-05T10:26:27.3117453Z (pass) menu: Mode option lists the 4 modes (off, on, auto, aggressive) [0.26ms]
publish	Test and inspect the package	2026-10-05T10:26:27.3119756Z (pass) /review accepts all 4 modes and rejects unknown modes [0.22ms]
publish	Test and inspect the package	2026-10-05T10:26:27.3121086Z (pass) config: mode defaults to 'on' and merges from project settings [0.08ms]
publish	Test and inspect the package	2026-10-05T10:26:27.3121783Z (pass) config: legacy 'default' and 'report' modes auto-migrate to 'on' [0.08ms]
publish	Test and inspect the package	2026-10-05T10:26:27.3123712Z (pass) report-mode test removed: the 4-mode postaudit surface (`off | on | auto | aggressive`) has no report branch anymore (0.27.9) [0.18ms]
publish	Test and inspect the package	2026-10-05T10:26:27.3125532Z (pass) off mode: reviewer NEVER fires (equivalent to enabled=false, exposed via postaudit menu) [0.20ms]
publish	Test and inspect the package	2026-10-05T10:26:27.3130582Z (pass) aggressive mode: architectural findings enqueue AND the first one relaunches as /goal [0.45ms]
publish	Test and inspect the package	2026-10-05T10:26:27.3135557Z (pass) aggressive mode: clean completion → relaunch audit /goal (no Confirm) [0.45ms]
publish	Test and inspect the package	2026-10-05T10:26:27.3138822Z (pass) goal.ts fireReviewer opts.mode now accepts the 4-mode ReviewerMode union [0.36ms]
publish	Test and inspect the package	2026-10-05T10:26:27.3139248Z
publish	Test and inspect the package	2026-10-05T10:26:27.3139557Z ##[endgroup]
publish	Test and inspect the package	2026-10-05T10:26:27.3143951Z
publish	Test and inspect the package	2026-10-05T10:26:27.3144388Z ##[group]tests/repro-list-audit-activation.test.ts:
publish	Test and inspect the package	2026-10-05T10:26:27.6735033Z === ledger tail ===
publish	Test and inspect the package	2026-10-05T10:26:27.6764194Z (pass) repro: live sequence startup/shutdown(resume)/rebound(resume) then /list audit [84.85ms]
publish	Test and inspect the package	2026-10-05T10:26:27.6765178Z session_rebound {"reason":"startup"}
publish	Test and inspect the package	2026-10-05T10:26:27.6765517Z
publish	Test and inspect the package	2026-10-05T10:26:27.6765998Z ##[endgroup]
publish	Test and inspect the package	2026-10-05T10:26:27.6776691Z
publish	Test and inspect the package	2026-10-05T10:26:27.6787203Z ##[group]tests/auditor-polish.test.ts:
publish	Test and inspect the package	2026-10-05T10:26:27.6787975Z session_shutdown {"reason":"resume"}
publish	Test and inspect the package	2026-10-05T10:26:27.6789146Z session_rebound {"reason":"resume"}
publish	Test and inspect the package	2026-10-05T10:26:27.6789710Z list_queue_disk_first {"source":"/list audit","count":1,"diskFirst":true}
publish	Test and inspect the package	2026-10-05T10:26:27.6791152Z state {"goal":null,"list":[{"id":"20261005102627-469thm","objective":"[LIST-AUDIT-COLLECT] Run ONE project audit pass that COLLECTS work — the follow-up fix
publish	Test and inspect the package	2026-10-05T10:26:27.6793044Z list_imported {"source":"/list audit","count":1}
publish	Test and inspect the package	2026-10-05T10:26:27.6794872Z state {"goal":{"id":"20261005102627-jequbu","objective":"[LIST-AUDIT-COLLECT] Run ONE project audit pass that COLLECTS work — the follow-up fixes are queued
publish	Test and inspect the package	2026-10-05T10:26:27.6796294Z goal_created {"goalId":"20261005102627-jequbu","objective":"[LIST-AUDIT-COLLECT] Run ONE project audit pass that COLLECTS work — the follow-up fixes are queued as
publish	Test and inspect the package	2026-10-05T10:26:27.6797173Z === goals: [ "20261005102627-jequbu.md" ] | notify-activated: false
publish	Test and inspect the package	2026-10-05T10:26:27.6797739Z === last state list: []
publish	Test and inspect the package	2026-10-05T10:26:28.0315314Z (pass) stripThinkBlocks removes think bodies, fragments, and artifacts [31.42ms]
publish	Test and inspect the package	2026-10-05T10:26:28.0329361Z (pass) audit log: append + read round-trip, malformed lines skipped [1.56ms]
publish	Test and inspect the package	2026-10-05T10:26:28.0339483Z (pass) audit log bounded tail scans large records from the end [1.02ms]
publish	Test and inspect the package	2026-10-05T10:26:28.0344697Z (pass) formatAuditLog: one line per verdict with glyph, goal, model, first report line [0.47ms]
publish	Test and inspect the package	2026-10-05T10:26:28.0350406Z (pass) tail-aware excerpt: capped output keeps the Required-fixes tail [0.59ms]
publish	Test and inspect the package	2026-10-05T10:26:28.0357526Z (pass) audit feedback excerpts redact provider payloads before executor output [0.22ms]
publish	Test and inspect the package	2026-10-05T10:26:28.0382515Z (pass) disapproval feedback is surfaced even when the continuation turn never starts [2.95ms]
publish	Test and inspect the package	2026-10-05T10:26:28.0383938Z (pass) infra errors are transparent to the disapproval streak (not breakers) [0.16ms]
publish	Test and inspect the package	2026-10-05T10:26:28.0392232Z (pass) widget flags auditor-quiet stalls after 3 minutes [0.81ms]
publish	Test and inspect the package	2026-10-05T10:26:28.0394332Z (pass) auditor prompt requires the Required-fixes tail + no think blocks [0.20ms]
publish	Test and inspect the package	2026-10-05T10:26:28.0397975Z (pass) isRetriableInfraError: aborts and missing-model are NOT retried [0.36ms]
publish	Test and inspect the package	2026-10-05T10:26:28.0403263Z (pass) runWithInfraRetry: retriable infra failure retried exactly once [0.52ms]
publish	Test and inspect the package	2026-10-05T10:26:28.0406437Z (pass) runWithInfraRetry: provider Retry-After does not suppress the uniform backoff [0.30ms]
publish	Test and inspect the package	2026-10-05T10:26:28.0409138Z (pass) runWithInfraRetry: lifecycle guard prevents a second attempt [0.28ms]
publish	Test and inspect the package	2026-10-05T10:26:28.0412917Z (pass) formatGoalAuditHistory: one line per verdict with elapsed [0.35ms]
publish	Test and inspect the package	2026-10-05T10:26:28.0413298Z
publish	Test and inspect the package	2026-10-05T10:26:28.0413901Z ##[endgroup]
publish	Test and inspect the package	2026-10-05T10:26:28.0417817Z
publish	Test and inspect the package	2026-10-05T10:26:28.0418369Z ##[group]tests/respec-draft-phase.test.ts:
publish	Test and inspect the package	2026-10-05T10:26:28.6078497Z (pass) restored legacy missing-spec loop dispatches its dedicated draft and gates reconciliation [257.23ms]
publish	Test and inspect the package	2026-10-05T10:26:28.8116118Z (pass) legacy bootstrap loops recover into the draft phase, including an existing partial spec [203.78ms]
publish	Test and inspect the package	2026-10-05T10:26:28.9985363Z (pass) respec with an existing spec drafts intended requirements before building [186.72ms]
publish	Test and inspect the package	2026-10-05T10:26:29.0000051Z (pass) a draft completion marker cannot substitute for a missing or empty spec [0.73ms]
publish	Test and inspect the package	2026-10-05T10:26:29.3355212Z (pass) active legacy bootstrap loop recovers into draft on its next tick [335.35ms]
publish	Test and inspect the package	2026-10-05T10:26:29.5097578Z (pass) respec with a structurally incomplete spec enters draft instead of reconciling [176.40ms]
publish	Test and inspect the package	2026-10-05T10:26:29.5129242Z [run-tests] progress: 510s elapsed · 0s since last output · 281 KiB of suite output
publish	Test and inspect the package	2026-10-05T10:26:29.9745666Z (pass) restored legacy sticky handoff: marker one turn, finished spec the next, still reconciles [464.37ms]
publish	Test and inspect the package	2026-10-05T10:26:29.9748640Z (pass) draft prompt carries the stuck-ladder intervention note [0.46ms]
publish	Test and inspect the package	2026-10-05T10:26:30.1743114Z (pass) draft phase without a spec file degrades instead of throwing [198.04ms]
publish	Test and inspect the package	2026-10-05T10:26:30.1744778Z (pass) respecSpecComplete: title plus nonempty Rules plus another section [0.42ms]
publish	Test and inspect the package	2026-10-05T10:26:30.1745408Z
publish	Test and inspect the package	2026-10-05T10:26:30.1747840Z ##[endgroup]
publish	Test and inspect the package	2026-10-05T10:26:30.1748032Z
publish	Test and inspect the package	2026-10-05T10:26:30.1748498Z ##[group]tests/stale-continuation-integration.test.ts:
publish	Test and inspect the package	2026-10-05T10:26:30.5432180Z (pass) integration: stale goal continuation is sanitized at message_end and ledgered, raw source dropped [56.46ms]
publish	Test and inspect the package	2026-10-05T10:26:30.5545315Z (pass) integration: a GLLA pause abort becomes an actionable assistant message [9.39ms]
publish	Test and inspect the package	2026-10-05T10:26:30.5636199Z (pass) integration: a marked pause without suggestedAction still replaces generic abort text [10.18ms]
publish	Test and inspect the package	2026-10-05T10:26:30.5785390Z (pass) integration: starting a later turn invalidates an unconsumed pause marker [8.97ms]
publish	Test and inspect the package	2026-10-05T10:26:30.5822237Z (pass) integration: a stale pause marker cannot rewrite a later unrelated abort [9.45ms]
publish	Test and inspect the package	2026-10-05T10:26:30.5946081Z (pass) integration: a later same-owner abort after a silent prior marker is not rewritten [9.48ms]
publish	Test and inspect the package	2026-10-05T10:26:30.6135170Z (pass) integration: an unrelated owner abort is not rewritten [18.08ms]
publish	Test and inspect the package	2026-10-05T10:26:30.6376836Z (pass) integration: a foreign assistant abort is not rewritten [24.42ms]
publish	Test and inspect the package	2026-10-05T10:26:30.6518303Z (pass) integration: fresh continuation for active goal is NOT sanitized [17.85ms]
publish	Test and inspect the package	2026-10-05T10:26:30.6875127Z (pass) integration: foreign ctx never sanitizes (subagent isolation) [31.70ms]
publish	Test and inspect the package	2026-10-05T10:26:30.6876363Z
publish	Test and inspect the package	2026-10-05T10:26:30.6877143Z ##[endgroup]
publish	Test and inspect the package	2026-10-05T10:26:30.6877614Z
publish	Test and inspect the package	2026-10-05T10:26:30.6878317Z ##[group]tests/loop-measure-fail-closed.test.ts:
publish	Test and inspect the package	2026-10-05T10:26:31.0953494Z (pass) a measure result with no exit code is a NULL measure, not a reading [57.91ms]
publish	Test and inspect the package	2026-10-05T10:26:31.1076063Z (pass) an empty result envelope is also a NULL measure [12.24ms]
publish	Test and inspect the package	2026-10-05T10:26:31.1195181Z (pass) a genuinely successful measure still records its number [10.23ms]
publish	Test and inspect the package	2026-10-05T10:26:31.1294824Z (pass) a nonzero exit code with a parseable number is still rejected [10.53ms]
publish	Test and inspect the package	2026-10-05T10:26:31.1295369Z
publish	Test and inspect the package	2026-10-05T10:26:31.1295714Z ##[endgroup]
publish	Test and inspect the package	2026-10-05T10:26:31.1295885Z
publish	Test and inspect the package	2026-10-05T10:26:31.1296174Z ##[group]tests/stall-handling.test.ts:
publish	Test and inspect the package	2026-10-05T10:26:31.4810215Z (pass) escalation gate: threshold semantics (0 = never, N = fire at streak N) [33.12ms]
publish	Test and inspect the package	2026-10-05T10:26:31.4812129Z (pass) send paths are ledgered: sent AND failed, loop and goal [0.43ms]
publish	Test and inspect the package	2026-10-05T10:26:31.4831034Z (pass) refire streak: incremented on refire, ledgered, reset only on REAL activity [1.82ms]
publish	Test and inspect the package	2026-10-05T10:26:31.4838013Z (pass) escalation: streak at threshold stops the loop / pauses the goal, loudly [0.71ms]
publish	Test and inspect the package	2026-10-05T10:26:31.4846686Z (pass) session_compact hook: re-arms the chain when idle with no timer pending [0.85ms]
publish	Test and inspect the package	2026-10-05T10:26:31.4852557Z (pass) widget + status surface the streak only while nonzero [0.59ms]
publish	Test and inspect the package	2026-10-05T10:26:31.4887746Z (pass) settings: stallEscalationRefires round-trips through save/load [3.49ms]
publish	Test and inspect the package	2026-10-05T10:26:31.4901692Z (pass) /glla surface: bare command opens settings; arguments are actions [1.40ms]
publish	Test and inspect the package	2026-10-05T10:26:31.4907093Z (pass) P1: graduated stall escalation entry before the brake (sender + wiring) [0.53ms]
publish	Test and inspect the package	2026-10-05T10:26:31.4908575Z (pass) P2: every continuation carries the unclosed-status block [0.12ms]
publish	Test and inspect the package	2026-10-05T10:26:31.4918817Z (pass) P3: post-restore grace — armed on restore resume, skips accounting, ledgered [1.00ms]
publish	Test and inspect the package	2026-10-05T10:26:31.4923875Z (pass) v0.28.24: session_compact resets the send-rearm storm streaks + opens the post-compaction grace [0.50ms]
publish	Test and inspect the package	2026-10-05T10:26:31.4942997Z (pass) v0.34.82: heartbeat refuses to refire a continuation while pi is context-starved (no compaction landing) [1.90ms]
publish	Test and inspect the package	2026-10-05T10:26:31.4948236Z (pass) v0.29.21: session_compact arms a SECOND settle refire at grace expiry [0.56ms]
publish	Test and inspect the package	2026-10-05T10:26:31.4985131Z (pass) v0.29.1: completion lifecycle survives the wedged-queue window (storm suppression + stranded recovery + brake cap) [3.60ms]
publish	Test and inspect the package	2026-10-05T10:26:31.5030943Z (pass) v0.29.9: hourly top-of-hour probe — the park keeps retrying on clock-hour boundaries [4.52ms]
publish	Test and inspect the package	2026-10-05T10:26:31.5032662Z (pass) v0.34.142: nextHourlyProbeMs selects the next :00:30 slot [0.12ms]
publish	Test and inspect the package	2026-10-05T10:26:31.5064538Z (pass) v0.29.1: zombie-twin guard — drafts/enqueues duplicating a goal completed <24h ago are refused loudly [3.26ms]
publish	Test and inspect the package	2026-10-05T10:26:31.5068415Z (pass) v0.29.2: git discipline law — no invented identities or branches, in every execution prompt [0.44ms]
publish	Test and inspect the package	2026-10-05T10:26:31.5103881Z (pass) v0.29.3/0.29.6: no empty allowlist warning; stacked states AUTO-ARBITRATE (picker superseded) [3.54ms]
publish	Test and inspect the package	2026-10-05T10:26:31.5141329Z (pass) v0.29.4: user aborts stand the chain down and never count toward stalls (the Esc-spam loop) [3.75ms]
publish	Test and inspect the package	2026-10-05T10:26:31.5184330Z (pass) v0.29.5: the stand-down survives the heartbeat + autoResume is GLOBAL-only [4.28ms]
publish	Test and inspect the package	2026-10-05T10:26:31.5187958Z (pass) audit 2026-09-07 HIGH: zombie retry routes on the abort owner, cycle-reset consumes budget and honors the horizon [0.35ms]
publish	Test and inspect the package	2026-10-05T10:26:31.5234987Z (pass) v0.35.x — zombie-run watchdog: busy + zero stream events gets bounded abort and recovery guidance [4.60ms]
publish	Test and inspect the package	2026-10-05T10:26:31.5236461Z (pass) v0.35.x — a rejected zombie cleanup does not consume the abort latch [0.21ms]
publish	Test and inspect the package	2026-10-05T10:26:31.5281111Z (pass) v0.32.1: post-compaction resume debt + deterministic resync (pi-goal-x's lesson) [4.42ms]
publish	Test and inspect the package	2026-10-05T10:26:31.5316485Z (pass) v0.34.5: wedge alert names a subagent wait when the in-flight call is one [3.55ms]
publish	Test and inspect the package	2026-10-05T10:26:31.5354748Z (pass) v0.34.11: unanswered-continuation watchdog (accepted send, no turn — hellhunter list-transition wedge) [3.74ms]
publish	Test and inspect the package	2026-10-05T10:26:31.5388900Z (pass) v0.34.12: eager continuation settles 2.5s past agent_end (hellhunter 60s-per-turn blackhole tax) [3.45ms]
publish	Test and inspect the package	2026-10-05T10:26:31.5465019Z (pass) v0.34.12 + v0.34.64: wait-pause status line counts down live + ticker survives the wait (pully field request) [3.34ms]
publish	Test and inspect the package	2026-10-05T10:26:31.5521879Z (pass) v0.34.16: wedges hand off through pi lifecycle — no terminal self-reload [5.85ms]
publish	Test and inspect the package	2026-10-05T10:26:31.5533258Z (pass) v0.34.14: /reload rebind resumes mid-work — the 'list is not continuing' fix (hellhunter) [4.92ms]
publish	Test and inspect the package	2026-10-05T10:26:31.5570067Z (pass) v0.34.51: the hanging-verification cause is named by the timeout branch (pully ssh/sudo stall) [3.94ms]
publish	Test and inspect the package	2026-10-05T10:26:31.5611785Z (pass) v0.34.15: errorBrakeStreak persists ON THE GOAL — the 6-brake park survives /reload (hegemon 429 churn) [4.15ms]
publish	Test and inspect the package	2026-10-05T10:26:31.5671456Z (pass) provider failures use one generic recovery card [6.04ms]
publish	Test and inspect the package	2026-10-05T10:26:31.5706472Z (pass) v0.34.16: queue-stuck probe — a send queued-without-a-turn is reported without terminal injection [3.41ms]
publish	Test and inspect the package	2026-10-05T10:26:31.5708018Z (pass) audit 2026-09-07 MEDIUM: fallback ack refuses when a user message arrived after the send [0.18ms]
publish	Test and inspect the package	2026-10-05T10:26:31.5708729Z
publish	Test and inspect the package	2026-10-05T10:26:31.5709255Z ##[endgroup]
publish	Test and inspect the package	2026-10-05T10:26:31.5712689Z
publish	Test and inspect the package	2026-10-05T10:26:31.5713164Z ##[group]tests/auditor-unmatched-telemetry.test.ts:
publish	Test and inspect the package	2026-10-05T10:26:31.8451464Z (pass) v0.34.56: a serial id'd start+end pairs into toolCalls with zero unmatched facts [0.44ms]
publish	Test and inspect the package	2026-10-05T10:26:31.8458911Z (pass) v0.34.56: an end with the WRONG id never pairs — it is an explicit unmatched fact and the open start stays open [0.08ms]
publish	Test and inspect the package	2026-10-05T10:26:31.8461275Z (pass) v0.34.56: an end with an id can never close an ANONYMOUS start (missing-toolCallId shape) [0.10ms]
publish	Test and inspect the package	2026-10-05T10:26:31.8463137Z (pass) v0.34.56: an ANONYMOUS end can never close an id'd start (the id would be present on a true end) [0.07ms]
publish	Test and inspect the package	2026-10-05T10:26:31.8464933Z (pass) v0.34.56: a serial ANONYMOUS stream (both sides missing toolCallId) still pairs truthfully [0.06ms]
publish	Test and inspect the package	2026-10-05T10:26:31.8466102Z (pass) v0.34.56: an anonymous end closes the CURRENT anonymous start; a replaced anonymous start stays an explicit unmatched fact [0.08ms]
publish	Test and inspect the package	2026-10-05T10:26:31.8467781Z (pass) v0.34.56: a new start replacing an open start records the ORPHANED start explicitly (name, args, id preserved) [0.10ms]
publish	Test and inspect the package	2026-10-05T10:26:31.8469608Z (pass) v0.34.56: same-id restart updates the slot without an unmatched fact; an end with no open start is an unmatched end [0.08ms]
publish	Test and inspect the package	2026-10-05T10:26:31.8471247Z (pass) v0.34.56/0.34.108: the detached path forwards pairing data untouched (no inline slot mutation) [0.30ms]
publish	Test and inspect the package	2026-10-05T10:26:31.8473215Z (pass) v0.34.56: worker — anonymous ends pair only with the SOLE anonymous start; everything else is an explicit unmatched fact [0.16ms]
publish	Test and inspect the package	2026-10-05T10:26:31.8475974Z (pass) v0.34.56: worker — in-flight starts at session end become explicit unmatched starts (finish sweep) [0.11ms]
publish	Test and inspect the package	2026-10-05T10:26:31.8477471Z (pass) v0.34.56: progress file + asProgress + HUD mapping + display all carry the unmatched facts [0.34ms]
publish	Test and inspect the package	2026-10-05T10:26:31.8478255Z
publish	Test and inspect the package	2026-10-05T10:26:31.8478882Z ##[endgroup]
publish	Test and inspect the package	2026-10-05T10:26:31.8862210Z
publish	Test and inspect the package	2026-10-05T10:26:31.8863740Z ##[group]tests/owner-fence.test.ts:
publish	Test and inspect the package	2026-10-05T10:26:32.2320293Z (pass) v0.35.72: a live foreign process cannot claim the workingDir owner file [6.97ms]
publish	Test and inspect the package	2026-10-05T10:26:32.2333042Z (pass) v0.35.72: mutating goal and loop commands use the stale admission fence [0.60ms]
publish	Test and inspect the package	2026-10-05T10:26:32.2374566Z (pass) owner acquisition and refresh preserve malformed records for explicit repair [5.43ms]
publish	Test and inspect the package	2026-10-05T10:26:32.2402237Z (pass) takeover compares the complete record inside the owner mutation [2.74ms]
publish	Test and inspect the package	2026-10-05T10:26:32.2423246Z (pass) a stale instance refresh cannot overwrite a same-process successor [2.15ms]
publish	Test and inspect the package	2026-10-05T10:26:32.2424260Z
publish	Test and inspect the package	2026-10-05T10:26:32.2424920Z ##[endgroup]
publish	Test and inspect the package	2026-10-05T10:26:32.2425167Z
publish	Test and inspect the package	2026-10-05T10:26:32.2427856Z ##[group]tests/auditing-standstill.test.ts:
publish	Test and inspect the package	2026-10-05T10:26:33.3157309Z (pass) agent turns during a pending audit stay silent instead of escalating [800.68ms]
publish	Test and inspect the package	2026-10-05T10:26:33.3174104Z
publish	Test and inspect the package	2026-10-05T10:26:33.3185922Z ##[endgroup]
publish	Test and inspect the package	2026-10-05T10:26:33.3186395Z
publish	Test and inspect the package	2026-10-05T10:26:33.3187031Z ##[group]tests/durable-choice-ledger.test.ts:
publish	Test and inspect the package	2026-10-05T10:26:33.6577226Z (pass) durable-vs-defer judgment is an explicit bounded ledger choice [65.88ms]
publish	Test and inspect the package	2026-10-05T10:26:33.6578436Z (pass) durable-choice payload compacts model-authored rationale [0.08ms]
publish	Test and inspect the package	2026-10-05T10:26:33.6578983Z
publish	Test and inspect the package	2026-10-05T10:26:33.6579429Z ##[endgroup]
publish	Test and inspect the package	2026-10-05T10:26:33.6579625Z
publish	Test and inspect the package	2026-10-05T10:26:33.6580098Z ##[group]tests/audit-recovery-persistence.test.ts:
publish	Test and inspect the package	2026-10-05T10:26:33.9966674Z (pass) context-free audit recovery returns false and leaves restart state auditing when append fails [48.76ms]
publish	Test and inspect the package	2026-10-05T10:26:33.9967507Z
publish	Test and inspect the package	2026-10-05T10:26:33.9968013Z ##[endgroup]
publish	Test and inspect the package	2026-10-05T10:26:33.9969980Z
publish	Test and inspect the package	2026-10-05T10:26:33.9970561Z ##[group]tests/context-hygiene.test.ts:
publish	Test and inspect the package	2026-10-05T10:26:34.2815123Z (pass) predicate: error-only turns are droppable; tool-carrying, aborted, and healthy turns are not [0.44ms]
publish	Test and inspect the package	2026-10-05T10:26:34.2820230Z (pass) drop rule: keeps the most recent failed turn, drops older ones, preserves everything else [0.32ms]
publish	Test and inspect the package	2026-10-05T10:26:34.2821686Z (pass) drop rule: identity preserved when at or under the keep window; window is configurable [0.11ms]
publish	Test and inspect the package	2026-10-05T10:26:34.2823492Z (pass) drop rule: SEADED BLOAT — 60 failed turns collapse to the keep window; normal turns survive verbatim [0.27ms]
publish	Test and inspect the package	2026-10-05T10:26:34.2825098Z (pass) compaction pruning: reassigns both message arrays in place and counts drops [0.16ms]
publish	Test and inspect the package	2026-10-05T10:26:34.3285941Z (pass) wiring: the context event drops accumulated error turns and ledgeres the hygiene pass [47.88ms]
publish	Test and inspect the package	2026-10-05T10:26:34.3318802Z (pass) wiring: session_before_compact prunes and bounds the preparation the runner will summarize [3.27ms]
publish	Test and inspect the package	2026-10-05T10:26:34.3337851Z (pass) wiring: every default session_before_compact path receives the bounded projection and an undefined hook result [1.98ms]
publish	Test and inspect the package	2026-10-05T10:26:34.3339082Z
publish	Test and inspect the package	2026-10-05T10:26:34.3339696Z ##[endgroup]
publish	Test and inspect the package	2026-10-05T10:26:34.3341168Z
publish	Test and inspect the package	2026-10-05T10:26:34.3341837Z ##[group]tests/gettick-tool-visibility.test.ts:
publish	Test and inspect the package	2026-10-05T10:26:34.6741884Z (pass) v0.35.60: glla tools are reactivated at the pre-turn boundary [63.70ms]
publish	Test and inspect the package	2026-10-05T10:26:34.6742650Z
publish	Test and inspect the package	2026-10-05T10:26:34.6743356Z ##[endgroup]
publish	Test and inspect the package	2026-10-05T10:26:34.6749395Z
publish	Test and inspect the package	2026-10-05T10:26:34.6749921Z ##[group]tests/auditor-challenge.test.ts:
publish	Test and inspect the package	2026-10-05T10:26:35.2014897Z (pass) challenge: approval earns a falsification round; re-confirm preserves the verdict [246.54ms]
publish	Test and inspect the package	2026-10-05T10:26:35.3834250Z (pass) challenge: a challenge disapproval flips the verdict by final line [182.04ms]
publish	Test and inspect the package	2026-10-05T10:26:35.5392691Z (pass) challenge: round-1 disapprovals run single-round [155.74ms]
publish	Test and inspect the package	2026-10-05T10:26:35.7318112Z (pass) challenge: a failed challenge falls back to byte-identical round-1 output [192.55ms]
publish	Test and inspect the package	2026-10-05T10:26:35.8981742Z (pass) strict challenge: a failed falsification pass is infrastructure/no-verdict [166.36ms]
publish	Test and inspect the package	2026-10-05T10:26:36.0584698Z (pass) strict challenge: an explicit requirement overrides a policy skip [160.25ms]
publish	Test and inspect the package	2026-10-05T10:26:36.2161879Z (pass) challenge: a failed round 1 still fails without challenging [157.66ms]
publish	Test and inspect the package	2026-10-05T10:26:36.3728319Z (pass) challenge: a light-tier request skips round 2 and records the skip [156.63ms]
publish	Test and inspect the package	2026-10-05T10:26:36.5308906Z (pass) challenge: a rework-streak skip is NOT recorded as a light-tier audit (v0.38.104) [158.14ms]
publish	Test and inspect the package	2026-10-05T10:26:36.7255205Z (pass) challenge: a request with no reason keeps the light-tier default (v0.38.104) [194.50ms]
publish	Test and inspect the package	2026-10-05T10:26:36.7255996Z
publish	Test and inspect the package	2026-10-05T10:26:36.7256516Z ##[endgroup]
publish	Test and inspect the package	2026-10-05T10:26:36.7259025Z
publish	Test and inspect the package	2026-10-05T10:26:36.7259639Z ##[group]tests/rich-terminal-summary.test.ts:
publish	Test and inspect the package	2026-10-05T10:26:37.0493846Z (pass) card opens with the outcome, then a change-first account and compact verification [48.83ms]
publish	Test and inspect the package	2026-10-05T10:26:37.0510258Z (pass) chat hides verification by default; the archive retains the full table [1.79ms]
publish	Test and inspect the package	2026-10-05T10:26:37.0521759Z (pass) failed verification is archive-only unless explicitly requested [1.20ms]
publish	Test and inspect the package	2026-10-05T10:26:37.0529702Z (pass) REPORTED verification stays visible when explicitly requested — never upgraded to PASS [0.73ms]
publish	Test and inspect the package	2026-10-05T10:26:37.0541550Z (pass) commit hashes stay in the archive, while chat keeps explanations [1.22ms]
publish	Test and inspect the package	2026-10-05T10:26:37.0552178Z (pass) Next section carries the concrete action; stale self-reference still drops [1.02ms]
publish	Test and inspect the package	2026-10-05T10:26:37.0557749Z (pass) trailer contract holds: approval bullet, record pointer last [0.57ms]
publish	Test and inspect the package	2026-10-05T10:26:37.0569065Z (pass) change and next lines render uncapped [1.11ms]
publish	Test and inspect the package	2026-10-05T10:26:37.0576171Z (pass) no audit history means no Audit row, approval voice still closes [0.67ms]
publish	Test and inspect the package	2026-10-05T10:26:37.0583030Z (pass) archive section retains detailed findings and verification for complete, Aborted-headlined for aborted [0.67ms]
publish	Test and inspect the package	2026-10-05T10:26:37.0589119Z (pass) duration line rides under the headline; unknown facts stay absent [0.61ms]
publish	Test and inspect the package	2026-10-05T10:26:37.0595672Z (pass) fewer than four groups render as nested change subsections [0.58ms]
publish	Test and inspect the package	2026-10-05T10:26:37.0610739Z (pass) four or more groups render as an Area | Finding | Evidence table [1.49ms]
publish	Test and inspect the package	2026-10-05T10:26:37.0617601Z (pass) three groups stay nested — the table trigger is exactly four [0.65ms]
publish	Test and inspect the package	2026-10-05T10:26:37.0638643Z (pass) v0.38.55: render path respects the sanitize trust boundary [2.14ms]
publish	Test and inspect the package	2026-10-05T10:26:37.0640919Z (pass) extractEvidenceTokens moves tokens mechanically and never invents [0.23ms]
publish	Test and inspect the package	2026-10-05T10:26:37.0660214Z (pass) sanitizeFindingGroups bounds shape at the trust boundary [1.89ms]
publish	Test and inspect the package	2026-10-05T10:26:37.0663042Z (pass) v0.38.55: banner voices every audit outcome honestly [0.30ms]
publish	Test and inspect the package	2026-10-05T10:26:37.0666918Z (pass) v0.38.55: gate commands render a Command column; absent keeps 4 cols [0.36ms]
publish	Test and inspect the package	2026-10-05T10:26:37.0674774Z (pass) rich terminal projections remove ANSI, OSC, and control bytes from every field [0.69ms]
publish	Test and inspect the package	2026-10-05T10:26:37.1812923Z (pass) v0.38.55: final repository state closes the card when readable [113.67ms]
publish	Test and inspect the package	2026-10-05T10:26:37.1820038Z (pass) audit 2026-09-26: complete_goal accepts long free-prose values instead of refusing them [0.82ms]
publish	Test and inspect the package	2026-10-05T10:26:37.1825062Z (pass) v0.38.102 an inline enumeration renders as an indented list [0.52ms]
publish	Test and inspect the package	2026-10-05T10:26:37.1827522Z (pass) v0.38.102 a single (1) marker is prose, not a list, and is left intact [0.26ms]
publish	Test and inspect the package	2026-10-05T10:26:37.1830191Z (pass) v0.38.102 Next gets the same treatment as Remaining [0.26ms]
publish	Test and inspect the package	2026-10-05T10:26:37.1830793Z
publish	Test and inspect the package	2026-10-05T10:26:37.1831460Z ##[endgroup]
publish	Test and inspect the package	2026-10-05T10:26:37.1836403Z
publish	Test and inspect the package	2026-10-05T10:26:37.1837066Z ##[group]tests/provider-report-redaction-budget.test.ts:
publish	Test and inspect the package	2026-10-05T10:26:37.4649664Z (pass) v0.38.104 an auditor report survives sanitizing instead of being deleted [1.87ms]
publish	Test and inspect the package	2026-10-05T10:26:37.4674333Z (pass) v0.38.104 the required-fixes section is always recoverable [0.88ms]
publish	Test and inspect the package	2026-10-05T10:26:37.4675450Z (pass) v0.38.104 a genuine provider payload still redacts IN FULL [0.21ms]
publish	Test and inspect the package	2026-10-05T10:26:37.4676538Z (pass) v0.38.104 a payload-heavy blob redacts in full regardless of length [0.37ms]
publish	Test and inspect the package	2026-10-05T10:26:37.4677616Z (pass) v0.38.104 the budget is a real fraction with an absolute floor [0.05ms]
publish	Test and inspect the package	2026-10-05T10:26:37.5150304Z (pass) v0.38.104 a marked line is always redacted, even after the budget [48.51ms]
publish	Test and inspect the package	2026-10-05T10:26:37.5155145Z (pass) v0.38.104 a bare 5xx-shaped number is not a provider marker [0.62ms]
publish	Test and inspect the package	2026-10-05T10:26:37.5156367Z (pass) v0.38.104 a 5xx WITH http context still redacts [0.17ms]
publish	Test and inspect the package	2026-10-05T10:26:37.5156811Z
publish	Test and inspect the package	2026-10-05T10:26:37.5157291Z ##[endgroup]
publish	Test and inspect the package	2026-10-05T10:26:37.5161945Z
publish	Test and inspect the package	2026-10-05T10:26:37.5162696Z ##[group]tests/recovery-restore-after-restart.test.ts:
publish	Test and inspect the package	2026-10-05T10:26:38.9698154Z (pass) v0.34.63 — quit → blank startup → resume (new manager, same session id) restores the recovery probe [1174.99ms]
publish	Test and inspect the package	2026-10-05T10:26:38.9824610Z (pass) blank restart paints the durable list objective, recovery owner, and next action before transcript load [12.68ms]
publish	Test and inspect the package	2026-10-05T10:26:39.4899800Z (pass) v0.34.63 — a lifecycle start with a DIFFERENT session id stays refused while the barrier pends [507.54ms]
publish	Test and inspect the package	2026-10-05T10:26:39.4940081Z (pass) v0.34.63 — source guard: the barrier-completing resume gate is wired before the foreign-session return [4.09ms]
publish	Test and inspect the package	2026-10-05T10:26:39.4940805Z
publish	Test and inspect the package	2026-10-05T10:26:39.4941207Z ##[endgroup]
publish	Test and inspect the package	2026-10-05T10:26:39.4944230Z
publish	Test and inspect the package	2026-10-05T10:26:39.4944713Z ##[group]tests/settings-stale-save.test.ts:
publish	Test and inspect the package	2026-10-05T10:26:40.0040323Z (pass) C9: stale-probe refusal fails the save loudly — no false saved claim [231.09ms]
publish	Test and inspect the package	2026-10-05T10:26:40.1751346Z (pass) C9 control: healthy probe saves and reports normally [171.16ms]
publish	Test and inspect the package	2026-10-05T10:26:40.3610762Z (pass) settings save validates its own session after an overlapping editor [185.92ms]
publish	Test and inspect the package	2026-10-05T10:26:40.6368770Z (pass) similarity editor empty input restores the default; explicit zero stays zero [275.76ms]
publish	Test and inspect the package	2026-10-05T10:26:40.8050209Z (pass) auditor picker offers thinking for provider refs containing nested model ids [167.25ms]
publish	Test and inspect the package	2026-10-05T10:26:40.8050754Z
publish	Test and inspect the package	2026-10-05T10:26:40.8052017Z ##[endgroup]
publish	Test and inspect the package	2026-10-05T10:26:40.8053505Z
publish	Test and inspect the package	2026-10-05T10:26:40.8055241Z ##[group]tests/audit-glance-clarity.test.ts:
publish	Test and inspect the package	2026-10-05T10:26:41.1375792Z (pass) screenshot regression: live audit facts and user action fit before Pi's ten-row cut [53.15ms]
publish	Test and inspect the package	2026-10-05T10:26:41.1378527Z (pass) narrow footer starts with audit state and real freshness [0.44ms]
publish	Test and inspect the package	2026-10-05T10:26:41.1380041Z (pass) quiet, blocked, settlement and recovery do not claim no action is needed [1.69ms]
publish	Test and inspect the package	2026-10-05T10:26:41.1381615Z (pass) starting audit distinguishes waiting for first activity from recent activity [0.50ms]
publish	Test and inspect the package	2026-10-05T10:26:41.1383417Z (pass) current tool keeps elapsed time and timeout budget in the compact card [0.48ms]
publish	Test and inspect the package	2026-10-05T10:26:41.1394141Z (pass) Studio regression: a silent bounded tool retains its clock and explains the wait [1.51ms]
publish	Test and inspect the package	2026-10-05T10:26:41.1405552Z (pass) a tool past its deadline, a cancelled tool and skewed telemetry cannot claim a healthy wait [1.11ms]
publish	Test and inspect the package	2026-10-05T10:26:41.1409718Z
publish	Test and inspect the package	2026-10-05T10:26:41.1410649Z ##[endgroup]
publish	Test and inspect the package	2026-10-05T10:26:41.1411815Z
publish	Test and inspect the package	2026-10-05T10:26:41.1412450Z ##[group]tests/overcap-strategy.test.ts:
publish	Test and inspect the package	2026-10-05T10:26:41.4226265Z (pass) ladder skips the stale retry after a recent compact [0.59ms]
publish	Test and inspect the package	2026-10-05T10:26:41.8107855Z (pass) failed compact + configured chain rotates, no ladder [389.22ms]
publish	Test and inspect the package	2026-10-05T10:26:42.0729392Z (pass) failed compact + empty chain names rung 3, never claims a walk [262.07ms]
publish	Test and inspect the package	2026-10-05T10:26:42.0730031Z
publish	Test and inspect the package	2026-10-05T10:26:42.0730847Z ##[endgroup]
publish	Test and inspect the package	2026-10-05T10:26:42.0734917Z
publish	Test and inspect the package	2026-10-05T10:26:42.0735358Z ##[group]tests/hegemon-queue-unblock-evidence.test.ts:
publish	Test and inspect the package	2026-10-05T10:26:42.7622309Z (pass) REAL SHAPE: 12 empty head items block list activation exactly as in the hegemon ledger [417.29ms]
publish	Test and inspect the package	2026-10-05T10:26:43.0632078Z (pass) REAL SHAPE: the clean 31-item queue (empties removed) activates main-menu without any blocked event [300.79ms]
publish	Test and inspect the package	2026-10-05T10:26:43.0634171Z
publish	Test and inspect the package	2026-10-05T10:26:43.0634718Z ##[endgroup]
publish	Test and inspect the package	2026-10-05T10:26:43.0635078Z
publish	Test and inspect the package	2026-10-05T10:26:43.0635801Z ##[group]tests/repair-promotion-durability.test.ts:
publish	Test and inspect the package	2026-10-05T10:26:43.4056419Z (pass) a new repair item is durable at the head with target metadata in its first write [58.28ms]
publish	Test and inspect the package	2026-10-05T10:26:43.4125341Z (pass) list_activate hydrates a disk-only queue before resolving the requested position [6.91ms]
publish	Test and inspect the package	2026-10-05T10:26:43.4162013Z (pass) an equivalent repair already in the queue is promoted to the durable head [3.12ms]
publish	Test and inspect the package	2026-10-05T10:26:43.4162687Z
publish	Test and inspect the package	2026-10-05T10:26:43.4163145Z ##[endgroup]
publish	Test and inspect the package	2026-10-05T10:26:43.4163348Z
publish	Test and inspect the package	2026-10-05T10:26:43.4164079Z ##[group]tests/regression-shield.test.ts:
publish	Test and inspect the package	2026-10-05T10:26:43.6997905Z (pass) contractItems: strips the 'Done when:' marker line [0.33ms]
publish	Test and inspect the package	2026-10-05T10:26:43.7000227Z (pass) contractItems: handles inline single-line contracts [0.08ms]
publish	Test and inspect the package	2026-10-05T10:26:43.7002340Z (pass) contractItems: strips bullets and numbering [0.07ms]
publish	Test and inspect the package	2026-10-05T10:26:43.7004158Z (pass) contractItems: drops empty lines [0.05ms]
publish	Test and inspect the package	2026-10-05T10:26:43.7005610Z (pass) contractItems: skips wrapped prose preamble in list-shaped contracts [0.06ms]
publish	Test and inspect the package	2026-10-05T10:26:43.7007009Z (pass) contractItems: shapeless contracts keep every-line behavior [0.04ms]
publish	Test and inspect the package	2026-10-05T10:26:43.7008349Z (pass) contractItems: a Done-when criterion survives alongside bullets [0.12ms]
publish	Test and inspect the package	2026-10-05T10:26:43.7009278Z (pass) passes: preamble fragments are not required in evidence [0.37ms]
publish	Test and inspect the package	2026-10-05T10:26:43.7010017Z (pass) passes: evidence block present, all items referenced [0.16ms]
publish	Test and inspect the package	2026-10-05T10:26:43.7010685Z (pass) rejects: approval without an evidence block [0.13ms]
publish	Test and inspect the package	2026-10-05T10:26:43.7011335Z (pass) rejects: evidence block but an item is not addressed [0.11ms]
publish	Test and inspect the package	2026-10-05T10:26:43.7012007Z (pass) rejects: bamboozle-style empty evidence block [0.10ms]
publish	Test and inspect the package	2026-10-05T10:26:43.7012772Z (pass) rejects: contract prose outside evidence cannot satisfy the shield [0.15ms]
publish	Test and inspect the package	2026-10-05T10:26:43.7013926Z (pass) distinctive-token matching: references the item by a filename [0.10ms]
publish	Test and inspect the package	2026-10-05T10:26:43.7014930Z (pass) case-insensitive matching [0.09ms]
publish	Test and inspect the package	2026-10-05T10:26:43.7015862Z (pass) contractItems: excludes 'Out of scope' boundary lines [0.05ms]
publish	Test and inspect the package	2026-10-05T10:26:43.7017374Z (pass) compound tokens match via segments (left-cropped → left + cropped) [0.11ms]
publish	Test and inspect the package	2026-10-05T10:26:43.7018707Z (pass) prose punctuation glued to tokens does not break matching (file/element.) [0.13ms]
publish	Test and inspect the package	2026-10-05T10:26:43.7019940Z (pass) top-3 candidate matching tolerates contract-only vocabulary [0.09ms]
publish	Test and inspect the package	2026-10-05T10:26:43.7021179Z (pass) still rejects: bamboozle report that never touches the item's vocabulary [0.11ms]
publish	Test and inspect the package	2026-10-05T10:26:43.7500306Z (pass) CJK: a verbatim-quoted Chinese item passes (token is one CJK word, not delimiters) [49.36ms]
publish	Test and inspect the package	2026-10-05T10:26:43.7501731Z (pass) CJK: a quote that drops the trailing full-width colon still matches [0.27ms]
publish	Test and inspect the package	2026-10-05T10:26:43.7502905Z (pass) CJK: a Chinese line with no ASCII letters is one candidate token [0.08ms]
publish	Test and inspect the package	2026-10-05T10:26:43.7508361Z (pass) CJK: an English-only paraphrase of a Chinese item is still rejected (strict shield) [0.27ms]
publish	Test and inspect the package	2026-10-05T10:26:43.7509780Z (pass) CJK: mixed item matches on its ASCII token even when CJK words are not quoted [0.13ms]
publish	Test and inspect the package	2026-10-05T10:26:43.7511093Z (pass) ASCII behavior is unchanged: distinctive-token + compound matching still work [0.14ms]
publish	Test and inspect the package	2026-10-05T10:26:43.7512414Z (pass) contractItems: 'Done when ALL of the following are true:' preamble is dropped [0.10ms]
publish	Test and inspect the package	2026-10-05T10:26:43.7513827Z (pass) contractItems: preamble without trailing colon is also dropped [0.10ms]
publish	Test and inspect the package	2026-10-05T10:26:43.7515119Z (pass) shield passes a genuine approval that a preamble-only false positive used to block [0.11ms]
publish	Test and inspect the package	2026-10-05T10:26:44.0124041Z (pass) extractMechanicalCheckCommands: extracts backticked and raw shell commands [261.05ms]
publish	Test and inspect the package	2026-10-05T10:26:44.0547201Z (pass) extractMechanicalCheckCommands: skips commands under negation [42.35ms]
publish	Test and inspect the package	2026-10-05T10:26:44.0552718Z (pass) extractMechanicalCheckCommands: rejects never-exiting server commands [0.50ms]
publish	Test and inspect the package	2026-10-05T10:26:45.2141476Z (pass) v0.35.16: mechanical checks keep the TAIL of failed output and banner a timeout kill [1158.69ms]
publish	Test and inspect the package	2026-10-05T10:26:47.6015531Z (pass) mechanical checks stay async and kill descendant processes on timeout [2387.36ms]
publish	Test and inspect the package	2026-10-05T10:26:47.7656697Z (pass) mechanical checks stop a runaway process group before the wall timeout [164.04ms]
publish	Test and inspect the package	2026-10-05T10:26:47.8002779Z (pass) v0.35.18: resolveCanonicalRunnerCommand maps raw runners to their canonical package script [34.62ms]
publish	Test and inspect the package	2026-10-05T10:26:48.0993072Z (pass) v0.35.20: runMechanicalPreAuditChecks retries a transiently failing check exactly once, honestly bannered [299.02ms]
publish	Test and inspect the package	2026-10-05T10:26:48.1407826Z (pass) v0.38.23: mechanical checks resolve project-local node_modules/.bin (bare tsc ENOENT field fix) [41.54ms]
publish	Test and inspect the package	2026-10-05T10:26:48.1408613Z
publish	Test and inspect the package	2026-10-05T10:26:48.1409076Z ##[endgroup]
publish	Test and inspect the package	2026-10-05T10:26:48.1759602Z
publish	Test and inspect the package	2026-10-05T10:26:48.1760527Z ##[group]tests/resume-rekick.test.ts:
publish	Test and inspect the package	2026-10-05T10:26:48.5343934Z (pass) v0.34.3: /glla resume re-kicks an ACTIVE-but-idle goal instead of 'Nothing to resume' [0.61ms]
publish	Test and inspect the package	2026-10-05T10:26:48.5345878Z (pass) v0.34.3: /glla resume re-kicks an ACTIVE loop too [0.15ms]
publish	Test and inspect the package	2026-10-05T10:26:48.5347208Z (pass) v0.34.3: /goal resume (/list resume) re-kicks instead of silently returning [0.18ms]
publish	Test and inspect the package	2026-10-05T10:26:48.5348351Z (pass) v0.34.3: re-kicks are ledger-visible (resume_rekick) [0.16ms]
publish	Test and inspect the package	2026-10-05T10:26:48.5348872Z
publish	Test and inspect the package	2026-10-05T10:26:48.5349368Z ##[endgroup]
publish	Test and inspect the package	2026-10-05T10:26:48.5351440Z
publish	Test and inspect the package	2026-10-05T10:26:48.5352101Z ##[group]tests/compaction-live-verifier.test.mjs:
publish	Test and inspect the package	2026-10-05T10:26:48.8891484Z (pass) loads both local extension entrypoints and isolates Pi's agent directory [0.65ms]
publish	Test and inspect the package	2026-10-05T10:26:48.8892835Z (pass) accepts only ordered host compaction events plus persisted non-empty records [0.12ms]
publish	Test and inspect the package	2026-10-05T10:26:48.8894367Z (pass) exercises manual RPC compaction and both post-compaction continuations [0.18ms]
publish	Test and inspect the package	2026-10-05T10:26:48.8894967Z
publish	Test and inspect the package	2026-10-05T10:26:48.8895427Z ##[endgroup]
publish	Test and inspect the package	2026-10-05T10:26:48.8899727Z
publish	Test and inspect the package	2026-10-05T10:26:48.8900505Z ##[group]tests/zombie-resume.test.ts:
publish	Test and inspect the package	2026-10-05T10:26:49.5311120Z (pass) v0.35.25 #14: /loop resume honors the zero-stream abort park and preserves iteration/history [278.63ms]
publish	Test and inspect the package	2026-10-05T10:26:49.7353129Z (pass) v0.35.25 #14: control — a non-resumable stop reason is still refused [204.70ms]
publish	Test and inspect the package	2026-10-05T10:26:49.7354186Z
publish	Test and inspect the package	2026-10-05T10:26:49.7361141Z ##[endgroup]
publish	Test and inspect the package	2026-10-05T10:26:49.7769642Z
publish	Test and inspect the package	2026-10-05T10:26:49.7770703Z ##[group]tests/pitfall-registry.test.ts:
publish	Test and inspect the package	2026-10-05T10:26:50.1402944Z (pass) pitfall registry: absent file reads as absent [35.21ms]
publish	Test and inspect the package	2026-10-05T10:26:50.1407525Z (pass) pitfall registry: present file is returned bounded [0.61ms]
publish	Test and inspect the package	2026-10-05T10:26:50.1427121Z (pass) pitfall registry: brief rides the continuation prompt [1.94ms]
publish	Test and inspect the package	2026-10-05T10:26:50.1435787Z (pass) pitfall registry: no brief means no section [0.88ms]
publish	Test and inspect the package	2026-10-05T10:26:50.1436247Z
publish	Test and inspect the package	2026-10-05T10:26:50.1436711Z ##[endgroup]
publish	Test and inspect the package	2026-10-05T10:26:50.1440753Z
publish	Test and inspect the package	2026-10-05T10:26:50.1441414Z ##[group]tests/objection-pinning.test.ts:
publish	Test and inspect the package	2026-10-05T10:26:51.8669367Z (pass) v0.38.21 two disapproval rounds: R1 retired with its objections attached, prompt argues R2 only [1440.70ms]
publish	Test and inspect the package	2026-10-05T10:26:51.8673122Z (pass) v0.38.21 appendAuditVerdict: clean approval clears the pin, shield-clear counts, errors never touch flags [0.52ms]
publish	Test and inspect the package	2026-10-05T10:26:51.8674184Z
publish	Test and inspect the package	2026-10-05T10:26:51.8674658Z ##[endgroup]
publish	Test and inspect the package	2026-10-05T10:26:51.8678776Z
publish	Test and inspect the package	2026-10-05T10:26:51.8679503Z ##[group]tests/auditor-blank-until-resume.test.ts:
publish	Test and inspect the package	2026-10-05T10:26:52.2269429Z (pass) cold auditor gate hides only the report, not the durable objective UI [5.05ms]
publish	Test and inspect the package	2026-10-05T10:26:52.6752090Z (pass) cold restore shows the objective and sends nothing until explicit resume [448.30ms]
publish	Test and inspect the package	2026-10-05T10:26:52.8795224Z (pass) rejected stale /goal resume leaves the auditor surface suppressed [204.26ms]
publish	Test and inspect the package	2026-10-05T10:26:53.1217151Z (pass) explicit /goal resume releases the auditor surface for admitted main-model recovery [241.50ms]
publish	Test and inspect the package	2026-10-05T10:26:53.5006580Z (pass) configured auto-resume is continuation consent and restores auditor context [379.50ms]
publish	Test and inspect the package	2026-10-05T10:26:53.5007579Z
publish	Test and inspect the package	2026-10-05T10:26:53.5008303Z ##[endgroup]
publish	Test and inspect the package	2026-10-05T10:26:53.5011003Z
publish	Test and inspect the package	2026-10-05T10:26:53.5014118Z ##[group]tests/audit-history-copy.test.ts:
publish	Test and inspect the package	2026-10-05T10:26:53.8765248Z (pass) A9 premise: appendAuditVerdict mutates the passed history in place (array + entries) [38.07ms]
publish	Test and inspect the package	2026-10-05T10:26:53.8770757Z (pass) A9 (pin): both apply paths copy auditHistory before appendAuditVerdict can touch it [0.75ms]
publish	Test and inspect the package	2026-10-05T10:26:53.8771442Z
publish	Test and inspect the package	2026-10-05T10:26:53.8771906Z ##[endgroup]
publish	Test and inspect the package	2026-10-05T10:26:53.8775969Z
publish	Test and inspect the package	2026-10-05T10:26:53.8776618Z ##[group]tests/pause-message-content.test.ts:
publish	Test and inspect the package	2026-10-05T10:26:54.2591715Z (pass) audit-cap pause message guides INVESTIGATION (item 20) [39.50ms]
publish	Test and inspect the package	2026-10-05T10:26:54.2599979Z (pass) pause message no longer leads with 'summarize and ask' (item 19) [0.98ms]
publish	Test and inspect the package	2026-10-05T10:26:54.2600493Z
publish	Test and inspect the package	2026-10-05T10:26:54.2600914Z ##[endgroup]
publish	Test and inspect the package	2026-10-05T10:26:54.2604778Z
publish	Test and inspect the package	2026-10-05T10:26:54.2605494Z ##[group]tests/auditor-timeout-settings.test.ts:
publish	Test and inspect the package	2026-10-05T10:26:54.6229585Z (pass) v0.37.0: escalatedAuditorTimeout doubles per prior attempt and saturates at 4x base [0.50ms]
publish	Test and inspect the package	2026-10-05T10:26:54.6273385Z (pass) v0.37.0: auditor timeout settings clamp into bounds on load [4.52ms]
publish	Test and inspect the package	2026-10-05T10:26:54.6347433Z (pass) v0.37.0: /glla editor accepts plain-ms and s/m/h duration input for both keys [7.37ms]
publish	Test and inspect the package	2026-10-05T10:26:54.6358952Z (pass) v0.37.0: settings menu exposes both auditor timeout rows in the auditor section [1.15ms]
publish	Test and inspect the package	2026-10-05T10:26:55.0769514Z (pass) v0.37.0: dispatch env reaches the worker process so parent and worker budgets agree [440.90ms]
publish	Test and inspect the package	2026-10-05T10:26:55.0771182Z (pass) v0.37.0: progress signature counts streamed report bytes [0.33ms]
publish	Test and inspect the package	2026-10-05T10:26:55.0772776Z (pass) v0.37.0: an in-budget live tool exempts the audit card from the quiet phase [0.14ms]
publish	Test and inspect the package	2026-10-05T10:26:55.0793127Z (pass) v0.37.0: durable claims preserve the timeout escalation index across loads [2.05ms]
publish	Test and inspect the package	2026-10-05T10:26:55.0801117Z (pass) v0.38.3: auditJobRetentionMs clamps into [0, 7d] on load [0.80ms]
publish	Test and inspect the package	2026-10-05T10:26:55.0848137Z (pass) v0.38.3: /glla editor accepts duration input for auditJobRetentionMs (0 is legal) [4.65ms]
publish	Test and inspect the package	2026-10-05T10:26:55.0860063Z (pass) v0.38.3: settings menu exposes the audit job retention row in the auditor section [1.20ms]
publish	Test and inspect the package	2026-10-05T10:26:55.0860800Z
publish	Test and inspect the package	2026-10-05T10:26:55.0861493Z ##[endgroup]
publish	Test and inspect the package	2026-10-05T10:26:55.0866020Z
publish	Test and inspect the package	2026-10-05T10:26:55.0866724Z ##[group]tests/zombie-user-input-standdown.test.ts:
publish	Test and inspect the package	2026-10-05T10:26:55.3834962Z (pass) user-input wait set covers glla dialogs and structured-question tools [0.26ms]
publish	Test and inspect the package	2026-10-05T10:26:55.3835990Z (pass) execution/reads/subagent tools are NOT user-input waits [0.07ms]
publish	Test and inspect the package	2026-10-05T10:26:55.3837194Z (pass) zombie branch stands down on human-input waits with its own ledger event [0.29ms]
publish	Test and inspect the package	2026-10-05T10:26:55.3838508Z (pass) stand-down ledger is latched per silent episode, not per tick [0.36ms]
publish	Test and inspect the package	2026-10-05T10:26:55.3839610Z (pass) the abort path is untouched when NO human-input tool is in flight [0.15ms]
publish	Test and inspect the package	2026-10-05T10:26:55.3840171Z
publish	Test and inspect the package	2026-10-05T10:26:55.3840629Z ##[endgroup]
publish	Test and inspect the package	2026-10-05T10:26:55.3840817Z
publish	Test and inspect the package	2026-10-05T10:26:55.3841219Z ##[group]tests/adaptive-wait.test.mjs:
publish	Test and inspect the package	2026-10-05T10:26:55.7476454Z (pass) estimateDurationFromHistory uses median with headroom and fallback bounds [0.59ms]
publish	Test and inspect the package	2026-10-05T10:26:55.7478154Z (pass) nextPollMs doubles each attempt capped at 1s [0.15ms]
publish	Test and inspect the package	2026-10-05T10:26:55.7479989Z (pass) waitForDurableEvent works with adaptive poll intervals [0.50ms]
publish	Test and inspect the package	2026-10-05T10:26:55.7491267Z (pass) smoke wait_for uses adaptive polling (check-if-done, 250->1000) [1.06ms]
publish	Test and inspect the package	2026-10-05T10:26:55.7491858Z
publish	Test and inspect the package	2026-10-05T10:26:55.7492364Z ##[endgroup]
publish	Test and inspect the package	2026-10-05T10:26:55.7496115Z
publish	Test and inspect the package	2026-10-05T10:26:55.7497303Z ##[group]tests/auditor-quota-identical.test.ts:
publish	Test and inspect the package	2026-10-05T10:26:56.1206994Z (pass) rate-limit and plan-quota walls are exempt from the identical park [0.32ms]
publish	Test and inspect the package	2026-10-05T10:26:56.1208733Z (pass) billing walls keep the park — retries cannot fix a paywall [0.07ms]
publish	Test and inspect the package	2026-10-05T10:26:56.1209686Z (pass) non-quota infra failures keep the identical park [0.06ms]
publish	Test and inspect the package	2026-10-05T10:26:56.1210715Z (pass) freshAuditorCycleClaim reseeds the dead chain and restarts the streak [0.27ms]
publish	Test and inspect the package	2026-10-05T10:26:56.1211259Z
publish	Test and inspect the package	2026-10-05T10:26:56.1211638Z ##[endgroup]
publish	Test and inspect the package	2026-10-05T10:26:56.1213281Z
publish	Test and inspect the package	2026-10-05T10:26:56.1213837Z ##[group]tests/defer-durable-ordering.test.ts:
publish	Test and inspect the package	2026-10-05T10:26:56.4973061Z (pass) defer vs durable — semantic recommendation ordering > v0.38.71: imperative fix verbs do not double against the plaque verb (field UI-SURVEY-2026-09-20) [0.50ms]
publish	Test and inspect the package	2026-10-05T10:26:56.4977276Z (pass) defer vs durable — semantic recommendation ordering > three defer recommendations still select the safe durable action first [0.22ms]
publish	Test and inspect the package	2026-10-05T10:26:56.4979146Z (pass) defer vs durable — semantic recommendation ordering > only an explicit blocked fact selects the reversible defer plaque [0.09ms]
publish	Test and inspect the package	2026-10-05T10:26:56.4981590Z (pass) defer vs durable — semantic recommendation ordering > the policy is generated from the same semantic three-defer path [0.17ms]
publish	Test and inspect the package	2026-10-05T10:26:56.4982672Z
publish	Test and inspect the package	2026-10-05T10:26:56.4983242Z ##[endgroup]
publish	Test and inspect the package	2026-10-05T10:26:56.4983467Z
publish	Test and inspect the package	2026-10-05T10:26:56.4984217Z ##[group]tests/settlement-boundary-faults.test.ts:
publish	Test and inspect the package	2026-10-05T10:26:56.8683490Z (pass) typed settlement refuses success before its intent can be persisted [7.43ms]
publish	Test and inspect the package	2026-10-05T10:26:56.8764940Z (pass) failed receipt transfer retains the terminal obligation across live-slot cleanup [8.17ms]
publish	Test and inspect the package	2026-10-05T10:26:56.8844702Z (pass) unreadable old outbox retains new archive intent until both summaries can be queued [7.95ms]
publish	Test and inspect the package	2026-10-05T10:26:56.8845305Z
publish	Test and inspect the package	2026-10-05T10:26:56.8845636Z ##[endgroup]
publish	Test and inspect the package	2026-10-05T10:26:56.8848444Z
publish	Test and inspect the package	2026-10-05T10:26:56.8849209Z ##[group]tests/task-list-persistence.test.ts:
publish	Test and inspect the package	2026-10-05T10:26:57.2285871Z (pass) normal task-list proposal reports failure and stores no task list [57.81ms]
publish	Test and inspect the package	2026-10-05T10:26:57.2321168Z (pass) repair proposal preserves the source sidecar and queue when the task list cannot persist [3.65ms]
publish	Test and inspect the package	2026-10-05T10:26:57.2321744Z
publish	Test and inspect the package	2026-10-05T10:26:57.2322085Z ##[endgroup]
publish	Test and inspect the package	2026-10-05T10:26:57.2324382Z
publish	Test and inspect the package	2026-10-05T10:26:57.2324805Z ##[group]tests/transient-retry-cadence.test.ts:
publish	Test and inspect the package	2026-10-05T10:26:57.5327776Z (pass) transient weather hammers: 10 eager probes through the real classifier [1.21ms]
publish	Test and inspect the package	2026-10-05T10:26:57.5331667Z (pass) post-eager transient ladder: 1m base doubling to the 30m cap [0.42ms]
publish	Test and inspect the package	2026-10-05T10:26:57.5333853Z (pass) walls keep the historical ladder; a reset hint outranks the eager window [0.32ms]
publish	Test and inspect the package	2026-10-05T10:26:57.5335333Z (pass) v0.38.104: unclassified errors fail open to eager [0.25ms]
publish	Test and inspect the package	2026-10-05T10:26:57.5336508Z (pass) recovery probes use the kind-aware delay (the 300m park) [0.16ms]
publish	Test and inspect the package	2026-10-05T10:26:57.5338009Z (pass) describeSubagentTerminal: transient text is eager, walls and aborts are not [0.71ms]
publish	Test and inspect the package	2026-10-05T10:26:57.5339351Z (pass) subagentTerminalAlreadyRecorded: the nudge fires once per run [0.27ms]
publish	Test and inspect the package	2026-10-05T10:26:57.5340763Z (pass) audit: terminal precedence holds in every event order [0.32ms]
publish	Test and inspect the package	2026-10-05T10:26:57.5825634Z (pass) wiring: the process-terminal handler ledger-nudges eager child failures [48.94ms]
publish	Test and inspect the package	2026-10-05T10:26:57.5827851Z (pass) wiring: recovery probes route through the kind-aware delay [0.36ms]
publish	Test and inspect the package	2026-10-05T10:26:57.5828482Z
publish	Test and inspect the package	2026-10-05T10:26:57.5828877Z ##[endgroup]
publish	Test and inspect the package	2026-10-05T10:26:57.5832346Z
publish	Test and inspect the package	2026-10-05T10:26:57.5832977Z ##[group]tests/quota-horizon-exemption.test.ts:
publish	Test and inspect the package	2026-10-05T10:26:57.9363138Z (pass) quota wait survives the horizon instead of parking [50.45ms]
publish	Test and inspect the package	2026-10-05T10:26:57.9375537Z (pass) billing and non-quota failures still park at the horizon [1.42ms]
publish	Test and inspect the package	2026-10-05T10:26:57.9377219Z (pass) deterministic classifier: 400 markers hold, everything else passes through [0.11ms]
publish	Test and inspect the package	2026-10-05T10:26:57.9386273Z (pass) deterministic 400 holds even aggressive and fresh — identical retries cannot succeed [0.86ms]
publish	Test and inspect the package	2026-10-05T10:26:57.9388575Z (pass) deterministic hold names the fix directions [0.38ms]
publish	Test and inspect the package	2026-10-05T10:26:57.9396067Z (pass) transient wall still schedules under aggressive (control) [0.71ms]
publish	Test and inspect the package	2026-10-05T10:26:57.9397123Z
publish	Test and inspect the package	2026-10-05T10:26:57.9397832Z ##[endgroup]
publish	Test and inspect the package	2026-10-05T10:26:57.9401593Z
publish	Test and inspect the package	2026-10-05T10:26:57.9402198Z ##[group]tests/refine-spec-rebaseline.test.ts:
publish	Test and inspect the package	2026-10-05T10:26:58.3080586Z REFINE RESULT: Refinement confirmed and applied. Continue improving against the NEW spec — one small change per turn.
publish	Test and inspect the package	2026-10-05T10:26:58.3084107Z (pass) v0.35.43: a confirmed respec with newly checked boxes re-baselines specChecked — no unearned progress [73.94ms]
publish	Test and inspect the package	2026-10-05T10:26:58.3183993Z (pass) v0.35.x: recoverable bound-stopped loops accept a confirmed refinement without auto-starting [9.34ms]
publish	Test and inspect the package	2026-10-05T10:26:58.3185237Z
publish	Test and inspect the package	2026-10-05T10:26:58.3186284Z ##[endgroup]
publish	Test and inspect the package	2026-10-05T10:26:58.3186861Z
publish	Test and inspect the package	2026-10-05T10:26:58.3187544Z ##[group]tests/provider-retry-relentless.test.ts:
publish	Test and inspect the package	2026-10-05T10:26:58.6105423Z (pass) 200751: agent pause inside the brake episode does not kill the retry [0.27ms]
publish	Test and inspect the package	2026-10-05T10:26:58.6115427Z (pass) untouched brake pause still resumes [0.04ms]
publish	Test and inspect the package	2026-10-05T10:26:58.6116666Z (pass) untouched 6-brake park still probes [0.04ms]
publish	Test and inspect the package	2026-10-05T10:26:58.6117475Z (pass) explicit user pause stands the retry down [0.05ms]
publish	Test and inspect the package	2026-10-05T10:26:58.6117996Z (pass) pending decision picker stands the retry down [0.05ms]
publish	Test and inspect the package	2026-10-05T10:26:58.6118438Z (pass) active goal never resumes [0.04ms]
publish	Test and inspect the package	2026-10-05T10:26:58.6119065Z (pass) episode mismatch never resumes [0.03ms]
publish	Test and inspect the package	2026-10-05T10:26:58.6119733Z (pass) missing episode never resumes [0.10ms]
publish	Test and inspect the package	2026-10-05T10:26:58.6120086Z
publish	Test and inspect the package	2026-10-05T10:26:58.6120545Z ##[endgroup]
publish	Test and inspect the package	2026-10-05T10:26:58.6120730Z
publish	Test and inspect the package	2026-10-05T10:26:58.6121179Z ##[group]tests/terminal-completion-notice.test.ts:
publish	Test and inspect the package	2026-10-05T10:26:58.9702435Z (pass) v0.38.18 terminal notice: the done brief lands in the conversation exactly once [68.27ms]
publish	Test and inspect the package	2026-10-05T10:26:58.9705200Z (pass) v0.38.18 source: the detached-approval branch closes the transcript [0.31ms]
publish	Test and inspect the package	2026-10-05T10:26:58.9798910Z (pass) audit-2026-09-06: a stale-generation notice never fires into the successor session [9.26ms]
publish	Test and inspect the package	2026-10-05T10:26:58.9799801Z
publish	Test and inspect the package	2026-10-05T10:26:58.9800753Z ##[endgroup]
publish	Test and inspect the package	2026-10-05T10:26:58.9801742Z
publish	Test and inspect the package	2026-10-05T10:26:58.9802469Z ##[group]tests/auditor-thinking-display.test.ts:
publish	Test and inspect the package	2026-10-05T10:26:59.3288417Z (pass) headless /glla shows the effective auditor thinking level with its why [68.00ms]
publish	Test and inspect the package	2026-10-05T10:26:59.3646821Z (pass) headless /glla honors an explicit thinking setting and unknown models [33.40ms]
publish	Test and inspect the package	2026-10-05T10:26:59.3648078Z
publish	Test and inspect the package	2026-10-05T10:26:59.3648833Z ##[endgroup]
publish	Test and inspect the package	2026-10-05T10:26:59.3649065Z
publish	Test and inspect the package	2026-10-05T10:26:59.3649532Z ##[group]tests/auditor-screenshot-disapproval.test.ts:
publish	Test and inspect the package	2026-10-05T10:26:59.5130974Z [run-tests] progress: 540s elapsed · 0s since last output · 308 KiB of suite output
publish	Test and inspect the package	2026-10-05T10:26:59.6489745Z (pass) screenshot-shaped non-literal Done when contract proof stays an actionable disapproval [0.90ms]
publish	Test and inspect the package	2026-10-05T10:26:59.6491458Z (pass) screenshot-shaped inverted title/score hierarchy stays an actionable disapproval [0.24ms]
publish	Test and inspect the package	2026-10-05T10:26:59.6492223Z
publish	Test and inspect the package	2026-10-05T10:26:59.6492741Z ##[endgroup]
publish	Test and inspect the package	2026-10-05T10:26:59.6492974Z
publish	Test and inspect the package	2026-10-05T10:26:59.6493774Z ##[group]tests/pause-anti-confabulation.test.ts:
publish	Test and inspect the package	2026-10-05T10:26:59.9564624Z (pass) claimed-missing matches absence language only [1.26ms]
publish	Test and inspect the package	2026-10-05T10:27:00.4097373Z (pass) pause claiming a missing tool is refused with a correction, goal stays active [453.20ms]
publish	Test and inspect the package	2026-10-05T10:27:00.8831988Z (pass) pause quoting pi's own not-found error is accepted as a genuine outage [470.48ms]
publish	Test and inspect the package	2026-10-05T10:27:01.3238017Z (pass) ordinary pauses are untouched by the guard [443.96ms]
publish	Test and inspect the package	2026-10-05T10:27:01.3239319Z
publish	Test and inspect the package	2026-10-05T10:27:01.3240126Z ##[endgroup]
publish	Test and inspect the package	2026-10-05T10:27:01.3242042Z
publish	Test and inspect the package	2026-10-05T10:27:01.3242696Z ##[group]tests/list-stall-reproduction.test.ts:
publish	Test and inspect the package	2026-10-05T10:27:02.0411386Z (pass) completed standalone goal automatically hands off to the waiting list [424.61ms]
publish	Test and inspect the package	2026-10-05T10:27:02.2553165Z (pass) /glla resume starts a waiting-only list instead of reporting nothing [214.14ms]
publish	Test and inspect the package	2026-10-05T10:27:02.6542329Z (pass) list-sourced completion promotes the successor and records the settle transition [398.88ms]
publish	Test and inspect the package	2026-10-05T10:27:02.6566459Z
publish	Test and inspect the package	2026-10-05T10:27:02.6567374Z ##[endgroup]
publish	Test and inspect the package	2026-10-05T10:27:02.6579830Z
publish	Test and inspect the package	2026-10-05T10:27:02.6580291Z ##[group]tests/vision-assist.test.ts:
publish	Test and inspect the package	2026-10-05T10:27:02.9883980Z (pass) VISION_ASSIST_GUIDANCE prefers native vision without assuming MMX [0.64ms]
publish	Test and inspect the package	2026-10-05T10:27:02.9884874Z (pass) docs/VISION-ASSIST.md documents native-first guidance and the preapproval gate [0.29ms]
publish	Test and inspect the package	2026-10-05T10:27:03.0455102Z (pass) visionDescribeCommand builds the exact mmx call [57.40ms]
publish	Test and inspect the package	2026-10-05T10:27:03.0456324Z (pass) routeVisionCheck: a forbidden target stays on the current model [0.14ms]
publish	Test and inspect the package	2026-10-05T10:27:03.0457592Z (pass) routeVisionCheck: confirmed MMX is an optional external fallback [0.13ms]
publish	Test and inspect the package	2026-10-05T10:27:03.0458986Z (pass) routeVisionCheck: native vision is the default and no external tool is assumed [0.07ms]
publish	Test and inspect the package	2026-10-05T10:27:03.0460320Z (pass) routeVisionCheck: known unavailable native vision fails closed [0.14ms]
publish	Test and inspect the package	2026-10-05T10:27:03.0461458Z (pass) routeVisionCheck: model switch requires explicit opt-in [0.09ms]
publish	Test and inspect the package	2026-10-05T10:27:03.0463073Z (pass) isForbiddenModel: v0.34.115 default is empty — no model is forbidden by default [0.12ms]
publish	Test and inspect the package	2026-10-05T10:27:03.0464600Z (pass) visionAssistLedger builds a native-model audit payload [0.11ms]
publish	Test and inspect the package	2026-10-05T10:27:03.2695641Z (pass) continuation prompts carry native-first VISION-ASSIST guidance by default [223.09ms]
publish	Test and inspect the package	2026-10-05T10:27:03.4593338Z (pass) visionAssist off → the directive is dropped from continuation prompts (gate still ships) [189.77ms]
publish	Test and inspect the package	2026-10-05T10:27:03.4620135Z (pass) a forbidden switch at runtime records the vision_assist routing entry [2.80ms]
publish	Test and inspect the package	2026-10-05T10:27:03.4636184Z (pass) visionAssist off → the forbidden switch records no vision_assist entry (gate still fires) [1.48ms]
publish	Test and inspect the package	2026-10-05T10:27:03.4636971Z
publish	Test and inspect the package	2026-10-05T10:27:03.4637570Z ##[endgroup]
publish	Test and inspect the package	2026-10-05T10:27:03.4640696Z
publish	Test and inspect the package	2026-10-05T10:27:03.4641398Z ##[group]tests/mid-objective-park-refusal.test.ts:
publish	Test and inspect the package	2026-10-05T10:27:03.9485274Z (pass) 200751-shape: blocked self-park while the brake retry is armed is refused, goal stays active [197.64ms]
publish	Test and inspect the package	2026-10-05T10:27:04.2337183Z (pass) kind error and kind-unset parks are refused while armed [286.49ms]
publish	Test and inspect the package	2026-10-05T10:27:04.3945277Z (pass) decision picker while armed is still allowed (user deliberating) [162.34ms]
publish	Test and inspect the package	2026-10-05T10:27:04.8875165Z (pass) time-gated wait while armed is still allowed (bounded by the clamp) [492.56ms]
publish	Test and inspect the package	2026-10-05T10:27:05.0739991Z (pass) blocked park with no armed recovery is still allowed (genuine blocker) [186.60ms]
publish	Test and inspect the package	2026-10-05T10:27:05.0740950Z
publish	Test and inspect the package	2026-10-05T10:27:05.0741901Z ##[endgroup]
publish	Test and inspect the package	2026-10-05T10:27:05.0744037Z
publish	Test and inspect the package	2026-10-05T10:27:05.0745036Z ##[group]tests/paused-owner-honesty.test.ts:
publish	Test and inspect the package	2026-10-05T10:27:05.4507704Z (pass) stale recovery remnant does not own a blocked pause [38.87ms]
publish	Test and inspect the package	2026-10-05T10:27:05.4510120Z (pass) live recovery timer still owns a blocked pause [0.38ms]
publish	Test and inspect the package	2026-10-05T10:27:05.4510953Z
publish	Test and inspect the package	2026-10-05T10:27:05.4511741Z ##[endgroup]
publish	Test and inspect the package	2026-10-05T10:27:05.4514689Z
publish	Test and inspect the package	2026-10-05T10:27:05.4515507Z ##[group]tests/blocked-pause-autoclear.test.ts:
publish	Test and inspect the package	2026-10-05T10:27:06.9218416Z (pass) v0.34.64 — blocked pause owned by recovery auto-clears when the probe succeeds [1168.35ms]
publish	Test and inspect the package	2026-10-05T10:27:08.0422237Z (pass) v0.34.64 — blocked pause with a NON-recovery reason stays blocked [1119.55ms]
publish	Test and inspect the package	2026-10-05T10:27:09.1477763Z (pass) v0.34.64 — wait pause owned by recovery still auto-clears [1106.27ms]
publish	Test and inspect the package	2026-10-05T10:27:09.1480406Z (pass) v0.34.64 — source guard: only main-model recovery owns the auto-clear [0.53ms]
publish	Test and inspect the package	2026-10-05T10:27:09.1480991Z
publish	Test and inspect the package	2026-10-05T10:27:09.1481408Z ##[endgroup]
publish	Test and inspect the package	2026-10-05T10:27:09.1485114Z
publish	Test and inspect the package	2026-10-05T10:27:09.1485844Z ##[group]tests/contained-child-platform.test.ts:
publish	Test and inspect the package	2026-10-05T10:27:10.6309809Z (pass) real linux cleanup stops a live owned Node tree and inherited pipes [1112.80ms]
publish	Test and inspect the package	2026-10-05T10:27:10.6310508Z
publish	Test and inspect the package	2026-10-05T10:27:10.6310979Z ##[endgroup]
publish	Test and inspect the package	2026-10-05T10:27:10.6313907Z
publish	Test and inspect the package	2026-10-05T10:27:10.6314466Z ##[group]tests/audit-change-scope.test.ts:
publish	Test and inspect the package	2026-10-05T10:27:11.0050279Z (pass) change-scope: extractor reads file_path/path and drops everything else [0.59ms]
publish	Test and inspect the package	2026-10-05T10:27:11.0054153Z (pass) change-scope: recorder keeps first-seen order, dedupes, and counts overflow [0.53ms]
publish	Test and inspect the package	2026-10-05T10:27:11.1097258Z (pass) change-scope: write tool calls record their paths on the active goal [103.37ms]
publish	Test and inspect the package	2026-10-05T10:27:11.6416508Z (pass) change-scope: reads, bash, junk, and inactive goals record nothing [531.74ms]
publish	Test and inspect the package	2026-10-05T10:27:11.7156897Z (pass) change-scope: the audit brief names the recorded paths first [74.73ms]
publish	Test and inspect the package	2026-10-05T10:27:11.7168011Z (pass) change-scope: the brief reports overflow and escapes paths as data [1.52ms]
publish	Test and inspect the package	2026-10-05T10:27:11.7175014Z (pass) change-scope: no recorded paths keeps the previous brief shape [0.30ms]
publish	Test and inspect the package	2026-10-05T10:27:11.7178898Z (pass) change-scope: the fallback summary names recorded paths, bounded [0.70ms]
publish	Test and inspect the package	2026-10-05T10:27:11.7187281Z (pass) change-scope: the audit brief caps the prompt list at 20 with an omission line [0.43ms]
publish	Test and inspect the package	2026-10-05T10:27:11.7188163Z
publish	Test and inspect the package	2026-10-05T10:27:11.7188816Z ##[endgroup]
publish	Test and inspect the package	2026-10-05T10:27:11.7193467Z
publish	Test and inspect the package	2026-10-05T10:27:11.7194506Z ##[group]tests/loops/goal.test.ts:
publish	Test and inspect the package	2026-10-05T10:27:12.5567633Z (pass) v0.34.57: a compaction inside the watchdog window pauses the watchdog instead of firing the unacknowledged warning [537.85ms]
publish	Test and inspect the package	2026-10-05T10:27:12.9266084Z (pass) v0.34.57: compaction rearm cap goes directly to unacknowledged without a retry [365.32ms]
publish	Test and inspect the package	2026-10-05T10:27:13.3132311Z (pass) v0.34.124: a recovery resume inside the watchdog window pauses the watchdog instead of firing the unacknowledged warning [388.80ms]
publish	Test and inspect the package	2026-10-05T10:27:13.3134426Z (pass) v0.34.124: recovery rearm counters clear when the dispatch watchdog settles [0.58ms]
publish	Test and inspect the package	2026-10-05T10:27:13.9602644Z (pass) v0.34.124: a recovery resume OUTSIDE the grace window does not pause the watchdog [648.69ms]
publish	Test and inspect the package	2026-10-05T10:27:14.6720636Z (pass) v0.34.57: a genuine stall (no compaction in the window) still fires the unacknowledged warning [711.79ms]
publish	Test and inspect the package	2026-10-05T10:27:14.6721309Z
publish	Test and inspect the package	2026-10-05T10:27:14.6721687Z ##[endgroup]
publish	Test and inspect the package	2026-10-05T10:27:14.6721848Z
publish	Test and inspect the package	2026-10-05T10:27:14.6721973Z 1 tests skipped:
publish	Test and inspect the package	2026-10-05T10:27:14.6722590Z (skip) commit survives the auto-committer daemon (item 32, env-gated watched repo)
publish	Test and inspect the package	2026-10-05T10:27:14.6723049Z
publish	Test and inspect the package	2026-10-05T10:27:14.6723161Z  3232 pass
publish	Test and inspect the package	2026-10-05T10:27:14.6723424Z  1 skip
publish	Test and inspect the package	2026-10-05T10:27:14.6724094Z  0 fail
publish	Test and inspect the package	2026-10-05T10:27:14.6724458Z Ran 3233 tests across 349 files. [555.17s]
publish	Test and inspect the package	2026-10-05T10:27:15.0815492Z [run-tests] finished in 556s (exit 0)
publish	Test and inspect the package	2026-10-05T10:27:35.2354821Z TAP version 13
publish	Test and inspect the package	2026-10-05T10:27:35.2385243Z # Subtest: jiti: /list audit enqueues, persists the item, and ACTIVATES (state binding not split)
publish	Test and inspect the package	2026-10-05T10:27:35.2387208Z ok 1 - jiti: /list audit enqueues, persists the item, and ACTIVATES (state binding not split)
publish	Test and inspect the package	2026-10-05T10:27:35.2414286Z   ---
publish	Test and inspect the package	2026-10-05T10:27:35.2431230Z   duration_ms: 6844.439838
publish	Test and inspect the package	2026-10-05T10:27:35.2431880Z   type: 'test'
publish	Test and inspect the package	2026-10-05T10:27:35.2432396Z   ...
publish	Test and inspect the package	2026-10-05T10:27:35.6682197Z 1..1
publish	Test and inspect the package	2026-10-05T10:27:35.6682490Z # tests 1
publish	Test and inspect the package	2026-10-05T10:27:35.6683341Z # suites 0
publish	Test and inspect the package	2026-10-05T10:27:35.6686518Z # pass 1
publish	Test and inspect the package	2026-10-05T10:27:35.6687067Z # fail 0
publish	Test and inspect the package	2026-10-05T10:27:35.6689223Z # cancelled 0
publish	Test and inspect the package	2026-10-05T10:27:35.6689764Z # skipped 0
publish	Test and inspect the package	2026-10-05T10:27:35.6690218Z # todo 0
publish	Test and inspect the package	2026-10-05T10:27:35.6690775Z # duration_ms 7285.779068
publish	Test and inspect the package	2026-10-05T10:27:35.7909333Z npm warn Unknown user config "always-auth". This will stop working in the next major version of npm. See `npm help npmrc` for supported config options.
publish	Test and inspect the package	2026-10-05T10:27:35.8049375Z
publish	Test and inspect the package	2026-10-05T10:27:35.8050049Z > pi-goal-list-loop-audit@0.39.4 test:auditor-extensions
publish	Test and inspect the package	2026-10-05T10:27:35.8050739Z > node scripts/verify-auditor-extensions-offline.mjs
publish	Test and inspect the package	2026-10-05T10:27:35.8051421Z
publish	Test and inspect the package	2026-10-05T10:27:36.1536046Z OK: -e <resolved-path> registered 1 glla-auditor-fixture models offline (PI_OFFLINE=1)
publish	Test and inspect the package	2026-10-05T10:27:36.1539738Z OK: no temporary extension install directory created
publish	Test and inspect the package	2026-10-05T10:27:36.1542355Z VERIFIED offline auditor extension loading via resolved path: /home/runner/work/pi-goal-list-loop-audit/pi-goal-list-loop-audit/scripts/auditor-extension-fixture.mjs
publish	Test and inspect the package	2026-10-05T10:27:36.2540764Z npm warn Unknown user config "always-auth". This will stop working in the next major version of npm. See `npm help npmrc` for supported config options.
publish	Test and inspect the package	2026-10-05T10:27:36.2685257Z
publish	Test and inspect the package	2026-10-05T10:27:36.2686099Z > pi-goal-list-loop-audit@0.39.4 check:inventory
publish	Test and inspect the package	2026-10-05T10:27:36.2686928Z > node scripts/generate-inventory.mjs --check
publish	Test and inspect the package	2026-10-05T10:27:36.2687324Z
publish	Test and inspect the package	2026-10-05T10:27:37.6455614Z npm warn Unknown user config "always-auth". This will stop working in the next major version of npm. See `npm help npmrc` for supported config options.
publish	Test and inspect the package	2026-10-05T10:27:38.1486698Z npm notice
publish	Test and inspect the package	2026-10-05T10:27:38.1490379Z npm notice 📦  pi-goal-list-loop-audit@0.39.4
publish	Test and inspect the package	2026-10-05T10:27:38.1491096Z npm notice Tarball Contents
publish	Test and inspect the package	2026-10-05T10:27:38.1517045Z npm notice 636.4kB CHANGELOG.md
publish	Test and inspect the package	2026-10-05T10:27:38.1517799Z npm notice 11.0kB INSTALL.md
publish	Test and inspect the package	2026-10-05T10:27:38.1518381Z npm notice 34.6kB LICENSE
publish	Test and inspect the package	2026-10-05T10:27:38.1518790Z npm notice 5.0kB LIST-PHILOSOPHY.md
publish	Test and inspect the package	2026-10-05T10:27:38.1519475Z npm notice 20.1kB PLAN.md
publish	Test and inspect the package	2026-10-05T10:27:38.1520198Z npm notice 29.0kB README.md
publish	Test and inspect the package	2026-10-05T10:27:38.1520972Z npm notice 5.8kB docs/ARCHITECTURE.md
publish	Test and inspect the package	2026-10-05T10:27:38.1521750Z npm notice 4.0kB docs/COMPATIBILITY.md
publish	Test and inspect the package	2026-10-05T10:27:38.1522683Z npm notice 8.8kB docs/DESIGN-long-running-supervision.md
publish	Test and inspect the package	2026-10-05T10:27:38.1524043Z npm notice 5.5kB docs/DESIGN-subagent-visibility.md
publish	Test and inspect the package	2026-10-05T10:27:38.1524906Z npm notice 49.5kB docs/DESIGN.md
publish	Test and inspect the package	2026-10-05T10:27:38.1525939Z npm notice 12.8kB docs/GLLA-POSITIONING-AND-DECOMPOSITION-2026-08-08.md
publish	Test and inspect the package	2026-10-05T10:27:38.1526901Z npm notice 5.4kB docs/INDEX.md
publish	Test and inspect the package	2026-10-05T10:27:38.1527712Z npm notice 5.0kB docs/OWNERSHIP-AND-SETTLEMENT.md
publish	Test and inspect the package	2026-10-05T10:27:38.1528590Z npm notice 4.9kB docs/PROMOTION-CONTRACT.md
publish	Test and inspect the package	2026-10-05T10:27:38.1529331Z npm notice 3.2kB docs/RELEASING.md
publish	Test and inspect the package	2026-10-05T10:27:38.1530087Z npm notice 3.7kB docs/RELIABILITY-AND-MEASUREMENT.md
publish	Test and inspect the package	2026-10-05T10:27:38.1530774Z npm notice 1.9kB docs/RUNTIME-INVENTORY.md
publish	Test and inspect the package	2026-10-05T10:27:38.1531409Z npm notice 12.6kB docs/SETTINGS.md
publish	Test and inspect the package	2026-10-05T10:27:38.1531968Z npm notice 3.6kB docs/VISION-ASSIST.md
publish	Test and inspect the package	2026-10-05T10:27:38.1532596Z npm notice 5.0kB examples/example-objective.md
publish	Test and inspect the package	2026-10-05T10:27:38.1533282Z npm notice 10.0kB extensions/action-reminder.ts
publish	Test and inspect the package	2026-10-05T10:27:38.1534321Z npm notice 9.9kB extensions/approval-render-store.ts
publish	Test and inspect the package	2026-10-05T10:27:38.1535053Z npm notice 20.8kB extensions/audit-lifecycle.ts
publish	Test and inspect the package	2026-10-05T10:27:38.1535762Z npm notice 17.8kB extensions/auditor-extensions.ts
publish	Test and inspect the package	2026-10-05T10:27:38.1536176Z npm notice 904B extensions/auditor-thinking.ts
publish	Test and inspect the package	2026-10-05T10:27:38.1536605Z npm notice 2.8kB extensions/compaction-failure.ts
publish	Test and inspect the package	2026-10-05T10:27:38.1537044Z npm notice 39.6kB extensions/compaction-input.ts
publish	Test and inspect the package	2026-10-05T10:27:38.1537461Z npm notice 7.6kB extensions/compactor-model.ts
publish	Test and inspect the package	2026-10-05T10:27:38.1537875Z npm notice 80.2kB extensions/completion-summary.ts
publish	Test and inspect the package	2026-10-05T10:27:38.1538280Z npm notice 7.0kB extensions/confirm-draft.ts
publish	Test and inspect the package	2026-10-05T10:27:38.1538676Z npm notice 18.0kB extensions/context-checkpoint.ts
publish	Test and inspect the package	2026-10-05T10:27:38.1539072Z npm notice 13.4kB extensions/context-growth.ts
publish	Test and inspect the package	2026-10-05T10:27:38.1539455Z npm notice 5.6kB extensions/context-hygiene.ts
publish	Test and inspect the package	2026-10-05T10:27:38.1539871Z npm notice 7.4kB extensions/continuous-supervision.ts
publish	Test and inspect the package	2026-10-05T10:27:38.1540281Z npm notice 4.8kB extensions/drafter-model.ts
publish	Test and inspect the package	2026-10-05T10:27:38.1540658Z npm notice 3.4kB extensions/drafting-handoff.ts
publish	Test and inspect the package	2026-10-05T10:27:38.1541058Z npm notice 24.1kB extensions/drafting-interview.ts
publish	Test and inspect the package	2026-10-05T10:27:38.1541489Z npm notice 19.4kB extensions/faulty-objective-recovery.ts
publish	Test and inspect the package	2026-10-05T10:27:38.1541904Z npm notice 7.6kB extensions/finding-lead.ts
publish	Test and inspect the package	2026-10-05T10:27:38.1542823Z npm notice 5.9kB extensions/glla-state-root.ts
publish	Test and inspect the package	2026-10-05T10:27:38.1543241Z npm notice 5.0kB extensions/glla-update-check.ts
publish	Test and inspect the package	2026-10-05T10:27:38.1544173Z npm notice 5.5kB extensions/glla-version.ts
publish	Test and inspect the package	2026-10-05T10:27:38.1544917Z npm notice 21.1kB extensions/goal-agents-panel.ts
publish	Test and inspect the package	2026-10-05T10:27:38.1545619Z npm notice 185.1kB extensions/goal-commands.ts
publish	Test and inspect the package	2026-10-05T10:27:38.1546291Z npm notice 25.2kB extensions/goal-compactor.ts
publish	Test and inspect the package	2026-10-05T10:27:38.1546988Z npm notice 104.4kB extensions/goal-continuation.ts
publish	Test and inspect the package	2026-10-05T10:27:38.1547680Z npm notice 105.3kB extensions/goal-heartbeat.ts
publish	Test and inspect the package	2026-10-05T10:27:38.1548506Z npm notice 139.4kB extensions/goal-loop-auditor-process.ts
publish	Test and inspect the package	2026-10-05T10:27:38.1549130Z npm notice 22.2kB extensions/goal-loop-auditor.ts
publish	Test and inspect the package	2026-10-05T10:27:38.1549874Z npm notice 16.1kB extensions/goal-loop-backoff.ts
publish	Test and inspect the package	2026-10-05T10:27:38.1550629Z npm notice 238.3kB extensions/goal-loop-core.ts
publish	Test and inspect the package	2026-10-05T10:27:38.1551377Z npm notice 6.6kB extensions/goal-loop-dispatch.ts
publish	Test and inspect the package	2026-10-05T10:27:38.1552145Z npm notice 158.7kB extensions/goal-loop-display.ts
publish	Test and inspect the package	2026-10-05T10:27:38.1552612Z npm notice 48.8kB extensions/goal-loop-forever.ts
publish	Test and inspect the package	2026-10-05T10:27:38.1553191Z npm notice 15.0kB extensions/goal-loop-repetition.ts
publish	Test and inspect the package	2026-10-05T10:27:38.1554001Z npm notice 50.3kB extensions/goal-loop-shield.ts
publish	Test and inspect the package	2026-10-05T10:27:38.1554415Z npm notice 23.6kB extensions/goal-loop-stats.ts
publish	Test and inspect the package	2026-10-05T10:27:38.1554824Z npm notice 16.3kB extensions/goal-loop-subagents.ts
publish	Test and inspect the package	2026-10-05T10:27:38.1555213Z npm notice 96.7kB extensions/goal-loop.ts
publish	Test and inspect the package	2026-10-05T10:27:38.1555617Z npm notice 4.4kB extensions/goal-objective-conflict.ts
publish	Test and inspect the package	2026-10-05T10:27:38.1556025Z npm notice 91.2kB extensions/goal-recovery.ts
publish	Test and inspect the package	2026-10-05T10:27:38.1556392Z npm notice 51.6kB extensions/goal-settings.ts
publish	Test and inspect the package	2026-10-05T10:27:38.1556746Z npm notice 4.0kB extensions/goal-state.ts
publish	Test and inspect the package	2026-10-05T10:27:38.1557118Z npm notice 9.4kB extensions/length-continue.ts
publish	Test and inspect the package	2026-10-05T10:27:38.1557536Z npm notice 209.5kB extensions/loops/goal-activation.ts
publish	Test and inspect the package	2026-10-05T10:27:38.1558205Z npm notice 136.8kB extensions/loops/goal-auditor-hooks.ts
publish	Test and inspect the package	2026-10-05T10:27:38.1559024Z npm notice 1.3kB extensions/loops/goal-auditor-surface.ts
publish	Test and inspect the package	2026-10-05T10:27:38.1559795Z npm notice 48.0kB extensions/loops/goal-list-queue.ts
publish	Test and inspect the package	2026-10-05T10:27:38.1560573Z npm notice 72.3kB extensions/loops/goal-orchestrator.ts
publish	Test and inspect the package	2026-10-05T10:27:38.1561308Z npm notice 23.8kB extensions/loops/goal-runtime-globals.ts
publish	Test and inspect the package	2026-10-05T10:27:38.1561994Z npm notice 97.9kB extensions/loops/goal-session.ts
publish	Test and inspect the package	2026-10-05T10:27:38.1562671Z npm notice 100.1kB extensions/loops/goal-settings-ui.ts
publish	Test and inspect the package	2026-10-05T10:27:38.1563319Z npm notice 256.7kB extensions/loops/goal-tools.ts
publish	Test and inspect the package	2026-10-05T10:27:38.1564191Z npm notice 61.2kB extensions/loops/goal-ui.ts
publish	Test and inspect the package	2026-10-05T10:27:38.1564758Z npm notice 21.8kB extensions/loops/goal.ts
publish	Test and inspect the package	2026-10-05T10:27:38.1565375Z npm notice 24.9kB extensions/main-model-recovery.ts
publish	Test and inspect the package	2026-10-05T10:27:38.1565985Z npm notice 13.6kB extensions/model-picker.ts
publish	Test and inspect the package	2026-10-05T10:27:38.1566577Z npm notice 8.0kB extensions/model-selector.ts
publish	Test and inspect the package	2026-10-05T10:27:38.1567210Z npm notice 25.5kB extensions/multi-model-picker.ts
publish	Test and inspect the package	2026-10-05T10:27:38.1567858Z npm notice 5.7kB extensions/owner-file-protocol.ts
publish	Test and inspect the package	2026-10-05T10:27:38.1568482Z npm notice 8.1kB extensions/payload-guard.ts
publish	Test and inspect the package	2026-10-05T10:27:38.1569095Z npm notice 4.7kB extensions/proactive-pre-read.ts
publish	Test and inspect the package	2026-10-05T10:27:38.1569709Z npm notice 6.9kB extensions/prompt-layers.ts
publish	Test and inspect the package	2026-10-05T10:27:38.1570276Z npm notice 33.4kB extensions/quota-retry.ts
publish	Test and inspect the package	2026-10-05T10:27:38.1570897Z npm notice 1.7kB extensions/respec-builder-audit.ts
publish	Test and inspect the package	2026-10-05T10:27:38.1571581Z npm notice 22.1kB extensions/respec-builder-runtime.ts
publish	Test and inspect the package	2026-10-05T10:27:38.1572242Z npm notice 3.9kB extensions/respec-builder-ui.ts
publish	Test and inspect the package	2026-10-05T10:27:38.1572857Z npm notice 9.5kB extensions/respec-builder.ts
publish	Test and inspect the package	2026-10-05T10:27:38.1573446Z npm notice 25.6kB extensions/reviewer.ts
publish	Test and inspect the package	2026-10-05T10:27:38.1574174Z npm notice 50.5kB extensions/settings-menu.ts
publish	Test and inspect the package	2026-10-05T10:27:38.1574763Z npm notice 18.9kB extensions/start-context.ts
publish	Test and inspect the package	2026-10-05T10:27:38.1575652Z npm notice 27.3kB extensions/state-root-owner.ts
publish	Test and inspect the package	2026-10-05T10:27:38.1576450Z npm notice 5.0kB extensions/summary-renderer.ts
publish	Test and inspect the package	2026-10-05T10:27:38.1577044Z npm notice 5.9kB extensions/task-batch.ts
publish	Test and inspect the package	2026-10-05T10:27:38.1577698Z npm notice 2.7kB extensions/terminal-summary-delivery.ts
publish	Test and inspect the package	2026-10-05T10:27:38.1578416Z npm notice 417B extensions/terminal-summary-limits.ts
publish	Test and inspect the package	2026-10-05T10:27:38.1579034Z npm notice 2.8kB extensions/tool-config.ts
publish	Test and inspect the package	2026-10-05T10:27:38.1579677Z npm notice 8.1kB extensions/vision-assist.ts
publish	Test and inspect the package	2026-10-05T10:27:38.1580285Z npm notice 159.0kB media/glla-icon.png
publish	Test and inspect the package	2026-10-05T10:27:38.1580854Z npm notice 159.0kB media/glla-thumb.png
publish	Test and inspect the package	2026-10-05T10:27:38.1581423Z npm notice 2.2kB media/glla-thumb.svg
publish	Test and inspect the package	2026-10-05T10:27:38.1581964Z npm notice 46.4kB media/glla2.png
publish	Test and inspect the package	2026-10-05T10:27:38.1582455Z npm notice 2.8kB package.json
publish	Test and inspect the package	2026-10-05T10:27:38.1583057Z npm notice 22.3kB prompts/goal-loop-continuation.md
publish	Test and inspect the package	2026-10-05T10:27:38.1583850Z npm notice 9.9kB prompts/goal-loop-draft.md
publish	Test and inspect the package	2026-10-05T10:27:38.1584491Z npm notice 6.0kB prompts/goal-loop-forever-draft.md
publish	Test and inspect the package	2026-10-05T10:27:38.1585209Z npm notice 3.3kB prompts/goal-loop-forever-metricless.md
publish	Test and inspect the package	2026-10-05T10:27:38.1585933Z npm notice 3.3kB prompts/goal-loop-forever.md
publish	Test and inspect the package	2026-10-05T10:27:38.1586610Z npm notice 1.5kB prompts/goal-loop-plan-loop.md
publish	Test and inspect the package	2026-10-05T10:27:38.1587263Z npm notice 4.8kB prompts/goal-loop-plan.md
publish	Test and inspect the package	2026-10-05T10:27:38.1587946Z npm notice 3.4kB prompts/goal-loop-respec-builder.md
publish	Test and inspect the package	2026-10-05T10:27:38.1588677Z npm notice 2.0kB prompts/goal-loop-respec-draft.md
publish	Test and inspect the package	2026-10-05T10:27:38.1589292Z npm notice 21.5kB schemas/goal.schema.json
publish	Test and inspect the package	2026-10-05T10:27:38.1589933Z npm notice 655B scripts/auditor-extension-fixture.mjs
publish	Test and inspect the package	2026-10-05T10:27:38.1590647Z npm notice 250B scripts/auditor-stderr-diagnostic.d.mts
publish	Test and inspect the package	2026-10-05T10:27:38.1591360Z npm notice 2.6kB scripts/auditor-stderr-diagnostic.mjs
publish	Test and inspect the package	2026-10-05T10:27:38.1592022Z npm notice 182B scripts/canary-budget.d.mts
publish	Test and inspect the package	2026-10-05T10:27:38.1592663Z npm notice 2.5kB scripts/canary-budget.mjs
publish	Test and inspect the package	2026-10-05T10:27:38.1593303Z npm notice 115B scripts/canary-extension.d.mts
publish	Test and inspect the package	2026-10-05T10:27:38.1594125Z npm notice 1.8kB scripts/canary-extension.mjs
publish	Test and inspect the package	2026-10-05T10:27:38.1594777Z npm notice 230B scripts/contained-child.d.mts
publish	Test and inspect the package	2026-10-05T10:27:38.1595411Z npm notice 1.9kB scripts/contained-child.mjs
publish	Test and inspect the package	2026-10-05T10:27:38.1596023Z npm notice 10.3kB scripts/durable-wait.mjs
publish	Test and inspect the package	2026-10-05T10:27:38.1596625Z npm notice 3.0kB scripts/generate-inventory.mjs
publish	Test and inspect the package	2026-10-05T10:27:38.1597257Z npm notice 525B scripts/goal-auditor-launch.d.mts
publish	Test and inspect the package	2026-10-05T10:27:38.1597896Z npm notice 4.3kB scripts/goal-auditor-launch.mjs
publish	Test and inspect the package	2026-10-05T10:27:38.1598530Z npm notice 57.3kB scripts/goal-auditor-worker.mjs
publish	Test and inspect the package	2026-10-05T10:27:38.1599222Z npm notice 4.8kB scripts/goal-compactor-worker.mjs
publish	Test and inspect the package	2026-10-05T10:27:38.1599939Z npm notice 3.6kB scripts/measure-context-growth.mjs
publish	Test and inspect the package	2026-10-05T10:27:38.1600616Z npm notice 7.9kB scripts/measure-runtime.mjs
publish	Test and inspect the package	2026-10-05T10:27:38.1601259Z npm notice 5.0kB scripts/real-host-canary.mjs
publish	Test and inspect the package	2026-10-05T10:27:38.1601919Z npm notice 8.9kB scripts/release-pack-smoke.mjs
publish	Test and inspect the package	2026-10-05T10:27:38.1602553Z npm notice 604B scripts/run-tests.d.mts
publish	Test and inspect the package	2026-10-05T10:27:38.1603106Z npm notice 9.8kB scripts/run-tests.mjs
publish	Test and inspect the package	2026-10-05T10:27:38.1603780Z npm notice 16.8kB scripts/smoke.sh
publish	Test and inspect the package	2026-10-05T10:27:38.1604369Z npm notice 375B scripts/test-process-registry.d.mts
publish	Test and inspect the package	2026-10-05T10:27:38.1605044Z npm notice 11.5kB scripts/test-process-registry.mjs
publish	Test and inspect the package	2026-10-05T10:27:38.1605804Z npm notice 3.0kB scripts/verify-auditor-extensions-offline.mjs
publish	Test and inspect the package	2026-10-05T10:27:38.1606625Z npm notice 42.9kB scripts/verify-compaction-live.mjs
publish	Test and inspect the package	2026-10-05T10:27:38.1607382Z npm notice 3.3kB skills/glla-delegate/SKILL.md
publish	Test and inspect the package	2026-10-05T10:27:38.1607935Z npm notice Tarball Details
publish	Test and inspect the package	2026-10-05T10:27:38.1608445Z npm notice name: pi-goal-list-loop-audit
publish	Test and inspect the package	2026-10-05T10:27:38.1608943Z npm notice version: 0.39.4
publish	Test and inspect the package	2026-10-05T10:27:38.1609528Z npm notice filename: pi-goal-list-loop-audit-0.39.4.tgz
publish	Test and inspect the package	2026-10-05T10:27:38.1610136Z npm notice package size: 1.5 MB
publish	Test and inspect the package	2026-10-05T10:27:38.1610628Z npm notice unpacked size: 4.6 MB
publish	Test and inspect the package	2026-10-05T10:27:38.1611600Z npm notice shasum: a99261cd8dbc0e711018ccefb8308476c28e1e12
publish	Test and inspect the package	2026-10-05T10:27:38.1612397Z npm notice integrity: sha512-xjPgAUlDC/P+F[...]cDQzNzCRQ5xZA==
publish	Test and inspect the package	2026-10-05T10:27:38.1612991Z npm notice total files: 141
publish	Test and inspect the package	2026-10-05T10:27:38.1613375Z npm notice
publish	Test and inspect the package	2026-10-05T10:27:38.1614022Z pi-goal-list-loop-audit-0.39.4.tgz
publish	Test and inspect the package	2026-10-05T10:27:58.5772002Z OK: packed launcher loaded and worker completed its bounded RPC probe (challenge confirmed)
publish	Test and inspect the package	2026-10-05T10:27:58.5857280Z OK: packed glla-delegate skill loads with zero diagnostics
publish	Test and inspect the package	2026-10-05T10:27:58.5858321Z OK: installed and imported pi-goal-list-loop-audit@0.39.4 from its packed tarball
publish	Publish with npm trusted publishing	﻿2026-10-05T10:27:59.7251646Z ##[group]Run npm publish --provenance --access public
publish	Publish with npm trusted publishing	2026-10-05T10:27:59.7252354Z ^[[36;1mnpm publish --provenance --access public^[[0m
publish	Publish with npm trusted publishing	2026-10-05T10:27:59.7343180Z shell: /usr/bin/bash -e {0}
publish	Publish with npm trusted publishing	2026-10-05T10:27:59.7343995Z env:
publish	Publish with npm trusted publishing	2026-10-05T10:27:59.7344466Z   NPM_CONFIG_USERCONFIG: /home/runner/work/_temp/.npmrc
publish	Publish with npm trusted publishing	2026-10-05T10:27:59.7345105Z   NODE_AUTH_TOKEN: XXXXX-XXXXX-XXXXX-XXXXX
publish	Publish with npm trusted publishing	2026-10-05T10:27:59.7345618Z ##[endgroup]
publish	Publish with npm trusted publishing	2026-10-05T10:27:59.9885691Z npm warn Unknown user config "always-auth". This will stop working in the next major version of npm. See `npm help npmrc` for supported config options.
publish	Publish with npm trusted publishing	2026-10-05T10:28:00.5118025Z npm notice
publish	Publish with npm trusted publishing	2026-10-05T10:28:00.5120606Z npm notice 📦  pi-goal-list-loop-audit@0.39.4
publish	Publish with npm trusted publishing	2026-10-05T10:28:00.5121312Z npm notice Tarball Contents
publish	Publish with npm trusted publishing	2026-10-05T10:28:00.5147644Z npm notice 636.4kB CHANGELOG.md
publish	Publish with npm trusted publishing	2026-10-05T10:28:00.5148440Z npm notice 11.0kB INSTALL.md
publish	Publish with npm trusted publishing	2026-10-05T10:28:00.5149170Z npm notice 34.6kB LICENSE
publish	Publish with npm trusted publishing	2026-10-05T10:28:00.5149949Z npm notice 5.0kB LIST-PHILOSOPHY.md
publish	Publish with npm trusted publishing	2026-10-05T10:28:00.5150782Z npm notice 20.1kB PLAN.md
publish	Publish with npm trusted publishing	2026-10-05T10:28:00.5151398Z npm notice 29.0kB README.md
publish	Publish with npm trusted publishing	2026-10-05T10:28:00.5152110Z npm notice 5.8kB docs/ARCHITECTURE.md
publish	Publish with npm trusted publishing	2026-10-05T10:28:00.5152875Z npm notice 4.0kB docs/COMPATIBILITY.md
publish	Publish with npm trusted publishing	2026-10-05T10:28:00.5154046Z npm notice 8.8kB docs/DESIGN-long-running-supervision.md
publish	Publish with npm trusted publishing	2026-10-05T10:28:00.5154727Z npm notice 5.5kB docs/DESIGN-subagent-visibility.md
publish	Publish with npm trusted publishing	2026-10-05T10:28:00.5155243Z npm notice 49.5kB docs/DESIGN.md
publish	Publish with npm trusted publishing	2026-10-05T10:28:00.5155734Z npm notice 12.8kB docs/GLLA-POSITIONING-AND-DECOMPOSITION-2026-08-08.md
publish	Publish with npm trusted publishing	2026-10-05T10:28:00.5156425Z npm notice 5.4kB docs/INDEX.md
publish	Publish with npm trusted publishing	2026-10-05T10:28:00.5156944Z npm notice 5.0kB docs/OWNERSHIP-AND-SETTLEMENT.md
publish	Publish with npm trusted publishing	2026-10-05T10:28:00.5157427Z npm notice 4.9kB docs/PROMOTION-CONTRACT.md
publish	Publish with npm trusted publishing	2026-10-05T10:28:00.5158005Z npm notice 3.2kB docs/RELEASING.md
publish	Publish with npm trusted publishing	2026-10-05T10:28:00.5158419Z npm notice 3.7kB docs/RELIABILITY-AND-MEASUREMENT.md
publish	Publish with npm trusted publishing	2026-10-05T10:28:00.5158835Z npm notice 1.9kB docs/RUNTIME-INVENTORY.md
publish	Publish with npm trusted publishing	2026-10-05T10:28:00.5159202Z npm notice 12.6kB docs/SETTINGS.md
publish	Publish with npm trusted publishing	2026-10-05T10:28:00.5159829Z npm notice 3.6kB docs/VISION-ASSIST.md
publish	Publish with npm trusted publishing	2026-10-05T10:28:00.5160300Z npm notice 5.0kB examples/example-objective.md
publish	Publish with npm trusted publishing	2026-10-05T10:28:00.5160709Z npm notice 10.0kB extensions/action-reminder.ts
publish	Publish with npm trusted publishing	2026-10-05T10:28:00.5161137Z npm notice 9.9kB extensions/approval-render-store.ts
publish	Publish with npm trusted publishing	2026-10-05T10:28:00.5161558Z npm notice 20.8kB extensions/audit-lifecycle.ts
publish	Publish with npm trusted publishing	2026-10-05T10:28:00.5161974Z npm notice 17.8kB extensions/auditor-extensions.ts
publish	Publish with npm trusted publishing	2026-10-05T10:28:00.5162378Z npm notice 904B extensions/auditor-thinking.ts
publish	Publish with npm trusted publishing	2026-10-05T10:28:00.5162778Z npm notice 2.8kB extensions/compaction-failure.ts
publish	Publish with npm trusted publishing	2026-10-05T10:28:00.5163185Z npm notice 39.6kB extensions/compaction-input.ts
publish	Publish with npm trusted publishing	2026-10-05T10:28:00.5163768Z npm notice 7.6kB extensions/compactor-model.ts
publish	Publish with npm trusted publishing	2026-10-05T10:28:00.5164185Z npm notice 80.2kB extensions/completion-summary.ts
publish	Publish with npm trusted publishing	2026-10-05T10:28:00.5164577Z npm notice 7.0kB extensions/confirm-draft.ts
publish	Publish with npm trusted publishing	2026-10-05T10:28:00.5164971Z npm notice 18.0kB extensions/context-checkpoint.ts
publish	Publish with npm trusted publishing	2026-10-05T10:28:00.5165365Z npm notice 13.4kB extensions/context-growth.ts
publish	Publish with npm trusted publishing	2026-10-05T10:28:00.5165748Z npm notice 5.6kB extensions/context-hygiene.ts
publish	Publish with npm trusted publishing	2026-10-05T10:28:00.5166186Z npm notice 7.4kB extensions/continuous-supervision.ts
publish	Publish with npm trusted publishing	2026-10-05T10:28:00.5166584Z npm notice 4.8kB extensions/drafter-model.ts
publish	Publish with npm trusted publishing	2026-10-05T10:28:00.5167235Z npm notice 3.4kB extensions/drafting-handoff.ts
publish	Publish with npm trusted publishing	2026-10-05T10:28:00.5167645Z npm notice 24.1kB extensions/drafting-interview.ts
publish	Publish with npm trusted publishing	2026-10-05T10:28:00.5168075Z npm notice 19.4kB extensions/faulty-objective-recovery.ts
publish	Publish with npm trusted publishing	2026-10-05T10:28:00.5168486Z npm notice 7.6kB extensions/finding-lead.ts
publish	Publish with npm trusted publishing	2026-10-05T10:28:00.5168858Z npm notice 5.9kB extensions/glla-state-root.ts
publish	Publish with npm trusted publishing	2026-10-05T10:28:00.5169244Z npm notice 5.0kB extensions/glla-update-check.ts
publish	Publish with npm trusted publishing	2026-10-05T10:28:00.5169623Z npm notice 5.5kB extensions/glla-version.ts
publish	Publish with npm trusted publishing	2026-10-05T10:28:00.5170007Z npm notice 21.1kB extensions/goal-agents-panel.ts
publish	Publish with npm trusted publishing	2026-10-05T10:28:00.5170388Z npm notice 185.1kB extensions/goal-commands.ts
publish	Publish with npm trusted publishing	2026-10-05T10:28:00.5171088Z npm notice 25.2kB extensions/goal-compactor.ts
publish	Publish with npm trusted publishing	2026-10-05T10:28:00.5171486Z npm notice 104.4kB extensions/goal-continuation.ts
publish	Publish with npm trusted publishing	2026-10-05T10:28:00.5171874Z npm notice 105.3kB extensions/goal-heartbeat.ts
publish	Publish with npm trusted publishing	2026-10-05T10:28:00.5172307Z npm notice 139.4kB extensions/goal-loop-auditor-process.ts
publish	Publish with npm trusted publishing	2026-10-05T10:28:00.5172744Z npm notice 22.2kB extensions/goal-loop-auditor.ts
publish	Publish with npm trusted publishing	2026-10-05T10:28:00.5173146Z npm notice 16.1kB extensions/goal-loop-backoff.ts
publish	Publish with npm trusted publishing	2026-10-05T10:28:00.5173795Z npm notice 238.3kB extensions/goal-loop-core.ts
publish	Publish with npm trusted publishing	2026-10-05T10:28:00.5174296Z npm notice 6.6kB extensions/goal-loop-dispatch.ts
publish	Publish with npm trusted publishing	2026-10-05T10:28:00.5174704Z npm notice 158.7kB extensions/goal-loop-display.ts
publish	Publish with npm trusted publishing	2026-10-05T10:28:00.5175098Z npm notice 48.8kB extensions/goal-loop-forever.ts
publish	Publish with npm trusted publishing	2026-10-05T10:28:00.5175511Z npm notice 15.0kB extensions/goal-loop-repetition.ts
publish	Publish with npm trusted publishing	2026-10-05T10:28:00.5175916Z npm notice 50.3kB extensions/goal-loop-shield.ts
publish	Publish with npm trusted publishing	2026-10-05T10:28:00.5176301Z npm notice 23.6kB extensions/goal-loop-stats.ts
publish	Publish with npm trusted publishing	2026-10-05T10:28:00.5176701Z npm notice 16.3kB extensions/goal-loop-subagents.ts
publish	Publish with npm trusted publishing	2026-10-05T10:28:00.5177086Z npm notice 96.7kB extensions/goal-loop.ts
publish	Publish with npm trusted publishing	2026-10-05T10:28:00.5177486Z npm notice 4.4kB extensions/goal-objective-conflict.ts
publish	Publish with npm trusted publishing	2026-10-05T10:28:00.5177887Z npm notice 91.2kB extensions/goal-recovery.ts
publish	Publish with npm trusted publishing	2026-10-05T10:28:00.5178258Z npm notice 51.6kB extensions/goal-settings.ts
publish	Publish with npm trusted publishing	2026-10-05T10:28:00.5178612Z npm notice 4.0kB extensions/goal-state.ts
publish	Publish with npm trusted publishing	2026-10-05T10:28:00.5178972Z npm notice 9.4kB extensions/length-continue.ts
publish	Publish with npm trusted publishing	2026-10-05T10:28:00.5179372Z npm notice 209.5kB extensions/loops/goal-activation.ts
publish	Publish with npm trusted publishing	2026-10-05T10:28:00.5179812Z npm notice 136.8kB extensions/loops/goal-auditor-hooks.ts
publish	Publish with npm trusted publishing	2026-10-05T10:28:00.5180259Z npm notice 1.3kB extensions/loops/goal-auditor-surface.ts
publish	Publish with npm trusted publishing	2026-10-05T10:28:00.5180697Z npm notice 48.0kB extensions/loops/goal-list-queue.ts
publish	Publish with npm trusted publishing	2026-10-05T10:28:00.5181123Z npm notice 72.3kB extensions/loops/goal-orchestrator.ts
publish	Publish with npm trusted publishing	2026-10-05T10:28:00.5181582Z npm notice 23.8kB extensions/loops/goal-runtime-globals.ts
publish	Publish with npm trusted publishing	2026-10-05T10:28:00.5182030Z npm notice 97.9kB extensions/loops/goal-session.ts
publish	Publish with npm trusted publishing	2026-10-05T10:28:00.5182455Z npm notice 100.1kB extensions/loops/goal-settings-ui.ts
publish	Publish with npm trusted publishing	2026-10-05T10:28:00.5182862Z npm notice 256.7kB extensions/loops/goal-tools.ts
publish	Publish with npm trusted publishing	2026-10-05T10:28:00.5183242Z npm notice 61.2kB extensions/loops/goal-ui.ts
publish	Publish with npm trusted publishing	2026-10-05T10:28:00.5183735Z npm notice 21.8kB extensions/loops/goal.ts
publish	Publish with npm trusted publishing	2026-10-05T10:28:00.5184126Z npm notice 24.9kB extensions/main-model-recovery.ts
publish	Publish with npm trusted publishing	2026-10-05T10:28:00.5184519Z npm notice 13.6kB extensions/model-picker.ts
publish	Publish with npm trusted publishing	2026-10-05T10:28:00.5184896Z npm notice 8.0kB extensions/model-selector.ts
publish	Publish with npm trusted publishing	2026-10-05T10:28:00.5185303Z npm notice 25.5kB extensions/multi-model-picker.ts
publish	Publish with npm trusted publishing	2026-10-05T10:28:00.5185711Z npm notice 5.7kB extensions/owner-file-protocol.ts
publish	Publish with npm trusted publishing	2026-10-05T10:28:00.5186103Z npm notice 8.1kB extensions/payload-guard.ts
publish	Publish with npm trusted publishing	2026-10-05T10:28:00.5186486Z npm notice 4.7kB extensions/proactive-pre-read.ts
publish	Publish with npm trusted publishing	2026-10-05T10:28:00.5186873Z npm notice 6.9kB extensions/prompt-layers.ts
publish	Publish with npm trusted publishing	2026-10-05T10:28:00.5187236Z npm notice 33.4kB extensions/quota-retry.ts
publish	Publish with npm trusted publishing	2026-10-05T10:28:00.5187627Z npm notice 1.7kB extensions/respec-builder-audit.ts
publish	Publish with npm trusted publishing	2026-10-05T10:28:00.5188047Z npm notice 22.1kB extensions/respec-builder-runtime.ts
publish	Publish with npm trusted publishing	2026-10-05T10:28:00.5188460Z npm notice 3.9kB extensions/respec-builder-ui.ts
publish	Publish with npm trusted publishing	2026-10-05T10:28:00.5189018Z npm notice 9.5kB extensions/respec-builder.ts
publish	Publish with npm trusted publishing	2026-10-05T10:28:00.5189405Z npm notice 25.6kB extensions/reviewer.ts
publish	Publish with npm trusted publishing	2026-10-05T10:28:00.5189762Z npm notice 50.5kB extensions/settings-menu.ts
publish	Publish with npm trusted publishing	2026-10-05T10:28:00.5190124Z npm notice 18.9kB extensions/start-context.ts
publish	Publish with npm trusted publishing	2026-10-05T10:28:00.5190504Z npm notice 27.3kB extensions/state-root-owner.ts
publish	Publish with npm trusted publishing	2026-10-05T10:28:00.5190890Z npm notice 5.0kB extensions/summary-renderer.ts
publish	Publish with npm trusted publishing	2026-10-05T10:28:00.5191262Z npm notice 5.9kB extensions/task-batch.ts
publish	Publish with npm trusted publishing	2026-10-05T10:28:00.5191669Z npm notice 2.7kB extensions/terminal-summary-delivery.ts
publish	Publish with npm trusted publishing	2026-10-05T10:28:00.5192117Z npm notice 417B extensions/terminal-summary-limits.ts
publish	Publish with npm trusted publishing	2026-10-05T10:28:00.5192655Z npm notice 2.8kB extensions/tool-config.ts
publish	Publish with npm trusted publishing	2026-10-05T10:28:00.5193017Z npm notice 8.1kB extensions/vision-assist.ts
publish	Publish with npm trusted publishing	2026-10-05T10:28:00.5193366Z npm notice 159.0kB media/glla-icon.png
publish	Publish with npm trusted publishing	2026-10-05T10:28:00.5193948Z npm notice 159.0kB media/glla-thumb.png
publish	Publish with npm trusted publishing	2026-10-05T10:28:00.5206464Z npm notice 2.2kB media/glla-thumb.svg
publish	Publish with npm trusted publishing	2026-10-05T10:28:00.5207113Z npm notice 46.4kB media/glla2.png
publish	Publish with npm trusted publishing	2026-10-05T10:28:00.5207604Z npm notice 2.8kB package.json
publish	Publish with npm trusted publishing	2026-10-05T10:28:00.5208205Z npm notice 22.3kB prompts/goal-loop-continuation.md
publish	Publish with npm trusted publishing	2026-10-05T10:28:00.5208706Z npm notice 9.9kB prompts/goal-loop-draft.md
publish	Publish with npm trusted publishing	2026-10-05T10:28:00.5209124Z npm notice 6.0kB prompts/goal-loop-forever-draft.md
publish	Publish with npm trusted publishing	2026-10-05T10:28:00.5209605Z npm notice 3.3kB prompts/goal-loop-forever-metricless.md
publish	Publish with npm trusted publishing	2026-10-05T10:28:00.5210056Z npm notice 3.3kB prompts/goal-loop-forever.md
publish	Publish with npm trusted publishing	2026-10-05T10:28:00.5210467Z npm notice 1.5kB prompts/goal-loop-plan-loop.md
publish	Publish with npm trusted publishing	2026-10-05T10:28:00.5210855Z npm notice 4.8kB prompts/goal-loop-plan.md
publish	Publish with npm trusted publishing	2026-10-05T10:28:00.5211281Z npm notice 3.4kB prompts/goal-loop-respec-builder.md
publish	Publish with npm trusted publishing	2026-10-05T10:28:00.5211720Z npm notice 2.0kB prompts/goal-loop-respec-draft.md
publish	Publish with npm trusted publishing	2026-10-05T10:28:00.5212113Z npm notice 21.5kB schemas/goal.schema.json
publish	Publish with npm trusted publishing	2026-10-05T10:28:00.5212510Z npm notice 655B scripts/auditor-extension-fixture.mjs
publish	Publish with npm trusted publishing	2026-10-05T10:28:00.5212962Z npm notice 250B scripts/auditor-stderr-diagnostic.d.mts
publish	Publish with npm trusted publishing	2026-10-05T10:28:00.5213406Z npm notice 2.6kB scripts/auditor-stderr-diagnostic.mjs
publish	Publish with npm trusted publishing	2026-10-05T10:28:00.5214146Z npm notice 182B scripts/canary-budget.d.mts
publish	Publish with npm trusted publishing	2026-10-05T10:28:00.5214523Z npm notice 2.5kB scripts/canary-budget.mjs
publish	Publish with npm trusted publishing	2026-10-05T10:28:00.5214894Z npm notice 115B scripts/canary-extension.d.mts
publish	Publish with npm trusted publishing	2026-10-05T10:28:00.5215277Z npm notice 1.8kB scripts/canary-extension.mjs
publish	Publish with npm trusted publishing	2026-10-05T10:28:00.5215647Z npm notice 230B scripts/contained-child.d.mts
publish	Publish with npm trusted publishing	2026-10-05T10:28:00.5216050Z npm notice 1.9kB scripts/contained-child.mjs
publish	Publish with npm trusted publishing	2026-10-05T10:28:00.5216410Z npm notice 10.3kB scripts/durable-wait.mjs
publish	Publish with npm trusted publishing	2026-10-05T10:28:00.5216784Z npm notice 3.0kB scripts/generate-inventory.mjs
publish	Publish with npm trusted publishing	2026-10-05T10:28:00.5217195Z npm notice 525B scripts/goal-auditor-launch.d.mts
publish	Publish with npm trusted publishing	2026-10-05T10:28:00.5217595Z npm notice 4.3kB scripts/goal-auditor-launch.mjs
publish	Publish with npm trusted publishing	2026-10-05T10:28:00.5217989Z npm notice 57.3kB scripts/goal-auditor-worker.mjs
publish	Publish with npm trusted publishing	2026-10-05T10:28:00.5218388Z npm notice 4.8kB scripts/goal-compactor-worker.mjs
publish	Publish with npm trusted publishing	2026-10-05T10:28:00.5218812Z npm notice 3.6kB scripts/measure-context-growth.mjs
publish	Publish with npm trusted publishing	2026-10-05T10:28:00.5219206Z npm notice 7.9kB scripts/measure-runtime.mjs
publish	Publish with npm trusted publishing	2026-10-05T10:28:00.5219581Z npm notice 5.0kB scripts/real-host-canary.mjs
publish	Publish with npm trusted publishing	2026-10-05T10:28:00.5219966Z npm notice 8.9kB scripts/release-pack-smoke.mjs
publish	Publish with npm trusted publishing	2026-10-05T10:28:00.5220337Z npm notice 604B scripts/run-tests.d.mts
publish	Publish with npm trusted publishing	2026-10-05T10:28:00.5220674Z npm notice 9.8kB scripts/run-tests.mjs
publish	Publish with npm trusted publishing	2026-10-05T10:28:00.5221000Z npm notice 16.8kB scripts/smoke.sh
publish	Publish with npm trusted publishing	2026-10-05T10:28:00.5221364Z npm notice 375B scripts/test-process-registry.d.mts
publish	Publish with npm trusted publishing	2026-10-05T10:28:00.5221782Z npm notice 11.5kB scripts/test-process-registry.mjs
publish	Publish with npm trusted publishing	2026-10-05T10:28:00.5222252Z npm notice 3.0kB scripts/verify-auditor-extensions-offline.mjs
publish	Publish with npm trusted publishing	2026-10-05T10:28:00.5222726Z npm notice 42.9kB scripts/verify-compaction-live.mjs
publish	Publish with npm trusted publishing	2026-10-05T10:28:00.5223140Z npm notice 3.3kB skills/glla-delegate/SKILL.md
publish	Publish with npm trusted publishing	2026-10-05T10:28:00.5223680Z npm notice Tarball Details
publish	Publish with npm trusted publishing	2026-10-05T10:28:00.5224307Z npm notice name: pi-goal-list-loop-audit
publish	Publish with npm trusted publishing	2026-10-05T10:28:00.5224631Z npm notice version: 0.39.4
publish	Publish with npm trusted publishing	2026-10-05T10:28:00.5225011Z npm notice filename: pi-goal-list-loop-audit-0.39.4.tgz
publish	Publish with npm trusted publishing	2026-10-05T10:28:00.5225405Z npm notice package size: 1.5 MB
publish	Publish with npm trusted publishing	2026-10-05T10:28:00.5225717Z npm notice unpacked size: 4.6 MB
publish	Publish with npm trusted publishing	2026-10-05T10:28:00.5226109Z npm notice shasum: a99261cd8dbc0e711018ccefb8308476c28e1e12
publish	Publish with npm trusted publishing	2026-10-05T10:28:00.5226598Z npm notice integrity: sha512-xjPgAUlDC/P+F[...]cDQzNzCRQ5xZA==
publish	Publish with npm trusted publishing	2026-10-05T10:28:00.5226975Z npm notice total files: 141
publish	Publish with npm trusted publishing	2026-10-05T10:28:00.5227215Z npm notice
publish	Publish with npm trusted publishing	2026-10-05T10:28:01.4518111Z npm notice npm tokens that bypass 2FA are being restricted for account changes and direct publishing. Learn how to prepare: https://gh.io/npm-gat-bypass2fa-deprecation
publish	Publish with npm trusted publishing	2026-10-05T10:28:01.6174501Z npm notice Publishing to https://registry.npmjs.org/ with tag latest and public access
publish	Publish with npm trusted publishing	2026-10-05T10:28:02.4161276Z npm notice publish Signed provenance statement with source and build information from GitHub Actions
publish	Publish with npm trusted publishing	2026-10-05T10:28:02.4163479Z npm notice publish Provenance statement published to transparency log: https://search.sigstore.dev/?logIndex=3086298517
publish	Publish with npm trusted publishing	2026-10-05T10:28:04.4335488Z npm notice Your package is being processed and may take a few minutes to become available.
publish	Publish with npm trusted publishing	2026-10-05T10:28:04.4339039Z + pi-goal-list-loop-audit@0.39.4
publish	Post Install the test runner	﻿2026-10-05T10:28:04.4560823Z Post job cleanup.
publish	Post Set up Node.js	﻿2026-10-05T10:28:04.6405708Z Post job cleanup.
publish	Post Set up Node.js	2026-10-05T10:28:04.7805837Z (node:18843) [DEP0040] DeprecationWarning: The `punycode` module is deprecated. Please use a userland alternative instead.
publish	Post Set up Node.js	2026-10-05T10:28:04.7806926Z (Use `node --trace-deprecation ...` to show where the warning was created)
publish	Post Set up Node.js	2026-10-05T10:28:04.7810143Z Cache hit occurred on the primary key node-cache-Linux-x64-npm-a906667ed879bbe4e2e1a152a5021baa173dedefa871e378362ec122790fa4e2, not saving cache.
publish	Post Check out the released tag	﻿2026-10-05T10:28:04.7947207Z Post job cleanup.
publish	Post Check out the released tag	2026-10-05T10:28:04.8831296Z [command]/usr/bin/git version
publish	Post Check out the released tag	2026-10-05T10:28:04.8878059Z git version 2.55.0
publish	Post Check out the released tag	2026-10-05T10:28:04.8924598Z Temporarily overriding HOME='/home/runner/work/_temp/89bf40a9-8524-4935-9954-5214adb035f8' before making global git config changes
publish	Post Check out the released tag	2026-10-05T10:28:04.8926309Z Adding repository directory to the temporary git global config as a safe directory
publish	Post Check out the released tag	2026-10-05T10:28:04.8931857Z [command]/usr/bin/git config --global --add safe.directory /home/runner/work/pi-goal-list-loop-audit/pi-goal-list-loop-audit
publish	Post Check out the released tag	2026-10-05T10:28:04.8975780Z [command]/usr/bin/git config --local --name-only --get-regexp core\.sshCommand
publish	Post Check out the released tag	2026-10-05T10:28:04.9014267Z [command]/usr/bin/git submodule foreach --recursive sh -c "git config --local --name-only --get-regexp 'core\.sshCommand' && git config --local --unset-all 'core.sshCommand' || :"
publish	Post Check out the released tag	2026-10-05T10:28:04.9281028Z [command]/usr/bin/git config --local --name-only --get-regexp http\.https\:\/\/github\.com\/\.extraheader
publish	Post Check out the released tag	2026-10-05T10:28:04.9313083Z http.https://github.com/.extraheader
publish	Post Check out the released tag	2026-10-05T10:28:04.9326489Z [command]/usr/bin/git config --local --unset-all http.https://github.com/.extraheader
publish	Post Check out the released tag	2026-10-05T10:28:04.9366321Z [command]/usr/bin/git submodule foreach --recursive sh -c "git config --local --name-only --get-regexp 'http\.https\:\/\/github\.com\/\.extraheader' && git config --local --unset-all 'http.https://github.com/.extraheader' || :"
publish	Post Check out the released tag	2026-10-05T10:28:04.9642696Z [command]/usr/bin/git config --local --name-only --get-regexp ^includeIf\.gitdir:
publish	Post Check out the released tag	2026-10-05T10:28:04.9701321Z [command]/usr/bin/git submodule foreach --recursive git config --local --show-origin --name-only --get-regexp remote.origin.url
publish	Complete job	﻿2026-10-05T10:28:05.0118605Z Cleaning up orphan processes
publish	Complete job	2026-10-05T10:28:05.0709485Z ##[warning]Node.js 20 is deprecated. The following actions target Node.js 20 but are being forced to run on Node.js 24: actions/checkout@v4, actions/setup-node@v4. For more information see: https://github.blog/changelog/2025-09-19-deprecation-of-node-20-on-github-actions-runners/
