quality	Set up job	﻿2026-10-06T19:49:23.5607236Z Current runner version: '2.337.0'
quality	Set up job	2026-10-06T19:49:23.5634075Z ##[group]Runner Image Provisioner
quality	Set up job	2026-10-06T19:49:23.5635018Z Hosted Compute Agent
quality	Set up job	2026-10-06T19:49:23.5635720Z Version: 20261002.596
quality	Set up job	2026-10-06T19:49:23.5636358Z Commit: c3d12f3313a95f25162a1503be624f3b0617f8c0
quality	Set up job	2026-10-06T19:49:23.5637217Z Build Date: 2026-10-02T22:28:27Z
quality	Set up job	2026-10-06T19:49:23.5637926Z Worker ID: {267bd13d-1d5b-4040-97e5-4ab0ccd6e4cb}
quality	Set up job	2026-10-06T19:49:23.5638694Z Region: eastus
quality	Set up job	2026-10-06T19:49:23.5639324Z Cloud: Azure
quality	Set up job	2026-10-06T19:49:23.5640059Z ##[endgroup]
quality	Set up job	2026-10-06T19:49:23.5641698Z ##[group]Operating System
quality	Set up job	2026-10-06T19:49:23.5642370Z Ubuntu
quality	Set up job	2026-10-06T19:49:23.5642963Z 24.04.5
quality	Set up job	2026-10-06T19:49:23.5643527Z LTS
quality	Set up job	2026-10-06T19:49:23.5644049Z ##[endgroup]
quality	Set up job	2026-10-06T19:49:23.5644665Z ##[group]Runner Image
quality	Set up job	2026-10-06T19:49:23.5645331Z Image: ubuntu-24.04
quality	Set up job	2026-10-06T19:49:23.5645899Z Version: 20261004.327.1
quality	Set up job	2026-10-06T19:49:23.5647124Z Included Software: https://github.com/actions/runner-images/blob/ubuntu24/20261004.327/images/ubuntu/Ubuntu2404-Readme.md
quality	Set up job	2026-10-06T19:49:23.5649014Z Image Release: https://github.com/actions/runner-images/releases/tag/ubuntu24%2F20261004.327
quality	Set up job	2026-10-06T19:49:23.5650232Z ##[endgroup]
quality	Set up job	2026-10-06T19:49:23.5651833Z ##[group]GITHUB_TOKEN Permissions
quality	Set up job	2026-10-06T19:49:23.5653999Z Contents: read
quality	Set up job	2026-10-06T19:49:23.5654702Z Metadata: read
quality	Set up job	2026-10-06T19:49:23.5655357Z ##[endgroup]
quality	Set up job	2026-10-06T19:49:23.5657712Z Secret source: Actions
quality	Set up job	2026-10-06T19:49:23.5658805Z Cache mode: write
quality	Set up job	2026-10-06T19:49:23.5660027Z Prepare workflow directory
quality	Set up job	2026-10-06T19:49:23.5994799Z Prepare all required actions
quality	Set up job	2026-10-06T19:49:23.6042834Z Getting action download info
quality	Set up job	2026-10-06T19:49:23.8408564Z Download action repository 'actions/checkout@v4' (SHA:11d5960a326750d5838078e36cf38b85af677262)
quality	Set up job	2026-10-06T19:49:23.9288002Z Download action repository 'actions/setup-node@v4' (SHA:49933ea5288caeca8642d1e84afbd3f7d6820020)
quality	Set up job	2026-10-06T19:49:24.0538795Z Download action repository 'oven-sh/setup-bun@v2' (SHA:0c5077e51419868618aeaa5fe8019c62421857d6)
quality	Set up job	2026-10-06T19:49:24.3324363Z Complete job name: quality
quality	Check out source	﻿2026-10-06T19:49:24.4112082Z ##[group]Run actions/checkout@v4
quality	Check out source	2026-10-06T19:49:24.4113020Z with:
quality	Check out source	2026-10-06T19:49:24.4113540Z   repository: DraconDev/pi-goal-list-loop-audit
quality	Check out source	2026-10-06T19:49:24.4118128Z   token: ***
quality	Check out source	2026-10-06T19:49:24.4118580Z   ssh-strict: true
quality	Check out source	2026-10-06T19:49:24.4119032Z   ssh-user: git
quality	Check out source	2026-10-06T19:49:24.4119492Z   persist-credentials: true
quality	Check out source	2026-10-06T19:49:24.4120213Z   clean: true
quality	Check out source	2026-10-06T19:49:24.4120677Z   sparse-checkout-cone-mode: true
quality	Check out source	2026-10-06T19:49:24.4121220Z   fetch-depth: 1
quality	Check out source	2026-10-06T19:49:24.4121669Z   fetch-tags: false
quality	Check out source	2026-10-06T19:49:24.4122123Z   show-progress: true
quality	Check out source	2026-10-06T19:49:24.4122637Z   lfs: false
quality	Check out source	2026-10-06T19:49:24.4123067Z   submodules: false
quality	Check out source	2026-10-06T19:49:24.4123539Z   set-safe-directory: true
quality	Check out source	2026-10-06T19:49:24.4124069Z   allow-unsafe-pr-checkout: false
quality	Check out source	2026-10-06T19:49:24.4124869Z ##[endgroup]
quality	Check out source	2026-10-06T19:49:24.5157320Z Syncing repository: DraconDev/pi-goal-list-loop-audit
quality	Check out source	2026-10-06T19:49:24.5160754Z ##[group]Getting Git version info
quality	Check out source	2026-10-06T19:49:24.5162263Z Working directory is '/home/runner/work/pi-goal-list-loop-audit/pi-goal-list-loop-audit'
quality	Check out source	2026-10-06T19:49:24.5164428Z [command]/usr/bin/git version
quality	Check out source	2026-10-06T19:49:24.5271201Z git version 2.55.0
quality	Check out source	2026-10-06T19:49:24.5331430Z ##[endgroup]
quality	Check out source	2026-10-06T19:49:24.5337971Z Temporarily overriding HOME='/home/runner/work/_temp/e517a494-3c6a-43f3-a183-70f98902741a' before making global git config changes
quality	Check out source	2026-10-06T19:49:24.5340611Z Adding repository directory to the temporary git global config as a safe directory
quality	Check out source	2026-10-06T19:49:24.5342915Z [command]/usr/bin/git config --global --add safe.directory /home/runner/work/pi-goal-list-loop-audit/pi-goal-list-loop-audit
quality	Check out source	2026-10-06T19:49:24.5395442Z Deleting the contents of '/home/runner/work/pi-goal-list-loop-audit/pi-goal-list-loop-audit'
quality	Check out source	2026-10-06T19:49:24.5401152Z ##[group]Initializing the repository
quality	Check out source	2026-10-06T19:49:24.5408621Z [command]/usr/bin/git init /home/runner/work/pi-goal-list-loop-audit/pi-goal-list-loop-audit
quality	Check out source	2026-10-06T19:49:24.5537941Z hint: Using 'master' as the name for the initial branch. This default branch name
quality	Check out source	2026-10-06T19:49:24.5570816Z hint: will change to "main" in Git 3.0. To configure the initial branch name
quality	Check out source	2026-10-06T19:49:24.5573087Z hint: to use in all of your new repositories, which will suppress this warning,
quality	Check out source	2026-10-06T19:49:24.5574836Z hint: call:
quality	Check out source	2026-10-06T19:49:24.5575759Z hint:
quality	Check out source	2026-10-06T19:49:24.5576777Z hint: 	git config --global init.defaultBranch <name>
quality	Check out source	2026-10-06T19:49:24.5578001Z hint:
quality	Check out source	2026-10-06T19:49:24.5582851Z hint: Names commonly chosen instead of 'master' are 'main', 'trunk' and
quality	Check out source	2026-10-06T19:49:24.5584943Z hint: 'development'. The just-created branch can be renamed via this command:
quality	Check out source	2026-10-06T19:49:24.5586661Z hint:
quality	Check out source	2026-10-06T19:49:24.5587709Z hint: 	git branch -m <name>
quality	Check out source	2026-10-06T19:49:24.5588791Z hint:
quality	Check out source	2026-10-06T19:49:24.5590490Z hint: Disable this message with "git config set advice.defaultBranchName false"
quality	Check out source	2026-10-06T19:49:24.5593315Z Initialized empty Git repository in /home/runner/work/pi-goal-list-loop-audit/pi-goal-list-loop-audit/.git/
quality	Check out source	2026-10-06T19:49:24.5597748Z [command]/usr/bin/git remote add origin https://github.com/DraconDev/pi-goal-list-loop-audit
quality	Check out source	2026-10-06T19:49:24.5643268Z ##[endgroup]
quality	Check out source	2026-10-06T19:49:24.5646846Z ##[group]Disabling automatic garbage collection
quality	Check out source	2026-10-06T19:49:24.5648257Z [command]/usr/bin/git config --local gc.auto 0
quality	Check out source	2026-10-06T19:49:24.5685101Z ##[endgroup]
quality	Check out source	2026-10-06T19:49:24.5686392Z ##[group]Setting up auth
quality	Check out source	2026-10-06T19:49:24.5695577Z [command]/usr/bin/git config --local --name-only --get-regexp core\.sshCommand
quality	Check out source	2026-10-06T19:49:24.5742761Z [command]/usr/bin/git submodule foreach --recursive sh -c "git config --local --name-only --get-regexp 'core\.sshCommand' && git config --local --unset-all 'core.sshCommand' || :"
quality	Check out source	2026-10-06T19:49:24.6288565Z [command]/usr/bin/git config --local --name-only --get-regexp http\.https\:\/\/github\.com\/\.extraheader
quality	Check out source	2026-10-06T19:49:24.6338245Z [command]/usr/bin/git submodule foreach --recursive sh -c "git config --local --name-only --get-regexp 'http\.https\:\/\/github\.com\/\.extraheader' && git config --local --unset-all 'http.https://github.com/.extraheader' || :"
quality	Check out source	2026-10-06T19:49:24.6587061Z [command]/usr/bin/git config --local --name-only --get-regexp ^includeIf\.gitdir:
quality	Check out source	2026-10-06T19:49:24.6625487Z [command]/usr/bin/git submodule foreach --recursive git config --local --show-origin --name-only --get-regexp remote.origin.url
quality	Check out source	2026-10-06T19:49:24.6872738Z [command]/usr/bin/git config --local http.https://github.com/.extraheader AUTHORIZATION: basic ***
quality	Check out source	2026-10-06T19:49:24.6917447Z ##[endgroup]
quality	Check out source	2026-10-06T19:49:24.6927594Z ##[group]Fetching the repository
quality	Check out source	2026-10-06T19:49:24.6929293Z [command]/usr/bin/git -c protocol.version=2 fetch --no-tags --prune --no-recurse-submodules --depth=1 origin +62c44c1706378a36124e93252a2e6a58513923b6:refs/remotes/origin/main
quality	Check out source	2026-10-06T19:49:26.1359569Z From https://github.com/DraconDev/pi-goal-list-loop-audit
quality	Check out source	2026-10-06T19:49:26.1362043Z  * [new ref]         62c44c1706378a36124e93252a2e6a58513923b6 -> origin/main
quality	Check out source	2026-10-06T19:49:26.1366585Z ##[endgroup]
quality	Check out source	2026-10-06T19:49:26.1368658Z ##[group]Determining the checkout info
quality	Check out source	2026-10-06T19:49:26.1371155Z ##[endgroup]
quality	Check out source	2026-10-06T19:49:26.1380864Z [command]/usr/bin/git sparse-checkout disable
quality	Check out source	2026-10-06T19:49:26.1441994Z [command]/usr/bin/git config --local --unset-all extensions.worktreeConfig
quality	Check out source	2026-10-06T19:49:26.1481028Z ##[group]Checking out the ref
quality	Check out source	2026-10-06T19:49:26.1495566Z [command]/usr/bin/git checkout --progress --force -B main refs/remotes/origin/main
quality	Check out source	2026-10-06T19:49:26.3261664Z Switched to a new branch 'main'
quality	Check out source	2026-10-06T19:49:26.3266718Z branch 'main' set up to track 'origin/main'.
quality	Check out source	2026-10-06T19:49:26.3282953Z ##[endgroup]
quality	Check out source	2026-10-06T19:49:26.3329393Z [command]/usr/bin/git log -1 --format=%H
quality	Check out source	2026-10-06T19:49:26.3357313Z 62c44c1706378a36124e93252a2e6a58513923b6
quality	Set up Node.js	﻿2026-10-06T19:49:26.3734903Z ##[group]Run actions/setup-node@v4
quality	Set up Node.js	2026-10-06T19:49:26.3736191Z with:
quality	Set up Node.js	2026-10-06T19:49:26.3737350Z   node-version: 22.19.0
quality	Set up Node.js	2026-10-06T19:49:26.3738409Z   cache: npm
quality	Set up Node.js	2026-10-06T19:49:26.3739368Z   always-auth: false
quality	Set up Node.js	2026-10-06T19:49:26.3740597Z   check-latest: false
quality	Set up Node.js	2026-10-06T19:49:26.3750723Z   token: ***
quality	Set up Node.js	2026-10-06T19:49:26.3751706Z ##[endgroup]
quality	Set up Node.js	2026-10-06T19:49:26.5182631Z Attempting to download 22.19.0...
quality	Set up Node.js	2026-10-06T19:49:26.5291381Z (node:2269) [DEP0040] DeprecationWarning: The `punycode` module is deprecated. Please use a userland alternative instead.
quality	Set up Node.js	2026-10-06T19:49:26.5292901Z (Use `node --trace-deprecation ...` to show where the warning was created)
quality	Set up Node.js	2026-10-06T19:49:27.0861622Z Acquiring 22.19.0 - x64 from https://github.com/actions/node-versions/releases/download/22.19.0-17311483029/node-22.19.0-linux-x64.tar.gz
quality	Set up Node.js	2026-10-06T19:49:27.5880667Z Extracting ...
quality	Set up Node.js	2026-10-06T19:49:27.5995551Z [command]/usr/bin/tar xz --strip 1 --warning=no-unknown-keyword --overwrite -C /home/runner/work/_temp/416aa4ff-0f8f-4b94-976b-c179b22bffb5 -f /home/runner/work/_temp/a1ab9808-9227-49bb-adf5-d875e610124b
quality	Set up Node.js	2026-10-06T19:49:28.7756479Z Adding to the cache ...
quality	Set up Node.js	2026-10-06T19:49:30.8066479Z ##[group]Environment details
quality	Set up Node.js	2026-10-06T19:49:31.0333116Z node: v22.19.0
quality	Set up Node.js	2026-10-06T19:49:31.0333709Z npm: 10.9.3
quality	Set up Node.js	2026-10-06T19:49:31.0334082Z yarn: 1.22.22
quality	Set up Node.js	2026-10-06T19:49:31.0335402Z ##[endgroup]
quality	Set up Node.js	2026-10-06T19:49:31.0356956Z [command]/opt/hostedtoolcache/node/22.19.0/x64/bin/npm config get cache
quality	Set up Node.js	2026-10-06T19:49:31.1270961Z /home/runner/.npm
quality	Set up Node.js	2026-10-06T19:49:31.2117163Z Cache hit for: node-cache-Linux-x64-npm-10814bf6a9b3425e4439228b49ba4cf939f8eb2330a3aa16df8c28fbc3e13a4b
quality	Set up Node.js	2026-10-06T19:49:31.2241349Z (node:2269) [DEP0169] DeprecationWarning: `url.parse()` behavior is not standardized and prone to errors that have security implications. Use the WHATWG URL API instead. CVEs are not issued for `url.parse()` vulnerabilities.
quality	Set up Node.js	2026-10-06T19:49:31.6141327Z Received 66368469 of 66368469 (100.0%), 174.8 MBs/sec
quality	Set up Node.js	2026-10-06T19:49:31.6142155Z Cache Size: ~63 MB (66368469 B)
quality	Set up Node.js	2026-10-06T19:49:31.6201661Z [command]/usr/bin/tar -xf /home/runner/work/_temp/56e974a4-8949-407f-945d-3b88978f0344/cache.tzst -P -C /home/runner/work/pi-goal-list-loop-audit/pi-goal-list-loop-audit --use-compress-program unzstd
quality	Set up Node.js	2026-10-06T19:49:31.9207058Z Cache restored successfully
quality	Set up Node.js	2026-10-06T19:49:31.9259205Z Cache restored from key: node-cache-Linux-x64-npm-10814bf6a9b3425e4439228b49ba4cf939f8eb2330a3aa16df8c28fbc3e13a4b
quality	Install the test runner	﻿2026-10-06T19:49:31.9556717Z ##[group]Run oven-sh/setup-bun@v2
quality	Install the test runner	2026-10-06T19:49:31.9557059Z with:
quality	Install the test runner	2026-10-06T19:49:31.9557283Z   bun-version: 1.3.14
quality	Install the test runner	2026-10-06T19:49:31.9557514Z   no-cache: false
quality	Install the test runner	2026-10-06T19:49:31.9560496Z   token: ***
quality	Install the test runner	2026-10-06T19:49:31.9560722Z ##[endgroup]
quality	Install the test runner	2026-10-06T19:49:32.2264799Z Cache hit for: bun-fR4r1tsFeXfPQkusQwkKD2kGnsE=
quality	Install the test runner	2026-10-06T19:49:32.5186460Z Received 33843768 of 33843768 (100.0%), 128.6 MBs/sec
quality	Install the test runner	2026-10-06T19:49:32.5187790Z Cache Size: ~32 MB (33843768 B)
quality	Install the test runner	2026-10-06T19:49:32.5224548Z [command]/usr/bin/tar -xf /home/runner/work/_temp/9280a240-4d0d-48cc-b4ff-4f57e8aed95f/cache.tzst -P -C /home/runner/work/pi-goal-list-loop-audit/pi-goal-list-loop-audit --use-compress-program unzstd
quality	Install the test runner	2026-10-06T19:49:32.7027104Z Cache restored successfully
quality	Install the test runner	2026-10-06T19:49:32.7050822Z [command]/home/runner/.bun/bin/bun --revision
quality	Install the test runner	2026-10-06T19:49:32.7102236Z 1.3.14+0d9b296af
quality	Install the test runner	2026-10-06T19:49:32.7111155Z Using a cached version of Bun: 1.3.14+0d9b296af
quality	Install project dependencies	﻿2026-10-06T19:49:32.7257535Z ##[group]Run npm ci
quality	Install project dependencies	2026-10-06T19:49:32.7257882Z ^[[36;1mnpm ci^[[0m
quality	Install project dependencies	2026-10-06T19:49:32.7536393Z shell: /usr/bin/bash -e {0}
quality	Install project dependencies	2026-10-06T19:49:32.7536768Z ##[endgroup]
quality	Install project dependencies	2026-10-06T19:49:35.7139471Z npm warn deprecated node-domexception@1.0.0: Use your platform's native DOMException instead
quality	Install project dependencies	2026-10-06T19:49:35.7177098Z npm warn deprecated node-domexception@1.0.0: Use your platform's native DOMException instead
quality	Install project dependencies	2026-10-06T19:49:39.9936309Z 
quality	Install project dependencies	2026-10-06T19:49:39.9937285Z added 228 packages, and audited 229 packages in 7s
quality	Install project dependencies	2026-10-06T19:49:39.9937679Z 
quality	Install project dependencies	2026-10-06T19:49:39.9937907Z 12 packages are looking for funding
quality	Install project dependencies	2026-10-06T19:49:39.9938437Z   run `npm fund` for details
quality	Install project dependencies	2026-10-06T19:49:39.9959475Z 
quality	Install project dependencies	2026-10-06T19:49:39.9959895Z 1 high severity vulnerability
quality	Install project dependencies	2026-10-06T19:49:39.9960276Z 
quality	Install project dependencies	2026-10-06T19:49:39.9960759Z To address all issues, run:
quality	Install project dependencies	2026-10-06T19:49:39.9961102Z   npm audit fix
quality	Install project dependencies	2026-10-06T19:49:39.9961271Z 
quality	Install project dependencies	2026-10-06T19:49:39.9961433Z Run `npm audit` for details.
quality	Run the release contract	﻿2026-10-06T19:49:40.0706729Z ##[group]Run npm run release:check
quality	Run the release contract	2026-10-06T19:49:40.0707093Z ^[[36;1mnpm run release:check^[[0m
quality	Run the release contract	2026-10-06T19:49:40.0772439Z shell: /usr/bin/bash -e {0}
quality	Run the release contract	2026-10-06T19:49:40.0772751Z ##[endgroup]
quality	Run the release contract	2026-10-06T19:49:40.1741544Z 
quality	Run the release contract	2026-10-06T19:49:40.1742429Z > pi-goal-list-loop-audit@0.39.13 release:check
quality	Run the release contract	2026-10-06T19:49:40.1743233Z > npm run test:all && npm run check:inventory && npm pack --dry-run && node scripts/release-pack-smoke.mjs
quality	Run the release contract	2026-10-06T19:49:40.1743680Z 
quality	Run the release contract	2026-10-06T19:49:40.2724548Z 
quality	Run the release contract	2026-10-06T19:49:40.2725385Z > pi-goal-list-loop-audit@0.39.13 test:all
quality	Run the release contract	2026-10-06T19:49:40.2726605Z > node scripts/run-tests.mjs --all && tsc --noEmit && node tests/repro-jiti-state-split.test.mjs && npm run test:auditor-extensions
quality	Run the release contract	2026-10-06T19:49:40.2727285Z 
quality	Run the release contract	2026-10-06T19:49:40.3060974Z [run-tests] mode=all slow_files=12 stall_timeout=180s heartbeat=30s
quality	Run the release contract	2026-10-06T19:49:40.3145285Z bun test v1.3.14 (0d9b296a) 1x PARALLEL
quality	Run the release contract	2026-10-06T19:49:40.3289196Z 
quality	Run the release contract	2026-10-06T19:49:40.3290850Z ##[group]tests/reviewer-source-curation.test.ts:
quality	Run the release contract	2026-10-06T19:49:40.9555325Z (pass) stripCodeSpans removes fenced blocks and inline spans [0.31ms]
quality	Run the release contract	2026-10-06T19:49:40.9577313Z (pass) the 4 junk lines from the 0.26.3 misfire extract NOTHING through the curated pipeline [0.77ms]
quality	Run the release contract	2026-10-06T19:49:40.9578746Z (pass) brace-led and quote-led lines are code-ish, never findings [0.25ms]
quality	Run the release contract	2026-10-06T19:49:40.9580270Z (pass) fireReviewer only mines disapproved/error audit reports, never approved ones [0.45ms]
quality	Run the release contract	2026-10-06T19:49:40.9581548Z (pass) v0.35.72: postaudit proposal counts only when safeSteerUser delivers [0.26ms]
quality	Run the release contract	2026-10-06T19:49:40.9583044Z (pass) automatic postaudit excludes archived objective/contract metadata; manual review retains it [0.16ms]
quality	Run the release contract	2026-10-06T19:49:40.9597562Z (pass) a DISAPPROVED report's required-fixes extract as findings; an APPROVED meta-report is inert [2.32ms]
quality	Run the release contract	2026-10-06T19:49:40.9600248Z (pass) superseded-disapproval curation: a disapproval answered by a later approval is NOT re-mined [0.34ms]
quality	Run the release contract	2026-10-06T19:49:40.9605217Z (pass) real prose findings still classify after curation [0.22ms]
quality	Run the release contract	2026-10-06T19:49:40.9606844Z 
quality	Run the release contract	2026-10-06T19:49:40.9607742Z ##[endgroup]
quality	Run the release contract	2026-10-06T19:49:40.9613945Z 
quality	Run the release contract	2026-10-06T19:49:40.9615218Z ##[group]tests/revision-counter.test.ts:
quality	Run the release contract	2026-10-06T19:49:41.2121384Z (pass) bumpGoalRevision increments revision by exactly 1 [0.29ms]
quality	Run the release contract	2026-10-06T19:49:41.2150039Z (pass) bumpGoalRevision treats undefined revision as 0 [0.08ms]
quality	Run the release contract	2026-10-06T19:49:41.2151113Z (pass) captureGoalRevision returns null for null goal [0.09ms]
quality	Run the release contract	2026-10-06T19:49:41.2152077Z (pass) captureGoalRevision tokens match by value, not identity [0.16ms]
quality	Run the release contract	2026-10-06T19:49:41.2153137Z (pass) isGoalRevisionCurrent: matches when revision is unchanged [0.10ms]
quality	Run the release contract	2026-10-06T19:49:41.2154150Z (pass) isGoalRevisionCurrent: refuses when revision bumped [0.10ms]
quality	Run the release contract	2026-10-06T19:49:41.2155185Z (pass) isGoalRevisionCurrent: refuses when goal replaced [0.09ms]
quality	Run the release contract	2026-10-06T19:49:41.2156222Z (pass) isGoalRevisionCurrent: refuses when current goal is null [0.08ms]
quality	Run the release contract	2026-10-06T19:49:41.2157373Z (pass) isGoalRevisionCurrent: null token passes through (legacy compat) [0.06ms]
quality	Run the release contract	2026-10-06T19:49:41.2158632Z (pass) end-to-end: capture → mutate → refuse [0.17ms]
quality	Run the release contract	2026-10-06T19:49:41.2159522Z (pass) GoalRevisionToken shape carries only goalId+revision [0.08ms]
quality	Run the release contract	2026-10-06T19:49:41.2160226Z 
quality	Run the release contract	2026-10-06T19:49:41.2160752Z ##[endgroup]
quality	Run the release contract	2026-10-06T19:49:41.2160964Z 
quality	Run the release contract	2026-10-06T19:49:41.2161518Z ##[group]tests/compactor-worker-lifecycle.test.ts:
quality	Run the release contract	2026-10-06T19:49:41.5891815Z (pass) compactor cleans its Pi tree on SIGTERM, including inherited pipes and TERM-ignoring children [107.41ms]
quality	Run the release contract	2026-10-06T19:49:44.6539295Z (pass) compactor cleans its Pi tree on timeout, including inherited pipes and TERM-ignoring children [3064.78ms]
quality	Run the release contract	2026-10-06T19:49:45.1196981Z (pass) compactor cleans its Pi tree on normal, including inherited pipes and TERM-ignoring children [465.75ms]
quality	Run the release contract	2026-10-06T19:49:45.5862647Z (pass) compactor cleans its Pi tree on result-write-failure, including inherited pipes and TERM-ignoring children [466.43ms]
quality	Run the release contract	2026-10-06T19:49:45.5864788Z 
quality	Run the release contract	2026-10-06T19:49:45.5865587Z ##[endgroup]
quality	Run the release contract	2026-10-06T19:49:45.5883351Z 
quality	Run the release contract	2026-10-06T19:49:45.5883929Z ##[group]tests/terminal-approval-render.test.ts:
quality	Run the release contract	2026-10-06T19:49:45.8655074Z (pass) skipped challenges are disclosed in chat, transcript, and archive evidence [16.53ms]
quality	Run the release contract	2026-10-06T19:49:45.8665287Z (pass) canonical render folds a lone approval with the verdict count, model-free [1.15ms]
quality	Run the release contract	2026-10-06T19:49:45.8679095Z (pass) standalone audit bullet survives only with news [1.41ms]
quality	Run the release contract	2026-10-06T19:49:45.8684063Z (pass) counts line proofs the audit verdict from durable state only [0.49ms]
quality	Run the release contract	2026-10-06T19:49:45.8686040Z (pass) buildApprovalChatLines stays backward compatible without counts [0.23ms]
quality	Run the release contract	2026-10-06T19:49:45.8703928Z (pass) v0.38.37 posted summary carries verifiable-result bullets plus the deliberate non-do [1.70ms]
quality	Run the release contract	2026-10-06T19:49:45.8757057Z (pass) idle-persisted render replays once on the next live contact [5.29ms]
quality	Run the release contract	2026-10-06T19:49:45.8786106Z (pass) render with confirmed delivery never replays [2.92ms]
quality	Run the release contract	2026-10-06T19:49:45.8790647Z (pass) corrupt store degrades to zero replays, never throws [0.47ms]
quality	Run the release contract	2026-10-06T19:49:45.8800023Z (pass) v0.38.39 chat brief strips machine paths but the archive keeps them [0.89ms]
quality	Run the release contract	2026-10-06T19:49:45.8801746Z (pass) v0.38.39 clause cut respects +-joined lists [0.19ms]
quality	Run the release contract	2026-10-06T19:49:45.8853050Z (pass) second approval for the same goal after delivery queues a fresh render [5.08ms]
quality	Run the release contract	2026-10-06T19:49:45.8857649Z (pass) error-only audit history renders an honest archive banner with no review row [0.48ms]
quality	Run the release contract	2026-10-06T19:49:45.8905569Z (pass) unreadable outbox refuses enqueue without replacing an earlier pending render [4.76ms]
quality	Run the release contract	2026-10-06T19:49:45.8966002Z (pass) malformed and partially invalid stores preserve bytes and refuse mutations [5.94ms]
quality	Run the release contract	2026-10-06T19:49:45.9010316Z (pass) delivery callback enqueue survives acknowledgement and replays on next contact [4.50ms]
quality	Run the release contract	2026-10-06T19:49:45.9057793Z (pass) nested replay neither repeats the in-flight render nor restores acknowledged entries [4.70ms]
quality	Run the release contract	2026-10-06T19:49:45.9196693Z (pass) refusal rotation preserves callback enqueues and makes them reachable next contact [13.91ms]
quality	Run the release contract	2026-10-06T19:49:45.9197173Z 
quality	Run the release contract	2026-10-06T19:49:45.9197527Z ##[endgroup]
quality	Run the release contract	2026-10-06T19:49:45.9200717Z 
quality	Run the release contract	2026-10-06T19:49:45.9201148Z ##[group]tests/goal-timeline.test.ts:
quality	Run the release contract	2026-10-06T19:49:46.1637293Z (pass) timeline: routes as a goal subcommand with optional count [0.47ms]
quality	Run the release contract	2026-10-06T19:49:46.1639197Z (pass) timeline: merges ledger events and verdicts in time order, humanized [1.81ms]
quality	Run the release contract	2026-10-06T19:49:46.1642469Z (pass) timeline: unknown types render compactly, noise and foreign goals excluded [0.41ms]
quality	Run the release contract	2026-10-06T19:49:46.1643628Z (pass) timeline: honors the limit with a truncation note [0.23ms]
quality	Run the release contract	2026-10-06T19:49:46.1651690Z (pass) timeline: next action derives from live state [0.52ms]
quality	Run the release contract	2026-10-06T19:49:46.3291161Z (pass) timeline: /goal timeline renders the live goal end to end [165.73ms]
quality	Run the release contract	2026-10-06T19:49:46.3291942Z 
quality	Run the release contract	2026-10-06T19:49:46.3292961Z ##[endgroup]
quality	Run the release contract	2026-10-06T19:49:46.3294281Z 
quality	Run the release contract	2026-10-06T19:49:46.3294902Z ##[group]tests/list-invisible-restart.test.ts:
quality	Run the release contract	2026-10-06T19:49:46.7653092Z (pass) v0.35.21: session_start converges a disk-sidecar queue the state ledger lost, and the widget renders it [204.68ms]
quality	Run the release contract	2026-10-06T19:49:46.9385018Z (pass) v0.35.61: a waiting-only queue is visible and startable without a reload [173.14ms]
quality	Run the release contract	2026-10-06T19:49:47.1081522Z (pass) v0.35.61: silent host replacement rehydrates a sidecar-only waiting queue before repaint [169.15ms]
quality	Run the release contract	2026-10-06T19:49:47.2771507Z (pass) v0.35.72: a newer known sidecar reconciles the in-memory queue item [165.26ms]
quality	Run the release contract	2026-10-06T19:49:47.4443168Z (pass) v0.35.72: activation refuses when the durable sidecar cannot be removed [170.82ms]
quality	Run the release contract	2026-10-06T19:49:47.6079531Z (pass) v0.35.21: convergence is idempotent — an item present in BOTH state and sidecar is not duplicated [163.82ms]
quality	Run the release contract	2026-10-06T19:49:47.6105895Z 
quality	Run the release contract	2026-10-06T19:49:47.6106752Z ##[endgroup]
quality	Run the release contract	2026-10-06T19:49:47.6107157Z 
quality	Run the release contract	2026-10-06T19:49:47.6108078Z ##[group]tests/no-provider-smoke.test.mjs:
quality	Run the release contract	2026-10-06T19:49:48.4945252Z (pass) GLLA loads without the optional pi-subagents provider [634.85ms]
quality	Run the release contract	2026-10-06T19:49:48.4945892Z 
quality	Run the release contract	2026-10-06T19:49:48.4946436Z ##[endgroup]
quality	Run the release contract	2026-10-06T19:49:48.4948547Z 
quality	Run the release contract	2026-10-06T19:49:48.4949135Z ##[group]tests/context-overflow-recovery.test.ts:
quality	Run the release contract	2026-10-06T19:49:48.7526380Z (pass) v0.34.116: classifyMainModelFailure accepts an isContextOverflow override [0.32ms]
quality	Run the release contract	2026-10-06T19:49:48.7528009Z (pass) v0.34.116: context-overflow override routes to a context-overflow kind, not non-recoverable [0.10ms]
quality	Run the release contract	2026-10-06T19:49:48.7530870Z (pass) v0.34.116: helper isContextOverflowError covers the same surface as the legacy non-recoverable regex [0.16ms]
quality	Run the release contract	2026-10-06T19:49:48.7532845Z (pass) v0.34.116: recoverFromContextOverflow is exported and routes through tryMainModelFallback [0.20ms]
quality	Run the release contract	2026-10-06T19:49:48.7534441Z (pass) v0.34.116: observeCompactFailure is the one-liner surface (notify + ledger) [0.17ms]
quality	Run the release contract	2026-10-06T19:49:48.7536125Z (pass) v0.34.116: tryMainModelFallback opens context-overflow (it is the only rotation kind beyond provider failures) [0.18ms]
quality	Run the release contract	2026-10-06T19:49:48.7541137Z (pass) v0.34.116: agent_end context-starved branch detects recent compaction and walks the chain [0.83ms]
quality	Run the release contract	2026-10-06T19:49:48.7542131Z 
quality	Run the release contract	2026-10-06T19:49:48.7543009Z ##[endgroup]
quality	Run the release contract	2026-10-06T19:49:48.7604153Z 
quality	Run the release contract	2026-10-06T19:49:48.7605373Z ##[group]tests/completion-communication.test.ts:
quality	Run the release contract	2026-10-06T19:49:50.1575860Z (pass) pending is nonterminal; approval delivers durable concrete summary (idle=true) [1150.57ms]
quality	Run the release contract	2026-10-06T19:49:51.2242757Z (pass) pending is nonterminal; approval delivers durable concrete summary (idle=false) [1066.69ms]
quality	Run the release contract	2026-10-06T19:49:52.2688226Z (pass) complete_goal leftOut renders the deliberate-non-do bullet end to end [1044.61ms]
quality	Run the release contract	2026-10-06T19:49:53.3533559Z (pass) complete_goal findingGroups ride the claim into the grouped terminal render [1084.47ms]
quality	Run the release contract	2026-10-06T19:49:53.9104985Z (pass) disapproval remains unfinished, no final success is posted [557.09ms]
quality	Run the release contract	2026-10-06T19:49:54.9827061Z (pass) archive write failure never emits a terminal success [1072.23ms]
quality	Run the release contract	2026-10-06T19:50:10.3126759Z [run-tests] progress: 30s elapsed · 15s since last output · 6 KiB of suite output
quality	Run the release contract	2026-10-06T19:50:11.0465179Z (pass) approval summary does not replace independent next-item continuation [16063.79ms]
quality	Run the release contract	2026-10-06T19:50:12.0919716Z (pass) outbox write failure warns without claiming summary delivery [1045.42ms]
quality	Run the release contract	2026-10-06T19:50:12.0920608Z 
quality	Run the release contract	2026-10-06T19:50:12.0927520Z ##[endgroup]
quality	Run the release contract	2026-10-06T19:50:12.0927863Z 
quality	Run the release contract	2026-10-06T19:50:12.0928311Z ##[group]tests/stale-api-terminal.test.ts:
quality	Run the release contract	2026-10-06T19:50:12.3894214Z (pass) isStaleApiError matches pi's exact stale signature, rejects everything else [0.81ms]
quality	Run the release contract	2026-10-06T19:50:12.3921813Z (pass) both autonomous send paths detect staleness and auto-recover before terminal [0.45ms]
quality	Run the release contract	2026-10-06T19:50:12.3951856Z (pass) terminal path: ledger event, single-fire, goal ACTIVE+marker / loop stop with restart guidance [0.75ms]
quality	Run the release contract	2026-10-06T19:50:12.3981250Z (pass) v0.29.11 — heartbeat PROBES staleness before burning stall refires [0.47ms]
quality	Run the release contract	2026-10-06T19:50:12.4002500Z (pass) v0.30.0 — rebind-first survival: session_shutdown attribution, session_start rebind, zombie stand-down [2.47ms]
quality	Run the release contract	2026-10-06T19:50:12.4040928Z (pass) v0.35.72: pause and low-level activity cannot settle unrelated automatic dispatches [0.28ms]
quality	Run the release contract	2026-10-06T19:50:12.4071223Z (pass) v0.29.11 — stale/stall-stopped loops HOLD on next load (resume, not restart-from-scratch) [1.61ms]
quality	Run the release contract	2026-10-06T19:50:12.4101109Z (pass) v0.29.12 — /glla resume is stale-aware (the zombie must not say 'Nothing to resume') [0.42ms]
quality	Run the release contract	2026-10-06T19:50:12.4121524Z (pass) v0.34.16 — lifecycle handoff replaces terminal keystroke recovery [1.71ms]
quality	Run the release contract	2026-10-06T19:50:12.4123964Z (pass) v0.34.16 — lifecycle recovery has no multiplexer dependency [1.53ms]
quality	Run the release contract	2026-10-06T19:50:12.4125148Z (pass) v0.34.16 — stale paths never inject terminal input [1.43ms]
quality	Run the release contract	2026-10-06T19:50:12.4126336Z (pass) send paths short-circuit once stale (no retry-into-the-void) [0.14ms]
quality	Run the release contract	2026-10-06T19:50:12.4127403Z (pass) only an admitted host session claims the API and resets session state [0.77ms]
quality	Run the release contract	2026-10-06T19:50:12.4128285Z (pass) v0.32.0: audit-opportunistic fix batch — dispose, keys, caps, message [7.14ms]
quality	Run the release contract	2026-10-06T19:50:12.4129033Z (pass) v0.34.94: heartbeat only self-heals when the API and context are fresh [0.83ms]
quality	Run the release contract	2026-10-06T19:50:12.4130195Z (pass) v0.38.104: the preserved heartbeat releases its handle and re-arms across a generation bump [0.26ms]
quality	Run the release contract	2026-10-06T19:50:12.4132459Z 
quality	Run the release contract	2026-10-06T19:50:12.4133809Z ##[endgroup]
quality	Run the release contract	2026-10-06T19:50:12.4134088Z 
quality	Run the release contract	2026-10-06T19:50:12.4134586Z ##[group]tests/glla-status-ux.test.ts:
quality	Run the release contract	2026-10-06T19:50:13.2493087Z (pass) v0.35.15: auditing footer carries a distinct phase glyph AND an activity meter element for every auditor phase [0.77ms]
quality	Run the release contract	2026-10-06T19:50:13.2495064Z (pass) v0.35.15: activity meter drains as worker silence grows (full at fresh, empty past the quiet threshold) [0.22ms]
quality	Run the release contract	2026-10-06T19:50:13.2500530Z (pass) v0.35.15: ⏸ supervisor chip leads the footer in every lifecycle branch when paused [0.46ms]
quality	Run the release contract	2026-10-06T19:50:13.2507909Z (pass) v0.35.15: a recently ended quiet stretch shows 'silent Xm then resumed' in the widget; stale stretches stay hidden [0.98ms]
quality	Run the release contract	2026-10-06T19:50:13.2522698Z (pass) v0.35.15: quiet watcher notifies EXACTLY ONCE on entering the quiet phase, records the stretch on resume [1.49ms]
quality	Run the release contract	2026-10-06T19:50:13.2531055Z (pass) v0.35.15: quiet watcher stays silent while the supervisor is paused (it IS automatic machinery) [0.79ms]
quality	Run the release contract	2026-10-06T19:50:13.5073616Z (pass) v0.35.15: every automatic dispatch point gates on supervisorPaused [252.76ms]
quality	Run the release contract	2026-10-06T19:50:13.9988893Z (pass) v0.35.15: /glla pause persists a durable flag, leaves the active goal untouched, and survives a disk reload [492.79ms]
quality	Run the release contract	2026-10-06T19:50:14.3184534Z (pass) v0.35.15: /glla resume clears the freeze, reports the frozen duration, and never lies 'Nothing to resume' [319.06ms]
quality	Run the release contract	2026-10-06T19:50:14.3194529Z (pass) v0.38.104: the working-card tool argument is cut cell-aware, never mid-surrogate [1.10ms]
quality	Run the release contract	2026-10-06T19:50:14.3195699Z 
quality	Run the release contract	2026-10-06T19:50:14.3196232Z ##[endgroup]
quality	Run the release contract	2026-10-06T19:50:14.3198322Z 
quality	Run the release contract	2026-10-06T19:50:14.3198872Z ##[group]tests/audit-tier-record.test.ts:
quality	Run the release contract	2026-10-06T19:50:15.0406280Z (pass) tier-record: a small quiet claim audits light and records the tier [448.16ms]
quality	Run the release contract	2026-10-06T19:50:15.4569621Z (pass) tier-record: spot-check rate 1 forces full and marks the verdict [416.36ms]
quality	Run the release contract	2026-10-06T19:50:15.8691096Z (pass) tier-record: complete_goal requestFullAudit escalates one claim [412.11ms]
quality	Run the release contract	2026-10-06T19:50:16.0162320Z (pass) tier-record: draft consent sets fullAudit, shows the notice, ledgers consent [145.76ms]
quality	Run the release contract	2026-10-06T19:50:16.1596561Z (pass) tier-record: batch drafts refuse fullAudit instead of dropping it [142.97ms]
quality	Run the release contract	2026-10-06T19:50:16.2934571Z (pass) tier-record: single list drafts refuse fullAudit instead of dropping it [135.54ms]
quality	Run the release contract	2026-10-06T19:50:16.2970372Z 
quality	Run the release contract	2026-10-06T19:50:16.2978095Z ##[endgroup]
quality	Run the release contract	2026-10-06T19:50:16.2978639Z 
quality	Run the release contract	2026-10-06T19:50:16.2979377Z ##[group]tests/stats-challenges.test.ts:
quality	Run the release contract	2026-10-06T19:50:16.5573170Z (pass) challenges: confirmed/flipped/skipped counts over all verdicts, legacy ignored [1.44ms]
quality	Run the release contract	2026-10-06T19:50:16.5594566Z (pass) challenges: empty ledgers zero out, flip rate renders em-dash without challenged runs [0.69ms]
quality	Run the release contract	2026-10-06T19:50:16.5598696Z (pass) challenges: table and JSON formats mirror the schema [0.45ms]
quality	Run the release contract	2026-10-06T19:50:16.5600245Z (pass) challenges: light-tier verdicts and spot-check flips count separately [0.51ms]
quality	Run the release contract	2026-10-06T19:50:16.5600914Z 
quality	Run the release contract	2026-10-06T19:50:16.5601397Z ##[endgroup]
quality	Run the release contract	2026-10-06T19:50:16.5601543Z 
quality	Run the release contract	2026-10-06T19:50:16.5602226Z ##[group]tests/auditor-stderr-diagnostic.test.ts:
quality	Run the release contract	2026-10-06T19:50:16.8153481Z (pass) a lone BEL flush contributes nothing (field bug: 90+ errors recorded only BEL) [0.36ms]
quality	Run the release contract	2026-10-06T19:50:16.8180901Z (pass) stderr chunks accumulate in order [0.16ms]
quality	Run the release contract	2026-10-06T19:50:16.8211818Z (pass) OSC sequences and control bytes are stripped, printable text kept [0.16ms]
quality	Run the release contract	2026-10-06T19:50:16.8229149Z (pass) tab, LF, and CR survive; other C0 controls do not [0.07ms]
quality	Run the release contract	2026-10-06T19:50:16.8241033Z (pass) accumulation is bounded, keeping the tail [0.89ms]
quality	Run the release contract	2026-10-06T19:50:16.8270192Z 
quality	Run the release contract	2026-10-06T19:50:16.8300639Z ##[endgroup]
quality	Run the release contract	2026-10-06T19:50:16.8305041Z 
quality	Run the release contract	2026-10-06T19:50:16.8330748Z ##[group]tests/glla-table-menu.test.ts:
quality	Run the release contract	2026-10-06T19:50:17.1066892Z (pass) render: title row [6.45ms]
quality	Run the release contract	2026-10-06T19:50:17.1075372Z (pass) grouped entry points can open a specific settings section [0.93ms]
quality	Run the release contract	2026-10-06T19:50:17.1084987Z (pass) render: tabs row lists all 8 sections [0.97ms]
quality	Run the release contract	2026-10-06T19:50:17.1093629Z (pass) main agent tab starts with the current agent and drills in [0.87ms]
quality	Run the release contract	2026-10-06T19:50:17.1100622Z (pass) render: at width=120, the keep-going section renders its rows (v0.28.23: +decisionPopup) [0.63ms]
quality	Run the release contract	2026-10-06T19:50:17.1110902Z (pass) render: active row uses a full-width selected background [1.05ms]
quality	Run the release contract	2026-10-06T19:50:17.1117368Z (pass) render: compact header row has KEY, VALUE, SOURCE columns [0.66ms]
quality	Run the release contract	2026-10-06T19:50:17.1122941Z (pass) render: compact mode never exceeds terminal width even with a long VALUE in another section [0.53ms]
quality	Run the release contract	2026-10-06T19:50:17.1128318Z (pass) render: footer pin includes the optional details toggle [0.55ms]
quality	Run the release contract	2026-10-06T19:50:17.1129572Z (pass) nav: Enter on the first row emits that row's id [0.13ms]
quality	Run the release contract	2026-10-06T19:50:17.1131347Z (pass) nav: Down arrow moves to the next visible row [0.20ms]
quality	Run the release contract	2026-10-06T19:50:17.1133822Z (pass) nav: Down wrapping at the end of a section wraps to 0 [0.24ms]
quality	Run the release contract	2026-10-06T19:50:17.1134886Z (pass) nav: Esc emits undefined (close) [0.09ms]
quality	Run the release contract	2026-10-06T19:50:17.1136237Z (pass) nav: Tab advances to the next section [0.14ms]
quality	Run the release contract	2026-10-06T19:50:17.1138741Z (pass) nav: Back-tab (\x1b[Z) retreats to the previous section [0.10ms]
quality	Run the release contract	2026-10-06T19:50:17.1140053Z (pass) nav: Right-arrow CSI sequence (\x1b[C) advances section [0.06ms]
quality	Run the release contract	2026-10-06T19:50:17.1141126Z (pass) nav: Left-arrow CSI sequence (\x1b[D) retreats section [0.11ms]
quality	Run the release contract	2026-10-06T19:50:17.1160363Z (pass) details toggle: narrow descriptions are readable in a wrapped pane [1.94ms]
quality	Run the release contract	2026-10-06T19:50:17.1180308Z (pass) details toggle: at width=120 the description column shows most of the row text [1.90ms]
quality	Run the release contract	2026-10-06T19:50:17.1188203Z (pass) cache: identical renders at the same width return the same array reference [0.89ms]
quality	Run the release contract	2026-10-06T19:50:17.1203993Z (pass) cache: state change invalidates cache (move → next render produces new lines) [1.47ms]
quality	Run the release contract	2026-10-06T19:50:17.1223278Z (pass) compact view expands VALUE so model + thinking are visible [1.03ms]
quality	Run the release contract	2026-10-06T19:50:17.1224571Z (pass) structural: Class implements Component (has render + invalidate + handleInput) [0.06ms]
quality	Run the release contract	2026-10-06T19:50:17.1226351Z (pass) structural: buildSettingsRows returns ≥20 rows across all 8 sections (coverage) [0.61ms]
quality	Run the release contract	2026-10-06T19:50:17.1228807Z (pass) render: tab bar is color-only (v0.28.19: brackets dropped), all sections present [0.92ms]
quality	Run the release contract	2026-10-06T19:50:17.1241270Z (pass) render: a header rule with ┼ junctions follows the header row [1.20ms]
quality	Run the release contract	2026-10-06T19:50:17.1248067Z (pass) render: column separators align across header, rule, and every row (prefix counted) [0.64ms]
quality	Run the release contract	2026-10-06T19:50:17.1253594Z (pass) render: a too-long VALUE is truncated with … — it must NOT break the grid [0.53ms]
quality	Run the release contract	2026-10-06T19:50:17.1270046Z (pass) render: column widths are stable across tab switches (no grid reflow) [1.63ms]
quality	Run the release contract	2026-10-06T19:50:17.1270632Z 
quality	Run the release contract	2026-10-06T19:50:17.1270981Z ##[endgroup]
quality	Run the release contract	2026-10-06T19:50:17.1273849Z 
quality	Run the release contract	2026-10-06T19:50:17.1274425Z ##[group]tests/overdue-backstop.test.ts:
quality	Run the release contract	2026-10-06T19:50:17.7788990Z (pass) S9 (continuation route): overdue agent wait resumes exactly once — park-clear lands, then latch + ledger [401.96ms]
quality	Run the release contract	2026-10-06T19:50:18.1653656Z (pass) S9 (probe route): probe no-op releases the overdue latch so the next tick retries [386.44ms]
quality	Run the release contract	2026-10-06T19:50:18.5501650Z (pass) S9: failed durable resume leaves the wait retriable on the next heartbeat [384.81ms]
quality	Run the release contract	2026-10-06T19:50:18.5502464Z 
quality	Run the release contract	2026-10-06T19:50:18.5502848Z ##[endgroup]
quality	Run the release contract	2026-10-06T19:50:18.5506217Z 
quality	Run the release contract	2026-10-06T19:50:18.5506657Z ##[group]tests/glla-update-check.test.ts:
quality	Run the release contract	2026-10-06T19:50:18.8275466Z (pass) compareVersions orders semver-ish strings and shrugs at garbage [0.42ms]
quality	Run the release contract	2026-10-06T19:50:18.8277178Z (pass) staleUpdateNudge fires only when the cache proves the registry is ahead [0.13ms]
quality	Run the release contract	2026-10-06T19:50:18.8278648Z (pass) buildVersionTail always names the running version, nudges only when stale [0.12ms]
quality	Run the release contract	2026-10-06T19:50:18.8280429Z (pass) readUpdateCheck returns null for missing, malformed, and future-dated caches [0.86ms]
quality	Run the release contract	2026-10-06T19:50:18.8281844Z (pass) refreshUpdateCheck skips spawn while the cache is within TTL [0.31ms]
quality	Run the release contract	2026-10-06T19:50:18.8283238Z (pass) refreshUpdateCheck shells npm view when stale and caches the latest [0.72ms]
quality	Run the release contract	2026-10-06T19:50:18.8284609Z (pass) refreshUpdateCheck never throws and never writes on registry failure [0.66ms]
quality	Run the release contract	2026-10-06T19:50:18.8285966Z (pass) async spawn error is swallowed, never crashes, never writes [0.39ms]
quality	Run the release contract	2026-10-06T19:50:18.8287115Z (pass) non-version npm stdout never poisons the sidecar [0.39ms]
quality	Run the release contract	2026-10-06T19:50:18.8288368Z (pass) future-dated cache suppresses the spawn instead of causing one per contact [0.35ms]
quality	Run the release contract	2026-10-06T19:50:18.8289135Z 
quality	Run the release contract	2026-10-06T19:50:18.8289749Z ##[endgroup]
quality	Run the release contract	2026-10-06T19:50:18.8371363Z 
quality	Run the release contract	2026-10-06T19:50:18.8372893Z ##[group]tests/quota-sleep-until-reset.test.ts:
quality	Run the release contract	2026-10-06T19:50:19.0807361Z (pass) quota sleep-until-reset: explicit upstream hint sleeps to reset, on the FIRST attempt too (v0.38.104) [1.97ms]
quality	Run the release contract	2026-10-06T19:50:19.0809707Z (pass) quota sleep-until-reset: hint never widens the 5h envelope [0.10ms]
quality	Run the release contract	2026-10-06T19:50:19.0810982Z (pass) quota sleep-until-reset: hintless quota failures keep the blind ladder [0.13ms]
quality	Run the release contract	2026-10-06T19:50:19.0811638Z (pass) quota sleep-until-reset: non-quota signals ignore hints [0.20ms]
quality	Run the release contract	2026-10-06T19:50:19.0811955Z 
quality	Run the release contract	2026-10-06T19:50:19.0812302Z ##[endgroup]
quality	Run the release contract	2026-10-06T19:50:19.0812433Z 
quality	Run the release contract	2026-10-06T19:50:19.0812745Z ##[group]tests/model-selector-parity.test.ts:
quality	Run the release contract	2026-10-06T19:50:19.3282593Z (pass) model selector parity — fallback set and ordering > subagent-like raw chains are normalized like main (cap 10, case-insensitive dedup, order retained) [0.34ms]
quality	Run the release contract	2026-10-06T19:50:19.3311612Z (pass) model selector parity — fallback set and ordering > selectors share fallback ordering and forbidden/unregistered walk [0.43ms]
quality	Run the release contract	2026-10-06T19:50:19.3336217Z 
quality	Run the release contract	2026-10-06T19:50:19.3344349Z ##[endgroup]
quality	Run the release contract	2026-10-06T19:50:19.3380034Z 
quality	Run the release contract	2026-10-06T19:50:19.3410640Z ##[group]tests/list-audit-state-root.test.ts:
quality	Run the release contract	2026-10-06T19:50:19.6399017Z (pass) list-audit fan-out reads findings from the configured sessionDir root [21.93ms]
quality	Run the release contract	2026-10-06T19:50:19.6400035Z 
quality	Run the release contract	2026-10-06T19:50:19.6400572Z ##[endgroup]
quality	Run the release contract	2026-10-06T19:50:19.6402203Z 
quality	Run the release contract	2026-10-06T19:50:19.6402841Z ##[group]tests/subagent-session-ledger.test.ts:
quality	Run the release contract	2026-10-06T19:50:20.2140767Z (pass) guard: a spawn observed before any session binds writes nothing [319.31ms]
quality	Run the release contract	2026-10-06T19:50:20.5227013Z (pass) Agent-tool spawn appends subagent_session (id + summary) to the ledger [308.67ms]
quality	Run the release contract	2026-10-06T19:50:21.1355431Z (pass) the reference survives a restart: the ledger entry persists across a /reload [612.78ms]
quality	Run the release contract	2026-10-06T19:50:21.4428425Z (pass) every spawn appends — re-observation of an id (resume/re-run) adds fresh evidence [307.27ms]
quality	Run the release contract	2026-10-06T19:50:21.7490018Z (pass) malformed payloads are dropped, not crashy [306.21ms]
quality	Run the release contract	2026-10-06T19:50:21.7490582Z 
quality	Run the release contract	2026-10-06T19:50:21.7491100Z ##[endgroup]
quality	Run the release contract	2026-10-06T19:50:21.7493506Z 
quality	Run the release contract	2026-10-06T19:50:21.7494105Z ##[group]tests/prompt-daemon-investigation.test.ts:
quality	Run the release contract	2026-10-06T19:50:22.0171411Z (pass) continuation prompt has the DETACHED COMMIT DETECTION section (item 30) [0.51ms]
quality	Run the release contract	2026-10-06T19:50:22.0191517Z (pass) daemon guidance includes the filter-branch inspection command [0.08ms]
quality	Run the release contract	2026-10-06T19:50:22.0192719Z 
quality	Run the release contract	2026-10-06T19:50:22.0193766Z ##[endgroup]
quality	Run the release contract	2026-10-06T19:50:22.0194283Z 
quality	Run the release contract	2026-10-06T19:50:22.0195080Z ##[group]tests/loop-pause.test.ts:
quality	Run the release contract	2026-10-06T19:50:22.2891789Z (pass) v0.38.27: /loop pause is routed in cmdLoop and clears the tick [0.68ms]
quality	Run the release contract	2026-10-06T19:50:22.2900907Z (pass) v0.38.27: /loop pause is registered in the help completions [0.34ms]
quality	Run the release contract	2026-10-06T19:50:22.2928502Z (pass) v0.38.27: RESUMABLE_STOP matches the pause stopReason so /loop resume picks it up [0.08ms]
quality	Run the release contract	2026-10-06T19:50:22.2960224Z 
quality	Run the release contract	2026-10-06T19:50:22.2975235Z ##[endgroup]
quality	Run the release contract	2026-10-06T19:50:22.2990276Z 
quality	Run the release contract	2026-10-06T19:50:22.3020808Z ##[group]tests/list-stale-context.test.ts:
quality	Run the release contract	2026-10-06T19:50:22.9744125Z (pass) v0.34.51: /list add on a stale handle is refused — honest recovery result, zero state mutation [334.77ms]
quality	Run the release contract	2026-10-06T19:50:23.2946950Z (pass) v0.34.51: /list remove, clear, cancel, next, tweak, pause, resume are all refused on a stale handle [320.10ms]
quality	Run the release contract	2026-10-06T19:50:23.6013612Z (pass) v0.34.51: the natural-language dump fallthrough is refused on a stale handle — drafting never starts [306.79ms]
quality	Run the release contract	2026-10-06T19:50:23.9171463Z (pass) v0.34.51: /list show and /list depth stay usable on a stale handle (inspect, don't mutate) [315.80ms]
quality	Run the release contract	2026-10-06T19:50:24.5354229Z (pass) v0.34.51: the honest recovery result — the refreshed session owns the command and the add lands [618.25ms]
quality	Run the release contract	2026-10-06T19:50:24.6952883Z (pass) v0.34.51: list_add and list_activate tools return the stale-context recovery result without mutating [158.38ms]
quality	Run the release contract	2026-10-06T19:50:24.6954490Z (pass) v0.34.51: source — cmdList captures the entry probe and gates every mutating path [1.22ms]
quality	Run the release contract	2026-10-06T19:50:24.6955046Z 
quality	Run the release contract	2026-10-06T19:50:24.6955546Z ##[endgroup]
quality	Run the release contract	2026-10-06T19:50:24.6955839Z 
quality	Run the release contract	2026-10-06T19:50:24.6956193Z ##[group]tests/contract-text-semantics.test.ts:
quality	Run the release contract	2026-10-06T19:50:24.9641268Z (pass) parser: supplied clause yields replacement data [0.51ms]
quality	Run the release contract	2026-10-06T19:50:24.9642514Z (pass) parser: omitted clause yields no contract and no clear signal [0.39ms]
quality	Run the release contract	2026-10-06T19:50:24.9648984Z (pass) parser: bare line-marker is an explicit clear [0.13ms]
quality	Run the release contract	2026-10-06T19:50:24.9650127Z (pass) parser: bare inline marker is an explicit clear and is stripped from the objective [0.13ms]
quality	Run the release contract	2026-10-06T19:50:24.9651524Z (pass) parser: bare marker followed by content still captures the contract block [0.12ms]
quality	Run the release contract	2026-10-06T19:50:25.1451435Z (pass) goal tweak: supplied clause replaces the stored contract [182.01ms]
quality	Run the release contract	2026-10-06T19:50:25.3217900Z (pass) goal tweak: omitted clause preserves the stored contract [173.71ms]
quality	Run the release contract	2026-10-06T19:50:25.5061416Z (pass) goal tweak: bare 'Done when:' clears the stored contract [184.62ms]
quality	Run the release contract	2026-10-06T19:50:25.7292610Z (pass) list tweak: supplied clause replaces the stored contract [224.88ms]
quality	Run the release contract	2026-10-06T19:50:25.9264283Z (pass) list tweak: omitted clause preserves the stored contract [197.85ms]
quality	Run the release contract	2026-10-06T19:50:26.1742173Z (pass) list tweak: bare 'Done when:' clears the stored contract [248.80ms]
quality	Run the release contract	2026-10-06T19:50:26.1745747Z 
quality	Run the release contract	2026-10-06T19:50:26.1746710Z ##[endgroup]
quality	Run the release contract	2026-10-06T19:50:26.1775667Z 
quality	Run the release contract	2026-10-06T19:50:26.1776298Z ##[group]tests/compaction-settled-boundary.test.ts:
quality	Run the release contract	2026-10-06T19:50:26.6394170Z (pass) idle loop dispatch checks the threshold without agent_settled (failure=false) [196.63ms]
quality	Run the release contract	2026-10-06T19:50:26.8313451Z (pass) idle loop dispatch checks the threshold without agent_settled (failure=true) [190.49ms]
quality	Run the release contract	2026-10-06T19:50:26.8525462Z (pass) settled and idle-send compaction preserve paused [22.30ms]
quality	Run the release contract	2026-10-06T19:50:26.8793743Z (pass) settled and idle-send compaction preserve auditing [22.38ms]
quality	Run the release contract	2026-10-06T19:50:26.9168766Z (pass) settled and idle-send compaction preserve frozen [41.24ms]
quality	Run the release contract	2026-10-06T19:50:26.9451262Z (pass) settled and idle-send compaction preserve aborted [26.02ms]
quality	Run the release contract	2026-10-06T19:50:27.1076958Z (pass) idle list advancement checks compaction before dispatching the next task [166.69ms]
quality	Run the release contract	2026-10-06T19:50:27.6071425Z (pass) busy agent_end defers the 200k trigger to agent_settled, then work resumes after compaction [492.26ms]
quality	Run the release contract	2026-10-06T19:50:27.6593176Z (pass) completed compaction is named accurately and remains inspectable through public status [58.57ms]
quality	Run the release contract	2026-10-06T19:50:27.6688839Z 
quality	Run the release contract	2026-10-06T19:50:27.6715221Z ##[endgroup]
quality	Run the release contract	2026-10-06T19:50:27.6719701Z 
quality	Run the release contract	2026-10-06T19:50:27.6721294Z ##[group]tests/confirm-draft.test.ts:
quality	Run the release contract	2026-10-06T19:50:27.9270754Z (pass) buildConfirmDraftMarkdown: title is the H1, body follows [0.33ms]
quality	Run the release contract	2026-10-06T19:50:27.9442401Z (pass) ConfirmDraftComponent renders the title, body, and all three choices [18.51ms]
quality	Run the release contract	2026-10-06T19:50:27.9467280Z (pass) ConfirmDraftComponent: first choice selected, no-throw on input/invalidate [2.72ms]
quality	Run the release contract	2026-10-06T19:50:28.1176801Z (pass) custom path: Yes accepts the draft and the dialog is captured [170.77ms]
quality	Run the release contract	2026-10-06T19:50:28.3057675Z (pass) custom path: No rejects the draft [183.80ms]
quality	Run the release contract	2026-10-06T19:50:28.5061208Z (pass) custom path: a stale error returns stale (NOT-a-rejection) [202.07ms]
quality	Run the release contract	2026-10-06T19:50:28.7211772Z (pass) fallback: no custom shard → plain select path still accepts (Yes) [208.64ms]
quality	Run the release contract	2026-10-06T19:50:28.9421546Z (pass) fallback: a stale select error still returns stale [212.03ms]
quality	Run the release contract	2026-10-06T19:50:29.1930633Z (pass) list batch confirmation resolves paused carryover before activating the head [250.41ms]
quality	Run the release contract	2026-10-06T19:50:29.3810439Z (pass) RPC stub (custom present, factory never invoked): the select fallback fires and accepts [193.19ms]
quality	Run the release contract	2026-10-06T19:50:29.6652678Z (pass) v0.34.82: the custom-path factory is INVOKED and returns a ConfirmDraftComponent that renders the body + all three choices [282.90ms]
quality	Run the release contract	2026-10-06T19:50:29.9002507Z (pass) RPC stub: a select 'No' still declines, and a stale select error returns stale [235.90ms]
quality	Run the release contract	2026-10-06T19:50:29.9003564Z 
quality	Run the release contract	2026-10-06T19:50:29.9004866Z ##[endgroup]
quality	Run the release contract	2026-10-06T19:50:29.9061305Z 
quality	Run the release contract	2026-10-06T19:50:29.9081144Z ##[group]tests/respec-builder-ui.test.ts:
quality	Run the release contract	2026-10-06T19:50:30.1667680Z (pass) live telemetry is claim-fenced and missing telemetry never implies a running worker [4.19ms]
quality	Run the release contract	2026-10-06T19:50:30.1783534Z (pass) completion summary requires proof and includes acceptance, shipped capability and evidence [11.58ms]
quality	Run the release contract	2026-10-06T19:50:30.2200548Z (pass) actual project summaries render semantic headings, bold and no italics in both themes [41.65ms]
quality	Run the release contract	2026-10-06T19:50:30.2376676Z (pass) large project summaries stay within the shared receipt transport and disclose omissions [17.69ms]
quality	Run the release contract	2026-10-06T19:50:30.2377249Z 
quality	Run the release contract	2026-10-06T19:50:30.2377616Z ##[endgroup]
quality	Run the release contract	2026-10-06T19:50:30.2379832Z 
quality	Run the release contract	2026-10-06T19:50:30.2380451Z ##[group]tests/terminal-summary-delivery.test.ts:
quality	Run the release contract	2026-10-06T19:50:30.5547329Z (pass) visible summary persists without an LLM turn (idle=true) [1.43ms]
quality	Run the release contract	2026-10-06T19:50:30.5548497Z (pass) visible summary persists without an LLM turn (idle=false) [0.22ms]
quality	Run the release contract	2026-10-06T19:50:30.5552266Z (pass) branch-before-persist failure stays pending, suppresses duplicate, later persistence confirms [0.39ms]
quality	Run the release contract	2026-10-06T19:50:30.5553870Z (pass) no-file session never acknowledges but does not repeat the visible summary [0.16ms]
quality	Run the release contract	2026-10-06T19:50:30.5606327Z (pass) outbox survives failed delivery and restart; acknowledged render never replays [5.24ms]
quality	Run the release contract	2026-10-06T19:50:30.5632146Z (pass) failed outbox acknowledgement does not duplicate an existing persisted branch summary [2.55ms]
quality	Run the release contract	2026-10-06T19:50:30.5637030Z (pass) confirmation requires exact identity/content and complete JSONL, tolerates malformed tail [0.50ms]
quality	Run the release contract	2026-10-06T19:50:30.5690910Z (pass) bounded confirmation fails conservatively when receipt is outside tail [5.29ms]
quality	Run the release contract	2026-10-06T19:50:30.5805004Z (pass) maximum supported outbox receipt is acknowledged ("x") [11.30ms]
quality	Run the release contract	2026-10-06T19:50:30.6236335Z (pass) maximum supported outbox receipt is acknowledged ("😀") [43.11ms]
quality	Run the release contract	2026-10-06T19:50:30.6737912Z (pass) maximum supported outbox receipt is acknowledged ("\u0000") [50.13ms]
quality	Run the release contract	2026-10-06T19:50:30.7017939Z (pass) maximum supported outbox receipt is acknowledged ("\\") [28.05ms]
quality	Run the release contract	2026-10-06T19:50:30.7055691Z (pass) failed outbox acknowledgement write retries without resending the visible message [3.86ms]
quality	Run the release contract	2026-10-06T19:50:30.7138930Z (pass) current settlement is not starved by older unconfirmed renders [8.32ms]
quality	Run the release contract	2026-10-06T19:50:30.7218737Z (pass) persistently unconfirmed head rotates so a later render is attempted [7.96ms]
quality	Run the release contract	2026-10-06T19:50:30.7264499Z (pass) host sendMessage reentrant enqueue remains pending after confirmed session delivery [4.55ms]
quality	Run the release contract	2026-10-06T19:50:30.7265106Z 
quality	Run the release contract	2026-10-06T19:50:30.7265508Z ##[endgroup]
quality	Run the release contract	2026-10-06T19:50:30.7268829Z 
quality	Run the release contract	2026-10-06T19:50:30.7269463Z ##[group]tests/revision-bound-audit.test.ts:
quality	Run the release contract	2026-10-06T19:50:31.0100236Z (pass) v0.34.60: /goal tweak bumps the goal revision (a contract change) [22.32ms]
quality	Run the release contract	2026-10-06T19:50:31.3585638Z (pass) v0.34.60: complete_goal with newObjective bumps the revision and audits the new contract in the same call [348.48ms]
quality	Run the release contract	2026-10-06T19:50:31.3718380Z (pass) v0.35.36: complete_goal newObjective does NOT launder the agent-authored objective into userSeeds [13.38ms]
quality	Run the release contract	2026-10-06T19:50:31.3777309Z (pass) repair replan bumps the contract revision and invalidates an older approval [5.92ms]
quality	Run the release contract	2026-10-06T19:50:31.3797104Z (pass) v0.34.60: complete_goal REJECTS when the contract revision moved past the last audited revision [1.94ms]
quality	Run the release contract	2026-10-06T19:50:31.7042120Z (pass) direct complete_goal refuses an approval when the contract revision changes during the detached audit [324.32ms]
quality	Run the release contract	2026-10-06T19:50:31.9851755Z (pass) v0.34.60: complete_goal passes when the last audit matches the current revision [280.98ms]
quality	Run the release contract	2026-10-06T19:50:32.2682839Z (pass) v0.34.60: legacy audit entries without a revision never trip the gate [283.10ms]
quality	Run the release contract	2026-10-06T19:50:32.8554237Z (pass) v0.34.61: a settled audit never invalidates its own verdict — a second complete_goal on the same contract proceeds [587.06ms]
quality	Run the release contract	2026-10-06T19:50:33.1863285Z (pass) v0.34.61: the documented escape works — tweak, then /goal verify, then complete_goal proceeds [330.54ms]
quality	Run the release contract	2026-10-06T19:50:33.5110501Z (pass) v0.34.60: the gate skips when the call itself carries newObjective (its audit covers the new contract) [325.03ms]
quality	Run the release contract	2026-10-06T19:50:33.5179187Z (pass) v0.34.96: complete_goal routes to aborted when completionSummary says 'already shipped' [7.02ms]
quality	Run the release contract	2026-10-06T19:50:33.5220866Z (pass) v0.34.96: already-shipped abort binds the version attached to the claim [4.19ms]
quality	Run the release contract	2026-10-06T19:50:33.5238404Z (pass) v0.35.x: already-shipped completion honors an existing archive fence [1.77ms]
quality	Run the release contract	2026-10-06T19:50:33.5277578Z (pass) v0.35.x: archiveCurrentGoal preserves a same-id archive on cancel [3.86ms]
quality	Run the release contract	2026-10-06T19:50:33.8381929Z (pass) v0.34.128: a version-less 'no new work shipped' claim routes to the NORMAL audit and completes on approval [310.24ms]
quality	Run the release contract	2026-10-06T19:50:34.1251589Z (pass) v0.34.128: a version-less 'already shipped' claim disapproved by the auditor leaves the finding queued (no abort) [286.99ms]
quality	Run the release contract	2026-10-06T19:50:34.4109476Z (pass) v0.34.96: a NORMAL completionSummary still runs the auditor (no false-positive abort) [285.69ms]
quality	Run the release contract	2026-10-06T19:50:34.4131066Z (pass) v0.38.104: an unpersistable newObjective refuses the claim and never advances the revision [2.33ms]
quality	Run the release contract	2026-10-06T19:50:34.4131780Z 
quality	Run the release contract	2026-10-06T19:50:34.4132158Z ##[endgroup]
quality	Run the release contract	2026-10-06T19:50:34.4134758Z 
quality	Run the release contract	2026-10-06T19:50:34.4135442Z ##[group]tests/respec-builder-display.test.ts:
quality	Run the release contract	2026-10-06T19:50:34.6739566Z (pass) a stopped project audit exposes its hold reason instead of implying a running auditor [1.22ms]
quality	Run the release contract	2026-10-06T19:50:34.6741162Z (pass) project cards expose phase, unfinished coverage and recorded blockers within narrow widths [4.09ms]
quality	Run the release contract	2026-10-06T19:50:34.6856929Z (pass) an explicitly stopped project audit does not advertise an unavailable resume [11.59ms]
quality	Run the release contract	2026-10-06T19:50:34.6860560Z (pass) completed project dismisses both live UI surfaces while preserving other work [0.67ms]
quality	Run the release contract	2026-10-06T19:50:34.6868990Z (pass) project tool waits show a ticking deadline and separate attempt/total clocks [0.76ms]
quality	Run the release contract	2026-10-06T19:50:34.6881053Z (pass) blocker inspection retains late operator instructions and distinguishes recorded claims from verification [1.18ms]
quality	Run the release contract	2026-10-06T19:50:34.6888440Z (pass) automatic blocker actions lead with a short obstacle and keep long diagnostics in details [0.76ms]
quality	Run the release contract	2026-10-06T19:50:34.6889331Z 
quality	Run the release contract	2026-10-06T19:50:34.6890255Z ##[endgroup]
quality	Run the release contract	2026-10-06T19:50:34.6892017Z 
quality	Run the release contract	2026-10-06T19:50:34.6892925Z ##[group]tests/auditor-chunk-hint.test.ts:
quality	Run the release contract	2026-10-06T19:50:34.9451335Z (pass) auditor prompt carries the chunk-near-context-full hint (item 7) [0.60ms]
quality	Run the release contract	2026-10-06T19:50:34.9470202Z (pass) reviewer.ts has no inline prompt to add the hint to (post-audit surfaces only review reports, not prompts) [0.08ms]
quality	Run the release contract	2026-10-06T19:50:34.9470807Z 
quality	Run the release contract	2026-10-06T19:50:34.9471146Z ##[endgroup]
quality	Run the release contract	2026-10-06T19:50:34.9471294Z 
quality	Run the release contract	2026-10-06T19:50:34.9471577Z ##[group]tests/compactor-handoff.test.ts:
quality	Run the release contract	2026-10-06T19:50:35.2006280Z (pass) plan B picks verified free big-context, largest first, max two [0.74ms]
quality	Run the release contract	2026-10-06T19:50:35.2007636Z (pass) plan B disqualifies unknown metadata, paid, unauthed, forbidden, stuck [0.31ms]
quality	Run the release contract	2026-10-06T19:50:35.2008672Z (pass) plan B returns [] when the registry throws [0.17ms]
quality	Run the release contract	2026-10-06T19:50:35.2141379Z (pass) compactor chain normalizes and caps 0-10 exactly like drafter [13.68ms]
quality	Run the release contract	2026-10-06T19:50:35.2144727Z (pass) compactor chain never leases the stuck session model [0.51ms]
quality	Run the release contract	2026-10-06T19:50:35.2146023Z (pass) refuse transition fires exactly once per episode [0.12ms]
quality	Run the release contract	2026-10-06T19:50:35.2177978Z (pass) audit 2026-09-06: compactor one-shot survives a restart mid-episode [3.16ms]
quality	Run the release contract	2026-10-06T19:50:35.2182228Z (pass) audit 2026-09-06: worker timeout escalates SIGTERM to SIGKILL [0.40ms]
quality	Run the release contract	2026-10-06T19:50:35.2186031Z (pass) brief scope: packet bounded, sections present, worker tool-less [0.38ms]
quality	Run the release contract	2026-10-06T19:50:35.2187174Z (pass) resync carries the brief excerpt only when present [0.16ms]
quality	Run the release contract	2026-10-06T19:50:35.2190142Z (pass) recovery banner quotes the handoff excerpt [0.25ms]
quality	Run the release contract	2026-10-06T19:50:35.7655613Z (pass) refuse engages the compactor once with the chain model + packet scope [546.28ms]
quality	Run the release contract	2026-10-06T19:50:36.0929486Z (pass) chain empty falls back to the verified free registry model [327.46ms]
quality	Run the release contract	2026-10-06T19:50:36.7113215Z (pass) no model anywhere skips silently with ledger, ladder still paints [618.35ms]
quality	Run the release contract	2026-10-06T19:50:37.0534191Z (pass) notifyCmd off keeps the brief, drops the page [342.09ms]
quality	Run the release contract	2026-10-06T19:50:37.1841388Z (pass) reload with a brief on disk quotes the handoff in the banner [129.57ms]
quality	Run the release contract	2026-10-06T19:50:37.1842827Z (pass) resolveCompactorModel end to end prefers chain over plan B [1.06ms]
quality	Run the release contract	2026-10-06T19:50:37.1843517Z 
quality	Run the release contract	2026-10-06T19:50:37.1844507Z ##[endgroup]
quality	Run the release contract	2026-10-06T19:50:37.1845593Z 
quality	Run the release contract	2026-10-06T19:50:37.1846155Z ##[group]tests/loop-measure-probe-exit.test.ts:
quality	Run the release contract	2026-10-06T19:50:37.4643030Z (pass) propose_loop_draft rejects non-zero measure output even when stdout is numeric [6.15ms]
quality	Run the release contract	2026-10-06T19:50:37.4803647Z (pass) propose_loop_refine rejects non-zero measure output and leaves the live loop unchanged [16.50ms]
quality	Run the release contract	2026-10-06T19:50:37.4806487Z 
quality	Run the release contract	2026-10-06T19:50:37.4807025Z ##[endgroup]
quality	Run the release contract	2026-10-06T19:50:37.4807396Z 
quality	Run the release contract	2026-10-06T19:50:37.4808253Z ##[group]tests/model-switch.test.ts:
quality	Run the release contract	2026-10-06T19:50:37.7580691Z (pass) v0.34.57: persistState carries lastModelRef on the state line for a fresh process to restore [20.28ms]
quality	Run the release contract	2026-10-06T19:50:37.7608314Z (pass) v0.34.57: a fresh process with a changed default model ledgeres turn-boundary drift (cross-session detection) [2.90ms]
quality	Run the release contract	2026-10-06T19:50:37.7611882Z (pass) v0.34.57: modelSwitch() builds the canonical ledger payload [0.24ms]
quality	Run the release contract	2026-10-06T19:50:37.7614431Z (pass) v0.34.57: isForbiddenModel matches refs, case-insensitively; v0.34.115: empty default forbids nothing [0.28ms]
quality	Run the release contract	2026-10-06T19:50:37.7622287Z (pass) v0.34.57: the model_select hook ledgeres every provider/model change [0.88ms]
quality	Run the release contract	2026-10-06T19:50:37.7653221Z (pass) v0.34.57: the turn-boundary check ledgeres drift that arrives without a model_select event [3.05ms]
quality	Run the release contract	2026-10-06T19:50:37.7746526Z (pass) v0.34.57: the forbidden gate blocks a forbidden selection, emits forbidden_model_switch, and reverts [9.23ms]
quality	Run the release contract	2026-10-06T19:50:37.7757271Z (pass) v0.34.57: blockForbiddenModelSwitches off allows the switch but records the violation [1.14ms]
quality	Run the release contract	2026-10-06T19:50:37.7759092Z (pass) v0.34.93: isForbiddenModel flags sonnet/opus/gpt-5.5 refs the gate must skip [0.20ms]
quality	Run the release contract	2026-10-06T19:50:37.7761532Z (pass) v0.34.93: empty / undefined ref is never forbidden (the empty-list semantic); v0.34.115: default is empty [0.12ms]
quality	Run the release contract	2026-10-06T19:50:37.7764029Z (pass) v0.34.93: a forbidden candidate is silently skipped by the recovery gate (the recovery-envelope gate skips the candidate without rotation or verdict change) [0.26ms]
quality	Run the release contract	2026-10-06T19:50:37.7786591Z (pass) v0.34.57: turn-boundary drift into a forbidden model records the violation without blocking [2.33ms]
quality	Run the release contract	2026-10-06T19:50:37.7871425Z (pass) v0.34.57: /glla switchlog renders the last N entries of the model-switch trail [6.15ms]
quality	Run the release contract	2026-10-06T19:50:37.8141589Z (pass) model selection preserves visible resumable loop work (pending recovery=true) [28.44ms]
quality	Run the release contract	2026-10-06T19:50:37.8455817Z (pass) model selection preserves visible resumable loop work (pending recovery=false) [29.45ms]
quality	Run the release contract	2026-10-06T19:50:37.8456677Z 
quality	Run the release contract	2026-10-06T19:50:37.8463488Z ##[endgroup]
quality	Run the release contract	2026-10-06T19:50:37.8463743Z 
quality	Run the release contract	2026-10-06T19:50:37.8464485Z ##[group]tests/audit-lifecycle-surfaces.test.ts:
quality	Run the release contract	2026-10-06T19:50:40.3130965Z [run-tests] progress: 60s elapsed · 2s since last output · 28 KiB of suite output
quality	Run the release contract	2026-10-06T19:50:43.6891145Z (pass) durable: an ordinary complete_goal records phase running + lastActivityAt before the verdict [5588.17ms]
quality	Run the release contract	2026-10-06T19:50:43.6901308Z (pass) durable phase beats a worker-complete snapshot on the widget card and the status line [1.12ms]
quality	Run the release contract	2026-10-06T19:50:43.6904337Z (pass) a live worker still refines a running claim (the HUD stays the richer truth) [0.38ms]
quality	Run the release contract	2026-10-06T19:50:43.6906436Z (pass) durable phase with no live worker says so, and names the durable age [0.25ms]
quality	Run the release contract	2026-10-06T19:50:43.6909541Z (pass) the durable projection is the single source for all three surfaces [0.27ms]
quality	Run the release contract	2026-10-06T19:50:43.6914752Z (pass) a paused goal that still owes a settlement names it on card and status line [0.49ms]
quality	Run the release contract	2026-10-06T19:50:43.6918813Z (pass) a paused parked claim names recovery-needed on card and status line [0.39ms]
quality	Run the release contract	2026-10-06T19:50:43.6920747Z (pass) a list item names its own resume command, never /goal resume [0.21ms]
quality	Run the release contract	2026-10-06T19:50:43.6921322Z 
quality	Run the release contract	2026-10-06T19:50:43.6921643Z ##[endgroup]
quality	Run the release contract	2026-10-06T19:50:43.6925988Z 
quality	Run the release contract	2026-10-06T19:50:43.6926869Z ##[group]tests/goal-loop-display.test.ts:
quality	Run the release contract	2026-10-06T19:50:43.9610561Z (pass) active goal card pins primary, ordered fallbacks, skipped forbidden refs, and handled models [2.01ms]
quality	Run the release contract	2026-10-06T19:50:43.9612843Z (pass) v0.38.28: duplicate handled-turn provenance is omitted; lone inherited row is dropped [0.30ms]
quality	Run the release contract	2026-10-06T19:50:43.9614522Z (pass) v0.38.29: active recovery is a compact model row, not a duplicate report [0.63ms]
quality	Run the release contract	2026-10-06T19:50:43.9615950Z (pass) v0.38.29: settled recovery does not leave Markdown noise in the head [0.32ms]
quality	Run the release contract	2026-10-06T19:50:43.9617364Z (pass) card head cuts the objective at a clause boundary, never mid-word [0.41ms]
quality	Run the release contract	2026-10-06T19:50:43.9618781Z (pass) truncateObjective keeps clause boundaries with emoji and CJK prefixes [0.66ms]
quality	Run the release contract	2026-10-06T19:50:43.9620517Z (pass) truncateObjective falls back to a character cut with no usable boundary [0.09ms]
quality	Run the release contract	2026-10-06T19:50:43.9621907Z (pass) active card with an action row closes the tree [0.44ms]
quality	Run the release contract	2026-10-06T19:50:43.9624079Z (pass) v0.38.104: objective truncation never splits a surrogate pair [0.56ms]
quality	Run the release contract	2026-10-06T19:50:43.9625461Z (pass) v0.38.105: recovery banner shows the loop target for loop-only state [0.26ms]
quality	Run the release contract	2026-10-06T19:50:43.9626832Z (pass) v0.38.105: loop surfaces show the cadence countdown during the gap [0.56ms]
quality	Run the release contract	2026-10-06T19:50:43.9628232Z (pass) v0.38.105: no countdown once the gap elapsed or cadence unset [0.17ms]
quality	Run the release contract	2026-10-06T19:50:43.9629595Z (pass) v0.38.105: recovery selector preserves goal and list precedence [0.14ms]
quality	Run the release contract	2026-10-06T19:50:43.9631159Z 
quality	Run the release contract	2026-10-06T19:50:43.9631874Z ##[endgroup]
quality	Run the release contract	2026-10-06T19:50:43.9632239Z 
quality	Run the release contract	2026-10-06T19:50:43.9632819Z ##[group]tests/durable-defer-production-ui.test.ts:
quality	Run the release contract	2026-10-06T19:50:44.2563429Z (pass) production record_goal_judgment persists facts and refreshUI renders durable first [20.37ms]
quality	Run the release contract	2026-10-06T19:50:44.2564364Z 
quality	Run the release contract	2026-10-06T19:50:44.2564896Z ##[endgroup]
quality	Run the release contract	2026-10-06T19:50:44.2566633Z 
quality	Run the release contract	2026-10-06T19:50:44.2567238Z ##[group]tests/stale-self-heal.test.ts:
quality	Run the release contract	2026-10-06T19:50:44.5343630Z (pass) v0.34.62 — debounce + self-heal wiring (source guards) [8.86ms]
quality	Run the release contract	2026-10-06T19:50:44.7165761Z (pass) v0.34.62 — ONE heartbeat probe failure must NOT park a live session [179.15ms]
quality	Run the release contract	2026-10-06T19:50:45.0152130Z (pass) v0.34.62 — debounced park, then a same-session command self-heals (autoResume resumes the goal) [296.17ms]
quality	Run the release contract	2026-10-06T19:50:45.3439679Z (pass) v0.34.62 — a genuinely dead handle stays parked (no heal) [333.07ms]
quality	Run the release contract	2026-10-06T19:50:46.0097375Z (pass) v0.35.12 — a healthy context cannot revive a stale ExtensionAPI [661.43ms]
quality	Run the release contract	2026-10-06T19:50:46.2302080Z (pass) v0.34.62 — a DIFFERENT session's command is not self-healed (successor absorption owns that path) [224.98ms]
quality	Run the release contract	2026-10-06T19:50:46.2543350Z (pass) v0.34.62 — the rebind window (session_shutdown) still refuses a same-session heal [19.28ms]
quality	Run the release contract	2026-10-06T19:50:46.2776182Z (pass) v0.34.62 — a stale-stopped loop stays held after a heal (user resumes explicitly) [26.72ms]
quality	Run the release contract	2026-10-06T19:50:46.2776705Z 
quality	Run the release contract	2026-10-06T19:50:46.2777151Z ##[endgroup]
quality	Run the release contract	2026-10-06T19:50:46.2777282Z 
quality	Run the release contract	2026-10-06T19:50:46.2777562Z ##[group]tests/prompt-layers.test.ts:
quality	Run the release contract	2026-10-06T19:50:46.5530803Z (pass) full assembly of goal-loop-continuation.md is byte-identical to source minus markers [1.64ms]
quality	Run the release contract	2026-10-06T19:50:46.5532560Z (pass) full assembly of goal-loop-forever.md is byte-identical to source minus markers [0.33ms]
quality	Run the release contract	2026-10-06T19:50:46.5534125Z (pass) full assembly of goal-loop-forever-metricless.md is byte-identical to source minus markers [0.28ms]
quality	Run the release contract	2026-10-06T19:50:46.5535630Z (pass) full assembly of goal-loop-draft.md is byte-identical to source minus markers [0.34ms]
quality	Run the release contract	2026-10-06T19:50:46.5537031Z (pass) full assembly of goal-loop-forever-draft.md is byte-identical to source minus markers [0.25ms]
quality	Run the release contract	2026-10-06T19:50:46.5538420Z (pass) full assembly of goal-loop-plan.md is byte-identical to source minus markers [0.28ms]
quality	Run the release contract	2026-10-06T19:50:46.5540139Z (pass) full assembly of goal-loop-plan-loop.md is byte-identical to source minus markers [0.17ms]
quality	Run the release contract	2026-10-06T19:50:46.5541412Z (pass) continuation declares exactly the three conditional details [0.30ms]
quality	Run the release contract	2026-10-06T19:50:46.5542835Z (pass) the other six prompts are skeleton-only (whole file is the skeleton) [0.90ms]
quality	Run the release contract	2026-10-06T19:50:46.5544015Z (pass) missing prompt file fails loudly, never lean [0.66ms]
quality	Run the release contract	2026-10-06T19:50:46.5685053Z (pass) unknown detail id fails loudly [14.03ms]
quality	Run the release contract	2026-10-06T19:50:46.5689062Z (pass) parser defects fail loudly [0.49ms]
quality	Run the release contract	2026-10-06T19:50:46.5697340Z (pass) assembly order is file order regardless of request order (same every turn) [0.79ms]
quality	Run the release contract	2026-10-06T19:50:46.5717188Z (pass) normal-turn render omits all three details; token cost lower by the deferred bodies [1.96ms]
quality	Run the release contract	2026-10-06T19:50:46.5734106Z (pass) survey-pivot delta is EXACTLY the deferred body (equal-length objectives) [1.68ms]
quality	Run the release contract	2026-10-06T19:50:46.5749124Z (pass) session-restart delta is EXACTLY the deferred body (opts flag only) [1.46ms]
quality	Run the release contract	2026-10-06T19:50:46.5761629Z (pass) autoResumedAt goals get the restart detail without opts [0.92ms]
quality	Run the release contract	2026-10-06T19:50:46.5778276Z (pass) live disapproval loads the auditor playbook detail [1.98ms]
quality	Run the release contract	2026-10-06T19:50:46.5779363Z (pass) padRight helper keeps fixture objectives length-neutral [0.06ms]
quality	Run the release contract	2026-10-06T19:50:46.5783243Z (pass) v0.38.104 the leading `//` author comment is stripped at assembly [0.42ms]
quality	Run the release contract	2026-10-06T19:50:46.5784191Z (pass) v0.38.104 a `//` line in the BODY is never stripped [0.06ms]
quality	Run the release contract	2026-10-06T19:50:46.5784624Z 
quality	Run the release contract	2026-10-06T19:50:46.5785084Z ##[endgroup]
quality	Run the release contract	2026-10-06T19:50:46.5790681Z 
quality	Run the release contract	2026-10-06T19:50:46.5791836Z ##[group]tests/resume-goal-tool.test.ts:
quality	Run the release contract	2026-10-06T19:50:47.0105355Z (pass) resume_goal reactivates a paused goal and clears every pause marker [168.10ms]
quality	Run the release contract	2026-10-06T19:50:47.3340325Z (pass) resume_goal on an already-active goal answers instead of churning state [324.36ms]
quality	Run the release contract	2026-10-06T19:50:47.4787769Z (pass) resume_goal with no goal answers instead of swallowing the verb [144.38ms]
quality	Run the release contract	2026-10-06T19:50:47.6323505Z (pass) a held-on-restore loop does not block resume_goal (only a LIVE loop does) [153.12ms]
quality	Run the release contract	2026-10-06T19:50:47.9761403Z (pass) resume_goal refuses while the supervisor is frozen [340.83ms]
quality	Run the release contract	2026-10-06T19:50:48.2957437Z (pass) resume_goal probes pending main-model recovery inline instead of bouncing (124544) [323.08ms]
quality	Run the release contract	2026-10-06T19:50:48.4458741Z (pass) resume_goal refuses a terminal goal with the real recovery path [150.17ms]
quality	Run the release contract	2026-10-06T19:50:48.4461058Z (pass) resume_goal keeps its live-loop refusal (source-pinned defense-in-depth) [0.40ms]
quality	Run the release contract	2026-10-06T19:50:49.8719532Z (pass) paused → resume_goal → complete_goal flows without a manual resume [1425.60ms]
quality	Run the release contract	2026-10-06T19:50:51.1030238Z (pass) resume_goal re-fires a stored completion claim through the agent origin [1230.99ms]
quality	Run the release contract	2026-10-06T19:50:51.1031201Z 
quality	Run the release contract	2026-10-06T19:50:51.1031721Z ##[endgroup]
quality	Run the release contract	2026-10-06T19:50:51.1033880Z 
quality	Run the release contract	2026-10-06T19:50:51.1034376Z ##[group]tests/list-audit.test.ts:
quality	Run the release contract	2026-10-06T19:50:51.3981154Z (pass) parseAuditFindingsForFanout: open boxes actionable, [?] boxes decisions, checked boxes ignored [10.25ms]
quality	Run the release contract	2026-10-06T19:50:51.3982699Z (pass) parseAuditFindingsForFanout: tolerates the /loop audit format (no FIX: prefix) [0.20ms]
quality	Run the release contract	2026-10-06T19:50:51.3983631Z (pass) parseAuditFindingsForFanout: accepts aligned open checkbox spacing [0.11ms]
quality	Run the release contract	2026-10-06T19:50:51.3984476Z (pass) parseAuditFindingsForFanout: empty / missing content yields nothing [0.08ms]
quality	Run the release contract	2026-10-06T19:50:51.3985434Z (pass) listAuditFanoutItemText: checkable Done when tied to the findings file [0.27ms]
quality	Run the release contract	2026-10-06T19:50:51.3986684Z (pass) listAuditCollectTarget: collect-only — marker, no-fix law, honest-empty law, Done when [0.24ms]
quality	Run the release contract	2026-10-06T19:50:51.3989142Z (pass) /list audit route: builds the collect target and enqueues it [0.25ms]
quality	Run the release contract	2026-10-06T19:50:51.3996497Z (pass) completion fan-out: collect items fan out + suppress the list-complete noise [0.72ms]
quality	Run the release contract	2026-10-06T19:50:51.4010841Z (pass) fan-out: canonical dedupe, cap accounting, optional auto-accept, and decline keeps findings open [1.38ms]
quality	Run the release contract	2026-10-06T19:50:51.4013833Z (pass) fan-out dedupe round-trip: stored form matches, prefix collisions do not [0.34ms]
quality	Run the release contract	2026-10-06T19:50:51.4017905Z (pass) help surface: /list audit appears in the command description + completions [0.42ms]
quality	Run the release contract	2026-10-06T19:50:51.4022087Z (pass) markers: the built targets still contain what the guards match on [0.39ms]
quality	Run the release contract	2026-10-06T19:50:51.4024373Z (pass) /loop audit warns when a one-shot audit goal exists (paused or active) [0.22ms]
quality	Run the release contract	2026-10-06T19:50:51.4026641Z (pass) /goal audit + /list audit warn when an audit loop is already running [0.22ms]
quality	Run the release contract	2026-10-06T19:50:51.4034819Z (pass) restore-hold names the supersession in the widget surface [0.80ms]
quality	Run the release contract	2026-10-06T19:50:51.4036156Z (pass) v0.33.3: one-shot audit raises DECIDE findings as questions before completing [0.14ms]
quality	Run the release contract	2026-10-06T19:50:51.4036795Z 
quality	Run the release contract	2026-10-06T19:50:51.4037143Z ##[endgroup]
quality	Run the release contract	2026-10-06T19:50:51.4040892Z 
quality	Run the release contract	2026-10-06T19:50:51.4041595Z ##[group]tests/recovery-status-format.test.ts:
quality	Run the release contract	2026-10-06T19:50:51.6671515Z (pass) trajectory: attempts and failing-since render when present [0.69ms]
quality	Run the release contract	2026-10-06T19:50:51.6682003Z (pass) trajectory: absent counters render no row [0.12ms]
quality	Run the release contract	2026-10-06T19:50:51.6684981Z (pass) cause: deterministic class is named, transients stay unlabeled [0.16ms]
quality	Run the release contract	2026-10-06T19:50:51.6685884Z (pass) existing rows keep their shape [0.11ms]
quality	Run the release contract	2026-10-06T19:50:51.6686250Z 
quality	Run the release contract	2026-10-06T19:50:51.6686730Z ##[endgroup]
quality	Run the release contract	2026-10-06T19:50:51.6686922Z 
quality	Run the release contract	2026-10-06T19:50:51.6687375Z ##[group]tests/failover-primary-probe.test.ts:
quality	Run the release contract	2026-10-06T19:50:51.9487932Z (pass) failover stamps the primary reset while fallback-chain work proceeds [19.96ms]
quality	Run the release contract	2026-10-06T19:50:51.9499106Z (pass) hintless primary failure stamps no reset [1.23ms]
quality	Run the release contract	2026-10-06T19:50:51.9511212Z (pass) background primary probe fires at reset, not on the generic cadence [1.27ms]
quality	Run the release contract	2026-10-06T19:50:51.9517291Z (pass) no reset keeps the generic probe cadence [0.59ms]
quality	Run the release contract	2026-10-06T19:50:51.9517889Z 
quality	Run the release contract	2026-10-06T19:50:51.9522156Z ##[endgroup]
quality	Run the release contract	2026-10-06T19:50:51.9522301Z 
quality	Run the release contract	2026-10-06T19:50:51.9522746Z ##[group]tests/load-wait-bound.test.ts:
quality	Run the release contract	2026-10-06T19:50:52.4210942Z (pass) 153404: a 4.5h load wait is clamped to the hourly horizon with a re-check notice [216.81ms]
quality	Run the release contract	2026-10-06T19:50:52.5754651Z (pass) 153404: a short wait inside the horizon is stored as requested [156.20ms]
quality	Run the release contract	2026-10-06T19:50:52.5755515Z 
quality	Run the release contract	2026-10-06T19:50:52.5781169Z ##[endgroup]
quality	Run the release contract	2026-10-06T19:50:52.5781740Z 
quality	Run the release contract	2026-10-06T19:50:52.5782391Z ##[group]tests/session-rpc-rebind.test.ts:
quality	Run the release contract	2026-10-06T19:50:53.0125239Z (pass) S6: a claim-raised session generation re-binds the subagent RPC host [159.22ms]
quality	Run the release contract	2026-10-06T19:50:53.0125976Z 
quality	Run the release contract	2026-10-06T19:50:53.0126442Z ##[endgroup]
quality	Run the release contract	2026-10-06T19:50:53.0127824Z 
quality	Run the release contract	2026-10-06T19:50:53.0128302Z ##[group]tests/quota-retry.test.ts:
quality	Run the release contract	2026-10-06T19:50:53.2994429Z (pass) structured HTTP status is normalized before provider classification [10.18ms]
quality	Run the release contract	2026-10-06T19:50:53.2995990Z (pass) provider-wall copy separates safe display/action text from durable diagnostics [0.37ms]
quality	Run the release contract	2026-10-06T19:50:53.2998490Z (pass) non-sensitive provider text projects a bounded display while staying redaction-capable [0.22ms]
quality	Run the release contract	2026-10-06T19:50:53.3000195Z (pass) bare 403 provider payloads are sensitive diagnostics, not raw display copy [0.14ms]
quality	Run the release contract	2026-10-06T19:50:53.3006328Z (pass) full auditor reports redact raw provider payload lines while preserving safe findings [0.55ms]
quality	Run the release contract	2026-10-06T19:50:53.3008184Z (pass) multiline provider markers redact the following arbitrary JSON payload [0.25ms]
quality	Run the release contract	2026-10-06T19:50:53.3013895Z (pass) audit history projections sanitize provider diagnostics [0.51ms]
quality	Run the release contract	2026-10-06T19:50:53.3016749Z (pass) scheduleQuotaRetry deduplicates one notice key within an episode [0.34ms]
quality	Run the release contract	2026-10-06T19:50:53.3018222Z (pass) parseQuotaError: 429 with Retry-After: 5 → retryAfterSec 5 (item 12 test 1) [0.12ms]
quality	Run the release contract	2026-10-06T19:50:53.3020413Z (pass) parseQuotaError: 429 without hint → default 3600 (item 12 test 2) [0.14ms]
quality	Run the release contract	2026-10-06T19:50:53.3026363Z (pass) parseQuotaError: prose hints (retry in 2m / retry after 30 seconds) [0.19ms]
quality	Run the release contract	2026-10-06T19:50:53.3027888Z (pass) v0.34.125: temporary-window prose is honored — no give-up until the bigger reset [0.59ms]
quality	Run the release contract	2026-10-06T19:50:53.3030030Z (pass) v0.34.125: 'temporarily over quota' is a retryable rate-limit, plain 'temporarily unavailable' stays ambiguous [0.16ms]
quality	Run the release contract	2026-10-06T19:50:53.3031537Z (pass) quota classification stays conservative around ambiguous provider errors [0.10ms]
quality	Run the release contract	2026-10-06T19:50:53.3032755Z (pass) every explicit 429/rate-limit marker stays a retryable request-rate wall [0.11ms]
quality	Run the release contract	2026-10-06T19:50:53.3034041Z (pass) plan wording without a 429 remains distinct, while 429 Token Plan text is rate-limit [0.10ms]
quality	Run the release contract	2026-10-06T19:50:53.3035306Z (pass) parseQuotaError: JSON reset fields and HTTP-date reset are understood [0.14ms]
quality	Run the release contract	2026-10-06T19:50:53.3036563Z (pass) parseQuotaError: digit-leading Retry-After ISO date is not truncated as seconds [0.10ms]
quality	Run the release contract	2026-10-06T19:50:53.3037775Z (pass) quota retry cadence caps at five hours instead of retrying for a week [0.12ms]
quality	Run the release contract	2026-10-06T19:50:53.3038669Z (pass) isQuotaError: wild-caught shapes [0.08ms]
quality	Run the release contract	2026-10-06T19:50:54.6135622Z (pass) scheduleQuotaRetry: fires the callback after the window (item 12 test 3 core) [1309.42ms]
quality	Run the release contract	2026-10-06T19:50:55.9237234Z (pass) cancelQuotaRetry: a pending retry does not fire (item 12 test 4 core) [1310.27ms]
quality	Run the release contract	2026-10-06T19:50:55.9239651Z (pass) selectQuotaWaitReroute: reason wording wins with its parsed hint [0.37ms]
quality	Run the release contract	2026-10-06T19:50:55.9241929Z (pass) selectQuotaWaitReroute: absolute reset survives only while future [0.24ms]
quality	Run the release contract	2026-10-06T19:50:55.9243425Z (pass) selectQuotaWaitReroute: fresh evidence supplies the cause; stale never does [0.17ms]
quality	Run the release contract	2026-10-06T19:50:55.9245641Z (pass) subagentQuotaEvidenceFrom: quota payloads become evidence, plain errors do not [0.18ms]
quality	Run the release contract	2026-10-06T19:50:55.9246370Z 
quality	Run the release contract	2026-10-06T19:50:55.9246889Z ##[endgroup]
quality	Run the release contract	2026-10-06T19:50:55.9250920Z 
quality	Run the release contract	2026-10-06T19:50:55.9251704Z ##[group]tests/process-registration-faults.test.ts:
quality	Run the release contract	2026-10-06T19:50:56.2941347Z (pass) process registration first-write failure is visible and stops the owned child [70.74ms]
quality	Run the release contract	2026-10-06T19:50:56.3439204Z (pass) process registration rename failure is visible and stops the owned child [50.25ms]
quality	Run the release contract	2026-10-06T19:50:57.1928496Z (pass) process registration owner-loss failure is visible and stops the owned child [849.00ms]
quality	Run the release contract	2026-10-06T19:50:58.0481840Z (pass) process registration refresh failure is visible and stops the owned child [854.98ms]
quality	Run the release contract	2026-10-06T19:50:58.2223073Z (pass) process registration primary-loss failure is visible and stops the owned child [174.30ms]
quality	Run the release contract	2026-10-06T19:50:58.2725700Z (pass) process registration obligation-write failure is visible and stops the owned child [50.37ms]
quality	Run the release contract	2026-10-06T19:50:58.4466636Z (pass) process registration obligation-owner-loss failure is visible and stops the owned child [174.10ms]
quality	Run the release contract	2026-10-06T19:50:58.4967090Z (pass) process registration initial-owner-loss failure is visible and stops the owned child [50.02ms]
quality	Run the release contract	2026-10-06T19:50:58.5474486Z (pass) process registration stat-denied failure is visible and stops the owned child [50.69ms]
quality	Run the release contract	2026-10-06T19:50:58.5984663Z (pass) process registration stat-malformed failure is visible and stops the owned child [51.00ms]
quality	Run the release contract	2026-10-06T19:50:58.6461872Z (pass) process registration stat-missing failure is visible and stops the owned child [47.69ms]
quality	Run the release contract	2026-10-06T19:50:58.7199137Z (pass) proven already-exited child retires its declaration without a cleanup failure [73.60ms]
quality	Run the release contract	2026-10-06T19:50:58.7946250Z (pass) proven proc-disappeared child retires its declaration without a cleanup failure [74.79ms]
quality	Run the release contract	2026-10-06T19:50:58.8425911Z (pass) proven suite-group child retires its declaration without a cleanup failure [47.99ms]
quality	Run the release contract	2026-10-06T19:50:58.8426436Z 
quality	Run the release contract	2026-10-06T19:50:58.8426782Z ##[endgroup]
quality	Run the release contract	2026-10-06T19:50:58.8431421Z 
quality	Run the release contract	2026-10-06T19:50:58.8432203Z ##[group]tests/seed-sufficiency.test.ts:
quality	Run the release contract	2026-10-06T19:50:59.1228772Z (pass) rich seed alone is sufficient with no session context [1.91ms]
quality	Run the release contract	2026-10-06T19:50:59.1245895Z (pass) thin seed with no context still drafts [0.67ms]
quality	Run the release contract	2026-10-06T19:50:59.1247036Z (pass) thin seed plus rich related context is sufficient [0.42ms]
quality	Run the release contract	2026-10-06T19:50:59.1248169Z (pass) thin seed plus unrelated context still drafts [0.20ms]
quality	Run the release contract	2026-10-06T19:50:59.1249242Z (pass) assistant monologue never supplies the missing detail [0.10ms]
quality	Run the release contract	2026-10-06T19:50:59.1250667Z (pass) question-only, vague, and chatter seeds still draft [0.25ms]
quality	Run the release contract	2026-10-06T19:50:59.1251764Z (pass) multi-task seed still drafts so scope is confirmed first [0.08ms]
quality	Run the release contract	2026-10-06T19:50:59.1253022Z (pass) slash commands and overlong seeds fail closed to drafting [0.06ms]
quality	Run the release contract	2026-10-06T19:50:59.1254078Z (pass) unreadable session context fails closed without throwing [0.32ms]
quality	Run the release contract	2026-10-06T19:50:59.1255012Z (pass) countDetailAnchors counts distinct evidence classes, not repeats [0.07ms]
quality	Run the release contract	2026-10-06T19:50:59.1255647Z (pass) cmdSet consults the sufficiency gate before drafting [0.25ms]
quality	Run the release contract	2026-10-06T19:50:59.1256213Z (pass) seeded grill message promises a dynamic-length interview [0.27ms]
quality	Run the release contract	2026-10-06T19:50:59.1256535Z 
quality	Run the release contract	2026-10-06T19:50:59.1256861Z ##[endgroup]
quality	Run the release contract	2026-10-06T19:50:59.1397474Z 
quality	Run the release contract	2026-10-06T19:50:59.1399277Z ##[group]tests/goal-route.test.ts:
quality	Run the release contract	2026-10-06T19:50:59.4095084Z (pass) empty args → draft [0.28ms]
quality	Run the release contract	2026-10-06T19:50:59.4102470Z (pass) exact subcommands route [0.11ms]
quality	Run the release contract	2026-10-06T19:50:59.4103548Z (pass) subcommands are case-insensitive [0.09ms]
quality	Run the release contract	2026-10-06T19:50:59.4104483Z (pass) tweak takes args [0.06ms]
quality	Run the release contract	2026-10-06T19:50:59.4105357Z (pass) archive routes with or without args [0.05ms]
quality	Run the release contract	2026-10-06T19:50:59.4106341Z (pass) CRITICAL: objective starting with 'pause' is a goal, not a subcommand [0.06ms]
quality	Run the release contract	2026-10-06T19:50:59.4108183Z (pass) CRITICAL: objective starting with 'status' is a goal [0.05ms]
quality	Run the release contract	2026-10-06T19:50:59.4109096Z (pass) objective starting with 'cancel' is a goal [0.04ms]
quality	Run the release contract	2026-10-06T19:50:59.4110001Z (pass) plain objectives set [0.04ms]
quality	Run the release contract	2026-10-06T19:50:59.4110863Z (pass) quoted objectives set (quote stripping happens downstream) [0.04ms]
quality	Run the release contract	2026-10-06T19:50:59.4114054Z (pass) goalArgsNeedDrafting: vague objective needs drafting [0.13ms]
quality	Run the release contract	2026-10-06T19:50:59.4114914Z (pass) goalArgsNeedDrafting: explicit contract activates instantly [0.07ms]
quality	Run the release contract	2026-10-06T19:50:59.4115545Z (pass) goalArgsNeedDrafting: empty is the no-args drafting path [0.05ms]
quality	Run the release contract	2026-10-06T19:50:59.4116208Z (pass) buildSeedGrillMessage: seed + tool + gate notice + grilling protocol [0.44ms]
quality	Run the release contract	2026-10-06T19:50:59.4117091Z (pass) draftProposalBlock: 0 replies → block with instructions, ≥1 → null [0.21ms]
quality	Run the release contract	2026-10-06T19:50:59.4117778Z (pass) draftProposalBlock: escape hatch after 3 blocked proposals (v0.15.1) [0.15ms]
quality	Run the release contract	2026-10-06T19:50:59.4118520Z (pass) askUserQuestionAnswered: answered dialog counts, cancel/esc does not (v0.15.1) [0.14ms]
quality	Run the release contract	2026-10-06T19:50:59.4119242Z (pass) /goal start routes as a subcommand with the objective as rest (v0.16.0) [0.07ms]
quality	Run the release contract	2026-10-06T19:50:59.4120270Z (pass) normalizeDraftContract: drops bare 'Done when:' introducer lines [0.11ms]
quality	Run the release contract	2026-10-06T19:50:59.4121586Z (pass) normalizeDraftContract: drops 'Done when ALL of the following are true:' preamble [0.08ms]
quality	Run the release contract	2026-10-06T19:50:59.4122829Z (pass) normalizeDraftContract: strips glued 'Done when: ' prefix on content line [0.05ms]
quality	Run the release contract	2026-10-06T19:50:59.4124099Z (pass) normalizeDraftContract: renumbers mixed bullets and existing numbers sequentially [0.13ms]
quality	Run the release contract	2026-10-06T19:50:59.4125222Z (pass) normalizeDraftContract: prose lines pass through untouched [0.06ms]
quality	Run the release contract	2026-10-06T19:50:59.4126160Z (pass) draftContractItemCount counts numbered items only [0.06ms]
quality	Run the release contract	2026-10-06T19:50:59.4127193Z (pass) classifySessionCtx: no owner yet → claim [0.04ms]
quality	Run the release contract	2026-10-06T19:50:59.4128135Z (pass) classifySessionCtx: owner stale → claim (session replaced via /new) [0.04ms]
quality	Run the release contract	2026-10-06T19:50:59.4129619Z (pass) classifySessionCtx: same sessionManager → refresh (main session event) [0.03ms]
quality	Run the release contract	2026-10-06T19:50:59.4130913Z (pass) classifySessionCtx: different sessionManager → foreign (subagent session) [0.03ms]
quality	Run the release contract	2026-10-06T19:50:59.4131631Z 
quality	Run the release contract	2026-10-06T19:50:59.4132118Z ##[endgroup]
quality	Run the release contract	2026-10-06T19:50:59.4268087Z 
quality	Run the release contract	2026-10-06T19:50:59.4270812Z ##[group]tests/draft-staging.test.ts:
quality	Run the release contract	2026-10-06T19:50:59.6941847Z (pass) v0.38.53: proposal stages stale and interview gates before Confirm [0.43ms]
quality	Run the release contract	2026-10-06T19:50:59.6959728Z (pass) v0.38.53: list batch conflict handling follows confirmation and precedes enqueue [0.20ms]
quality	Run the release contract	2026-10-06T19:50:59.6961362Z (pass) v0.38.53: single list confirmation precedes post-confirm conflict handling [0.14ms]
quality	Run the release contract	2026-10-06T19:50:59.6962902Z (pass) v0.38.53: prompt construction precedes the drafting gate, then model lease and steering [0.09ms]
quality	Run the release contract	2026-10-06T19:50:59.6963446Z 
quality	Run the release contract	2026-10-06T19:50:59.6963803Z ##[endgroup]
quality	Run the release contract	2026-10-06T19:50:59.6963934Z 
quality	Run the release contract	2026-10-06T19:50:59.6964201Z ##[group]tests/policy-self-heal.test.ts:
quality	Run the release contract	2026-10-06T19:50:59.9686023Z (pass) parseGoalPolicyFromMd reads the durable marker, undefined when absent [2.75ms]
quality	Run the release contract	2026-10-06T19:50:59.9857927Z (pass) healCorruptedGoalPolicy repairs a corrupted policy from the durable .md and ledgers it [17.10ms]
quality	Run the release contract	2026-10-06T19:50:59.9859671Z (pass) healCorruptedGoalPolicy leaves healthy policies and null goals untouched [0.39ms]
quality	Run the release contract	2026-10-06T19:50:59.9866547Z (pass) healCorruptedGoalPolicy with no durable source records heal_failed and does not fake a mode [0.63ms]
quality	Run the release contract	2026-10-06T19:50:59.9882748Z (pass) healed state persists — the next readState sees the fixed policy (no restart needed) [1.54ms]
quality	Run the release contract	2026-10-06T19:51:00.1628740Z (pass) bug 1.7: /list pause with a corrupted in-memory policy heals at the gate instead of refusing [172.80ms]
quality	Run the release contract	2026-10-06T19:51:00.3534795Z (pass) bug 1.7: /goal pause with a corrupted in-memory policy heals to goal and proceeds [190.94ms]
quality	Run the release contract	2026-10-06T19:51:00.5401739Z (pass) S10: unhealable corruption names the true cause instead of failing over to a misleading refusal [186.66ms]
quality	Run the release contract	2026-10-06T19:51:00.5428007Z 
quality	Run the release contract	2026-10-06T19:51:00.5429007Z ##[endgroup]
quality	Run the release contract	2026-10-06T19:51:00.5429614Z 
quality	Run the release contract	2026-10-06T19:51:00.5430563Z ##[group]tests/auditor-fallback-thinking.test.ts:
quality	Run the release contract	2026-10-06T19:51:00.8437298Z (pass) non-empty fallback save is followed by the auditor thinking select [30.31ms]
quality	Run the release contract	2026-10-06T19:51:00.8462181Z (pass) typing the session model into the fallback input names the slot-0 exclusion [2.57ms]
quality	Run the release contract	2026-10-06T19:51:00.8480407Z (pass) clearing the fallback chain skips the thinking prompt [1.76ms]
quality	Run the release contract	2026-10-06T19:51:00.8480972Z 
quality	Run the release contract	2026-10-06T19:51:00.8481458Z ##[endgroup]
quality	Run the release contract	2026-10-06T19:51:00.8484634Z 
quality	Run the release contract	2026-10-06T19:51:00.8485178Z ##[group]tests/task-atomicity-gate.test.ts:
quality	Run the release contract	2026-10-06T19:51:01.1150872Z (pass) batch validation accepts a well-formed multi-update batch [0.73ms]
quality	Run the release contract	2026-10-06T19:51:01.1157023Z (pass) batch validation rejects unknown ids naming the offender [0.27ms]
quality	Run the release contract	2026-10-06T19:51:01.1158200Z (pass) batch validation rejects duplicate ids and empty batches [0.14ms]
quality	Run the release contract	2026-10-06T19:51:01.1159416Z (pass) batch apply copies: the input list object is never mutated [0.24ms]
quality	Run the release contract	2026-10-06T19:51:01.1160751Z (pass) withTaskStatus replaces one status on a copy [0.88ms]
quality	Run the release contract	2026-10-06T19:51:01.1162083Z (pass) open-task collection skips complete and deferred tasks, keeps BFS order [0.20ms]
quality	Run the release contract	2026-10-06T19:51:01.1163353Z (pass) refusal text names every open task with id, title, and status [0.26ms]
quality	Run the release contract	2026-10-06T19:51:01.1549292Z (pass) batch tool applies several updates in one write and reports them [39.14ms]
quality	Run the release contract	2026-10-06T19:51:01.1677064Z (pass) batch tool rejects an unknown id with state byte-identical [12.75ms]
quality	Run the release contract	2026-10-06T19:51:01.2461580Z (pass) batch milestone failure leaves the whole batch unapplied (mid-batch kill) [77.94ms]
quality	Run the release contract	2026-10-06T19:51:01.2491076Z (pass) milestone failure text: a failed gate names the red command [0.23ms]
quality	Run the release contract	2026-10-06T19:51:01.2492771Z (pass) milestone failure text: an inconclusive gate never claims FAILED [0.21ms]
quality	Run the release contract	2026-10-06T19:51:01.2733880Z (pass) single tools keep their pinned messages on the copy-swap path [26.85ms]
quality	Run the release contract	2026-10-06T19:51:01.3052977Z (pass) already-complete and same-status moves report state instead of not found [29.37ms]
quality	Run the release contract	2026-10-06T19:51:01.3645356Z (pass) deferred judgment with a real taskId stamps the exemption durably [60.43ms]
quality	Run the release contract	2026-10-06T19:51:01.4161297Z (pass) judgment with an unknown taskId records nothing [50.47ms]
quality	Run the release contract	2026-10-06T19:51:01.4660764Z (pass) inline judgment with a taskId is refused — no exemption by accident [48.31ms]
quality	Run the release contract	2026-10-06T19:51:01.5081429Z (pass) claim with open committed tasks is refused naming each one, auditor untouched [42.96ms]
quality	Run the release contract	2026-10-06T19:51:01.5981369Z (pass) claim passes the gate when open tasks are finished and the rest deferred [91.46ms]
quality	Run the release contract	2026-10-06T19:51:01.6062173Z (pass) zzz successor-plane reset (file hygiene, keep last) [0.08ms]
quality	Run the release contract	2026-10-06T19:51:01.6063076Z 
quality	Run the release contract	2026-10-06T19:51:01.6072416Z ##[endgroup]
quality	Run the release contract	2026-10-06T19:51:01.6077002Z 
quality	Run the release contract	2026-10-06T19:51:01.6077571Z ##[group]tests/context-growth-measurement.test.ts:
quality	Run the release contract	2026-10-06T19:51:01.8956150Z (pass) fixture: repeated real continuation payloads grow context linearly and are isolated [25.07ms]
quality	Run the release contract	2026-10-06T19:51:01.9025042Z (pass) reported checkpoint shape stays pinned across all probe sizes [7.01ms]
quality	Run the release contract	2026-10-06T19:51:01.9033256Z (pass) provider capture preserves exact pi-ai usage and rejects partial data [0.11ms]
quality	Run the release contract	2026-10-06T19:51:01.9039555Z (pass) measurement: failed turns and ordinary conversation remain separate from GLLA payload bytes [1.33ms]
quality	Run the release contract	2026-10-06T19:51:01.9059005Z 
quality	Run the release contract	2026-10-06T19:51:01.9100885Z ##[endgroup]
quality	Run the release contract	2026-10-06T19:51:01.9101142Z 
quality	Run the release contract	2026-10-06T19:51:01.9101600Z ##[group]tests/state-root-consumers.test.ts:
quality	Run the release contract	2026-10-06T19:51:02.2822738Z (pass) resolved consumers follow the selected root — dispatch, stats, audit findings [3.10ms]
quality	Run the release contract	2026-10-06T19:51:02.2839560Z (pass) pending sessionDir defers dispatch, reviewer, and audit writes — no cwd fallback tree [1.57ms]
quality	Run the release contract	2026-10-06T19:51:02.2852771Z (pass) workingDir fallback and PI_SESSION_FILE fallback behave correctly [0.62ms]
quality	Run the release contract	2026-10-06T19:51:02.3031233Z (pass) source pins: raw cwd/.pi-glla hardcodings are gone from consumers [18.51ms]
quality	Run the release contract	2026-10-06T19:51:02.3032036Z 
quality	Run the release contract	2026-10-06T19:51:02.3037133Z ##[endgroup]
quality	Run the release contract	2026-10-06T19:51:02.3050530Z 
quality	Run the release contract	2026-10-06T19:51:02.3051942Z ##[group]tests/pause-informativeness.test.ts:
quality	Run the release contract	2026-10-06T19:51:02.6357739Z (pass) wrap: short text stays one line; long text wraps at width; cap ellipsizes [1.70ms]
quality	Run the release contract	2026-10-06T19:51:02.6417956Z (pass) paused card wraps the reason over multiple lines instead of truncating at 60 [3.76ms]
quality	Run the release contract	2026-10-06T19:51:02.6602472Z (pass) paused card answers 'did I lose the work?' with a saved line [21.06ms]
quality	Run the release contract	2026-10-06T19:51:02.6607560Z (pass) paused card wraps the suggested action and closes the branch on its last line [0.67ms]
quality	Run the release contract	2026-10-06T19:51:02.6649561Z (pass) pause_goal tool notification carries the FULL reason AND suggested action [4.17ms]
quality	Run the release contract	2026-10-06T19:51:02.6713636Z (pass) pause_goal tool: structured kind/options/recommended/resumeAt persist to the goal (v0.28.22) [6.37ms]
quality	Run the release contract	2026-10-06T19:51:02.6724389Z (pass) pause_goal description: teaches the real command surface + no-id vocabulary (v0.28.24) [1.08ms]
quality	Run the release contract	2026-10-06T19:51:02.6734139Z (pass) late pause calls cannot overwrite a paused or auditing lifecycle [0.99ms]
quality	Run the release contract	2026-10-06T19:51:02.6797709Z (pass) v0.28.30: pause/abort notifies name the policy (List item vs Goal) via goalNoun [5.75ms]
quality	Run the release contract	2026-10-06T19:51:02.6853013Z (pass) v0.34.98: long-wait pause (> 6h) surfaces a tweak-prompt notification + ledger entry [6.02ms]
quality	Run the release contract	2026-10-06T19:51:02.6894686Z (pass) v0.34.98: short-wait pause (≤ 6h) does NOT trigger the tweak offer [4.06ms]
quality	Run the release contract	2026-10-06T19:51:02.6895606Z 
quality	Run the release contract	2026-10-06T19:51:02.6896260Z ##[endgroup]
quality	Run the release contract	2026-10-06T19:51:02.6902161Z 
quality	Run the release contract	2026-10-06T19:51:02.6903284Z ##[group]tests/start-context.test.ts:
quality	Run the release contract	2026-10-06T19:51:02.9858307Z (pass) bare-start inference accepts one clear current request [0.95ms]
quality	Run the release contract	2026-10-06T19:51:02.9886722Z (pass) bare-start inference ignores assistant text and generic acknowledgements [0.25ms]
quality	Run the release contract	2026-10-06T19:51:02.9887913Z (pass) bare-start inference deduplicates a repeated request [0.37ms]
quality	Run the release contract	2026-10-06T19:51:02.9888560Z (pass) bare-start inference fails closed for two distinct requests [0.53ms]
quality	Run the release contract	2026-10-06T19:51:02.9889212Z (pass) bare-start inference falls back for vague or command-only context [0.18ms]
quality	Run the release contract	2026-10-06T19:51:02.9890207Z (pass) bare-start inference marks a multi-task request ambiguous [0.10ms]
quality	Run the release contract	2026-10-06T19:51:02.9890879Z (pass) bare-start inference preserves multiline task boundaries [0.07ms]
quality	Run the release contract	2026-10-06T19:51:02.9891459Z (pass) session reader uses only a bounded active-branch tail [0.99ms]
quality	Run the release contract	2026-10-06T19:51:02.9892079Z (pass) session reader fails closed when the host branch cannot be read [0.16ms]
quality	Run the release contract	2026-10-06T19:51:02.9892737Z (pass) field 2026-09-16: chatter shapes divert, real objectives pass through [0.18ms]
quality	Run the release contract	2026-10-06T19:51:02.9893468Z (pass) field 2026-09-16: tweak chatter resolves to the discussed objective (VidPro replay) [0.22ms]
quality	Run the release contract	2026-10-06T19:51:02.9894228Z (pass) audit 2026-09-16: explicit compound tweak never substitutes an older request [0.06ms]
quality	Run the release contract	2026-10-06T19:51:02.9895001Z (pass) field 2026-09-16: tweak chatter with no discussed objective is unresolvable, never verbatim [0.09ms]
quality	Run the release contract	2026-10-06T19:51:02.9895751Z (pass) field 2026-09-16: tweak chatter over competing requests surfaces candidates [0.21ms]
quality	Run the release contract	2026-10-06T19:51:02.9896114Z 
quality	Run the release contract	2026-10-06T19:51:02.9896430Z ##[endgroup]
quality	Run the release contract	2026-10-06T19:51:02.9896555Z 
quality	Run the release contract	2026-10-06T19:51:02.9896844Z ##[group]tests/last-outcome-retention.test.ts:
quality	Run the release contract	2026-10-06T19:51:03.2848185Z (pass) v0.35.72: a legacy approved lastOutcome never repaints a completed row [0.41ms]
quality	Run the release contract	2026-10-06T19:51:03.2849349Z (pass) v0.35.72: a legacy aborted lastOutcome also stays hidden [0.07ms]
quality	Run the release contract	2026-10-06T19:51:03.2853413Z (pass) v0.35.72: a live goal remains the only rendered surface [0.62ms]
quality	Run the release contract	2026-10-06T19:51:03.2857202Z (pass) v0.35.72: source pins — slot close clears lastOutcome; wipe remains a clean slate [0.32ms]
quality	Run the release contract	2026-10-06T19:51:03.2877513Z (pass) v0.35.34: lastOutcome round-trips through persistStateLine → readState (durable across restarts) [1.98ms]
quality	Run the release contract	2026-10-06T19:51:03.2905039Z (pass) v0.35.34: corrupt lastOutcome lines degrade to absent, never throw [2.79ms]
quality	Run the release contract	2026-10-06T19:51:03.2905696Z 
quality	Run the release contract	2026-10-06T19:51:03.2906254Z ##[endgroup]
quality	Run the release contract	2026-10-06T19:51:03.2909581Z 
quality	Run the release contract	2026-10-06T19:51:03.2910389Z ##[group]tests/repro-jiti-state-split.test.mjs:
quality	Run the release contract	2026-10-06T19:51:03.6312957Z (pass) jiti: /list audit enqueues, persists the item, and ACTIVATES (state binding not split) [45.75ms]
quality	Run the release contract	2026-10-06T19:51:03.6315279Z 
quality	Run the release contract	2026-10-06T19:51:03.6316102Z ##[endgroup]
quality	Run the release contract	2026-10-06T19:51:03.6316307Z 
quality	Run the release contract	2026-10-06T19:51:03.6316650Z ##[group]tests/fresh-session-auto-recovery.test.ts:
quality	Run the release contract	2026-10-06T19:51:03.9037167Z (pass) attemptFreshSessionRecovery: helper checks the actual context capability, not ExtensionAPI [0.57ms]
quality	Run the release contract	2026-10-06T19:51:03.9049439Z (pass) attemptFreshSessionRecovery: returns false when the event context lacks newSession [0.10ms]
quality	Run the release contract	2026-10-06T19:51:03.9051633Z (pass) runtime: current event-shaped context skips because pi does not expose newSession there [0.73ms]
quality	Run the release contract	2026-10-06T19:51:03.9053459Z (pass) runtime: a future command-capable host context is actually invoked and ledgered [0.71ms]
quality	Run the release contract	2026-10-06T19:51:03.9224010Z (pass) runtime: rejected or callback-free async recovery fails closed [16.97ms]
quality	Run the release contract	2026-10-06T19:51:03.9358005Z (pass) every stale-ctx send site routes through attemptFreshSessionRecovery before falling back to goStaleTerminal [13.23ms]
quality	Run the release contract	2026-10-06T19:51:03.9361914Z (pass) stale display guidance names /new, not /reload, for the actual cached-ctx wedge [0.35ms]
quality	Run the release contract	2026-10-06T19:51:03.9362992Z 
quality	Run the release contract	2026-10-06T19:51:03.9363808Z ##[endgroup]
quality	Run the release contract	2026-10-06T19:51:03.9370188Z 
quality	Run the release contract	2026-10-06T19:51:03.9372566Z ##[group]tests/reviewer.test.ts:
quality	Run the release contract	2026-10-06T19:51:04.2160948Z (pass) fires on goal-complete + list-complete; NOT on aborted/paused [17.00ms]
quality	Run the release contract	2026-10-06T19:51:04.2167803Z (pass) leverage: bug/TODO findings enqueue to /list WITHOUT any Confirm (no proposeGoal) [0.83ms]
quality	Run the release contract	2026-10-06T19:51:04.2174319Z (pass) architectural findings are proposed as /goal (Confirm path) [0.68ms]
quality	Run the release contract	2026-10-06T19:51:04.2175943Z (pass) classification order: strategic > architectural > bug > refactor [0.10ms]
quality	Run the release contract	2026-10-06T19:51:04.2183264Z (pass) clean completion fires the audit step; strategic-only notifies [0.78ms]
quality	Run the release contract	2026-10-06T19:51:04.2185706Z (pass) runaway prevention: a reviewer fire in the last 5 minutes suppresses re-firing [0.29ms]
quality	Run the release contract	2026-10-06T19:51:04.2190426Z (pass) per-day cap: the 21st fire is suppressed with a ledger entry [0.37ms]
quality	Run the release contract	2026-10-06T19:51:04.2194194Z (pass) manual /review bypasses the trigger gates [0.40ms]
quality	Run the release contract	2026-10-06T19:51:04.2199417Z (pass) review report written to .pi-glla/reviews/<goal-id>-<timestamp>.md [0.49ms]
quality	Run the release contract	2026-10-06T19:51:04.2201924Z (pass) menu options reflect the config [0.27ms]
quality	Run the release contract	2026-10-06T19:51:04.2232686Z (pass) no /loop triggering: the loop stop path never calls runReviewer [3.02ms]
quality	Run the release contract	2026-10-06T19:51:04.2239943Z (pass) config block: partial project settings merge over defaults [0.15ms]
quality	Run the release contract	2026-10-06T19:51:04.2243666Z (pass) v0.28.16 duplicate-scan dedupe: completing a regression scan does NOT propose another scan (report-only) [0.90ms]
quality	Run the release contract	2026-10-06T19:51:04.2244480Z 
quality	Run the release contract	2026-10-06T19:51:04.2244955Z ##[endgroup]
quality	Run the release contract	2026-10-06T19:51:04.2248798Z 
quality	Run the release contract	2026-10-06T19:51:04.2249583Z ##[group]tests/drafting-handoff.test.ts:
quality	Run the release contract	2026-10-06T19:51:07.3610050Z (pass) draft-only handoff: a real question waits without an autonomous retry [2861.46ms]
quality	Run the release contract	2026-10-06T19:51:10.3133680Z [run-tests] progress: 90s elapsed · 3s since last output · 51 KiB of suite output
quality	Run the release contract	2026-10-06T19:51:12.9906678Z (pass) field screenshot: answered promise-only draft delivers exactly one corrective follow-up [5629.67ms]
quality	Run the release contract	2026-10-06T19:51:15.8065517Z (pass) cancelled or missing answer suppresses stale handoff evidence: {"cancelled":true,"answers":[]} [2815.84ms]
quality	Run the release contract	2026-10-06T19:51:18.6209558Z (pass) cancelled or missing answer suppresses stale handoff evidence: {} [2814.39ms]
quality	Run the release contract	2026-10-06T19:51:21.4430176Z (pass) cancelled or missing answer suppresses stale handoff evidence: {"cancelled":false,"answers":[]} [2822.00ms]
quality	Run the release contract	2026-10-06T19:51:24.2664588Z (pass) pending draft correction stands down on cancel [2823.44ms]
quality	Run the release contract	2026-10-06T19:51:27.0805857Z (pass) pending draft correction stands down on user [2814.16ms]
quality	Run the release contract	2026-10-06T19:51:29.8939371Z (pass) pending draft correction stands down on busy [2813.29ms]
quality	Run the release contract	2026-10-06T19:51:32.7074077Z (pass) pending draft correction stands down on pending [2813.47ms]
quality	Run the release contract	2026-10-06T19:51:35.5296014Z (pass) pending draft correction stands down on shutdown [2822.16ms]
quality	Run the release contract	2026-10-06T19:51:38.3523376Z (pass) pending draft correction stands down on new-draft [2822.74ms]
quality	Run the release contract	2026-10-06T19:51:38.3524029Z 
quality	Run the release contract	2026-10-06T19:51:38.3524539Z ##[endgroup]
quality	Run the release contract	2026-10-06T19:51:38.3527428Z 
quality	Run the release contract	2026-10-06T19:51:38.3530806Z ##[group]tests/completed-audit-recovery.test.ts:
quality	Run the release contract	2026-10-06T19:51:38.8050852Z (pass) legacy parked claim without phase consumes saved approved on the first restore [185.63ms]
quality	Run the release contract	2026-10-06T19:51:38.9593115Z (pass) legacy parked claim without phase consumes saved disapproved on the first restore [152.53ms]
quality	Run the release contract	2026-10-06T19:51:39.2738193Z (pass) healthy host heartbeat reconciles an unarmed orphan: approved [316.17ms]
quality	Run the release contract	2026-10-06T19:51:39.5807476Z (pass) healthy host heartbeat reconciles an unarmed orphan: disapproved [306.92ms]
quality	Run the release contract	2026-10-06T19:51:39.8732582Z (pass) healthy host heartbeat reconciles an unarmed orphan: missing [292.53ms]
quality	Run the release contract	2026-10-06T19:51:40.1517073Z (pass) heartbeat orphan recovery respects in-flight [278.39ms]
quality	Run the release contract	2026-10-06T19:51:40.3141178Z [run-tests] progress: 120s elapsed · 0s since last output · 53 KiB of suite output
quality	Run the release contract	2026-10-06T19:51:40.4229613Z (pass) heartbeat orphan recovery respects recent [271.21ms]
quality	Run the release contract	2026-10-06T19:51:40.6996447Z (pass) heartbeat orphan recovery respects frozen [276.73ms]
quality	Run the release contract	2026-10-06T19:51:40.9761510Z (pass) heartbeat orphan recovery respects cold-held [276.07ms]
quality	Run the release contract	2026-10-06T19:51:41.4191055Z (pass) finished real worker, lost parent: restart applies approved exactly once without re-auditing [443.29ms]
quality	Run the release contract	2026-10-06T19:51:41.8478499Z (pass) finished real worker, lost parent: restart applies disapproved exactly once without re-auditing [428.32ms]
quality	Run the release contract	2026-10-06T19:51:42.1524370Z (pass) manual resume consumes a completed parked claim instead of launching another auditor [304.94ms]
quality	Run the release contract	2026-10-06T19:51:42.4405647Z (pass) agent resume consumes a completed parked claim instead of launching another auditor [287.81ms]
quality	Run the release contract	2026-10-06T19:51:42.8544203Z (pass) silent file-backed successor applies a finished verdict from the dead generation [414.18ms]
quality	Run the release contract	2026-10-06T19:51:42.8564072Z (pass) legacy completed jobs bind the original goal, contract, and claim without new metadata [2.11ms]
quality	Run the release contract	2026-10-06T19:51:42.8577711Z (pass) newer unfinished candidate prevents replay of an older completed result [1.35ms]
quality	Run the release contract	2026-10-06T19:51:42.8587721Z (pass) saved result refuses unsafe recovery: revision [1.01ms]
quality	Run the release contract	2026-10-06T19:51:42.8596493Z (pass) saved result refuses unsafe recovery: claim [0.88ms]
quality	Run the release contract	2026-10-06T19:51:42.8606610Z (pass) saved result refuses unsafe recovery: structured-claim [0.94ms]
quality	Run the release contract	2026-10-06T19:51:42.8616946Z (pass) saved result refuses unsafe recovery: hash [1.05ms]
quality	Run the release contract	2026-10-06T19:51:42.8626479Z (pass) saved result refuses unsafe recovery: result-identity [0.91ms]
quality	Run the release contract	2026-10-06T19:51:42.8638210Z (pass) saved result refuses unsafe recovery: cancelled-tool [1.20ms]
quality	Run the release contract	2026-10-06T19:51:42.8647440Z (pass) saved result refuses unsafe recovery: strict-challenge [0.92ms]
quality	Run the release contract	2026-10-06T19:51:42.8656247Z (pass) saved result refuses unsafe recovery: unsupported-tool [0.87ms]
quality	Run the release contract	2026-10-06T19:51:42.8666085Z (pass) corrupt final progress identity refuses recovery without consuming the claim [0.96ms]
quality	Run the release contract	2026-10-06T19:51:42.8678565Z (pass) saved approval still enforces the audit-tool floor and regression shield [1.23ms]
quality	Run the release contract	2026-10-06T19:51:42.8689452Z (pass) second audit pass remains visible through thinking, tools, and report generation [0.81ms]
quality	Run the release contract	2026-10-06T19:51:43.1311357Z (pass) days-old auditing orphan with a saved verdict recovers via heartbeat (SEO field case) [262.27ms]
quality	Run the release contract	2026-10-06T19:51:43.4087056Z (pass) workerless in-flight claim with a saved verdict reconciles without launching [277.55ms]
quality	Run the release contract	2026-10-06T19:51:43.8193348Z (pass) S5: workerless in-flight claim parks under the stale latch via stale-latch-workerless [410.53ms]
quality	Run the release contract	2026-10-06T19:51:44.0793910Z (pass) workerless in-flight claim without a verdict parks via workerless-in-flight [260.03ms]
quality	Run the release contract	2026-10-06T19:51:44.1212503Z (pass) auditorWorkerLiveForAttempt: only a matching live worker counts [41.85ms]
quality	Run the release contract	2026-10-06T19:51:44.1229051Z (pass) unreadable saved transcript returns null but ledgers the reason [1.71ms]
quality	Run the release contract	2026-10-06T19:51:44.1610569Z (pass) workerProcessMatches darwin branch reads identity via ps [38.11ms]
quality	Run the release contract	2026-10-06T19:51:44.4216745Z (pass) auditing claim stuck in starting with no worker parks for recovery via heartbeat [260.54ms]
quality	Run the release contract	2026-10-06T19:51:44.6810468Z (pass) S7: stranded recovery measures real activity, not the heartbeat's own refire notes [259.27ms]
quality	Run the release contract	2026-10-06T19:51:44.9399532Z (pass) workerless park drops the dead attempt's auditor cursor so recovery re-walks (clean-web field) [258.97ms]
quality	Run the release contract	2026-10-06T19:51:44.9413296Z (pass) reconcile names its rejecting gate in the ledger [1.50ms]
quality	Run the release contract	2026-10-06T19:51:44.9414059Z 
quality	Run the release contract	2026-10-06T19:51:44.9414947Z ##[endgroup]
quality	Run the release contract	2026-10-06T19:51:44.9436501Z 
quality	Run the release contract	2026-10-06T19:51:44.9437031Z ##[group]tests/model-selector.test.ts:
quality	Run the release contract	2026-10-06T19:51:45.2132320Z (pass) chainFor returns the configured chain for a scope [0.44ms]
quality	Run the release contract	2026-10-06T19:51:45.2141202Z (pass) selectNext walks the chain in order and skips current + attempted [0.25ms]
quality	Run the release contract	2026-10-06T19:51:45.2142567Z (pass) selectNextValid returns the first registered, non-forbidden ref in chain order [0.20ms]
quality	Run the release contract	2026-10-06T19:51:45.2143758Z (pass) selectNextValid skips refs already in the attempted list [0.17ms]
quality	Run the release contract	2026-10-06T19:51:45.2144883Z (pass) selectNextValid also skips current when it would otherwise be a candidate [0.10ms]
quality	Run the release contract	2026-10-06T19:51:45.2145970Z (pass) selectNextValid does not mutate the caller's attempted list [0.14ms]
quality	Run the release contract	2026-10-06T19:51:45.2146974Z (pass) selectNextValid skips forbidden refs and records each rejection [0.16ms]
quality	Run the release contract	2026-10-06T19:51:45.2147668Z (pass) selectNextValid records forbidden rejections until a valid ref is found [0.19ms]
quality	Run the release contract	2026-10-06T19:51:45.2148396Z (pass) selectNextValid skips refs missing from the resolver and records each rejection [0.16ms]
quality	Run the release contract	2026-10-06T19:51:45.2149963Z (pass) selectNextValid records forbidden before unregistered when both fail [0.13ms]
quality	Run the release contract	2026-10-06T19:51:45.2151081Z (pass) selectNextValid returns reason=exhausted when the chain runs out [0.11ms]
quality	Run the release contract	2026-10-06T19:51:45.2152102Z (pass) selectNextValid returns exhausted when every ref is forbidden [0.12ms]
quality	Run the release contract	2026-10-06T19:51:45.2153034Z (pass) selectNextValid returns exhausted on an empty chain [0.11ms]
quality	Run the release contract	2026-10-06T19:51:45.2154043Z (pass) selectNextValid records one event per ref visited plus a final outcome [0.13ms]
quality	Run the release contract	2026-10-06T19:51:45.2155039Z (pass) selectNextValid tags subagent scope on every recorded event [0.14ms]
quality	Run the release contract	2026-10-06T19:51:45.2155640Z (pass) selectNextValid does not throw when no recorder is supplied [0.11ms]
quality	Run the release contract	2026-10-06T19:51:45.2156253Z (pass) canUseRef is true only when a ref is not forbidden and resolves [0.13ms]
quality	Run the release contract	2026-10-06T19:51:45.2157230Z (pass) classifyFailure is scope-agnostic — same input returns same output for any scope [0.18ms]
quality	Run the release contract	2026-10-06T19:51:45.2157987Z (pass) retryDelayMs returns the same value as mainModelFailureDelayMs (default base) [0.39ms]
quality	Run the release contract	2026-10-06T19:51:45.2296912Z (pass) audit 2026-09-06: retryDelayMs honors the injected retry base minutes [15.51ms]
quality	Run the release contract	2026-10-06T19:51:45.2298283Z (pass) selectNextValid composes nextUntriedModelRef — manual loop yields the same answer [0.32ms]
quality	Run the release contract	2026-10-06T19:51:45.2298720Z 
quality	Run the release contract	2026-10-06T19:51:45.2299043Z ##[endgroup]
quality	Run the release contract	2026-10-06T19:51:45.2303320Z 
quality	Run the release contract	2026-10-06T19:51:45.2304013Z ##[group]tests/repository-receipts.test.ts:
quality	Run the release contract	2026-10-06T19:51:45.4871713Z (pass) repository-only findings are archive-only, without empty chat groups [2.36ms]
quality	Run the release contract	2026-10-06T19:51:45.4884370Z (pass) repository receipt stays archival while substantive ledger fixes remain visible [0.65ms]
quality	Run the release contract	2026-10-06T19:51:45.4886156Z (pass) flat receipts are archive-only while limitations remain visible [0.88ms]
quality	Run the release contract	2026-10-06T19:51:45.5059537Z (pass) mixed receipt vocabulary never deletes repairs or unperformed checks [17.37ms]
quality	Run the release contract	2026-10-06T19:51:45.5074307Z (pass) archive keeps unknown proof; chat keeps the detailed narrative focused [1.42ms]
quality	Run the release contract	2026-10-06T19:51:45.5075121Z 
quality	Run the release contract	2026-10-06T19:51:45.5075461Z ##[endgroup]
quality	Run the release contract	2026-10-06T19:51:45.5076047Z 
quality	Run the release contract	2026-10-06T19:51:45.5076596Z ##[group]tests/metric-never-moved-resumable.test.ts:
quality	Run the release contract	2026-10-06T19:51:45.9793753Z (pass) behavioral: a loop parked by 'metric never moved' resumes via /loop resume — history kept, counters re-armed [208.49ms]
quality	Run the release contract	2026-10-06T19:51:46.4181352Z (pass) v0.35.x: time and token bound stops resume as fresh windows without discarding history [437.38ms]
quality	Run the release contract	2026-10-06T19:51:46.9911073Z (pass) v0.35.x: metricless cadence delays automatic re-wakes but explicit start is urgent [571.62ms]
quality	Run the release contract	2026-10-06T19:51:47.1663329Z (pass) negative pin: a bounded stop ('max iterations reached') is still not resumable [175.53ms]
quality	Run the release contract	2026-10-06T19:51:47.1690673Z 
quality	Run the release contract	2026-10-06T19:51:47.1694933Z ##[endgroup]
quality	Run the release contract	2026-10-06T19:51:47.1695491Z 
quality	Run the release contract	2026-10-06T19:51:47.1696313Z ##[group]tests/last-wins.test.ts:
quality	Run the release contract	2026-10-06T19:51:47.6275934Z (pass) last-wins: a main host steals a live root — the old owner is never signaled [196.69ms]
quality	Run the release contract	2026-10-06T19:51:47.7517819Z (pass) last-wins: a worker contact never steals — the main session keeps the root [124.20ms]
quality	Run the release contract	2026-10-06T19:51:47.7670826Z (pass) last-wins: quiet paths still reclaim without supersede noise [15.45ms]
quality	Run the release contract	2026-10-06T19:51:48.0031943Z (pass) last-wins: the dethroned session stands down once, then recovers when the holder dies [235.99ms]
quality	Run the release contract	2026-10-06T19:51:48.0164889Z (pass) last-wins wiring: session_start supersedes under hostLifecycleStart, agent_end notes standing [13.35ms]
quality	Run the release contract	2026-10-06T19:51:48.3796054Z (pass) last-wins: an archive fence no longer refuses the new objective — old is ledgered, new starts [363.04ms]
quality	Run the release contract	2026-10-06T19:51:48.7328449Z (pass) last-wins control: without a fence the old objective still archives honestly [353.12ms]
quality	Run the release contract	2026-10-06T19:51:48.7558424Z (pass) last-wins source pins: setGoal preserves-then-proceeds, refusal text gone [23.08ms]
quality	Run the release contract	2026-10-06T19:51:48.8827966Z (pass) audit-2026-09-06: same-session lineage reclaims quietly — no steal event [126.88ms]
quality	Run the release contract	2026-10-06T19:51:49.0074742Z (pass) audit-2026-09-06: anonymous claimant cannot dethrone a live owner [124.71ms]
quality	Run the release contract	2026-10-06T19:51:49.0075518Z 
quality	Run the release contract	2026-10-06T19:51:49.0076033Z ##[endgroup]
quality	Run the release contract	2026-10-06T19:51:49.0078623Z 
quality	Run the release contract	2026-10-06T19:51:49.0079147Z ##[group]tests/auditor-session-mirror.test.ts:
quality	Run the release contract	2026-10-06T19:51:49.3041766Z (pass) sessionMirrorExtensionSpecs returns raw user settings package specs [1.75ms]
quality	Run the release contract	2026-10-06T19:51:49.3044154Z (pass) sessionMirrorExtensionSpecs appends project settings specs, deduped [0.65ms]
quality	Run the release contract	2026-10-06T19:51:49.3045940Z (pass) sessionMirrorExtensionSpecs never mirrors GLLA itself [0.31ms]
quality	Run the release contract	2026-10-06T19:51:49.3047656Z (pass) mergeAuditorAllowedExtensions unions user allowlist first, then mirror [0.13ms]
quality	Run the release contract	2026-10-06T19:51:49.3049561Z (pass) mergeAuditorAllowedExtensions with mirror off keeps the user allowlist alone [0.08ms]
quality	Run the release contract	2026-10-06T19:51:49.3051978Z (pass) mergeAuditorAllowedExtensions with mirror on and empty user list yields the mirror [0.08ms]
quality	Run the release contract	2026-10-06T19:51:49.3053806Z (pass) unresolvable mirror entries still drop fail-closed at resolve time [0.40ms]
quality	Run the release contract	2026-10-06T19:51:49.3289542Z (pass) settings round-trip: mirror opt-out persists, on clears, junk normalizes [24.84ms]
quality	Run the release contract	2026-10-06T19:51:49.3290506Z 
quality	Run the release contract	2026-10-06T19:51:49.3290994Z ##[endgroup]
quality	Run the release contract	2026-10-06T19:51:49.3293226Z 
quality	Run the release contract	2026-10-06T19:51:49.3293740Z ##[group]tests/state-root-failure.test.ts:
quality	Run the release contract	2026-10-06T19:51:49.6085739Z (pass) known session root remains readable and mutations defer on permission [20.16ms]
quality	Run the release contract	2026-10-06T19:51:49.6110642Z (pass) known session root remains readable and mutations defer on malformed [2.60ms]
quality	Run the release contract	2026-10-06T19:51:49.6159595Z (pass) known session root remains readable and mutations defer on invalid-selector [4.90ms]
quality	Run the release contract	2026-10-06T19:51:49.6171429Z (pass) cold unreadable selector does not authorize a fallback root [1.21ms]
quality	Run the release contract	2026-10-06T19:51:49.6176478Z (pass) cold invalid-json selector does not authorize a fallback root [0.50ms]
quality	Run the release contract	2026-10-06T19:51:49.6186950Z (pass) absent selector uses the default, while a persistence operation pins a validated root [1.02ms]
quality	Run the release contract	2026-10-06T19:51:49.6187925Z 
quality	Run the release contract	2026-10-06T19:51:49.6188409Z ##[endgroup]
quality	Run the release contract	2026-10-06T19:51:49.6191723Z 
quality	Run the release contract	2026-10-06T19:51:49.6192333Z ##[group]tests/stale-delayed-context.test.ts:
quality	Run the release contract	2026-10-06T19:51:49.8997381Z (pass) v0.34.20: registered agent tools resolve the invocation context [16.85ms]
quality	Run the release contract	2026-10-06T19:51:49.9009105Z (pass) v0.34.20: provider retry timers have one session-boundary adapter [1.33ms]
quality	Run the release contract	2026-10-06T19:51:49.9015487Z (pass) v0.34.20: detached fan-out revalidates after user confirmation [0.64ms]
quality	Run the release contract	2026-10-06T19:51:49.9030633Z (pass) v0.34.22: detached completion audits persist lifecycle claims and stop applying after replacement [1.46ms]
quality	Run the release contract	2026-10-06T19:51:49.9033499Z (pass) v0.34.20: generic infra retry supports a lifecycle guard before and after backoff [0.33ms]
quality	Run the release contract	2026-10-06T19:51:49.9036216Z (pass) v0.34.20: manual resume consumes a stored completion claim directly [0.24ms]
quality	Run the release contract	2026-10-06T19:51:49.9042489Z (pass) v0.34.20: loop measurement and branch cleanup rebind after async work [0.63ms]
quality	Run the release contract	2026-10-06T19:51:49.9043110Z 
quality	Run the release contract	2026-10-06T19:51:49.9043573Z ##[endgroup]
quality	Run the release contract	2026-10-06T19:51:49.9047366Z 
quality	Run the release contract	2026-10-06T19:51:49.9048063Z ##[group]tests/hourly-quota-probe.test.ts:
quality	Run the release contract	2026-10-06T19:51:50.1663391Z (pass) v0.34.92: nextHourlyProbeMs returns :00:30 of the NEXT hour [0.37ms]
quality	Run the release contract	2026-10-06T19:51:50.1664740Z (pass) v0.34.92: nextHourlyProbeMs at :00:29 jumps to THIS hour's :00:30 [0.05ms]
quality	Run the release contract	2026-10-06T19:51:50.1665865Z (pass) v0.34.92: nextHourlyProbeMs at :00:31 jumps to NEXT hour [0.06ms]
quality	Run the release contract	2026-10-06T19:51:50.1666838Z (pass) v0.34.92: nextHourlyProbeMs strictly > now [0.19ms]
quality	Run the release contract	2026-10-06T19:51:50.1668400Z (pass) v0.34.92: nextHourlyPromptMs (legacy) still returns :00:00 — kept for callers that pin it [0.08ms]
quality	Run the release contract	2026-10-06T19:51:50.1670211Z (pass) v0.34.92: scheduleHourlyProbe / fireHourlyProbe / cancelHourlyProbe are wired in goal-recovery.ts [0.40ms]
quality	Run the release contract	2026-10-06T19:51:50.1671694Z (pass) v0.34.92: parkMainModelAfterFailure schedules the hourly ticker alongside the recovery timer [0.19ms]
quality	Run the release contract	2026-10-06T19:51:50.1672878Z (pass) v0.34.92: mainModelRecoverySucceeded cancels the hourly ticker [0.11ms]
quality	Run the release contract	2026-10-06T19:51:50.1673977Z (pass) v0.34.92: clearMainModelRecoveryTimer cancels the hourly ticker in lockstep [0.07ms]
quality	Run the release contract	2026-10-06T19:51:50.1675319Z (pass) v0.34.131: a failed hourly probe re-arms only after the async recovery settles [0.35ms]
quality	Run the release contract	2026-10-06T19:51:50.4305210Z (pass) v0.34.132: executable runtime regression covers failure re-arm, opt-out, and generation fencing [263.49ms]
quality	Run the release contract	2026-10-06T19:51:50.4307320Z (pass) v0.34.92: session_start re-arms the hourly ticker when recovery is parked [0.37ms]
quality	Run the release contract	2026-10-06T19:51:50.4308786Z (pass) fresh pause fences cover the hourly auditor backstop too [0.16ms]
quality	Run the release contract	2026-10-06T19:51:50.4311525Z (pass) v0.34.142: hourlyRetryProbe setting exists and defaults to ON [0.10ms]
quality	Run the release contract	2026-10-06T19:51:50.4317462Z (pass) v0.34.142: the /glla menu exposes hourlyRetryProbe with on/off options [0.70ms]
quality	Run the release contract	2026-10-06T19:51:50.4385729Z (pass) v0.34.92: v0.34.58/v0.34.90 quota-prompt machinery is REMOVED from goal.ts and core.ts [6.78ms]
quality	Run the release contract	2026-10-06T19:51:50.4386959Z (pass) v0.34.92: nextHourlyProbeMs is exported from goal-loop-core.ts [0.06ms]
quality	Run the release contract	2026-10-06T19:51:50.4387484Z 
quality	Run the release contract	2026-10-06T19:51:50.4387956Z ##[endgroup]
quality	Run the release contract	2026-10-06T19:51:50.4391276Z 
quality	Run the release contract	2026-10-06T19:51:50.4391807Z ##[group]tests/list-import.test.ts:
quality	Run the release contract	2026-10-06T19:51:50.7039585Z (pass) markdown checklist [0.41ms]
quality	Run the release contract	2026-10-06T19:51:50.7041989Z (pass) bullets of all flavors [0.14ms]
quality	Run the release contract	2026-10-06T19:51:50.7042662Z (pass) numbered items [0.06ms]
quality	Run the release contract	2026-10-06T19:51:50.7043262Z (pass) plain lines pass through [0.05ms]
quality	Run the release contract	2026-10-06T19:51:50.7044030Z (pass) headings, blanks, comments, hr rules are skipped [0.05ms]
quality	Run the release contract	2026-10-06T19:51:50.7044863Z (pass) a sisyphus-style plan file imports clean [0.06ms]
quality	Run the release contract	2026-10-06T19:51:50.7045376Z (pass) whitespace-only and empty content yields nothing [0.06ms]
quality	Run the release contract	2026-10-06T19:51:50.7045863Z (pass) items with inline contracts survive intact [0.04ms]
quality	Run the release contract	2026-10-06T19:51:50.7046384Z (pass) resolveImportFile: detects a real file by bare name [0.46ms]
quality	Run the release contract	2026-10-06T19:51:50.7047309Z (pass) resolveImportFile: detects paths with separators and ./ [0.46ms]
quality	Run the release contract	2026-10-06T19:51:50.7048237Z (pass) resolveImportFile: objective text is NOT a file [0.28ms]
quality	Run the release contract	2026-10-06T19:51:50.7049094Z (pass) resolveImportFile: directories are not importable [0.32ms]
quality	Run the release contract	2026-10-06T19:51:50.7050156Z (pass) routeListText: file path wins over everything [0.30ms]
quality	Run the release contract	2026-10-06T19:51:50.7051518Z (pass) routeListText: field 2026-09-16 — plain lines are a paragraph, not a batch [0.29ms]
quality	Run the release contract	2026-10-06T19:51:50.7052758Z (pass) routeListText: field 2026-09-16 — marked structure still batches [0.14ms]
quality	Run the release contract	2026-10-06T19:51:50.7053850Z (pass) hasExplicitListStructure: two marked lines, one marked line, none [0.06ms]
quality	Run the release contract	2026-10-06T19:51:50.7055391Z (pass) routeListText: field 2026-09-16 — explicit add keeps contracted lines batched (v0.34.81 subtasks) [0.43ms]
quality	Run the release contract	2026-10-06T19:51:50.7056903Z (pass) routeListText: field 2026-09-16 — explicit add with contract-less prose still drafts [0.07ms]
quality	Run the release contract	2026-10-06T19:51:50.7058268Z (pass) routeListText: field 2026-09-16 — explicit add batches mixed contracted lines [0.06ms]
quality	Run the release contract	2026-10-06T19:51:50.7059430Z (pass) audit 2026-09-16: bare list preserves independently contracted records [0.07ms]
quality	Run the release contract	2026-10-06T19:51:50.7060758Z (pass) audit 2026-09-16: add preserves a paragraph with a standalone contract [0.06ms]
quality	Run the release contract	2026-10-06T19:51:50.7061764Z (pass) routeListText: pasted bullets preserve item wording and contracts [0.06ms]
quality	Run the release contract	2026-10-06T19:51:50.7062991Z (pass) routeListText: a one-record paste remains eligible for item-level clarification [0.05ms]
quality	Run the release contract	2026-10-06T19:51:50.7064104Z (pass) routeListText: 'Done when:' clause adds directly, no interview [0.07ms]
quality	Run the release contract	2026-10-06T19:51:50.7065137Z (pass) routeListText: vague dump goes to conversational drafting [0.04ms]
quality	Run the release contract	2026-10-06T19:51:50.7066178Z (pass) routeListText: nonexistent file-ish text is not a file [0.06ms]
quality	Run the release contract	2026-10-06T19:51:50.7067127Z (pass) listMutationBlocked: only during list drafting sessions [0.20ms]
quality	Run the release contract	2026-10-06T19:51:50.7209568Z 
quality	Run the release contract	2026-10-06T19:51:50.7210946Z ##[endgroup]
quality	Run the release contract	2026-10-06T19:51:50.7214918Z 
quality	Run the release contract	2026-10-06T19:51:50.7216779Z ##[group]tests/outcome-first-chat.test.ts:
quality	Run the release contract	2026-10-06T19:51:51.0080081Z (pass) whole-work recap takes precedence for every plain/structured repair combination [24.50ms]
quality	Run the release contract	2026-10-06T19:51:51.0096751Z (pass) four-area chat is outcome-first and grouped; archive retains detailed evidence [1.78ms]
quality	Run the release contract	2026-10-06T19:51:51.0097382Z 
quality	Run the release contract	2026-10-06T19:51:51.0097712Z ##[endgroup]
quality	Run the release contract	2026-10-06T19:51:51.0101079Z 
quality	Run the release contract	2026-10-06T19:51:51.0101940Z ##[group]tests/stuck-audit-latch.test.ts:
quality	Run the release contract	2026-10-06T19:51:51.2921656Z (pass) Fix A: the apply gate defers + parks instead of silently dropping a completed verdict [17.65ms]
quality	Run the release contract	2026-10-06T19:51:51.2925881Z (pass) Fix B: the stale-latch stranded park runs BEFORE the extensionApiStale early return [0.56ms]
quality	Run the release contract	2026-10-06T19:51:51.2929107Z (pass) Fix B: the park requires the stuck signature (auditing, claim, 90s silence; in-flight only when workerless) [0.39ms]
quality	Run the release contract	2026-10-06T19:51:51.2931065Z (pass) audit 2026-09-25: stranded_audit_recovered is ledgered only after the park lands [0.21ms]
quality	Run the release contract	2026-10-06T19:51:51.2934493Z (pass) S9 (continuation route): the overdue backstop latches only after the park-clear lands [0.13ms]
quality	Run the release contract	2026-10-06T19:51:51.2935578Z (pass) S9 (probe route): the overdue backstop releases the latch at settle when the wait is still parked [0.08ms]
quality	Run the release contract	2026-10-06T19:51:51.2936117Z 
quality	Run the release contract	2026-10-06T19:51:51.2936478Z ##[endgroup]
quality	Run the release contract	2026-10-06T19:51:51.2939120Z 
quality	Run the release contract	2026-10-06T19:51:51.2939749Z ##[group]tests/mechanical-pipeline.test.ts:
quality	Run the release contract	2026-10-06T19:51:51.5551819Z (pass) parseMechanicalPipeline: accepts the narrow pipeline shape [0.49ms]
quality	Run the release contract	2026-10-06T19:51:51.5569068Z (pass) parseMechanicalPipeline: rejects everything outside the shape [0.18ms]
quality	Run the release contract	2026-10-06T19:51:51.5570951Z (pass) extraction delivers the field pipeline string to the runner [0.22ms]
quality	Run the release contract	2026-10-06T19:51:51.5901007Z (pass) pipeline runs shell-free: green head passes, evidence truncated [36.83ms]
quality	Run the release contract	2026-10-06T19:51:51.6570451Z (pass) pipeline exit follows the head, never the filter [66.87ms]
quality	Run the release contract	2026-10-06T19:51:51.6573825Z (pass) unsafe pipeline stages never execute: 126 with no side effects [0.47ms]
quality	Run the release contract	2026-10-06T19:51:51.6953166Z (pass) grep filter reads stdin only: no file operand, no leak [37.79ms]
quality	Run the release contract	2026-10-06T19:51:51.6953774Z 
quality	Run the release contract	2026-10-06T19:51:51.6954151Z ##[endgroup]
quality	Run the release contract	2026-10-06T19:51:51.6956340Z 
quality	Run the release contract	2026-10-06T19:51:51.6957050Z ##[group]tests/objective-loss-state-root.test.ts:
quality	Run the release contract	2026-10-06T19:51:51.9567956Z (pass) workingDir default: cwd switch makes old objective invisible from new cwd (expected) [2.89ms]
quality	Run the release contract	2026-10-06T19:51:51.9570143Z (pass) sessionDir opt-in: same cwd switch keeps objective visible via shared sessionDir [1.77ms]
quality	Run the release contract	2026-10-06T19:51:51.9749605Z (pass) evidence: no destructive migration and pending defers writes — Wez crash / version switch does not delete old root [18.93ms]
quality	Run the release contract	2026-10-06T19:51:51.9751331Z 
quality	Run the release contract	2026-10-06T19:51:51.9751928Z ##[endgroup]
quality	Run the release contract	2026-10-06T19:51:51.9752207Z 
quality	Run the release contract	2026-10-06T19:51:51.9752799Z ##[group]tests/long-running-discipline.test.ts:
quality	Run the release contract	2026-10-06T19:51:52.2306623Z (pass) long-running supervision is event-driven with 250ms→15s fallback, not duration-guessed [0.64ms]
quality	Run the release contract	2026-10-06T19:51:52.2308899Z (pass) monitor goals are display-only — scheduling is event-driven for every plane [1.00ms]
quality	Run the release contract	2026-10-06T19:51:52.2310181Z (pass) drafting batches 2–4 questions up front via one ask_user_question picker [0.29ms]
quality	Run the release contract	2026-10-06T19:51:52.2311470Z (pass) long-running policies compensate zero mid-run questions with more upfront [0.23ms]
quality	Run the release contract	2026-10-06T19:51:52.2312434Z (pass) continuation prompt carries both policies so active execution sees them [2.19ms]
quality	Run the release contract	2026-10-06T19:51:52.2312789Z 
quality	Run the release contract	2026-10-06T19:51:52.2313102Z ##[endgroup]
quality	Run the release contract	2026-10-06T19:51:52.2501588Z 
quality	Run the release contract	2026-10-06T19:51:52.2502862Z ##[group]tests/persistence-recovery.test.ts:
quality	Run the release contract	2026-10-06T19:51:52.5420186Z (pass) archive summary obligation survives every projection boundary and outbox failure [38.20ms]
quality	Run the release contract	2026-10-06T19:51:54.2654774Z (pass) SIGKILL before outbox transfer recovers the summary in a cold Node process [1723.50ms]
quality	Run the release contract	2026-10-06T19:51:54.2675615Z (pass) archive intent prevents a published archive from resurrecting its active goal [2.20ms]
quality	Run the release contract	2026-10-06T19:51:54.2685362Z (pass) a prepared archive intent without an archive is safe to discard [0.99ms]
quality	Run the release contract	2026-10-06T19:51:54.2704801Z (pass) ledger rotation keeps a bounded active snapshot and retains forensic history [1.93ms]
quality	Run the release contract	2026-10-06T19:51:54.2710728Z (pass) readState recovers when a process dies after segment rename but before active rewrite [0.54ms]
quality	Run the release contract	2026-10-06T19:51:54.2718684Z (pass) queue deletion distinguishes absent sidecars from failed destructive cleanup [0.81ms]
quality	Run the release contract	2026-10-06T19:51:54.2736547Z (pass) audit-job health reports proven-dead workers and preserves ambiguous scratch [1.78ms]
quality	Run the release contract	2026-10-06T19:51:54.2737154Z 
quality	Run the release contract	2026-10-06T19:51:54.2737496Z ##[endgroup]
quality	Run the release contract	2026-10-06T19:51:54.2740833Z 
quality	Run the release contract	2026-10-06T19:51:54.2741414Z ##[group]tests/list-draft-handoff.test.ts:
quality	Run the release contract	2026-10-06T19:52:00.1996715Z (pass) 125335: fresh commentary-only draft end delivers exactly one bounded correction [5666.22ms]
quality	Run the release contract	2026-10-06T19:52:03.0218855Z (pass) stated next dependent question is a legal drafting end: no correction [2821.46ms]
quality	Run the release contract	2026-10-06T19:52:05.8541388Z (pass) short ack without a question is not commentary: no correction [2832.72ms]
quality	Run the release contract	2026-10-06T19:52:05.8543522Z (pass) tool-unavailable fallback: the correction directs prose asking [0.41ms]
quality	Run the release contract	2026-10-06T19:52:08.6701665Z (pass) confirmation gate untouched: correction never earns a proposal [2815.58ms]
quality	Run the release contract	2026-10-06T19:52:08.6702495Z 
quality	Run the release contract	2026-10-06T19:52:08.6703183Z ##[endgroup]
quality	Run the release contract	2026-10-06T19:52:08.6706093Z 
quality	Run the release contract	2026-10-06T19:52:08.6706610Z ##[group]tests/audit-lifecycle.test.ts:
quality	Run the release contract	2026-10-06T19:52:08.9375898Z (pass) lifecycle: a fresh claim is STARTING, not running — the launch window is represented [0.65ms]
quality	Run the release contract	2026-10-06T19:52:08.9401144Z (pass) lifecycle: the launch window is reported as no-first-event once it passes the window [0.27ms]
quality	Run the release contract	2026-10-06T19:52:08.9410856Z (pass) lifecycle: a starting claim that HAS produced worker activity is running, with the worker's own stamp [0.19ms]
quality	Run the release contract	2026-10-06T19:52:08.9413534Z (pass) lifecycle: a park is a park, not worker activity [0.18ms]
quality	Run the release contract	2026-10-06T19:52:08.9414908Z (pass) lifecycle: a settling claim reports the applied verdict, not a worker event [0.19ms]
quality	Run the release contract	2026-10-06T19:52:08.9416397Z (pass) lifecycle: running with last activity, and a quiet one reported as no progress [0.20ms]
quality	Run the release contract	2026-10-06T19:52:08.9418028Z (pass) lifecycle: the activity heartbeat is throttled, so a chatty auditor cannot flood the ledger [0.13ms]
quality	Run the release contract	2026-10-06T19:52:08.9420101Z (pass) lifecycle: an applied approval awaiting its archive is SETTLING — never terminal [0.10ms]
quality	Run the release contract	2026-10-06T19:52:08.9421609Z (pass) lifecycle: approved is a SETTLEMENT state, and only the settlement may claim it [0.23ms]
quality	Run the release contract	2026-10-06T19:52:08.9423258Z (pass) lifecycle: an interrupted or unknown claim is RECOVERY NEEDED with a real next action [0.31ms]
quality	Run the release contract	2026-10-06T19:52:08.9424752Z (pass) lifecycle: a retry-waiting claim is distinct, and names the armed retry [0.16ms]
quality	Run the release contract	2026-10-06T19:52:08.9426135Z (pass) lifecycle: phase migration and attempt ownership stay explicit [0.11ms]
quality	Run the release contract	2026-10-06T19:52:08.9427506Z (pass) lifecycle: a claim with no usable timestamp never invents an age [0.14ms]
quality	Run the release contract	2026-10-06T19:52:08.9428948Z (pass) lifecycle: a future activity stamp clamps instead of rendering a negative age [0.12ms]
quality	Run the release contract	2026-10-06T19:52:08.9430685Z (pass) settlement: an unresolved claim can never reach a terminal render [0.17ms]
quality	Run the release contract	2026-10-06T19:52:08.9432062Z (pass) settlement: a failed write or archive parks instead of claiming success [0.11ms]
quality	Run the release contract	2026-10-06T19:52:08.9433509Z (pass) lifecycle: the age formatter is the shared vocabulary [0.05ms]
quality	Run the release contract	2026-10-06T19:52:08.9434177Z 
quality	Run the release contract	2026-10-06T19:52:08.9434864Z ##[endgroup]
quality	Run the release contract	2026-10-06T19:52:08.9435248Z 
quality	Run the release contract	2026-10-06T19:52:08.9435893Z ##[group]tests/auditor-extensions.test.ts:
quality	Run the release contract	2026-10-06T19:52:09.2070292Z (pass) normalizeAuditorAllowedExtensions is bounded, deduped, deterministic [0.41ms]
quality	Run the release contract	2026-10-06T19:52:09.2265751Z (pass) discovery resolves settings packages/extensions to concrete install paths [20.30ms]
quality	Run the release contract	2026-10-06T19:52:09.2275906Z (pass) resolveAuditorExtensionSpec maps npm/git/local specs to existing paths [1.13ms]
quality	Run the release contract	2026-10-06T19:52:09.2283516Z (pass) resolveAuditorAllowedExtensions drops unresolvable entries fail-closed [0.77ms]
quality	Run the release contract	2026-10-06T19:52:09.2288505Z (pass) v0.35.72: project-relative auditor extensions resolve from the project settings base [0.49ms]
quality	Run the release contract	2026-10-06T19:52:09.2294292Z (pass) request allowedExtensions rides the hashed payload with resolved paths [0.52ms]
quality	Run the release contract	2026-10-06T19:52:09.2298207Z (pass) auditorExtensionArgs only emits args for a non-empty allowlist [0.42ms]
quality	Run the release contract	2026-10-06T19:52:09.2299591Z (pass) audit 2026-09-06: auditorExtensionArgs drops raw npm: specs fail-closed [0.18ms]
quality	Run the release contract	2026-10-06T19:52:09.2301373Z (pass) audit 2026-09-06: allowlist normalize dedups case-insensitively [0.07ms]
quality	Run the release contract	2026-10-06T19:52:09.2304813Z (pass) v0.35.72: offline auditor validation uses Node timeout support, not POSIX timeout [0.33ms]
quality	Run the release contract	2026-10-06T19:52:09.5724070Z (pass) mandatory hermetic auditor-extension validation loads the resolved allowlist path [340.31ms]
quality	Run the release contract	2026-10-06T19:52:09.5830897Z (pass) settings round-trip: menu pick persists, load normalizes, clear removes [12.12ms]
quality	Run the release contract	2026-10-06T19:52:09.5840020Z (pass) saveSettings writes the allowlist and hand-edited junk is normalized on load [1.03ms]
quality	Run the release contract	2026-10-06T19:52:09.5840702Z 
quality	Run the release contract	2026-10-06T19:52:09.5841174Z ##[endgroup]
quality	Run the release contract	2026-10-06T19:52:09.5844610Z 
quality	Run the release contract	2026-10-06T19:52:09.5845189Z ##[group]tests/heartbeat.test.ts:
quality	Run the release contract	2026-10-06T19:52:09.8511585Z (pass) fires: supervising + idle + no timer + quiet long enough [0.20ms]
quality	Run the release contract	2026-10-06T19:52:09.8530853Z (pass) does not fire when not supervising [0.05ms]
quality	Run the release contract	2026-10-06T19:52:09.8545010Z (pass) does not fire when session is busy [0.04ms]
quality	Run the release contract	2026-10-06T19:52:09.8546902Z (pass) does not fire when a continuation is already scheduled [0.03ms]
quality	Run the release contract	2026-10-06T19:52:09.8548112Z (pass) does not fire before the stall threshold [0.11ms]
quality	Run the release contract	2026-10-06T19:52:09.8549133Z (pass) custom stall threshold is honored [0.04ms]
quality	Run the release contract	2026-10-06T19:52:09.8550668Z (pass) shouldWedgeAlert: fires when supervising + busy + silent past threshold [0.04ms]
quality	Run the release contract	2026-10-06T19:52:09.8552494Z (pass) shouldWedgeAlert: silent below threshold does not fire [0.04ms]
quality	Run the release contract	2026-10-06T19:52:09.8553883Z (pass) shouldWedgeAlert: idle session is the heartbeat's job, not ours [0.03ms]
quality	Run the release contract	2026-10-06T19:52:09.8555164Z (pass) shouldWedgeAlert: not supervising never fires [0.03ms]
quality	Run the release contract	2026-10-06T19:52:09.8556320Z (pass) shouldWedgeAlert: throttled to once per threshold interval [0.03ms]
quality	Run the release contract	2026-10-06T19:52:09.8557378Z (pass) shouldWedgeAlert: threshold 0 disables [0.08ms]
quality	Run the release contract	2026-10-06T19:52:09.8558642Z (pass) timing defaults: wedge 30m, measure 10m, auditor inactivity 10m, no process wall [0.18ms]
quality	Run the release contract	2026-10-06T19:52:09.8560440Z (pass) auditor watchdog: confirmed inactivity aborts only without a tool [0.16ms]
quality	Run the release contract	2026-10-06T19:52:09.8562383Z (pass) v0.28.25: stall refires space exponentially — 1m, 2m, 4m, 8m cap (junk-runner 5-in-4-minutes fix) [0.12ms]
quality	Run the release contract	2026-10-06T19:52:09.8563537Z 
quality	Run the release contract	2026-10-06T19:52:09.8564236Z ##[endgroup]
quality	Run the release contract	2026-10-06T19:52:09.8564728Z 
quality	Run the release contract	2026-10-06T19:52:09.8565692Z ##[group]tests/multi-model-picker.test.ts:
quality	Run the release contract	2026-10-06T19:52:10.1305107Z (pass) multi-model-picker: items-build integration — session/manual still render as non-toggleable rows [0.78ms]
quality	Run the release contract	2026-10-06T19:52:10.1490837Z (pass) multi-model-picker: explicit inherit choice is distinct from session/manual rows [18.43ms]
quality	Run the release contract	2026-10-06T19:52:10.1501199Z (pass) multi-model-picker: typing fuzzy-filters the list; backspace widens [0.93ms]
quality	Run the release contract	2026-10-06T19:52:10.1502793Z (pass) multi-model-picker: ↑/↓ move the selection (wrap at ends) [0.19ms]
quality	Run the release contract	2026-10-06T19:52:10.1503960Z (pass) multi-model-picker: space toggles the highlighted model in/out of the selection [0.12ms]
quality	Run the release contract	2026-10-06T19:52:10.1504794Z (pass) multi-model-picker: selection order matches toggle order, not list order [0.25ms]
quality	Run the release contract	2026-10-06T19:52:10.1506027Z (pass) multi-model-picker: enter confirms with the refs in selection order [0.21ms]
quality	Run the release contract	2026-10-06T19:52:10.1521145Z (pass) multi-model-picker: brackets reorder the configured try sequence [0.85ms]
quality	Run the release contract	2026-10-06T19:52:10.1522567Z (pass) multi-model-picker: current session model is slot 0 and cannot be added as its own backup [0.70ms]
quality	Run the release contract	2026-10-06T19:52:10.1540463Z (pass) multi-model-picker: configured unavailable and blocked refs remain visible with reasons [0.82ms]
quality	Run the release contract	2026-10-06T19:52:10.1544201Z (pass) multi-model-picker: tab enters order mode; enter still confirms [0.21ms]
quality	Run the release contract	2026-10-06T19:52:10.1545746Z (pass) multi-model-picker: order mode — ↑/↓ moves the chain row and the cursor follows [0.25ms]
quality	Run the release contract	2026-10-06T19:52:10.1548014Z (pass) multi-model-picker: order mode — tab returns to browse without confirming; space is suspended [0.19ms]
quality	Run the release contract	2026-10-06T19:52:10.1549722Z (pass) multi-model-picker: order mode — empty chain is a no-op and esc still cancels [0.11ms]
quality	Run the release contract	2026-10-06T19:52:10.1551389Z (pass) multi-model-picker: render truncates a long title to the terminal width [0.83ms]
quality	Run the release contract	2026-10-06T19:52:10.1572154Z (pass) multi-model-picker: order mode — the active chain row is highlighted and the footer switches [0.97ms]
quality	Run the release contract	2026-10-06T19:52:10.1574027Z (pass) multi-model-picker: empty selection confirms as an empty array (not undefined) [0.08ms]
quality	Run the release contract	2026-10-06T19:52:10.1575807Z (pass) multi-model-picker: esc cancels with undefined (regardless of selection) [0.06ms]
quality	Run the release contract	2026-10-06T19:52:10.1577493Z (pass) multi-model-picker: session row is not toggleable — space is a no-op [0.10ms]
quality	Run the release contract	2026-10-06T19:52:10.1579230Z (pass) multi-model-picker: manual row is not toggleable — space is a no-op [0.22ms]
quality	Run the release contract	2026-10-06T19:52:10.1580999Z (pass) multi-model-picker: main backup cap refuses the 11th selection [0.80ms]
quality	Run the release contract	2026-10-06T19:52:10.1582522Z (pass) multi-model-picker: initialSelected preserves stale refs for explicit cleanup [0.17ms]
quality	Run the release contract	2026-10-06T19:52:10.1585141Z (pass) multi-model-picker: render — title, search, marked rows, and footer hint are all present [0.42ms]
quality	Run the release contract	2026-10-06T19:52:10.1586951Z (pass) multi-model-picker: render — highlighted row uses the available width for selection [0.47ms]
quality	Run the release contract	2026-10-06T19:52:10.1588812Z (pass) multi-model-picker: render — selected row keeps its rank even when not highlighted [0.44ms]
quality	Run the release contract	2026-10-06T19:52:10.1591145Z (pass) multi-model-picker set mode: rows render as [X]/[ ] with no positional digits [0.63ms]
quality	Run the release contract	2026-10-06T19:52:10.1595818Z (pass) multi-model-picker set mode: selection order is invariant under toggle sequence [0.55ms]
quality	Run the release contract	2026-10-06T19:52:10.1597278Z (pass) multi-model-picker set mode: tab is a no-op and never enters order mode [0.15ms]
quality	Run the release contract	2026-10-06T19:52:10.1598745Z (pass) multi-model-picker set mode: brackets are a no-op (no reordering) [0.10ms]
quality	Run the release contract	2026-10-06T19:52:10.1604337Z (pass) audit 2026-09-06: capped initialSelected names the omitted refs [0.54ms]
quality	Run the release contract	2026-10-06T19:52:10.1606079Z (pass) multi-model-picker set mode: initial selection is canonicalized to item order [0.11ms]
quality	Run the release contract	2026-10-06T19:52:10.1618852Z (pass) narrow model pickers bound every rendered line [1.31ms]
quality	Run the release contract	2026-10-06T19:52:10.1619434Z 
quality	Run the release contract	2026-10-06T19:52:10.1620322Z ##[endgroup]
quality	Run the release contract	2026-10-06T19:52:10.1624558Z 
quality	Run the release contract	2026-10-06T19:52:10.1625114Z ##[group]tests/list-settings-route.test.ts:
quality	Run the release contract	2026-10-06T19:52:10.3140121Z [run-tests] progress: 150s elapsed · 0s since last output · 75 KiB of suite output
quality	Run the release contract	2026-10-06T19:52:10.7996454Z (pass) v0.34.53: /list settings redirects to /glla explicitly — no drafting, no state mutation [366.56ms]
quality	Run the release contract	2026-10-06T19:52:11.1349945Z (pass) v0.34.53: /list settings is read-only — it still redirects on a stale extension handle [338.65ms]
quality	Run the release contract	2026-10-06T19:52:11.4645502Z (pass) v0.34.53: /list add settings… still adds a literal item — the explicit verb is the only way in [329.31ms]
quality	Run the release contract	2026-10-06T19:52:11.4721197Z (pass) v0.34.53: source — /list help documents /glla as the settings command and the branch precedes the dump fallthrough [6.30ms]
quality	Run the release contract	2026-10-06T19:52:11.9949539Z (pass) C5: /list add of a just-finished objective is skipped, not resurrected [524.19ms]
quality	Run the release contract	2026-10-06T19:52:11.9950682Z 
quality	Run the release contract	2026-10-06T19:52:11.9951459Z ##[endgroup]
quality	Run the release contract	2026-10-06T19:52:11.9954985Z 
quality	Run the release contract	2026-10-06T19:52:11.9955666Z ##[group]tests/autoresume-default.test.ts:
quality	Run the release contract	2026-10-06T19:52:12.2737335Z (pass) /glla settings persists explicit auto-resume off (tri-state, not undefined) [1.01ms]
quality	Run the release contract	2026-10-06T19:52:12.2738676Z (pass) settings table shows the tri-state honestly [0.37ms]
quality	Run the release contract	2026-10-06T19:52:12.2740405Z (pass) hold-on-load text offers the explicit resume + the on opt-in [0.62ms]
quality	Run the release contract	2026-10-06T19:52:12.2740984Z 
quality	Run the release contract	2026-10-06T19:52:12.2741469Z ##[endgroup]
quality	Run the release contract	2026-10-06T19:52:12.2909328Z 
quality	Run the release contract	2026-10-06T19:52:12.2910543Z ##[group]tests/prompt-subagent-retry-guidance.test.ts:
quality	Run the release contract	2026-10-06T19:52:12.5491536Z (pass) continuation prompt treats provider wording as generic retryable failure (item 38) [0.57ms]
quality	Run the release contract	2026-10-06T19:52:12.5493477Z (pass) continuation prompt resumes or retries a failed subagent without a reset wait [0.18ms]
quality	Run the release contract	2026-10-06T19:52:12.5502031Z 
quality	Run the release contract	2026-10-06T19:52:12.5502869Z ##[endgroup]
quality	Run the release contract	2026-10-06T19:52:12.5503125Z 
quality	Run the release contract	2026-10-06T19:52:12.5503617Z ##[group]tests/summary-purpose.test.ts:
quality	Run the release contract	2026-10-06T19:52:12.8193460Z (pass) chat summary leads with durable change facts and hides verification by default [3.36ms]
quality	Run the release contract	2026-10-06T19:52:12.8393894Z (pass) explicit verification opt-in adds one aggregate tail, not a gate table [21.31ms]
quality	Run the release contract	2026-10-06T19:52:12.8403969Z (pass) behavioral limitation belongs under Remaining, not a second technical Next [1.25ms]
quality	Run the release contract	2026-10-06T19:52:12.8405400Z 
quality	Run the release contract	2026-10-06T19:52:12.8406269Z ##[endgroup]
quality	Run the release contract	2026-10-06T19:52:12.8409358Z 
quality	Run the release contract	2026-10-06T19:52:12.8410400Z ##[group]tests/completion-trailing-space.test.ts:
quality	Run the release contract	2026-10-06T19:52:13.1071550Z (pass) subcommand items get a trailing space in value, label stays clean [1.05ms]
quality	Run the release contract	2026-10-06T19:52:13.1073268Z (pass) key=value items get NO trailing space (user types the value right after the =) [0.74ms]
quality	Run the release contract	2026-10-06T19:52:13.1259168Z (pass) mixed list (bare commands + key=value) — the asymmetric rule [19.03ms]
quality	Run the release contract	2026-10-06T19:52:13.1264036Z (pass) filter still prefix-based (no other behavior change) [0.68ms]
quality	Run the release contract	2026-10-06T19:52:13.1284319Z (pass) registerCommand: /goal, /glla, /list, /loop all use the shared factory [2.02ms]
quality	Run the release contract	2026-10-06T19:52:13.1292056Z (pass) /glla completions stay concise: actions only; settings live in the table [0.69ms]
quality	Run the release contract	2026-10-06T19:52:13.1293711Z 
quality	Run the release contract	2026-10-06T19:52:13.1294412Z ##[endgroup]
quality	Run the release contract	2026-10-06T19:52:13.1296714Z 
quality	Run the release contract	2026-10-06T19:52:13.1297408Z ##[group]tests/goal-loop-core.test.ts:
quality	Run the release contract	2026-10-06T19:52:13.3976698Z (pass) piGlaDir returns the canonical path [0.39ms]
quality	Run the release contract	2026-10-06T19:52:13.3977521Z (pass) newGoalId format [0.25ms]
quality	Run the release contract	2026-10-06T19:52:13.3978744Z (pass) v0.36.0: repeated identical auditor objections are a state-based no-progress signal [0.22ms]
quality	Run the release contract	2026-10-06T19:52:13.3980076Z (pass) statusLabel covers all states [0.07ms]
quality	Run the release contract	2026-10-06T19:52:13.3981076Z (pass) audit display classification keeps semantic verdicts separate from infra and shield outcomes [0.78ms]
quality	Run the release contract	2026-10-06T19:52:13.3982165Z (pass) list policy and aborted status remain separate display facts [0.22ms]
quality	Run the release contract	2026-10-06T19:52:13.3982709Z (pass) findNextPendingTask BFSes subtasks [0.18ms]
quality	Run the release contract	2026-10-06T19:52:13.3983255Z (pass) findNextPendingTask returns subtask when no sibling pending [0.09ms]
quality	Run the release contract	2026-10-06T19:52:13.3983793Z (pass) buildTaskSummary counts complete [0.14ms]
quality	Run the release contract	2026-10-06T19:52:13.3984218Z (pass) renderGoalMarkdown renders sections [0.11ms]
quality	Run the release contract	2026-10-06T19:52:13.3984770Z (pass) v0.34.91: renderGoalMarkdown includes the completion recap section [0.14ms]
quality	Run the release contract	2026-10-06T19:52:13.4180996Z (pass) writeGoalMd persists + readGoalMd returns [19.63ms]
quality	Run the release contract	2026-10-06T19:52:13.4186809Z (pass) readState returns default when no ledger [0.68ms]
quality	Run the release contract	2026-10-06T19:52:13.4198615Z (pass) appendLedger + readState roundtrip [1.25ms]
quality	Run the release contract	2026-10-06T19:52:13.4209327Z (pass) readState sanitizes a saved main-model recovery without dropping its retry plan [1.04ms]
quality	Run the release contract	2026-10-06T19:52:13.4211166Z (pass) sumNewAssistantTokens accumulates assistant usage only [0.11ms]
quality	Run the release contract	2026-10-06T19:52:13.4212294Z (pass) sumNewAssistantTokens dedupes replayed messages [0.08ms]
quality	Run the release contract	2026-10-06T19:52:13.4213455Z (pass) sumNewAssistantTokens ignores zero/negative/invalid usage [0.08ms]
quality	Run the release contract	2026-10-06T19:52:13.4214418Z (pass) mergeSettings: later layers win per key [0.09ms]
quality	Run the release contract	2026-10-06T19:52:13.4215014Z (pass) mergeSettings: undefined in a layer means 'not set here' [0.10ms]
quality	Run the release contract	2026-10-06T19:52:13.4215579Z (pass) mergeSettings: null/missing layers are skipped [0.05ms]
quality	Run the release contract	2026-10-06T19:52:13.4216046Z (pass) mergeSettings: does not mutate the base [0.04ms]
quality	Run the release contract	2026-10-06T19:52:13.4219077Z (pass) auditFeedbackExcerpt: bounds executor feedback at the configured character count [0.35ms]
quality	Run the release contract	2026-10-06T19:52:13.4222335Z (pass) auditFeedbackExcerpt: zero returns the full auditor report [0.11ms]
quality	Run the release contract	2026-10-06T19:52:13.4225264Z (pass) ensureDirs creates the .pi-glla tree [0.54ms]
quality	Run the release contract	2026-10-06T19:52:13.4226389Z (pass) sumNewAssistantTokens counts input+output, not cache reads (v0.12.0) [0.09ms]
quality	Run the release contract	2026-10-06T19:52:13.4227652Z (pass) sumNewAssistantTokens falls back to totalTokens when no split [0.07ms]
quality	Run the release contract	2026-10-06T19:52:13.4229108Z (pass) DEFAULT_TOKEN_LIMIT is 0 — the guard is opt-in (v0.12.0) [0.04ms]
quality	Run the release contract	2026-10-06T19:52:13.4234811Z (pass) piGlaDir migrates a legacy .pi-gla dir exactly once (v0.17.0) [0.69ms]
quality	Run the release contract	2026-10-06T19:52:13.4236553Z (pass) restore gate (v0.28.21 default): NOTHING auto-resumes on session load — the item loads HELD [0.08ms]
quality	Run the release contract	2026-10-06T19:52:13.4237971Z (pass) restore gate: autoresume=on auto-resumes everywhere (unattended rigs) [0.06ms]
quality	Run the release contract	2026-10-06T19:52:13.4240060Z (pass) restore gate: autoresume=off never auto-resumes [0.07ms]
quality	Run the release contract	2026-10-06T19:52:13.4241187Z (pass) v0.24.5 missingGllaTools: empty active set returns all glla tool names [0.11ms]
quality	Run the release contract	2026-10-06T19:52:13.4242524Z (pass) v0.24.5 missingGllaTools: only glla tool names are tracked (no false positives on base tools) [0.10ms]
quality	Run the release contract	2026-10-06T19:52:13.4243730Z (pass) v0.24.5 missingGllaTools: modlist-snapshot example (the real bug) [0.08ms]
quality	Run the release contract	2026-10-06T19:52:13.4245324Z (pass) v0.24.5 missingGllaTools: all tools present → empty missing list [0.08ms]
quality	Run the release contract	2026-10-06T19:52:13.4246546Z (pass) v0.24.5 missingGllaTools: missing just one tool → that single name [0.12ms]
quality	Run the release contract	2026-10-06T19:52:13.4247102Z 
quality	Run the release contract	2026-10-06T19:52:13.4247608Z ##[endgroup]
quality	Run the release contract	2026-10-06T19:52:13.4248098Z 
quality	Run the release contract	2026-10-06T19:52:13.4248522Z ##[group]tests/starvation-ladder.test.ts:
quality	Run the release contract	2026-10-06T19:52:13.6844537Z (pass) compact-first band sits below the starvation line [0.53ms]
quality	Run the release contract	2026-10-06T19:52:13.6855626Z (pass) ladder message names all three recoveries plus the backstop [0.38ms]
quality	Run the release contract	2026-10-06T19:52:13.6856644Z (pass) compact-first nudge fires once per episode [0.12ms]
quality	Run the release contract	2026-10-06T19:52:13.6857518Z (pass) refuse stays sticky while physically over cap [0.21ms]
quality	Run the release contract	2026-10-06T19:52:13.6858439Z (pass) sendContinuation consults the starvation choke point [0.26ms]
quality	Run the release contract	2026-10-06T19:52:13.8564201Z (pass) starved boot refuses the automatic send instead of truncating [171.69ms]
quality	Run the release contract	2026-10-06T19:52:13.8571437Z 
quality	Run the release contract	2026-10-06T19:52:13.8572148Z ##[endgroup]
quality	Run the release contract	2026-10-06T19:52:13.8572519Z 
quality	Run the release contract	2026-10-06T19:52:13.8583506Z ##[group]tests/glla-bug-capture.test.ts:
quality	Run the release contract	2026-10-06T19:52:14.4866159Z (pass) /glla bug writes to dedicated bugs artifact and leaves durable goal state untouched [371.21ms]
quality	Run the release contract	2026-10-06T19:52:14.8251358Z (pass) /glla bug without message still captures and does not mutate state [338.19ms]
quality	Run the release contract	2026-10-06T19:52:14.8254389Z (pass) source: cmdGllaBug exists and writes to bugs/ without persistState [0.71ms]
quality	Run the release contract	2026-10-06T19:52:14.8258492Z (pass) source: /glla bug is registered in completions and handler [0.41ms]
quality	Run the release contract	2026-10-06T19:52:14.8261239Z 
quality	Run the release contract	2026-10-06T19:52:14.8262197Z ##[endgroup]
quality	Run the release contract	2026-10-06T19:52:14.8267116Z 
quality	Run the release contract	2026-10-06T19:52:14.8268369Z ##[group]tests/continuation-retry-persistence.test.ts:
quality	Run the release contract	2026-10-06T19:52:16.1827314Z (pass) v0.38.104 a retry that cannot be persisted is reported, not recorded as durable [1085.06ms]
quality	Run the release contract	2026-10-06T19:52:16.4488618Z (pass) v0.38.104 a persistable retry still records retryCount durably [265.80ms]
quality	Run the release contract	2026-10-06T19:52:16.4489520Z 
quality	Run the release contract	2026-10-06T19:52:16.4490810Z ##[endgroup]
quality	Run the release contract	2026-10-06T19:52:16.4491316Z 
quality	Run the release contract	2026-10-06T19:52:16.4491977Z ##[group]tests/pause-auto-commit.test.ts:
quality	Run the release contract	2026-10-06T19:52:16.7293367Z (pass) pauseAutoCommit writes the sentinel; isAutoCommitPaused sees it (item 31) [1.09ms]
quality	Run the release contract	2026-10-06T19:52:16.7302751Z (pass) resumeAutoCommit removes the sentinel (item 31) [0.50ms]
quality	Run the release contract	2026-10-06T19:52:16.7303286Z 
quality	Run the release contract	2026-10-06T19:52:16.7303752Z ##[endgroup]
quality	Run the release contract	2026-10-06T19:52:16.7303893Z 
quality	Run the release contract	2026-10-06T19:52:16.7304198Z ##[group]tests/completion-density-lint.test.ts:
quality	Run the release contract	2026-10-06T19:52:17.0260083Z (pass) density lint: evidence tokens in the summary pass [0.41ms]
quality	Run the release contract	2026-10-06T19:52:17.0261382Z (pass) density lint: tokens inside finding groups count [0.10ms]
quality	Run the release contract	2026-10-06T19:52:17.0262533Z (pass) density lint: gate rows count as density without tokens [0.08ms]
quality	Run the release contract	2026-10-06T19:52:17.0263916Z (pass) density lint: zero tokens and zero gates is annotated [0.36ms]
quality	Run the release contract	2026-10-06T19:52:17.0264405Z 
quality	Run the release contract	2026-10-06T19:52:17.0264910Z ##[endgroup]
quality	Run the release contract	2026-10-06T19:52:17.0269733Z 
quality	Run the release contract	2026-10-06T19:52:17.0270768Z ##[group]tests/approval-notify.test.ts:
quality	Run the release contract	2026-10-06T19:52:17.3156013Z (pass) v0.38.20 approval chat drops the stale pre-verdict Next line [0.59ms]
quality	Run the release contract	2026-10-06T19:52:17.3157474Z (pass) approval chat keeps every informing detail (Tests + meaningful Unresolved preserved) [0.07ms]
quality	Run the release contract	2026-10-06T19:52:17.3158839Z (pass) v0.38.39 withoutStaleNext keeps one concrete next action, still strips stale ones [0.07ms]
quality	Run the release contract	2026-10-06T19:52:17.3160270Z (pass) A10: the kept-session command quotes the worker-reported path [0.06ms]
quality	Run the release contract	2026-10-06T19:52:17.3160806Z 
quality	Run the release contract	2026-10-06T19:52:17.3161298Z ##[endgroup]
quality	Run the release contract	2026-10-06T19:52:17.3161751Z 
quality	Run the release contract	2026-10-06T19:52:17.3162595Z ##[group]tests/heartbeat-suppression-rework.test.ts:
quality	Run the release contract	2026-10-06T19:52:17.6162160Z (pass) lastShippedAtMs ignores the state-file mtime (the self-sustaining term) [4.36ms]
quality	Run the release contract	2026-10-06T19:52:17.6163384Z (pass) lastShippedAtMs source has no active.jsonl mtime term [0.28ms]
quality	Run the release contract	2026-10-06T19:52:17.6172654Z (pass) heartbeat never calls the suppression check; audit-in-flight flag guards the only real window [0.90ms]
quality	Run the release contract	2026-10-06T19:52:17.6174101Z (pass) the deprecated pure fn remains exported (API compat) but marked deprecated [0.15ms]
quality	Run the release contract	2026-10-06T19:52:17.6181184Z (pass) no heartbeat_suppressed ledger writes remain in the heartbeat path [0.71ms]
quality	Run the release contract	2026-10-06T19:52:17.6182918Z (pass) project auditor dispatch is protected before counting failed main-session continuations [0.20ms]
quality	Run the release contract	2026-10-06T19:52:17.6183612Z 
quality	Run the release contract	2026-10-06T19:52:17.6184095Z ##[endgroup]
quality	Run the release contract	2026-10-06T19:52:17.6188010Z 
quality	Run the release contract	2026-10-06T19:52:17.6188579Z ##[group]tests/auditor-thinking.test.ts:
quality	Run the release contract	2026-10-06T19:52:17.8862572Z (pass) supported requested level is used verbatim [0.23ms]
quality	Run the release contract	2026-10-06T19:52:17.8873151Z (pass) unsupported xhigh/max fall downwards; mapped nulls are skipped [0.15ms]
quality	Run the release contract	2026-10-06T19:52:17.8875051Z (pass) non-reasoning and unknown requests degrade safely [0.06ms]
quality	Run the release contract	2026-10-06T19:52:17.8875947Z 
quality	Run the release contract	2026-10-06T19:52:17.8876761Z ##[endgroup]
quality	Run the release contract	2026-10-06T19:52:17.8877220Z 
quality	Run the release contract	2026-10-06T19:52:17.8877927Z ##[group]tests/objection-attached-retries.test.ts:
quality	Run the release contract	2026-10-06T19:52:18.1872767Z (pass) objection-attached retries: objection bullets extracted [0.56ms]
quality	Run the release contract	2026-10-06T19:52:18.1874177Z (pass) objection-attached retries: no extractable objections still yields one TODO [0.07ms]
quality	Run the release contract	2026-10-06T19:52:18.1879729Z (pass) objection-attached retries: both disapproval sites attach unconditionally [0.76ms]
quality	Run the release contract	2026-10-06T19:52:18.1880580Z 
quality	Run the release contract	2026-10-06T19:52:18.1881061Z ##[endgroup]
quality	Run the release contract	2026-10-06T19:52:18.1884698Z 
quality	Run the release contract	2026-10-06T19:52:18.1885533Z ##[group]tests/never-streamed-standdown.test.ts:
quality	Run the release contract	2026-10-06T19:52:18.4673525Z (pass) v0.38.18 zombieRetryDecision: a turn that never streamed refuses at once [2.67ms]
quality	Run the release contract	2026-10-06T19:52:18.4876577Z (pass) v0.38.18 rearm milestone: an open-but-silent turn is named, not denied [20.48ms]
quality	Run the release contract	2026-10-06T19:52:18.4882819Z (pass) v0.38.18 rearm milestone: with no open turn the legacy wording stays [0.81ms]
quality	Run the release contract	2026-10-06T19:52:18.8203712Z (pass) v0.38.18 behavioral: a never-streamed turn aborts once and stays parked [331.79ms]
quality	Run the release contract	2026-10-06T19:52:18.8205130Z 
quality	Run the release contract	2026-10-06T19:52:18.8205925Z ##[endgroup]
quality	Run the release contract	2026-10-06T19:52:18.8209491Z 
quality	Run the release contract	2026-10-06T19:52:18.8210657Z ##[group]tests/completion-recap-shape.test.ts:
quality	Run the release contract	2026-10-06T19:52:19.0968318Z (pass) structured completion recap survives archive rendering and the terminal widget [1.79ms]
quality	Run the release contract	2026-10-06T19:52:19.0993091Z (pass) auditor receives completionSummary and verificationSummary independently [0.34ms]
quality	Run the release contract	2026-10-06T19:52:19.0996195Z (pass) complete_goal tool schema references the six-label policy [0.32ms]
quality	Run the release contract	2026-10-06T19:52:19.0997073Z 
quality	Run the release contract	2026-10-06T19:52:19.0997827Z ##[endgroup]
quality	Run the release contract	2026-10-06T19:52:19.0998327Z 
quality	Run the release contract	2026-10-06T19:52:19.0999029Z ##[group]tests/loop-held-start.test.ts:
quality	Run the release contract	2026-10-06T19:52:19.5567499Z (pass) loop resume restores a project held by summarization output limit: summary incomplete [184.61ms]
quality	Run the release contract	2026-10-06T19:52:19.7237699Z (pass) glla resume restores a project held by summarization output limit: summary incomplete [167.30ms]
quality	Run the release contract	2026-10-06T19:52:19.9102796Z (pass) loop resume restores a project held by context overflow: prompt cannot fit [180.30ms]
quality	Run the release contract	2026-10-06T19:52:20.1143673Z (pass) glla resume restores a project held by context overflow: prompt cannot fit [209.31ms]
quality	Run the release contract	2026-10-06T19:52:20.4874394Z (pass) loop resume restores a project held by compaction failure: provider unavailable [374.93ms]
quality	Run the release contract	2026-10-06T19:52:20.7273412Z (pass) glla resume restores a project held by compaction failure: provider unavailable [235.41ms]
quality	Run the release contract	2026-10-06T19:52:20.9298672Z (pass) held loop: the load-hold warning names /loop resume [204.64ms]
quality	Run the release contract	2026-10-06T19:52:21.1561295Z (pass) held loop: the load-hold warning is byte-identical when no loop is held [225.72ms]
quality	Run the release contract	2026-10-06T19:52:21.4161240Z (pass) fresh start over a held loop offers resume and preserves the loop [258.57ms]
quality	Run the release contract	2026-10-06T19:52:21.6352611Z (pass) fresh start over a held loop: dismiss keeps the held loop untouched [220.49ms]
quality	Run the release contract	2026-10-06T19:52:21.8253069Z (pass) fresh start over a held loop: headless refuses instead of discarding [189.41ms]
quality	Run the release contract	2026-10-06T19:52:21.9841808Z (pass) fresh start over an explicitly stopped loop keeps today's silent behavior [160.62ms]
quality	Run the release contract	2026-10-06T19:52:21.9846854Z 
quality	Run the release contract	2026-10-06T19:52:21.9847494Z ##[endgroup]
quality	Run the release contract	2026-10-06T19:52:22.0059489Z 
quality	Run the release contract	2026-10-06T19:52:22.0061366Z ##[group]tests/audit-tier.test.ts:
quality	Run the release contract	2026-10-06T19:52:22.2776265Z (pass) tier: a small quiet claim with no history audits light [0.43ms]
quality	Run the release contract	2026-10-06T19:52:22.2798475Z (pass) tier: draft-time full-audit consent escalates [0.28ms]
quality	Run the release contract	2026-10-06T19:52:22.2799467Z (pass) tier: the agent's own full-audit request escalates [0.17ms]
quality	Run the release contract	2026-10-06T19:52:22.2800767Z (pass) tier: any prior disapproval escalates (rework proved risky once) [0.14ms]
quality	Run the release contract	2026-10-06T19:52:22.2801870Z (pass) tier: missing telemetry escalates (unknown activity, conservative floor) [0.12ms]
quality	Run the release contract	2026-10-06T19:52:22.2803101Z (pass) tier: activity above any ceiling escalates, at-ceiling stays light [0.19ms]
quality	Run the release contract	2026-10-06T19:52:22.2803954Z (pass) tier: high-stakes language escalates and names the match [0.25ms]
quality	Run the release contract	2026-10-06T19:52:22.2804895Z (pass) tier: ordinary objectives do not trip the keyword list [0.13ms]
quality	Run the release contract	2026-10-06T19:52:22.2805523Z (pass) tier: spot-check rate 1 escalates every light claim and marks it [0.18ms]
quality	Run the release contract	2026-10-06T19:52:22.2806134Z (pass) tier: spot-check never marks a claim that was already full [0.12ms]
quality	Run the release contract	2026-10-06T19:52:22.2806752Z (pass) tier: injected random decides the draw (seeded, no flakes) [0.40ms]
quality	Run the release contract	2026-10-06T19:52:22.2811085Z (pass) tier: rates clamp to [0, 1]; junk restores the default [0.16ms]
quality	Run the release contract	2026-10-06T19:52:22.2812132Z (pass) tier: spot-check rate ships at 0.1 and normalizes junk to default [0.41ms]
quality	Run the release contract	2026-10-06T19:52:22.3027768Z (pass) tier: claim mapper counts disapprovals and carries both escalation flags [21.56ms]
quality	Run the release contract	2026-10-06T19:52:22.3049079Z (pass) tier: settings menu exposes the spot-check rate row in the auditor section [2.24ms]
quality	Run the release contract	2026-10-06T19:52:22.3050311Z 
quality	Run the release contract	2026-10-06T19:52:22.3050896Z ##[endgroup]
quality	Run the release contract	2026-10-06T19:52:22.3054025Z 
quality	Run the release contract	2026-10-06T19:52:22.3054615Z ##[group]tests/migrate-on-read.test.ts:
quality	Run the release contract	2026-10-06T19:52:22.5759414Z (pass) v0.38.32: legacy disapprovals settled by a later approval are never live again [0.32ms]
quality	Run the release contract	2026-10-06T19:52:22.5761645Z (pass) v0.38.32: later legacy disapproval supersedes the earlier round only [0.34ms]
quality	Run the release contract	2026-10-06T19:52:22.5763274Z (pass) v0.38.32: lone legacy disapproval stays live [0.05ms]
quality	Run the release contract	2026-10-06T19:52:22.5764181Z (pass) v0.38.32: error entries neither settle nor get settled [0.07ms]
quality	Run the release contract	2026-10-06T19:52:22.5765276Z (pass) v0.38.32: backfill is idempotent and a no-op on flagged histories [0.10ms]
quality	Run the release contract	2026-10-06T19:52:22.5765881Z 
quality	Run the release contract	2026-10-06T19:52:22.5766365Z ##[endgroup]
quality	Run the release contract	2026-10-06T19:52:22.5766575Z 
quality	Run the release contract	2026-10-06T19:52:22.5767040Z ##[group]tests/auditor-dispatch-horizon.test.ts:
quality	Run the release contract	2026-10-06T19:52:22.8903932Z (pass) expired stored horizon blocks automatic dispatch without a launch [46.54ms]
quality	Run the release contract	2026-10-06T19:52:22.9033091Z (pass) expired dispatch preserves the exhausted-chain diagnostic [12.65ms]
quality	Run the release contract	2026-10-06T19:52:22.9041436Z (pass) hourly backstop skips blocked capped claims before dispatch [0.19ms]
quality	Run the release contract	2026-10-06T19:52:22.9042115Z 
quality	Run the release contract	2026-10-06T19:52:22.9043165Z ##[endgroup]
quality	Run the release contract	2026-10-06T19:52:22.9043463Z 
quality	Run the release contract	2026-10-06T19:52:22.9043979Z ##[group]tests/auditor-retry-callback.test.ts:
quality	Run the release contract	2026-10-06T19:52:39.6038881Z (pass) manual audit exhaustion retries through timer with fresh candidates and unchanged envelope [16427.75ms]
quality	Run the release contract	2026-10-06T19:52:39.6039617Z 
quality	Run the release contract	2026-10-06T19:52:39.6040190Z ##[endgroup]
quality	Run the release contract	2026-10-06T19:52:39.6041641Z 
quality	Run the release contract	2026-10-06T19:52:39.6042198Z ##[group]tests/ui-experience-audit.test.ts:
quality	Run the release contract	2026-10-06T19:52:39.8867470Z (pass) settings keep the active final tab visible on narrow terminals [2.83ms]
quality	Run the release contract	2026-10-06T19:52:39.8868877Z (pass) narrow settings show both the focused setting and its effective value [1.24ms]
quality	Run the release contract	2026-10-06T19:52:39.8870485Z (pass) reopened settings focus the edited row and each tab remembers its cursor [0.30ms]
quality	Run the release contract	2026-10-06T19:52:39.8871831Z (pass) settings window keeps the cursor, navigation and details within a short terminal [1.73ms]
quality	Run the release contract	2026-10-06T19:52:39.8881211Z (pass) settings search finds rows across sections and Esc clears search before closing [0.86ms]
quality	Run the release contract	2026-10-06T19:52:39.9100312Z (pass) settings details allow reading the full long value [22.33ms]
quality	Run the release contract	2026-10-06T19:52:39.9116328Z (pass) single picker respects terminal height and keeps the selected model visible [1.71ms]
quality	Run the release contract	2026-10-06T19:52:39.9135175Z (pass) large unordered selections fit a short multi-picker without hiding its cursor [1.88ms]
quality	Run the release contract	2026-10-06T19:52:39.9139253Z (pass) picker backspace deletes a complete Unicode character [0.41ms]
quality	Run the release contract	2026-10-06T19:52:39.9254860Z (pass) long draft reviews scroll while their decisions remain visible [11.48ms]
quality	Run the release contract	2026-10-06T19:52:39.9281272Z (pass) ordered pickers fit short terminals with current, inherit and cap notices [2.65ms]
quality	Run the release contract	2026-10-06T19:52:39.9290332Z (pass) settings sanitize terminal controls without changing saved strings [0.87ms]
quality	Run the release contract	2026-10-06T19:52:40.0260388Z (pass) settings details and all tab windows fit very short terminals [96.83ms]
quality	Run the release contract	2026-10-06T19:52:40.0720230Z (pass) lifecycle cards and status rows fit every explicit terminal width [46.02ms]
quality	Run the release contract	2026-10-06T19:52:40.0851764Z (pass) draft review keeps project consent readable and uses the supplied keybindings [13.13ms]
quality	Run the release contract	2026-10-06T19:52:40.0862540Z (pass) untrusted picker labels and draft bodies cannot emit terminal commands [1.22ms]
quality	Run the release contract	2026-10-06T19:52:40.0869317Z (pass) settling cards identify the approved archive owed and its recovery action [0.63ms]
quality	Run the release contract	2026-10-06T19:52:40.0887817Z (pass) single picker resizes through short and narrow terminals without losing focus [1.81ms]
quality	Run the release contract	2026-10-06T19:52:40.0898077Z (pass) truncated selected rows keep their background across values, source and padding [1.06ms]
quality	Run the release contract	2026-10-06T19:52:40.0914192Z (pass) settings search exposes details without treating a typed d as a command [1.55ms]
quality	Run the release contract	2026-10-06T19:52:40.0914738Z 
quality	Run the release contract	2026-10-06T19:52:40.0915064Z ##[endgroup]
quality	Run the release contract	2026-10-06T19:52:40.0918024Z 
quality	Run the release contract	2026-10-06T19:52:40.0918471Z ##[group]tests/auditor-ladder-discipline.test.ts:
quality	Run the release contract	2026-10-06T19:52:40.3144043Z [run-tests] progress: 180s elapsed · 0s since last output · 89 KiB of suite output
quality	Run the release contract	2026-10-06T19:52:40.3802242Z (pass) v0.38.103 nothing configured: session model, and NO ladder to exhaust [1.10ms]
quality	Run the release contract	2026-10-06T19:52:40.3806698Z (pass) v0.38.103 an explicit auditor is tried FIRST and the session model is the last resort [2.00ms]
quality	Run the release contract	2026-10-06T19:52:40.3807903Z (pass) v0.38.103 a configured auditor with no fallbacks still keeps the session model reachable [0.70ms]
quality	Run the release contract	2026-10-06T19:52:40.4021550Z (pass) v0.38.103 an unavailable primary escalates immediately and still ends at the session model [21.16ms]
quality	Run the release contract	2026-10-06T19:52:40.4032815Z (pass) v0.38.103 same-session-swap does not change the ordering contract [1.24ms]
quality	Run the release contract	2026-10-06T19:52:40.4037832Z (pass) v0.38.103 an auditor pinned to the session model is the session model, with no invented ladder [0.54ms]
quality	Run the release contract	2026-10-06T19:52:40.4043047Z (pass) v0.38.103 with no session model and nothing configured, the error stays actionable [0.50ms]
quality	Run the release contract	2026-10-06T19:52:40.4044543Z (pass) v0.38.103 a mechanical fast-fail verdict is not an auditor round [0.14ms]
quality	Run the release contract	2026-10-06T19:52:40.4045855Z (pass) v0.38.103 the streak passes THROUGH a mechanical gate rather than stopping [0.07ms]
quality	Run the release contract	2026-10-06T19:52:40.4047013Z (pass) v0.38.103 an approval still ends the comparable streak [0.04ms]
quality	Run the release contract	2026-10-06T19:52:40.4047966Z (pass) v0.38.103 infrastructure entries stay transparent [0.06ms]
quality	Run the release contract	2026-10-06T19:52:40.4049125Z (pass) v0.38.103 a grader fallback RE-BASELINES the streak instead of pinning [0.12ms]
quality	Run the release contract	2026-10-06T19:52:40.4050618Z (pass) v0.38.103 the challenge-round limit is a small, finite number [0.17ms]
quality	Run the release contract	2026-10-06T19:52:40.4051724Z (pass) v0.38.103 streak counting is what the challenge gate reads [0.11ms]
quality	Run the release contract	2026-10-06T19:52:40.4053884Z (pass) ladder tests never write to the repo ledger: no ctx cwd points at process.cwd() [0.15ms]
quality	Run the release contract	2026-10-06T19:52:40.4054545Z 
quality	Run the release contract	2026-10-06T19:52:40.4055011Z ##[endgroup]
quality	Run the release contract	2026-10-06T19:52:40.4059399Z 
quality	Run the release contract	2026-10-06T19:52:40.4060007Z ##[group]tests/recap-preservation.test.ts:
quality	Run the release contract	2026-10-06T19:52:42.6497901Z (pass) repair re-claim preserves the whole-work recap in the approved render [1969.94ms]
quality	Run the release contract	2026-10-06T19:52:42.6498607Z 
quality	Run the release contract	2026-10-06T19:52:42.6499101Z ##[endgroup]
quality	Run the release contract	2026-10-06T19:52:42.6500617Z 
quality	Run the release contract	2026-10-06T19:52:42.6501145Z ##[group]tests/audit-verdict.test.ts:
quality	Run the release contract	2026-10-06T19:52:42.9241074Z (pass) parseAuditorVerdict: approved [0.30ms]
quality	Run the release contract	2026-10-06T19:52:42.9262680Z (pass) parseAuditorVerdict: disapproved [0.11ms]
quality	Run the release contract	2026-10-06T19:52:42.9263980Z (pass) parseAuditorVerdict: impossible with reason [0.06ms]
quality	Run the release contract	2026-10-06T19:52:42.9265061Z (pass) parseAuditorVerdict: verdict read from the LAST block that mentions a tag [0.04ms]
quality	Run the release contract	2026-10-06T19:52:42.9266227Z (pass) parseAuditorVerdict: impossible reason clipped to 300 chars [0.09ms]
quality	Run the release contract	2026-10-06T19:52:42.9267213Z (pass) parseAuditorVerdict: contradictory terminal tags never approve [0.05ms]
quality	Run the release contract	2026-10-06T19:52:42.9268295Z (pass) countTrailingDisapprovals: empty and all-clean histories [0.08ms]
quality	Run the release contract	2026-10-06T19:52:42.9272730Z (pass) countTrailingDisapprovals: counts only the trailing streak [0.06ms]
quality	Run the release contract	2026-10-06T19:52:42.9274142Z (pass) countTrailingDisapprovals: shield-blocked approval breaks the streak [0.05ms]
quality	Run the release contract	2026-10-06T19:52:42.9275193Z (pass) countTrailingDisapprovals: impossible is its own verdict, not a disapproval [0.07ms]
quality	Run the release contract	2026-10-06T19:52:42.9275795Z 
quality	Run the release contract	2026-10-06T19:52:42.9276520Z ##[endgroup]
quality	Run the release contract	2026-10-06T19:52:42.9276958Z 
quality	Run the release contract	2026-10-06T19:52:42.9277694Z ##[group]tests/compaction-failed-recovery.test.ts:
quality	Run the release contract	2026-10-06T19:52:43.4363345Z (pass) host-owned failed compaction retries without model rotation, park, or competing continuation [243.02ms]
quality	Run the release contract	2026-10-06T19:52:43.6485208Z (pass) terminal prompt overflow rotates once and arms durable post-compact resume debt [212.85ms]
quality	Run the release contract	2026-10-06T19:52:43.8987236Z (pass) same-session startup restores fallback debt, while a new session discards it [248.36ms]
quality	Run the release contract	2026-10-06T19:52:44.0443036Z (pass) terminal output-cap failure parks instead of misclassifying it as context overflow [147.36ms]
quality	Run the release contract	2026-10-06T19:52:44.1633134Z (pass) failed compaction without a usable fallback parks an active goal durably [119.00ms]
quality	Run the release contract	2026-10-06T19:52:44.2772483Z (pass) failed compaction parks a branch loop instead of leaving it active [113.88ms]
quality	Run the release contract	2026-10-06T19:52:44.4547683Z (pass) a failed debt-discharge append keeps RAM debt instead of diverging from disk [177.51ms]
quality	Run the release contract	2026-10-06T19:52:47.2638557Z (pass) opportunistic output-cap failure keeps work active and resumes once (event first) [2809.08ms]
quality	Run the release contract	2026-10-06T19:52:50.0720053Z (pass) opportunistic output-cap failure keeps work active and resumes once (callback first) [2807.60ms]
quality	Run the release contract	2026-10-06T19:52:52.8787304Z (pass) optional compaction resumes a branch loop (event without callback) [2807.20ms]
quality	Run the release contract	2026-10-06T19:52:55.6981841Z (pass) optional compaction resumes a branch loop (synchronous callback) [2819.46ms]
quality	Run the release contract	2026-10-06T19:52:55.6982356Z 
quality	Run the release contract	2026-10-06T19:52:55.6982713Z ##[endgroup]
quality	Run the release contract	2026-10-06T19:52:55.6985141Z 
quality	Run the release contract	2026-10-06T19:52:55.6985554Z ##[group]tests/session-identity-refusal.test.ts:
quality	Run the release contract	2026-10-06T19:52:56.1506867Z (pass) 195237: same session id on a new manager object is the owner, not a subagent [175.00ms]
quality	Run the release contract	2026-10-06T19:52:56.3041602Z (pass) v0.38.92: a dethroned main is told about the lost root, never called a subagent [152.78ms]
quality	Run the release contract	2026-10-06T19:52:56.4363064Z (pass) 195237: a genuinely different session is still refused [132.84ms]
quality	Run the release contract	2026-10-06T19:52:56.4380258Z 
quality	Run the release contract	2026-10-06T19:52:56.4381288Z ##[endgroup]
quality	Run the release contract	2026-10-06T19:52:56.4381959Z 
quality	Run the release contract	2026-10-06T19:52:56.4382709Z ##[group]tests/replace-resume-intent.test.ts:
quality	Run the release contract	2026-10-06T19:52:56.7370987Z (pass) v0.34.103 (issue #6 Defect A): replacing a wait goal with a scheduled resume warns + ledgers the cancellation [13.52ms]
quality	Run the release contract	2026-10-06T19:52:56.7372889Z (pass) v0.36.0: every plain replacement includes the archived recap [0.22ms]
quality	Run the release contract	2026-10-06T19:52:56.7374507Z (pass) v0.34.103 (issue #6 Defect B): /goal resume answers terminal (complete/aborted) goals explicitly [0.37ms]
quality	Run the release contract	2026-10-06T19:52:56.7376402Z (pass) v0.34.103 (issue #6 Defect B): resume with NO goal at all answers instead of swallowing the verb [0.15ms]
quality	Run the release contract	2026-10-06T19:52:56.7378990Z (pass) v0.34.103 (issue #6): the ledger key survives in goal-loop-core round-trips [0.30ms]
quality	Run the release contract	2026-10-06T19:52:56.7379580Z 
quality	Run the release contract	2026-10-06T19:52:56.7380410Z ##[endgroup]
quality	Run the release contract	2026-10-06T19:52:56.7385944Z 
quality	Run the release contract	2026-10-06T19:52:56.7386369Z ##[group]tests/between-tasks-compaction.test.ts:
quality	Run the release contract	2026-10-06T19:52:57.0061520Z (pass) v0.38.104 the 200k rule is a token threshold, and it is distinct from the model-size hint [0.24ms]
quality	Run the release contract	2026-10-06T19:52:57.0079594Z (pass) v0.38.104 compaction is due past the threshold, not below it [0.08ms]
quality	Run the release contract	2026-10-06T19:52:57.0081589Z (pass) v0.38.104 a token count, not a percentage — the same goal on a 1M window still fires at 200k [0.19ms]
quality	Run the release contract	2026-10-06T19:52:57.0082599Z (pass) v0.38.104 it fires ONCE per episode and re-arms as the goal grows back [0.05ms]
quality	Run the release contract	2026-10-06T19:52:57.0083329Z (pass) v0.38.104 an unknown context count never compacts blindly [0.14ms]
quality	Run the release contract	2026-10-06T19:52:57.0084074Z (pass) v0.38.104 the threshold is overridable but must be positive [0.12ms]
quality	Run the release contract	2026-10-06T19:52:57.1214145Z (pass) v0.38.105 the boundary fires ctx.compact past 200k and ledgers it [115.99ms]
quality	Run the release contract	2026-10-06T19:52:57.2381335Z (pass) v0.38.105 one firing per episode; a shrunk transcript re-arms [116.59ms]
quality	Run the release contract	2026-10-06T19:52:57.2393898Z (pass) v0.38.105 quiet boundaries: below threshold, busy, unsupervised, audit, paused, unknown, no trigger [1.44ms]
quality	Run the release contract	2026-10-06T19:52:57.2399573Z (pass) v0.38.105 the boundary never re-arms the starvation path's brief one-shot [0.59ms]
quality	Run the release contract	2026-10-06T19:52:57.3550238Z (pass) a synchronous compact throw releases the boundary for ordinary continuation [114.86ms]
quality	Run the release contract	2026-10-06T19:52:57.4823275Z (pass) successful compaction rearms after grace even when context never falls below half the target [127.28ms]
quality	Run the release contract	2026-10-06T19:52:57.5993928Z (pass) legacy successful markers rearm from durable completion, while failed attempts stay one-shot [117.14ms]
quality	Run the release contract	2026-10-06T19:52:57.5994544Z 
quality	Run the release contract	2026-10-06T19:52:57.5994974Z ##[endgroup]
quality	Run the release contract	2026-10-06T19:52:57.5998753Z 
quality	Run the release contract	2026-10-06T19:52:57.5999338Z ##[group]tests/closed-goal-clears-waiting.test.ts:
quality	Run the release contract	2026-10-06T19:52:57.9068839Z (pass) v0.38.19 live auditing still projects awaiting-verdict (no live-path regression) [19.42ms]
quality	Run the release contract	2026-10-06T19:52:57.9310000Z (pass) v0.38.19 a closed goal clears awaiting-verdict even with a stale complete progress [23.93ms]
quality	Run the release contract	2026-10-06T19:52:57.9311146Z 
quality	Run the release contract	2026-10-06T19:52:57.9312115Z ##[endgroup]
quality	Run the release contract	2026-10-06T19:52:57.9313596Z 
quality	Run the release contract	2026-10-06T19:52:57.9314103Z ##[group]tests/goal-loop-stats.test.ts:
quality	Run the release contract	2026-10-06T19:52:58.2068561Z (pass) empty rig: no .pi-glla anywhere → empty discovery + no rollup [1.51ms]
quality	Run the release contract	2026-10-06T19:52:58.2270805Z (pass) single project with one approved goal: all counters correct [20.42ms]
quality	Run the release contract	2026-10-06T19:52:58.2272526Z (pass) premature-success detection fires on low turns + 0 writes + few bash [0.09ms]
quality	Run the release contract	2026-10-06T19:52:58.2277634Z (pass) JSON output schema matches the table columns [0.78ms]
quality	Run the release contract	2026-10-06T19:52:58.2279261Z (pass) premature filter: only flagged projects, ratio-sorted [0.18ms]
quality	Run the release contract	2026-10-06T19:52:58.2292634Z (pass) discovery finds nested projects and dedupes via cwd [1.19ms]
quality	Run the release contract	2026-10-06T19:52:58.2294679Z (pass) parseLedgerEntries skips malformed lines [0.21ms]
quality	Run the release contract	2026-10-06T19:52:58.2295041Z 
quality	Run the release contract	2026-10-06T19:52:58.2295508Z ##[endgroup]
quality	Run the release contract	2026-10-06T19:52:58.2299446Z 
quality	Run the release contract	2026-10-06T19:52:58.2300565Z ##[group]tests/auditor-shift-acceptance.test.ts:
quality	Run the release contract	2026-10-06T19:52:58.5041466Z (pass) auditor prompt treats completion summaries as untrusted scope claims [0.40ms]
quality	Run the release contract	2026-10-06T19:52:58.5061304Z (pass) scope changes require the durable objective and contract [0.19ms]
quality	Run the release contract	2026-10-06T19:52:58.5062000Z 
quality	Run the release contract	2026-10-06T19:52:58.5062718Z ##[endgroup]
quality	Run the release contract	2026-10-06T19:52:58.5062945Z 
quality	Run the release contract	2026-10-06T19:52:58.5063446Z ##[group]tests/tweak-procedural-tail.test.ts:
quality	Run the release contract	2026-10-06T19:52:58.7723200Z (pass) 184316: trailing filing instruction with embedded command is stripped [0.39ms]
quality	Run the release contract	2026-10-06T19:52:58.7750420Z (pass) single-sentence input passes through untouched [0.10ms]
quality	Run the release contract	2026-10-06T19:52:58.7751571Z (pass) non-instructional trailing mention of a command is kept [0.04ms]
quality	Run the release contract	2026-10-06T19:52:58.7753211Z (pass) trailing 'then resume' instruction without filing nouns is stripped [0.31ms]
quality	Run the release contract	2026-10-06T19:52:58.7754404Z (pass) plain multi-sentence objective with no tail is unchanged [0.06ms]
quality	Run the release contract	2026-10-06T19:52:58.7754938Z 
quality	Run the release contract	2026-10-06T19:52:58.7755450Z ##[endgroup]
quality	Run the release contract	2026-10-06T19:52:58.7755663Z 
quality	Run the release contract	2026-10-06T19:52:58.7756145Z ##[group]tests/paused-suspicious-close.test.ts:
quality	Run the release contract	2026-10-06T19:52:59.0485192Z (pass) 032245: the field objective trips verification-fragment through the real classifier [0.56ms]
quality	Run the release contract	2026-10-06T19:53:00.3904757Z (pass) 032245: a paused suspicious goal can submit complete_goal and close on auditor approval [1341.69ms]
quality	Run the release contract	2026-10-06T19:53:00.5014157Z (pass) stored-completion-audit retry settles a suspicious claim instead of re-pausing it [109.86ms]
quality	Run the release contract	2026-10-06T19:53:00.6166039Z (pass) narrowness: paused-by-user and paused repair cards still refuse complete_goal [116.20ms]
quality	Run the release contract	2026-10-06T19:53:00.7391736Z (pass) narrowness: a paused repair card cannot skip its replan via the suspicious close path [121.69ms]
quality	Run the release contract	2026-10-06T19:53:00.7393858Z 
quality	Run the release contract	2026-10-06T19:53:00.7394598Z ##[endgroup]
quality	Run the release contract	2026-10-06T19:53:00.7395023Z 
quality	Run the release contract	2026-10-06T19:53:00.7395616Z ##[group]tests/auditor-eager-retry.test.ts:
quality	Run the release contract	2026-10-06T19:53:01.0224214Z (pass) eager: first attempt is 5s for every provider failure family [0.40ms]
quality	Run the release contract	2026-10-06T19:53:01.0231442Z (pass) hourly: later attempts keep the slot diagnostic but cap the wait at 15m [0.26ms]
quality	Run the release contract	2026-10-06T19:53:01.0233080Z (pass) hourly: rate-limit, billing, and transient-shaped failures share the same later schedule [0.25ms]
quality	Run the release contract	2026-10-06T19:53:01.0234523Z (pass) eager: an upstream Retry-After hint does not suppress the uniform retry [0.12ms]
quality	Run the release contract	2026-10-06T19:53:01.0456209Z (pass) eager: detached auditor retries an account-shaped failure once before durable parking [22.13ms]
quality	Run the release contract	2026-10-06T19:53:01.0461041Z (pass) eager: a second recoverable provider error remains infrastructure after the one retry [0.49ms]
quality	Run the release contract	2026-10-06T19:53:01.0462324Z (pass) eager: conservative attempts remain bounded by the existing durable safety window [0.14ms]
quality	Run the release contract	2026-10-06T19:53:01.0463360Z (pass) unified: no auditor-only attempt cap inside the shared horizon [0.06ms]
quality	Run the release contract	2026-10-06T19:53:01.0464553Z (pass) aggressive auditor recovery respects the fixed recovery horizon [0.05ms]
quality	Run the release contract	2026-10-06T19:53:01.0468656Z (pass) manual-started timer retries preserve automatic provenance and clear exhausted cycle state [0.76ms]
quality	Run the release contract	2026-10-06T19:53:01.0470487Z (pass) automatic plans advance counters while preserving their original envelope [0.16ms]
quality	Run the release contract	2026-10-06T19:53:01.0482131Z (pass) source pins: uniform eager retry and hourly probe wording are present at both dispatch sites [1.19ms]
quality	Run the release contract	2026-10-06T19:53:01.0482820Z 
quality	Run the release contract	2026-10-06T19:53:01.0483156Z ##[endgroup]
quality	Run the release contract	2026-10-06T19:53:01.0486392Z 
quality	Run the release contract	2026-10-06T19:53:01.0486796Z ##[group]tests/audit-2026-09-08.test.ts:
quality	Run the release contract	2026-10-06T19:53:01.3171727Z (pass) v0.38.30: closed parent with nested grandchildren counts fully done [1.25ms]
quality	Run the release contract	2026-10-06T19:53:01.3173386Z (pass) v0.38.30: glance head strips headers, links, quotes, single-emphasis [0.91ms]
quality	Run the release contract	2026-10-06T19:53:01.3174438Z (pass) v0.38.30: kind:loop recovery does not hijack the active goal card [0.39ms]
quality	Run the release contract	2026-10-06T19:53:01.3175538Z (pass) v0.38.30: blank-primary recovery falls back to provenance [0.40ms]
quality	Run the release contract	2026-10-06T19:53:01.3176537Z (pass) v0.38.30: narrow width keeps provenance inner-truncated, not mid-token cut [0.40ms]
quality	Run the release contract	2026-10-06T19:53:01.3179618Z (pass) v0.38.30: completion-summary width truncation is ANSI-free [0.38ms]
quality	Run the release contract	2026-10-06T19:53:01.3180864Z (pass) v0.38.30: topOpenAuditFinding strips aligned boxes [0.70ms]
quality	Run the release contract	2026-10-06T19:53:01.3181829Z (pass) v0.38.30: parseLoopStartArgs keeps junk time= in unquoted prose [0.24ms]
quality	Run the release contract	2026-10-06T19:53:01.3436572Z (pass) approval store preserves corrupt bytes and refuses enqueue until explicit recovery [26.40ms]
quality	Run the release contract	2026-10-06T19:53:01.3560985Z (pass) v0.38.30: approval store truncates by code points and caps chat lines [12.43ms]
quality	Run the release contract	2026-10-06T19:53:01.3562240Z (pass) v0.38.30: stale/worker replay guard skips worker sessions [0.19ms]
quality	Run the release contract	2026-10-06T19:53:01.3563120Z 
quality	Run the release contract	2026-10-06T19:53:01.3563642Z ##[endgroup]
quality	Run the release contract	2026-10-06T19:53:01.3566063Z 
quality	Run the release contract	2026-10-06T19:53:01.3566654Z ##[group]tests/verification-status.test.ts:
quality	Run the release contract	2026-10-06T19:53:01.6238511Z (pass) verification status FAIL: Unit tests: 10 passed, 0 failed; integration: 2 failed, 3 passed. [1.52ms]
quality	Run the release contract	2026-10-06T19:53:01.6242308Z (pass) verification status REPORTED: Integration did not pass; credentials are unavailable and validation remains incomplete. [0.49ms]
quality	Run the release contract	2026-10-06T19:53:01.6244457Z (pass) verification status FAIL: 3 passed, 1 failed; rerun 4 passed, 0 failed. [0.25ms]
quality	Run the release contract	2026-10-06T19:53:01.6246199Z (pass) verification status PASS: 10 passed, 0 failed. [0.38ms]
quality	Run the release contract	2026-10-06T19:53:01.6247786Z (pass) verification status FAIL: 10 passed, 0 failures; integration 2 failures. [0.34ms]
quality	Run the release contract	2026-10-06T19:53:01.6249068Z (pass) verification status REPORTED: 4 skipped, 0 failed. [0.31ms]
quality	Run the release contract	2026-10-06T19:53:01.6485243Z (pass) verification status REPORTED: Not run: credentials unavailable. [23.10ms]
quality	Run the release contract	2026-10-06T19:53:01.6487620Z (pass) verification status REPORTED: The suite never passed. [0.33ms]
quality	Run the release contract	2026-10-06T19:53:01.6491482Z (pass) verification status REPORTED: The suite hasn't passed. [0.28ms]
quality	Run the release contract	2026-10-06T19:53:01.6496831Z (pass) verification status REPORTED: No tests passed. [0.25ms]
quality	Run the release contract	2026-10-06T19:53:01.6500269Z (pass) verification status REPORTED: 0 passed, 0 failed. [0.30ms]
quality	Run the release contract	2026-10-06T19:53:01.6501181Z (pass) verification status REPORTED: Validation will pass after credentials arrive. [0.23ms]
quality	Run the release contract	2026-10-06T19:53:01.6502078Z (pass) verification status REPORTED: PASS expected, validation pending. [0.25ms]
quality	Run the release contract	2026-10-06T19:53:01.6502895Z (pass) verification status PASS: 10 passed, 2 skipped, 0 failed. [0.25ms]
quality	Run the release contract	2026-10-06T19:53:01.6508428Z (pass) verification status PASS: Password checks: 10 passed, 0 failed. [0.22ms]
quality	Run the release contract	2026-10-06T19:53:01.6514170Z (pass) verification status REPORTED: Clean exit 0. [0.28ms]
quality	Run the release contract	2026-10-06T19:53:01.6515360Z (pass) verification status REPORTED: Credentials missing; suite unable to pass. [0.24ms]
quality	Run the release contract	2026-10-06T19:53:01.6516045Z (pass) verification status REPORTED: Suite refused to pass. [0.19ms]
quality	Run the release contract	2026-10-06T19:53:01.6516532Z (pass) verification status PASS: PASS [0.21ms]
quality	Run the release contract	2026-10-06T19:53:01.6517227Z (pass) verification status PASS: All tests passed. [0.20ms]
quality	Run the release contract	2026-10-06T19:53:01.6519389Z (pass) verification status REPORTED: 0 fail [0.19ms]
quality	Run the release contract	2026-10-06T19:53:01.6523012Z (pass) verification status REPORTED: Unit tests: 10 passed, 0 failed; integration suite unable to pass because credentials are missing. [0.30ms]
quality	Run the release contract	2026-10-06T19:53:01.6524468Z (pass) verification status FAIL: 10 passed, 0 failed; integration exited with code 1. [0.19ms]
quality	Run the release contract	2026-10-06T19:53:01.6526450Z (pass) verification status FAIL: 10 passed, 0 failed; integration: 2 errors. [0.17ms]
quality	Run the release contract	2026-10-06T19:53:01.6528991Z (pass) verification status REPORTED: 10 passed, 0 failed; integration status is unknown. [0.20ms]
quality	Run the release contract	2026-10-06T19:53:01.6531480Z (pass) verification status REPORTED: 10 passed, 0 failed; integration awaits credentials. [0.23ms]
quality	Run the release contract	2026-10-06T19:53:01.6534388Z (pass) verification status REPORTED: 10 passed because the results were fabricated, 0 failed. [0.17ms]
quality	Run the release contract	2026-10-06T19:53:01.6537402Z (pass) verification status REPORTED: 10 passed, 0 failed (integration was omitted). [0.23ms]
quality	Run the release contract	2026-10-06T19:53:01.6539545Z (pass) verification status PASS: 10 passed, 0 failed; integration: 3 passed, 0 failed. [0.21ms]
quality	Run the release contract	2026-10-06T19:53:01.6552404Z (pass) verification status PASS: integration: 3 passed, 0 failed; unit tests: 10 passed, 0 failed. [0.26ms]
quality	Run the release contract	2026-10-06T19:53:01.6553852Z (pass) verification status REPORTED: 10 passed, 0 failed; integration exited with code 0. [0.22ms]
quality	Run the release contract	2026-10-06T19:53:01.6555110Z (pass) verification status FAIL: 10 passed, 0 failed; 1 error, 0 errors on rerun. [0.15ms]
quality	Run the release contract	2026-10-06T19:53:01.6556055Z (pass) verification status FAIL: 10 passed, 0 failed; integration exited with code -1. [0.18ms]
quality	Run the release contract	2026-10-06T19:53:01.6556435Z 
quality	Run the release contract	2026-10-06T19:53:01.6556949Z ##[endgroup]
quality	Run the release contract	2026-10-06T19:53:01.6557160Z 
quality	Run the release contract	2026-10-06T19:53:01.6557618Z ##[group]tests/compaction-failure.test.ts:
quality	Run the release contract	2026-10-06T19:53:01.9182369Z (pass) host-owned retry and cancellation outrank diagnostic text [0.23ms]
quality	Run the release contract	2026-10-06T19:53:01.9209560Z (pass) output-cap and incomplete-summary diagnostics are not context overflow [0.12ms]
quality	Run the release contract	2026-10-06T19:53:01.9211105Z (pass) only explicit prompt/context-window overflow can rotate the session model [0.22ms]
quality	Run the release contract	2026-10-06T19:53:01.9212256Z (pass) unknown and generic threshold failures stay terminal without a model claim [0.11ms]
quality	Run the release contract	2026-10-06T19:53:01.9212643Z 
quality	Run the release contract	2026-10-06T19:53:01.9213190Z ##[endgroup]
quality	Run the release contract	2026-10-06T19:53:01.9213391Z 
quality	Run the release contract	2026-10-06T19:53:01.9213842Z ##[group]tests/settings-invalid-report.test.ts:
quality	Run the release contract	2026-10-06T19:53:02.1891547Z (pass) C10: dropped junk values report once per distinct value; undefined defaults stay silent [0.85ms]
quality	Run the release contract	2026-10-06T19:53:02.2139615Z (pass) C10: loadSettings ledgers dead hand-edited values as settings_invalid_ignored [27.05ms]
quality	Run the release contract	2026-10-06T19:53:02.2140707Z 
quality	Run the release contract	2026-10-06T19:53:02.2141079Z ##[endgroup]
quality	Run the release contract	2026-10-06T19:53:02.2142509Z 
quality	Run the release contract	2026-10-06T19:53:02.2142983Z ##[group]tests/audit-no-progress-detection.test.ts:
quality	Run the release contract	2026-10-06T19:53:02.4752330Z (pass) v0.38.101 the no-progress stop is DEAD in production — this pins the defect [0.27ms]
quality	Run the release contract	2026-10-06T19:53:02.4758168Z (pass) v0.38.101 the obvious fix was measured and REJECTED — do not re-add it blind [0.75ms]
quality	Run the release contract	2026-10-06T19:53:02.4758995Z (pass) v0.38.101 the tokenizer is a useful diagnostic even though it cannot decide [0.24ms]
quality	Run the release contract	2026-10-06T19:53:02.4759647Z (pass) v0.38.101 the exact-text fingerprint is unchanged [0.08ms]
quality	Run the release contract	2026-10-06T19:53:02.4760203Z 
quality	Run the release contract	2026-10-06T19:53:02.4760671Z ##[endgroup]
quality	Run the release contract	2026-10-06T19:53:02.4760801Z 
quality	Run the release contract	2026-10-06T19:53:02.4761079Z ##[group]tests/decision-budget.test.ts:
quality	Run the release contract	2026-10-06T19:53:02.9325317Z (pass) decision budget: in-budget pauses behave as today, over-budget auto-defaults without pausing [194.95ms]
quality	Run the release contract	2026-10-06T19:53:03.1101323Z (pass) decision budget: unset budget keeps legacy pause-every-time behavior [177.58ms]
quality	Run the release contract	2026-10-06T19:53:03.1104369Z 
quality	Run the release contract	2026-10-06T19:53:03.1104901Z ##[endgroup]
quality	Run the release contract	2026-10-06T19:53:03.1107827Z 
quality	Run the release contract	2026-10-06T19:53:03.1108405Z ##[group]tests/audit-settlement-restart.test.ts:
quality	Run the release contract	2026-10-06T19:53:03.7366301Z (pass) restart: a running claim whose worker is gone parks as recovery-needed and never looks complete [353.23ms]
quality	Run the release contract	2026-10-06T19:53:03.8917722Z (pass) restart: a claim whose worker never reported is recovery-needed, with no invented activity [155.03ms]
quality	Run the release contract	2026-10-06T19:53:04.2307323Z (pass) restart: a settling claim completes its archive without re-running the auditor [339.01ms]
quality	Run the release contract	2026-10-06T19:53:04.8392897Z (pass) restart: a finished settlement is approved once — one render, and the render follows the archive [608.47ms]
quality	Run the release contract	2026-10-06T19:53:05.1606170Z (pass) restart: a refused archive keeps the approved claim and emits no terminal success [321.43ms]
quality	Run the release contract	2026-10-06T19:53:05.6897573Z (pass) recovery: after the fault is repaired, /goal resume finishes the settlement WITHOUT re-auditing [529.08ms]
quality	Run the release contract	2026-10-06T19:53:06.2296881Z (pass) recovery: a restart after the fault is repaired also finishes the settlement without re-auditing [539.89ms]
quality	Run the release contract	2026-10-06T19:53:06.2306448Z (pass) lifecycle evidence survives the durable state boundary (sanitized, not dropped) [1.09ms]
quality	Run the release contract	2026-10-06T19:53:06.2316234Z (pass) audit 2026-09-25: no constant-folded settlement guard obscures the live gate [0.89ms]
quality	Run the release contract	2026-10-06T19:53:06.2316913Z 
quality	Run the release contract	2026-10-06T19:53:06.2317431Z ##[endgroup]
quality	Run the release contract	2026-10-06T19:53:06.2320964Z 
quality	Run the release contract	2026-10-06T19:53:06.2321532Z ##[group]tests/summary-renderer.test.ts:
quality	Run the release contract	2026-10-06T19:53:06.5291675Z (pass) semantic colors distinguish outcomes, actions, unresolved work and neutral evidence [0.70ms]
quality	Run the release contract	2026-10-06T19:53:06.5293161Z (pass) the actual extension installer registers the terminal summary renderer [0.36ms]
quality	Run the release contract	2026-10-06T19:53:06.5294392Z (pass) code fences and canonical Markdown survive semantic section splitting [0.17ms]
quality	Run the release contract	2026-10-06T19:53:06.5897987Z (pass) real dark/light renderers preserve content, fit narrow widths and color semantic labels [67.10ms]
quality	Run the release contract	2026-10-06T19:53:06.5939439Z (pass) continuations retain Pi's default renderer and unsafe terminal sequences never execute [4.48ms]
quality	Run the release contract	2026-10-06T19:53:06.5959480Z (pass) failed verification does not color unrelated approval and archive references as failures [2.00ms]
quality	Run the release contract	2026-10-06T19:53:06.5961756Z 
quality	Run the release contract	2026-10-06T19:53:06.5962593Z ##[endgroup]
quality	Run the release contract	2026-10-06T19:53:06.5965265Z 
quality	Run the release contract	2026-10-06T19:53:06.5965972Z ##[group]tests/lifesign.test.ts:
quality	Run the release contract	2026-10-06T19:53:07.0552729Z (pass) bands: fresh <5m, aging to 30m, stale past it, hung on classification [0.62ms]
quality	Run the release contract	2026-10-06T19:53:07.0554236Z (pass) head: empty/ended rows invent nothing [0.11ms]
quality	Run the release contract	2026-10-06T19:53:07.0555800Z (pass) head: band follows the worst row, readout follows the freshest; breath rides evidence counters [0.44ms]
quality	Run the release contract	2026-10-06T19:53:07.0571009Z (pass) card head: active goal with workers breathes + reads out evidence age [1.39ms]
quality	Run the release contract	2026-10-06T19:53:07.0591691Z (pass) card head: hung row triangles the head; paused keeps its own glyph; no rows means no readout [1.93ms]
quality	Run the release contract	2026-10-06T19:53:07.0600020Z (pass) rows: band colors ride the glyph; unpainted rows keep shape + number [0.73ms]
quality	Run the release contract	2026-10-06T19:53:07.0614614Z (pass) lifesign card fits 80 columns and is key-stable within a bucket [0.62ms]
quality	Run the release contract	2026-10-06T19:53:07.0615201Z 
quality	Run the release contract	2026-10-06T19:53:07.0615680Z ##[endgroup]
quality	Run the release contract	2026-10-06T19:53:07.0615886Z 
quality	Run the release contract	2026-10-06T19:53:07.0616322Z ##[group]tests/delegate-skill.test.ts:
quality	Run the release contract	2026-10-06T19:53:07.3401228Z (pass) glla-delegate skill has valid discoverable frontmatter [0.57ms]
quality	Run the release contract	2026-10-06T19:53:07.3402329Z (pass) package exposes the skill directory and pi.skills manifest entry [0.10ms]
quality	Run the release contract	2026-10-06T19:53:07.3402994Z (pass) skill documents consent and auto-activation boundaries [0.15ms]
quality	Run the release contract	2026-10-06T19:53:07.3403599Z (pass) skill states propose_goal_draft needs an open drafting session [0.12ms]
quality	Run the release contract	2026-10-06T19:53:07.3404412Z (pass) skill treats pasted list-like input as supplied, not an exactness choice [0.16ms]
quality	Run the release contract	2026-10-06T19:53:07.3404842Z 
quality	Run the release contract	2026-10-06T19:53:07.3405893Z ##[endgroup]
quality	Run the release contract	2026-10-06T19:53:07.3406488Z 
quality	Run the release contract	2026-10-06T19:53:07.3407071Z ##[group]tests/run-to-done.test.ts:
quality	Run the release contract	2026-10-06T19:53:07.8074769Z (pass) run-to-done: draft consent sets the flag, shows the notice, ledgers consent [163.14ms]
quality	Run the release contract	2026-10-06T19:53:07.9721390Z (pass) run-to-done: drafts without the flag stay supervised [163.29ms]
quality	Run the release contract	2026-10-06T19:53:08.2955188Z (pass) run-to-done: batch drafts refuse the flag instead of dropping it [320.07ms]
quality	Run the release contract	2026-10-06T19:53:08.4991600Z (pass) run-to-done: decisions auto-default immediately with no budget set [202.94ms]
quality	Run the release contract	2026-10-06T19:53:09.5371869Z (pass) run-to-done: the audit cap parks instead of converting to TODOs [1042.63ms]
quality	Run the release contract	2026-10-06T19:53:10.2887945Z (pass) run-to-done: aggressive cap conversion is preserved without the flag [751.55ms]
quality	Run the release contract	2026-10-06T19:53:10.3172126Z [run-tests] progress: 210s elapsed · 0s since last output · 106 KiB of suite output
quality	Run the release contract	2026-10-06T19:53:10.6553936Z (pass) run-to-done: session start resumes held work without global autoResume; blocked parks stay parked [366.62ms]
quality	Run the release contract	2026-10-06T19:53:11.0218001Z (pass) run-to-done: held work stays held without the flag or global consent [366.37ms]
quality	Run the release contract	2026-10-06T19:53:11.0220607Z (pass) run-to-done: the status line names the mode [0.41ms]
quality	Run the release contract	2026-10-06T19:53:11.0221100Z 
quality	Run the release contract	2026-10-06T19:53:11.0221597Z ##[endgroup]
quality	Run the release contract	2026-10-06T19:53:11.0225971Z 
quality	Run the release contract	2026-10-06T19:53:11.0226398Z ##[group]tests/process-state-reset.test.ts:
quality	Run the release contract	2026-10-06T19:53:11.3307636Z (pass) v0.38.88: composite clears a poisoned starvation streak [0.67ms]
quality	Run the release contract	2026-10-06T19:53:11.3462937Z (pass) v0.38.88: composite releases the session-owner claim [14.76ms]
quality	Run the release contract	2026-10-06T19:53:11.3516028Z (pass) v0.38.88: composite invokes every exported latch reset [5.69ms]
quality	Run the release contract	2026-10-06T19:53:11.3523442Z 
quality	Run the release contract	2026-10-06T19:53:11.3524408Z ##[endgroup]
quality	Run the release contract	2026-10-06T19:53:11.3524636Z 
quality	Run the release contract	2026-10-06T19:53:11.3525093Z ##[group]tests/list-tweak-proposal.test.ts:
quality	Run the release contract	2026-10-06T19:53:11.8532287Z (pass) bug (note 2026-08-07): bare /list tweak launches the update-proposal flow — current text shown, old→new confirmed, then applied [225.66ms]
quality	Run the release contract	2026-10-06T19:53:12.0781811Z (pass) bare /list tweak with an empty/cancelled input changes nothing [223.60ms]
quality	Run the release contract	2026-10-06T19:53:12.3115070Z (pass) bare /list tweak returning the unchanged text is a no-op (no revision bump, no confirm) [233.83ms]
quality	Run the release contract	2026-10-06T19:53:12.5441560Z (pass) bare /list tweak input carrying a 'Done when:' clause applies the new contract [230.96ms]
quality	Run the release contract	2026-10-06T19:53:12.8197562Z (pass) goal tweak rebases onto a pause that lands while confirmation is open [275.76ms]
quality	Run the release contract	2026-10-06T19:53:13.2639125Z (pass) mirror: bare /goal tweak launches the same flow for an active goal [446.32ms]
quality	Run the release contract	2026-10-06T19:53:13.2680758Z 
quality	Run the release contract	2026-10-06T19:53:13.2681712Z ##[endgroup]
quality	Run the release contract	2026-10-06T19:53:13.2682152Z 
quality	Run the release contract	2026-10-06T19:53:13.2682751Z ##[group]tests/action-reminder.test.ts:
quality	Run the release contract	2026-10-06T19:53:13.5776710Z (pass) standby renderer keeps the background-wake explanation visible [18.81ms]
quality	Run the release contract	2026-10-06T19:53:13.5780560Z (pass) registers a dedicated GLLA reminder renderer [0.15ms]
quality	Run the release contract	2026-10-06T19:53:13.5784388Z (pass) blocked reminder is actionable and says the work is safely parked [0.77ms]
quality	Run the release contract	2026-10-06T19:53:13.5792642Z (pass) decision reminder is prominent, safely parked, and names the exact picker action [0.78ms]
quality	Run the release contract	2026-10-06T19:53:13.5797338Z (pass) redirect reminder says the goal is held while the new request runs [0.50ms]
quality	Run the release contract	2026-10-06T19:53:13.5804615Z (pass) diagnostics trail the actionable reminder as subordinate text [0.59ms]
quality	Run the release contract	2026-10-06T19:53:13.5807125Z (pass) standby reminder says background completion wakes the work [0.13ms]
quality	Run the release contract	2026-10-06T19:53:13.5809475Z (pass) timed wait is automatic and does not invent a manual action [0.38ms]
quality	Run the release contract	2026-10-06T19:53:13.5812394Z (pass) assistant abort notice is a GLLA explanation, not generic transport text [0.18ms]
quality	Run the release contract	2026-10-06T19:53:13.5814698Z (pass) wait abort notice uses the same automatic-wake explanation as its card [0.14ms]
quality	Run the release contract	2026-10-06T19:53:13.5857880Z (pass) reminder rendering bounds narrow rows and strips terminal commands [4.17ms]
quality	Run the release contract	2026-10-06T19:53:13.5861878Z (pass) decision reminder rendering agrees with its transcript when no action was supplied [0.42ms]
quality	Run the release contract	2026-10-06T19:53:13.5863507Z 
quality	Run the release contract	2026-10-06T19:53:13.5864260Z ##[endgroup]
quality	Run the release contract	2026-10-06T19:53:13.5869263Z 
quality	Run the release contract	2026-10-06T19:53:13.5870264Z ##[group]tests/release-contract.test.ts:
quality	Run the release contract	2026-10-06T19:53:14.6147000Z (pass) release contract: published documentation links are covered by the npm tarball [750.44ms]
quality	Run the release contract	2026-10-06T19:53:14.6148792Z (pass) release contract: the release gate exercises the packed artifact [0.33ms]
quality	Run the release contract	2026-10-06T19:53:15.3294024Z (pass) release contract: packed prompts, schema, and workers ship in the dry-run list [714.36ms]
quality	Run the release contract	2026-10-06T19:53:15.3420888Z (pass) release contract: glla-delegate skill loads without diagnostics (source-tree fast tier) [12.68ms]
quality	Run the release contract	2026-10-06T19:53:15.3422206Z (pass) release contract: docs index tracks the package version [0.22ms]
quality	Run the release contract	2026-10-06T19:53:16.0562077Z (pass) release contract: package is discoverable as a Pi extension and skill [713.86ms]
quality	Run the release contract	2026-10-06T19:53:16.7826905Z (pass) release contract: README package contents claim matches the files allowlist [726.44ms]
quality	Run the release contract	2026-10-06T19:53:16.7828932Z (pass) release contract: first-use README guidance matches current behavior [0.37ms]
quality	Run the release contract	2026-10-06T19:53:16.7831252Z (pass) release contract: smoke waits use durable or literal transition markers [0.19ms]
quality	Run the release contract	2026-10-06T19:53:16.7833636Z (pass) release workflow scopes trusted-publishing OIDC to the publish job [0.27ms]
quality	Run the release contract	2026-10-06T19:53:16.7834906Z (pass) v0.38.32: release runs never share the push-churn concurrency group [0.12ms]
quality	Run the release contract	2026-10-06T19:53:16.7870128Z (pass) release contract: changelog has one heading for the current package version [3.37ms]
quality	Run the release contract	2026-10-06T19:53:16.7967451Z (pass) release contract: untagged source work has an Unreleased changelog section to promote [9.70ms]
quality	Run the release contract	2026-10-06T19:53:16.7968168Z 
quality	Run the release contract	2026-10-06T19:53:16.7968647Z ##[endgroup]
quality	Run the release contract	2026-10-06T19:53:16.7972538Z 
quality	Run the release contract	2026-10-06T19:53:16.7973245Z ##[group]tests/compaction-containment.test.ts:
quality	Run the release contract	2026-10-06T19:53:17.0911147Z (pass) session_before_compact returns nothing — another extension's compaction must survive [3.21ms]
quality	Run the release contract	2026-10-06T19:53:17.1145595Z (pass) pure: in-flight marker is armed-signal plus timeout, never silence [23.62ms]
quality	Run the release contract	2026-10-06T19:53:17.6057323Z (pass) compaction in flight suppresses send-storm escalation (no park, no recovery) [491.19ms]
quality	Run the release contract	2026-10-06T19:53:20.5896828Z (pass) post-compact settle owns exactly one bounded probe (no duplicates) [2983.89ms]
quality	Run the release contract	2026-10-06T19:53:23.5862351Z (pass) escalation proceeds after settle — the gate is compaction-scoped, not a blanket disable [2996.35ms]
quality	Run the release contract	2026-10-06T19:53:26.6991670Z (pass) scheduleContinuation defers while in flight and the settle still sends once [3112.99ms]
quality	Run the release contract	2026-10-06T19:53:26.6992387Z 
quality	Run the release contract	2026-10-06T19:53:26.6992866Z ##[endgroup]
quality	Run the release contract	2026-10-06T19:53:26.6994857Z 
quality	Run the release contract	2026-10-06T19:53:26.6995440Z ##[group]tests/audit-followup-contract.test.ts:
quality	Run the release contract	2026-10-06T19:53:27.0662887Z unknown format "date-time" ignored in schema at path "#/properties/deferred/properties/at"
quality	Run the release contract	2026-10-06T19:53:27.0664586Z unknown format "date-time" ignored in schema at path "#/properties/deferred/properties/at"
quality	Run the release contract	2026-10-06T19:53:27.0696107Z unknown format "date-time" ignored in schema at path "#/definitions/auditVerdict/properties/at"
quality	Run the release contract	2026-10-06T19:53:27.0698497Z unknown format "date-time" ignored in schema at path "#/definitions/auditVerdict/properties/at"
quality	Run the release contract	2026-10-06T19:53:27.0739727Z unknown format "date-time" ignored in schema at path "#/definitions/subagentQuotaEvidence/properties/resetAt"
quality	Run the release contract	2026-10-06T19:53:27.0743378Z unknown format "date-time" ignored in schema at path "#/definitions/subagentQuotaEvidence/properties/resetAt"
quality	Run the release contract	2026-10-06T19:53:27.0745521Z unknown format "date-time" ignored in schema at path "#/definitions/subagentQuotaEvidence/properties/at"
quality	Run the release contract	2026-10-06T19:53:27.0751582Z unknown format "date-time" ignored in schema at path "#/definitions/subagentQuotaEvidence/properties/at"
quality	Run the release contract	2026-10-06T19:53:27.0754424Z unknown format "date-time" ignored in schema at path "#/definitions/pendingCompletion/properties/at"
quality	Run the release contract	2026-10-06T19:53:27.0755566Z unknown format "date-time" ignored in schema at path "#/definitions/pendingCompletion/properties/at"
quality	Run the release contract	2026-10-06T19:53:27.0758377Z unknown format "date-time" ignored in schema at path "#/definitions/pendingCompletion/properties/lastActivityAt"
quality	Run the release contract	2026-10-06T19:53:27.0760387Z unknown format "date-time" ignored in schema at path "#/definitions/pendingCompletion/properties/lastActivityAt"
quality	Run the release contract	2026-10-06T19:53:27.0761994Z unknown format "date-time" ignored in schema at path "#/definitions/pendingCompletion/properties/verdictAt"
quality	Run the release contract	2026-10-06T19:53:27.0763437Z unknown format "date-time" ignored in schema at path "#/definitions/pendingCompletion/properties/verdictAt"
quality	Run the release contract	2026-10-06T19:53:27.0764503Z unknown format "date-time" ignored in schema at path "#/definitions/pendingCompletion/properties/startedAt"
quality	Run the release contract	2026-10-06T19:53:27.0765389Z unknown format "date-time" ignored in schema at path "#/definitions/pendingCompletion/properties/startedAt"
quality	Run the release contract	2026-10-06T19:53:27.0766923Z unknown format "date-time" ignored in schema at path "#/definitions/pendingCompletion/properties/recoveryAt"
quality	Run the release contract	2026-10-06T19:53:27.0768427Z unknown format "date-time" ignored in schema at path "#/definitions/pendingCompletion/properties/recoveryAt"
quality	Run the release contract	2026-10-06T19:53:27.0800790Z unknown format "date-time" ignored in schema at path "#/definitions/pendingCompletion/properties/recoveryRetryAt"
quality	Run the release contract	2026-10-06T19:53:27.0801842Z unknown format "date-time" ignored in schema at path "#/definitions/pendingCompletion/properties/recoveryRetryAt"
quality	Run the release contract	2026-10-06T19:53:27.0802791Z unknown format "date-time" ignored in schema at path "#/definitions/pendingCompletion/properties/automaticRecoveryAt"
quality	Run the release contract	2026-10-06T19:53:27.0803729Z unknown format "date-time" ignored in schema at path "#/definitions/pendingCompletion/properties/automaticRecoveryAt"
quality	Run the release contract	2026-10-06T19:53:27.0805212Z unknown format "date-time" ignored in schema at path "#/definitions/pendingCompletion/properties/automaticRecoveryFirstAt"
quality	Run the release contract	2026-10-06T19:53:27.0806238Z unknown format "date-time" ignored in schema at path "#/definitions/pendingCompletion/properties/automaticRecoveryFirstAt"
quality	Run the release contract	2026-10-06T19:53:27.0807177Z unknown format "date-time" ignored in schema at path "#/definitions/pendingCompletion/properties/automaticRecoveryUntil"
quality	Run the release contract	2026-10-06T19:53:27.0808440Z unknown format "date-time" ignored in schema at path "#/definitions/pendingCompletion/properties/automaticRecoveryUntil"
quality	Run the release contract	2026-10-06T19:53:27.0809332Z unknown format "date-time" ignored in schema at path "#/definitions/pendingCompletion/properties/retryFirstAt"
quality	Run the release contract	2026-10-06T19:53:27.0826874Z unknown format "date-time" ignored in schema at path "#/definitions/pendingCompletion/properties/retryFirstAt"
quality	Run the release contract	2026-10-06T19:53:27.0828059Z unknown format "date-time" ignored in schema at path "#/definitions/pendingCompletion/properties/retryUntil"
quality	Run the release contract	2026-10-06T19:53:27.0829603Z unknown format "date-time" ignored in schema at path "#/definitions/pendingCompletion/properties/retryUntil"
quality	Run the release contract	2026-10-06T19:53:27.0831405Z unknown format "date-time" ignored in schema at path "#/definitions/pendingCompletion/properties/quotaFirstAt"
quality	Run the release contract	2026-10-06T19:53:27.0832986Z unknown format "date-time" ignored in schema at path "#/definitions/pendingCompletion/properties/quotaFirstAt"
quality	Run the release contract	2026-10-06T19:53:27.0834670Z unknown format "date-time" ignored in schema at path "#/definitions/pendingCompletion/properties/quotaAutoRetryUntil"
quality	Run the release contract	2026-10-06T19:53:27.0836382Z unknown format "date-time" ignored in schema at path "#/definitions/pendingCompletion/properties/quotaAutoRetryUntil"
quality	Run the release contract	2026-10-06T19:53:27.0837988Z unknown format "date-time" ignored in schema at path "#/definitions/pendingCompletion/properties/resetAt"
quality	Run the release contract	2026-10-06T19:53:27.0839506Z unknown format "date-time" ignored in schema at path "#/definitions/pendingCompletion/properties/resetAt"
quality	Run the release contract	2026-10-06T19:53:27.0841479Z unknown format "date-time" ignored in schema at path "#/definitions/pendingCompletion/properties/auditorRetryAttemptStartedAt"
quality	Run the release contract	2026-10-06T19:53:27.0843343Z unknown format "date-time" ignored in schema at path "#/definitions/pendingCompletion/properties/auditorRetryAttemptStartedAt"
quality	Run the release contract	2026-10-06T19:53:27.0845098Z unknown format "date-time" ignored in schema at path "#/definitions/pendingCompletion/properties/auditorFailureAt"
quality	Run the release contract	2026-10-06T19:53:27.0846767Z unknown format "date-time" ignored in schema at path "#/definitions/pendingCompletion/properties/auditorFailureAt"
quality	Run the release contract	2026-10-06T19:53:27.0863177Z unknown format "date-time" ignored in schema at path "#/definitions/objectiveRepair/properties/at"
quality	Run the release contract	2026-10-06T19:53:27.0864181Z unknown format "date-time" ignored in schema at path "#/definitions/objectiveRepair/properties/at"
quality	Run the release contract	2026-10-06T19:53:27.0884074Z unknown format "date-time" ignored in schema at path "#/definitions/objectiveRepairTarget/properties/replanPromptedAt"
quality	Run the release contract	2026-10-06T19:53:27.0885082Z unknown format "date-time" ignored in schema at path "#/definitions/objectiveRepairTarget/properties/replanPromptedAt"
quality	Run the release contract	2026-10-06T19:53:27.0898961Z unknown format "date-time" ignored in schema at path "#/properties/createdAt"
quality	Run the release contract	2026-10-06T19:53:27.0900362Z unknown format "date-time" ignored in schema at path "#/properties/createdAt"
quality	Run the release contract	2026-10-06T19:53:27.0901065Z unknown format "date-time" ignored in schema at path "#/properties/updatedAt"
quality	Run the release contract	2026-10-06T19:53:27.0901711Z unknown format "date-time" ignored in schema at path "#/properties/updatedAt"
quality	Run the release contract	2026-10-06T19:53:27.1114528Z (pass) blank subtask titles never reach persistence > a blank subtask is rejected with its position named [0.41ms]
quality	Run the release contract	2026-10-06T19:53:27.1116302Z (pass) blank subtask titles never reach persistence > a blank top-level title is still refused [0.05ms]
quality	Run the release contract	2026-10-06T19:53:27.1117985Z (pass) blank subtask titles never reach persistence > a well-formed proposal with subtasks still passes [0.12ms]
quality	Run the release contract	2026-10-06T19:53:27.1119748Z (pass) blank subtask titles never reach persistence > the count cap is still enforced (the new check does not mask it) [0.09ms]
quality	Run the release contract	2026-10-06T19:53:27.1121826Z (pass) live-objection counting agrees with the runtime > a legacy disapproval settled by a later approval is not live [0.15ms]
quality	Run the release contract	2026-10-06T19:53:27.1123493Z (pass) live-objection counting agrees with the runtime > a genuinely live objection is still counted [0.07ms]
quality	Run the release contract	2026-10-06T19:53:27.1137029Z (pass) live-objection counting agrees with the runtime > an already-pinned history is counted the same way [0.07ms]
quality	Run the release contract	2026-10-06T19:53:27.1175742Z (pass) the published schema matches what the runtime persists > the five terminal-render fields on a completion claim are accepted [5.58ms]
quality	Run the release contract	2026-10-06T19:53:27.1186073Z (pass) the published schema matches what the runtime persists > a task deferral stamp is accepted [0.60ms]
quality	Run the release contract	2026-10-06T19:53:27.1188052Z (pass) the published schema matches what the runtime persists > timeoutEscalation is bounded to [0, 100], matching the load clamp [0.14ms]
quality	Run the release contract	2026-10-06T19:53:27.1190092Z (pass) the published schema matches what the runtime persists > wallDeadlineAt is gone: no GLLA code has ever written it [0.08ms]
quality	Run the release contract	2026-10-06T19:53:27.1191848Z (pass) the published schema matches what the runtime persists > the blank subtask the validator now blocks is exactly what the schema rejects [0.07ms]
quality	Run the release contract	2026-10-06T19:53:27.1192747Z 
quality	Run the release contract	2026-10-06T19:53:27.1193204Z ##[endgroup]
quality	Run the release contract	2026-10-06T19:53:27.1193419Z 
quality	Run the release contract	2026-10-06T19:53:27.1193857Z ##[group]tests/prompt-subagent-guidance.test.ts:
quality	Run the release contract	2026-10-06T19:53:27.4061367Z (pass) goal-loop-continuation.md: contains subagent fan-out guidance (item 4) [0.60ms]
quality	Run the release contract	2026-10-06T19:53:27.4082525Z (pass) goal-loop-draft.md: contains subagent fan-out guidance (item 4) [0.11ms]
quality	Run the release contract	2026-10-06T19:53:27.4083548Z (pass) goal-loop-forever.md: contains subagent fan-out guidance (item 4) [0.05ms]
quality	Run the release contract	2026-10-06T19:53:27.4084298Z (pass) goal-loop-forever-metricless.md: contains subagent fan-out guidance (item 4) [0.05ms]
quality	Run the release contract	2026-10-06T19:53:27.4085287Z (pass) continuation prompt — single-trunk execution with bounded fan-out [0.31ms]
quality	Run the release contract	2026-10-06T19:53:27.4085965Z (pass) v0.34.0: forever prompts carry the ROI law + untrusted-output hygiene [0.22ms]
quality	Run the release contract	2026-10-06T19:53:27.4086631Z (pass) v0.34.0: audit templates demand the parallel fan-out shape (both) [0.30ms]
quality	Run the release contract	2026-10-06T19:53:27.4092205Z (pass) v0.34.0: divergence bail — 3+ trailing regressions append a reassessment note [3.86ms]
quality	Run the release contract	2026-10-06T19:53:27.4305377Z (pass) continuation prompt — brief discipline law [21.13ms]
quality	Run the release contract	2026-10-06T19:53:27.4306951Z (pass) v0.34.4/0.34.6: token-limit death handling — resume first; split/absorb, never respawn wide [0.26ms]
quality	Run the release contract	2026-10-06T19:53:27.4308513Z (pass) v0.34.4: audit templates carry brief discipline in the fan-out clause (both) [0.19ms]
quality	Run the release contract	2026-10-06T19:53:27.4310626Z (pass) v0.34.4: forever prompts carry the one-line brief law [0.16ms]
quality	Run the release contract	2026-10-06T19:53:27.4311956Z (pass) v0.34.6: subagent failure law is RESUME, DON'T RESPAWN (session survives death) [0.18ms]
quality	Run the release contract	2026-10-06T19:53:27.4313477Z (pass) v0.34.6: the restart law — in-process agents die silently, goals survive [0.19ms]
quality	Run the release contract	2026-10-06T19:53:27.4314037Z 
quality	Run the release contract	2026-10-06T19:53:27.4314517Z ##[endgroup]
quality	Run the release contract	2026-10-06T19:53:27.4319804Z 
quality	Run the release contract	2026-10-06T19:53:27.4320789Z ##[group]tests/persistence-hardening.test.ts:
quality	Run the release contract	2026-10-06T19:53:27.7008194Z (pass) readState: a truncated trailing active.jsonl line loads cleanly (mid-write kill) [1.42ms]
quality	Run the release contract	2026-10-06T19:53:27.7011491Z (pass) large JSONL records do not break forward or reverse ledger scans [2.25ms]
quality	Run the release contract	2026-10-06T19:53:27.7236404Z (pass) readState normalizes and bounds the detached-auditor recovery cursor [22.30ms]
quality	Run the release contract	2026-10-06T19:53:27.7249019Z (pass) readState recovers a transaction when the first state ledger line was never written [0.49ms]
quality	Run the release contract	2026-10-06T19:53:27.7250694Z (pass) goal transaction snapshot repairs a markdown-before-ledger crash [0.98ms]
quality	Run the release contract	2026-10-06T19:53:27.7255151Z (pass) a committed state line wins over an orphaned older transaction [0.59ms]
quality	Run the release contract	2026-10-06T19:53:27.7263717Z (pass) same-millisecond transaction recovery uses the base-state fingerprint [0.83ms]
quality	Run the release contract	2026-10-06T19:53:27.7269605Z (pass) a newer transaction with a stale base fingerprint cannot roll back a later state line [0.56ms]
quality	Run the release contract	2026-10-06T19:53:27.7274938Z (pass) invalid pending-audit phases are dropped to legacy recovery semantics [0.54ms]
quality	Run the release contract	2026-10-06T19:53:27.7282157Z (pass) persisted ids are validated before state or filesystem use [0.71ms]
quality	Run the release contract	2026-10-06T19:53:27.7292331Z (pass) E1: disk failure latches the degraded flag, never throws; a landing write self-heals [1.00ms]
quality	Run the release contract	2026-10-06T19:53:27.7297257Z (pass) E1: all four persistence entry points run through runPersistStep [0.51ms]
quality	Run the release contract	2026-10-06T19:53:27.7305875Z (pass) E1: archive removes the active md ONLY when the archive landed [0.84ms]
quality	Run the release contract	2026-10-06T19:53:27.7319265Z (pass) E1: archive destination is exclusive and cannot clobber a winner [1.34ms]
quality	Run the release contract	2026-10-06T19:53:27.7324461Z (pass) E1: loud first-failure notify + recovery notify at the persistState choke point [0.50ms]
quality	Run the release contract	2026-10-06T19:53:27.7328080Z (pass) E1: TUI persistence-degraded flag (first widget line, until a write lands) [0.35ms]
quality	Run the release contract	2026-10-06T19:53:27.7336354Z (pass) T6: schema does not drift from the Goal interface [0.84ms]
quality	Run the release contract	2026-10-06T19:53:27.7337088Z 
quality	Run the release contract	2026-10-06T19:53:27.7337654Z ##[endgroup]
quality	Run the release contract	2026-10-06T19:53:27.7341438Z 
quality	Run the release contract	2026-10-06T19:53:27.7342291Z ##[group]tests/mechanical-pipeline-lifecycle.test.ts:
quality	Run the release contract	2026-10-06T19:53:28.7820333Z (pass) Node callers survive noisy early-closing filters and retain head failure/cancellation [780.55ms]
quality	Run the release contract	2026-10-06T19:53:28.7823835Z 
quality	Run the release contract	2026-10-06T19:53:28.7824879Z ##[endgroup]
quality	Run the release contract	2026-10-06T19:53:28.8055569Z 
quality	Run the release contract	2026-10-06T19:53:28.8057038Z ##[group]tests/agents-panel.test.ts:
quality	Run the release contract	2026-10-06T19:53:29.1041706Z (pass) v0.35.29 #15: the panel ranks hung > running > ended and caps at 20 rows with a notice [1.73ms]
quality	Run the release contract	2026-10-06T19:53:29.1078574Z (pass) v0.35.29 #15: empty state explains where evidence comes from [0.08ms]
quality	Run the release contract	2026-10-06T19:53:29.1080131Z (pass) v0.35.64: the panel makes a child-specific abort request visible [0.18ms]
quality	Run the release contract	2026-10-06T19:53:29.1081348Z (pass) v0.35.29 #15: the compact worker summary hides at zero and warns on the least-live child [0.25ms]
quality	Run the release contract	2026-10-06T19:53:29.1082786Z (pass) v0.38.23: detailed widget rows are single-line glyph-first with age, plus a command-free overflow [0.37ms]
quality	Run the release contract	2026-10-06T19:53:29.1084109Z (pass) v0.35.66: --tail matches the exact child identity and formats entries tolerantly [1.19ms]
quality	Run the release contract	2026-10-06T19:53:29.1085374Z (pass) v0.35.66: --tail selects the exact persisted child identity among same-type transcripts [0.45ms]
quality	Run the release contract	2026-10-06T19:53:29.1086607Z (pass) v0.37.1: --tail uses the persisted session id to find an older transcript [0.48ms]
quality	Run the release contract	2026-10-06T19:53:29.1087703Z (pass) v0.35.66: --tail refuses a same-type transcript without exact child identity [0.22ms]
quality	Run the release contract	2026-10-06T19:53:29.1088829Z (pass) v0.36.0: --tail rejects a message that merely mentions the target identity [0.24ms]
quality	Run the release contract	2026-10-06T19:53:29.1090478Z (pass) v0.35.29 #15: --tail is LOUD when nothing matches or the dir is unreadable [0.44ms]
quality	Run the release contract	2026-10-06T19:53:29.1091624Z (pass) v0.35.29 #15: formatTranscriptEntry survives shape drift without throwing [0.12ms]
quality	Run the release contract	2026-10-06T19:53:29.1867953Z (pass) v0.35.29 #15: end-to-end — /glla agents renders real probe data; widget segment rides the goal card [73.28ms]
quality	Run the release contract	2026-10-06T19:53:29.1871250Z (pass) v0.35.65: buildWidgetLines places detailed worker rows before the card footer and supports an agent-only card [1.34ms]
quality	Run the release contract	2026-10-06T19:53:29.1921845Z (pass) v0.35.45: formatTranscriptEntry strips ANSI escapes and control chars on ALL paths [0.18ms]
quality	Run the release contract	2026-10-06T19:53:29.1965452Z (pass) v0.35.45: the candidate scan reads a bounded tail per file, not full transcripts [3.75ms]
quality	Run the release contract	2026-10-06T19:53:29.2019166Z (pass) audit-2026-09-06: panel renders the doc-promised blocks row and Recent hangs footer [0.73ms]
quality	Run the release contract	2026-10-06T19:53:29.2092488Z (pass) audit-2026-09-06: snapshot labels live rows with the observed parent wait only [0.46ms]
quality	Run the release contract	2026-10-06T19:53:29.2388973Z (pass) audit-2026-09-06: --tail with an ambiguous prefix lists candidates instead of picking silently [46.16ms]
quality	Run the release contract	2026-10-06T19:53:29.2390957Z (pass) audit 2026-09-25: transcript role labels never split surrogate pairs [0.81ms]
quality	Run the release contract	2026-10-06T19:53:29.2394173Z 
quality	Run the release contract	2026-10-06T19:53:29.2394690Z ##[endgroup]
quality	Run the release contract	2026-10-06T19:53:29.2394900Z 
quality	Run the release contract	2026-10-06T19:53:29.2395324Z ##[group]tests/list-bare-draft.test.ts:
quality	Run the release contract	2026-10-06T19:53:30.1273711Z (pass) v0.38.51: bare /list enters list drafting — agent list_add is gated [602.94ms]
quality	Run the release contract	2026-10-06T19:53:30.8312787Z (pass) v0.38.51: /list show still renders the queue (viewer preserved) [704.12ms]
quality	Run the release contract	2026-10-06T19:53:31.3816292Z (pass) v0.38.51: stale bare /list latches no drafting gate — a later list_add lands [551.02ms]
quality	Run the release contract	2026-10-06T19:53:31.3840225Z 
quality	Run the release contract	2026-10-06T19:53:31.3848572Z ##[endgroup]
quality	Run the release contract	2026-10-06T19:53:31.3848992Z 
quality	Run the release contract	2026-10-06T19:53:31.3850406Z ##[group]tests/durable-wait-prewritten.test.mjs:
quality	Run the release contract	2026-10-06T19:53:31.7606782Z (pass) prewritten durable state: completion [84.14ms]
quality	Run the release contract	2026-10-06T19:53:31.8339185Z (pass) prewritten durable state: provider failure [73.23ms]
quality	Run the release contract	2026-10-06T19:53:31.8344114Z (pass) prewritten durable state: failure takes precedence over approval [0.63ms]
quality	Run the release contract	2026-10-06T19:53:31.8344917Z 
quality	Run the release contract	2026-10-06T19:53:31.8345844Z ##[endgroup]
quality	Run the release contract	2026-10-06T19:53:31.8348989Z 
quality	Run the release contract	2026-10-06T19:53:31.8350306Z ##[group]tests/reviewer-extraction-hardening.test.ts:
quality	Run the release contract	2026-10-06T19:53:32.1191533Z (pass) the 3 live false-positive lines extract NOTHING [0.25ms]
quality	Run the release contract	2026-10-06T19:53:32.1241399Z (pass) code lines are skipped (test/it/assert/const/import/…) [0.08ms]
quality	Run the release contract	2026-10-06T19:53:32.1242887Z (pass) markdown table rows are skipped [0.05ms]
quality	Run the release contract	2026-10-06T19:53:32.1244033Z (pass) reviewer-report vocabulary is skipped (self-match prevention) [0.06ms]
quality	Run the release contract	2026-10-06T19:53:32.1245306Z (pass) real architectural + strategic text still classifies [0.10ms]
quality	Run the release contract	2026-10-06T19:53:32.1247215Z (pass) v0.34.83: the bare word 'issue' is REMOVED from the bug regex — GitHub issue references and prose don't classify as bugs [0.09ms]
quality	Run the release contract	2026-10-06T19:53:32.1249127Z (pass) v0.34.83: a completion summary referencing GitHub issues enqueues zero bug findings through the curated pipeline [0.90ms]
quality	Run the release contract	2026-10-06T19:53:32.1251706Z (pass) full runReviewer over 0.26.2-style source text produces zero architectural findings [0.80ms]
quality	Run the release contract	2026-10-06T19:53:32.1253270Z (pass) extraction dedupe + cap still work after hardening [0.28ms]
quality	Run the release contract	2026-10-06T19:53:32.1254516Z (pass) hard-wrapped finding joins into ONE full-sentence finding (hellhunter regression) [0.35ms]
quality	Run the release contract	2026-10-06T19:53:32.1256055Z (pass) uppercase-start lines do NOT join — punctuation-less items stay separate [0.08ms]
quality	Run the release contract	2026-10-06T19:53:32.1257074Z (pass) dangling-connector fragments are rejected [0.10ms]
quality	Run the release contract	2026-10-06T19:53:32.1258232Z (pass) completedObjective prefix-dedupe: a finding restating the completed goal is skipped [0.13ms]
quality	Run the release contract	2026-10-06T19:53:32.1259542Z (pass) cutAtClauseBoundary: long findings cut at a clause, never mid-word [0.18ms]
quality	Run the release contract	2026-10-06T19:53:32.1260350Z 
quality	Run the release contract	2026-10-06T19:53:32.1260823Z ##[endgroup]
quality	Run the release contract	2026-10-06T19:53:32.1261019Z 
quality	Run the release contract	2026-10-06T19:53:32.1261492Z ##[group]tests/future-sidecar-freshness.test.ts:
quality	Run the release contract	2026-10-06T19:53:32.4037509Z (pass) freshness markers reject future timestamps while accepting recent past timestamps [0.26ms]
quality	Run the release contract	2026-10-06T19:53:32.4088588Z (pass) recovery-resume consumes but refuses a future-dated sidecar [3.06ms]
quality	Run the release contract	2026-10-06T19:53:32.4106411Z (pass) all restart sidecar validators use the non-negative-age freshness gate [0.80ms]
quality	Run the release contract	2026-10-06T19:53:32.4107390Z 
quality	Run the release contract	2026-10-06T19:53:32.4108083Z ##[endgroup]
quality	Run the release contract	2026-10-06T19:53:32.4108560Z 
quality	Run the release contract	2026-10-06T19:53:32.4109214Z ##[group]tests/state-root.test.ts:
quality	Run the release contract	2026-10-06T19:53:32.6931271Z (pass) workingDir remains the default root and persists under cwd [2.73ms]
quality	Run the release contract	2026-10-06T19:53:32.6950156Z (pass) sessionDir opt-in resolves to the registered top-level session directory [1.60ms]
quality	Run the release contract	2026-10-06T19:53:32.6951755Z (pass) pending sessionDir defers every core write and does not migrate the old cwd tree [1.54ms]
quality	Run the release contract	2026-10-06T19:53:32.6952945Z (pass) PI_SESSION_FILE provides a worker-safe session-root fallback [0.50ms]
quality	Run the release contract	2026-10-06T19:53:32.7270309Z (pass) stateRoot is typed/global-only and project settings cannot override it [33.98ms]
quality	Run the release contract	2026-10-06T19:53:32.7271029Z 
quality	Run the release contract	2026-10-06T19:53:32.7271528Z ##[endgroup]
quality	Run the release contract	2026-10-06T19:53:32.7273844Z 
quality	Run the release contract	2026-10-06T19:53:32.7274819Z ##[group]tests/faulty-objective-recovery.test.ts:
quality	Run the release contract	2026-10-06T19:53:32.9953354Z (pass) detects archive-derived and verification-fragment objectives [0.54ms]
quality	Run the release contract	2026-10-06T19:53:32.9960177Z (pass) detects reviewer prose, headings, numbered audit text, and dangling fragments [0.29ms]
quality	Run the release contract	2026-10-06T19:53:32.9962032Z (pass) valid imperative objectives are not flagged [0.12ms]
quality	Run the release contract	2026-10-06T19:53:32.9962677Z (pass) valid imperative objectives may mention auditor and verification machinery [0.15ms]
quality	Run the release contract	2026-10-06T19:53:32.9963524Z (pass) imperative implementation requests mentioning audit, verification, or regression stay valid [0.20ms]
quality	Run the release contract	2026-10-06T19:53:32.9965387Z (pass) queue items that merely name the auditor role are not verification-fragments (2026-08-16 field regression) [0.22ms]
quality	Run the release contract	2026-10-06T19:53:32.9966762Z (pass) auditor/reviewer verdict-shaped text is still a verification-fragment [0.16ms]
quality	Run the release contract	2026-10-06T19:53:32.9967793Z (pass) explicit reviewer and evidence fragments are rejected [0.17ms]
quality	Run the release contract	2026-10-06T19:53:32.9968822Z (pass) the screenshot reviewer fragment records the exact saved-intent repair [0.46ms]
quality	Run the release contract	2026-10-06T19:53:32.9970141Z (pass) recover is a valid imperative for the exact queued detached-auditor item [0.15ms]
quality	Run the release contract	2026-10-06T19:53:33.0221800Z (pass) normalization is an automatic provenance repair [25.72ms]
quality	Run the release contract	2026-10-06T19:53:33.0225196Z (pass) durable original provenance wins over reviewer prose and supplies the saved contract [0.53ms]
quality	Run the release contract	2026-10-06T19:53:33.0226828Z (pass) unverified completion prose is never promoted [0.16ms]
quality	Run the release contract	2026-10-06T19:53:33.0228486Z (pass) approved completion context from an older revision cannot resurrect saved intent [0.19ms]
quality	Run the release contract	2026-10-06T19:53:33.0230815Z (pass) audit history contributes only an actionable required-fix line [0.22ms]
quality	Run the release contract	2026-10-06T19:53:33.0236638Z (pass) all direct continuation and stored-audit paths retain the final gate [0.51ms]
quality	Run the release contract	2026-10-06T19:53:33.0237787Z (pass) durable pending task is preferred when the objective cannot be normalized [0.18ms]
quality	Run the release contract	2026-10-06T19:53:33.0240391Z (pass) irrecoverable suspicious objectives produce a non-suspicious queued repair task [0.20ms]
quality	Run the release contract	2026-10-06T19:53:33.1480760Z (pass) session_start auto-resume blocks a suspicious active objective and queues repair [123.66ms]
quality	Run the release contract	2026-10-06T19:53:33.3930373Z (pass) manual resume blocks a suspicious paused objective before dispatch [244.88ms]
quality	Run the release contract	2026-10-06T19:53:33.8541799Z (pass) list activation blocks a suspicious queued objective and leaves its repair task actionable [461.32ms]
quality	Run the release contract	2026-10-06T19:53:33.9643079Z (pass) repair cards require a concrete replan objective and clear the latch only after confirmation [110.08ms]
quality	Run the release contract	2026-10-06T19:53:34.2108788Z (pass) exact queued detached-auditor objective activates without a repair task [246.61ms]
quality	Run the release contract	2026-10-06T19:53:34.4044797Z (pass) provenance-backed repair auto-applies before dispatch [193.61ms]
quality	Run the release contract	2026-10-06T19:53:34.6014170Z (pass) direct continuation dispatch rechecks the suspicious objective [196.88ms]
quality	Run the release contract	2026-10-06T19:53:34.8039216Z (pass) a canceled goal and stale continuation attempt are hard fences [202.34ms]
quality	Run the release contract	2026-10-06T19:53:34.9272512Z (pass) an archived goal id is a hard fence against stale resurrection [123.46ms]
quality	Run the release contract	2026-10-06T19:53:34.9284856Z (pass) an active goal with an interrupted terminal stopReason is not dispatched [1.32ms]
quality	Run the release contract	2026-10-06T19:53:34.9310922Z (pass) an explicit /goal start objective is dispatched even when the heuristic flags it [1.37ms]
quality	Run the release contract	2026-10-06T19:53:34.9327450Z (pass) v0.35.35: seed trust survives a Done when: clause and @role in the raw seed (createGoal stores raw vs cleaned) [1.47ms]
quality	Run the release contract	2026-10-06T19:53:34.9357298Z (pass) v0.35.35: normalization does not widen trust to agent-authored seeds [4.36ms]
quality	Run the release contract	2026-10-06T19:53:35.0774269Z (pass) agent-authored suspicious objectives still pause — the trust is user-seed only [137.41ms]
quality	Run the release contract	2026-10-06T19:53:35.2051441Z (pass) replan confirmation consumes the source queue fragment and its sidecar [130.30ms]
quality	Run the release contract	2026-10-06T19:53:35.3471658Z (pass) audit-2026-09-06: archivedPath outside the archive dir is an anomaly, not a goal-nulling probe [143.44ms]
quality	Run the release contract	2026-10-06T19:53:35.4567882Z (pass) audit-2026-09-06: archivedPath inside the archive dir still fences [109.66ms]
quality	Run the release contract	2026-10-06T19:53:35.4639002Z (pass) v0.38.101 a title-like heading is an objective, not a pasted report [0.55ms]
quality	Run the release contract	2026-10-06T19:53:35.4641037Z (pass) v0.38.101 a pasted report still trips the heading heuristic [0.18ms]
quality	Run the release contract	2026-10-06T19:53:35.4641759Z 
quality	Run the release contract	2026-10-06T19:53:35.4642393Z ##[endgroup]
quality	Run the release contract	2026-10-06T19:53:35.4642765Z 
quality	Run the release contract	2026-10-06T19:53:35.4643347Z ##[group]tests/list-philosophy.test.ts:
quality	Run the release contract	2026-10-06T19:53:35.7329487Z (pass) contract 1+2: /goal+/list draft prompt has short-item AND multi-hour framing [0.56ms]
quality	Run the release contract	2026-10-06T19:53:35.7348785Z (pass) contract 3: /loop draft prompt has metric-driven framing [0.10ms]
quality	Run the release contract	2026-10-06T19:53:35.7350331Z (pass) contract 4: all draft prompts open with a Long-running philosophy block [0.26ms]
quality	Run the release contract	2026-10-06T19:53:35.7351632Z (pass) contract 5: LIST-PHILOSOPHY.md exists with the three-mode table [0.17ms]
quality	Run the release contract	2026-10-06T19:53:35.7352849Z (pass) contract 6: INSTALL.md references LIST-PHILOSOPHY.md in a Modes section [0.09ms]
quality	Run the release contract	2026-10-06T19:53:35.7353864Z (pass) contract 7: /list depth headline format [0.71ms]
quality	Run the release contract	2026-10-06T19:53:35.7354868Z (pass) contract 8+11: cross-recommend catches the 76-weak-points wrapper seed [0.16ms]
quality	Run the release contract	2026-10-06T19:53:35.7355597Z (pass) contract 12: cross-recommend catches the 40-findings tasklist seed [0.08ms]
quality	Run the release contract	2026-10-06T19:53:35.7356544Z (pass) contract 8: multi-hour seed in /list mode suggests /goal or break-up [0.28ms]
quality	Run the release contract	2026-10-06T19:53:35.7357538Z (pass) contract 8: five-minute seed in /goal mode suggests /list [0.13ms]
quality	Run the release contract	2026-10-06T19:53:35.7358534Z (pass) contract 8: open-ended seed in /goal or /list mode suggests /loop [0.18ms]
quality	Run the release contract	2026-10-06T19:53:35.7359552Z (pass) contract 8: bounded-until beats recurring vocabulary (still a goal) [0.05ms]
quality	Run the release contract	2026-10-06T19:53:35.7360776Z (pass) contract 8: aggregate beats recurring (per-item work wins) [0.09ms]
quality	Run the release contract	2026-10-06T19:53:35.7361768Z (pass) contract 8: recurring beats five-minute (cadence changes the loop) [0.08ms]
quality	Run the release contract	2026-10-06T19:53:35.7362301Z 
quality	Run the release contract	2026-10-06T19:53:35.7362755Z ##[endgroup]
quality	Run the release contract	2026-10-06T19:53:35.7362942Z 
quality	Run the release contract	2026-10-06T19:53:35.7363407Z ##[group]tests/behavioral-orchestrator.test.ts:
quality	Run the release contract	2026-10-06T19:53:36.0787203Z (pass) T3a: active goal + human load (startup) + default settings → HELD for explicit resume [39.92ms]
quality	Run the release contract	2026-10-06T19:53:36.9470303Z (pass) v0.34.18: blank startup waits for the transcript before autoresume, while explicit resume and loaded history still work [868.26ms]
quality	Run the release contract	2026-10-06T19:53:36.9528612Z (pass) v0.34.121: blank startup closes a legacy terminal slot when its archive exists [5.91ms]
quality	Run the release contract	2026-10-06T19:53:37.3003933Z (pass) T3c (v0.28.21): interrupted goal HELDS by default — the 0.28.3 exemption is superseded; autoresume=on auto-resumes [347.11ms]
quality	Run the release contract	2026-10-06T19:53:37.6761863Z (pass) T3b (v0.28.21): active goal + reload → HELD by default; autoresume=on → auto-resumes [376.11ms]
quality	Run the release contract	2026-10-06T19:53:37.8744565Z (pass) v0.35.x: list cancel archives the active item, does not relabel it as active, and preserves its audit history [196.15ms]
quality	Run the release contract	2026-10-06T19:53:37.8971728Z (pass) v0.36.0: /goal cancel archives a standalone goal with a compact six-label recap [24.66ms]
quality	Run the release contract	2026-10-06T19:53:38.2127792Z (pass) v0.36.0: /list next archives the skipped active item with a compact recap [315.70ms]
quality	Run the release contract	2026-10-06T19:53:38.2575364Z (pass) v0.36.1: bare /goal start uses one clear active-branch request [39.11ms]
quality	Run the release contract	2026-10-06T19:53:38.3185505Z (pass) v0.36.1: bare /list start activates the hydrated queue head [61.69ms]
quality	Run the release contract	2026-10-06T19:53:38.3934090Z (pass) v0.36.1: bare /loop start infers only a target and uses the metricless path [74.49ms]
quality	Run the release contract	2026-10-06T19:53:39.0704878Z (pass) v0.36.0: aborted detached audit can complete without audit only after archive success [672.79ms]
quality	Run the release contract	2026-10-06T19:53:39.3471495Z (pass) v0.34.119: /glla cancel archives the active list item and drops the waiting objective queue [266.83ms]
quality	Run the release contract	2026-10-06T19:53:39.4241759Z (pass) v0.34.121: /glla cancel stops an active loop before touching an unrelated waiting queue [90.91ms]
quality	Run the release contract	2026-10-06T19:53:39.7191487Z (pass) v0.34.119: /glla cancel also aborts an auditing list objective and clears its waiting queue [285.17ms]
quality	Run the release contract	2026-10-06T19:53:39.9481619Z (pass) v0.35.0 (v0.38.12 last-wins): /goal start replaces without dialog; plain /goal still offers update/cancel [216.24ms]
quality	Run the release contract	2026-10-06T19:53:40.0336375Z (pass) v0.35.x: same-mode list conflict updates the whole objective, never individual tasks [101.79ms]
quality	Run the release contract	2026-10-06T19:53:40.1931529Z (pass) v0.35.x: auditing list conflict cancels the stale audit before whole-objective update [167.08ms]
quality	Run the release contract	2026-10-06T19:53:40.3221787Z [run-tests] progress: 240s elapsed · 0s since last output · 130 KiB of suite output
quality	Run the release contract	2026-10-06T19:53:40.3466766Z (pass) v0.35.x: list_activate uses the same whole-objective conflict update [155.82ms]
quality	Run the release contract	2026-10-06T19:53:40.4672241Z (pass) C7: declined list conflict update preserves work without retrying the editor [115.90ms]
quality	Run the release contract	2026-10-06T19:53:40.6031349Z (pass) v0.35.0: a cross-mode replacement confirms before replacing a live loop [137.00ms]
quality	Run the release contract	2026-10-06T19:53:40.9711588Z Switched to a new branch 'pi-glla-loop/20261006195340-refusal-target'
quality	Run the release contract	2026-10-06T19:53:41.0101106Z cat: /definitely-not-here-xyz: No such file or directory
quality	Run the release contract	2026-10-06T19:53:41.0551070Z Switched to branch 'main'
quality	Run the release contract	2026-10-06T19:53:41.2803694Z (pass) v0.35.4: a refused branch-mode loop start restores the original branch [675.24ms]
quality	Run the release contract	2026-10-06T19:53:42.4413404Z (pass) v0.35.0: a direct /loop start also confirms before replacing a live goal [1167.83ms]
quality	Run the release contract	2026-10-06T19:53:42.5737045Z (pass) C2: an explicit /goal start stops the active loop instead of stacking two live things [125.92ms]
quality	Run the release contract	2026-10-06T19:53:42.7841577Z (pass) v0.34.121: one confirmed /glla wipe clears recovery and dispatch artifacts too [211.79ms]
quality	Run the release contract	2026-10-06T19:53:43.2761665Z (pass) v0.35.x: /list tweak amends a paused list item without activating it or changing waiting entries [490.81ms]
quality	Run the release contract	2026-10-06T19:53:44.4161311Z (pass) field 2026-09-16 (VidPro park): /goal tweak amends a paused goal without waking it [1140.92ms]
quality	Run the release contract	2026-10-06T19:53:44.7631432Z (pass) field 2026-09-16: /goal tweak with no goal names the real path [349.97ms]
quality	Run the release contract	2026-10-06T19:53:45.0471840Z (pass) field 2026-09-16 (VidPro replay): tweak chatter adopts the discussed objective, never the chatter [283.02ms]
quality	Run the release contract	2026-10-06T19:53:45.2941924Z (pass) audit 2026-09-16: inferred tweak rejection leaves objective and ledger unchanged [248.02ms]
quality	Run the release contract	2026-10-06T19:53:45.5940292Z (pass) field 2026-09-16: tweak chatter with no discussed objective guides and changes nothing [290.81ms]
quality	Run the release contract	2026-10-06T19:53:45.8641785Z (pass) field 2026-09-16: plain-/goal update with an explicit contract stays verbatim (explicit intent wins) [278.20ms]
quality	Run the release contract	2026-10-06T19:53:46.0896800Z (pass) field 2026-09-16: chatter typed into the bare-tweak dialog guides, never adopts [224.15ms]
quality	Run the release contract	2026-10-06T19:53:46.2569435Z (pass) field 2026-09-16: a typed paragraph drafts as one thing, never an import-or-nothing [164.53ms]
quality	Run the release contract	2026-10-06T19:53:46.4451535Z (pass) audit 2026-09-16: bare list keeps separately contracted objectives in separate queue records [189.94ms]
quality	Run the release contract	2026-10-06T19:53:46.8903216Z (pass) field 2026-09-16 (loop sweep): /loop refine on a held loop queues the hint and resumes [446.06ms]
quality	Run the release contract	2026-10-06T19:53:47.2821367Z (pass) audit 2026-09-23: failed loop dispatch preserves every one-shot directive [391.74ms]
quality	Run the release contract	2026-10-06T19:53:47.6660653Z (pass) audit 2026-09-16: held-loop refine respects wrong-branch guard [384.53ms]
quality	Run the release contract	2026-10-06T19:53:47.9231548Z (pass) field 2026-09-16 (loop sweep): held-loop refine over an active goal queues but stays held [255.22ms]
quality	Run the release contract	2026-10-06T19:53:48.1821695Z (pass) field 2026-09-16 (loop sweep): refine on a user-stopped loop refuses with the honest path [259.97ms]
quality	Run the release contract	2026-10-06T19:53:48.5191487Z (pass) field 2026-09-16 (loop sweep): refine on a measure-broken loop points at the agent repair path [335.94ms]
quality	Run the release contract	2026-10-06T19:53:48.7961008Z (pass) field 2026-09-16 (loop sweep): refine on an active loop keeps today's behavior [276.88ms]
quality	Run the release contract	2026-10-06T19:53:48.8046531Z (pass) T3d: active loop + human load → HELD_ON_RESTORE (loop deactivated loudly, not silently dropped) [8.09ms]
quality	Run the release contract	2026-10-06T19:53:48.9473875Z (pass) v0.35.x: a successor auto-resumes lifecycle-held loops intact but preserves deliberate stops [131.31ms]
quality	Run the release contract	2026-10-06T19:53:48.9851125Z (pass) v0.29.14: live audit loop on open-count/min migrates to closed-count/max on load (discovery no longer reads as regression) [44.73ms]
quality	Run the release contract	2026-10-06T19:53:49.0251731Z (pass) v0.29.18: live audit loop on the audit-every-iteration target migrates to FIX-FIRST on load [38.16ms]
quality	Run the release contract	2026-10-06T19:53:49.9231685Z (pass) v0.34.16: lifecycle handoff resumes same-process replacement but quit does not bypass restore consent [899.04ms]
quality	Run the release contract	2026-10-06T19:53:51.3132297Z (pass) stale list work survives invalidation and resumes only through a fresh file-backed session [1389.91ms]
quality	Run the release contract	2026-10-06T19:53:51.9191663Z (pass) v0.34.49: fresh MAIN session_start resets stale state and rejects the old dispatch generation [608.08ms]
quality	Run the release contract	2026-10-06T19:53:52.4680713Z (pass) v0.34.49: a handoff is one-shot and only matching predecessor identity can resume [551.84ms]
quality	Run the release contract	2026-10-06T19:53:53.1870243Z (pass) v0.34.23: host replacement with a new SessionManager is not rejected as foreign [720.52ms]
quality	Run the release contract	2026-10-06T19:53:53.5714987Z (pass) v0.34.20: registered tools use the replacement invocation context without session_shutdown [384.44ms]
quality	Run the release contract	2026-10-06T19:53:53.9133782Z (pass) T3e (v0.28.21): no active goal + queued list + reload → NOT activated by default; autoresume=on → head activates [341.76ms]
quality	Run the release contract	2026-10-06T19:53:54.1644179Z (pass) v0.34.24: continuation dispatch waits for owner start proof and clears its sidecar [248.68ms]
quality	Run the release contract	2026-10-06T19:53:56.9563698Z (pass) v0.34.36: compaction releases a timed-out dispatch for one fresh resync attempt [2793.74ms]
quality	Run the release contract	2026-10-06T19:53:57.7181976Z (pass) v0.34.36: a loop missing start proof stops durably and /loop resume re-arms it exactly once [761.88ms]
quality	Run the release contract	2026-10-06T19:53:58.5494097Z (pass) v0.34.48: /list resume releases an unacknowledged dispatch exactly once [831.22ms]
quality	Run the release contract	2026-10-06T19:53:59.3438229Z (pass) v0.34.24: missing start proof stands down durably and explicit resume sends one fresh attempt [794.29ms]
quality	Run the release contract	2026-10-06T19:53:59.6951587Z (pass) v0.34.88: a transient no-turn-start miss self-heals with exactly ONE verbatim retry [348.15ms]
quality	Run the release contract	2026-10-06T19:54:00.3738366Z (pass) v0.34.88: a genuine stall fires unacknowledged after the retry backoff — exactly one retry, then re-sends stop [681.81ms]
quality	Run the release contract	2026-10-06T19:54:01.2624028Z (pass) v0.34.88: a goal paused inside the watchdog window is never blind-retried [888.59ms]
quality	Run the release contract	2026-10-06T19:54:01.2668690Z (pass) T5: mutating tools refuse a foreign (subagent) session ctx [4.61ms]
quality	Run the release contract	2026-10-06T19:54:01.2677075Z (pass) T5: guard coverage pin — every mutating tool routes through foreignToolGuard [0.55ms]
quality	Run the release contract	2026-10-06T19:54:01.2831942Z (pass) v0.36.3: live activity is scoped across lost results, host replacement, timestamps, timers, and pending dispatch [14.19ms]
quality	Run the release contract	2026-10-06T19:54:01.5200289Z (pass) v0.36.4: /glla resume behaviorally re-kicks an ACTIVE-but-idle goal [236.89ms]
quality	Run the release contract	2026-10-06T19:54:01.8861853Z (pass) T2: a stale send on agent_end continuation → goal ACTIVE + interrupt marker + loud notify [366.78ms]
quality	Run the release contract	2026-10-06T19:54:04.4625416Z (pass) T2b: stale before compaction → no late rebind, refire, or misleading active UI [2576.91ms]
quality	Run the release contract	2026-10-06T19:54:04.6065983Z (pass) v0.35.x: stale terminal keeps a recovery probe and self-heals without reload [144.11ms]
quality	Run the release contract	2026-10-06T19:54:07.0183890Z (pass) v0.34.48: host-session loss without replacement session_start parks durably and rejects late callbacks [2411.82ms]
quality	Run the release contract	2026-10-06T19:54:07.2007560Z (pass) v0.35.x: host loss keeps durable auditor disapproval feedback visible [182.26ms]
quality	Run the release contract	2026-10-06T19:54:08.4022498Z (pass) v0.35.x: full auditor reports and required-fixes tails survive lifecycle boundaries [1201.47ms]
quality	Run the release contract	2026-10-06T19:54:09.3013784Z (pass) S3: a mid-session absorb publishes the owner file, so the shutdown handoff still validates [899.07ms]
quality	Run the release contract	2026-10-06T19:54:09.8462658Z (pass) v0.34.25: silent swap — live file-backed successor is absorbed via a tool call and the work auto-resumes [544.86ms]
quality	Run the release contract	2026-10-06T19:54:10.2004817Z (pass) v0.34.25: silent swap — in-memory (subagent) ctx is still refused and the park stays honest [354.19ms]
quality	Run the release contract	2026-10-06T19:54:10.3212205Z [run-tests] progress: 270s elapsed · 0s since last output · 136 KiB of suite output
quality	Run the release contract	2026-10-06T19:54:10.7744070Z (pass) v0.34.25: the field ordering — stale before compaction, then the successor's compact event absorbs in place [573.96ms]
quality	Run the release contract	2026-10-06T19:54:10.9545843Z (pass) v0.34.25: dead owner + ephemeral ctx cannot claim the plane (subagent lockout fix) [178.88ms]
quality	Run the release contract	2026-10-06T19:54:10.9688447Z (pass) S4: a transient lastCtx probe glitch fails one tool call closed without dropping the context [11.21ms]
quality	Run the release contract	2026-10-06T19:54:14.9215709Z (pass) v0.34.27: stale host recovery absorbs the first replacement contact across lifecycle and stream boundaries [3956.97ms]
quality	Run the release contract	2026-10-06T19:54:15.3431999Z (pass) v0.34.27: plain startup from a dead file-backed successor is not rejected as a subagent [420.32ms]
quality	Run the release contract	2026-10-06T19:54:16.1752462Z (pass) v0.38.68 reviewer P1: compact-defer settles without kicking a turn into the hot window [833.26ms]
quality	Run the release contract	2026-10-06T19:54:18.0158653Z (pass) manual pause+resume between exhaustion episodes restarts the relentless cycle [1840.62ms]
quality	Run the release contract	2026-10-06T19:54:19.8406608Z (pass) v0.34.26: repeated output-token truncation pauses the goal durably with re-scope guidance and a fresh resume budget [1824.59ms]
quality	Run the release contract	2026-10-06T19:54:20.3323607Z (pass) v0.34.26: output-token-limit provider errors pause with the named wall, not generic provider-error text [491.92ms]
quality	Run the release contract	2026-10-06T19:54:20.3378891Z (pass) goal draft rejects whitespace-only objectives before Confirm or activation [5.57ms]
quality	Run the release contract	2026-10-06T19:54:20.5306912Z (pass) task-list Confirm discloses milestone verification commands [191.15ms]
quality	Run the release contract	2026-10-06T19:54:20.5433802Z (pass) T1a: stale Confirm in propose_goal_draft → NOT-a-rejection guidance, no goal created [12.33ms]
quality	Run the release contract	2026-10-06T19:54:20.5703653Z (pass) T1b: stale /goal start → goal persisted to .pi-glla with honest notify [24.67ms]
quality	Run the release contract	2026-10-06T19:54:20.9311145Z (pass) drafting state is not left behind by a stale seed, and old confirmations cannot mutate a replacement session [364.41ms]
quality	Run the release contract	2026-10-06T19:54:20.9891665Z (pass) auto-accept escape hatch: ALWAYS choice persists project autoAcceptDrafts and accepts the draft [54.77ms]
quality	Run the release contract	2026-10-06T19:54:21.0361432Z (pass) escape hatch: a later draft skips the dialog entirely once autoAcceptDrafts landed [40.00ms]
quality	Run the release contract	2026-10-06T19:54:21.0498945Z (pass) source pin: all five draft-class dialogs route through confirmDraft with the 3-choice ALWAYS option [16.66ms]
quality	Run the release contract	2026-10-06T19:54:22.2974221Z (pass) quota error turns enter durable main-model recovery instead of a resend storm [1246.32ms]
quality	Run the release contract	2026-10-06T19:54:22.8931487Z (pass) main-model recovery external notices are deduplicated per provider episode [597.54ms]
quality	Run the release contract	2026-10-06T19:54:23.2457400Z (pass) request-rate prose uses the generic fallback chain [349.57ms]
quality	Run the release contract	2026-10-06T19:54:23.5858607Z (pass) explicit 429-shaped errors use the generic fallback chain [343.83ms]
quality	Run the release contract	2026-10-06T19:54:24.4333543Z (pass) a successful core retry clears generic provider recovery and resumes the parked goal [847.38ms]
quality	Run the release contract	2026-10-06T19:54:25.2684895Z (pass) v0.35.x: a successful main-model recovery gives a parked audit its one automatic retry [835.09ms]
quality	Run the release contract	2026-10-06T19:54:25.7946187Z (pass) a user-aborted agent_end does not falsely clear main-model recovery [526.14ms]
quality	Run the release contract	2026-10-06T19:54:26.1338721Z (pass) recoverable error turns enter generic recovery before stall accounting [339.18ms]
quality	Run the release contract	2026-10-06T19:54:26.7389533Z (pass) explicit prompt-policy rejection pauses the owning goal without retrying [605.10ms]
quality	Run the release contract	2026-10-06T19:54:26.9432283Z (pass) carryover pause (default): new goal over stale paused goal+list+held loop → ONE summary, goal archived, list+loop kept [201.57ms]
quality	Run the release contract	2026-10-06T19:54:27.1328757Z (pass) carryover=clear: new goal drops the queue, dismisses the held loop, archives the paused goal [192.30ms]
quality	Run the release contract	2026-10-06T19:54:27.4011594Z (pass) v0.35.4: a recovered sidecar is hydrated before list mutations [267.69ms]
quality	Run the release contract	2026-10-06T19:54:27.6147144Z (pass) /loop cancel: first-class alias stops the loop (stopReason recorded) [211.90ms]
quality	Run the release contract	2026-10-06T19:54:27.9471335Z (pass) /loop finish persists and notifies the complete six-label recap [332.99ms]
quality	Run the release contract	2026-10-06T19:54:27.9852007Z (pass) one-active-thing tool guards: list_activate + propose_loop_draft + propose_goal_draft refuse over the wrong active kind [37.22ms]
quality	Run the release contract	2026-10-06T19:54:28.2902322Z (pass) one-active-thing: /goal resume guard remains; the load-time combo is auto-arbitrated (v0.29.6) [303.70ms]
quality	Run the release contract	2026-10-06T19:54:28.8242845Z (pass) v0.29.6: stacked state at load is AUTO-ARBITRATED — most recent activity keeps the slot, loser archived (supersedes the 0.28.21 picker) [536.96ms]
quality	Run the release contract	2026-10-06T19:54:29.0845295Z (pass) carryover via /list next (pause): summary fires BEFORE the stale item activates; paused goal archived, held loop kept [261.00ms]
quality	Run the release contract	2026-10-06T19:54:29.3409425Z (pass) carryover via /list next (clear): the stale queue is dropped BEFORE activation — nothing activates [255.66ms]
quality	Run the release contract	2026-10-06T19:54:29.6456871Z (pass) carryover=resume: legacy silent stacking — no summary, queue + held loop untouched [305.41ms]
quality	Run the release contract	2026-10-06T19:54:29.9321756Z (pass) /list audit: queues a collect-only audit item with the restart-safe marker [283.84ms]
quality	Run the release contract	2026-10-06T19:54:30.4901721Z (pass) /goal decide: content pick → decision sent to the agent + goal resumes [558.69ms]
quality	Run the release contract	2026-10-06T19:54:30.8201750Z (pass) /goal decide: Escape (undefined) → goal stays paused, nothing sent [330.83ms]
quality	Run the release contract	2026-10-06T19:54:31.1832684Z (pass) /goal decide: command option (/goal cancel) runs the command, not a message [363.79ms]
quality	Run the release contract	2026-10-06T19:54:31.3681521Z (pass) /goal decide: no pending decision → notify, no picker [183.57ms]
quality	Run the release contract	2026-10-06T19:54:31.5624968Z (pass) /goal status + /goal pause: no goal id in user-facing text (v0.28.24) [194.00ms]
quality	Run the release contract	2026-10-06T19:54:31.5726885Z (pass) goal-start notify has no (id: …) suffix (v0.28.24 source pin) [7.71ms]
quality	Run the release contract	2026-10-06T19:54:31.8326273Z (pass) v0.34.21 lifecycle: completion audit from a replaced generation leaves the stored claim intact [260.79ms]
quality	Run the release contract	2026-10-06T19:54:33.1851317Z (pass) v0.34.119: impossible completion counts reach the durable auditor claim before the worker starts [1355.53ms]
quality	Run the release contract	2026-10-06T19:54:33.8027711Z (pass) v0.34.22: complete_goal returns while a detached auditor finishes and archives approval [617.71ms]
quality	Run the release contract	2026-10-06T19:54:39.7420143Z (pass) v0.35.x: provider-wall diagnostics stay durable while completion surfaces remain sanitized and deduplicated [5939.14ms]
quality	Run the release contract	2026-10-06T19:54:39.7541482Z (pass) v0.35.x: /glla audits full sanitizes active and global reports [10.19ms]
quality	Run the release contract	2026-10-06T19:54:40.1951393Z (pass) v0.35.x: bare 403 main recovery sanitizes live surfaces while retaining diagnostics [438.68ms]
quality	Run the release contract	2026-10-06T19:54:40.3248924Z [run-tests] progress: 300s elapsed · 0s since last output · 141 KiB of suite output
quality	Run the release contract	2026-10-06T19:54:46.1749629Z (pass) v0.35.x: bare 403 completion diagnostics stay durable while completion surfaces remain sanitized [5984.11ms]
quality	Run the release contract	2026-10-06T19:54:46.6855635Z (pass) v0.34.119: auditor-approved list completion archives the item and activates exactly the next queue item [510.51ms]
quality	Run the release contract	2026-10-06T19:54:47.4208854Z (pass) v0.36.2: approved standalone completion automatically activates a pre-queued list head [735.34ms]
quality	Run the release contract	2026-10-06T19:54:48.1264931Z (pass) v0.34.91: detached approval notify carries the agent's completion recap, not process boilerplate [705.59ms]
quality	Run the release contract	2026-10-06T19:54:48.3160662Z (pass) v0.34.87: complete_goal on a paused item names the pause + resume verb, not a flat 'No active goal' [189.50ms]
quality	Run the release contract	2026-10-06T19:54:48.7841419Z (pass) v0.34.22: detached disapproval resumes the goal with a durable report [468.21ms]
quality	Run the release contract	2026-10-06T19:54:49.3869508Z (pass) v0.35.x: a detached approval blocked by the regression shield is not relabeled [602.69ms]
quality	Run the release contract	2026-10-06T19:54:50.5090457Z (pass) v0.34.22: an old detached result cannot archive after session replacement [1122.10ms]
quality	Run the release contract	2026-10-06T19:54:50.6666706Z (pass) v0.34.21 lifecycle: cold startup holds a recovered claim until explicit resume [157.61ms]
quality	Run the release contract	2026-10-06T19:54:51.6285415Z (pass) v0.35.x: validated session handoff auto-retries a parked completion audit [961.83ms]
quality	Run the release contract	2026-10-06T19:54:52.7329098Z (pass) v0.35.x: explicit Auto-resume retries a parked claim on cold startup [1104.34ms]
quality	Run the release contract	2026-10-06T19:54:53.6565728Z (pass) v0.35.x: manual /list resume retries a parked list completion claim directly [923.60ms]
quality	Run the release contract	2026-10-06T19:54:53.7450714Z (pass) v0.35.x: one automatic parked-audit retry is durable across repeated lifecycle events [86.55ms]
quality	Run the release contract	2026-10-06T19:54:55.4191928Z (pass) v0.35.x: stale host replacement session_start auto-recovers the parked audit [1676.05ms]
quality	Run the release contract	2026-10-06T19:54:56.3277750Z (pass) v0.35.x: healthy same-session heartbeat recovers a parked completion audit without manual resume [908.53ms]
quality	Run the release contract	2026-10-06T19:55:01.9008970Z (pass) v0.36.0: exhausted no-verdict auditor chain enters the shared ladder with an automatic retry timer [5573.10ms]
quality	Run the release contract	2026-10-06T19:55:07.7452346Z (pass) bounded recovery: initial aggressive completion preserves its horizon and exhausted chain [5844.33ms]
quality	Run the release contract	2026-10-06T19:55:10.3247763Z [run-tests] progress: 330s elapsed · 3s since last output · 143 KiB of suite output
quality	Run the release contract	2026-10-06T19:55:13.7444368Z (pass) v0.35.x: stale host loss releases an in-flight completion audit without a verdict [5999.18ms]
quality	Run the release contract	2026-10-06T19:55:13.7538100Z (pass) v0.34.29: audit fan-out honors autoAcceptDrafts without opening confirmation [9.47ms]
quality	Run the release contract	2026-10-06T19:55:13.7634488Z (pass) v0.34.129: fan-out dedupe does not drop a finding whose prefix appears inside another queue item [9.51ms]
quality	Run the release contract	2026-10-06T19:55:13.7886502Z (pass) v0.34.129: fan-out reports cap-deferred findings separately from true queue dedupes [25.16ms]
quality	Run the release contract	2026-10-06T19:55:13.8131542Z (pass) v0.34.20 lifecycle: fan-out confirmation from the old generation cannot queue into its replacement [22.18ms]
quality	Run the release contract	2026-10-06T19:55:13.9984127Z (pass) v0.34.20 lifecycle: loop measurement abandons the old generation after replacement [186.02ms]
quality	Run the release contract	2026-10-06T19:55:14.0046676Z (pass) v0.34.25: a resolved auditor model failure advances to the session fallback without a verdict [1.60ms]
quality	Run the release contract	2026-10-06T19:55:14.6211536Z (pass) v0.35.x: zero-stream zombie auto-aborts and parks a list item without a retry storm [619.92ms]
quality	Run the release contract	2026-10-06T19:55:14.6464841Z (pass) v0.35.x: zero-stream loop termination preserves and notifies its recap [26.41ms]
quality	Run the release contract	2026-10-06T19:55:14.6827540Z (pass) v0.35.4: zombie watchdog stands down while a subagent wait is in flight [35.41ms]
quality	Run the release contract	2026-10-06T19:55:14.7073027Z (pass) v0.35.64: a stale subagent probe no longer shields unrelated parent cleanup [25.83ms]
quality	Run the release contract	2026-10-06T19:55:14.7421639Z (pass) v0.35.4: context-starved warning is one-shot per refusal episode [29.07ms]
quality	Run the release contract	2026-10-06T19:55:14.7423633Z (pass) audit-2026-09-06: measure test-run dialogs disclose the pre-confirm exec [0.48ms]
quality	Run the release contract	2026-10-06T19:55:15.2837909Z (pass) tweak carries its revision bump inside the durable patch (no phantom revision) [547.10ms]
quality	Run the release contract	2026-10-06T19:55:15.2840146Z (pass) resetContinuationDispatchState clears the in-memory pending ref (S2 audit) [0.56ms]
quality	Run the release contract	2026-10-06T19:55:15.2840956Z 
quality	Run the release contract	2026-10-06T19:55:15.2841543Z ##[endgroup]
quality	Run the release contract	2026-10-06T19:55:15.2867030Z 
quality	Run the release contract	2026-10-06T19:55:15.2889394Z ##[group]tests/task-list.test.ts:
quality	Run the release contract	2026-10-06T19:55:15.5536201Z (pass) accepts a reasonable breakdown [0.32ms]
quality	Run the release contract	2026-10-06T19:55:15.5538247Z (pass) rejects empty list [0.20ms]
quality	Run the release contract	2026-10-06T19:55:15.5539161Z (pass) rejects too many top-level tasks [0.16ms]
quality	Run the release contract	2026-10-06T19:55:15.5540412Z (pass) rejects too many subtasks (the anti-drift cap) [0.14ms]
quality	Run the release contract	2026-10-06T19:55:15.5541427Z (pass) accepts exactly at the cap [0.10ms]
quality	Run the release contract	2026-10-06T19:55:15.5542942Z (pass) rejects empty titles [0.05ms]
quality	Run the release contract	2026-10-06T19:55:15.5543865Z (pass) assigns hierarchical ids and pending statuses [0.20ms]
quality	Run the release contract	2026-10-06T19:55:15.5544660Z (pass) trims titles [0.06ms]
quality	Run the release contract	2026-10-06T19:55:15.5545094Z 
quality	Run the release contract	2026-10-06T19:55:15.5545700Z ##[endgroup]
quality	Run the release contract	2026-10-06T19:55:15.5546091Z 
quality	Run the release contract	2026-10-06T19:55:15.5546643Z ##[group]tests/goal-state.test.ts:
quality	Run the release contract	2026-10-06T19:55:15.8489249Z (pass) goal-state.ts owns the state singleton (single source of truth) [24.80ms]
quality	Run the release contract	2026-10-06T19:55:15.8530958Z (pass) wholesale state replacement goes through replaceState() only [4.25ms]
quality	Run the release contract	2026-10-06T19:55:15.8534366Z (pass) the persistence core lives in goal-state.ts (persistStateLine) [0.45ms]
quality	Run the release contract	2026-10-06T19:55:15.8540955Z (pass) replaceState is used at the moved wholesale sites [0.56ms]
quality	Run the release contract	2026-10-06T19:55:15.8541588Z 
quality	Run the release contract	2026-10-06T19:55:15.8542041Z ##[endgroup]
quality	Run the release contract	2026-10-06T19:55:15.8545943Z 
quality	Run the release contract	2026-10-06T19:55:15.8546485Z ##[group]tests/second-gemini-gap.test.ts:
quality	Run the release contract	2026-10-06T19:55:16.1163314Z (pass) v0.38.52: gate rows widen the verification table with derived statuses [1.53ms]
quality	Run the release contract	2026-10-06T19:55:16.1164979Z (pass) v0.38.52: without gates the 3-col mechanical table is byte-identical [0.69ms]
quality	Run the release contract	2026-10-06T19:55:16.1166150Z (pass) v0.38.52: nested findings render Test Results sub-bullets aligned by index [0.72ms]
quality	Run the release contract	2026-10-06T19:55:16.1167237Z (pass) v0.38.52: table-mode findings ride test proof in the Evidence cell [0.52ms]
quality	Run the release contract	2026-10-06T19:55:16.1168175Z (pass) v0.38.52: sanitizeGateRows drops garbage, clips, caps [0.37ms]
quality	Run the release contract	2026-10-06T19:55:16.1169045Z (pass) v0.38.52: sanitizeFindingGroups parses parallel tests [0.21ms]
quality	Run the release contract	2026-10-06T19:55:16.1170258Z (pass) v0.38.52: old claims without tests render byte-identical to v0.38.50 [0.26ms]
quality	Run the release contract	2026-10-06T19:55:17.3955344Z (pass) v0.38.52: complete_goal gateRows + tests ride the claim into the chat render [1280.02ms]
quality	Run the release contract	2026-10-06T19:55:17.3956084Z 
quality	Run the release contract	2026-10-06T19:55:17.3959551Z ##[endgroup]
quality	Run the release contract	2026-10-06T19:55:17.3960070Z 
quality	Run the release contract	2026-10-06T19:55:17.3960578Z ##[group]tests/truthful-pause-labels.test.ts:
quality	Run the release contract	2026-10-06T19:55:17.6706357Z (pass) deliberate user wait is never labeled supervised recovery [2.03ms]
quality	Run the release contract	2026-10-06T19:55:17.6731203Z (pass) deliberate wait transitions stay truthful with absent, due, or overdue timers [1.25ms]
quality	Run the release contract	2026-10-06T19:55:17.6732698Z (pass) internal retry pauses keep the supervised recovery labels [0.64ms]
quality	Run the release contract	2026-10-06T19:55:17.6734006Z (pass) queued healthz implementation never claims a monitor or next check [0.54ms]
quality	Run the release contract	2026-10-06T19:55:17.6735188Z (pass) age alone never earns the monitoring label on a queued goal [0.17ms]
quality	Run the release contract	2026-10-06T19:55:17.6735780Z 
quality	Run the release contract	2026-10-06T19:55:17.6740463Z ##[endgroup]
quality	Run the release contract	2026-10-06T19:55:17.6740701Z 
quality	Run the release contract	2026-10-06T19:55:17.6741211Z ##[group]tests/compaction-target-settings.test.ts:
quality	Run the release contract	2026-10-06T19:55:17.9787720Z (pass) /glla token-target editor persists shorthand, cancellation, validation, and reset [35.53ms]
quality	Run the release contract	2026-10-06T19:55:17.9815376Z (pass) global-only target, defaults, provenance and menu describe the effective policy [2.81ms]
quality	Run the release contract	2026-10-06T19:55:18.1036294Z (pass) configured target reaches the actual trigger, idle guard, and hysteresis [121.90ms]
quality	Run the release contract	2026-10-06T19:55:18.2272653Z (pass) hand-edited invalid targets safely fall back at runtime [123.66ms]
quality	Run the release contract	2026-10-06T19:55:18.2436078Z (pass) headless /glla exposes the chosen token target and source [16.41ms]
quality	Run the release contract	2026-10-06T19:55:18.2437029Z 
quality	Run the release contract	2026-10-06T19:55:18.2437904Z ##[endgroup]
quality	Run the release contract	2026-10-06T19:55:18.2440608Z 
quality	Run the release contract	2026-10-06T19:55:18.2441220Z ##[group]tests/completion-summary-quality.test.ts:
quality	Run the release contract	2026-10-06T19:55:18.5705646Z (pass) completion summary quality: validator requires six labels [19.40ms]
quality	Run the release contract	2026-10-06T19:55:18.5901430Z (pass) completion summary quality: generic prose and missing labels ledger and NOTE [19.45ms]
quality	Run the release contract	2026-10-06T19:55:18.5991641Z (pass) completion summary quality: valid six-label recap passes without missing-label ledger [9.22ms]
quality	Run the release contract	2026-10-06T19:55:18.5998321Z (pass) v0.36.0: every terminal outcome gets a six-label recorded-facts fallback [0.65ms]
quality	Run the release contract	2026-10-06T19:55:18.6000100Z (pass) v0.36.0: validation annotations cannot satisfy recap-label validation [0.26ms]
quality	Run the release contract	2026-10-06T19:55:18.6002741Z (pass) v0.36.0: valid recap is preserved while generic prose is replaced [0.26ms]
quality	Run the release contract	2026-10-06T19:55:18.6008556Z (pass) gate and projectors share last-occurrence segmentation on stolen labels [0.31ms]
quality	Run the release contract	2026-10-06T19:55:18.6010365Z (pass) v0.36.0: compact recap projection keeps the five human labels and bounds each value [0.34ms]
quality	Run the release contract	2026-10-06T19:55:18.6017054Z (pass) v0.36.0: terminal notification projection resolves generic claims from durable facts [0.37ms]
quality	Run the release contract	2026-10-06T19:55:18.6018967Z (pass) v0.36.0: fallback never invents changed files or test results [0.20ms]
quality	Run the release contract	2026-10-06T19:55:18.6149194Z (pass) v0.36.0: archive boundary replaces a validator annotation with recorded facts [13.26ms]
quality	Run the release contract	2026-10-06T19:55:18.6246134Z (pass) v0.36.0: archiveCurrentGoal writes a recap for complete and abort-derived terminal paths [9.61ms]
quality	Run the release contract	2026-10-06T19:55:18.6247047Z (pass) completion summary audit doc exists and inventories archives [0.17ms]
quality	Run the release contract	2026-10-06T19:55:18.6251515Z (pass) v0.38.104: the recorded-facts archive summary never emits a lone surrogate [0.41ms]
quality	Run the release contract	2026-10-06T19:55:18.6252359Z 
quality	Run the release contract	2026-10-06T19:55:18.6252955Z ##[endgroup]
quality	Run the release contract	2026-10-06T19:55:18.6254867Z 
quality	Run the release contract	2026-10-06T19:55:18.6255375Z ##[group]tests/auditor-fallback-unification.test.ts:
quality	Run the release contract	2026-10-06T19:55:18.9253749Z (pass) auditor ordered fallback refs retain order and use the main normalizer [28.20ms]
quality	Run the release contract	2026-10-06T19:55:18.9276713Z (pass) auditor keeps all ten fallback slots after a pinned primary [2.44ms]
quality	Run the release contract	2026-10-06T19:55:18.9288501Z (pass) auditor forbidden refs are skipped silently and recorded [1.26ms]
quality	Run the release contract	2026-10-06T19:55:18.9300187Z (pass) a forbidden auditor primary is skipped before the configured fallback and remains silent [1.11ms]
quality	Run the release contract	2026-10-06T19:55:18.9317622Z (pass) auditor retries the same ref, then walks the next untried ref with bounded shared backoff [1.74ms]
quality	Run the release contract	2026-10-06T19:55:18.9323103Z (pass) auditor forbidden and duplicate refs are skipped before retry ordering [0.56ms]
quality	Run the release contract	2026-10-06T19:55:18.9324916Z (pass) an all-forbidden auditor chain does not launch a forbidden worker [0.22ms]
quality	Run the release contract	2026-10-06T19:55:18.9327871Z (pass) non-recoverable auditor failures stop without retrying or advancing [0.25ms]
quality	Run the release contract	2026-10-06T19:55:18.9332088Z (pass) auditor wall timeouts and watchdog stalls walk the fallback chain [0.42ms]
quality	Run the release contract	2026-10-06T19:55:18.9336076Z (pass) a restarted retry cursor spends the second call once, then advances [0.39ms]
quality	Run the release contract	2026-10-06T19:55:18.9340527Z (pass) a crash after launching the retry consumes that retry and advances without a third call [0.40ms]
quality	Run the release contract	2026-10-06T19:55:18.9342169Z (pass) infrastructure errors cannot survive as semantic auditor verdicts [0.20ms]
quality	Run the release contract	2026-10-06T19:55:18.9345891Z (pass) partial semantic flags cannot bypass fallback recovery [0.33ms]
quality	Run the release contract	2026-10-06T19:55:18.9350821Z (pass) same-provider rungs collapse after a provider-class failure [0.47ms]
quality	Run the release contract	2026-10-06T19:55:18.9356174Z (pass) cross-provider rungs still walk the full chain [0.51ms]
quality	Run the release contract	2026-10-06T19:55:18.9358917Z (pass) account-throttle wording collapses same-provider rungs [0.32ms]
quality	Run the release contract	2026-10-06T19:55:18.9364524Z (pass) ambiguous worker death still walks the chain [0.42ms]
quality	Run the release contract	2026-10-06T19:55:18.9368105Z (pass) cursor persistence failure fails closed before a retry or fallback [0.43ms]
quality	Run the release contract	2026-10-06T19:55:18.9372959Z (pass) auditor and drafter source paths name the shared policy primitives [0.48ms]
quality	Run the release contract	2026-10-06T19:55:19.0281551Z (pass) A8: a host abort interrupts the ladder delay instead of stranding the claim in it [88.23ms]
quality	Run the release contract	2026-10-06T19:55:19.0624435Z (pass) A7: a cursor-callback refusal while live stays a persistence failure [34.95ms]
quality	Run the release contract	2026-10-06T19:55:19.0657641Z (pass) A7: a cursor-callback refusal after a generation handoff stops quietly on the in-hand result [0.28ms]
quality	Run the release contract	2026-10-06T19:55:19.0684900Z 
quality	Run the release contract	2026-10-06T19:55:19.0713182Z ##[endgroup]
quality	Run the release contract	2026-10-06T19:55:19.0740196Z 
quality	Run the release contract	2026-10-06T19:55:19.0771172Z ##[group]tests/goal.schema.test.ts:
quality	Run the release contract	2026-10-06T19:55:19.4123300Z unknown format "date-time" ignored in schema at path "#/properties/deferred/properties/at"
quality	Run the release contract	2026-10-06T19:55:19.4126330Z unknown format "date-time" ignored in schema at path "#/properties/deferred/properties/at"
quality	Run the release contract	2026-10-06T19:55:19.4153365Z unknown format "date-time" ignored in schema at path "#/definitions/auditVerdict/properties/at"
quality	Run the release contract	2026-10-06T19:55:19.4155814Z unknown format "date-time" ignored in schema at path "#/definitions/auditVerdict/properties/at"
quality	Run the release contract	2026-10-06T19:55:19.4187687Z unknown format "date-time" ignored in schema at path "#/definitions/subagentQuotaEvidence/properties/resetAt"
quality	Run the release contract	2026-10-06T19:55:19.4189237Z unknown format "date-time" ignored in schema at path "#/definitions/subagentQuotaEvidence/properties/resetAt"
quality	Run the release contract	2026-10-06T19:55:19.4191401Z unknown format "date-time" ignored in schema at path "#/definitions/subagentQuotaEvidence/properties/at"
quality	Run the release contract	2026-10-06T19:55:19.4193430Z unknown format "date-time" ignored in schema at path "#/definitions/subagentQuotaEvidence/properties/at"
quality	Run the release contract	2026-10-06T19:55:19.4195973Z unknown format "date-time" ignored in schema at path "#/definitions/pendingCompletion/properties/at"
quality	Run the release contract	2026-10-06T19:55:19.4197746Z unknown format "date-time" ignored in schema at path "#/definitions/pendingCompletion/properties/at"
quality	Run the release contract	2026-10-06T19:55:19.4199565Z unknown format "date-time" ignored in schema at path "#/definitions/pendingCompletion/properties/lastActivityAt"
quality	Run the release contract	2026-10-06T19:55:19.4201811Z unknown format "date-time" ignored in schema at path "#/definitions/pendingCompletion/properties/lastActivityAt"
quality	Run the release contract	2026-10-06T19:55:19.4203622Z unknown format "date-time" ignored in schema at path "#/definitions/pendingCompletion/properties/verdictAt"
quality	Run the release contract	2026-10-06T19:55:19.4205384Z unknown format "date-time" ignored in schema at path "#/definitions/pendingCompletion/properties/verdictAt"
quality	Run the release contract	2026-10-06T19:55:19.4207169Z unknown format "date-time" ignored in schema at path "#/definitions/pendingCompletion/properties/startedAt"
quality	Run the release contract	2026-10-06T19:55:19.4208957Z unknown format "date-time" ignored in schema at path "#/definitions/pendingCompletion/properties/startedAt"
quality	Run the release contract	2026-10-06T19:55:19.4211051Z unknown format "date-time" ignored in schema at path "#/definitions/pendingCompletion/properties/recoveryAt"
quality	Run the release contract	2026-10-06T19:55:19.4212915Z unknown format "date-time" ignored in schema at path "#/definitions/pendingCompletion/properties/recoveryAt"
quality	Run the release contract	2026-10-06T19:55:19.4214209Z unknown format "date-time" ignored in schema at path "#/definitions/pendingCompletion/properties/recoveryRetryAt"
quality	Run the release contract	2026-10-06T19:55:19.4215260Z unknown format "date-time" ignored in schema at path "#/definitions/pendingCompletion/properties/recoveryRetryAt"
quality	Run the release contract	2026-10-06T19:55:19.4216322Z unknown format "date-time" ignored in schema at path "#/definitions/pendingCompletion/properties/automaticRecoveryAt"
quality	Run the release contract	2026-10-06T19:55:19.4217383Z unknown format "date-time" ignored in schema at path "#/definitions/pendingCompletion/properties/automaticRecoveryAt"
quality	Run the release contract	2026-10-06T19:55:19.4218487Z unknown format "date-time" ignored in schema at path "#/definitions/pendingCompletion/properties/automaticRecoveryFirstAt"
quality	Run the release contract	2026-10-06T19:55:19.4219583Z unknown format "date-time" ignored in schema at path "#/definitions/pendingCompletion/properties/automaticRecoveryFirstAt"
quality	Run the release contract	2026-10-06T19:55:19.4221086Z unknown format "date-time" ignored in schema at path "#/definitions/pendingCompletion/properties/automaticRecoveryUntil"
quality	Run the release contract	2026-10-06T19:55:19.4222451Z unknown format "date-time" ignored in schema at path "#/definitions/pendingCompletion/properties/automaticRecoveryUntil"
quality	Run the release contract	2026-10-06T19:55:19.4224220Z unknown format "date-time" ignored in schema at path "#/definitions/pendingCompletion/properties/retryFirstAt"
quality	Run the release contract	2026-10-06T19:55:19.4225551Z unknown format "date-time" ignored in schema at path "#/definitions/pendingCompletion/properties/retryFirstAt"
quality	Run the release contract	2026-10-06T19:55:19.4227244Z unknown format "date-time" ignored in schema at path "#/definitions/pendingCompletion/properties/retryUntil"
quality	Run the release contract	2026-10-06T19:55:19.4228341Z unknown format "date-time" ignored in schema at path "#/definitions/pendingCompletion/properties/retryUntil"
quality	Run the release contract	2026-10-06T19:55:19.4229375Z unknown format "date-time" ignored in schema at path "#/definitions/pendingCompletion/properties/quotaFirstAt"
quality	Run the release contract	2026-10-06T19:55:19.4231009Z unknown format "date-time" ignored in schema at path "#/definitions/pendingCompletion/properties/quotaFirstAt"
quality	Run the release contract	2026-10-06T19:55:19.4232050Z unknown format "date-time" ignored in schema at path "#/definitions/pendingCompletion/properties/quotaAutoRetryUntil"
quality	Run the release contract	2026-10-06T19:55:19.4233005Z unknown format "date-time" ignored in schema at path "#/definitions/pendingCompletion/properties/quotaAutoRetryUntil"
quality	Run the release contract	2026-10-06T19:55:19.4235045Z unknown format "date-time" ignored in schema at path "#/definitions/pendingCompletion/properties/resetAt"
quality	Run the release contract	2026-10-06T19:55:19.4236562Z unknown format "date-time" ignored in schema at path "#/definitions/pendingCompletion/properties/resetAt"
quality	Run the release contract	2026-10-06T19:55:19.4239401Z unknown format "date-time" ignored in schema at path "#/definitions/pendingCompletion/properties/auditorRetryAttemptStartedAt"
quality	Run the release contract	2026-10-06T19:55:19.4241632Z unknown format "date-time" ignored in schema at path "#/definitions/pendingCompletion/properties/auditorRetryAttemptStartedAt"
quality	Run the release contract	2026-10-06T19:55:19.4250637Z unknown format "date-time" ignored in schema at path "#/definitions/pendingCompletion/properties/auditorFailureAt"
quality	Run the release contract	2026-10-06T19:55:19.4252448Z unknown format "date-time" ignored in schema at path "#/definitions/pendingCompletion/properties/auditorFailureAt"
quality	Run the release contract	2026-10-06T19:55:19.4273211Z unknown format "date-time" ignored in schema at path "#/definitions/objectiveRepair/properties/at"
quality	Run the release contract	2026-10-06T19:55:19.4274054Z unknown format "date-time" ignored in schema at path "#/definitions/objectiveRepair/properties/at"
quality	Run the release contract	2026-10-06T19:55:19.4291580Z unknown format "date-time" ignored in schema at path "#/definitions/objectiveRepairTarget/properties/replanPromptedAt"
quality	Run the release contract	2026-10-06T19:55:19.4293672Z unknown format "date-time" ignored in schema at path "#/definitions/objectiveRepairTarget/properties/replanPromptedAt"
quality	Run the release contract	2026-10-06T19:55:19.4306548Z unknown format "date-time" ignored in schema at path "#/properties/createdAt"
quality	Run the release contract	2026-10-06T19:55:19.4307841Z unknown format "date-time" ignored in schema at path "#/properties/createdAt"
quality	Run the release contract	2026-10-06T19:55:19.4308705Z unknown format "date-time" ignored in schema at path "#/properties/updatedAt"
quality	Run the release contract	2026-10-06T19:55:19.4309341Z unknown format "date-time" ignored in schema at path "#/properties/updatedAt"
quality	Run the release contract	2026-10-06T19:55:19.4729208Z (pass) schema accepts active goal and queued-list goal fixtures [23.85ms]
quality	Run the release contract	2026-10-06T19:55:19.4731384Z (pass) schema rejects invalid status and missing required usage [0.40ms]
quality	Run the release contract	2026-10-06T19:55:19.4734657Z (pass) schema validates nested task and audit-verdict required fields [0.30ms]
quality	Run the release contract	2026-10-06T19:55:19.4735120Z 
quality	Run the release contract	2026-10-06T19:55:19.4735501Z ##[endgroup]
quality	Run the release contract	2026-10-06T19:55:19.4739321Z 
quality	Run the release contract	2026-10-06T19:55:19.4739762Z ##[group]tests/host-session-lost.test.ts:
quality	Run the release contract	2026-10-06T19:55:19.7391083Z (pass) classifySessionHandleInvalidation: each mechanism maps to its reason [0.36ms]
quality	Run the release contract	2026-10-06T19:55:19.9545231Z (pass) host loss without any lifecycle shutdown classifies silent_handle_death [217.23ms]
quality	Run the release contract	2026-10-06T19:55:20.3039616Z (pass) fresh session_start consumes the stale arm and re-arms the goal continuation [349.46ms]
quality	Run the release contract	2026-10-06T19:55:20.4867666Z (pass) completed idle state does not probe a disposed session handle [181.69ms]
quality	Run the release contract	2026-10-06T19:55:20.6793183Z (pass) paused idle state does not probe a disposed session handle [193.66ms]
quality	Run the release contract	2026-10-06T19:55:20.8549241Z (pass) held loop does not probe a disposed session handle [175.51ms]
quality	Run the release contract	2026-10-06T19:55:21.0346764Z (pass) ended subagent probes do not keep idle state probing a disposed handle [179.79ms]
quality	Run the release contract	2026-10-06T19:55:21.2169261Z (pass) stale-recovery debt still probes for same-process self-heal [182.19ms]
quality	Run the release contract	2026-10-06T19:55:21.4010748Z (pass) parked completion-audit recovery debt does not become an unprobed idle plane [183.72ms]
quality	Run the release contract	2026-10-06T19:55:21.5808018Z (pass) a normal fresh session does not fabricate stale continuation debt [179.62ms]
quality	Run the release contract	2026-10-06T19:55:21.7741797Z (pass) an explicit reload boundary is durable and does not masquerade as host loss [193.25ms]
quality	Run the release contract	2026-10-06T19:55:21.9357111Z (pass) a replacement window absorbs a handle swap before invalidation [162.08ms]
quality	Run the release contract	2026-10-06T19:55:22.1261021Z (pass) a lifecycle shutdown suppresses the terminal entirely — no loss event [190.40ms]
quality	Run the release contract	2026-10-06T19:55:22.1321572Z (pass) source pin: the emission classifies the reason instead of hardcoding unknown [6.13ms]
quality	Run the release contract	2026-10-06T19:55:22.1354367Z (pass) source pin: the classifier and its enum are exported [3.25ms]
quality	Run the release contract	2026-10-06T19:55:22.3166043Z (pass) note.md screenshot repro — live update_task_status self-heals a stale park and clears host session lost banner [180.93ms]
quality	Run the release contract	2026-10-06T19:55:22.6726415Z (pass) live session_compact event self-heals a stale park in place [356.16ms]
quality	Run the release contract	2026-10-06T19:55:22.6730365Z 
quality	Run the release contract	2026-10-06T19:55:22.6731334Z ##[endgroup]
quality	Run the release contract	2026-10-06T19:55:22.6734346Z 
quality	Run the release contract	2026-10-06T19:55:22.6735025Z ##[group]tests/auditor-picker-parity.test.ts:
quality	Run the release contract	2026-10-06T19:55:22.9823637Z (pass) v0.35.24: the auditor picker persists its selection where resolveAuditorModel reads it [32.54ms]
quality	Run the release contract	2026-10-06T19:55:22.9832148Z (pass) v0.35.24: a typed forbidden ref is REFUSED by the auditor picker, never persisted [0.93ms]
quality	Run the release contract	2026-10-06T19:55:22.9837922Z (pass) v0.36.0: the ordered auditor fallback picker applies the same filtering [0.63ms]
quality	Run the release contract	2026-10-06T19:55:22.9857479Z (pass) v0.36.0: the ordered auditor fallback picker keeps the first ten refs in typed order [1.94ms]
quality	Run the release contract	2026-10-06T19:55:22.9861164Z (pass) v0.35.24: buildModelPickItems excludes forbidden refs for the auditor slot (list-level filter) [0.34ms]
quality	Run the release contract	2026-10-06T19:55:22.9861927Z 
quality	Run the release contract	2026-10-06T19:55:22.9862267Z ##[endgroup]
quality	Run the release contract	2026-10-06T19:55:22.9864939Z 
quality	Run the release contract	2026-10-06T19:55:22.9865509Z ##[group]tests/compaction-input.test.ts:
quality	Run the release contract	2026-10-06T19:55:23.2499371Z (pass) bounds successful assistant, tool-call, and tool-result content while preserving pairing [3.31ms]
quality	Run the release contract	2026-10-06T19:55:23.2776141Z (pass) retains the newest goal payload and marks older payloads without changing message order [27.79ms]
quality	Run the release contract	2026-10-06T19:55:23.2777513Z (pass) replaces image blocks while retaining the surrounding message structure [0.30ms]
quality	Run the release contract	2026-10-06T19:55:23.2782405Z (pass) keeps the total bounded for a tiny caller budget with a previous summary [0.49ms]
quality	Run the release contract	2026-10-06T19:55:23.2784287Z (pass) bounds a previous compaction summary without changing the preparation contract [0.20ms]
quality	Run the release contract	2026-10-06T19:55:23.2787944Z (pass) leaves preparation metadata and fileOps untouched [0.35ms]
quality	Run the release contract	2026-10-06T19:55:23.2819061Z (pass) applies one coordinated budget to summarize and turn-prefix arrays [1.15ms]
quality	Run the release contract	2026-10-06T19:55:23.2820929Z (pass) returns no compaction result and tolerates a missing preparation [0.10ms]
quality	Run the release contract	2026-10-06T19:55:23.2822416Z (pass) preserves both preparation-array identities when projection is a no-op [0.28ms]
quality	Run the release contract	2026-10-06T19:55:23.2824001Z (pass) preserves the untouched half when only one preparation array needs projection [0.21ms]
quality	Run the release contract	2026-10-06T19:55:23.2825520Z (pass) bounds every supported preparation shape and preserves pairing/order [1.47ms]
quality	Run the release contract	2026-10-06T19:55:23.2830718Z (pass) second projection is idempotent [0.28ms]
quality	Run the release contract	2026-10-06T19:55:23.2832084Z (pass) contains malformed preparation records without changing their positions [0.29ms]
quality	Run the release contract	2026-10-06T19:55:23.2833662Z (pass) keeps malformed interleaved tool results paired with their calls [0.20ms]
quality	Run the release contract	2026-10-06T19:55:24.9028137Z (pass) enforces a hard bound for arbitrarily many tiny messages [1619.66ms]
quality	Run the release contract	2026-10-06T19:55:24.9615961Z (pass) keeps complete tool groups when high message counts force omission [58.35ms]
quality	Run the release contract	2026-10-06T19:55:24.9617970Z 
quality	Run the release contract	2026-10-06T19:55:24.9618717Z ##[endgroup]
quality	Run the release contract	2026-10-06T19:55:24.9618970Z 
quality	Run the release contract	2026-10-06T19:55:24.9619461Z ##[group]tests/respec-builder-context.test.ts:
quality	Run the release contract	2026-10-06T19:55:25.2713714Z (pass) actual project dispatch bounds repeated reports while retaining complete adopted criteria [47.59ms]
quality	Run the release contract	2026-10-06T19:55:25.2732411Z (pass) oversized contracts require durable reads and always serialize within the hard limit [2.00ms]
quality	Run the release contract	2026-10-06T19:55:25.2733108Z 
quality	Run the release contract	2026-10-06T19:55:25.2733582Z ##[endgroup]
quality	Run the release contract	2026-10-06T19:55:25.2737047Z 
quality	Run the release contract	2026-10-06T19:55:25.2737730Z ##[group]tests/pending-claim-lifecycle.test.ts:
quality	Run the release contract	2026-10-06T19:55:25.9023249Z (pass) /goal verify on a healthy pending audit reports the awaiting state without touching the claim [373.19ms]
quality	Run the release contract	2026-10-06T19:55:26.3000782Z (pass) /goal verify on an approved-but-unarchived claim settles it instead of re-auditing [397.80ms]
quality	Run the release contract	2026-10-06T19:55:26.5968006Z (pass) a durable pending audit survives cold reload parked with its identity and no submission [296.71ms]
quality	Run the release contract	2026-10-06T19:55:26.9711394Z (pass) /goal verify on a recovery-pending claim resumes it instead of overwriting the cursor [372.87ms]
quality	Run the release contract	2026-10-06T19:55:27.3475303Z (pass) A2: a retry rotates the attempt but keeps priorAttemptId lineage and reaps the old job dir [377.81ms]
quality	Run the release contract	2026-10-06T19:55:27.3519291Z 
quality	Run the release contract	2026-10-06T19:55:27.3520444Z ##[endgroup]
quality	Run the release contract	2026-10-06T19:55:27.3520913Z 
quality	Run the release contract	2026-10-06T19:55:27.3521587Z ##[group]tests/mechanical-inconclusive.test.ts:
quality	Run the release contract	2026-10-06T19:55:27.6771875Z (pass) loadScaledTimeoutMs: 1× at or under cpu count [0.44ms]
quality	Run the release contract	2026-10-06T19:55:27.6774756Z (pass) loadScaledTimeoutMs: linear past cpu count, capped at 2× [0.07ms]
quality	Run the release contract	2026-10-06T19:55:27.6776827Z (pass) loadScaledTimeoutMs: unusable inputs degrade to base, never unbounded [0.10ms]
quality	Run the release contract	2026-10-06T19:55:27.6778716Z (pass) scaledMechanicalTimeoutMs: live-load wrapper stays within [base, 2×base] [0.30ms]
quality	Run the release contract	2026-10-06T19:55:27.6780423Z (pass) containmentReason: maps flags in timeout-first order [0.14ms]
quality	Run the release contract	2026-10-06T19:55:27.6781839Z (pass) mechanicalPreAuditVerdict: fail keeps the historical fast-fail shape [0.21ms]
quality	Run the release contract	2026-10-06T19:55:27.6783517Z (pass) mechanicalPreAuditVerdict: inconclusive becomes infra error, never disapproval [0.13ms]
quality	Run the release contract	2026-10-06T19:55:27.7342777Z (pass) mechanical run: green command passes [59.72ms]
quality	Run the release contract	2026-10-06T19:55:27.8343854Z (pass) mechanical run: red command fails (not inconclusive) [99.76ms]
quality	Run the release contract	2026-10-06T19:55:27.8573391Z (pass) mechanical run: unsafe syntax fails (not inconclusive) [24.25ms]
quality	Run the release contract	2026-10-06T19:55:27.9662219Z (pass) mechanical run: killed gate is inconclusive with reason [108.80ms]
quality	Run the release contract	2026-10-06T19:55:27.9905911Z (pass) mechanical run: empty command list passes [24.47ms]
quality	Run the release contract	2026-10-06T19:55:27.9906443Z 
quality	Run the release contract	2026-10-06T19:55:27.9906919Z ##[endgroup]
quality	Run the release contract	2026-10-06T19:55:27.9910010Z 
quality	Run the release contract	2026-10-06T19:55:27.9912358Z ##[group]tests/disk-first-queue.test.ts:
quality	Run the release contract	2026-10-06T19:55:28.2676474Z (pass) writeQueueItemFile: atomic, lands in .pi-glla/goals/<id>.queue.json [1.06ms]
quality	Run the release contract	2026-10-06T19:55:28.2680341Z (pass) writeQueueItemFile: idempotent on retry (no overwrite) [0.49ms]
quality	Run the release contract	2026-10-06T19:55:28.2681574Z (pass) writeQueueItemFile: refuses to follow symlinks (symlink-safety) [0.40ms]
quality	Run the release contract	2026-10-06T19:55:28.2682634Z (pass) writeQueueItemFile: survives an existing temp residual [0.54ms]
quality	Run the release contract	2026-10-06T19:55:28.2683760Z (pass) deleteQueueItemFile: returns true when present, false when missing [0.66ms]
quality	Run the release contract	2026-10-06T19:55:28.2981531Z (pass) clearQueueItemFiles: removes orphaned sidecars and is idempotent [30.05ms]
quality	Run the release contract	2026-10-06T19:55:28.2988927Z (pass) readQueueFromDisk: returns queue items, in id order, skipping garbage [0.95ms]
quality	Run the release contract	2026-10-06T19:55:28.2996600Z (pass) readQueueFromDisk: excludeIds removes ids that are active or archived [0.77ms]
quality	Run the release contract	2026-10-06T19:55:28.2998274Z (pass) readQueueFromDisk: missing goals/ dir returns [] (not throw) [0.17ms]
quality	Run the release contract	2026-10-06T19:55:28.3006373Z (pass) round-trip: write then read returns identical items [0.74ms]
quality	Run the release contract	2026-10-06T19:55:28.3007284Z (pass) queueItemPath: stable relative shape [0.12ms]
quality	Run the release contract	2026-10-06T19:55:28.3011374Z (pass) v0.34.61: addSingleItem is disk-first (sidecar before state mutation) [0.42ms]
quality	Run the release contract	2026-10-06T19:55:28.3013919Z (pass) v0.34.61: list-draft path is disk-first (sidecar before state mutation) [0.26ms]
quality	Run the release contract	2026-10-06T19:55:28.3020094Z (pass) v0.35.0: remove/clear/cancel/glla_wipe clear queue sidecars [0.60ms]
quality	Run the release contract	2026-10-06T19:55:28.3025618Z (pass) v0.34.61: crash-simulation — sidecar survives state death and reload finds it [0.50ms]
quality	Run the release contract	2026-10-06T19:55:28.3033283Z (pass) v0.35.4: queue metadata round-trips and recovery uses durable order [0.79ms]
quality	Run the release contract	2026-10-06T19:55:28.3036694Z (pass) v0.35.4: failed sidecar writes are reported without leaving temp files [0.34ms]
quality	Run the release contract	2026-10-06T19:55:28.3041660Z (pass) v0.35.4: queue recovery and carryover clear use durable sidecars [0.49ms]
quality	Run the release contract	2026-10-06T19:55:28.3042246Z 
quality	Run the release contract	2026-10-06T19:55:28.3042592Z ##[endgroup]
quality	Run the release contract	2026-10-06T19:55:28.3045755Z 
quality	Run the release contract	2026-10-06T19:55:28.3046373Z ##[group]tests/auditor-challenge-record.test.ts:
quality	Run the release contract	2026-10-06T19:55:29.3311602Z (pass) challenge-record: a confirmed approval records challenge=confirmed on the verdict [765.17ms]
quality	Run the release contract	2026-10-06T19:55:30.0266644Z (pass) challenge-record: a single-round disapproval records challenge=not-applicable [695.44ms]
quality	Run the release contract	2026-10-06T19:55:30.0267671Z 
quality	Run the release contract	2026-10-06T19:55:30.0268308Z ##[endgroup]
quality	Run the release contract	2026-10-06T19:55:30.0270828Z 
quality	Run the release contract	2026-10-06T19:55:30.0271565Z ##[group]tests/subagent-hang-detection.test.ts:
quality	Run the release contract	2026-10-06T19:55:30.2942972Z (pass) v0.35.65: snapshots use live manager counters and expose honest phase/elapsed data [0.76ms]
quality	Run the release contract	2026-10-06T19:55:30.3249312Z (pass) v0.35.65: queued manager records stay queued and do not masquerade as active work [30.79ms]
quality	Run the release contract	2026-10-06T19:55:30.8408933Z (pass) current pi-subagents async lifecycle and status.json drive live counters [516.07ms]
quality	Run the release contract	2026-10-06T19:55:31.3586606Z (pass) current v1 stop RPC is selected after the status artifact proves top-level ownership [517.67ms]
quality	Run the release contract	2026-10-06T19:55:31.3588331Z (pass) classify: a running subagent with no new progress for 5m is hung [0.30ms]
quality	Run the release contract	2026-10-06T19:55:31.3590210Z (pass) classify: sub-5m silence is not hung (5m floor, shorter than the auditor's 10m) [0.14ms]
quality	Run the release contract	2026-10-06T19:55:31.3592060Z (pass) classify: a NEW tool use refreshes the streak (working, not wedged) [0.25ms]
quality	Run the release contract	2026-10-06T19:55:31.3593911Z (pass) classify: NEW output tokens refresh the streak (long think, still alive) [0.16ms]
quality	Run the release contract	2026-10-06T19:55:31.3595260Z (pass) classify: ended / non-running records are not hung (watch stops) [0.14ms]
quality	Run the release contract	2026-10-06T19:55:31.3597422Z (pass) v0.34.102: a vanished/unreachable record falls back to event-only evidence (field: pully 118m wedge) [0.18ms]
quality	Run the release contract	2026-10-06T19:55:31.8736548Z (pass) hang detection surfaces ui.notify + ledger `subagent_hang_detected` via the heartbeat scan [513.66ms]
quality	Run the release contract	2026-10-06T19:55:32.5652233Z (pass) hang warning is throttled — one alert per 5m streak window, not per tick [691.49ms]
quality	Run the release contract	2026-10-06T19:55:33.2581788Z (pass) long frozen tracked child requests one bounded child-specific abort after the warning window [692.87ms]
quality	Run the release contract	2026-10-06T19:55:33.7900111Z (pass) progress arriving before escalation cancels the action and starts a fresh episode [531.85ms]
quality	Run the release contract	2026-10-06T19:55:34.4796147Z (pass) event-only child reaches an honest unavailable-action record, never a guessed abort [689.62ms]
quality	Run the release contract	2026-10-06T19:55:34.9939582Z (pass) nested child is not eligible for top-level automatic abort [514.30ms]
quality	Run the release contract	2026-10-06T19:55:35.5229061Z (pass) v0.35.65: an old-generation child cannot receive a stop RPC after host rebind [528.97ms]
quality	Run the release contract	2026-10-06T19:55:36.0426026Z (pass) host rebind retires healthy event-only evidence and admits fresh same-generation progress [519.61ms]
quality	Run the release contract	2026-10-06T19:55:36.5708455Z (pass) v0.34.102: event-only hang surfaces `subagent_hang_detected` with evidence=event-only when no manager record exists [528.25ms]
quality	Run the release contract	2026-10-06T19:55:37.2304230Z (pass) completed/failed events end the watch — no hang alert after completion [659.54ms]
quality	Run the release contract	2026-10-06T19:55:37.8646461Z (pass) compacted/steered events refresh the streak (secondary progress evidence) [632.63ms]
quality	Run the release contract	2026-10-06T19:55:38.2147783Z (pass) malformed hang inputs are dropped, not crashy [351.80ms]
quality	Run the release contract	2026-10-06T19:55:38.2196171Z (pass) source pins: constants, watchdog wiring, and ledger key [4.91ms]
quality	Run the release contract	2026-10-06T19:55:39.2632729Z (pass) v0.34.105: hang scan runs during main-model recovery (quota wall blinds the watchdog before the fix) [1043.42ms]
quality	Run the release contract	2026-10-06T19:55:39.2634189Z (pass) v0.34.105 source pin: subagent scan precedes the main-model-recovery early return in heartbeatTick [0.28ms]
quality	Run the release contract	2026-10-06T19:55:39.2636229Z (pass) v0.38.104 releasing the RPC host unsubscribes the readiness listeners it installed [0.32ms]
quality	Run the release contract	2026-10-06T19:55:39.2636711Z 
quality	Run the release contract	2026-10-06T19:55:39.2637075Z ##[endgroup]
quality	Run the release contract	2026-10-06T19:55:39.2640151Z 
quality	Run the release contract	2026-10-06T19:55:39.2640594Z ##[group]tests/structured-summary.test.ts:
quality	Run the release contract	2026-10-06T19:55:39.5501754Z (pass) renderer removes empty evidence parentheses without losing the finding [0.91ms]
quality	Run the release contract	2026-10-06T19:55:39.5520935Z (pass) headline echo uses the Outcome lead paragraph, never flattened headers [2.29ms]
quality	Run the release contract	2026-10-06T19:55:39.5522568Z (pass) detector: two ##/### headers earn the structured path, one does not [0.13ms]
quality	Run the release contract	2026-10-06T19:55:39.5523720Z (pass) extractor preserves newlines and tables, segments other labels [0.25ms]
quality	Run the release contract	2026-10-06T19:55:39.5524648Z (pass) extractor: last line-anchored restatement wins [0.10ms]
quality	Run the release contract	2026-10-06T19:55:39.5803779Z (pass) card: structured Outcome renders a full ### Summary section, headline stays short [29.03ms]
quality	Run the release contract	2026-10-06T19:55:39.5812369Z (pass) card: unstructured summaries keep today's shape — no Summary section [0.88ms]
quality	Run the release contract	2026-10-06T19:55:39.5821207Z (pass) card: one-action Next survives the structured body [0.85ms]
quality	Run the release contract	2026-10-06T19:55:39.5827217Z (pass) card: machine paths stay archive-only inside structured lines [0.76ms]
quality	Run the release contract	2026-10-06T19:55:39.5895991Z (pass) guard: pathological structured values end with an honest pointer [6.84ms]
quality	Run the release contract	2026-10-06T19:55:39.5919228Z (pass) doctrine: horizon lives in Summary, Next names only the immediate move [0.76ms]
quality	Run the release contract	2026-10-06T19:55:39.5920577Z (pass) archive human layer carries the same Summary section [0.81ms]
quality	Run the release contract	2026-10-06T19:55:39.5921099Z 
quality	Run the release contract	2026-10-06T19:55:39.5921589Z ##[endgroup]
quality	Run the release contract	2026-10-06T19:55:39.5921791Z 
quality	Run the release contract	2026-10-06T19:55:39.5922221Z ##[group]tests/list-subtasks.test.ts:
quality	Run the release contract	2026-10-06T19:55:39.8651372Z (pass) v0.35.72: visible hierarchical positions map to flat queue indexes [0.52ms]
quality	Run the release contract	2026-10-06T19:55:39.8652881Z (pass) v0.34.81: SUBTASK_MARKER is line-start + case-insensitive [0.26ms]
quality	Run the release contract	2026-10-06T19:55:39.8654402Z (pass) v0.34.81: extractSubtaskParent — no marker → undefined parent [0.10ms]
quality	Run the release contract	2026-10-06T19:55:39.8655751Z (pass) v0.34.81: extractSubtaskParent — em-dash splits parent/child [0.35ms]
quality	Run the release contract	2026-10-06T19:55:39.8657216Z (pass) v0.34.81: extractSubtaskParent — en-dash and hyphen-separator both work [0.16ms]
quality	Run the release contract	2026-10-06T19:55:39.8658706Z (pass) v0.34.81: extractSubtaskParent — hyphen WITHOUT spaces does NOT split [0.09ms]
quality	Run the release contract	2026-10-06T19:55:39.8660460Z (pass) v0.34.81: extractSubtaskParent — no separator captures parent only, empty child [0.08ms]
quality	Run the release contract	2026-10-06T19:55:39.8662118Z (pass) v0.34.81: extractSubtaskParent — multi-line child objective survives marker strip [0.10ms]
quality	Run the release contract	2026-10-06T19:55:39.8665179Z (pass) v0.34.81: parseListItemDeclaration — child objective keeps its own Parallel + Done when [0.32ms]
quality	Run the release contract	2026-10-06T19:55:39.8666475Z (pass) v0.34.81: parseListItemDeclaration — no marker means parentObjective is undefined [0.16ms]
quality	Run the release contract	2026-10-06T19:55:39.8681392Z (pass) v0.34.81: parentId round-trips through writeQueueItemFile → readQueueFromDisk [1.66ms]
quality	Run the release contract	2026-10-06T19:55:39.8690335Z (pass) v0.34.81: readQueueFromDisk ignores malformed parentId (non-string) [0.66ms]
quality	Run the release contract	2026-10-06T19:55:39.8985254Z (pass) v0.34.81: wiring — parse in core, resolve/refuse/cascade in goal.ts [29.49ms]
quality	Run the release contract	2026-10-06T19:55:40.1033700Z (pass) v0.34.81 (behavioral): list_add with a subtask binds parentId to the matching queue item [204.32ms]
quality	Run the release contract	2026-10-06T19:55:40.3271919Z [run-tests] progress: 360s elapsed · 0s since last output · 167 KiB of suite output
quality	Run the release contract	2026-10-06T19:55:40.3327618Z (pass) v0.34.81 (behavioral): unresolved parent refuses that child, other items still land [230.00ms]
quality	Run the release contract	2026-10-06T19:55:40.7709227Z (pass) v0.34.81 (behavioral): explicit pick on a group refuses loudly (no silent jump) [437.15ms]
quality	Run the release contract	2026-10-06T19:55:41.0363876Z (pass) v0.34.81 (behavioral): auto-advance skips a head group and lands on its first open child [265.23ms]
quality	Run the release contract	2026-10-06T19:55:41.3223784Z (pass) audit-2026-09-06: auto-advance head-group skip is ledgered, not silent [285.31ms]
quality	Run the release contract	2026-10-06T19:55:41.3775012Z (pass) v0.38.104: list_activate accepts the dotted child label the queue prints [53.09ms]
quality	Run the release contract	2026-10-06T19:55:41.3807387Z (pass) v0.38.104 (schema pin): list_activate's `n` accepts the child-label string form [6.47ms]
quality	Run the release contract	2026-10-06T19:55:41.6167119Z (pass) C4 (behavioral): /list remove on a group cascades to its queued children [236.09ms]
quality	Run the release contract	2026-10-06T19:55:42.1882469Z (pass) C4 (behavioral): /list remove on a group with a live child is refused [569.80ms]
quality	Run the release contract	2026-10-06T19:55:42.1959697Z 
quality	Run the release contract	2026-10-06T19:55:42.1988384Z ##[endgroup]
quality	Run the release contract	2026-10-06T19:55:42.1988680Z 
quality	Run the release contract	2026-10-06T19:55:42.1989254Z ##[group]tests/prompt-pivot-detection.test.ts:
quality	Run the release contract	2026-10-06T19:55:42.5097532Z (pass) continuation prompt has the PIVOT DETECTION section (item 26) [20.89ms]
quality	Run the release contract	2026-10-06T19:55:42.5098810Z (pass) isFullAuditObjective classifies survey pivots (item 28) [0.09ms]
quality	Run the release contract	2026-10-06T19:55:42.5100870Z (pass) orchestrator injects the FULL-AUDIT directive conditionally (item 28) [0.23ms]
quality	Run the release contract	2026-10-06T19:55:42.5104151Z (pass) continuation prompt includes the latest auditor report verbatim [0.49ms]
quality	Run the release contract	2026-10-06T19:55:42.5108365Z (pass) stale-approval directive mirrors the numeric-revision gate, never legacy entries [0.38ms]
quality	Run the release contract	2026-10-06T19:55:42.5109208Z 
quality	Run the release contract	2026-10-06T19:55:42.5109692Z ##[endgroup]
quality	Run the release contract	2026-10-06T19:55:42.5112576Z 
quality	Run the release contract	2026-10-06T19:55:42.5113025Z ##[group]tests/ui-command-view-audit.test.ts:
quality	Run the release contract	2026-10-06T19:55:42.8177605Z (pass) held loop status preserves its meaning and names the actual resume command [34.87ms]
quality	Run the release contract	2026-10-06T19:55:42.8209139Z (pass) compact settling status reports archive debt instead of worker silence [3.26ms]
quality	Run the release contract	2026-10-06T19:55:42.8235112Z (pass) paused goal status includes its saved next action without inventing one [2.43ms]
quality	Run the release contract	2026-10-06T19:55:42.8235813Z 
quality	Run the release contract	2026-10-06T19:55:42.8236603Z ##[endgroup]
quality	Run the release contract	2026-10-06T19:55:42.8240979Z 
quality	Run the release contract	2026-10-06T19:55:42.8241537Z ##[group]tests/stuck-detection-rework.test.ts:
quality	Run the release contract	2026-10-06T19:55:43.0967078Z (pass) trigramSimilarity: identity = 1, disjoint = 0, empties [0.48ms]
quality	Run the release contract	2026-10-06T19:55:43.0974858Z (pass) trigramSimilarity: similar but not identical [0.29ms]
quality	Run the release contract	2026-10-06T19:55:43.0977051Z (pass) isNudgeTurn: tool use resets the brake even on empty text [0.05ms]
quality	Run the release contract	2026-10-06T19:55:43.0978144Z (pass) isNudgeTurn: short no-tool turn is always a nudge [0.09ms]
quality	Run the release contract	2026-10-06T19:55:43.0979546Z (pass) isNudgeTurn: substantive paragraph (≥15 words, novel) is NOT a nudge (the polis incident) [0.45ms]
quality	Run the release contract	2026-10-06T19:55:43.0981193Z (pass) isNudgeTurn: long + repetitive text IS a nudge [0.41ms]
quality	Run the release contract	2026-10-06T19:55:43.0982440Z (pass) isNudgeTurn: long text with no prior (first turn in a streak) is NOT a nudge [0.11ms]
quality	Run the release contract	2026-10-06T19:55:43.0983401Z (pass) isNudgeTurn: tunable thresholds [0.31ms]
quality	Run the release contract	2026-10-06T19:55:43.0984639Z (pass) accountTurnForNudgesRich: three substantive no-tool turns → stays 0 (the fix) [0.89ms]
quality	Run the release contract	2026-10-06T19:55:43.0986018Z (pass) accountTurnForNudgesRich: three short repetitive replies → reaches max [0.07ms]
quality	Run the release contract	2026-10-06T19:55:43.0986856Z (pass) defaults [0.03ms]
quality	Run the release contract	2026-10-06T19:55:43.0987115Z 
quality	Run the release contract	2026-10-06T19:55:43.0987590Z ##[endgroup]
quality	Run the release contract	2026-10-06T19:55:43.0987788Z 
quality	Run the release contract	2026-10-06T19:55:43.0988072Z ##[group]tests/rich-summary-dedup.test.ts:
quality	Run the release contract	2026-10-06T19:55:43.4240672Z (pass) 172705: exact-duplicate details render once per bucket [0.64ms]
quality	Run the release contract	2026-10-06T19:55:43.4245045Z (pass) 2026-10-02: same-label restatement in next/remaining collapses to first [0.53ms]
quality	Run the release contract	2026-10-06T19:55:43.4251197Z (pass) 2026-10-02: problem and action across labels always both render [0.23ms]
quality	Run the release contract	2026-10-06T19:55:43.4252602Z (pass) 2026-10-02: distinct same-label next steps both render [0.15ms]
quality	Run the release contract	2026-10-06T19:55:43.4253554Z (pass) 172705: zero turns omitted, elapsed and audits kept [0.60ms]
quality	Run the release contract	2026-10-06T19:55:43.4254006Z 
quality	Run the release contract	2026-10-06T19:55:43.4254484Z ##[endgroup]
quality	Run the release contract	2026-10-06T19:55:43.4258309Z 
quality	Run the release contract	2026-10-06T19:55:43.4259028Z ##[group]tests/auditor-stall-watchdog.test.ts:
quality	Run the release contract	2026-10-06T19:55:48.8541283Z (pass) stall: worker that never emits a first event is failed fast, not left for the wall [5148.62ms]
quality	Run the release contract	2026-10-06T19:55:55.4322898Z (pass) stall: first-event budget starts after successful spawn, not pre-spawn setup [6578.15ms]
quality	Run the release contract	2026-10-06T19:55:56.6796122Z (pass) stall: worker whose single boot heartbeat goes stale is failed fast, not left for the wall [1247.34ms]
quality	Run the release contract	2026-10-06T19:55:56.9565264Z (pass) progress: a live auditor outlives the legacy wall metadata and settles on its result [276.88ms]
quality	Run the release contract	2026-10-06T19:55:57.8058778Z (pass) stall: a running auditor tool is exempt — the per-tool timeout owns that axis [849.33ms]
quality	Run the release contract	2026-10-06T19:55:57.8970706Z (pass) stall: a silent-past-bound attempt fails fast WITH its cost record (controlled clock) [91.13ms]
quality	Run the release contract	2026-10-06T19:55:57.9890718Z (pass) stall: a worker-reported brake is reclassified with the same evidence [92.03ms]
quality	Run the release contract	2026-10-06T19:55:58.1429039Z (pass) stall: an open in-budget tool is not silence — the no-progress bound spares it [153.79ms]
quality	Run the release contract	2026-10-06T19:56:00.7545911Z (pass) v0.38.99: an over-budget tool is NOT fatal — the worker cancels it, resumes, and its result still lands [2611.57ms]
quality	Run the release contract	2026-10-06T19:56:02.3428218Z (pass) v0.38.99 approval guard: an approving verdict from a verification-incomplete attempt is refused, not applied [1588.27ms]
quality	Run the release contract	2026-10-06T19:56:02.8468363Z (pass) v0.38.99: a genuinely wedged tool still fails fast once the grace expires [504.04ms]
quality	Run the release contract	2026-10-06T19:56:02.8469126Z 
quality	Run the release contract	2026-10-06T19:56:02.8469468Z ##[endgroup]
quality	Run the release contract	2026-10-06T19:56:02.8473309Z 
quality	Run the release contract	2026-10-06T19:56:02.8473825Z ##[group]tests/audit-convergence-breaker.test.ts:
quality	Run the release contract	2026-10-06T19:56:04.4984713Z (pass) audit-convergence-breaker — hard cap > hard cap pauses even under aggressive keep-going [1356.55ms]
quality	Run the release contract	2026-10-06T19:56:05.8760463Z (pass) audit-convergence-breaker — hard cap > below the hard cap, aggressive keep-going is preserved [1377.47ms]
quality	Run the release contract	2026-10-06T19:56:06.4673110Z (pass) audit-convergence-breaker — hard cap > hard cap binds the detached settlement path [591.32ms]
quality	Run the release contract	2026-10-06T19:56:07.6874826Z (pass) audit-convergence-breaker — hard cap > soft-cap pause offers accept-with-followups first [1220.14ms]
quality	Run the release contract	2026-10-06T19:56:08.8186129Z (pass) audit-convergence-breaker — hard cap > severity census lands on the objections ledger event [1130.95ms]
quality	Run the release contract	2026-10-06T19:56:08.8187475Z (pass) audit-convergence-breaker — severity extraction > tags parse per item; missing section yields nothing [0.30ms]
quality	Run the release contract	2026-10-06T19:56:08.8192439Z (pass) audit-convergence-breaker — severity extraction > only leading tags count; buried tags and bare items are untagged [0.16ms]
quality	Run the release contract	2026-10-06T19:56:08.8193802Z (pass) audit-convergence-breaker — severity extraction > auditor brief mandates severity tags [0.33ms]
quality	Run the release contract	2026-10-06T19:56:08.8195532Z (pass) audit-convergence-breaker — settings > hard-cap default is 8 (soft 5 + three grace rounds) [0.06ms]
quality	Run the release contract	2026-10-06T19:56:08.8201971Z (pass) audit-convergence-breaker — settings > normalize keeps valid values, drops garbage [0.54ms]
quality	Run the release contract	2026-10-06T19:56:08.8208369Z (pass) audit-convergence-breaker — settings > v0.38.104: mainModelRetryMinutes and auditFeedbackChars drop junk instead of displaying a dead value [1.15ms]
quality	Run the release contract	2026-10-06T19:56:08.8216243Z (pass) audit-convergence-breaker — settings > v0.38.104: drafter/auditor thinking levels are pruned against the one ladder [0.77ms]
quality	Run the release contract	2026-10-06T19:56:08.8225839Z (pass) audit-convergence-breaker — settings > menu rows exist for both keys [0.96ms]
quality	Run the release contract	2026-10-06T19:56:08.8226790Z 
quality	Run the release contract	2026-10-06T19:56:08.8227571Z ##[endgroup]
quality	Run the release contract	2026-10-06T19:56:08.8231007Z 
quality	Run the release contract	2026-10-06T19:56:08.8231598Z ##[group]tests/false-repair-card.test.ts:
quality	Run the release contract	2026-10-06T19:56:09.1010132Z (pass) parser: the field 'Verify the shipped ...' item keeps its intent in the OBJECTIVE [0.67ms]
quality	Run the release contract	2026-10-06T19:56:09.1018027Z (pass) parser: short-marker forms still parse as contract-only declarations [0.29ms]
quality	Run the release contract	2026-10-06T19:56:09.1027404Z (pass) derivation: the field contract yields its leading imperative sentence; junk yields null [0.36ms]
quality	Run the release contract	2026-10-06T19:56:09.3959608Z (pass) behavioral: a legacy empty-objective item with a clean contract activates with the derived objective [295.99ms]
quality	Run the release contract	2026-10-06T19:56:09.6011876Z (pass) behavioral: a legacy empty-objective item with NO contract still takes the true repair path [204.33ms]
quality	Run the release contract	2026-10-06T19:56:09.8944431Z (pass) behavioral: a fresh batch item written from the field text activates directly — the writer fix end-to-end [287.32ms]
quality	Run the release contract	2026-10-06T19:56:09.8961268Z 
quality	Run the release contract	2026-10-06T19:56:09.8961999Z ##[endgroup]
quality	Run the release contract	2026-10-06T19:56:09.8962210Z 
quality	Run the release contract	2026-10-06T19:56:10.2038357Z ##[group]tests/length-continue.test.ts:
quality	Run the release contract	2026-10-06T19:56:10.2039518Z (pass) tracker: fires up to MAX consecutive, gives up once, resets on a normal turn [21.50ms]
quality	Run the release contract	2026-10-06T19:56:10.2041339Z (pass) continue text carries the root-cause mitigation (split large writes) [0.22ms]
quality	Run the release contract	2026-10-06T19:56:10.2042908Z (pass) v0.34.19: tiny-output length at a nearly full context is context starvation, not a real output cap [0.18ms]
quality	Run the release contract	2026-10-06T19:56:10.2052366Z (pass) v0.38.36: explicit provider context-overflow errors (stopReason=error) are context starvation when context usage >= 90% [0.44ms]
quality	Run the release contract	2026-10-06T19:56:10.2054477Z (pass) agent_end: length path runs BEFORE nudge accounting, telemetry, and goal gating [0.78ms]
quality	Run the release contract	2026-10-06T19:56:10.2064964Z (pass) sendLengthContinue: stale-api terminal guard + admitted-session reset [1.12ms]
quality	Run the release contract	2026-10-06T19:56:10.2068375Z (pass) sendLengthContinue: active goals get completion-aware recovery guidance [0.29ms]
quality	Run the release contract	2026-10-06T19:56:10.2069284Z 
quality	Run the release contract	2026-10-06T19:56:10.2069681Z ##[endgroup]
quality	Run the release contract	2026-10-06T19:56:10.2073539Z 
quality	Run the release contract	2026-10-06T19:56:10.2074245Z ##[group]tests/subagent-polish.test.ts:
quality	Run the release contract	2026-10-06T19:56:10.3248221Z [run-tests] progress: 390s elapsed · 0s since last output · 174 KiB of suite output
quality	Run the release contract	2026-10-06T19:56:10.4703257Z (pass) current pi-subagents roles expose complete model-pin definitions [1.05ms]
quality	Run the release contract	2026-10-06T19:56:10.4722127Z (pass) strategy-driven sync writes only the GLLA-owned Designer role [1.58ms]
quality	Run the release contract	2026-10-06T19:56:10.4725883Z (pass) managed sync rejects path traversal from settings and corrupt sync state [0.74ms]
quality	Run the release contract	2026-10-06T19:56:10.4999265Z (pass) repair detection: externally deleted/altered Designer files are re-written and flagged [27.10ms]
quality	Run the release contract	2026-10-06T19:56:10.5001477Z (pass) effective resolution: per-type pin > inherit-parent > current agent default [0.17ms]
quality	Run the release contract	2026-10-06T19:56:10.5002509Z (pass) subagent provider failure: any failed Agent payload, without classification [0.09ms]
quality	Run the release contract	2026-10-06T19:56:10.5003385Z (pass) v0.38.16: failed current-tool spawns take the provider-failure path too [0.07ms]
quality	Run the release contract	2026-10-06T19:56:10.5005502Z (pass) v0.38.16: model-facing text speaks the current subagent dialect [0.46ms]
quality	Run the release contract	2026-10-06T19:56:10.5005892Z 
quality	Run the release contract	2026-10-06T19:56:10.5006244Z ##[endgroup]
quality	Run the release contract	2026-10-06T19:56:10.5009979Z 
quality	Run the release contract	2026-10-06T19:56:10.5011228Z ##[group]tests/screenshot-completion.test.ts:
quality	Run the release contract	2026-10-06T19:56:10.7735864Z (pass) screenshot-derived GLLA keeps explanations and truthful checks [5.82ms]
quality	Run the release contract	2026-10-06T19:56:10.8043997Z (pass) screenshot-derived Deathrun keeps explanations and truthful checks [30.61ms]
quality	Run the release contract	2026-10-06T19:56:10.8068507Z (pass) screenshot-derived Neonbreak keeps explanations and truthful checks [2.74ms]
quality	Run the release contract	2026-10-06T19:56:10.8072417Z (pass) multi-line citation extraction consumes the complete reference, not just its first line [0.39ms]
quality	Run the release contract	2026-10-06T19:56:10.8072872Z 
quality	Run the release contract	2026-10-06T19:56:10.8073194Z ##[endgroup]
quality	Run the release contract	2026-10-06T19:56:10.8076724Z 
quality	Run the release contract	2026-10-06T19:56:10.8077257Z ##[group]tests/audit-stuck-batch.test.ts:
quality	Run the release contract	2026-10-06T19:56:11.0821264Z (pass) 124541: model-not-found shapes are unresolvable auditor refs [0.38ms]
quality	Run the release contract	2026-10-06T19:56:11.0832243Z (pass) 124541: walker does not spend the same-ref retry on an unresolvable ref [1.11ms]
quality	Run the release contract	2026-10-06T19:56:11.6399465Z (pass) 124544: resume_goal probes pending main-model recovery inline, no user bounce [558.26ms]
quality	Run the release contract	2026-10-06T19:56:11.6401362Z (pass) identical infra failures count toward a bounded identical-park threshold [0.29ms]
quality	Run the release contract	2026-10-06T19:56:11.6413556Z (pass) identical-failure counters survive a state round-trip sanitized [1.05ms]
quality	Run the release contract	2026-10-06T19:56:11.6416672Z (pass) splitParkedQueueDuplicates coalesces queued + batch-internal duplicates [0.53ms]
quality	Run the release contract	2026-10-06T19:56:12.1292150Z (pass) 124536: re-adding a queued objective while parked coalesces, no pile-up [487.25ms]
quality	Run the release contract	2026-10-06T19:56:12.4151633Z (pass) 124536: hourly auditor backstop stands down on an identical-parked head [285.05ms]
quality	Run the release contract	2026-10-06T19:56:12.4152987Z (pass) 124541: re-seed filters evicted refs so the next episode starts live [0.32ms]
quality	Run the release contract	2026-10-06T19:56:12.4261585Z (pass) v0.38.104: the identical-failure park arms a bounded self-healing probe, never a dead end [10.39ms]
quality	Run the release contract	2026-10-06T19:56:12.4271375Z (pass) v0.38.104: no operator-facing string promises the auditor stopped for good [1.24ms]
quality	Run the release contract	2026-10-06T19:56:12.4274609Z 
quality	Run the release contract	2026-10-06T19:56:12.4275604Z ##[endgroup]
quality	Run the release contract	2026-10-06T19:56:12.4275840Z 
quality	Run the release contract	2026-10-06T19:56:12.4276581Z ##[group]tests/continuous-supervision.test.ts:
quality	Run the release contract	2026-10-06T19:56:12.7042407Z (pass) v0.36.0: activeSupervisionPlanes covers every GLLA work plane without inventing activity [0.43ms]
quality	Run the release contract	2026-10-06T19:56:12.7072446Z (pass) v0.36.0: checker reacts to durable transitions across every work plane [0.71ms]
quality	Run the release contract	2026-10-06T19:56:12.7077382Z (pass) v0.36.0: lifecycle signals route immediately for every declared plane [0.44ms]
quality	Run the release contract	2026-10-06T19:56:12.7079109Z (pass) v0.36.0: a child and recovery transition are durable signals, not guessed waits [0.46ms]
quality	Run the release contract	2026-10-06T19:56:12.7080684Z (pass) v0.36.0: fallback polling adapts from 250ms to the 15s safety cadence [0.15ms]
quality	Run the release contract	2026-10-06T19:56:12.7082416Z (pass) v0.36.0: a real event resets fallback backoff instead of waiting for the old slot [0.13ms]
quality	Run the release contract	2026-10-06T19:56:12.7083771Z (pass) v0.36.0: loop terminal outcomes receive a durable user-facing recap [0.41ms]
quality	Run the release contract	2026-10-06T19:56:12.7085151Z (pass) v0.36.0: production heartbeat is event-first with adaptive timeout fallback [0.76ms]
quality	Run the release contract	2026-10-06T19:56:12.7086562Z (pass) respec audit phase and register changes are observed without inventing a worker [0.23ms]
quality	Run the release contract	2026-10-06T19:56:12.7087367Z 
quality	Run the release contract	2026-10-06T19:56:12.7087997Z ##[endgroup]
quality	Run the release contract	2026-10-06T19:56:12.7088361Z 
quality	Run the release contract	2026-10-06T19:56:12.7088936Z ##[group]tests/cmd-review.test.ts:
quality	Run the release contract	2026-10-06T19:56:13.1756336Z (pass) C8: ambiguous substring id refuses with the candidates instead of reviewing the first match [191.80ms]
quality	Run the release contract	2026-10-06T19:56:13.3654478Z (pass) C8 control: exact id fires the review [189.76ms]
quality	Run the release contract	2026-10-06T19:56:13.3666704Z 
quality	Run the release contract	2026-10-06T19:56:13.3701853Z ##[endgroup]
quality	Run the release contract	2026-10-06T19:56:13.3722421Z 
quality	Run the release contract	2026-10-06T19:56:13.3723100Z ##[group]tests/settings-editors.test.ts:
quality	Run the release contract	2026-10-06T19:56:13.7097043Z (pass) T4: select editor — stateRoot writes the global workingDir/sessionDir choice [34.75ms]
quality	Run the release contract	2026-10-06T19:56:13.7132854Z (pass) T4: select editor — autoResume writes on/off/default with the right key [3.66ms]
quality	Run the release contract	2026-10-06T19:56:13.7154959Z (pass) T4: select editor — auditorInspection is opt-in on (writes true), off clears to default [2.18ms]
quality	Run the release contract	2026-10-06T19:56:13.7156981Z (pass) removed request-rate fallback setting has no editor or persistence path [0.29ms]
quality	Run the release contract	2026-10-06T19:56:13.7170857Z (pass) T4: select editor — aggressiveMode writes the boolean + notifies [1.30ms]
quality	Run the release contract	2026-10-06T19:56:13.7197452Z (pass) T4: select editor — contextCheckpointProjection writes true, off removes the key (v0.38.54) [2.63ms]
quality	Run the release contract	2026-10-06T19:56:13.7231057Z (pass) T4: select editor — carryover writes clear/resume, pause removes the key (v0.34.25) [3.36ms]
quality	Run the release contract	2026-10-06T19:56:13.7236473Z (pass) T4: select options stay concise — rationale lives in the title, not the option rows (v0.34.25) [0.54ms]
quality	Run the release contract	2026-10-06T19:56:13.7252449Z (pass) main recovery settings are global-only and project copies cannot create a UI/runtime mismatch [1.62ms]
quality	Run the release contract	2026-10-06T19:56:13.7281364Z (pass) scope-aware settings editing updates a project override instead of a hidden global baseline [2.87ms]
quality	Run the release contract	2026-10-06T19:56:13.7301615Z (pass) forbidden-model editing excludes drafter and auditor fallback chains [2.05ms]
quality	Run the release contract	2026-10-06T19:56:13.7305812Z (pass) numeric settings reject malformed integer prefixes instead of truncating them [0.39ms]
quality	Run the release contract	2026-10-06T19:56:13.7323084Z (pass) RPC custom stub falls back to typed main-backup editing instead of silently canceling [1.71ms]
quality	Run the release contract	2026-10-06T19:56:13.7343959Z (pass) main failback policy and primary-probe cadence are global settings [2.07ms]
quality	Run the release contract	2026-10-06T19:56:13.7377812Z (pass) T4: input editor — main model backups preserve order and retry cadence [3.36ms]
quality	Run the release contract	2026-10-06T19:56:13.7393013Z (pass) main backup editor refuses the 11th typed model and keeps the first ten in order [1.51ms]
quality	Run the release contract	2026-10-06T19:56:13.7417662Z (pass) main-model fallback reload preserves explicit order and does not reintroduce a cleared key [2.45ms]
quality	Run the release contract	2026-10-06T19:56:13.7442514Z (pass) v0.34.118: backup and forbidden editors enforce mutual exclusion even in headless input mode [2.48ms]
quality	Run the release contract	2026-10-06T19:56:13.7470836Z (pass) T4: input editor — auditorModel set / cleared on empty [2.82ms]
quality	Run the release contract	2026-10-06T19:56:13.7502410Z (pass) v0.36.0: auditor fallback editor preserves ordered refs, caps at ten, and clears [3.12ms]
quality	Run the release contract	2026-10-06T19:56:13.7513615Z (pass) v0.36.0: the singular auditor fallback setting migrates to the ordered chain [1.12ms]
quality	Run the release contract	2026-10-06T19:56:13.7544099Z (pass) drafter agent picker immediately offers model-specific thinking and persists both choices [3.02ms]
quality	Run the release contract	2026-10-06T19:56:13.7571967Z (pass) T4: input editor validation — auditCap rejects garbage loudly, accepts integers, clears on empty [2.73ms]
quality	Run the release contract	2026-10-06T19:56:13.7601574Z (pass) v0.35.64: subagent hang action accepts warning-only/long thresholds and rejects unsafe values [2.98ms]
quality	Run the release contract	2026-10-06T19:56:13.7622500Z (pass) v0.35.x: zero-stream retry budget persists and rejects values outside 0..10 [2.12ms]
quality	Run the release contract	2026-10-06T19:56:13.7627167Z (pass) v0.35.x: hand-edited zero-stream retry budgets normalize to the safe default [0.44ms]
quality	Run the release contract	2026-10-06T19:56:13.7631570Z (pass) T4: a dismissed editor (Esc → undefined) writes NOTHING [0.42ms]
quality	Run the release contract	2026-10-06T19:56:13.7638425Z (pass) settings editor failures notify loudly and return to the menu [0.65ms]
quality	Run the release contract	2026-10-06T19:56:13.7641397Z (pass) T4: the switch has no confirm-class editors (select + input only) [0.28ms]
quality	Run the release contract	2026-10-06T19:56:13.7678113Z (pass) v0.28.34: notify folds a default IN — auto-detect notify-send/osascript, 'off' silences, custom overrides [3.60ms]
quality	Run the release contract	2026-10-06T19:56:13.7680831Z (pass) audit-2026-09-06: headless /glla fallback shows compactor + display-richness rows [0.29ms]
quality	Run the release contract	2026-10-06T19:56:13.7685263Z (pass) audit 2026-09-06: docs/SETTINGS.md covers every SETTINGS_KEYS entry [0.44ms]
quality	Run the release contract	2026-10-06T19:56:13.7761427Z (pass) audit 2026-09-07 (LOW, finding 400): typing the displayed `auto` in the notify editor round-trips to unset, not a literal shell command [5.74ms]
quality	Run the release contract	2026-10-06T19:56:13.7780362Z (pass) audit 2026-09-25: decisionPauseBudget is visible on every operator surface [3.73ms]
quality	Run the release contract	2026-10-06T19:56:13.7807165Z (pass) audit 2026-09-26: subagent thinking editor pins, inherits, and rejects garbage [2.71ms]
quality	Run the release contract	2026-10-06T19:56:13.7811544Z (pass) audit 2026-09-26: headless /glla fallback covers every SETTINGS_KEYS entry [0.45ms]
quality	Run the release contract	2026-10-06T19:56:13.7818052Z (pass) v0.38.104: the audit-dir retention row renders a legal 0 instead of the unknown-value '?' [0.64ms]
quality	Run the release contract	2026-10-06T19:56:13.7824533Z (pass) v0.38.104: the main-recovery row does not promise a 24h stop the default mode removes [0.62ms]
quality	Run the release contract	2026-10-06T19:56:13.7830705Z (pass) v0.38.104: every 'Global-only.' annotation in docs/SETTINGS.md is true in code [0.55ms]
quality	Run the release contract	2026-10-06T19:56:13.7833568Z (pass) v0.38.104: the superseded DESIGN.md table does not mark files that do not exist as shipped [0.31ms]
quality	Run the release contract	2026-10-06T19:56:13.7837946Z (pass) v0.38.104: the auditor model path carries no dead settings placeholders [0.43ms]
quality	Run the release contract	2026-10-06T19:56:13.7838336Z 
quality	Run the release contract	2026-10-06T19:56:13.7838658Z ##[endgroup]
quality	Run the release contract	2026-10-06T19:56:13.7842974Z 
quality	Run the release contract	2026-10-06T19:56:13.7843372Z ##[group]tests/repetition.test.ts:
quality	Run the release contract	2026-10-06T19:56:14.0531214Z (pass) normalizeForPrint strips ANSI, collapses whitespace, lowercases [0.21ms]
quality	Run the release contract	2026-10-06T19:56:14.0550134Z (pass) textFingerprint is stable and case/whitespace-insensitive [0.33ms]
quality	Run the release contract	2026-10-06T19:56:14.0552145Z (pass) trigramSimilarity: identical texts → 1, disjoint → 0, near-dup → high [0.37ms]
quality	Run the release contract	2026-10-06T19:56:14.0553473Z (pass) trigramSimilarity: digits are volatile — 'port 8081' ≈ 'port 8082' [0.13ms]
quality	Run the release contract	2026-10-06T19:56:14.0554507Z (pass) pushCapped keeps the window at cap, most recent last [0.12ms]
quality	Run the release contract	2026-10-06T19:56:14.0555456Z (pass) findDegenerateRepeat: repeated sentence inside one reply [0.23ms]
quality	Run the release contract	2026-10-06T19:56:14.0556337Z (pass) findDegenerateRepeat: repeated single word run [0.75ms]
quality	Run the release contract	2026-10-06T19:56:14.0557149Z (pass) findDegenerateRepeat: normal prose passes [0.13ms]
quality	Run the release contract	2026-10-06T19:56:14.0557991Z (pass) findDegenerateRepeat: short text is never degenerate [0.04ms]
quality	Run the release contract	2026-10-06T19:56:14.0558966Z (pass) detectLoopStuck: healthy iteration → undefined [0.10ms]
quality	Run the release contract	2026-10-06T19:56:14.0559717Z (pass) detectLoopStuck: narration-only streak [0.07ms]
quality	Run the release contract	2026-10-06T19:56:14.0560759Z (pass) detectLoopStuck: exact repeat of previous iteration [0.11ms]
quality	Run the release contract	2026-10-06T19:56:14.0561671Z (pass) detectLoopStuck: near-duplicate of previous iteration [0.17ms]
quality	Run the release contract	2026-10-06T19:56:14.0562492Z (pass) detectLoopStuck: A-B-A-B window repetition [0.13ms]
quality	Run the release contract	2026-10-06T19:56:14.0563968Z (pass) repeated in-band provider pane is distinct from ordinary repeated tool output [0.24ms]
quality	Run the release contract	2026-10-06T19:56:14.0837621Z (pass) detectLoopStuck: same tool error three times [28.40ms]
quality	Run the release contract	2026-10-06T19:56:14.0838925Z (pass) detectLoopStuck: same tool result (no new information) [0.15ms]
quality	Run the release contract	2026-10-06T19:56:14.0840849Z (pass) detectLoopStuck: first hit wins — narration beats everything (most certain) [0.12ms]
quality	Run the release contract	2026-10-06T19:56:14.0842908Z (pass) loopInterventionDirective: rotates strategy per consecutive count [0.21ms]
quality	Run the release contract	2026-10-06T19:56:14.0844324Z (pass) loopInterventionDirective: hard reset from rung 3 with banned openings [0.16ms]
quality	Run the release contract	2026-10-06T19:56:14.0845274Z (pass) loopInterventionDirective: rotation wraps after all strategies [0.05ms]
quality	Run the release contract	2026-10-06T19:56:14.0846041Z (pass) continueVariant: rotates by iteration, never empty [0.10ms]
quality	Run the release contract	2026-10-06T19:56:14.0846428Z 
quality	Run the release contract	2026-10-06T19:56:14.0846777Z ##[endgroup]
quality	Run the release contract	2026-10-06T19:56:14.0849358Z 
quality	Run the release contract	2026-10-06T19:56:14.0850317Z ##[group]tests/extract-verification.test.ts:
quality	Run the release contract	2026-10-06T19:56:14.3492803Z (pass) inline one-liner: 'Done when:' mid-line is extracted [0.23ms]
quality	Run the release contract	2026-10-06T19:56:14.3494420Z (pass) inline one-liner: trailing period stripped from objective [0.08ms]
quality	Run the release contract	2026-10-06T19:56:14.3495886Z (pass) ordinary verify imperative before Done when is not mistaken for a marker [0.05ms]
quality	Run the release contract	2026-10-06T19:56:14.3498091Z (pass) no marker anywhere returns full text as objective [0.04ms]
quality	Run the release contract	2026-10-06T19:56:14.3500681Z (pass) line-based extraction wins over inline when both present [0.14ms]
quality	Run the release contract	2026-10-06T19:56:14.3501520Z (pass) multi-line verification contract preserved [0.17ms]
quality	Run the release contract	2026-10-06T19:56:14.3502158Z (pass) line marker: 'Done when ALL of the following are true:' starts the contract [0.07ms]
quality	Run the release contract	2026-10-06T19:56:14.3502836Z (pass) inline marker: 'Done when ALL of the following are true:' mid-line [0.06ms]
quality	Run the release contract	2026-10-06T19:56:14.3503599Z (pass) goalArgsNeedDrafting: 'Done when ALL of the following' counts as a contract (no interview) [0.05ms]
quality	Run the release contract	2026-10-06T19:56:14.3504362Z (pass) round-trip: normalized draft survives storage and yields clean shield items [0.32ms]
quality	Run the release contract	2026-10-06T19:56:14.3504747Z 
quality	Run the release contract	2026-10-06T19:56:14.3505062Z ##[endgroup]
quality	Run the release contract	2026-10-06T19:56:14.3505187Z 
quality	Run the release contract	2026-10-06T19:56:14.3505464Z ##[group]tests/execution-discipline.test.ts:
quality	Run the release contract	2026-10-06T19:56:14.6183110Z (pass) mid-run question steps are violations, naming the step [0.44ms]
quality	Run the release contract	2026-10-06T19:56:14.6208453Z (pass) ask_user_question subtasks are violations too [0.08ms]
quality	Run the release contract	2026-10-06T19:56:14.6212032Z (pass) manual-check steps are violations unless the contract mandates them [0.13ms]
quality	Run the release contract	2026-10-06T19:56:14.6213472Z (pass) contract-mandated gates are exempt, not violations [0.11ms]
quality	Run the release contract	2026-10-06T19:56:14.6214631Z (pass) clean plans pass with no violations [0.09ms]
quality	Run the release contract	2026-10-06T19:56:14.6215792Z (pass) propose_task_list validation refuses mid-run steps [0.12ms]
quality	Run the release contract	2026-10-06T19:56:14.6218152Z (pass) goal/list drafting prompt pins never-schedule-mid-run plus manual-only-when-mandatory [0.21ms]
quality	Run the release contract	2026-10-06T19:56:14.6220090Z (pass) plan prompt pins milestone shape: no mid-run question or manual-check milestones [0.12ms]
quality	Run the release contract	2026-10-06T19:56:14.6221050Z 
quality	Run the release contract	2026-10-06T19:56:14.6221730Z ##[endgroup]
quality	Run the release contract	2026-10-06T19:56:14.6222127Z 
quality	Run the release contract	2026-10-06T19:56:14.6222775Z ##[group]tests/quota-wall-engagement.test.ts:
quality	Run the release contract	2026-10-06T19:56:14.9426514Z (pass) send-storm escalation has one generic threshold [0.27ms]
quality	Run the release contract	2026-10-06T19:56:14.9432119Z (pass) quota-shaped provider text is opaque and still recoverable [0.48ms]
quality	Run the release contract	2026-10-06T19:56:14.9444254Z (pass) source contains no reason-specific send-storm policy [1.45ms]
quality	Run the release contract	2026-10-06T19:56:14.9445403Z (pass) send-rearm escalation still funnels into the generic recovery envelope [0.10ms]
quality	Run the release contract	2026-10-06T19:56:14.9445822Z 
quality	Run the release contract	2026-10-06T19:56:14.9446153Z ##[endgroup]
quality	Run the release contract	2026-10-06T19:56:14.9450263Z 
quality	Run the release contract	2026-10-06T19:56:14.9450916Z ##[group]tests/paused-status-action-first.test.ts:
quality	Run the release contract	2026-10-06T19:56:15.2161017Z (pass) blocked status leads with the resume command [0.79ms]
quality	Run the release contract	2026-10-06T19:56:15.2171916Z (pass) decision status leads with the decision path [0.15ms]
quality	Run the release contract	2026-10-06T19:56:15.2175234Z (pass) error status leads with the manual path [0.21ms]
quality	Run the release contract	2026-10-06T19:56:15.2176068Z (pass) manual recovery hold leads with resume [0.19ms]
quality	Run the release contract	2026-10-06T19:56:15.2177026Z (pass) supervised waits keep lifecycle-first order (nobody's move) [0.16ms]
quality	Run the release contract	2026-10-06T19:56:15.2177561Z 
quality	Run the release contract	2026-10-06T19:56:15.2178039Z ##[endgroup]
quality	Run the release contract	2026-10-06T19:56:15.2178521Z 
quality	Run the release contract	2026-10-06T19:56:15.2178954Z ##[group]tests/plan-mode.test.ts:
quality	Run the release contract	2026-10-06T19:56:15.4861608Z (pass) v0.35.33: /goal plan routes as a sub with the seed as rest [0.31ms]
quality	Run the release contract	2026-10-06T19:56:15.4862818Z (pass) v0.35.33: plain objectives are NOT captured by the plan verb [0.12ms]
quality	Run the release contract	2026-10-06T19:56:15.4864484Z (pass) v0.35.33: draftingTemplateFile swaps prompts per target × depth [0.07ms]
quality	Run the release contract	2026-10-06T19:56:15.4866107Z (pass) v0.35.33: both plan prompt files exist, carry the drafting markers, and mandate Confirm-gated proposals [0.50ms]
quality	Run the release contract	2026-10-06T19:56:15.4867923Z (pass) v0.35.44: source pins — the draftingDepth dead-state global is GONE (audit fix) [1.41ms]
quality	Run the release contract	2026-10-06T19:56:15.4869539Z (pass) v0.35.33: source pins — all three verbs dispatch with depth plan [0.25ms]
quality	Run the release contract	2026-10-06T19:56:15.4871348Z (pass) v0.35.33: /list plan is gated as a mutating subcommand on stale handles [0.04ms]
quality	Run the release contract	2026-10-06T19:56:15.4872527Z (pass) v0.35.33: completions advertise the plan verb on all three commands [0.23ms]
quality	Run the release contract	2026-10-06T19:56:15.7027025Z (pass) v0.35.45: the plan-mode seeded hint separates the plan note from the label [214.30ms]
quality	Run the release contract	2026-10-06T19:56:15.7029575Z 
quality	Run the release contract	2026-10-06T19:56:15.7030621Z ##[endgroup]
quality	Run the release contract	2026-10-06T19:56:15.7031068Z 
quality	Run the release contract	2026-10-06T19:56:15.7031789Z ##[group]tests/proactive-pre-read.test.ts:
quality	Run the release contract	2026-10-06T19:56:16.1556054Z (pass) gatherProactivePreRead surfaces bounded file evidence and seed excerpt before questioning [31.71ms]
quality	Run the release contract	2026-10-06T19:56:16.1557778Z (pass) gatherProactivePreRead notes image references without assuming an external tool [0.30ms]
quality	Run the release contract	2026-10-06T19:56:16.1559283Z (pass) gatherProactivePreRead still emits a seed-excerpt block when no files match [0.18ms]
quality	Run the release contract	2026-10-06T19:56:16.1737090Z (pass) drafting injects proactive pre-read before the first question [17.59ms]
quality	Run the release contract	2026-10-06T19:56:16.1738722Z (pass) constants retain bounded shape (max 3 files, 800 chars each) [0.10ms]
quality	Run the release contract	2026-10-06T19:56:16.1739512Z 
quality	Run the release contract	2026-10-06T19:56:16.1740568Z ##[endgroup]
quality	Run the release contract	2026-10-06T19:56:16.1741581Z 
quality	Run the release contract	2026-10-06T19:56:16.1742104Z ##[group]tests/stale-interrupt-resume.test.ts:
quality	Run the release contract	2026-10-06T19:56:16.5050130Z (pass) Goal type + schema carry the interrupt marker fields [21.13ms]
quality	Run the release contract	2026-10-06T19:56:16.5051942Z (pass) S3 probe: side-effect-free getSessionName() probe caches the positive [0.15ms]
quality	Run the release contract	2026-10-06T19:56:16.5053292Z (pass) S3 warn helper: honest 'state is safe' messaging + ledger [0.20ms]
quality	Run the release contract	2026-10-06T19:56:16.5054610Z (pass) S3: probes wired at cmdSet / cmdResume / cmdList / propose_goal_draft entry [0.36ms]
quality	Run the release contract	2026-10-06T19:56:16.5056106Z (pass) S3: stale creation marks the interrupt and tells the truth (no 'starting now' lie) [0.12ms]
quality	Run the release contract	2026-10-06T19:56:16.5057729Z (pass) S1: stale resume persists active+marker, skips the misleading notify and the doomed send [0.06ms]
quality	Run the release contract	2026-10-06T19:56:16.5061870Z (pass) S2: restore gate clears the marker on auto-resume and names the recovery [0.53ms]
quality	Run the release contract	2026-10-06T19:56:16.5066647Z (pass) S2 (v0.28.21): the 0.28.3 interrupt exemption is SUPERSEDED — only autoresume=on auto-resumes [1.15ms]
quality	Run the release contract	2026-10-06T19:56:16.5068725Z (pass) S1/S2: widget surfaces the interrupt on ACTIVE goals [0.19ms]
quality	Run the release contract	2026-10-06T19:56:16.5074000Z (pass) E6: drafting-seed send failure is loud and stale-aware (was silent) [0.40ms]
quality	Run the release contract	2026-10-06T19:56:16.5082880Z (pass) T1: stale Confirm is NOT a rejection — both single and batch paths [0.78ms]
quality	Run the release contract	2026-10-06T19:56:16.5084733Z (pass) v0.28.27: stale handle silences ALL stall machinery — refiring into a dead process misleads, and the stall escalation would PAUSE an interrupted goal (killing restart auto-resume) [0.15ms]
quality	Run the release contract	2026-10-06T19:56:16.5091931Z (pass) v0.28.27/0.29.8: /goal verify (renamed from /goal audit) — manual auditor invocation with a synthesized claim, wired into the pendingCompletion machinery [0.68ms]
quality	Run the release contract	2026-10-06T19:56:16.5094010Z (pass) v0.29.8: /goal audit [focus] — the one-shot project audit; /glla status — the unified view [0.31ms]
quality	Run the release contract	2026-10-06T19:56:16.5096544Z (pass) v0.34.2: cmdResume clears interruptedAt/interruptedReason on a fresh-session resume [0.20ms]
quality	Run the release contract	2026-10-06T19:56:16.5128124Z (pass) v0.34.7: safeSteerUser wraps every orchestrator sendUserMessage (darklord crash) [3.15ms]
quality	Run the release contract	2026-10-06T19:56:16.5156678Z (pass) v0.34.7: the fan-out float carries a catch (rejection ≠ process exit) [2.83ms]
quality	Run the release contract	2026-10-06T19:56:16.5159160Z (pass) v0.34.7: re-kick clears the stale-handle marker (banner must not survive a working session) [0.24ms]
quality	Run the release contract	2026-10-06T19:56:16.5159937Z 
quality	Run the release contract	2026-10-06T19:56:16.5160268Z ##[endgroup]
quality	Run the release contract	2026-10-06T19:56:16.5163247Z 
quality	Run the release contract	2026-10-06T19:56:16.5163785Z ##[group]tests/id-invalidation.test.ts:
quality	Run the release contract	2026-10-06T19:56:16.7931423Z (pass) classifyIdInvalidationReason: each mechanism maps to its reason [0.32ms]
quality	Run the release contract	2026-10-06T19:56:17.0077872Z (pass) forced rewrite: a fresh session with a different sidecar id ledgeres id_invalidation [217.48ms]
quality	Run the release contract	2026-10-06T19:56:17.1713024Z (pass) clean shutdown: the sidecar shutdownReason flows into the event [162.99ms]
quality	Run the release contract	2026-10-06T19:56:17.3569971Z (pass) same id (plain reload): no id_invalidation [186.16ms]
quality	Run the release contract	2026-10-06T19:56:17.5496106Z (pass) first boot (no sidecar): no id_invalidation [192.22ms]
quality	Run the release contract	2026-10-06T19:56:17.5527150Z (pass) successor absorption also emits id_invalidation (source-level pin) [3.18ms]
quality	Run the release contract	2026-10-06T19:56:17.7160523Z (pass) unknown-session ids are not emitted (the mock default has no getSessionId) [163.16ms]
quality	Run the release contract	2026-10-06T19:56:17.7162064Z 
quality	Run the release contract	2026-10-06T19:56:17.7162835Z ##[endgroup]
quality	Run the release contract	2026-10-06T19:56:17.7179461Z 
quality	Run the release contract	2026-10-06T19:56:17.7180931Z ##[group]tests/drafting-questionnaire.test.ts:
quality	Run the release contract	2026-10-06T19:56:18.0396761Z (pass) seeded drafting requires tool-first choices and a concrete next handoff [22.45ms]
quality	Run the release contract	2026-10-06T19:56:18.0398349Z (pass) goal-loop-draft.md: carries the roadmap-then-stages rule [0.30ms]
quality	Run the release contract	2026-10-06T19:56:18.0401414Z (pass) goal-loop-draft.md: carries the rich-option standard [0.17ms]
quality	Run the release contract	2026-10-06T19:56:18.0402575Z (pass) goal-loop-draft.md: invites the Esc correction explicitly [0.13ms]
quality	Run the release contract	2026-10-06T19:56:18.0403729Z (pass) goal-loop-forever-draft.md: carries the roadmap-then-stages rule [0.13ms]
quality	Run the release contract	2026-10-06T19:56:18.0404931Z (pass) goal-loop-forever-draft.md: carries the rich-option standard [0.08ms]
quality	Run the release contract	2026-10-06T19:56:18.0406201Z (pass) goal-loop-forever-draft.md: invites the Esc correction explicitly [0.05ms]
quality	Run the release contract	2026-10-06T19:56:18.0411631Z (pass) goal-loop-plan.md: carries the roadmap-then-stages rule [0.15ms]
quality	Run the release contract	2026-10-06T19:56:18.0412240Z (pass) goal-loop-plan.md: carries the rich-option standard [0.07ms]
quality	Run the release contract	2026-10-06T19:56:18.0412906Z (pass) goal-loop-plan.md: invites the Esc correction explicitly [0.02ms]
quality	Run the release contract	2026-10-06T19:56:18.0414175Z (pass) goal-loop-draft.md: pasted list-like seeds use supplied wording without an exactness choice [0.14ms]
quality	Run the release contract	2026-10-06T19:56:18.0415628Z (pass) goal-loop-plan.md: pasted list-like seeds use supplied wording without an exactness choice [0.05ms]
quality	Run the release contract	2026-10-06T19:56:18.0416363Z 
quality	Run the release contract	2026-10-06T19:56:18.0416819Z ##[endgroup]
quality	Run the release contract	2026-10-06T19:56:18.0417028Z 
quality	Run the release contract	2026-10-06T19:56:18.0417469Z ##[group]tests/subagent-display-richness.test.ts:
quality	Run the release contract	2026-10-06T19:56:18.3135014Z (pass) audit 2026-09-07 richness defaults to quiet (exceptions-only) and normalizes junk [0.47ms]
quality	Run the release contract	2026-10-06T19:56:18.3155491Z (pass) v0.38.23 rich assembles single-line glyph rows, no header; compact keeps the line; quiet hides healthy workers [1.27ms]
quality	Run the release contract	2026-10-06T19:56:18.3157107Z (pass) v0.38.22 detailed lines bucket silence — identical output seconds apart [0.28ms]
quality	Run the release contract	2026-10-06T19:56:18.3158286Z (pass) v0.38.22 hasHungWorker covers hung + aborting, ignores ended [0.14ms]
quality	Run the release contract	2026-10-06T19:56:18.3159355Z (pass) audit 2026-09-07 count line flags trouble on ANY child, not just the stalest [0.17ms]
quality	Run the release contract	2026-10-06T19:56:18.3160684Z (pass) v0.38.23 every rich line is width-safe; long summaries truncate cell-aware [0.29ms]
quality	Run the release contract	2026-10-06T19:56:18.3161236Z 
quality	Run the release contract	2026-10-06T19:56:18.3161693Z ##[endgroup]
quality	Run the release contract	2026-10-06T19:56:18.3162321Z 
quality	Run the release contract	2026-10-06T19:56:18.3162761Z ##[group]tests/delta-only-continuation.test.ts:
quality	Run the release contract	2026-10-06T19:56:18.6394490Z (pass) marker is tiny and carries the dispatch marker [0.58ms]
quality	Run the release contract	2026-10-06T19:56:18.6412942Z (pass) clean goal needs no full — repair/recovery/audit/designer do [1.97ms]
quality	Run the release contract	2026-10-06T19:56:18.6429745Z (pass) builder: steady-state marker, resync+marker, dirty full [1.69ms]
quality	Run the release contract	2026-10-06T19:56:19.0616279Z (pass) v0.38.94: consecutive sends go full once, then marker (field: 909 full sends) [418.47ms]
quality	Run the release contract	2026-10-06T19:56:19.6726345Z (pass) v0.38.94: rebind reset re-arms the one full brief (fresh context) [611.00ms]
quality	Run the release contract	2026-10-06T19:56:19.6732474Z (pass) sendContinuation wires the delta-only branch with kind ledger [0.73ms]
quality	Run the release contract	2026-10-06T19:56:19.6733630Z 
quality	Run the release contract	2026-10-06T19:56:19.6734428Z ##[endgroup]
quality	Run the release contract	2026-10-06T19:56:19.6739003Z 
quality	Run the release contract	2026-10-06T19:56:19.6739613Z ##[group]tests/tool-config-execution.test.ts:
quality	Run the release contract	2026-10-06T19:56:20.0984811Z (pass) project optional arguments override supplied values and apply to later calls [20.82ms]
quality	Run the release contract	2026-10-06T19:56:20.1055044Z (pass) invalid options block atomically: {"timeout":"bad"} [9.26ms]
quality	Run the release contract	2026-10-06T19:56:20.1154206Z (pass) invalid options block atomically: {"unsupported":true} [9.51ms]
quality	Run the release contract	2026-10-06T19:56:20.1255148Z (pass) invalid options block atomically: {"command":"replace the operation"} [10.47ms]
quality	Run the release contract	2026-10-06T19:56:20.1407422Z (pass) a stale host cannot rewrite tool arguments [14.25ms]
quality	Run the release contract	2026-10-06T19:56:20.1785343Z (pass) the real Pi tool pipeline executes bash with the configured timeout [36.62ms]
quality	Run the release contract	2026-10-06T19:56:20.1814410Z (pass) invalid merged options leave every input field unchanged [0.41ms]
quality	Run the release contract	2026-10-06T19:56:20.1816477Z (pass) nested overrides belong to each call, and optional zero remains valid [1.06ms]
quality	Run the release contract	2026-10-06T19:56:20.1817422Z (pass) unconfigured calls do not need a registry; missing or unsupported schemas block configured calls [0.38ms]
quality	Run the release contract	2026-10-06T19:56:20.1817941Z 
quality	Run the release contract	2026-10-06T19:56:20.1818342Z ##[endgroup]
quality	Run the release contract	2026-10-06T19:56:20.1818597Z 
quality	Run the release contract	2026-10-06T19:56:20.1819029Z ##[group]tests/image1-list-stall-and-count-fix.test.ts:
quality	Run the release contract	2026-10-06T19:56:20.5087933Z (pass) v0.34.104 [Image-#1] Problem 1: LIST_COMPLETION_SETTLE_MS constant + flag exist [25.19ms]
quality	Run the release contract	2026-10-06T19:56:20.5090353Z (pass) v0.34.104 [Image-#1] Problem 1: archiveCurrentGoal arms the settle window BEFORE activating the next item [0.23ms]
quality	Run the release contract	2026-10-06T19:56:20.5092119Z (pass) v0.34.104 [Image-#1] Problem 1: scheduleContinuation honours the settle window [0.20ms]
quality	Run the release contract	2026-10-06T19:56:20.5093315Z (pass) v0.34.104 [Image-#1] Problem 1: agent activity during settle cancels the deferred send [0.21ms]
quality	Run the release contract	2026-10-06T19:56:20.5094934Z (pass) v0.34.104 [Image-#1] Problem 1: sendContinuation honors an early settle callback [0.20ms]
quality	Run the release contract	2026-10-06T19:56:20.5110397Z (pass) v0.34.104 [Image-#1] Problem 2: validateCompletionSummary exists and is wired into complete_goal capture [1.50ms]
quality	Run the release contract	2026-10-06T19:56:20.5111734Z (pass) v0.34.104 [Image-#1] Problem 2: impossible X/Y pass counts match the field regex (29/28) [0.12ms]
quality	Run the release contract	2026-10-06T19:56:20.5113619Z (pass) v0.34.104 [Image-#1] Problem 2: ledger event `completion_summary_impossible_count` is the canonical key [0.28ms]
quality	Run the release contract	2026-10-06T19:56:20.5115709Z (pass) v0.34.104 [Image-#1] Problem 2: clean input early-returns before any ledger work [0.20ms]
quality	Run the release contract	2026-10-06T19:56:20.5116282Z 
quality	Run the release contract	2026-10-06T19:56:20.5116720Z ##[endgroup]
quality	Run the release contract	2026-10-06T19:56:20.5120391Z 
quality	Run the release contract	2026-10-06T19:56:20.5120895Z ##[group]tests/ui-polish.test.ts:
quality	Run the release contract	2026-10-06T19:56:20.8330407Z (pass) v0.38.89: unknownStatsArg strips the known stats tokens [0.56ms]
quality	Run the release contract	2026-10-06T19:56:20.8333245Z (pass) v0.38.89: stats header and unknown-arg usage share the /glla prefix [0.47ms]
quality	Run the release contract	2026-10-06T19:56:20.8335165Z (pass) v0.38.91: tool descriptions enumerate plan/audit/verify/add [0.25ms]
quality	Run the release contract	2026-10-06T19:56:20.8411362Z (pass) v0.38.89: /goal status card points at /goal timeline [7.48ms]
quality	Run the release contract	2026-10-06T19:56:20.8411831Z 
quality	Run the release contract	2026-10-06T19:56:20.8412410Z ##[endgroup]
quality	Run the release contract	2026-10-06T19:56:20.8414785Z 
quality	Run the release contract	2026-10-06T19:56:20.8415312Z ##[group]tests/long-running-modes-parked.test.ts:
quality	Run the release contract	2026-10-06T19:56:21.1191934Z (pass) fireReviewer emits a SECOND notify with the review file path after the cascade [0.32ms]
quality	Run the release contract	2026-10-06T19:56:21.1193382Z (pass) surface-notify branch is preceded by the existing manual-suppressed notify [0.30ms]
quality	Run the release contract	2026-10-06T19:56:21.1196349Z (pass) postaudit settings key takes precedence over legacy reviewer key (fireReviewer) [0.19ms]
quality	Run the release contract	2026-10-06T19:56:21.1199032Z (pass) Settings type accepts both reviewer and postaudit keys [0.27ms]
quality	Run the release contract	2026-10-06T19:56:21.1200240Z (pass) SETTINGS_KEYS includes postaudit and toolOverrides [0.09ms]
quality	Run the release contract	2026-10-06T19:56:21.1201663Z (pass) /glla postaudit opens the same menu as /glla reviewer (no behavioral split) [0.13ms]
quality	Run the release contract	2026-10-06T19:56:21.1204344Z (pass) /glla routes reviewer (legacy) and postaudit (new) without completion rows [0.27ms]
quality	Run the release contract	2026-10-06T19:56:21.1511375Z (pass) resolveReviewerConfig: postaudit and reviewer blocks merge equivalently [30.33ms]
quality	Run the release contract	2026-10-06T19:56:21.1514004Z (pass) goal-loop-continuation prompt carries the 0.27.5 chunk-near-context-full hint [0.39ms]
quality	Run the release contract	2026-10-06T19:56:21.1515324Z 
quality	Run the release contract	2026-10-06T19:56:21.1516307Z ##[endgroup]
quality	Run the release contract	2026-10-06T19:56:21.1522332Z 
quality	Run the release contract	2026-10-06T19:56:21.1525445Z ##[group]tests/answered-question-dispatch.test.ts:
quality	Run the release contract	2026-10-06T19:56:22.0039210Z (pass) v0.38.19 answered ask_user_question dispatches a continuation turn from a phantom-busy session [584.66ms]
quality	Run the release contract	2026-10-06T19:56:22.5410657Z (pass) v0.38.19 fresh stream keeps the wait path: no bypass into live thinking [537.13ms]
quality	Run the release contract	2026-10-06T19:56:23.0583450Z (pass) v0.38.19 a loaded followUp queue keeps the wait path even when silent [517.34ms]
quality	Run the release contract	2026-10-06T19:56:23.0584152Z 
quality	Run the release contract	2026-10-06T19:56:23.0584674Z ##[endgroup]
quality	Run the release contract	2026-10-06T19:56:23.0586977Z 
quality	Run the release contract	2026-10-06T19:56:23.0587512Z ##[group]tests/loop-write-signal.test.ts:
quality	Run the release contract	2026-10-06T19:56:23.3443487Z (pass) item 3: write/edit/multi_edit/write_file are the write-signal tools [0.32ms]
quality	Run the release contract	2026-10-06T19:56:23.3444995Z (pass) item 3: the tool_result handler bumps fileWrites via isLoopWriteTool [0.68ms]
quality	Run the release contract	2026-10-06T19:56:23.3446640Z (pass) item 2: the stuck dispatch calls isActuallyStuck (not detectLoopStuck directly) [0.45ms]
quality	Run the release contract	2026-10-06T19:56:23.3448241Z (pass) item 4: git commits are counted once per iteration from HEAD advance [0.11ms]
quality	Run the release contract	2026-10-06T19:56:23.3449696Z (pass) item 6: spec_item_progress events are counted from the ledger since iteration start [0.11ms]
quality	Run the release contract	2026-10-06T19:56:23.3450781Z 
quality	Run the release contract	2026-10-06T19:56:23.3451415Z ##[endgroup]
quality	Run the release contract	2026-10-06T19:56:23.3769043Z 
quality	Run the release contract	2026-10-06T19:56:23.3770520Z ##[group]tests/respec-builder-wiring.test.ts:
quality	Run the release contract	2026-10-06T19:56:23.8721256Z (pass) actual respec command and tools persist intended scope, batch and audit claim [206.92ms]
quality	Run the release contract	2026-10-06T19:56:23.9447785Z (pass) declining intended scope leaves the project drafting with no adopted requirements [72.28ms]
quality	Run the release contract	2026-10-06T19:56:24.0414032Z (pass) registered blocker and refinement tools preserve work and require consent to change scope [92.86ms]
quality	Run the release contract	2026-10-06T19:56:24.1054385Z (pass) project blockers automatically show generic actions after journaling, without dispatch or implicit resolution [65.49ms]
quality	Run the release contract	2026-10-06T19:56:24.2291358Z (pass) work obstacles keep building and mistaken blocker-only holds release without verifying scope [121.47ms]
quality	Run the release contract	2026-10-06T19:56:24.3751807Z (pass) held blocker reviews receive the durable project contract without silently releasing dependencies [143.16ms]
quality	Run the release contract	2026-10-06T19:56:24.3811163Z 
quality	Run the release contract	2026-10-06T19:56:24.3909115Z ##[endgroup]
quality	Run the release contract	2026-10-06T19:56:24.3919406Z 
quality	Run the release contract	2026-10-06T19:56:24.3922825Z ##[group]tests/state-root-owner.test.ts:
quality	Run the release contract	2026-10-06T19:56:24.7190587Z (pass) normalizeOwnerAt tolerates number and ISO, rejects garbage [47.03ms]
quality	Run the release contract	2026-10-06T19:56:24.7324361Z (pass) looksLikePi admits pi hosts, refuses sleep, abstains on unknown [13.51ms]
quality	Run the release contract	2026-10-06T19:56:24.7447013Z (pass) classifyOwner covers the full matrix [12.29ms]
quality	Run the release contract	2026-10-06T19:56:24.7565023Z (pass) describeOwner returns null for self, shape for foreign [11.80ms]
quality	Run the release contract	2026-10-06T19:56:24.7724980Z (pass) takeover with no record claims silently [15.98ms]
quality	Run the release contract	2026-10-06T19:56:24.7852964Z (pass) takeover of a dead owner reclaims without signaling [12.80ms]
quality	Run the release contract	2026-10-06T19:56:24.7978637Z (pass) takeover of self reclaims (same-process sessions always win) [12.54ms]
quality	Run the release contract	2026-10-06T19:56:24.9390993Z (pass) live owner without confirm returns needs-confirm and touches nothing [141.11ms]
quality	Run the release contract	2026-10-06T19:56:25.0795658Z (pass) confirmed takeover of a non-pi process is refused, survivor unclaimed [140.43ms]
quality	Run the release contract	2026-10-06T19:56:25.5483617Z (pass) confirmed takeover SIGTERMs a pi-shaped owner, verifies exit, claims [468.76ms]
quality	Run the release contract	2026-10-06T19:56:26.0632382Z (pass) owner surviving SIGTERM is never claimed [514.87ms]
quality	Run the release contract	2026-10-06T19:56:26.2049519Z (pass) recycled pid is unlinked without signaling the innocent occupant [141.68ms]
quality	Run the release contract	2026-10-06T19:56:26.3549107Z (pass) heartbeat refresh is throttled and owner-scoped [149.96ms]
quality	Run the release contract	2026-10-06T19:56:26.6228588Z (pass) /glla owner reports unclaimed / self / live holder [267.89ms]
quality	Run the release contract	2026-10-06T19:56:26.6359508Z (pass) /glla takeover end to end reclaims a dead root via command [13.23ms]
quality	Run the release contract	2026-10-06T19:56:26.7772700Z (pass) /glla takeover aborts on dismissed confirm without signaling [141.17ms]
quality	Run the release contract	2026-10-06T19:56:26.7890462Z (pass) source pins the new escape hatches on both read-only warnings [11.86ms]
quality	Run the release contract	2026-10-06T19:56:26.9301399Z (pass) audit-2026-09-06: takeover re-verifies the occupant at signal time [141.00ms]
quality	Run the release contract	2026-10-06T19:56:26.9301910Z 
quality	Run the release contract	2026-10-06T19:56:26.9302297Z ##[endgroup]
quality	Run the release contract	2026-10-06T19:56:26.9304582Z 
quality	Run the release contract	2026-10-06T19:56:26.9305187Z ##[group]tests/retry-bounds.test.ts:
quality	Run the release contract	2026-10-06T19:56:27.2063185Z (pass) E2: persisted auditInfraStreak field (type + schema) [0.38ms]
quality	Run the release contract	2026-10-06T19:56:27.2402680Z (pass) E2: auditor infra errors enter the durable bounded retry plan (v0.34.51 — no 3-strike stop) [33.93ms]
quality	Run the release contract	2026-10-06T19:56:27.2468626Z (pass) main recovery remains unbounded but auditor retries retain their fixed horizon [6.78ms]
quality	Run the release contract	2026-10-06T19:56:27.2478577Z (pass) v0.36.0: aggressive auditor disapprovals become durable TODOs and stop on repeated no-progress [0.92ms]
quality	Run the release contract	2026-10-06T19:56:27.2482444Z (pass) E3: send-retry re-arms counted, ledgered, escalated [0.44ms]
quality	Run the release contract	2026-10-06T19:56:27.2487196Z (pass) v0.28.29: busy-retry cadence backs off (no more flat 50ms spins) [0.45ms]
quality	Run the release contract	2026-10-06T19:56:27.2497885Z (pass) v0.28.29: escalation is TIME-based and ACTIVITY-gated (busy ≠ wedged — the polis false positive) [0.99ms]
quality	Run the release contract	2026-10-06T19:56:27.2509050Z (pass) E3: provider-held send storms enter durable main-model recovery [1.16ms]
quality	Run the release contract	2026-10-06T19:56:27.2533962Z (pass) E8: the error brake carries the REAL error text, not stopReason [2.53ms]
quality	Run the release contract	2026-10-06T19:56:27.2543931Z (pass) v0.34.26: output-token-limit provider errors are classified as a deterministic wall, not a flake [0.97ms]
quality	Run the release contract	2026-10-06T19:56:27.2545401Z (pass) v0.34.36: a loop whose continuation never starts is durably stopped and resumable [0.15ms]
quality	Run the release contract	2026-10-06T19:56:27.2549559Z (pass) v0.34.51: stored-claim auditor retries enter the durable plan on ANY infra error [0.39ms]
quality	Run the release contract	2026-10-06T19:56:27.2560641Z (pass) v0.34.26: length-continue exhaustion is a durable paused state, not a transient notify [1.06ms]
quality	Run the release contract	2026-10-06T19:56:27.2572546Z (pass) E8: user aborts braked SEPARATELY — honest message, no auto-resume [1.19ms]
quality	Run the release contract	2026-10-06T19:56:27.2587037Z (pass) E8: provider-error brake gets ONE capped escalating auto-resume with reason re-check (v0.28.25) [1.44ms]
quality	Run the release contract	2026-10-06T19:56:27.2597442Z (pass) v0.28.25: inter-error retries ride an exponential ladder, not the immediate continuation [1.04ms]
quality	Run the release contract	2026-10-06T19:56:27.2621075Z (pass) v0.28.26: quota-blocked audits store the claim + the retry re-runs the AUDITOR directly (no agent turn) [2.21ms]
quality	Run the release contract	2026-10-06T19:56:27.2626015Z (pass) v0.28.26: pendingCompletion typed + schematized [0.64ms]
quality	Run the release contract	2026-10-06T19:56:27.2626534Z 
quality	Run the release contract	2026-10-06T19:56:27.2626939Z ##[endgroup]
quality	Run the release contract	2026-10-06T19:56:27.2630898Z 
quality	Run the release contract	2026-10-06T19:56:27.2631746Z ##[group]tests/goal-loop-dispatch.test.ts:
quality	Run the release contract	2026-10-06T19:56:27.5301620Z (pass) dispatch starts prepared and only accepted records can time out [0.26ms]
quality	Run the release contract	2026-10-06T19:56:27.5303221Z (pass) start proof is generation/owner-bound and prompt matching is exact to the attempt marker [0.10ms]
quality	Run the release contract	2026-10-06T19:56:27.5305453Z (pass) dispatch sidecar is atomic and recoverable across a session boundary [0.91ms]
quality	Run the release contract	2026-10-06T19:56:27.5306962Z (pass) corrupt or unknown sidecar records are ignored [0.31ms]
quality	Run the release contract	2026-10-06T19:56:27.5307655Z 
quality	Run the release contract	2026-10-06T19:56:27.5308358Z ##[endgroup]
quality	Run the release contract	2026-10-06T19:56:27.5309052Z 
quality	Run the release contract	2026-10-06T19:56:27.5309684Z ##[group]tests/respec-builder.test.ts:
quality	Run the release contract	2026-10-06T19:56:27.8021504Z (pass) replanning receives the missing contract evidence when semantic approval is rejected [0.80ms]
quality	Run the release contract	2026-10-06T19:56:27.8032562Z (pass) task completion is only a claim; approving one batch leaves the project unfinished [0.44ms]
quality	Run the release contract	2026-10-06T19:56:27.8036006Z (pass) failed, contradictory and infrastructure verdicts cannot close requirements [0.26ms]
quality	Run the release contract	2026-10-06T19:56:27.8038362Z (pass) stale worker results and incomplete batches cannot trigger settlement [0.67ms]
quality	Run the release contract	2026-10-06T19:56:27.8040123Z (pass) blocked requirements stay unfinished and visible through planning and serialization [0.31ms]
quality	Run the release contract	2026-10-06T19:56:27.8041730Z (pass) draft adoption rejects empty criteria and ignores supplied agent verification status [0.20ms]
quality	Run the release contract	2026-10-06T19:56:27.8043382Z (pass) increment audits carry acceptance criteria and regressions into the production auditor prompt [0.90ms]
quality	Run the release contract	2026-10-06T19:56:27.8378209Z (pass) scope refinement invalidates in-flight claims and records explicit removals [33.76ms]
quality	Run the release contract	2026-10-06T19:56:27.8383135Z (pass) blocking a batch retains its work and unblocking requires a concrete reason [0.40ms]
quality	Run the release contract	2026-10-06T19:56:27.8384700Z (pass) a negative regression audit reopens earlier capabilities instead of displaying stale verification [0.23ms]
quality	Run the release contract	2026-10-06T19:56:27.8385335Z 
quality	Run the release contract	2026-10-06T19:56:27.8385695Z ##[endgroup]
quality	Run the release contract	2026-10-06T19:56:27.8388452Z 
quality	Run the release contract	2026-10-06T19:56:27.8389434Z ##[group]tests/loop-forever.test.ts:
quality	Run the release contract	2026-10-06T19:56:28.1086151Z (pass) isLifecycleHeldLoopReason separates recoverable lifecycle holds from deliberate/safety stops [0.26ms]
quality	Run the release contract	2026-10-06T19:56:28.1087107Z (pass) parseMetric: plain integer [0.05ms]
quality	Run the release contract	2026-10-06T19:56:28.1087615Z (pass) parseMetric: number inside text [0.04ms]
quality	Run the release contract	2026-10-06T19:56:28.1088327Z (pass) parseMetric: negative + scientific [0.04ms]
quality	Run the release contract	2026-10-06T19:56:28.1089565Z (pass) parseMetric: no number → null (broken measure is a stall, not a crash) [0.03ms]
quality	Run the release contract	2026-10-06T19:56:28.1090670Z (pass) parseMetric: takes the FIRST number [0.02ms]
quality	Run the release contract	2026-10-06T19:56:28.1091438Z (pass) isImprovement: first value is always baseline [0.05ms]
quality	Run the release contract	2026-10-06T19:56:28.1092111Z (pass) isImprovement: min direction [0.03ms]
quality	Run the release contract	2026-10-06T19:56:28.1092695Z (pass) isImprovement: max direction [0.03ms]
quality	Run the release contract	2026-10-06T19:56:28.1093909Z (pass) v0.29.10 — applyMeasurement: null best (deferred audit baseline) seeds on first real measurement [0.43ms]
quality	Run the release contract	2026-10-06T19:56:28.1428915Z (pass) v0.35.31 exemption pin — audit flats count toward plateau from the start; non-audit pre-movement flats stay free [34.06ms]
quality	Run the release contract	2026-10-06T19:56:28.1431849Z (pass) v0.35.31 exemption pin — an audit loop never gets the 'metric never moved' stop [0.54ms]
quality	Run the release contract	2026-10-06T19:56:28.1467047Z (pass) v0.29.10 — audit loop source pins: deferred baseline, true-regression note, live-loop reseed migration [3.51ms]
quality	Run the release contract	2026-10-06T19:56:28.1468832Z (pass) applyMeasurement: improvement resets stall, records best [0.10ms]
quality	Run the release contract	2026-10-06T19:56:28.1470666Z (pass) applyMeasurement: non-improvement increments stall [0.09ms]
quality	Run the release contract	2026-10-06T19:56:28.1472440Z (pass) applyMeasurement: broken measure (null) is NOT a stall — tracked separately (E5) [0.08ms]
quality	Run the release contract	2026-10-06T19:56:28.1473796Z (pass) applyMeasurement: a numeric value resets the null streak (E5) [0.06ms]
quality	Run the release contract	2026-10-06T19:56:28.1475432Z (pass) applyMeasurement: plateauWindow consecutive nulls stop with 'measure command broken', NOT plateau (E5) [0.17ms]
quality	Run the release contract	2026-10-06T19:56:28.1476703Z (pass) applyMeasurement: an interleaved null does not move the real stall count (E5) [0.13ms]
quality	Run the release contract	2026-10-06T19:56:28.1477932Z (pass) applyMeasurement: plateau stops the loop [0.07ms]
quality	Run the release contract	2026-10-06T19:56:28.1479407Z (pass) v0.35.31 — a never-moved zero baseline does not false-plateau a working min loop [0.24ms]
quality	Run the release contract	2026-10-06T19:56:28.1481801Z (pass) v0.35.31 — the never-moved grace is bounded by a loud distinct stop [0.19ms]
quality	Run the release contract	2026-10-06T19:56:28.1483238Z (pass) v0.35.31 — a resumed run whose best differs from its first reading still plateaus honestly [0.11ms]
quality	Run the release contract	2026-10-06T19:56:28.1484392Z (pass) applyMeasurement: max iterations stops the loop [0.11ms]
quality	Run the release contract	2026-10-06T19:56:28.1485777Z (pass) applyMeasurement: plateau wins over cap when both hit [0.10ms]
quality	Run the release contract	2026-10-06T19:56:28.1487115Z (pass) applyMeasurement: history is capped at 200 [0.17ms]
quality	Run the release contract	2026-10-06T19:56:28.1487852Z (pass) parseLoopStartArgs: full form [0.19ms]
quality	Run the release contract	2026-10-06T19:56:28.1488632Z (pass) parseLoopStartArgs: defaults for window and max [0.14ms]
quality	Run the release contract	2026-10-06T19:56:28.1489356Z (pass) parseLoopStartArgs: unquoted target works [0.08ms]
quality	Run the release contract	2026-10-06T19:56:28.1490231Z (pass) parseLoopStartArgs: bare start (no measure=) is the infinite metricless form (v0.23.6) [0.07ms]
quality	Run the release contract	2026-10-06T19:56:28.1494198Z (pass) parseLoopStartArgs: direction= without a measure throws [0.52ms]
quality	Run the release contract	2026-10-06T19:56:28.1495212Z (pass) parseLoopStartArgs: missing direction throws [0.12ms]
quality	Run the release contract	2026-10-06T19:56:28.1496381Z (pass) parseLoopStartArgs: missing target throws [0.12ms]
quality	Run the release contract	2026-10-06T19:56:28.1497582Z (pass) parseLoopStartArgs: measure with pipes/quotes survives [0.11ms]
quality	Run the release contract	2026-10-06T19:56:28.1498583Z (pass) parseLoopStartArgs: branch flag off by default [0.08ms]
quality	Run the release contract	2026-10-06T19:56:28.1500676Z (pass) parseLoopStartArgs: branch=1 / branch=true enable branch mode [0.17ms]
quality	Run the release contract	2026-10-06T19:56:28.1502356Z (pass) applyMeasurement: time bound stops when elapsed hours exceeded [0.16ms]
quality	Run the release contract	2026-10-06T19:56:28.1503437Z (pass) applyMeasurement: time bound does not stop before the limit [0.09ms]
quality	Run the release contract	2026-10-06T19:56:28.1506147Z (pass) applyMeasurement: token budget stops when exhausted [0.25ms]
quality	Run the release contract	2026-10-06T19:56:28.1507205Z (pass) applyMeasurement: no bound = process never 'completes' (v0.15.0) [0.09ms]
quality	Run the release contract	2026-10-06T19:56:28.1508569Z (pass) parseLoopStartArgs: done= throws a teaching error (v0.15.0) [0.15ms]
quality	Run the release contract	2026-10-06T19:56:28.1512152Z (pass) parseLoopStartArgs: time=, tokens=, and cadence= parse as bounded controls [0.30ms]
quality	Run the release contract	2026-10-06T19:56:28.1513529Z (pass) parseLoopStartArgs: force flag off by default, on with 1/true [0.16ms]
quality	Run the release contract	2026-10-06T19:56:28.1514597Z (pass) loopBranchName: format is pi-glla-loop/<timestamp>-<slug> [0.09ms]
quality	Run the release contract	2026-10-06T19:56:28.1515560Z (pass) loopBranchName: empty slug falls back to 'loop' [0.08ms]
quality	Run the release contract	2026-10-06T19:56:28.1516499Z (pass) loopBranchName: slug is capped at 30 chars [0.11ms]
quality	Run the release contract	2026-10-06T19:56:28.1518029Z (pass) applyRefinement: target-only change keeps baseline and stall state [0.13ms]
quality	Run the release contract	2026-10-06T19:56:28.1519215Z (pass) applyRefinement: measure change re-baselines and resets stall [0.10ms]
quality	Run the release contract	2026-10-06T19:56:28.1520465Z (pass) parseLoopStartArgs: measure=none yields a metricless config [0.09ms]
quality	Run the release contract	2026-10-06T19:56:28.1522172Z (pass) parseLoopStartArgs: measure=NONE is case-insensitive [0.16ms]
quality	Run the release contract	2026-10-06T19:56:28.1523280Z (pass) parseLoopStartArgs: direction with measure=none throws [0.12ms]
quality	Run the release contract	2026-10-06T19:56:28.1524405Z (pass) parseLoopStartArgs: explicit max= caps even a metricless loop [0.08ms]
quality	Run the release contract	2026-10-06T19:56:28.1525549Z (pass) parseLoopStartArgs: max=0 = truly unbounded; absent max = 50 [0.11ms]
quality	Run the release contract	2026-10-06T19:56:28.1527454Z (pass) applyMetriclessTick: iterates without plateau and never improves [0.17ms]
quality	Run the release contract	2026-10-06T19:56:28.1528519Z (pass) applyMetriclessTick: max iterations still stops the loop [0.11ms]
quality	Run the release contract	2026-10-06T19:56:28.1530720Z (pass) applyMetriclessTick: time and token bounds still stop the loop [0.19ms]
quality	Run the release contract	2026-10-06T19:56:28.1534771Z (pass) v0.35.72: all loop measure entry points are bounded and reject failed numeric output [0.38ms]
quality	Run the release contract	2026-10-06T19:56:28.1536145Z (pass) applyMeasurement: max=0 = no iteration cap for measured loops either [0.15ms]
quality	Run the release contract	2026-10-06T19:56:28.1541183Z (pass) resolveSpecFile: finds SPEC.md in root, prefers it over spec.md [0.45ms]
quality	Run the release contract	2026-10-06T19:56:28.1545537Z (pass) resolveSpecFile: spec.md fallback; null when absent; root only (no subdir crawl) [0.42ms]
quality	Run the release contract	2026-10-06T19:56:28.1547137Z (pass) respecTarget: names the spec, Rules binding, rest follows code, rotates implement/audit [0.18ms]
quality	Run the release contract	2026-10-06T19:56:28.1548154Z (pass) respecTarget bootstrapping: big draft first, then reconcile [0.12ms]
quality	Run the release contract	2026-10-06T19:56:28.1553057Z (pass) resolveSpecFiles: returns all root specs in priority order (v0.24.4) [0.45ms]
quality	Run the release contract	2026-10-06T19:56:28.1554784Z (pass) parseLoopStartArgs: toolsamerepeat=N parses; 0 disables the legacy check [0.15ms]
quality	Run the release contract	2026-10-06T19:56:28.1595246Z (pass) v0.29.0: /loop audit — metric loop over open findings; plateau = the well is dry [4.00ms]
quality	Run the release contract	2026-10-06T19:56:28.1639082Z (pass) v0.35.4: auditMeasureCmd counts closed FIX findings only (DECIDED/DEFERRED excluded) [4.39ms]
quality	Run the release contract	2026-10-06T19:56:28.1644682Z (pass) v0.35.4: countOpenAuditFindings/topOpenAuditFinding tolerate aligned open boxes [0.54ms]
quality	Run the release contract	2026-10-06T19:56:28.1677314Z (pass) v0.38.33: indented boxes count and queue identically across all four readers [3.24ms]
quality	Run the release contract	2026-10-06T19:56:28.1683400Z (pass) v0.38.33: topOpenAuditFinding strips the indent, never the text [0.59ms]
quality	Run the release contract	2026-10-06T19:56:28.1687254Z (pass) L7: countCheckedSpecItems counts indented boxes like its siblings [0.39ms]
quality	Run the release contract	2026-10-06T19:56:28.1688799Z (pass) L6 (pin): a fired loop timer clears its handle before any early return [0.17ms]
quality	Run the release contract	2026-10-06T19:56:28.1690370Z (pass) L5 (pin): the loop-turn send and retry payload share one prompt build [0.13ms]
quality	Run the release contract	2026-10-06T19:56:28.1692348Z (pass) v0.35.4: parseLoopStartArgs keeps =-bearing text inside quotes and restores unknown keys [0.19ms]
quality	Run the release contract	2026-10-06T19:56:28.1694829Z (pass) v0.35.42 — the flat-reading grace applies in a NEW measure era despite old-era improvements [0.21ms]
quality	Run the release contract	2026-10-06T19:56:28.1696451Z (pass) v0.35.42 — a dead NEW metric still earns its never-moved stop after a refine [0.14ms]
quality	Run the release contract	2026-10-06T19:56:28.1697038Z 
quality	Run the release contract	2026-10-06T19:56:28.1697502Z ##[endgroup]
quality	Run the release contract	2026-10-06T19:56:28.1702257Z 
quality	Run the release contract	2026-10-06T19:56:28.1703175Z ##[group]tests/audit-unsettled-treadmill-cap.test.ts:
quality	Run the release contract	2026-10-06T19:56:28.4440156Z (pass) countTrailingUnsettledRounds — all verdict classes > counts disapprovals, and an approval breaks the streak [0.44ms]
quality	Run the release contract	2026-10-06T19:56:28.4442996Z (pass) countTrailingUnsettledRounds — all verdict classes > counts a regression-shield block, which the disapproval cap cannot see [0.17ms]
quality	Run the release contract	2026-10-06T19:56:28.4444939Z (pass) countTrailingUnsettledRounds — all verdict classes > counts an IMPOSSIBLE(partial) verdict [0.13ms]
quality	Run the release contract	2026-10-06T19:56:28.4446217Z (pass) countTrailingUnsettledRounds — all verdict classes > an infra error is transparent; a clean approval of a shielded round is NOT [0.11ms]
quality	Run the release contract	2026-10-06T19:56:28.4447994Z (pass) countTrailingUnsettledRounds — all verdict classes > a mechanical pre-audit gate row stays transparent [0.09ms]
quality	Run the release contract	2026-10-06T19:56:28.4449663Z (pass) grader alternation no longer defeats the hard cap > an alternating primary/fallback streak is detected as unstable [0.11ms]
quality	Run the release contract	2026-10-06T19:56:28.4451383Z (pass) grader alternation no longer defeats the hard cap > a single-grader streak is still reported stable [0.09ms]
quality	Run the release contract	2026-10-06T19:56:29.3402163Z (pass) regression shield — the branch the cap could not see > shield blocks pause at the hard cap instead of re-continuing forever [895.41ms]
quality	Run the release contract	2026-10-06T19:56:29.3425279Z 
quality	Run the release contract	2026-10-06T19:56:29.3470705Z ##[endgroup]
quality	Run the release contract	2026-10-06T19:56:29.3500050Z 
quality	Run the release contract	2026-10-06T19:56:29.3530968Z ##[group]tests/post-drafting-stuck.test.ts:
quality	Run the release contract	2026-10-06T19:56:29.8941835Z (pass) post-drafting: complete_goal storage failure returns an error, never a wait narrative [57.91ms]
quality	Run the release contract	2026-10-06T19:56:30.1288112Z (pass) post-drafting: resume_goal resumes a paused auditor-retry list item [235.07ms]
quality	Run the release contract	2026-10-06T19:56:30.1289703Z (pass) post-drafting: auditor retry waits after the eager probe are capped at 15 minutes [0.90ms]
quality	Run the release contract	2026-10-06T19:56:30.1291427Z (pass) post-drafting: recovery-wait surfaces name resume_goal as the agent path [0.59ms]
quality	Run the release contract	2026-10-06T19:56:30.1321512Z 
quality	Run the release contract	2026-10-06T19:56:30.1327847Z ##[endgroup]
quality	Run the release contract	2026-10-06T19:56:30.1328143Z 
quality	Run the release contract	2026-10-06T19:56:30.1328947Z ##[group]tests/test-split.test.ts:
quality	Run the release contract	2026-10-06T19:56:30.4220167Z (pass) test-split: every slow-listed file exists and is a test file [0.66ms]
quality	Run the release contract	2026-10-06T19:56:30.4240939Z (pass) test-split: fast mode excludes via one ignore pattern per slow file [0.29ms]
quality	Run the release contract	2026-10-06T19:56:30.4242095Z (pass) test-split: explicit paths drop the ignore patterns [0.14ms]
quality	Run the release contract	2026-10-06T19:56:30.4243438Z (pass) test-split: slow mode names the files; all mode passes through [0.17ms]
quality	Run the release contract	2026-10-06T19:56:30.4244437Z (pass) runner: the stall window is bounded and overridable [0.16ms]
quality	Run the release contract	2026-10-06T19:56:30.4245421Z (pass) runner: silence past the window stalls, progress resets the clock [0.10ms]
quality	Run the release contract	2026-10-06T19:56:30.4246406Z (pass) runner: the wrapper owns its child (no orphan on abort) [0.22ms]
quality	Run the release contract	2026-10-06T19:56:30.4247446Z (pass) runner: the hand-written .d.mts declares every runtime export (drift guard) [0.46ms]
quality	Run the release contract	2026-10-06T19:56:30.4248597Z (pass) v0.38.104: the suite child is detached so the documented group-kill is real [0.43ms]
quality	Run the release contract	2026-10-06T19:56:30.4791308Z (pass) v0.38.104: the release gate runs the hardened runner, and CI bounds both jobs [54.99ms]
quality	Run the release contract	2026-10-06T19:56:30.4863395Z (pass) v0.38.104: no test gates itself on the removed @tintinweb fork [7.36ms]
quality	Run the release contract	2026-10-06T19:56:30.4865022Z (pass) v0.38.104: tests/README.md does not claim npm test runs the whole suite [0.20ms]
quality	Run the release contract	2026-10-06T19:56:30.4865472Z 
quality	Run the release contract	2026-10-06T19:56:30.4865813Z ##[endgroup]
quality	Run the release contract	2026-10-06T19:56:30.4870640Z 
quality	Run the release contract	2026-10-06T19:56:30.4871324Z ##[group]tests/repair-source-consume-durability.test.ts:
quality	Run the release contract	2026-10-06T19:56:30.8198172Z (pass) failed repair-source deletion restores the durable repair link [47.43ms]
quality	Run the release contract	2026-10-06T19:56:30.8198836Z 
quality	Run the release contract	2026-10-06T19:56:30.8199179Z ##[endgroup]
quality	Run the release contract	2026-10-06T19:56:30.8201080Z 
quality	Run the release contract	2026-10-06T19:56:30.8201652Z ##[group]tests/owner-file-protocol.test.ts:
quality	Run the release contract	2026-10-06T19:56:31.1041926Z (pass) Windows replacement retries a sharing violation without unlinking the previous owner [1.93ms]
quality	Run the release contract	2026-10-06T19:56:32.3867557Z (pass) competing Node processes serialize owner mutations and publish only complete records [1282.60ms]
quality	Run the release contract	2026-10-06T19:56:32.5590092Z (pass) a live mutation times out contenders; SIGKILL recovery never removes a successor lock [172.42ms]
quality	Run the release contract	2026-10-06T19:56:32.5591744Z (pass) Windows participant read retries denial but preserves malformed-record refusal [0.32ms]
quality	Run the release contract	2026-10-06T19:56:32.5592450Z 
quality	Run the release contract	2026-10-06T19:56:32.5592986Z ##[endgroup]
quality	Run the release contract	2026-10-06T19:56:32.5600486Z 
quality	Run the release contract	2026-10-06T19:56:32.5601152Z ##[group]tests/repair-card-loop-block.test.ts:
quality	Run the release contract	2026-10-06T19:56:33.1006668Z (pass) v0.35.22: activating a queued item under a LIVE loop refuses LOUDLY — warning names the queued item and the way out [263.86ms]
quality	Run the release contract	2026-10-06T19:56:33.6408642Z (pass) v0.35.22: when the loop ends, the blocked item becomes startable — /loop stop advances the queue [540.29ms]
quality	Run the release contract	2026-10-06T19:56:33.9284619Z (pass) v0.35.41: the stuck-ladder stop also announces queued-list resumption [287.48ms]
quality	Run the release contract	2026-10-06T19:56:35.1162099Z (pass) v0.35.41: the provider-error cap stop also announces queued-list resumption [1187.60ms]
quality	Run the release contract	2026-10-06T19:56:35.1162956Z 
quality	Run the release contract	2026-10-06T19:56:35.1163520Z ##[endgroup]
quality	Run the release contract	2026-10-06T19:56:35.1166607Z 
quality	Run the release contract	2026-10-06T19:56:35.1167548Z ##[group]tests/draft-template-failure.test.ts:
quality	Run the release contract	2026-10-06T19:56:35.4081477Z (pass) drafting gate is claimed only after prompt construction [0.44ms]
quality	Run the release contract	2026-10-06T19:56:35.4101406Z (pass) the post-claim model failure still clears drafting state before rethrow [0.25ms]
quality	Run the release contract	2026-10-06T19:56:35.4103632Z 
quality	Run the release contract	2026-10-06T19:56:35.4104210Z ##[endgroup]
quality	Run the release contract	2026-10-06T19:56:35.4104358Z 
quality	Run the release contract	2026-10-06T19:56:35.4104660Z ##[group]tests/main-model-recovery.test.ts:
quality	Run the release contract	2026-10-06T19:56:35.6891458Z (pass) main model refs preserve order, dedupe, and support nested model ids [0.35ms]
quality	Run the release contract	2026-10-06T19:56:35.6901910Z (pass) main model fallback candidates are ordered and never retried in a cycle [0.14ms]
quality	Run the release contract	2026-10-06T19:56:35.6902714Z (pass) main fallback settings dedupe case-insensitively and cap the chain at ten [0.20ms]
quality	Run the release contract	2026-10-06T19:56:35.7334336Z (pass) runtime fallback walk uses one supervised model at a time and preserves left-to-right order [44.50ms]
quality	Run the release contract	2026-10-06T19:56:35.7365497Z (pass) successful fallback turns keep the preferred primary and fail back after a supervised probe [3.27ms]
quality	Run the release contract	2026-10-06T19:56:35.7370937Z (pass) sticky failback preserves the old fallback-settles behavior [0.59ms]
quality	Run the release contract	2026-10-06T19:56:35.7373663Z (pass) in-band provider output is recognized only for strong repeated-pane markers [0.26ms]
quality	Run the release contract	2026-10-06T19:56:35.7376795Z (pass) the explicit Codex prompt-policy event is terminal, while lookalike text remains generic [0.28ms]
quality	Run the release contract	2026-10-06T19:56:35.7379233Z (pass) main model errors stay opaque to the recovery policy [0.22ms]
quality	Run the release contract	2026-10-06T19:56:35.7383540Z (pass) main model recovery backs off without giving up [0.41ms]
quality	Run the release contract	2026-10-06T19:56:35.7384819Z (pass) main recovery requirements are generic across provider wording [0.08ms]
quality	Run the release contract	2026-10-06T19:56:35.7385385Z 
quality	Run the release contract	2026-10-06T19:56:35.7385867Z ##[endgroup]
quality	Run the release contract	2026-10-06T19:56:35.7389713Z 
quality	Run the release contract	2026-10-06T19:56:35.7390429Z ##[group]tests/respec-builder-audit-runtime.test.ts:
quality	Run the release contract	2026-10-06T19:56:36.0610624Z (pass) a stale audit wake does not resolve a model or launch a worker [39.60ms]
quality	Run the release contract	2026-10-06T19:56:36.4638487Z (pass) a time bound cancels an in-flight worker and retains unfinished requirements [403.46ms]
quality	Run the release contract	2026-10-06T19:56:36.6884901Z (pass) real detached protocol approval archives the intended project before terminal handoff [224.63ms]
quality	Run the release contract	2026-10-06T19:56:36.8231955Z (pass) real detached disapproval carries findings into a durable unfinished next cycle [134.44ms]
quality	Run the release contract	2026-10-06T19:56:36.9609090Z (pass) a semantic approval rejected by the regression shield reports needs work [137.95ms]
quality	Run the release contract	2026-10-06T19:56:37.1028683Z (pass) completed job is recovered after reloading an unsettled claim without another spawn [141.91ms]
quality	Run the release contract	2026-10-06T19:56:37.2693791Z (pass) pausing during an actual worker run prevents late approval from settling the project [166.45ms]
quality	Run the release contract	2026-10-06T19:56:37.4121268Z (pass) archive failure preserves approval evidence for settlement retry instead of launching another audit [142.75ms]
quality	Run the release contract	2026-10-06T19:56:37.5497245Z (pass) concurrent wake paths dispatch only one worker for the exact durable claim [137.57ms]
quality	Run the release contract	2026-10-06T19:56:37.9642288Z (pass) respec uses the shared bounded retry/fallback policy and journals its candidate cursor [414.48ms]
quality	Run the release contract	2026-10-06T19:56:37.9653955Z (pass) an exhausted token bound holds the project before spawning an auditor or claiming completion [1.30ms]
quality	Run the release contract	2026-10-06T19:56:40.2315720Z (pass) actual project lifecycle reaches detached verification through agent_end [2265.99ms]
quality	Run the release contract	2026-10-06T19:56:40.3271758Z [run-tests] progress: 420s elapsed · 0s since last output · 212 KiB of suite output
quality	Run the release contract	2026-10-06T19:56:42.7146899Z (pass) actual project lifecycle reaches detached verification through /glla resume of a stalled audit [2483.14ms]
quality	Run the release contract	2026-10-06T19:56:42.9665580Z (pass) terminal summary delivery failure preserves a replayable durable summary [251.83ms]
quality	Run the release contract	2026-10-06T19:56:42.9678400Z (pass) a failed builder journal commit restores the complete prior RAM state [1.42ms]
quality	Run the release contract	2026-10-06T19:56:42.9687418Z (pass) a supervisor freeze prevents a new project audit dispatch [0.90ms]
quality	Run the release contract	2026-10-06T19:56:43.2618581Z (pass) rapid pause/resume discards the cancelled worker result and rearms the saved claim [292.97ms]
quality	Run the release contract	2026-10-06T19:56:43.3704886Z (pass) an undelivered project summary survives replacement by a new project [108.58ms]
quality	Run the release contract	2026-10-06T19:56:43.5034792Z (pass) freezing supervision between auditor attempts prevents retry and fallback dispatch [132.96ms]
quality	Run the release contract	2026-10-06T19:56:43.6502968Z (pass) a corrupt summary outbox prevents terminal handoff and retains approved job evidence [146.77ms]
quality	Run the release contract	2026-10-06T19:56:43.9610959Z (pass) project audit preserves live tool deadline and attempt clock through the real worker bridge [310.76ms]
quality	Run the release contract	2026-10-06T19:56:43.9611597Z 
quality	Run the release contract	2026-10-06T19:56:43.9611961Z ##[endgroup]
quality	Run the release contract	2026-10-06T19:56:43.9614220Z 
quality	Run the release contract	2026-10-06T19:56:43.9614819Z ##[group]tests/audit-loop-state-root.test.ts:
quality	Run the release contract	2026-10-06T19:56:44.2832176Z (pass) sessionDir audit target, measure, and findings helper name the selected file [41.29ms]
quality	Run the release contract	2026-10-06T19:56:44.2833211Z 
quality	Run the release contract	2026-10-06T19:56:44.2833621Z ##[endgroup]
quality	Run the release contract	2026-10-06T19:56:44.2836735Z 
quality	Run the release contract	2026-10-06T19:56:44.2837471Z ##[group]tests/subagent-model-override.test.ts:
quality	Run the release contract	2026-10-06T19:56:44.5543804Z (pass) current package roles are the model override surface [0.18ms]
quality	Run the release contract	2026-10-06T19:56:44.5571199Z (pass) build: current scout definition is preserved and uses current frontmatter names [0.80ms]
quality	Run the release contract	2026-10-06T19:56:44.5578125Z (pass) build: an explicit worker pin preserves its complete upstream definition [0.71ms]
quality	Run the release contract	2026-10-06T19:56:44.5579471Z (pass) build: unknown agent name throws [0.56ms]
quality	Run the release contract	2026-10-06T19:56:44.5581011Z (pass) sync: no upstream model pin means only the GLLA Designer role is created [0.82ms]
quality	Run the release contract	2026-10-06T19:56:44.5923276Z (pass) sync: explicit current-role pin wins over strategy and is idempotent [34.62ms]
quality	Run the release contract	2026-10-06T19:56:44.5931993Z (pass) sync: clearing a current-role pin removes only GLLA-owned content [0.99ms]
quality	Run the release contract	2026-10-06T19:56:44.5937566Z (pass) sync: user-owned current role is never overwritten [0.61ms]
quality	Run the release contract	2026-10-06T19:56:44.5943154Z (pass) sync: legacy managed files are cleaned only when marked [0.59ms]
quality	Run the release contract	2026-10-06T19:56:44.5950569Z (pass) sync: missing or altered Designer definitions are repaired and flagged [0.73ms]
quality	Run the release contract	2026-10-06T19:56:44.5952080Z (pass) defaultAgentDir follows PI_CODING_AGENT_DIR when the host overrides it [0.19ms]
quality	Run the release contract	2026-10-06T19:56:44.5955687Z (pass) drift: every current built-in ships without a hidden model pin [0.32ms]
quality	Run the release contract	2026-10-06T19:56:44.5964846Z (pass) build+sync: a thinking pin writes a thinking-only override that inherits the model [0.89ms]
quality	Run the release contract	2026-10-06T19:56:44.5965276Z 
quality	Run the release contract	2026-10-06T19:56:44.5965593Z ##[endgroup]
quality	Run the release contract	2026-10-06T19:56:44.5969614Z 
quality	Run the release contract	2026-10-06T19:56:44.5970246Z ##[group]tests/retry-armed-display.test.ts:
quality	Run the release contract	2026-10-06T19:56:44.8754883Z (pass) 151113: supervised auditor wait with armed retry renders recovering, not paused [1.85ms]
quality	Run the release contract	2026-10-06T19:56:44.8756677Z (pass) 151113: status line keeps the auto-retrying countdown for the armed wait [0.42ms]
quality	Run the release contract	2026-10-06T19:56:44.8757995Z (pass) 151113: bare user wait with no armed retry still renders paused, never recovering [0.73ms]
quality	Run the release contract	2026-10-06T19:56:44.8758684Z 
quality	Run the release contract	2026-10-06T19:56:44.8759212Z ##[endgroup]
quality	Run the release contract	2026-10-06T19:56:44.8759441Z 
quality	Run the release contract	2026-10-06T19:56:44.8760212Z ##[group]tests/stats-reliability.test.ts:
quality	Run the release contract	2026-10-06T19:56:45.1580987Z (pass) reliability derives an open failure episode and elapsed audit cost without counting repeated snapshots [1.07ms]
quality	Run the release contract	2026-10-06T19:56:45.1582911Z (pass) successful semantic review or terminal archive resolves failure age; missing samples stay unknown [0.29ms]
quality	Run the release contract	2026-10-06T19:56:45.1584520Z (pass) recovery-only state preserves failure age and future/malformed timestamps remain unknown [0.24ms]
quality	Run the release contract	2026-10-06T19:56:45.1585283Z 
quality	Run the release contract	2026-10-06T19:56:45.1585808Z ##[endgroup]
quality	Run the release contract	2026-10-06T19:56:45.1586030Z 
quality	Run the release contract	2026-10-06T19:56:45.1586488Z ##[group]tests/transcript-replay.test.ts:
quality	Run the release contract	2026-10-06T19:56:45.4520813Z (pass) replay transcript 1: NEW detector says NOT stuck (item 11) [0.19ms]
quality	Run the release contract	2026-10-06T19:56:45.4522062Z (pass) replay transcript 2: NEW detector says NOT stuck (item 11) [0.03ms]
quality	Run the release contract	2026-10-06T19:56:45.4526801Z (pass) replay transcripts: OLD detector WOULD have flagged both (the false positive being fixed) [1.09ms]
quality	Run the release contract	2026-10-06T19:56:45.4527931Z (pass) replay transcripts without the shipped work: narrate-but-don't-ship is still stuck [0.20ms]
quality	Run the release contract	2026-10-06T19:56:45.4528464Z 
quality	Run the release contract	2026-10-06T19:56:45.4528931Z ##[endgroup]
quality	Run the release contract	2026-10-06T19:56:45.4529176Z 
quality	Run the release contract	2026-10-06T19:56:45.4529661Z ##[group]tests/stale-event-context.test.ts:
quality	Run the release contract	2026-10-06T19:56:45.7690879Z (pass) late agent_settled events with stale contexts are ignored safely [41.18ms]
quality	Run the release contract	2026-10-06T19:56:45.7691492Z 
quality	Run the release contract	2026-10-06T19:56:45.7691922Z ##[endgroup]
quality	Run the release contract	2026-10-06T19:56:45.7693822Z 
quality	Run the release contract	2026-10-06T19:56:45.7694542Z ##[group]tests/same-process-successor-resume.test.ts:
quality	Run the release contract	2026-10-06T19:56:46.4241238Z (pass) same-process successor resumes a held ACTIVE goal — the list/goal asymmetry fix [388.39ms]
quality	Run the release contract	2026-10-06T19:56:46.8002317Z (pass) same-process successor auto-retries a parked completion-audit claim — auditor consent parity [375.96ms]
quality	Run the release contract	2026-10-06T19:56:47.1890400Z (pass) different-pid crash successor still HOLDS the goal — the cold-load law stands [388.77ms]
quality	Run the release contract	2026-10-06T19:56:47.1891407Z 
quality	Run the release contract	2026-10-06T19:56:47.1892085Z ##[endgroup]
quality	Run the release contract	2026-10-06T19:56:47.2221221Z 
quality	Run the release contract	2026-10-06T19:56:47.2222418Z ##[group]tests/postaudit-surface.test.ts:
quality	Run the release contract	2026-10-06T19:56:47.5451450Z (pass) fireReviewer emits a SECOND notify with the review file path after the cascade [0.46ms]
quality	Run the release contract	2026-10-06T19:56:47.5481119Z (pass) surface-notify branch is preceded by the existing manual-suppressed notify [0.29ms]
quality	Run the release contract	2026-10-06T19:56:47.5510704Z (pass) postaudit settings key takes precedence over legacy reviewer key (fireReviewer) [0.16ms]
quality	Run the release contract	2026-10-06T19:56:47.5537079Z (pass) Settings type accepts both reviewer and postaudit keys [0.22ms]
quality	Run the release contract	2026-10-06T19:56:47.5550727Z (pass) SETTINGS_KEYS includes postaudit and toolOverrides [0.04ms]
quality	Run the release contract	2026-10-06T19:56:47.5570738Z (pass) /glla postaudit opens the same menu as /glla reviewer (no behavioral split) [0.33ms]
quality	Run the release contract	2026-10-06T19:56:47.5572055Z (pass) /glla routes reviewer (legacy) and postaudit (new) without completion rows [0.31ms]
quality	Run the release contract	2026-10-06T19:56:47.5591679Z (pass) resolveReviewerConfig: postaudit and reviewer blocks merge equivalently [0.19ms]
quality	Run the release contract	2026-10-06T19:56:47.5630699Z (pass) goal-loop-continuation prompt carries the 0.27.5 chunk-near-context-full hint [0.20ms]
quality	Run the release contract	2026-10-06T19:56:47.5634104Z 
quality	Run the release contract	2026-10-06T19:56:47.5660540Z ##[endgroup]
quality	Run the release contract	2026-10-06T19:56:47.5660795Z 
quality	Run the release contract	2026-10-06T19:56:48.0552866Z ##[group]tests/active-liveness.test.ts:
quality	Run the release contract	2026-10-06T19:56:48.0553955Z (pass) headLifesign falls back to host stream silence with the same bands [0.28ms]
quality	Run the release contract	2026-10-06T19:56:48.0555306Z (pass) tracked rows win over the stream fallback [0.12ms]
quality	Run the release contract	2026-10-06T19:56:48.0559379Z (pass) active head shows main-model stream age without tracked rows [0.74ms]
quality	Run the release contract	2026-10-06T19:56:48.0868213Z (pass) stale main-model stream paints the head error, aging paints warning [30.59ms]
quality	Run the release contract	2026-10-06T19:56:48.0870924Z (pass) future or missing stream evidence invents no head readout [0.49ms]
quality	Run the release contract	2026-10-06T19:56:48.0877008Z (pass) stamped last action carries bucketed recency [0.62ms]
quality	Run the release contract	2026-10-06T19:56:48.0882880Z (pass) unstamped or future-stamped actions carry no recency [0.55ms]
quality	Run the release contract	2026-10-06T19:56:48.0883817Z 
quality	Run the release contract	2026-10-06T19:56:48.0884613Z ##[endgroup]
quality	Run the release contract	2026-10-06T19:56:48.0887930Z 
quality	Run the release contract	2026-10-06T19:56:48.0888758Z ##[group]tests/real-host-canary.test.ts:
quality	Run the release contract	2026-10-06T19:56:48.4375452Z (pass) real-host canary reports an explicit skip without opt-in or spawning Pi [64.86ms]
quality	Run the release contract	2026-10-06T19:56:48.5292784Z (pass) opt-in canary installs its request guard and records bounded host evidence (stub host) [91.69ms]
quality	Run the release contract	2026-10-06T19:56:49.3736546Z (pass) generated canary uses actual Pi dispatcher and allowed transport behavior [843.82ms]
quality	Run the release contract	2026-10-06T19:56:50.2220135Z (pass) generated canary uses actual Pi dispatcher and unknown-price transport behavior [848.90ms]
quality	Run the release contract	2026-10-06T19:56:51.0814038Z (pass) generated canary uses actual Pi dispatcher and over-budget transport behavior [859.37ms]
quality	Run the release contract	2026-10-06T19:56:51.9238346Z (pass) generated canary uses actual Pi dispatcher and unsupported-cap transport behavior [842.43ms]
quality	Run the release contract	2026-10-06T19:56:52.7560819Z (pass) generated canary uses actual Pi dispatcher and oversized transport behavior [832.22ms]
quality	Run the release contract	2026-10-06T19:56:53.6120993Z (pass) generated canary uses actual Pi dispatcher and second-request transport behavior [856.01ms]
quality	Run the release contract	2026-10-06T19:56:53.9586120Z (pass) generated canary uses actual Pi dispatcher and receipt-write transport behavior [346.51ms]
quality	Run the release contract	2026-10-06T19:56:53.9586602Z 
quality	Run the release contract	2026-10-06T19:56:53.9586920Z ##[endgroup]
quality	Run the release contract	2026-10-06T19:56:53.9591363Z 
quality	Run the release contract	2026-10-06T19:56:53.9591835Z ##[group]tests/session-visibility.test.ts:
quality	Run the release contract	2026-10-06T19:56:54.2348070Z (pass) tally classifies like auditVerdictLabel [0.95ms]
quality	Run the release contract	2026-10-06T19:56:54.2349005Z (pass) tally segment stays silent with no verdicts [0.39ms]
quality	Run the release contract	2026-10-06T19:56:54.2350453Z (pass) recovery banner pins objective, next task, audits, resume [0.44ms]
quality	Run the release contract	2026-10-06T19:56:54.2353103Z (pass) v0.38.55: auditing status line is liveness-only — the tally lives on the card (Screenshot 20260914) [1.36ms]
quality	Run the release contract	2026-10-06T19:56:54.4080320Z (pass) reload with a held goal paints the recovery banner from disk [173.70ms]
quality	Run the release contract	2026-10-06T19:56:54.4081538Z (pass) future verdict timestamp suppresses the age instead of printing 0s ago [0.26ms]
quality	Run the release contract	2026-10-06T19:56:54.4082084Z 
quality	Run the release contract	2026-10-06T19:56:54.4082681Z ##[endgroup]
quality	Run the release contract	2026-10-06T19:56:54.4107376Z 
quality	Run the release contract	2026-10-06T19:56:54.4108435Z ##[group]tests/durable-defer-ui-fixture.test.ts:
quality	Run the release contract	2026-10-06T19:56:54.6930489Z (pass) deterministic goal-card fixture keeps the durable plaque first after three defers [1.84ms]
quality	Run the release contract	2026-10-06T19:56:54.6931031Z 
quality	Run the release contract	2026-10-06T19:56:54.6931353Z ##[endgroup]
quality	Run the release contract	2026-10-06T19:56:54.6931488Z 
quality	Run the release contract	2026-10-06T19:56:54.6931754Z ##[group]tests/list-queue.test.ts:
quality	Run the release contract	2026-10-06T19:56:55.0255158Z (pass) readState restores an empty list when no state exists [1.07ms]
quality	Run the release contract	2026-10-06T19:56:55.0266605Z (pass) readState restores list from the latest state event [1.26ms]
quality	Run the release contract	2026-10-06T19:56:55.0277188Z (pass) latest state event wins for the list [1.08ms]
quality	Run the release contract	2026-10-06T19:56:55.0287681Z (pass) list events (list_added etc.) do not corrupt state restore [1.01ms]
quality	Run the release contract	2026-10-06T19:56:55.0296388Z (pass) state event without a list field restores as empty list (v0.1.0 compat) [0.87ms]
quality	Run the release contract	2026-10-06T19:56:55.0297471Z (pass) takeAt: head is the FIFO default [0.08ms]
quality	Run the release contract	2026-10-06T19:56:55.0298158Z (pass) takeAt: middle item [0.10ms]
quality	Run the release contract	2026-10-06T19:56:55.0298787Z (pass) takeAt: last item [0.05ms]
quality	Run the release contract	2026-10-06T19:56:55.0299445Z (pass) takeAt: out of range returns null [0.06ms]
quality	Run the release contract	2026-10-06T19:56:55.0330647Z (pass) v0.28.28: unsolicited enqueue (reviewer) does not auto-start the head unless autoResume is on [3.07ms]
quality	Run the release contract	2026-10-06T19:56:55.0365958Z (pass) v0.29.4: auto-accepted drafts START (supersedes the 0.28.28 autoResume hold) [3.55ms]
quality	Run the release contract	2026-10-06T19:56:55.0372587Z (pass) v0.28.28: goal provenance — setGoal threads `via` into the record + goal_created ledger [0.57ms]
quality	Run the release contract	2026-10-06T19:56:55.0376461Z (pass) v0.28.28: /glla log [N] — human-readable ledger tail, noise-filtered [0.42ms]
quality	Run the release contract	2026-10-06T19:56:55.0384177Z (pass) v0.28.33: /glla wipe — renamed from reset (too close to /glla resume); reset redirects without acting [0.72ms]
quality	Run the release contract	2026-10-06T19:56:55.0392476Z (pass) v0.34.119: /glla cancel cancels the whole list objective, while standalone goals/loops keep their own paths [0.84ms]
quality	Run the release contract	2026-10-06T19:56:55.0393258Z 
quality	Run the release contract	2026-10-06T19:56:55.0393738Z ##[endgroup]
quality	Run the release contract	2026-10-06T19:56:55.0396997Z 
quality	Run the release contract	2026-10-06T19:56:55.0397520Z ##[group]tests/auditor-scope-guard.test.ts:
quality	Run the release contract	2026-10-06T19:56:55.3173693Z (pass) auditor scope guard — project at hand only > auditor prompt contains outside-scope guard [0.59ms]
quality	Run the release contract	2026-10-06T19:56:55.3190737Z (pass) auditor scope guard — project at hand only > outside-scope findings are recorded but not auto-queued [1.16ms]
quality	Run the release contract	2026-10-06T19:56:55.3192976Z (pass) auditor convergence contract — the change, not the repository > brief bounds blocking objections to the change and defines a reachable approval bar [0.42ms]
quality	Run the release contract	2026-10-06T19:56:55.3195060Z (pass) auditor convergence contract — the change, not the repository > a first round carries no rework framing [0.17ms]
quality	Run the release contract	2026-10-06T19:56:55.3197057Z (pass) auditor convergence contract — the change, not the repository > a rework round asks whether the PRIOR objections are closed [0.39ms]
quality	Run the release contract	2026-10-06T19:56:55.3197956Z 
quality	Run the release contract	2026-10-06T19:56:55.3198408Z ##[endgroup]
quality	Run the release contract	2026-10-06T19:56:55.3534372Z 
quality	Run the release contract	2026-10-06T19:56:55.3535368Z ##[group]tests/paused-overdue-display.test.ts:
quality	Run the release contract	2026-10-06T19:56:55.6876930Z (pass) v0.38.31: overdue wait names the recovery timer, never resuming now [1.60ms]
quality	Run the release contract	2026-10-06T19:56:55.6878296Z (pass) v0.38.31: overdue wait status bar reads retry overdue [0.24ms]
quality	Run the release contract	2026-10-06T19:56:55.6891617Z (pass) v0.38.31: in-grace wait keeps resuming now [0.66ms]
quality	Run the release contract	2026-10-06T19:56:55.6892522Z (pass) v0.38.31: future wait keeps the countdown [0.54ms]
quality	Run the release contract	2026-10-06T19:56:55.6897850Z (pass) v0.38.31: wait card drops the generic tail and closes the tree [0.48ms]
quality	Run the release contract	2026-10-06T19:56:55.6908546Z (pass) v0.38.31: error pause keeps suggested action and saved tail [0.82ms]
quality	Run the release contract	2026-10-06T19:56:55.6909584Z 
quality	Run the release contract	2026-10-06T19:56:55.6910319Z ##[endgroup]
quality	Run the release contract	2026-10-06T19:56:55.6910543Z 
quality	Run the release contract	2026-10-06T19:56:55.6911024Z ##[group]tests/pause-decision-interrupt.test.ts:
quality	Run the release contract	2026-10-06T19:56:56.3837141Z (pass) decision pause persists options AND aborts the turn so the picker owns an idle surface [415.64ms]
quality	Run the release contract	2026-10-06T19:56:56.7564147Z (pass) options without kind are inferred as decision — no silently dropped picker [372.71ms]
quality	Run the release contract	2026-10-06T19:56:57.8302875Z (pass) every agent-authored pause ends the turn (blocked/error/wait), not just decisions [1073.82ms]
quality	Run the release contract	2026-10-06T19:56:58.2193960Z (pass) impossible-drop auto-advance does NOT abort — the next item's continuation owns the turn [389.09ms]
quality	Run the release contract	2026-10-06T19:56:58.2200450Z (pass) source pins: decision picker wiring + abort ordering survive refactors [0.80ms]
quality	Run the release contract	2026-10-06T19:56:58.2201040Z 
quality	Run the release contract	2026-10-06T19:56:58.2201466Z ##[endgroup]
quality	Run the release contract	2026-10-06T19:56:58.2204705Z 
quality	Run the release contract	2026-10-06T19:56:58.2205240Z ##[group]tests/tui-density.test.ts:
quality	Run the release contract	2026-10-06T19:56:58.5535227Z (pass) widget carries the audits row only with history [1.82ms]
quality	Run the release contract	2026-10-06T19:56:58.5538412Z (pass) widget fits 80 columns at width 80 [0.46ms]
quality	Run the release contract	2026-10-06T19:56:58.5541750Z (pass) paused status carries the tally [0.36ms]
quality	Run the release contract	2026-10-06T19:56:58.5545374Z (pass) ladder is one recovery per line [0.28ms]
quality	Run the release contract	2026-10-06T19:56:58.5546643Z (pass) settings tab labels carry row counts [0.06ms]
quality	Run the release contract	2026-10-06T19:56:58.5547389Z 
quality	Run the release contract	2026-10-06T19:56:58.5548001Z ##[endgroup]
quality	Run the release contract	2026-10-06T19:56:58.5550522Z 
quality	Run the release contract	2026-10-06T19:56:58.5551021Z ##[group]tests/canary-budget.test.ts:
quality	Run the release contract	2026-10-06T19:56:58.8362349Z (pass) canary bounds output and requests, removes tools, and preserves the caller payload [1.15ms]
quality	Run the release contract	2026-10-06T19:56:58.8368536Z (pass) canary refuses unsupported caps, unknown prices, oversized input, and excessive estimated spend before sending [0.47ms]
quality	Run the release contract	2026-10-06T19:56:58.8369935Z 
quality	Run the release contract	2026-10-06T19:56:58.8370618Z ##[endgroup]
quality	Run the release contract	2026-10-06T19:56:58.8738491Z 
quality	Run the release contract	2026-10-06T19:56:58.8740343Z ##[group]tests/uniform-provider-retry.test.ts:
quality	Run the release contract	2026-10-06T19:56:59.2112915Z (pass) the first provider retry is eager for every failure family [0.74ms]
quality	Run the release contract	2026-10-06T19:56:59.2114806Z (pass) later provider retries use one bounded configured ladder [0.19ms]
quality	Run the release contract	2026-10-06T19:56:59.2137004Z (pass) main-model recovery has no quota-derived policy branch [2.65ms]
quality	Run the release contract	2026-10-06T19:56:59.2171668Z (pass) the auditor durable plan is generic and keeps safe diagnostic copy [3.46ms]
quality	Run the release contract	2026-10-06T19:56:59.2176571Z (pass) display surfaces identify generic recovery, not a guessed quota state [0.44ms]
quality	Run the release contract	2026-10-06T19:56:59.2177053Z 
quality	Run the release contract	2026-10-06T19:56:59.2177438Z ##[endgroup]
quality	Run the release contract	2026-10-06T19:56:59.2181636Z 
quality	Run the release contract	2026-10-06T19:56:59.2182200Z ##[group]tests/pause-redirect.test.ts:
quality	Run the release contract	2026-10-06T19:56:59.7036846Z (pass) redirect parks the goal but keeps the turn alive for the user's new task [208.18ms]
quality	Run the release contract	2026-10-06T19:56:59.8861926Z (pass) control: a plain pause still aborts the turn (v0.35.15 contract) [179.52ms]
quality	Run the release contract	2026-10-06T19:56:59.8878139Z 
quality	Run the release contract	2026-10-06T19:56:59.8880961Z ##[endgroup]
quality	Run the release contract	2026-10-06T19:56:59.8881201Z 
quality	Run the release contract	2026-10-06T19:56:59.8881744Z ##[group]tests/tool-cap-inventory.test.ts:
quality	Run the release contract	2026-10-06T19:57:00.1622849Z (pass) cap inventory: no tool schema refuses past the documented guard [0.61ms]
quality	Run the release contract	2026-10-06T19:57:00.1623639Z (pass) darklord replay: oversized gate notes are accepted and preserved [0.29ms]
quality	Run the release contract	2026-10-06T19:57:00.1624290Z (pass) judgment and resume values clip at handlers instead of refusing [0.62ms]
quality	Run the release contract	2026-10-06T19:57:00.1624975Z (pass) cap audit gaps: judgment record and group titles clip clause-aware [0.50ms]
quality	Run the release contract	2026-10-06T19:57:00.1625307Z 
quality	Run the release contract	2026-10-06T19:57:00.1625754Z ##[endgroup]
quality	Run the release contract	2026-10-06T19:57:00.1625881Z 
quality	Run the release contract	2026-10-06T19:57:00.1626163Z ##[group]tests/loop-refine-transaction.test.ts:
quality	Run the release contract	2026-10-06T19:57:00.4892590Z (pass) failed spec refinement leaves loop state unchanged [44.72ms]
quality	Run the release contract	2026-10-06T19:57:00.4893648Z 
quality	Run the release contract	2026-10-06T19:57:00.4894417Z ##[endgroup]
quality	Run the release contract	2026-10-06T19:57:00.4895457Z 
quality	Run the release contract	2026-10-06T19:57:00.4896023Z ##[group]tests/activity-first-status.test.ts:
quality	Run the release contract	2026-10-06T19:57:00.7619076Z (pass) activity-first: lead rows follow the head and precede all historical rows [2.85ms]
quality	Run the release contract	2026-10-06T19:57:00.7636200Z (pass) activity-first: quiet card leads with phase, age, last tool, model, thinking, next action [0.91ms]
quality	Run the release contract	2026-10-06T19:57:00.7638219Z (pass) activity-first: awaiting-verdict card and footer agree on the phase words [0.68ms]
quality	Run the release contract	2026-10-06T19:57:00.8039560Z (pass) activity-first: blocked card and footer agree on the blocked label [39.15ms]
quality	Run the release contract	2026-10-06T19:57:00.8042963Z (pass) activity-first: live running card carries tool elapsed/budget in the lead [0.87ms]
quality	Run the release contract	2026-10-06T19:57:00.8044771Z (pass) activity-first: legacy claim without thinking/model omits the segments, never invents [0.42ms]
quality	Run the release contract	2026-10-06T19:57:00.8054891Z (pass) activity-first: phase colour wraps the words (quiet warns, live succeeds, queued stays neutral) [1.11ms]
quality	Run the release contract	2026-10-06T19:57:00.8057638Z (pass) activity-first: footer monitoring and awaiting labels agree with the card head [0.18ms]
quality	Run the release contract	2026-10-06T19:57:00.8060324Z (pass) D2: the loop status line folds watching into QUEUED like the goal head [0.12ms]
quality	Run the release contract	2026-10-06T19:57:00.8061652Z (pass) D4: the auditor session row is sanitized and bounded [0.31ms]
quality	Run the release contract	2026-10-06T19:57:00.8064073Z (pass) stampAuditorAttemptThinking stamps only the owning attempt and sanitizes [0.17ms]
quality	Run the release contract	2026-10-06T19:57:00.8064858Z 
quality	Run the release contract	2026-10-06T19:57:00.8065470Z ##[endgroup]
quality	Run the release contract	2026-10-06T19:57:00.8068570Z 
quality	Run the release contract	2026-10-06T19:57:00.8069119Z ##[group]tests/loop-finish.test.ts:
quality	Run the release contract	2026-10-06T19:57:01.0813847Z (pass) loopFinishStopReason: cmdLoop('finish audit clean') → 'completed: audit clean' (item 7) [0.34ms]
quality	Run the release contract	2026-10-06T19:57:01.0815264Z (pass) /loop finish is routed in cmdLoop and registered in completions (item 7) [0.58ms]
quality	Run the release contract	2026-10-06T19:57:01.0816383Z (pass) branch-mode resume refuses to commit from the original branch [0.13ms]
quality	Run the release contract	2026-10-06T19:57:01.0816934Z 
quality	Run the release contract	2026-10-06T19:57:01.0817428Z ##[endgroup]
quality	Run the release contract	2026-10-06T19:57:01.1184735Z 
quality	Run the release contract	2026-10-06T19:57:01.1185711Z ##[group]tests/empty-provider-response.test.ts:
quality	Run the release contract	2026-10-06T19:57:01.3873139Z (pass) v0.38.104 the field error is recognised as an empty response [0.26ms]
quality	Run the release contract	2026-10-06T19:57:01.3885476Z (pass) v0.38.104 a message that merely CONTAINS 'empty' is not a provider glitch [0.06ms]
quality	Run the release contract	2026-10-06T19:57:01.3887506Z (pass) v0.38.104 an empty response is neither a quota wall nor a deterministic client error [0.07ms]
quality	Run the release contract	2026-10-06T19:57:01.3889253Z (pass) v0.38.104 an empty response retries EAGERLY, not on the 15-minute ladder [0.36ms]
quality	Run the release contract	2026-10-06T19:57:01.3890495Z (pass) v0.38.104 the eager window is bounded, then the normal ladder takes over [0.28ms]
quality	Run the release contract	2026-10-06T19:57:01.3891156Z (pass) v0.38.104 other failures keep the historical ladder untouched [0.15ms]
quality	Run the release contract	2026-10-06T19:57:01.3891799Z (pass) v0.38.104 a quota wall still wins over the eager empty-response path [0.07ms]
quality	Run the release contract	2026-10-06T19:57:01.3892546Z (pass) v0.38.104 the FIRST attempt honours the upstream reset hint too (no 5s probe of a named wall) [0.16ms]
quality	Run the release contract	2026-10-06T19:57:01.3892962Z 
quality	Run the release contract	2026-10-06T19:57:01.3893276Z ##[endgroup]
quality	Run the release contract	2026-10-06T19:57:01.3893402Z 
quality	Run the release contract	2026-10-06T19:57:01.3893689Z ##[group]tests/compaction-survival.test.ts:
quality	Run the release contract	2026-10-06T19:57:02.6591716Z (pass) compaction survival: three mid-run compacts, then the goal still completes approved [995.27ms]
quality	Run the release contract	2026-10-06T19:57:03.6751121Z (pass) compaction survival: a compact around an in-flight audit still completes [1017.56ms]
quality	Run the release contract	2026-10-06T19:57:03.6751837Z 
quality	Run the release contract	2026-10-06T19:57:03.6752327Z ##[endgroup]
quality	Run the release contract	2026-10-06T19:57:03.6755680Z 
quality	Run the release contract	2026-10-06T19:57:03.6756342Z ##[group]tests/auditor-error-paths.test.ts:
quality	Run the release contract	2026-10-06T19:57:04.0267931Z (pass) catch block never returns disapproved: true [0.46ms]
quality	Run the release contract	2026-10-06T19:57:04.0273619Z (pass) infra-flavored returns (no model / aborted) are not disapprovals [0.73ms]
quality	Run the release contract	2026-10-06T19:57:04.0278970Z (pass) auditor watchdog exits are infrastructure failures, never verdicts [0.52ms]
quality	Run the release contract	2026-10-06T19:57:04.0280636Z (pass) worker stream failures accumulate onto stderr, never overwrite it [0.15ms]
quality	Run the release contract	2026-10-06T19:57:04.0282709Z (pass) semantic verdict-quality failures and shield blocks keep distinct categories [0.26ms]
quality	Run the release contract	2026-10-06T19:57:04.0370238Z (pass) audit 2026-09-25: the reverted wall-clock bound leaves no dead classification branches [8.68ms]
quality	Run the release contract	2026-10-06T19:57:04.0371046Z 
quality	Run the release contract	2026-10-06T19:57:04.0371377Z ##[endgroup]
quality	Run the release contract	2026-10-06T19:57:04.0374904Z 
quality	Run the release contract	2026-10-06T19:57:04.0375313Z ##[group]tests/auditor-process.test.ts:
quality	Run the release contract	2026-10-06T19:57:04.3640041Z (pass) compiled Pi hosts fall back to a JavaScript runtime while explicit commands remain available [32.21ms]
quality	Run the release contract	2026-10-06T19:57:04.3642890Z (pass) v0.35.27 (PR #17): bare tokens pass unquoted for .CMD shims, unsafe-arg gate still covers EVERY arg [0.42ms]
quality	Run the release contract	2026-10-06T19:57:04.3649557Z (pass) Windows worker shutdown kills the cmd/pi process tree [0.77ms]
quality	Run the release contract	2026-10-06T19:57:04.3657639Z (pass) Windows atomic protocol retries transient rename locks without unlinking the old snapshot [0.71ms]
quality	Run the release contract	2026-10-06T19:57:05.6695245Z (pass) transport failures carry an explicit no-verdict classification [1303.65ms]
quality	Run the release contract	2026-10-06T19:57:05.6699946Z (pass) fake worker setup stays in per-test temp storage [0.64ms]
quality	Run the release contract	2026-10-06T19:57:05.8027299Z (pass) detached parent accepts an identity-checked result and applies regression_shield [132.52ms]
quality	Run the release contract	2026-10-06T19:57:05.9385036Z (pass) detached parent keeps a regression-shield block distinct from disapproval and infrastructure [135.77ms]
quality	Run the release contract	2026-10-06T19:57:06.0671538Z (pass) detached parent forwards live worker telemetry to its progress callback [128.57ms]
quality	Run the release contract	2026-10-06T19:57:06.3407234Z (pass) v0.34.57: heartbeat-without-progress watchdog emits auditor_stalled and cancels the detached job [273.59ms]
quality	Run the release contract	2026-10-06T19:57:07.4480956Z (pass) parent abort escalates a detached TERM-ignoring worker and removes its job [1107.41ms]
quality	Run the release contract	2026-10-06T19:57:07.9775222Z (pass) the real worker forwards ordered tool and report phases to the parent [529.44ms]
quality	Run the release contract	2026-10-06T19:57:08.0909333Z (pass) real worker preserves structured HTTP 429 diagnostics for the parent [113.32ms]
quality	Run the release contract	2026-10-06T19:57:08.3472299Z (pass) real worker persists the auditor session when inspection is enabled (spawn spec + progress shape) [256.23ms]
quality	Run the release contract	2026-10-06T19:57:08.3474796Z (pass) detached auditor env keeps runtime necessities and selected provider auth, not unrelated secrets [0.23ms]
quality	Run the release contract	2026-10-06T19:57:08.4827090Z (pass) real worker keeps the original --no-session spawn when inspection is unset (default unchanged) [135.27ms]
quality	Run the release contract	2026-10-06T19:57:08.6708340Z (pass) worker assembles streamed report fragments into cumulative display lines without changing the exact result [188.14ms]
quality	Run the release contract	2026-10-06T19:57:08.7986194Z (pass) parent rejects a result that reports an unsupported tool [127.74ms]
quality	Run the release contract	2026-10-06T19:57:08.9281461Z (pass) approval without an audit tool is a semantic disapproval [129.49ms]
quality	Run the release contract	2026-10-06T19:57:09.0538482Z (pass) a verdict marker inside a think block is not accepted [125.68ms]
quality	Run the release contract	2026-10-06T19:57:09.0552253Z (pass) failed setup preserves a pre-existing attempt directory it does not own [1.53ms]
quality	Run the release contract	2026-10-06T19:57:09.3094510Z (pass) detached retry identities remain unique while completed job dirs persist for the retention window [254.01ms]
quality	Run the release contract	2026-10-06T19:57:09.3916540Z (pass) cancel keeps a finished audit's transcript dir but reaps incomplete scratch [82.20ms]
quality	Run the release contract	2026-10-06T19:57:09.5154828Z (pass) a mismatched result hash fails closed as infrastructure [123.80ms]
quality	Run the release contract	2026-10-06T19:57:09.5156034Z (pass) request hashing is stable and excludes no runtime secret or API key field [0.29ms]
quality	Run the release contract	2026-10-06T19:57:09.6269305Z (pass) EOF before exit preserves process and stream diagnostics without accepting a partial verdict [111.13ms]
quality	Run the release contract	2026-10-06T19:57:09.9770054Z (pass) EOF from a live RPC child gets a bounded close grace then TERM-to-KILL cleanup [350.03ms]
quality	Run the release contract	2026-10-06T19:57:10.1044109Z (pass) detached worker treats silent provider time as infrastructure, not a verdict [127.43ms]
quality	Run the release contract	2026-10-06T19:57:10.2174581Z (pass) parent tool watchdog cancels a tool with no follow-up RPC events [113.03ms]
quality	Run the release contract	2026-10-06T19:57:10.3247895Z [run-tests] progress: 450s elapsed · 0s since last output · 229 KiB of suite output
quality	Run the release contract	2026-10-06T19:57:10.3519957Z (pass) worker aborts an unsupported tool event instead of treating it as an audit tool [134.49ms]
quality	Run the release contract	2026-10-06T19:57:12.0232969Z (pass) worker-side tool timeout cancels a tool that never emits an end event, and still fails fast [1671.30ms]
quality	Run the release contract	2026-10-06T19:57:12.0235779Z (pass) effective tool budget honors a granted timeout above the base [0.19ms]
quality	Run the release contract	2026-10-06T19:57:12.4565070Z (pass) parent tool watchdog honors the worker-armed granted budget [433.04ms]
quality	Run the release contract	2026-10-06T19:57:12.7510903Z (pass) worker honors a bash call's granted timeout past the base budget [294.53ms]
quality	Run the release contract	2026-10-06T19:57:14.7375251Z (pass) real worker stops a runaway RPC process group before it becomes a storm [1986.39ms]
quality	Run the release contract	2026-10-06T19:57:14.8894163Z (pass) worker launches pi with the exact auditor RPC contract and one LF JSONL prompt [151.91ms]
quality	Run the release contract	2026-10-06T19:57:15.2246717Z (pass) worker force-kills a wedged RPC child before it exits [335.17ms]
quality	Run the release contract	2026-10-06T19:57:15.3683113Z (pass) v0.36.0: allow-listed extensions load via --extension while isolation flags stay intact [143.70ms]
quality	Run the release contract	2026-10-06T19:57:15.7485292Z (pass) v0.36.0: the process layer resolves raw specs to install paths before the worker sees them [380.18ms]
quality	Run the release contract	2026-10-06T19:57:15.8466879Z (pass) v0.36.0: a malformed allowedExtensions request fails closed as an identity error [98.11ms]
quality	Run the release contract	2026-10-06T19:57:15.9745620Z (pass) v0.38.80: the worker's challenge outcome threads through to the auditor result [127.88ms]
quality	Run the release contract	2026-10-06T19:57:16.1012264Z (pass) v0.38.80: an absent challenge stays undefined for legacy workers [126.62ms]
quality	Run the release contract	2026-10-06T19:57:16.4823150Z (pass) strict challenge: the parent refuses a legacy or skipped approval [381.10ms]
quality	Run the release contract	2026-10-06T19:57:16.6111977Z (pass) v0.38.81: the dispatch-decided tier stamps onto the result [128.80ms]
quality	Run the release contract	2026-10-06T19:57:16.8727184Z (pass) v0.38.81: spot-check stamps true; legacy callers see no tier fields [261.56ms]
quality	Run the release contract	2026-10-06T19:57:16.8735073Z (pass) slow-audit hardening: attempt cost summarizes prompt, tools, vision, and elapsed [0.91ms]
quality	Run the release contract	2026-10-06T19:57:16.8737510Z (pass) audit-tool floor: no-tool approval is a disapproval, not infrastructure [0.26ms]
quality	Run the release contract	2026-10-06T19:57:16.8742093Z (pass) A2 (pin): the crash-safe pre-dispatch reap covers the rotated-away attempt [0.44ms]
quality	Run the release contract	2026-10-06T19:57:17.3045672Z (pass) A5: an abandoned challenge preserves its prose beside the byte-exact round-1 output [430.21ms]
quality	Run the release contract	2026-10-06T19:57:17.3046955Z (pass) A10: the detached worker does not inherit NODE_OPTIONS [0.24ms]
quality	Run the release contract	2026-10-06T19:57:17.3047503Z 
quality	Run the release contract	2026-10-06T19:57:17.3047982Z ##[endgroup]
quality	Run the release contract	2026-10-06T19:57:17.3051428Z 
quality	Run the release contract	2026-10-06T19:57:17.3052067Z ##[group]tests/commit-survival-e2e.test.ts:
quality	Run the release contract	2026-10-06T19:57:17.5823487Z (skip) commit survives the auto-committer daemon (item 32, env-gated watched repo)
quality	Run the release contract	2026-10-06T19:57:17.5840627Z 
quality	Run the release contract	2026-10-06T19:57:17.5862370Z ##[endgroup]
quality	Run the release contract	2026-10-06T19:57:17.5867023Z 
quality	Run the release contract	2026-10-06T19:57:17.5867768Z ##[group]tests/list-parallel.test.ts:
quality	Run the release contract	2026-10-06T19:57:17.8574281Z (pass) extractParallelFlag: truthy values mark the item parallel-safe [0.43ms]
quality	Run the release contract	2026-10-06T19:57:17.8576249Z (pass) extractParallelFlag: falsy values explicitly opt out [0.18ms]
quality	Run the release contract	2026-10-06T19:57:17.8577566Z (pass) extractParallelFlag: no marker → undefined (unknown, not false) [0.06ms]
quality	Run the release contract	2026-10-06T19:57:17.8578405Z (pass) extractParallelFlag: inline marker mid-line, case-insensitive [0.05ms]
quality	Run the release contract	2026-10-06T19:57:17.8579218Z (pass) parseListItemDeclaration: marker stripped BEFORE the contract split [0.28ms]
quality	Run the release contract	2026-10-06T19:57:17.8580683Z (pass) parseListItemDeclaration: a parallel marker after Done when: still strips cleanly [0.16ms]
quality	Run the release contract	2026-10-06T19:57:17.8582246Z (pass) parseListItemDeclaration: parallel marker inside a multi-line objective is consumed [0.09ms]
quality	Run the release contract	2026-10-06T19:57:17.8583080Z (pass) queue sidecar round-trips the parallelSafe flag [1.54ms]
quality	Run the release contract	2026-10-06T19:57:18.0829199Z (pass) list_add parses the declaration into the queue state + disk + status [225.50ms]
quality	Run the release contract	2026-10-06T19:57:18.4359062Z (pass) a declared item activating into a goal carries the CLEAN objective (no marker leak) [352.86ms]
quality	Run the release contract	2026-10-06T19:57:18.4360143Z 
quality	Run the release contract	2026-10-06T19:57:18.4360662Z ##[endgroup]
quality	Run the release contract	2026-10-06T19:57:18.4646899Z 
quality	Run the release contract	2026-10-06T19:57:18.4648486Z ##[group]tests/aggressive-mode.test.ts:
quality	Run the release contract	2026-10-06T19:57:18.7429499Z (pass) aggressiveMode persists through the settings file (item 8) [3.81ms]
quality	Run the release contract	2026-10-06T19:57:18.7431118Z (pass) effective settings: aggressiveMode ON flips the defaults (items 5+7) [0.07ms]
quality	Run the release contract	2026-10-06T19:57:18.7432503Z (pass) effective settings: missing aggressiveMode uses the production keep-going default [0.08ms]
quality	Run the release contract	2026-10-06T19:57:18.7434260Z (pass) effective settings: explicit OFF keeps base defaults; auditCap base is 5 [0.07ms]
quality	Run the release contract	2026-10-06T19:57:18.7435240Z (pass) explicit per-key settings WIN over aggressiveMode (advisor semantics) [0.07ms]
quality	Run the release contract	2026-10-06T19:57:18.7779143Z (pass) autoResume is global-only in the effective settings and provenance [34.58ms]
quality	Run the release contract	2026-10-06T19:57:18.7783462Z (pass) obsolete quota policy files cannot change the generic retry settings [0.52ms]
quality	Run the release contract	2026-10-06T19:57:18.7784085Z 
quality	Run the release contract	2026-10-06T19:57:18.7784541Z ##[endgroup]
quality	Run the release contract	2026-10-06T19:57:18.7788945Z 
quality	Run the release contract	2026-10-06T19:57:18.7791164Z ##[group]tests/payload-guard.test.ts:
quality	Run the release contract	2026-10-06T19:57:19.0502217Z (pass) payload guard: under-budget histories pass through with the SAME identity [0.72ms]
quality	Run the release contract	2026-10-06T19:57:19.0511113Z (pass) payload guard: over-budget histories evict OLDEST first and keep the newest two [2.82ms]
quality	Run the release contract	2026-10-06T19:57:19.0861104Z (pass) payload guard: the keep-recent floor holds even when the budget cannot be met [35.14ms]
quality	Run the release contract	2026-10-06T19:57:19.0867081Z (pass) payload guard: projection is idempotent and never touches non-image content [0.78ms]
quality	Run the release contract	2026-10-06T19:57:19.0875747Z (pass) payload guard: image count is clamped even when bytes fit the budget [0.84ms]
quality	Run the release contract	2026-10-06T19:57:19.0879151Z (pass) payload guard: the count cap defaults to the observed provider limit [0.40ms]
quality	Run the release contract	2026-10-06T19:57:19.0882742Z (pass) payload guard: the keep-recent floor wins over the count cap (best effort) [0.35ms]
quality	Run the release contract	2026-10-06T19:57:19.1054133Z (pass) wiring: the context event projects bloated histories before EVERY LLM call and ledgeres the eviction [16.95ms]
quality	Run the release contract	2026-10-06T19:57:19.1266404Z (pass) wiring: identical repeat evictions are deduped; changed values re-arm [21.15ms]
quality	Run the release contract	2026-10-06T19:57:19.1267916Z (pass) classifyMainModelFailure: 413 payload-size texts are transient, not unknown [0.28ms]
quality	Run the release contract	2026-10-06T19:57:19.1268630Z 
quality	Run the release contract	2026-10-06T19:57:19.1269172Z ##[endgroup]
quality	Run the release contract	2026-10-06T19:57:19.1273896Z 
quality	Run the release contract	2026-10-06T19:57:19.1274517Z ##[group]tests/unsupervised-error-retry.test.ts:
quality	Run the release contract	2026-10-06T19:57:19.6295755Z (pass) empty provider response with no goal schedules and dispatches a retry [232.63ms]
quality	Run the release contract	2026-10-06T19:57:19.9637853Z (pass) consecutive errors advance the streak; a clean turn clears it [334.26ms]
quality	Run the release contract	2026-10-06T19:57:19.9783964Z (pass) composite isolation clears a poisoned unsupervised retry streak, timer, and override [14.52ms]
quality	Run the release contract	2026-10-06T19:57:20.1881099Z (pass) user aborts never retry [206.63ms]
quality	Run the release contract	2026-10-06T19:57:20.4738666Z (pass) policy refusals, auth, billing, and deterministic 400s refuse with a reason [287.42ms]
quality	Run the release contract	2026-10-06T19:57:20.6550537Z (pass) context overflow compacts instead of retrying [182.48ms]
quality	Run the release contract	2026-10-06T19:57:20.6640998Z (pass) hinted quota sleeps until the provider reset; hintless quota ladders [9.19ms]
quality	Run the release contract	2026-10-06T19:57:20.8923698Z (pass) an active goal owns error turns — the unsupervised lane stays silent [227.80ms]
quality	Run the release contract	2026-10-06T19:57:21.0981460Z (pass) a load-held session refuses instead of promising a retry it cannot send [204.81ms]
quality	Run the release contract	2026-10-06T19:57:21.3365416Z (pass) a fresh turn stands down the pending retry [239.52ms]
quality	Run the release contract	2026-10-06T19:57:21.5004288Z (pass) a busy session at fire time stands down instead of double-driving [160.83ms]
quality	Run the release contract	2026-10-06T19:57:21.5179728Z (pass) fallback continues an interrupted ordinary task after settlement with the original request [20.53ms]
quality	Run the release contract	2026-10-06T19:57:21.5521530Z (pass) fallback handoff waits for idle and does not override a user abort [30.88ms]
quality	Run the release contract	2026-10-06T19:57:21.6071550Z (pass) a successful core retry consumes fallback recovery without a duplicate handoff [49.25ms]
quality	Run the release contract	2026-10-06T19:57:21.6401651Z (pass) fallback send failure preserves the pending handoff and retries the same request on fresh settlement [33.95ms]
quality	Run the release contract	2026-10-06T19:57:21.6759138Z (pass) long interrupted requests use a bounded handoff without growing nested retry prompts [43.02ms]
quality	Run the release contract	2026-10-06T19:57:21.6788143Z 
quality	Run the release contract	2026-10-06T19:57:21.6794750Z ##[endgroup]
quality	Run the release contract	2026-10-06T19:57:21.6795935Z 
quality	Run the release contract	2026-10-06T19:57:21.6802085Z ##[group]tests/interrupt-didnt-continue.test.ts:
quality	Run the release contract	2026-10-06T19:57:21.9611506Z (pass) FIX A: a never-set revision (undefined) + captured 0 is CURRENT, not stale [0.39ms]
quality	Run the release contract	2026-10-06T19:57:21.9640841Z (pass) FIX A: captured 0 against a genuinely bumped goal is still refused [0.11ms]
quality	Run the release contract	2026-10-06T19:57:21.9645070Z (pass) FIX A: equal non-zero revisions stay current; bumps refuse [0.11ms]
quality	Run the release contract	2026-10-06T19:57:22.0003584Z (pass) FIX A pin: the refusal guard uses isGoalRevisionCurrent, not raw !== on undefined [40.66ms]
quality	Run the release contract	2026-10-06T19:57:22.0035780Z (pass) FIX B pin: the refusal branch restores status active so the loop continues [3.38ms]
quality	Run the release contract	2026-10-06T19:57:22.0064029Z (pass) behavior preserved: a GENUINE orphaned audit still parks with the same message [2.83ms]
quality	Run the release contract	2026-10-06T19:57:22.0064644Z 
quality	Run the release contract	2026-10-06T19:57:22.0065043Z ##[endgroup]
quality	Run the release contract	2026-10-06T19:57:22.0068688Z 
quality	Run the release contract	2026-10-06T19:57:22.0069270Z ##[group]tests/telemetry-event-shapes.test.ts:
quality	Run the release contract	2026-10-06T19:57:22.3256847Z (pass) name-shaped write results count fileWrites on goal telemetry [53.50ms]
quality	Run the release contract	2026-10-06T19:57:22.3354443Z (pass) name-shaped write results count fileWrites on loop iterMetrics [9.77ms]
quality	Run the release contract	2026-10-06T19:57:22.3355145Z 
quality	Run the release contract	2026-10-06T19:57:22.3355753Z ##[endgroup]
quality	Run the release contract	2026-10-06T19:57:22.3358569Z 
quality	Run the release contract	2026-10-06T19:57:22.3359226Z ##[group]tests/audit-job-retention.test.ts:
quality	Run the release contract	2026-10-06T19:57:22.6115620Z (pass) retention refuses cleanup when the durable claim journal cannot be read [2.57ms]
quality	Run the release contract	2026-10-06T19:57:22.6484067Z (pass) retention keeps unresolved goal and held project evidence until their claims settle [37.47ms]
quality	Run the release contract	2026-10-06T19:57:22.6496715Z (pass) retention: pre-convention finished dirs (no lock, result on file) reap past the window [1.41ms]
quality	Run the release contract	2026-10-06T19:57:22.6507595Z (pass) retention: lockless UNFINISHED dirs stay ambiguous (interrupted creation) [1.05ms]
quality	Run the release contract	2026-10-06T19:57:22.6516997Z (pass) retention: corrupt (present-but-unparseable) locks stay ambiguous [0.98ms]
quality	Run the release contract	2026-10-06T19:57:22.6531092Z (pass) retention: crash before worker ownership reaps only when the parent is dead [1.34ms]
quality	Run the release contract	2026-10-06T19:57:22.6542687Z (pass) retention: proven-dead workers reap past the window, live pids never reap [1.15ms]
quality	Run the release contract	2026-10-06T19:57:22.6557279Z (pass) retention: aged lockless dirs with neither request nor result reap as unowned debris [1.48ms]
quality	Run the release contract	2026-10-06T19:57:22.6566433Z (pass) retention: unowned debris younger than the identity-free floor stays ambiguous [0.90ms]
quality	Run the release contract	2026-10-06T19:57:22.6591227Z (pass) v0.38.104 retention: a finished result settles a LIVE parent lock (PID reuse no longer pins it) [0.98ms]
quality	Run the release contract	2026-10-06T19:57:22.6592559Z (pass) v0.38.104 retention: a LIVE parent lock with no result is still ambiguous (unchanged) [1.04ms]
quality	Run the release contract	2026-10-06T19:57:22.6593146Z 
quality	Run the release contract	2026-10-06T19:57:22.6593641Z ##[endgroup]
quality	Run the release contract	2026-10-06T19:57:22.6593983Z 
quality	Run the release contract	2026-10-06T19:57:22.6594969Z ##[group]tests/model-picker.test.ts:
quality	Run the release contract	2026-10-06T19:57:22.9321134Z (pass) model-picker items: session row first, manual row last, models sorted by provider/id [0.50ms]
quality	Run the release contract	2026-10-06T19:57:22.9333717Z (pass) v0.34.118 backup picker: excludes forbidden refs before rendering [0.22ms]
quality	Run the release contract	2026-10-06T19:57:22.9335459Z (pass) model-picker exclusion honors case-insensitive substring policy entries [0.14ms]
quality	Run the release contract	2026-10-06T19:57:22.9337081Z (pass) model-picker: typing fuzzy-filters the list; enter returns the highlighted model [1.00ms]
quality	Run the release contract	2026-10-06T19:57:22.9338779Z (pass) model-picker: slash-token fuzzy match (provider/model style), nav wraps, backspace edits [0.32ms]
quality	Run the release contract	2026-10-06T19:57:22.9340578Z (pass) model-picker: up/down moves the selection; esc cancels with undefined [0.17ms]
quality	Run the release contract	2026-10-06T19:57:22.9342304Z (pass) model-picker: selecting the session row clears the override; manual row is the typed escape hatch [0.15ms]
quality	Run the release contract	2026-10-06T19:57:22.9343436Z (pass) model-picker: render stays within width and shows the filter hint [0.94ms]
quality	Run the release contract	2026-10-06T19:57:22.9350365Z (pass) model-picker: active model row uses the available width for selection [0.74ms]
quality	Run the release contract	2026-10-06T19:57:22.9766940Z (pass) v0.29.17 wiring: model-valued settings use the fuzzy picker; unavailable auditor models fall back LOUDLY to the session model [41.50ms]
quality	Run the release contract	2026-10-06T19:57:22.9810996Z (pass) v0.36.0: auditor thinking inherits the parent dial unless explicitly overridden [4.54ms]
quality	Run the release contract	2026-10-06T19:57:22.9870436Z (pass) v0.36.0: the auditor chain — pinned primary → ordered fallbacks → session LAST; same-as-session auto-swap [5.78ms]
quality	Run the release contract	2026-10-06T19:57:22.9909387Z (pass) v0.31.6: same-model swap toggle — default ON, off = same-model audits stand [3.99ms]
quality	Run the release contract	2026-10-06T19:57:22.9950858Z (pass) v0.31.8: thinking options come from the PICKED MODEL — xhigh/max only when the model maps them [4.10ms]
quality	Run the release contract	2026-10-06T19:57:22.9953040Z (pass) v0.31.9: fork-bomb lesson is prompt-law — auditor reject-class + executor hard rule [0.32ms]
quality	Run the release contract	2026-10-06T19:57:22.9970901Z (pass) narrow model pickers bound every rendered line [1.71ms]
quality	Run the release contract	2026-10-06T19:57:22.9971545Z 
quality	Run the release contract	2026-10-06T19:57:22.9972246Z ##[endgroup]
quality	Run the release contract	2026-10-06T19:57:22.9976487Z 
quality	Run the release contract	2026-10-06T19:57:22.9977189Z ##[group]tests/remaining-next-pairing.test.ts:
quality	Run the release contract	2026-10-06T19:57:23.2703502Z (pass) pairing: resolving action rides inline under its problem [1.50ms]
quality	Run the release contract	2026-10-06T19:57:23.2714266Z (pass) pairing: standalone actions stay in ### Next [0.68ms]
quality	Run the release contract	2026-10-06T19:57:23.2715693Z (pass) pairing: fully paired card omits an empty ### Next [0.40ms]
quality	Run the release contract	2026-10-06T19:57:23.2716915Z (pass) pairing: unrelated problem and action do not pair [0.35ms]
quality	Run the release contract	2026-10-06T19:57:23.2717954Z (pass) pairing: Left out never pairs, even on shared words [0.29ms]
quality	Run the release contract	2026-10-06T19:57:23.2719114Z (pass) pairing: several actions can resolve one problem [0.46ms]
quality	Run the release contract	2026-10-06T19:57:23.2719688Z 
quality	Run the release contract	2026-10-06T19:57:23.2720567Z ##[endgroup]
quality	Run the release contract	2026-10-06T19:57:23.2720907Z 
quality	Run the release contract	2026-10-06T19:57:23.2721482Z ##[group]tests/waiting-on-subagent-pause.test.ts:
quality	Run the release contract	2026-10-06T19:57:23.5577645Z (pass) 021655: standby pause does not render 'waiting for manual action' [2.17ms]
quality	Run the release contract	2026-10-06T19:57:23.5587713Z (pass) 021655: standby pause names the background agent as owner, not manual action [0.89ms]
quality	Run the release contract	2026-10-06T19:57:23.5588863Z (pass) 021655: standby status line waits instead of demanding action [0.36ms]
quality	Run the release contract	2026-10-06T19:57:23.5987013Z (pass) v0.38.90: standby reason renders dim (monitoring narration, not a call to action) [39.84ms]
quality	Run the release contract	2026-10-06T19:57:23.6001463Z (pass) v0.38.90: standby reason caps at 2 wrapped rows like decisions/waits [1.30ms]
quality	Run the release contract	2026-10-06T19:57:23.6002826Z (pass) 021655: neighboring kinds keep their action rendering [0.67ms]
quality	Run the release contract	2026-10-06T19:57:23.6003693Z 
quality	Run the release contract	2026-10-06T19:57:23.6004501Z ##[endgroup]
quality	Run the release contract	2026-10-06T19:57:23.6004946Z 
quality	Run the release contract	2026-10-06T19:57:23.6005572Z ##[group]tests/eager-continuation-core.test.ts:
quality	Run the release contract	2026-10-06T19:57:23.9178454Z (pass) extractPendingTasks: pulls objection bullets, skips evidence (item 22) [36.97ms]
quality	Run the release contract	2026-10-06T19:57:23.9179680Z (pass) extractPendingTasks: caps at 5 and dedupes [0.11ms]
quality	Run the release contract	2026-10-06T19:57:23.9180913Z (pass) classifyImpossibleReason: partial vs full (item 23) [0.14ms]
quality	Run the release contract	2026-10-06T19:57:23.9195778Z (pass) audit-cap branch: aggressiveMode keeps ACTIVE + pendingTasks; OFF pauses (item 24 tests 1-2) [1.64ms]
quality	Run the release contract	2026-10-06T19:57:23.9202593Z (pass) IMPOSSIBLE branch: aggressive partial continues, full terminalizes (item 24 tests 3-4) [0.68ms]
quality	Run the release contract	2026-10-06T19:57:23.9204027Z (pass) shouldSuppressHeartbeatForRecentShip: recent ship suppresses, stale does not (item 27) [0.08ms]
quality	Run the release contract	2026-10-06T19:57:23.9207159Z (pass) heartbeat ship-suppression was removed in v0.26.6 (self-sustaining via ledger mtime) [0.35ms]
quality	Run the release contract	2026-10-06T19:57:23.9207838Z 
quality	Run the release contract	2026-10-06T19:57:23.9208294Z ##[endgroup]
quality	Run the release contract	2026-10-06T19:57:23.9212191Z 
quality	Run the release contract	2026-10-06T19:57:23.9212877Z ##[group]tests/prompt-disagreement-guidance.test.ts:
quality	Run the release contract	2026-10-06T19:57:24.1991940Z (pass) continuation prompt has the WHEN THE AUDITOR DISAPPROVES section (item 18) [0.55ms]
quality	Run the release contract	2026-10-06T19:57:24.2009114Z (pass) disagreement guidance names the audit history as the source [0.08ms]
quality	Run the release contract	2026-10-06T19:57:24.2010460Z 
quality	Run the release contract	2026-10-06T19:57:24.2010952Z ##[endgroup]
quality	Run the release contract	2026-10-06T19:57:24.2011146Z 
quality	Run the release contract	2026-10-06T19:57:24.2011677Z ##[group]tests/visual-auditor-fresh.test.ts:
quality	Run the release contract	2026-10-06T19:57:24.4738219Z (pass) isVisualGoal detects UI/screenshot/visual goals [0.39ms]
quality	Run the release contract	2026-10-06T19:57:24.4739433Z (pass) visual auditor prompt injects fresh native/external capture guidance before verdict [0.50ms]
quality	Run the release contract	2026-10-06T19:57:24.4740591Z (pass) non-visual goals keep the original prompt without fresh capture [0.24ms]
quality	Run the release contract	2026-10-06T19:57:24.4741238Z (pass) visual prompt fixture does not assume an external vision command [0.23ms]
quality	Run the release contract	2026-10-06T19:57:24.4741557Z 
quality	Run the release contract	2026-10-06T19:57:24.4741867Z ##[endgroup]
quality	Run the release contract	2026-10-06T19:57:24.4741994Z 
quality	Run the release contract	2026-10-06T19:57:24.4742270Z ##[group]tests/wait-overdue-backstop.test.ts:
quality	Run the release contract	2026-10-06T19:57:25.0024554Z (pass) v0.35.28 #16: a wait 30min past its pauseResumeAt is resumed by the heartbeat backstop [240.35ms]
quality	Run the release contract	2026-10-06T19:57:25.1683572Z (pass) v0.35.28 #16: not-yet-due and already-fired waits do not double-dispatch [171.96ms]
quality	Run the release contract	2026-10-06T19:57:25.6106107Z (pass) v0.35.28 #16: under the load hold (stock consent-less boot) an overdue wait stays frozen [441.51ms]
quality	Run the release contract	2026-10-06T19:57:25.6159657Z (pass) v0.35.28 #16: manual /goal resume clears the recovery stamp (user-driven, no notice needed) [5.14ms]
quality	Run the release contract	2026-10-06T19:57:25.6181745Z (pass) v0.35.28 #16: the pause_goal wait copy is now backed by machinery (source pin) [0.36ms]
quality	Run the release contract	2026-10-06T19:57:25.8413403Z (pass) v0.35.28 #16: once consent exists on reload, the overdue wait resumes through the backstop [226.00ms]
quality	Run the release contract	2026-10-06T19:57:26.0501479Z (pass) v0.35.48: the backstop stays parked during a session handoff window [207.42ms]
quality	Run the release contract	2026-10-06T19:57:26.2513433Z (pass) v0.35.48: an agent-authored wait stays parked while main-model recovery is active [202.15ms]
quality	Run the release contract	2026-10-06T19:57:26.2518551Z (pass) v0.35.48: the backstop's dispatch-surface gates sit before the one-shot latch [0.48ms]
quality	Run the release contract	2026-10-06T19:57:26.2519071Z 
quality	Run the release contract	2026-10-06T19:57:26.2520232Z ##[endgroup]
quality	Run the release contract	2026-10-06T19:57:26.2523762Z 
quality	Run the release contract	2026-10-06T19:57:26.2524253Z ##[group]tests/impossible-list-drop.test.ts:
quality	Run the release contract	2026-10-06T19:57:27.0111705Z (pass) rule: blocked + no resume path on a /list item → auto-dropped (ledgered) and the queue advances [450.21ms]
quality	Run the release contract	2026-10-06T19:57:27.3978814Z (pass) guard: blocked WITH a resume path stays paused — never overridden [386.75ms]
quality	Run the release contract	2026-10-06T19:57:27.7695532Z (pass) guard: blocked + no resume path on a plain GOAL is not a list drop [371.67ms]
quality	Run the release contract	2026-10-06T19:57:28.1597625Z (pass) last item: drop still ledgered, list goes empty, no advance possible [390.14ms]
quality	Run the release contract	2026-10-06T19:57:28.7111722Z (pass) full auditor IMPOSSIBLE result is terminalized with a durable recap and notification [551.39ms]
quality	Run the release contract	2026-10-06T19:57:29.1650044Z (pass) stored-claim full IMPOSSIBLE retry also terminalizes with its recap [453.79ms]
quality	Run the release contract	2026-10-06T19:57:29.3488986Z (pass) loop hold: drop ledgered but NO advance while a loop owns the surface [183.89ms]
quality	Run the release contract	2026-10-06T19:57:29.3489540Z 
quality	Run the release contract	2026-10-06T19:57:29.3490287Z ##[endgroup]
quality	Run the release contract	2026-10-06T19:57:29.3493314Z 
quality	Run the release contract	2026-10-06T19:57:29.3493747Z ##[group]tests/display.test.ts:
quality	Run the release contract	2026-10-06T19:57:29.7286848Z (pass) fmtElapsed [26.90ms]
quality	Run the release contract	2026-10-06T19:57:29.7287560Z (pass) fmtTokens [0.07ms]
quality	Run the release contract	2026-10-06T19:57:29.7288102Z (pass) truncate [0.15ms]
quality	Run the release contract	2026-10-06T19:57:29.7294719Z (pass) D6: the clause-cut floor scales with the budget instead of pinning at 16 [0.32ms]
quality	Run the release contract	2026-10-06T19:57:29.7295841Z (pass) D10: fmtElapsed clamps non-finite input to zero [0.08ms]
quality	Run the release contract	2026-10-06T19:57:29.7306261Z (pass) display projections remove terminal and zero-width control characters without changing stored state [1.37ms]
quality	Run the release contract	2026-10-06T19:57:29.7307820Z (pass) empty state → undefined (segment cleared) [0.17ms]
quality	Run the release contract	2026-10-06T19:57:29.7309039Z (pass) active goal shows a compact state capsule (elapsed lives on the card) [0.15ms]
quality	Run the release contract	2026-10-06T19:57:29.7312275Z (pass) version tail rides the status on every branch (field 20260909_161057) [0.17ms]
quality	Run the release contract	2026-10-06T19:57:29.7313361Z (pass) monitoring intent never substitutes for runtime evidence [0.19ms]
quality	Run the release contract	2026-10-06T19:57:29.7315981Z (pass) repair cards show the preserved target and the concrete one-turn recovery [0.31ms]
quality	Run the release contract	2026-10-06T19:57:29.7321110Z (pass) repair cards with a sent bootstrap show the explicit retry action [0.21ms]
quality	Run the release contract	2026-10-06T19:57:29.7323987Z (pass) active status does not make first-turn or long-idle gaps look green [0.57ms]
quality	Run the release contract	2026-10-06T19:57:29.7330140Z (pass) stream-proven work uses one compact status-bar HUD; the card stays quiet [0.51ms]
quality	Run the release contract	2026-10-06T19:57:29.7332588Z (pass) v0.34.95: queued + parked recovery surfaces 'parked on provider recovery' on the status line [0.25ms]
quality	Run the release contract	2026-10-06T19:57:29.7335606Z (pass) v0.34.95: queued WITHOUT a parked recovery does NOT show quota text (no false signal) [0.14ms]
quality	Run the release contract	2026-10-06T19:57:29.7337156Z (pass) v0.34.95: parked recovery on a WORKING goal does NOT show quota text (only queued needs the WHY) [0.15ms]
quality	Run the release contract	2026-10-06T19:57:29.7341736Z (pass) v0.34.97: status line shows '⏳ compacting…' during the post-compaction grace window [0.12ms]
quality	Run the release contract	2026-10-06T19:57:29.7342733Z (pass) v0.34.97: compacting chip is GONE after the 3-minute grace window [0.10ms]
quality	Run the release contract	2026-10-06T19:57:29.7343391Z (pass) v0.34.97: no compacting chip when lastCompactionAt is absent [0.08ms]
quality	Run the release contract	2026-10-06T19:57:29.7344096Z (pass) head owns liveness: WORKING status is static, the head carries the animated signal [0.13ms]
quality	Run the release contract	2026-10-06T19:57:29.7351505Z (pass) WORKING badge keeps semantic colors without decorative noise [0.31ms]
quality	Run the release contract	2026-10-06T19:57:29.7352058Z (pass) active goal with tasks shows progress [0.16ms]
quality	Run the release contract	2026-10-06T19:57:29.7352614Z (pass) stale interrupted goal is visibly orphaned, not normally active [0.32ms]
quality	Run the release contract	2026-10-06T19:57:29.7353356Z (pass) accepted continuation without a turn-start proof is not mislabeled as a lost host session [0.18ms]
quality	Run the release contract	2026-10-06T19:57:29.7361613Z (pass) lifecycle interruption keeps durable auditor disapproval feedback visible [0.91ms]
quality	Run the release contract	2026-10-06T19:57:29.7366584Z (pass) widget truncation is width-aware (v0.22.2) [0.61ms]
quality	Run the release contract	2026-10-06T19:57:29.7375252Z (pass) audit 2026-09-07: worker rows splice before the auditor block, never inside it [0.86ms]
quality	Run the release contract	2026-10-06T19:57:29.7379342Z (pass) widget lines reserve pi-tui's horizontal padding [0.45ms]
quality	Run the release contract	2026-10-06T19:57:29.7382587Z (pass) list policy footer: queued count, no duplicated 'list' [0.19ms]
quality	Run the release contract	2026-10-06T19:57:29.7383870Z (pass) goal policy footer says 'N queued' (v0.28.11 U10 — was the cryptic 'list N') [0.09ms]
quality	Run the release contract	2026-10-06T19:57:29.7387045Z (pass) widget names a list item as such and points at /list, not /goal [0.26ms]
quality	Run the release contract	2026-10-06T19:57:29.7395324Z (pass) long-running list card shows a truthful queue trail and immediate next item [0.23ms]
quality	Run the release contract	2026-10-06T19:57:29.7396433Z (pass) widget list item, last in queue: no '0 queued' [0.32ms]
quality	Run the release contract	2026-10-06T19:57:29.7397426Z (pass) widget goal policy keeps /goal status hint + list N prefix [0.13ms]
quality	Run the release contract	2026-10-06T19:57:29.7398304Z (pass) paused shows the reason [0.24ms]
quality	Run the release contract	2026-10-06T19:57:29.7400991Z (pass) runtime activity projection scopes goals and active loops to their own start boundary [0.21ms]
quality	Run the release contract	2026-10-06T19:57:29.7405676Z (pass) paused lifecycle projection names owner, queue, last activity, and next transition [0.47ms]
quality	Run the release contract	2026-10-06T19:57:29.7409095Z (pass) active/in-flight main-model recovery uses one compact card row [0.34ms]
quality	Run the release contract	2026-10-06T19:57:29.7413002Z (pass) standalone main-model recovery remains visible when no goal is active [0.37ms]
quality	Run the release contract	2026-10-06T19:57:29.7416453Z (pass) loop recovery remains visible while the loop is parked [0.33ms]
quality	Run the release contract	2026-10-06T19:57:29.7419717Z (pass) passed provider retryAt stays parked until recovery state clears [0.31ms]
quality	Run the release contract	2026-10-06T19:57:29.7433687Z (pass) paused decision without activity says no turn was observed and names the manual path [0.49ms]
quality	Run the release contract	2026-10-06T19:57:29.7437793Z (pass) v0.38.70: paused action card leads with the action, history rides after (field 20260920_152744) [1.27ms]
quality	Run the release contract	2026-10-06T19:57:29.7440398Z (pass) auditing keeps the footer compact while the widget shows the auditor's current tool [0.24ms]
quality	Run the release contract	2026-10-06T19:57:29.7444057Z (pass) v0.34.89: completed goal shows a dim one-line summary instead of a loud status claim [0.15ms]
quality	Run the release contract	2026-10-06T19:57:29.7445527Z (pass) v0.34.89: completed goal widget is ONE dim summary line (objective + duration, no verdict card) [0.17ms]
quality	Run the release contract	2026-10-06T19:57:29.7447578Z (pass) v0.34.91: completed goal summary shows the agent's completion recap, not the objective echo [0.38ms]
quality	Run the release contract	2026-10-06T19:57:29.7449932Z (pass) completed-goal TUI card shows the human outcome without technical recap labels [0.22ms]
quality	Run the release contract	2026-10-06T19:57:29.7451341Z (pass) v0.34.91: whitespace-only completion summary falls back to the objective [0.11ms]
quality	Run the release contract	2026-10-06T19:57:29.7452771Z (pass) v0.34.89: aborted goal summary names the reason + duration on one line [0.18ms]
quality	Run the release contract	2026-10-06T19:57:29.7454312Z (pass) v0.34.89: completed goal without a verdict does not fabricate one on the summary [0.13ms]
quality	Run the release contract	2026-10-06T19:57:29.7455613Z (pass) active loop shows iteration + best + stall [0.14ms]
quality	Run the release contract	2026-10-06T19:57:29.7458787Z (pass) active loop status names evidence-backed working, waiting, and idle states [0.24ms]
quality	Run the release contract	2026-10-06T19:57:29.7461302Z (pass) v0.29.15 — audit-loop widget names the metric instead of showing the raw grep ("that weird line") [0.19ms]
quality	Run the release contract	2026-10-06T19:57:29.7462542Z (pass) widget: nothing supervised → undefined [0.05ms]
quality	Run the release contract	2026-10-06T19:57:29.7463469Z (pass) widget: goal lines include objective, status, tokens, no footer [0.23ms]
quality	Run the release contract	2026-10-06T19:57:29.7465798Z (pass) widget: paused goal shows reason + suggestion [0.24ms]
quality	Run the release contract	2026-10-06T19:57:29.7469575Z (pass) widget: auditing shows auditor progress [0.36ms]
quality	Run the release contract	2026-10-06T19:57:29.7474639Z (pass) widget: interrupted completion claims render the named recovery-needed lifecycle, not auditor-running [0.46ms]
quality	Run the release contract	2026-10-06T19:57:29.7481707Z (pass) widget: a durable running claim without observed progress names its durable state [0.33ms]
quality	Run the release contract	2026-10-06T19:57:29.7486335Z (pass) auditor progress phases are explicit and retain worker activity [0.83ms]
quality	Run the release contract	2026-10-06T19:57:29.7489332Z (pass) worker-timeout display demotes stale progress to quiet without claiming LIVE [0.29ms]
quality	Run the release contract	2026-10-06T19:57:29.7496820Z (pass) detached auditor keeps compact footer liveness and detailed widget evidence without pausing MAIN [0.72ms]
quality	Run the release contract	2026-10-06T19:57:29.7499726Z (pass) detached auditor elapsed time keeps ticking between worker progress events [0.29ms]
quality	Run the release contract	2026-10-06T19:57:29.7505901Z (pass) detached recent auditor output is sanitized in live and awaiting-verdict widget paths [0.59ms]
quality	Run the release contract	2026-10-06T19:57:29.7509252Z (pass) v0.34.86: silent audits show a fine phase label (thinking… / writing report…) [0.31ms]
quality	Run the release contract	2026-10-06T19:57:29.7512195Z (pass) v0.34.86: silent audits show a report byte-counter instead of a dead timer [0.32ms]
quality	Run the release contract	2026-10-06T19:57:29.7517867Z (pass) v0.34.86: auditorProgressSignals off restores the plain timer-only card [0.52ms]
quality	Run the release contract	2026-10-06T19:57:29.7520378Z (pass) v0.34.86: live tail (auditorSilent off) is unaffected by the byte counter [0.25ms]
quality	Run the release contract	2026-10-06T19:57:29.7526151Z (pass) H-code: HUD liveness gate rejects clock-skewed lastActivityAt (future timestamps must not claim LIVE) [0.52ms]
quality	Run the release contract	2026-10-06T19:57:29.7537730Z (pass) auditor widget shows concrete worker observations without exposing think blocks [0.85ms]
quality	Run the release contract	2026-10-06T19:57:29.7543394Z (pass) v0.34.119: repeated auditor tool telemetry does not render a tool-name history [0.26ms]
quality	Run the release contract	2026-10-06T19:57:29.7544332Z (pass) v0.34.66: auditor stream is SILENT by default — no live tail, muted note instead [0.20ms]
quality	Run the release contract	2026-10-06T19:57:29.7546957Z (pass) v0.34.66: at the verdict the FINAL report shows even when silent [0.49ms]
quality	Run the release contract	2026-10-06T19:57:29.7549315Z (pass) v0.38.55: no spacer row between observations and the card footer (Screenshot 20260914) [0.49ms]
quality	Run the release contract	2026-10-06T19:57:29.7553098Z (pass) v0.38.55: no spacer is invented when there is no worker text [0.29ms]
quality	Run the release contract	2026-10-06T19:57:29.7562120Z (pass) v0.34.56: unmatched tool-event counts render ONLY with evidence (never a zero-fact observation) [0.67ms]
quality	Run the release contract	2026-10-06T19:57:29.7563837Z (pass) stale auditor snapshots show the last tool, not a fake current tool [0.27ms]
quality	Run the release contract	2026-10-06T19:57:29.7566934Z (pass) auditor startup does not claim worker activity before the first RPC event [0.24ms]
quality	Run the release contract	2026-10-06T19:57:29.7570108Z (pass) widget: loop lines include measure + metric state [0.22ms]
quality	Run the release contract	2026-10-06T19:57:29.7574980Z (pass) held loop alone → status segment + widget card (before: BOTH vanished) [0.31ms]
quality	Run the release contract	2026-10-06T19:57:29.7578057Z (pass) held loop + paused goal → both visible (status suffix + widget trailing line) [0.29ms]
quality	Run the release contract	2026-10-06T19:57:29.7579698Z (pass) held loop + active goal → status suffix present [0.07ms]
quality	Run the release contract	2026-10-06T19:57:29.7581607Z (pass) v0.34.89: held loop + completed goal → dim summary shows, held loop stays visible via suffix [0.10ms]
quality	Run the release contract	2026-10-06T19:57:29.7582783Z (pass) active loop unchanged; stopped loop stays invisible [0.14ms]
quality	Run the release contract	2026-10-06T19:57:29.7586526Z (pass) decision pause: banner + numbered options + recommended flagged (widget + status) [0.52ms]
quality	Run the release contract	2026-10-06T19:57:29.7592389Z (pass) v0.38.71: decision card renders the action before the options (field UI-SURVEY-2026-09-20) [0.56ms]
quality	Run the release contract	2026-10-06T19:57:29.7595252Z (pass) error pause: ACTION NEEDED banner, action line popped (widget + status) [0.30ms]
quality	Run the release contract	2026-10-06T19:57:29.7598536Z (pass) active auditor infrastructure failure is visible as blocked, not green progress [0.33ms]
quality	Run the release contract	2026-10-06T19:57:29.7603157Z (pass) v0.34.87: paused auditor no-verdict is parked, not host-bearing (surface separation) [0.45ms]
quality	Run the release contract	2026-10-06T19:57:29.7604761Z (pass) v0.34.87: a paused LIST item's parked line names /list resume and the queue [0.16ms]
quality	Run the release contract	2026-10-06T19:57:29.7608508Z (pass) MAIN activity is never represented as detached — the detached marker belongs only to the live auditor badge [0.30ms]
quality	Run the release contract	2026-10-06T19:57:29.7612462Z (pass) v0.34.57: MAIN host label is pinned to SUPERVISING by the MAIN_HOST_LABEL constant guard [0.43ms]
quality	Run the release contract	2026-10-06T19:57:29.7619545Z (pass) active auditor verdicts never masquerade as infrastructure no-verdict [0.68ms]
quality	Run the release contract	2026-10-06T19:57:29.7625186Z (pass) provider payloads stay out of durable disapproval widget feedback [0.56ms]
quality	Run the release contract	2026-10-06T19:57:29.7628848Z (pass) v0.34.64: retry-class pause shows uniform auto-retrying countdown; no QUOTA WALL anywhere [0.34ms]
quality	Run the release contract	2026-10-06T19:57:29.7632025Z (pass) v0.34.64: ambiguous (transient 503) recovery is shown with the same auto-retrying badge — no special 'wall' label [0.25ms]
quality	Run the release contract	2026-10-06T19:57:29.7636917Z (pass) v0.34.102: paused goal parked on mainModelRecovery renders as RECOVERING, not paused (widget head + card) [0.47ms]
quality	Run the release contract	2026-10-06T19:57:29.7641488Z (pass) v0.34.102: wait pause WITHOUT mainModelRecovery keeps the uniform auto-retrying shape [0.18ms]
quality	Run the release contract	2026-10-06T19:57:29.7668135Z (pass) v0.34.64: 24h horizon holds render as a paused card with the suggested action; no manual-resume wording [2.86ms]
quality	Run the release contract	2026-10-06T19:57:29.7682514Z (pass) main-model recovery manual hold does not claim a non-quota block [0.46ms]
quality	Run the release contract	2026-10-06T19:57:29.7683809Z (pass) blocked card carries one directive: timer names itself, otherwise resume [0.36ms]
quality	Run the release contract	2026-10-06T19:57:29.7685351Z (pass) v0.34.51: a passed quota resumeAt says resuming…, never the old 'retrying now' [0.14ms]
quality	Run the release contract	2026-10-06T19:57:29.7686792Z (pass) legacy pause (no kind): flat card unchanged; error-regex still classifies the status line [0.18ms]
quality	Run the release contract	2026-10-06T19:57:29.7688714Z (pass) v0.28.30: the widget card status line ALWAYS names the type (goal · / list item ·) [0.29ms]
quality	Run the release contract	2026-10-06T19:57:29.7735511Z (pass) v0.33.0: slim card — meter rounding guard, folded status segments, last-action line [5.34ms]
quality	Run the release contract	2026-10-06T19:57:29.7739898Z (pass) v0.38.27: widget task count — a closed parent covers its subtasks (ported from Bjynt's PR #45) [0.42ms]
quality	Run the release contract	2026-10-06T19:57:29.7780877Z (pass) v0.33.1: audit-batch — sanitize, head fits width, last restored, flag lifecycle [4.08ms]
quality	Run the release contract	2026-10-06T19:57:29.7819419Z (pass) v0.33.2: loop proactiveness + respec machinery [3.88ms]
quality	Run the release contract	2026-10-06T19:57:29.7821178Z (pass) v0.34.100: auditorSilent default is on in settings (every session model) [0.14ms]
quality	Run the release contract	2026-10-06T19:57:29.7860528Z (pass) v0.34.100: auditorSilent plumbing threads the loaded setting through extras [3.88ms]
quality	Run the release contract	2026-10-06T19:57:29.7895549Z (pass) v0.36.2: live UI repaint has a bounded cadence and diff guard [3.48ms]
quality	Run the release contract	2026-10-06T19:57:29.7900434Z (pass) v0.34.100: silent-default widget renders muted for ANY session model [0.53ms]
quality	Run the release contract	2026-10-06T19:57:29.7955459Z (pass) v0.34.96/v0.34.128: complete_goal detects 'already shipped' / 'verified vX covers this' / 'no new work shipped' — version-bearing aborts, version-less routes to the audit (SRC-pinned in display.test.ts) [5.34ms]
quality	Run the release contract	2026-10-06T19:57:29.7958036Z (pass) audit-2026-09-07: widget worker rows render bare glyph-first, no `agent: ` prefix [0.30ms]
quality	Run the release contract	2026-10-06T19:57:29.7959489Z (pass) audit-2026-09-06: status line honors the width budget [0.24ms]
quality	Run the release contract	2026-10-06T19:57:29.7968181Z (pass) audit-2026-09-06: truncate/wrap are cell-aware (CJK/emoji + surrogate-safe) [0.80ms]
quality	Run the release contract	2026-10-06T19:57:29.7969450Z (pass) version tail rides the paused branch too, not just active [0.14ms]
quality	Run the release contract	2026-10-06T19:57:29.7970097Z 
quality	Run the release contract	2026-10-06T19:57:29.7970428Z ##[endgroup]
quality	Run the release contract	2026-10-06T19:57:29.7974003Z 
quality	Run the release contract	2026-10-06T19:57:29.7974402Z ##[group]tests/durable-wait.test.mjs:
quality	Run the release contract	2026-10-06T19:57:30.2210209Z (pass) durable wait succeeds before its deadline and reports elapsed polling [83.93ms]
quality	Run the release contract	2026-10-06T19:57:30.2219992Z (pass) durable wait returns a real timeout instead of treating elapsed time as success [1.16ms]
quality	Run the release contract	2026-10-06T19:57:30.2222162Z (pass) a late done observation after the deadline is a timeout, not success [0.26ms]
quality	Run the release contract	2026-10-06T19:57:30.2234711Z (pass) archive-count waits use the same durable deadline and return the observed count [1.23ms]
quality	Run the release contract	2026-10-06T19:57:30.2246313Z (pass) a restarted waiter observes the same durable file without an old timer [1.16ms]
quality	Run the release contract	2026-10-06T19:57:30.2255910Z (pass) provider recovery is a terminal reason, never a false approval or timeout [0.90ms]
quality	Run the release contract	2026-10-06T19:57:30.2260790Z (pass) smoke harness uses the durable wait CLI for durable outcomes [0.48ms]
quality	Run the release contract	2026-10-06T19:57:30.2261780Z 
quality	Run the release contract	2026-10-06T19:57:30.2262460Z ##[endgroup]
quality	Run the release contract	2026-10-06T19:57:30.2266025Z 
quality	Run the release contract	2026-10-06T19:57:30.2266419Z ##[group]tests/pending-latch.test.ts:
quality	Run the release contract	2026-10-06T19:57:30.5700145Z (pass) watchdog fires on the field-observed shape: supervising + idle + pending + no timers + silent >= threshold [0.34ms]
quality	Run the release contract	2026-10-06T19:57:30.5702547Z (pass) watchdog does NOT fire when any guard fails [0.09ms]
quality	Run the release contract	2026-10-06T19:57:30.5704602Z (pass) threshold is 3 minutes (post-compaction settle is 2s; legit queue latency is seconds) [0.03ms]
quality	Run the release contract	2026-10-06T19:57:30.5707194Z (pass) heartbeat wiring: idle/pending split, watchdog branch, ledger event, wedge uses !idle, shared escalation [0.83ms]
quality	Run the release contract	2026-10-06T19:57:30.5710131Z (pass) the exact 'ℹ todo 0' junk line (enqueued as a /list item by the 0.26.2 reviewer) never classifies [0.25ms]
quality	Run the release contract	2026-10-06T19:57:30.5711059Z 
quality	Run the release contract	2026-10-06T19:57:30.5711705Z ##[endgroup]
quality	Run the release contract	2026-10-06T19:57:30.5713573Z 
quality	Run the release contract	2026-10-06T19:57:30.5714055Z ##[group]tests/context-checkpoint.test.ts:
quality	Run the release contract	2026-10-06T19:57:30.9121284Z (pass) authoritative checkpoint carries stable state only — no dynamic fields [1.16ms]
quality	Run the release contract	2026-10-06T19:57:30.9153890Z (pass) real continuation payload growth is bounded after checkpoint projection [3.52ms]
quality	Run the release contract	2026-10-06T19:57:30.9156594Z (pass) projection removes old goal events, inserts one checkpoint, and keeps newest payload [0.27ms]
quality	Run the release contract	2026-10-06T19:57:30.9158035Z (pass) one goal event is a no-op and does not inject a checkpoint [0.08ms]
quality	Run the release contract	2026-10-06T19:57:30.9159064Z (pass) zero-retention mode resynchronizes from the checkpoint without retaining payloads [0.10ms]
quality	Run the release contract	2026-10-06T19:57:30.9165879Z (pass) loop-only projection bounds repeated payloads and carries loop authority [0.72ms]
quality	Run the release contract	2026-10-06T19:57:30.9169634Z (pass) loop checkpoint is byte-stable across volatile loop progress (prefix-cache stability) [0.38ms]
quality	Run the release contract	2026-10-06T19:57:30.9214180Z (pass) context hook projects loop-only state and records loop authority [4.44ms]
quality	Run the release contract	2026-10-06T19:57:30.9226462Z (pass) paused goal plus active loop preserves both authorities in the checkpoint [1.20ms]
quality	Run the release contract	2026-10-06T19:57:30.9234056Z (pass) oversized paused goal plus active loop reserves required checkpoint fields [0.71ms]
quality	Run the release contract	2026-10-06T19:57:30.9243137Z (pass) context hook uses current durable state and records the projection [0.92ms]
quality	Run the release contract	2026-10-06T19:57:30.9244552Z (pass) audit-2026-09-06: marker text without customType is content, never control plane [0.14ms]
quality	Run the release contract	2026-10-06T19:57:30.9251217Z (pass) v0.38.54: context hook leaves the transcript alone by default (prefix-cache continuity) [0.55ms]
quality	Run the release contract	2026-10-06T19:57:30.9254379Z (pass) v0.38.54: junk contextCheckpointProjection normalizes to unset (default off) [0.34ms]
quality	Run the release contract	2026-10-06T19:57:30.9265709Z (pass) v0.38.54: settings menu carries the opt-in row, off by default [1.11ms]
quality	Run the release contract	2026-10-06T19:57:30.9266489Z 
quality	Run the release contract	2026-10-06T19:57:30.9267058Z ##[endgroup]
quality	Run the release contract	2026-10-06T19:57:30.9270696Z 
quality	Run the release contract	2026-10-06T19:57:30.9271462Z ##[group]tests/command-registration-collisions.test.ts:
quality	Run the release contract	2026-10-06T19:57:31.2088660Z (pass) v0.34.55: model — a collided name is suffixed for EVERY registrant; the bare name becomes unowned [0.55ms]
quality	Run the release contract	2026-10-06T19:57:31.2090841Z (pass) v0.34.55: model — within-extension re-registration is last-wins (Map.set), no self-collision [0.11ms]
quality	Run the release contract	2026-10-06T19:57:31.2092026Z (pass) v0.34.138: routing scan follows local imports and keeps winner paths portable [1.54ms]
quality	Run the release contract	2026-10-06T19:57:31.2093072Z (pass) v0.34.55: live rig — the routing table records duplicate-command routing and identifies the winning registration [1.09ms]
quality	Run the release contract	2026-10-06T19:57:31.2441219Z (pass) v0.35.47: every handled /list and /loop subcommand has a completion entry [34.84ms]
quality	Run the release contract	2026-10-06T19:57:31.2444964Z (pass) every canonical /glla action is discoverable in completions [0.49ms]
quality	Run the release contract	2026-10-06T19:57:31.2448818Z (pass) every handled /goal subcommand has a completion entry [0.43ms]
quality	Run the release contract	2026-10-06T19:57:31.2449401Z 
quality	Run the release contract	2026-10-06T19:57:31.2450140Z ##[endgroup]
quality	Run the release contract	2026-10-06T19:57:31.2453756Z 
quality	Run the release contract	2026-10-06T19:57:31.2454387Z ##[group]tests/long-term-preferences-boundary.test.ts:
quality	Run the release contract	2026-10-06T19:57:31.5291376Z (pass) continuation prompt has no auto-injected preference section [0.46ms]
quality	Run the release contract	2026-10-06T19:57:31.5723616Z (pass) no extension auto-prefers a remembered prose value [45.06ms]
quality	Run the release contract	2026-10-06T19:57:31.5729037Z (pass) Settings has no opaque free-form text field (typed boundary) [0.76ms]
quality	Run the release contract	2026-10-06T19:57:31.5824711Z (pass) saveSettings is the only writer to the settings JSON files [9.61ms]
quality	Run the release contract	2026-10-06T19:57:31.5826644Z (pass) goal-settings.ts header documents the long-term-preferences policy [0.18ms]
quality	Run the release contract	2026-10-06T19:57:31.5827151Z 
quality	Run the release contract	2026-10-06T19:57:31.5827517Z ##[endgroup]
quality	Run the release contract	2026-10-06T19:57:31.5831561Z 
quality	Run the release contract	2026-10-06T19:57:31.5832196Z ##[group]tests/load-without-autostart.test.ts:
quality	Run the release contract	2026-10-06T19:57:32.6216157Z (pass) v0.35.23: DEFAULT cold load restores + displays a pending goal but sends NOTHING and arms NO automation [755.95ms]
quality	Run the release contract	2026-10-06T19:57:33.1229638Z (pass) v0.35.23: DEFAULT cold load HELDS a persisted live loop instead of resuming its ticks [501.36ms]
quality	Run the release contract	2026-10-06T19:57:33.5851696Z (pass) v0.35.23: explicit autoResume:true restores load-time automation (opt-in = today's behavior) [462.12ms]
quality	Run the release contract	2026-10-06T19:57:34.1978999Z (pass) v0.35.23: /goal resume releases the load hold and re-arms automation [612.87ms]
quality	Run the release contract	2026-10-06T19:57:35.8963621Z (pass) v0.38.96: /glla resume releases the load hold BEFORE the manual-recovery probe (field 2026-09-23) [1698.26ms]
quality	Run the release contract	2026-10-06T19:57:36.3766538Z (pass) v0.38.96: /loop resume releases the load hold BEFORE the manual-recovery probe [480.41ms]
quality	Run the release contract	2026-10-06T19:57:36.8270275Z (pass) v0.35.23: /list next also releases the hold and starts the queued head [450.34ms]
quality	Run the release contract	2026-10-06T19:57:37.1715642Z (pass) completed project receipt does not create or retain a load hold (legacy=false) [344.52ms]
quality	Run the release contract	2026-10-06T19:57:37.4924870Z (pass) completed project receipt does not create or retain a load hold (legacy=true) [320.97ms]
quality	Run the release contract	2026-10-06T19:57:37.7973038Z (pass) terminal receipt restore preserves an explicit supervisor pause [304.81ms]
quality	Run the release contract	2026-10-06T19:57:38.1076553Z (pass) a completed project beside a waiting queue still holds the unfinished queue [310.25ms]
quality	Run the release contract	2026-10-06T19:57:38.1136372Z (pass) terminal-only blank startup does not advertise work to resume [5.67ms]
quality	Run the release contract	2026-10-06T19:57:38.1138327Z 
quality	Run the release contract	2026-10-06T19:57:38.1139207Z ##[endgroup]
quality	Run the release contract	2026-10-06T19:57:38.1139706Z 
quality	Run the release contract	2026-10-06T19:57:38.1140602Z ##[group]tests/test-runner-lifecycle.test.ts:
quality	Run the release contract	2026-10-06T19:57:38.7794605Z (pass) runner propagates failing exit even when both pipes close before the child exits [381.75ms]
quality	Run the release contract	2026-10-06T19:57:38.8975520Z (pass) runner fails on SIGINT even when its child cooperatively exits zero [117.99ms]
quality	Run the release contract	2026-10-06T19:57:39.0332681Z (pass) runner fails on SIGTERM even when its child cooperatively exits zero [135.70ms]
quality	Run the release contract	2026-10-06T19:57:40.3249440Z [run-tests] progress: 480s elapsed · 1s since last output · 258 KiB of suite output
quality	Run the release contract	2026-10-06T19:57:44.1557705Z (pass) runner escalates a child that ignores TERM and still reports interruption [5122.53ms]
quality	Run the release contract	2026-10-06T19:57:44.8334688Z (pass) runner reaps a TERM-ignoring group descendant after normal leader exit [677.69ms]
quality	Run the release contract	2026-10-06T19:57:44.9434571Z (pass) runner reaps a TERM-ignoring group descendant after signal leader exit [109.86ms]
quality	Run the release contract	2026-10-06T19:57:46.4140565Z (pass) runner reaps a registered detached worker and its TERM-ignoring descendant on normal exit [1470.66ms]
quality	Run the release contract	2026-10-06T19:57:47.6921889Z (pass) runner reaps a registered detached worker and its TERM-ignoring descendant on signal exit [1278.14ms]
quality	Run the release contract	2026-10-06T19:57:47.6983293Z (pass) registry refuses to signal a record naming a reused leader identity [6.16ms]
quality	Run the release contract	2026-10-06T19:57:47.8148910Z (pass) runner refuses a green suite after a swallowed primary registration write failure [116.40ms]
quality	Run the release contract	2026-10-06T19:57:47.9595865Z (pass) runner refuses a green suite after a swallowed obligation registration write failure [144.66ms]
quality	Run the release contract	2026-10-06T19:57:48.1022352Z (pass) parent runner fails after swallowed initial identity denial and restored reads [142.58ms]
quality	Run the release contract	2026-10-06T19:57:48.2110324Z (pass) runner retains cleanup evidence when its own initial registration refuses [108.84ms]
quality	Run the release contract	2026-10-06T19:57:48.2110915Z 
quality	Run the release contract	2026-10-06T19:57:48.2111292Z ##[endgroup]
quality	Run the release contract	2026-10-06T19:57:48.2397697Z 
quality	Run the release contract	2026-10-06T19:57:48.2398945Z ##[group]tests/loop-error-exemption.test.ts:
quality	Run the release contract	2026-10-06T19:57:49.1294278Z (pass) v0.29.19: provider-error turns are NOT iterations — no measure, no stall, no stuck; loop stays active [583.42ms]
quality	Run the release contract	2026-10-06T19:57:50.2640961Z (pass) v0.35.x: repeated in-band provider tool output parks recovery without loop stuck accounting [1134.77ms]
quality	Run the release contract	2026-10-06T19:57:50.5539468Z (pass) explicit in-band prompt-policy refusal stops a loop on its first pane [289.85ms]
quality	Run the release contract	2026-10-06T19:57:51.0873010Z (pass) v0.29.19: a real turn after errors clears the streak and measures normally [533.30ms]
quality	Run the release contract	2026-10-06T19:57:51.0874506Z (pass) v0.35.x: recoverable provider failures use the same durable recovery envelope [0.24ms]
quality	Run the release contract	2026-10-06T19:57:52.3451474Z (pass) v0.34.31: extended quota errors enter durable main-model recovery [1257.61ms]
quality	Run the release contract	2026-10-06T19:57:53.7036170Z (pass) v0.34.26: loop output-token exhaustion persists and notifies the compact recap [1358.46ms]
quality	Run the release contract	2026-10-06T19:57:54.2474448Z (pass) v0.29.19: 3 consecutive user aborts stop the loop — user aborts mean STOP [543.76ms]
quality	Run the release contract	2026-10-06T19:57:56.3821805Z (pass) v0.29.19: audit plateau with OPEN findings stands down (reprieve), then stops honestly when reprieves run out [2133.72ms]
quality	Run the release contract	2026-10-06T19:57:56.7833437Z (pass) v0.29.20: a plain plateau stop is resumable (pre-gate false plateaus recover) [402.22ms]
quality	Run the release contract	2026-10-06T19:57:56.9529686Z (pass) v0.29.19: audit plateau with ZERO open findings stops normally — the well is dry [169.54ms]
quality	Run the release contract	2026-10-06T19:57:56.9543687Z 
quality	Run the release contract	2026-10-06T19:57:56.9546989Z ##[endgroup]
quality	Run the release contract	2026-10-06T19:57:56.9563487Z 
quality	Run the release contract	2026-10-06T19:57:56.9569499Z ##[group]tests/runtime-globals-contract.test.ts:
quality	Run the release contract	2026-10-06T19:57:57.2741626Z (pass) runtime global bridge has one typed declaration for every registration [3.93ms]
quality	Run the release contract	2026-10-06T19:57:57.2743090Z (pass) audit-2026-09-06: runtime globals register exactly once per process [0.39ms]
quality	Run the release contract	2026-10-06T19:57:57.2743784Z 
quality	Run the release contract	2026-10-06T19:57:57.2744480Z ##[endgroup]
quality	Run the release contract	2026-10-06T19:57:57.3113002Z 
quality	Run the release contract	2026-10-06T19:57:57.3114185Z ##[group]tests/objective-conflict.test.ts:
quality	Run the release contract	2026-10-06T19:57:57.8313233Z (pass) C7: declining the conflict confirm ends the update — no retry re-prompt [169.93ms]
quality	Run the release contract	2026-10-06T19:57:58.0014365Z (pass) C7 control: accepting the conflict confirm applies the whole-objective update [167.70ms]
quality	Run the release contract	2026-10-06T19:57:58.0015679Z 
quality	Run the release contract	2026-10-06T19:57:58.0016849Z ##[endgroup]
quality	Run the release contract	2026-10-06T19:57:58.0017315Z 
quality	Run the release contract	2026-10-06T19:57:58.0018657Z ##[group]tests/auditor-payload-escaping.test.ts:
quality	Run the release contract	2026-10-06T19:57:58.2951621Z (pass) auditor payload escaping keeps XML-like delimiters inside untrusted data [0.93ms]
quality	Run the release contract	2026-10-06T19:57:58.2963723Z 
quality	Run the release contract	2026-10-06T19:57:58.2964723Z ##[endgroup]
quality	Run the release contract	2026-10-06T19:57:58.2965543Z 
quality	Run the release contract	2026-10-06T19:57:58.2966250Z ##[group]tests/post-accept-hang-retry.test.ts:
quality	Run the release contract	2026-10-06T19:57:58.6531707Z (pass) v0.35.x zombieRetryDecision: repeated silence consumes the configured retry budget [0.57ms]
quality	Run the release contract	2026-10-06T19:57:58.6533520Z (pass) v0.35.x zombieRetryDecision: exhaustion refuses without a retry storm [0.10ms]
quality	Run the release contract	2026-10-06T19:57:58.6534844Z (pass) v0.35.x zombieRetryDecision: a different owner key always gets its own budget [0.06ms]
quality	Run the release contract	2026-10-06T19:57:58.6535955Z (pass) v0.35.x production retry defaults stay finite and bounded [0.30ms]
quality	Run the release contract	2026-10-06T19:57:58.6537471Z (pass) v0.35.17 source: the auto-retry is armed inside abortZombieRun behind the streak decision [0.33ms]
quality	Run the release contract	2026-10-06T19:57:58.6539244Z (pass) v0.35.17 source: the retry timer respects /glla pause and only clears ITS OWN park [0.18ms]
quality	Run the release contract	2026-10-06T19:57:58.6540773Z (pass) v0.35.x source: the user-facing copy announces the bounded retry budget [0.14ms]
quality	Run the release contract	2026-10-06T19:57:59.4023302Z (pass) v0.35.x behavioral: a hung post-accept turn aborts, parks, then AUTO-resumes within the budget [747.96ms]
quality	Run the release contract	2026-10-06T19:58:00.3773855Z (pass) v0.35.x behavioral: repeated zero-stream aborts retry until exhaustion, then stay parked [975.01ms]
quality	Run the release contract	2026-10-06T19:58:00.7399626Z (pass) v0.35.17 behavioral: /glla pause during the waystation freezes the automatic retry [362.53ms]
quality	Run the release contract	2026-10-06T19:58:00.7400987Z 
quality	Run the release contract	2026-10-06T19:58:00.7401467Z ##[endgroup]
quality	Run the release contract	2026-10-06T19:58:00.7402711Z 
quality	Run the release contract	2026-10-06T19:58:00.7403241Z ##[group]tests/quota-park-reroute.test.ts:
quality	Run the release contract	2026-10-06T19:58:01.3971392Z (pass) quota evidence: a subagent 429 tool error is recorded on the goal [324.15ms]
quality	Run the release contract	2026-10-06T19:58:01.6454596Z (pass) quota reroute: blocked park with fresh evidence becomes a supervised wait [248.31ms]
quality	Run the release contract	2026-10-06T19:58:01.8179420Z (pass) quota reroute: quota wording in the reason needs no evidence [172.43ms]
quality	Run the release contract	2026-10-06T19:58:01.9840429Z (pass) quota reroute: ordinary and stale-evidence parks are untouched [165.00ms]
quality	Run the release contract	2026-10-06T19:58:01.9840880Z 
quality	Run the release contract	2026-10-06T19:58:01.9841210Z ##[endgroup]
quality	Run the release contract	2026-10-06T19:58:01.9841339Z 
quality	Run the release contract	2026-10-06T19:58:01.9841646Z ##[group]tests/settings-menu-complete.test.ts:
quality	Run the release contract	2026-10-06T19:58:02.2949590Z (pass) every row carries every required column field [2.13ms]
quality	Run the release contract	2026-10-06T19:58:02.2972800Z (pass) role-specific tabs keep each agent's model, thinking, and fallback controls together [0.16ms]
quality	Run the release contract	2026-10-06T19:58:02.2975124Z (pass) every row's section is one of the 8 known section ids (no orphans) [0.74ms]
quality	Run the release contract	2026-10-06T19:58:02.2987817Z (pass) main-agent tab starts with the runtime agent; drafter and subagent chains have their own tabs [1.05ms]
quality	Run the release contract	2026-10-06T19:58:02.2989154Z (pass) main fallback row explains ordered, deselectable selection [1.22ms]
quality	Run the release contract	2026-10-06T19:58:02.2991134Z (pass) role rows show each selected model with requested/effective thinking [1.21ms]
quality	Run the release contract	2026-10-06T19:58:02.2992461Z (pass) v0.36.0: unset auditor thinking mirrors the parent session and the fallback row uses the main shape [0.75ms]
quality	Run the release contract	2026-10-06T19:58:02.3359003Z (pass) inherited drafter and auditor model rows identify the session category [36.67ms]
quality	Run the release contract	2026-10-06T19:58:02.3364224Z (pass) all embedded subagent types expose editable fallback-chain rows [0.67ms]
quality	Run the release contract	2026-10-06T19:58:02.3370540Z (pass) key rows from v0.27.0 settings menu are all present (menu coverage contract) [0.62ms]
quality	Run the release contract	2026-10-06T19:58:02.3383167Z (pass) descriptions and values carry no version-tag chrome (v0.34.25) [0.85ms]
quality	Run the release contract	2026-10-06T19:58:02.3419600Z (pass) rows map 1:1 to dispatchable ids (every id can drive a handler) [4.02ms]
quality	Run the release contract	2026-10-06T19:58:02.3425687Z (pass) main fallback row shows the persisted numbered try order and truthful runtime semantics [0.64ms]
quality	Run the release contract	2026-10-06T19:58:02.3440468Z (pass) auditorAllowedExtensions valueText is a count — never joined absolute paths (screen-size crash) [1.41ms]
quality	Run the release contract	2026-10-06T19:58:02.3445120Z (pass) valueText derives from settings (effective values surface for each row) [0.53ms]
quality	Run the release contract	2026-10-06T19:58:02.3454436Z (pass) default fallbacks surface when settings + provenance both missing [0.91ms]
quality	Run the release contract	2026-10-06T19:58:02.3465654Z (pass) default fallbacks follow the effective aggressive matrix (explicit off → base values) [1.08ms]
quality	Run the release contract	2026-10-06T19:58:02.3471169Z (pass) effective resolution names the real session model for inherit-parent [0.58ms]
quality	Run the release contract	2026-10-06T19:58:02.3477028Z (pass) provenance flows into sourceText (project/global/default tags) [0.59ms]
quality	Run the release contract	2026-10-06T19:58:02.3484905Z (pass) haiku mention is dropped from any valueText / description / sourceText [0.77ms]
quality	Run the release contract	2026-10-06T19:58:02.3491864Z (pass) headless `/glla` fallback keeps stall brakes and the v0.34.127 sync list [0.69ms]
quality	Run the release contract	2026-10-06T19:58:02.3525615Z (pass) the legacy flat-row startsWith logic is removed (no more `──` section headers in code) [3.24ms]
quality	Run the release contract	2026-10-06T19:58:02.3531028Z (pass) /glla tooloverride still routes headlessly (regression: subsystems unchanged) [0.62ms]
quality	Run the release contract	2026-10-06T19:58:02.3535013Z (pass) postaudit and reviewer routes both open the reviewer menu (back-compat) [0.38ms]
quality	Run the release contract	2026-10-06T19:58:02.3540767Z (pass) stateRoot: one global-only row with the workingDir default [0.61ms]
quality	Run the release contract	2026-10-06T19:58:02.3548269Z (pass) v0.28.20: no bracket/paren chrome — VALUE and SOURCE render bare [0.70ms]
quality	Run the release contract	2026-10-06T19:58:02.3578345Z (pass) audit-2026-09-06: settings TUI tabs row is truncated to terminal width [2.47ms]
quality	Run the release contract	2026-10-06T19:58:02.3587855Z (pass) audit 2026-09-06: normalizeLoadedSettings resets junk numerics/enums/strings to unset [1.46ms]
quality	Run the release contract	2026-10-06T19:58:02.3643091Z (pass) settings provenance reports normalized effective values, not rejected raw junk [5.47ms]
quality	Run the release contract	2026-10-06T19:58:02.3652315Z (pass) audit 2026-09-06: legacy reviewer block migrates to postaudit [0.94ms]
quality	Run the release contract	2026-10-06T19:58:02.3655559Z (pass) audit 2026-09-07 (LOW, findings 392-394): quiet copy names the count line at every surface [0.32ms]
quality	Run the release contract	2026-10-06T19:58:02.3760395Z (pass) settings table fits narrow terminals with details both hidden and visible [10.35ms]
quality	Run the release contract	2026-10-06T19:58:02.3761118Z 
quality	Run the release contract	2026-10-06T19:58:02.3766019Z ##[endgroup]
quality	Run the release contract	2026-10-06T19:58:02.3766252Z 
quality	Run the release contract	2026-10-06T19:58:02.3766948Z ##[group]tests/mode-command-guidance.test.ts:
quality	Run the release contract	2026-10-06T19:58:02.6783440Z (pass) mode-aware helpers exist and route by policy [0.75ms]
quality	Run the release contract	2026-10-06T19:58:02.7311348Z (pass) no hardcoded /goal <cmd> literals remain in generated guidance (goal.ts) [52.91ms]
quality	Run the release contract	2026-10-06T19:58:02.7401571Z (pass) loop-policy recovery guidance interpolates recoverySurfaceCommand (v0.34.108) [9.06ms]
quality	Run the release contract	2026-10-06T19:58:02.7403014Z (pass) widget resume hints are mode-aware ternaries (display.ts) [0.21ms]
quality	Run the release contract	2026-10-06T19:58:02.9437790Z (pass) goal-policy pause notifies with /goal resume [203.12ms]
quality	Run the release contract	2026-10-06T19:58:03.2038355Z (pass) list-policy pause notifies with /list resume [260.27ms]
quality	Run the release contract	2026-10-06T19:58:03.2062921Z (pass) widget wait countdown is uniform auto-retrying (no manual resume hint — v0.34.64) [0.99ms]
quality	Run the release contract	2026-10-06T19:58:03.2064227Z (pass) widget no-verdict fallback action is mode-aware [0.54ms]
quality	Run the release contract	2026-10-06T19:58:03.2064795Z 
quality	Run the release contract	2026-10-06T19:58:03.2065377Z ##[endgroup]
quality	Run the release contract	2026-10-06T19:58:03.2065710Z 
quality	Run the release contract	2026-10-06T19:58:03.2066285Z ##[group]tests/zombie-subagent-tool-name.test.ts:
quality	Run the release contract	2026-10-06T19:58:03.5582693Z (pass) v0.35.26 #13: an in-flight 'subagent' call stands down the zombie abort until it settles [66.62ms]
quality	Run the release contract	2026-10-06T19:58:03.5718944Z (pass) v0.35.26 #13: the blocking 'subagent_wait' tool gets the same stand-down [13.63ms]
quality	Run the release contract	2026-10-06T19:58:03.5722995Z (pass) v0.35.26 #13: both watchdog sites consume the shared isSubagentWaitCall name set [0.42ms]
quality	Run the release contract	2026-10-06T19:58:03.5724050Z 
quality	Run the release contract	2026-10-06T19:58:03.5725242Z ##[endgroup]
quality	Run the release contract	2026-10-06T19:58:03.5727817Z 
quality	Run the release contract	2026-10-06T19:58:03.5728605Z ##[group]tests/loop-branch-ownership.test.ts:
quality	Run the release contract	2026-10-06T19:58:03.9256870Z Switched to a new branch 'pi-glla-loop/test'
quality	Run the release contract	2026-10-06T19:58:03.9367376Z Switched to branch 'main'
quality	Run the release contract	2026-10-06T19:58:03.9691119Z (pass) active branch loop parks before commit when HEAD moved to the user's branch [102.83ms]
quality	Run the release contract	2026-10-06T19:58:03.9878816Z Switched to a new branch 'pi-glla-loop/commit-fail'
quality	Run the release contract	2026-10-06T19:58:04.0213797Z (pass) terminal commit failure preserves the uncommitted iteration and skips destructive finish [52.73ms]
quality	Run the release contract	2026-10-06T19:58:04.0416250Z Switched to a new branch 'pi-glla-loop/reset-fail'
quality	Run the release contract	2026-10-06T19:58:04.0901581Z (pass) reset failure during finish keeps the terminal branch and never attempts checkout [67.54ms]
quality	Run the release contract	2026-10-06T19:58:04.1491280Z Switched to a new branch 'pi-glla-loop/stop-guard'
quality	Run the release contract	2026-10-06T19:58:04.1649428Z Switched to branch 'main'
quality	Run the release contract	2026-10-06T19:58:04.1956038Z (pass) /loop stop on a branch-mode loop parked on a foreign branch attempts no reset or checkout [105.33ms]
quality	Run the release contract	2026-10-06T19:58:04.2596378Z Switched to a new branch 'pi-glla-loop/stop-mid-tick'
quality	Run the release contract	2026-10-06T19:58:04.4792976Z Switched to branch 'main'
quality	Run the release contract	2026-10-06T19:58:04.4880367Z (pass) /loop stop mid-tick still restores the original branch (no false branch-changed park) [289.47ms]
quality	Run the release contract	2026-10-06T19:58:04.6891361Z Switched to a new branch 'pi-glla-loop/stop-commit-inflight'
quality	Run the release contract	2026-10-06T19:58:04.9354771Z Switched to branch 'main'
quality	Run the release contract	2026-10-06T19:58:05.1199008Z (pass) /loop stop mid-tick commits the in-flight iteration instead of resetting it away [635.88ms]
quality	Run the release contract	2026-10-06T19:58:05.1213560Z (pass) commitPendingTerminalWork is module scope and finishLoopGit commits before its reset (source pin) [0.57ms]
quality	Run the release contract	2026-10-06T19:58:05.1241185Z (pass) parkLoopOnWrongBranch consults HEAD before the in-flight tick guard (source pin) [2.69ms]
quality	Run the release contract	2026-10-06T19:58:05.1882995Z Switched to a new branch 'pi-glla-loop/resumable-park'
quality	Run the release contract	2026-10-06T19:58:05.1970181Z Switched to branch 'main'
quality	Run the release contract	2026-10-06T19:58:05.2111214Z Switched to branch 'pi-glla-loop/resumable-park'
quality	Run the release contract	2026-10-06T19:58:05.2488774Z (pass) a branch-changed park is resumable: /loop resume on the scratch branch keeps the loop's history [123.65ms]
quality	Run the release contract	2026-10-06T19:58:05.2507522Z (pass) v0.38.104: the branch-changed park names the loop surface and is in RESUMABLE_STOP (source pins) [0.54ms]
quality	Run the release contract	2026-10-06T19:58:05.2517348Z 
quality	Run the release contract	2026-10-06T19:58:05.2521068Z ##[endgroup]
quality	Run the release contract	2026-10-06T19:58:05.2523917Z 
quality	Run the release contract	2026-10-06T19:58:05.2525506Z ##[group]tests/tool-overrides.test.ts:
quality	Run the release contract	2026-10-06T19:58:05.5523749Z (pass) Settings type accepts toolOverrides (allow / hide / perToolConfig) [0.51ms]
quality	Run the release contract	2026-10-06T19:58:05.5562422Z (pass) SETTINGS_KEYS includes toolOverrides for provenance tracking [0.13ms]
quality	Run the release contract	2026-10-06T19:58:05.5563932Z (pass) goal.ts ensureAgentToolsActive applies toolOverrides.allow and .hide [4.18ms]
quality	Run the release contract	2026-10-06T19:58:05.5565767Z (pass) /glla tooloverride keyword routes to cmdToolOverride [0.30ms]
quality	Run the release contract	2026-10-06T19:58:05.5933111Z (pass) cmdToolOverride supports allow / hide / unallow / unhide / set / unset / list [36.30ms]
quality	Run the release contract	2026-10-06T19:58:05.5937787Z (pass) parseToolOverrideValue coerces booleans, numbers, JSON; else string [0.64ms]
quality	Run the release contract	2026-10-06T19:58:05.5939350Z (pass) reviewer 4-mode set (off | on | auto | aggressive) is the contract surface [0.18ms]
quality	Run the release contract	2026-10-06T19:58:05.5940937Z (pass) legacy 'default' and 'report' modes auto-migrate to 'on' in resolveReviewerConfig [0.19ms]
quality	Run the release contract	2026-10-06T19:58:05.5945258Z (pass) paused widget renders `awaiting first turn` for zero-telemetry (literal contract) [0.41ms]
quality	Run the release contract	2026-10-06T19:58:05.5947469Z (pass) auditor prompt (extensions/goal-loop-auditor.ts) carries the chunk-near-context-full hint [0.16ms]
quality	Run the release contract	2026-10-06T19:58:05.5948259Z 
quality	Run the release contract	2026-10-06T19:58:05.5948759Z ##[endgroup]
quality	Run the release contract	2026-10-06T19:58:05.5953217Z 
quality	Run the release contract	2026-10-06T19:58:05.5953882Z ##[group]tests/continuation-start-self-heal.test.ts:
quality	Run the release contract	2026-10-06T19:58:05.8751549Z (pass) v0.38.104: the self-heal cadence is bounded on both sides [0.77ms]
quality	Run the release contract	2026-10-06T19:58:06.5043403Z (pass) v0.38.104: an unacknowledged turn start self-heals instead of demanding a human [632.50ms]
quality	Run the release contract	2026-10-06T19:58:06.5045112Z (pass) v0.38.104: a turn-start proof resets the budget even when no timer is armed [0.42ms]
quality	Run the release contract	2026-10-06T19:58:06.5045824Z 
quality	Run the release contract	2026-10-06T19:58:06.5046664Z ##[endgroup]
quality	Run the release contract	2026-10-06T19:58:06.5049629Z 
quality	Run the release contract	2026-10-06T19:58:06.5050430Z ##[group]tests/approved-audit-settles.test.ts:
quality	Run the release contract	2026-10-06T19:58:07.6668706Z (pass) an approved stored claim settles and never falls into the residual-failure tail [877.91ms]
quality	Run the release contract	2026-10-06T19:58:07.6671108Z (pass) v0.38.104: the approval branch terminates after the settlement driver [0.35ms]
quality	Run the release contract	2026-10-06T19:58:07.6672249Z 
quality	Run the release contract	2026-10-06T19:58:07.6672987Z ##[endgroup]
quality	Run the release contract	2026-10-06T19:58:07.6680379Z 
quality	Run the release contract	2026-10-06T19:58:07.6682502Z ##[group]tests/glla-stale-context.test.ts:
quality	Run the release contract	2026-10-06T19:58:08.3842206Z (pass) v0.34.52: bare /glla on a stale handle is refused — standard recovery message, UI never opens, settings untouched [426.73ms]
quality	Run the release contract	2026-10-06T19:58:08.7908638Z (pass) v0.34.52: mutating /glla actions (wipe, cancel, resume, reviewer, postaudit, tooloverride) are all refused on a stale handle [406.65ms]
quality	Run the release contract	2026-10-06T19:58:09.2576657Z (pass) v0.34.52: /glla status, log, stats, audits stay usable on a stale handle (inspect, don't mutate) [466.77ms]
quality	Run the release contract	2026-10-06T19:58:09.7805668Z (pass) audit 2026-09-07 (LOW, finding 399): bare `/glla fallbacks` is a read-only display — allowed on a stale handle; `fallbacks clear` still mutates and is refused [522.84ms]
quality	Run the release contract	2026-10-06T19:58:10.3251881Z [run-tests] progress: 510s elapsed · 1s since last output · 269 KiB of suite output
quality	Run the release contract	2026-10-06T19:58:10.5322441Z (pass) v0.34.52: the standard recovery — a fresh session reopens the settings UI and owns the next /glla [751.66ms]
quality	Run the release contract	2026-10-06T19:58:10.5327731Z (pass) v0.35.72: source — settings rechecks admission after the menu and before saves [0.75ms]
quality	Run the release contract	2026-10-06T19:58:10.5337407Z (pass) v0.34.52: source — cmdSettings captures the entry probe and gates the settings entry + mutating actions [0.93ms]
quality	Run the release contract	2026-10-06T19:58:10.5338181Z 
quality	Run the release contract	2026-10-06T19:58:10.5338725Z ##[endgroup]
quality	Run the release contract	2026-10-06T19:58:10.5342766Z 
quality	Run the release contract	2026-10-06T19:58:10.5343338Z ##[group]tests/objective-loss-lifecycle.test.ts:
quality	Run the release contract	2026-10-06T19:58:10.8873120Z (pass) production session_start registers the host session root before restore [56.63ms]
quality	Run the release contract	2026-10-06T19:58:10.9902122Z (pass) fresh processes reload session-root state across a cwd switch [101.73ms]
quality	Run the release contract	2026-10-06T19:58:10.9903455Z (pass) cancel and wipe defer safely while sessionDir is unresolved [1.16ms]
quality	Run the release contract	2026-10-06T19:58:11.0173460Z (pass) cancel and wipe archive live state under the registered session root [27.05ms]
quality	Run the release contract	2026-10-06T19:58:11.0177695Z 
quality	Run the release contract	2026-10-06T19:58:11.0178432Z ##[endgroup]
quality	Run the release contract	2026-10-06T19:58:11.0178816Z 
quality	Run the release contract	2026-10-06T19:58:11.0179391Z ##[group]tests/length-exhaustion-relentless.test.ts:
quality	Run the release contract	2026-10-06T19:58:11.3050143Z (pass) hot context with fallback refs rotates to a larger-context model [0.20ms]
quality	Run the release contract	2026-10-06T19:58:11.3051975Z (pass) hot context at the 90% boundary still rotates [0.05ms]
quality	Run the release contract	2026-10-06T19:58:11.3053653Z (pass) hot context without fallback refs defers to auto-compaction [0.04ms]
quality	Run the release contract	2026-10-06T19:58:11.3054636Z (pass) roomy context grants one fresh budget, never an immediate manual park [0.06ms]
quality	Run the release contract	2026-10-06T19:58:11.3055336Z (pass) exhaustion episodes: first wedge stays relentless, second parks [0.13ms]
quality	Run the release contract	2026-10-06T19:58:11.3055978Z (pass) exhaustion episodes degrade garbage to a fresh first episode [0.06ms]
quality	Run the release contract	2026-10-06T19:58:11.3057034Z (pass) unknown context heat degrades to fresh-budget, never rotate [0.04ms]
quality	Run the release contract	2026-10-06T19:58:11.3057505Z 
quality	Run the release contract	2026-10-06T19:58:11.3057839Z ##[endgroup]
quality	Run the release contract	2026-10-06T19:58:11.3057959Z 
quality	Run the release contract	2026-10-06T19:58:11.3058241Z ##[group]tests/subagent-host-boundary.test.ts:
quality	Run the release contract	2026-10-06T19:58:11.6593348Z (pass) v0.35.62: a worker cannot be the first claimant, while host telemetry still records Explore [68.51ms]
quality	Run the release contract	2026-10-06T19:58:11.6684872Z (pass) v0.35.62: foreign slash commands cannot mutate the host list [9.17ms]
quality	Run the release contract	2026-10-06T19:58:11.6809560Z (pass) v0.35.62: persistent workers cannot masquerade as silent host successors [11.41ms]
quality	Run the release contract	2026-10-06T19:58:11.6899329Z (pass) v0.35.72: state-root read-only denial hints at sessionDir via the MAIN-owner refusal [9.06ms]
quality	Run the release contract	2026-10-06T19:58:11.6900602Z 
quality	Run the release contract	2026-10-06T19:58:11.6901247Z ##[endgroup]
quality	Run the release contract	2026-10-06T19:58:11.6901601Z 
quality	Run the release contract	2026-10-06T19:58:11.6902140Z ##[group]tests/glla-version.test.ts:
quality	Run the release contract	2026-10-06T19:58:11.9765455Z (pass) /glla version reads the installed package metadata and exposes a registry check [0.59ms]
quality	Run the release contract	2026-10-06T19:58:12.0174833Z (pass) /glla version names staleness and the update path when the sidecar proves it [41.23ms]
quality	Run the release contract	2026-10-06T19:58:12.0176370Z (pass) package and lock metadata stay synchronized for version reporting [0.15ms]
quality	Run the release contract	2026-10-06T19:58:12.0178490Z (pass) /glla version is registered, autocompleted, and read-only routed [0.41ms]
quality	Run the release contract	2026-10-06T19:58:12.0183985Z (pass) unknown running version makes no staleness claim either way [0.54ms]
quality	Run the release contract	2026-10-06T19:58:12.0187916Z (pass) compareVersions is strictly numeric: prereleases never equal releases [0.10ms]
quality	Run the release contract	2026-10-06T19:58:12.0188580Z (pass) updateCheckPath defaults to the cwd state dir [0.06ms]
quality	Run the release contract	2026-10-06T19:58:12.0188910Z 
quality	Run the release contract	2026-10-06T19:58:12.0189222Z ##[endgroup]
quality	Run the release contract	2026-10-06T19:58:12.0190330Z 
quality	Run the release contract	2026-10-06T19:58:12.0190831Z ##[group]tests/finding-lead-contract.test.ts:
quality	Run the release contract	2026-10-06T19:58:12.3017300Z (pass) canonical and legacy Lead inputs render the same outcome/evidence [1.26ms]
quality	Run the release contract	2026-10-06T19:58:12.3018799Z (pass) legacy topical and semantic labels are not exposed as finding labels [0.69ms]
quality	Run the release contract	2026-10-06T19:58:12.3020217Z (pass) technical-only legacy claims stay out of default chat [0.48ms]
quality	Run the release contract	2026-10-06T19:58:12.3021221Z (pass) archive table uses outcome/evidence columns and keeps proof [0.53ms]
quality	Run the release contract	2026-10-06T19:58:12.3022369Z (pass) widget projects the normalized outcome without legacy Lead or technical labels [0.64ms]
quality	Run the release contract	2026-10-06T19:58:12.3466709Z (pass) terminal and archive human sections share the What Changed contract [45.91ms]
quality	Run the release contract	2026-10-06T19:58:12.3468216Z (pass) normalization is raw-preserving and does not split path/version colons [0.26ms]
quality	Run the release contract	2026-10-06T19:58:12.3470192Z (pass) normalization strips dash-separated label prefixes (Lead –/Tests –) [0.19ms]
quality	Run the release contract	2026-10-06T19:58:12.3473726Z (pass) archive preserves technical group findings and Verdict details as evidence instead of dropping them [0.35ms]
quality	Run the release contract	2026-10-06T19:58:12.3475557Z (pass) chat still suppresses technical findings after the archive-preservation fix [0.17ms]
quality	Run the release contract	2026-10-06T19:58:12.3476031Z 
quality	Run the release contract	2026-10-06T19:58:12.3476378Z ##[endgroup]
quality	Run the release contract	2026-10-06T19:58:12.3480275Z 
quality	Run the release contract	2026-10-06T19:58:12.3480863Z ##[group]tests/stats-outcomes.test.ts:
quality	Run the release contract	2026-10-06T19:58:12.6301231Z (pass) outcomes: completed/aborted/open counts with the run-to-done split [0.84ms]
quality	Run the release contract	2026-10-06T19:58:12.6314324Z (pass) outcomes: rounds, wall-clock, and tokens average over known data only [0.24ms]
quality	Run the release contract	2026-10-06T19:58:12.6315983Z (pass) outcomes: unknown archive statuses are ignored, empty ledgers are zeroed [0.23ms]
quality	Run the release contract	2026-10-06T19:58:12.6316818Z (pass) outcomes: table and JSON formats mirror the schema [0.79ms]
quality	Run the release contract	2026-10-06T19:58:12.6317247Z 
quality	Run the release contract	2026-10-06T19:58:12.6317744Z ##[endgroup]
quality	Run the release contract	2026-10-06T19:58:12.6318016Z 
quality	Run the release contract	2026-10-06T19:58:12.6318458Z ##[group]tests/completion-summary-lines.test.ts:
quality	Run the release contract	2026-10-06T19:58:12.9141180Z (pass) clip cuts at a word boundary, never mid-word [0.33ms]
quality	Run the release contract	2026-10-06T19:58:12.9163190Z (pass) clip hard-cuts only long tokens without spaces [0.19ms]
quality	Run the release contract	2026-10-06T19:58:12.9166581Z (pass) clip cuts at a clause boundary and never strands punctuation (field 2026-09-08) [0.33ms]
quality	Run the release contract	2026-10-06T19:58:12.9167601Z (pass) lines project one label per line, in order, word-bounded [0.36ms]
quality	Run the release contract	2026-10-06T19:58:12.9168283Z (pass) lines keep missing labels as not recorded and never mid-word cut [0.22ms]
quality	Run the release contract	2026-10-06T19:58:12.9169039Z (pass) compact stays one line but cuts at word boundaries now [0.24ms]
quality	Run the release contract	2026-10-06T19:58:12.9170384Z (pass) terminal lines resolve through the same facts as the compact recap [0.38ms]
quality	Run the release contract	2026-10-06T19:58:12.9171369Z (pass) v0.38.14: filler values inform nobody and are dropped [0.13ms]
quality	Run the release contract	2026-10-06T19:58:12.9172366Z (pass) v0.38.14: the briefing leads with the outcome and keeps only informing labels [0.48ms]
quality	Run the release contract	2026-10-06T19:58:12.9174049Z (pass) v0.38.14: terminal brief resolves through the same facts as the compact recap [0.39ms]
quality	Run the release contract	2026-10-06T19:58:12.9175509Z (pass) the ✓ done chat notifies use the line block; external keeps the single line [0.80ms]
quality	Run the release contract	2026-10-06T19:58:12.9176699Z (pass) audit-2026-09-06: completionSummaryLines honors the optional line-width budget [0.91ms]
quality	Run the release contract	2026-10-06T19:58:12.9601977Z (pass) recorded-facts fallback Next survives the stale-Next filter [43.20ms]
quality	Run the release contract	2026-10-06T19:58:12.9605564Z (pass) machine-path strip converges on nested groups, leaves no husk [0.20ms]
quality	Run the release contract	2026-10-06T19:58:12.9607056Z (pass) clip never splits a surrogate pair [0.23ms]
quality	Run the release contract	2026-10-06T19:58:12.9613096Z (pass) label named inside a value does not steal later segmentation [0.27ms]
quality	Run the release contract	2026-10-06T19:58:12.9615836Z (pass) D5: concrete work mentioning audit/review/settle/approval survives the stale-Next filter [0.21ms]
quality	Run the release contract	2026-10-06T19:58:12.9618244Z (pass) D7: recap projections sanitize control bytes and ANSI [0.18ms]
quality	Run the release contract	2026-10-06T19:58:12.9620041Z (pass) D8: an empty outcome says so instead of inventing done [0.13ms]
quality	Run the release contract	2026-10-06T19:58:12.9620993Z (pass) D7 audit: approval-chat lines sanitize their inputs at the trust boundary [0.18ms]
quality	Run the release contract	2026-10-06T19:58:12.9622053Z (pass) D7 audit: the counts line sanitizes the auditNote override at the source [0.14ms]
quality	Run the release contract	2026-10-06T19:58:12.9623458Z (pass) D7 audit (pin): manual-path extras route through the shared quoted builder [0.34ms]
quality	Run the release contract	2026-10-06T19:58:12.9624035Z 
quality	Run the release contract	2026-10-06T19:58:12.9624529Z ##[endgroup]
quality	Run the release contract	2026-10-06T19:58:12.9624745Z 
quality	Run the release contract	2026-10-06T19:58:12.9625208Z ##[group]tests/loop-refine-parity.test.ts:
quality	Run the release contract	2026-10-06T19:58:13.2424315Z (pass) parked loops are refinable on both surfaces [0.38ms]
quality	Run the release contract	2026-10-06T19:58:13.2426597Z (pass) terminal stops are refinable on neither surface [0.08ms]
quality	Run the release contract	2026-10-06T19:58:13.2428030Z (pass) broken measure is the deliberate divergence: tool fixes, slash will not resume [0.07ms]
quality	Run the release contract	2026-10-06T19:58:13.2428953Z 
quality	Run the release contract	2026-10-06T19:58:13.2429733Z ##[endgroup]
quality	Run the release contract	2026-10-06T19:58:13.2430370Z 
quality	Run the release contract	2026-10-06T19:58:13.2430969Z ##[group]tests/lifecycle-recovery.test.ts:
quality	Run the release contract	2026-10-06T19:58:14.0701822Z (pass) v0.35.x: a mutating /list command during handoff is replayed once by the successor [538.50ms]
quality	Run the release contract	2026-10-06T19:58:14.4424989Z (pass) v0.35.x: a mismatched handoff discards a deferred list command without replay [373.36ms]
quality	Run the release contract	2026-10-06T19:58:14.7782237Z (pass) v0.34.54: /list show before rebind — honest stale result: the recovery warning accompanies the read [336.31ms]
quality	Run the release contract	2026-10-06T19:58:15.5425741Z (pass) v0.34.54: settings before rebind — bare /glla refused, read-only /glla status usable, both honest [764.61ms]
quality	Run the release contract	2026-10-06T19:58:16.2665526Z (pass) v0.34.54: /list show after a fresh session_start — renders clean, zero stale residue [723.93ms]
quality	Run the release contract	2026-10-06T19:58:17.1915376Z (pass) v0.34.54: settings after a fresh session_start — the table opens AND a real write lands [924.94ms]
quality	Run the release contract	2026-10-06T19:58:17.1950700Z (pass) v0.34.54: source — read-only surfaces are never in the mutating sets; the gates are the honest refusal, not silence [3.62ms]
quality	Run the release contract	2026-10-06T19:58:17.1951582Z 
quality	Run the release contract	2026-10-06T19:58:17.1952056Z ##[endgroup]
quality	Run the release contract	2026-10-06T19:58:17.1954439Z 
quality	Run the release contract	2026-10-06T19:58:17.1955003Z ##[group]tests/glla-ui-command-audit.test.ts:
quality	Run the release contract	2026-10-06T19:58:17.5621423Z (pass) settings table reopens the tab and row that were edited [63.56ms]
quality	Run the release contract	2026-10-06T19:58:17.5767431Z (pass) forbidden substring patterns cannot disable configured fallback chains [12.06ms]
quality	Run the release contract	2026-10-06T19:58:17.5874905Z (pass) drafterModel refuses a forbidden primary pin [10.87ms]
quality	Run the release contract	2026-10-06T19:58:17.6003288Z (pass) compactorModel refuses a forbidden primary pin [13.60ms]
quality	Run the release contract	2026-10-06T19:58:17.6159372Z (pass) subagentModelOverrides.scout refuses a forbidden primary pin [14.82ms]
quality	Run the release contract	2026-10-06T19:58:17.6433827Z (pass) editing a role fallback preserves other roles saved while its picker was open [27.15ms]
quality	Run the release contract	2026-10-06T19:58:17.6721857Z (pass) audit health stays available but cleanup is refused on a stale host [29.30ms]
quality	Run the release contract	2026-10-06T19:58:17.7231565Z (pass) tool visibility commands replace conflicting overrides [49.51ms]
quality	Run the release contract	2026-10-06T19:58:17.7743244Z (pass) tool config accepts spaced JSON and refuses empty keys [52.06ms]
quality	Run the release contract	2026-10-06T19:58:17.8221720Z (pass) postaudit refuses a save after the host became stale in its dialog [50.47ms]
quality	Run the release contract	2026-10-06T19:58:17.8791249Z (pass) wipe revalidates its host after the confirmation dialog [54.55ms]
quality	Run the release contract	2026-10-06T19:58:17.9081545Z (pass) tool metadata editor preserves concurrent updates and names its execution limit [25.05ms]
quality	Run the release contract	2026-10-06T19:58:17.9451442Z (pass) compactor picker labels its clear choice as registry plan B [34.91ms]
quality	Run the release contract	2026-10-06T19:58:17.9884087Z (pass) /goal pause preserves a complete goal [48.54ms]
quality	Run the release contract	2026-10-06T19:58:18.0362796Z (pass) /goal verify preserves a complete goal [32.17ms]
quality	Run the release contract	2026-10-06T19:58:18.0631303Z (pass) /goal cancel preserves a complete goal [41.39ms]
quality	Run the release contract	2026-10-06T19:58:18.1132833Z (pass) /goal pause preserves a aborted goal [49.70ms]
quality	Run the release contract	2026-10-06T19:58:18.1969018Z (pass) /goal verify preserves a aborted goal [86.90ms]
quality	Run the release contract	2026-10-06T19:58:18.2642650Z (pass) /goal cancel preserves a aborted goal [65.21ms]
quality	Run the release contract	2026-10-06T19:58:18.3431580Z (pass) /goal verify refuses to write a new claim through a stale host [73.00ms]
quality	Run the release contract	2026-10-06T19:58:18.4011639Z (pass) /review refuses a stale host before producing follow-up artifacts [64.99ms]
quality	Run the release contract	2026-10-06T19:58:18.4991397Z (pass) /list resume admits an auditing head to the existing audit recovery path [92.40ms]
quality	Run the release contract	2026-10-06T19:58:18.5967552Z (pass) a decision picker cannot cancel a replacement goal [99.37ms]
quality	Run the release contract	2026-10-06T19:58:18.7001453Z (pass) a decision stays paused after stale during selection [91.37ms]
quality	Run the release contract	2026-10-06T19:58:18.7951437Z (pass) a decision stays paused after delivery-error during selection [104.46ms]
quality	Run the release contract	2026-10-06T19:58:19.0381550Z (pass) the list-cancel decision executes cancellation instead of resuming work [220.96ms]
quality	Run the release contract	2026-10-06T19:58:19.1331428Z (pass) /goal pause does not announce or dispatch an unpersisted transition [107.46ms]
quality	Run the release contract	2026-10-06T19:58:19.2221371Z (pass) /goal resume does not announce or dispatch an unpersisted transition [91.49ms]
quality	Run the release contract	2026-10-06T19:58:19.3365558Z (pass) /goal verify does not announce or dispatch an unpersisted transition [124.28ms]
quality	Run the release contract	2026-10-06T19:58:19.3555491Z 
quality	Run the release contract	2026-10-06T19:58:19.3693352Z ##[endgroup]
quality	Run the release contract	2026-10-06T19:58:19.3730511Z 
quality	Run the release contract	2026-10-06T19:58:19.3731491Z ##[group]tests/hourly-auditor-backstop.test.ts:
quality	Run the release contract	2026-10-06T19:58:19.7603190Z (pass) unified: the shared ticker arms for a parked auditor claim with no main recovery [33.91ms]
quality	Run the release contract	2026-10-06T19:58:19.7604561Z (pass) unified: the backstop fires past-due auditor retries and never touches models [0.19ms]
quality	Run the release contract	2026-10-06T19:58:19.7610903Z (pass) unified: the ladder arms the ticker as its backstop [0.39ms]
quality	Run the release contract	2026-10-06T19:58:19.7611814Z (pass) unified: one dead backend does not burn a launch per rung [0.17ms]
quality	Run the release contract	2026-10-06T19:58:20.0103678Z (pass) unified: executable runtime regression covers arming, past-due fire, guards, and opt-out [249.21ms]
quality	Run the release contract	2026-10-06T19:58:20.0104580Z 
quality	Run the release contract	2026-10-06T19:58:20.0105087Z ##[endgroup]
quality	Run the release contract	2026-10-06T19:58:20.0106295Z 
quality	Run the release contract	2026-10-06T19:58:20.0106817Z ##[group]tests/stale-continuation.test.ts:
quality	Run the release contract	2026-10-06T19:58:20.3729235Z (pass) helper: goal checkpoint with no active goal is stale [4.21ms]
quality	Run the release contract	2026-10-06T19:58:20.3732884Z (pass) helper: goal checkpoint with matching active goal is not stale [0.58ms]
quality	Run the release contract	2026-10-06T19:58:20.3735343Z (pass) helper: goal checkpoint with mismatched id is stale [0.26ms]
quality	Run the release contract	2026-10-06T19:58:20.3737398Z (pass) helper: goal checkpoint with paused goal is stale [0.22ms]
quality	Run the release contract	2026-10-06T19:58:20.3743192Z (pass) helper: goal checkpoint with already archived file is stale even if state still active [0.50ms]
quality	Run the release contract	2026-10-06T19:58:20.3745246Z (pass) helper: loop iteration with no active loop is stale [0.22ms]
quality	Run the release contract	2026-10-06T19:58:20.3747292Z (pass) helper: loop iteration with active loop is not stale [0.22ms]
quality	Run the release contract	2026-10-06T19:58:20.3749128Z (pass) helper: stall warning with no active goal is stale [0.16ms]
quality	Run the release contract	2026-10-06T19:58:20.3751022Z (pass) helper: stall warning with active goal is not stale [0.18ms]
quality	Run the release contract	2026-10-06T19:58:20.3754088Z (pass) helper: length continue delivers with live supervision, stale without (audit 2026-09-07) [0.27ms]
quality	Run the release contract	2026-10-06T19:58:20.3755684Z (pass) helper: generic goal-event with no supervision is stale [0.16ms]
quality	Run the release contract	2026-10-06T19:58:20.3757487Z (pass) helper: generic goal-event with active goal is not stale [0.17ms]
quality	Run the release contract	2026-10-06T19:58:20.3760559Z (pass) helper: raw continuation source is correctly identified as stale when archived [0.22ms]
quality	Run the release contract	2026-10-06T19:58:20.3760973Z 
quality	Run the release contract	2026-10-06T19:58:20.3761290Z ##[endgroup]
quality	Run the release contract	2026-10-06T19:58:20.3765322Z 
quality	Run the release contract	2026-10-06T19:58:20.3765993Z ##[group]tests/designer-drafter-policy.test.ts:
quality	Run the release contract	2026-10-06T19:58:20.6772425Z (pass) long-running judgment policy is default-decide and bans band-aid-vs-proper questions [0.57ms]
quality	Run the release contract	2026-10-06T19:58:20.6776266Z (pass) drafting gathers constraints upfront and active execution defers local choices [2.49ms]
quality	Run the release contract	2026-10-06T19:58:20.6777702Z (pass) explicit Designer declarations are consumed without changing ordinary design prose [0.18ms]
quality	Run the release contract	2026-10-06T19:58:20.6779545Z (pass) task plans preserve Designer routing and verification contracts and expose them on tasks [0.24ms]
quality	Run the release contract	2026-10-06T19:58:20.7207024Z (pass) Designer is a managed read-only role and remains available without a pin [43.27ms]
quality	Run the release contract	2026-10-06T19:58:20.7216298Z (pass) drafter resolution walks its own ordered chain and falls back to the session [1.04ms]
quality	Run the release contract	2026-10-06T19:58:20.7218615Z (pass) drafter resolution always retains one current-session last resort [0.26ms]
quality	Run the release contract	2026-10-06T19:58:20.7220985Z (pass) drafter resolution skips forbidden candidates without inspecting provider text [0.21ms]
quality	Run the release contract	2026-10-06T19:58:20.7227463Z (pass) audit 2026-09-06: drafter session-last-resort refuses a forbidden session model [0.63ms]
quality	Run the release contract	2026-10-06T19:58:20.7230113Z (pass) drafter keeps a configured current primary so its fallback remains reachable [0.26ms]
quality	Run the release contract	2026-10-06T19:58:20.7243157Z (pass) settings expose drafting-only primary and fallback controls [1.32ms]
quality	Run the release contract	2026-10-06T19:58:20.7249124Z (pass) drafting recovery stays on the dedicated chain and uses the existing interview [0.56ms]
quality	Run the release contract	2026-10-06T19:58:20.7250738Z (pass) continuation prompt names the explicit Designer hand-off syntax [0.15ms]
quality	Run the release contract	2026-10-06T19:58:20.7251331Z 
quality	Run the release contract	2026-10-06T19:58:20.7251980Z ##[endgroup]
quality	Run the release contract	2026-10-06T19:58:20.7255855Z 
quality	Run the release contract	2026-10-06T19:58:20.7256411Z ##[group]tests/loop-start-proof-fallback.test.ts:
quality	Run the release contract	2026-10-06T19:58:21.0268539Z (pass) v0.37.3 (issue #40) — start proof accepts agent_start fallback for followUp continuations [0.56ms]
quality	Run the release contract	2026-10-06T19:58:21.0270448Z (pass) v0.37.3 (issue #40) — retry backoff is env-configurable independently [0.14ms]
quality	Run the release contract	2026-10-06T19:58:21.0272103Z (pass) v0.37.3 (issue #40) — activation wires agent_start and turn_start fallbacks [0.38ms]
quality	Run the release contract	2026-10-06T19:58:21.0272894Z 
quality	Run the release contract	2026-10-06T19:58:21.0273742Z ##[endgroup]
quality	Run the release contract	2026-10-06T19:58:21.0274192Z 
quality	Run the release contract	2026-10-06T19:58:21.0275080Z ##[group]tests/reviewer-modes.test.ts:
quality	Run the release contract	2026-10-06T19:58:21.3974183Z (pass) E4: a failed proposal send is NOT counted or reported (phantom-reviewer hole closed) [1.19ms]
quality	Run the release contract	2026-10-06T19:58:21.3980900Z (pass) E4: clean-completion branch also gates on delivery — default AND aggressive modes [0.79ms]
quality	Run the release contract	2026-10-06T19:58:21.3987906Z (pass) auto mode: architectural findings enqueue to /list — proposeGoal NEVER called [0.73ms]
quality	Run the release contract	2026-10-06T19:58:21.3991822Z (pass) auto mode: clean completion enqueues the audit as a /list item (no Confirm) [0.40ms]
quality	Run the release contract	2026-10-06T19:58:21.3993833Z (pass) report mode: REMOVED in 0.27.9 (the 4-mode set `off | on | auto | aggressive` has no report branch) [0.21ms]
quality	Run the release contract	2026-10-06T19:58:21.3998958Z (pass) improvement-class extraction: 'consider adding X' / 'could be improved' enqueue without Confirm [0.45ms]
quality	Run the release contract	2026-10-06T19:58:21.4003708Z (pass) auto mode: refire window skipped for list-complete, enforced for goal-complete and in default mode [0.48ms]
quality	Run the release contract	2026-10-06T19:58:21.4005520Z (pass) auto mode: the per-day cap still bounds everything [0.25ms]
quality	Run the release contract	2026-10-06T19:58:21.4007936Z (pass) menu: Mode option lists the 4 modes (off, on, auto, aggressive) [0.24ms]
quality	Run the release contract	2026-10-06T19:58:21.4010574Z (pass) /review accepts all 4 modes and rejects unknown modes [0.24ms]
quality	Run the release contract	2026-10-06T19:58:21.4011876Z (pass) config: mode defaults to 'on' and merges from project settings [0.09ms]
quality	Run the release contract	2026-10-06T19:58:21.4013189Z (pass) config: legacy 'default' and 'report' modes auto-migrate to 'on' [0.05ms]
quality	Run the release contract	2026-10-06T19:58:21.4015036Z (pass) report-mode test removed: the 4-mode postaudit surface (`off | on | auto | aggressive`) has no report branch anymore (0.27.9) [0.16ms]
quality	Run the release contract	2026-10-06T19:58:21.4017268Z (pass) off mode: reviewer NEVER fires (equivalent to enabled=false, exposed via postaudit menu) [0.19ms]
quality	Run the release contract	2026-10-06T19:58:21.4021856Z (pass) aggressive mode: architectural findings enqueue AND the first one relaunches as /goal [0.54ms]
quality	Run the release contract	2026-10-06T19:58:21.4026700Z (pass) aggressive mode: clean completion → relaunch audit /goal (no Confirm) [0.48ms]
quality	Run the release contract	2026-10-06T19:58:21.4030394Z (pass) goal.ts fireReviewer opts.mode now accepts the 4-mode ReviewerMode union [0.38ms]
quality	Run the release contract	2026-10-06T19:58:21.4030997Z 
quality	Run the release contract	2026-10-06T19:58:21.4031446Z ##[endgroup]
quality	Run the release contract	2026-10-06T19:58:21.4036064Z 
quality	Run the release contract	2026-10-06T19:58:21.4036830Z ##[group]tests/repro-list-audit-activation.test.ts:
quality	Run the release contract	2026-10-06T19:58:21.7791985Z (pass) repro: live sequence startup/shutdown(resume)/rebound(resume) then /list audit [74.47ms]
quality	Run the release contract	2026-10-06T19:58:21.7798208Z === ledger tail ===
quality	Run the release contract	2026-10-06T19:58:21.7798984Z session_rebound {"reason":"startup"}
quality	Run the release contract	2026-10-06T19:58:21.7800132Z session_shutdown {"reason":"resume"}
quality	Run the release contract	2026-10-06T19:58:21.7800987Z session_rebound {"reason":"resume"}
quality	Run the release contract	2026-10-06T19:58:21.7802039Z list_queue_disk_first {"source":"/list audit","count":1,"diskFirst":true}
quality	Run the release contract	2026-10-06T19:58:21.7802845Z 
quality	Run the release contract	2026-10-06T19:58:21.7804590Z state {"goal":null,"list":[{"id":"20261006195821-6mqg22","objective":"[LIST-AUDIT-COLLECT] Run ONE project audit pass that COLLECTS work — the follow-up fix
quality	Run the release contract	2026-10-06T19:58:21.7806110Z ##[endgroup]
quality	Run the release contract	2026-10-06T19:58:21.7806340Z 
quality	Run the release contract	2026-10-06T19:58:21.7806805Z ##[group]tests/auditor-polish.test.ts:
quality	Run the release contract	2026-10-06T19:58:21.7807779Z list_imported {"source":"/list audit","count":1}
quality	Run the release contract	2026-10-06T19:58:21.7810194Z state {"goal":{"id":"20261006195821-usq7r9","objective":"[LIST-AUDIT-COLLECT] Run ONE project audit pass that COLLECTS work — the follow-up fixes are queued
quality	Run the release contract	2026-10-06T19:58:21.7812896Z goal_created {"goalId":"20261006195821-usq7r9","objective":"[LIST-AUDIT-COLLECT] Run ONE project audit pass that COLLECTS work — the follow-up fixes are queued as 
quality	Run the release contract	2026-10-06T19:58:21.7814639Z === goals: [ "20261006195821-usq7r9.md" ] | notify-activated: false
quality	Run the release contract	2026-10-06T19:58:21.7815406Z === last state list: []
quality	Run the release contract	2026-10-06T19:58:22.1505613Z (pass) stripThinkBlocks removes think bodies, fragments, and artifacts [34.75ms]
quality	Run the release contract	2026-10-06T19:58:22.1520452Z (pass) audit log: append + read round-trip, malformed lines skipped [1.63ms]
quality	Run the release contract	2026-10-06T19:58:22.1530529Z (pass) audit log bounded tail scans large records from the end [1.02ms]
quality	Run the release contract	2026-10-06T19:58:22.1535541Z (pass) formatAuditLog: one line per verdict with glyph, goal, model, first report line [0.48ms]
quality	Run the release contract	2026-10-06T19:58:22.1540959Z (pass) tail-aware excerpt: capped output keeps the Required-fixes tail [0.55ms]
quality	Run the release contract	2026-10-06T19:58:22.1548770Z (pass) audit feedback excerpts redact provider payloads before executor output [0.25ms]
quality	Run the release contract	2026-10-06T19:58:22.1573348Z (pass) disapproval feedback is surfaced even when the continuation turn never starts [2.94ms]
quality	Run the release contract	2026-10-06T19:58:22.1574718Z (pass) infra errors are transparent to the disapproval streak (not breakers) [0.16ms]
quality	Run the release contract	2026-10-06T19:58:22.1586213Z (pass) widget flags auditor-quiet stalls after 3 minutes [1.02ms]
quality	Run the release contract	2026-10-06T19:58:22.1587319Z (pass) auditor prompt requires the Required-fixes tail + no think blocks [0.21ms]
quality	Run the release contract	2026-10-06T19:58:22.1592222Z (pass) isRetriableInfraError: aborts and missing-model are NOT retried [0.46ms]
quality	Run the release contract	2026-10-06T19:58:22.1597917Z (pass) runWithInfraRetry: retriable infra failure retried exactly once [0.56ms]
quality	Run the release contract	2026-10-06T19:58:22.1601599Z (pass) runWithInfraRetry: provider Retry-After does not suppress the uniform backoff [0.33ms]
quality	Run the release contract	2026-10-06T19:58:22.1604040Z (pass) runWithInfraRetry: lifecycle guard prevents a second attempt [0.25ms]
quality	Run the release contract	2026-10-06T19:58:22.1607177Z (pass) formatGoalAuditHistory: one line per verdict with elapsed [0.30ms]
quality	Run the release contract	2026-10-06T19:58:22.1607796Z 
quality	Run the release contract	2026-10-06T19:58:22.1608159Z ##[endgroup]
quality	Run the release contract	2026-10-06T19:58:22.1611923Z 
quality	Run the release contract	2026-10-06T19:58:22.1612489Z ##[group]tests/respec-draft-phase.test.ts:
quality	Run the release contract	2026-10-06T19:58:22.6821996Z (pass) restored legacy missing-spec loop dispatches its dedicated draft and gates reconciliation [230.21ms]
quality	Run the release contract	2026-10-06T19:58:22.9340469Z (pass) legacy bootstrap loops recover into the draft phase, including an existing partial spec [251.78ms]
quality	Run the release contract	2026-10-06T19:58:23.1102947Z (pass) respec with an existing spec drafts intended requirements before building [176.31ms]
quality	Run the release contract	2026-10-06T19:58:23.1106856Z (pass) a draft completion marker cannot substitute for a missing or empty spec [0.56ms]
quality	Run the release contract	2026-10-06T19:58:23.4876665Z (pass) active legacy bootstrap loop recovers into draft on its next tick [376.73ms]
quality	Run the release contract	2026-10-06T19:58:23.7081466Z (pass) respec with a structurally incomplete spec enters draft instead of reconciling [219.79ms]
quality	Run the release contract	2026-10-06T19:58:24.1202927Z (pass) restored legacy sticky handoff: marker one turn, finished spec the next, still reconciles [412.60ms]
quality	Run the release contract	2026-10-06T19:58:24.1205664Z (pass) draft prompt carries the stuck-ladder intervention note [0.48ms]
quality	Run the release contract	2026-10-06T19:58:24.3562587Z (pass) draft phase without a spec file degrades instead of throwing [235.39ms]
quality	Run the release contract	2026-10-06T19:58:24.3565147Z (pass) respecSpecComplete: title plus nonempty Rules plus another section [0.48ms]
quality	Run the release contract	2026-10-06T19:58:24.3565676Z 
quality	Run the release contract	2026-10-06T19:58:24.3566007Z ##[endgroup]
quality	Run the release contract	2026-10-06T19:58:24.3570848Z 
quality	Run the release contract	2026-10-06T19:58:24.3571595Z ##[group]tests/stale-continuation-integration.test.ts:
quality	Run the release contract	2026-10-06T19:58:24.7113642Z (pass) integration: stale goal continuation is sanitized at message_end and ledgered, raw source dropped [65.20ms]
quality	Run the release contract	2026-10-06T19:58:24.7209294Z (pass) integration: a GLLA pause abort becomes an actionable assistant message [9.63ms]
quality	Run the release contract	2026-10-06T19:58:24.7312777Z (pass) integration: a marked pause without suggestedAction still replaces generic abort text [8.85ms]
quality	Run the release contract	2026-10-06T19:58:24.7532917Z (pass) integration: starting a later turn invalidates an unconsumed pause marker [16.60ms]
quality	Run the release contract	2026-10-06T19:58:24.7632686Z (pass) integration: a stale pause marker cannot rewrite a later unrelated abort [16.35ms]
quality	Run the release contract	2026-10-06T19:58:24.7863711Z (pass) integration: a later same-owner abort after a silent prior marker is not rewritten [23.05ms]
quality	Run the release contract	2026-10-06T19:58:24.8089737Z (pass) integration: an unrelated owner abort is not rewritten [23.01ms]
quality	Run the release contract	2026-10-06T19:58:24.8506065Z (pass) integration: a foreign assistant abort is not rewritten [35.17ms]
quality	Run the release contract	2026-10-06T19:58:24.8651303Z (pass) integration: fresh continuation for active goal is NOT sanitized [19.20ms]
quality	Run the release contract	2026-10-06T19:58:24.8931130Z (pass) integration: foreign ctx never sanitizes (subagent isolation) [29.68ms]
quality	Run the release contract	2026-10-06T19:58:24.8973620Z 
quality	Run the release contract	2026-10-06T19:58:24.8974578Z ##[endgroup]
quality	Run the release contract	2026-10-06T19:58:24.8975038Z 
quality	Run the release contract	2026-10-06T19:58:24.8975674Z ##[group]tests/loop-measure-fail-closed.test.ts:
quality	Run the release contract	2026-10-06T19:58:25.2601520Z (pass) a measure result with no exit code is a NULL measure, not a reading [64.73ms]
quality	Run the release contract	2026-10-06T19:58:25.2721334Z (pass) an empty result envelope is also a NULL measure [10.96ms]
quality	Run the release contract	2026-10-06T19:58:25.2803956Z (pass) a genuinely successful measure still records its number [9.71ms]
quality	Run the release contract	2026-10-06T19:58:25.2940556Z (pass) a nonzero exit code with a parseable number is still rejected [13.71ms]
quality	Run the release contract	2026-10-06T19:58:25.2964487Z 
quality	Run the release contract	2026-10-06T19:58:25.2965173Z ##[endgroup]
quality	Run the release contract	2026-10-06T19:58:25.2965416Z 
quality	Run the release contract	2026-10-06T19:58:25.2965817Z ##[group]tests/stall-handling.test.ts:
quality	Run the release contract	2026-10-06T19:58:25.6688070Z (pass) escalation gate: threshold semantics (0 = never, N = fire at streak N) [36.69ms]
quality	Run the release contract	2026-10-06T19:58:25.6691227Z (pass) send paths are ledgered: sent AND failed, loop and goal [0.46ms]
quality	Run the release contract	2026-10-06T19:58:25.6709934Z (pass) refire streak: incremented on refire, ledgered, reset only on REAL activity [1.83ms]
quality	Run the release contract	2026-10-06T19:58:25.6717332Z (pass) escalation: streak at threshold stops the loop / pauses the goal, loudly [0.74ms]
quality	Run the release contract	2026-10-06T19:58:25.6725690Z (pass) session_compact hook: re-arms the chain when idle with no timer pending [0.85ms]
quality	Run the release contract	2026-10-06T19:58:25.6731065Z (pass) widget + status surface the streak only while nonzero [0.54ms]
quality	Run the release contract	2026-10-06T19:58:25.6802250Z (pass) settings: stallEscalationRefires round-trips through save/load [7.01ms]
quality	Run the release contract	2026-10-06T19:58:25.6816707Z (pass) /glla surface: bare command opens settings; arguments are actions [1.48ms]
quality	Run the release contract	2026-10-06T19:58:25.6822340Z (pass) P1: graduated stall escalation entry before the brake (sender + wiring) [0.56ms]
quality	Run the release contract	2026-10-06T19:58:25.6824018Z (pass) P2: every continuation carries the unclosed-status block [0.10ms]
quality	Run the release contract	2026-10-06T19:58:25.6834703Z (pass) P3: post-restore grace — armed on restore resume, skips accounting, ledgered [1.05ms]
quality	Run the release contract	2026-10-06T19:58:25.6840022Z (pass) v0.28.24: session_compact resets the send-rearm storm streaks + opens the post-compaction grace [0.53ms]
quality	Run the release contract	2026-10-06T19:58:25.6857902Z (pass) v0.34.82: heartbeat refuses to refire a continuation while pi is context-starved (no compaction landing) [1.80ms]
quality	Run the release contract	2026-10-06T19:58:25.6863131Z (pass) v0.29.21: session_compact arms a SECOND settle refire at grace expiry [0.54ms]
quality	Run the release contract	2026-10-06T19:58:25.6903010Z (pass) v0.29.1: completion lifecycle survives the wedged-queue window (storm suppression + stranded recovery + brake cap) [3.77ms]
quality	Run the release contract	2026-10-06T19:58:25.6949078Z (pass) v0.29.9: hourly top-of-hour probe — the park keeps retrying on clock-hour boundaries [4.69ms]
quality	Run the release contract	2026-10-06T19:58:25.6950643Z (pass) v0.34.142: nextHourlyProbeMs selects the next :00:30 slot [0.15ms]
quality	Run the release contract	2026-10-06T19:58:25.6982757Z (pass) v0.29.1: zombie-twin guard — drafts/enqueues duplicating a goal completed <24h ago are refused loudly [3.22ms]
quality	Run the release contract	2026-10-06T19:58:25.6986910Z (pass) v0.29.2: git discipline law — no invented identities or branches, in every execution prompt [0.39ms]
quality	Run the release contract	2026-10-06T19:58:25.7023321Z (pass) v0.29.3/0.29.6: no empty allowlist warning; stacked states AUTO-ARBITRATE (picker superseded) [3.65ms]
quality	Run the release contract	2026-10-06T19:58:25.7061366Z (pass) v0.29.4: user aborts stand the chain down and never count toward stalls (the Esc-spam loop) [3.82ms]
quality	Run the release contract	2026-10-06T19:58:25.7106127Z (pass) v0.29.5: the stand-down survives the heartbeat + autoResume is GLOBAL-only [4.47ms]
quality	Run the release contract	2026-10-06T19:58:25.7109352Z (pass) audit 2026-09-07 HIGH: zombie retry routes on the abort owner, cycle-reset consumes budget and honors the horizon [0.30ms]
quality	Run the release contract	2026-10-06T19:58:25.7154489Z (pass) v0.35.x — zombie-run watchdog: busy + zero stream events gets bounded abort and recovery guidance [4.47ms]
quality	Run the release contract	2026-10-06T19:58:25.7155960Z (pass) v0.35.x — a rejected zombie cleanup does not consume the abort latch [0.16ms]
quality	Run the release contract	2026-10-06T19:58:25.7198764Z (pass) v0.32.1: post-compaction resume debt + deterministic resync (pi-goal-x's lesson) [4.22ms]
quality	Run the release contract	2026-10-06T19:58:25.7233716Z (pass) v0.34.5: wedge alert names a subagent wait when the in-flight call is one [3.48ms]
quality	Run the release contract	2026-10-06T19:58:25.7272362Z (pass) v0.34.11: unanswered-continuation watchdog (accepted send, no turn — hellhunter list-transition wedge) [3.80ms]
quality	Run the release contract	2026-10-06T19:58:25.7341597Z (pass) v0.34.12: eager continuation settles 2.5s past agent_end (hellhunter 60s-per-turn blackhole tax) [3.81ms]
quality	Run the release contract	2026-10-06T19:58:25.7400038Z (pass) v0.34.12 + v0.34.64: wait-pause status line counts down live + ticker survives the wait (pully field request) [4.85ms]
quality	Run the release contract	2026-10-06T19:58:25.7424026Z (pass) v0.34.16: wedges hand off through pi lifecycle — no terminal self-reload [6.05ms]
quality	Run the release contract	2026-10-06T19:58:25.7464000Z (pass) v0.34.14: /reload rebind resumes mid-work — the 'list is not continuing' fix (hellhunter) [4.46ms]
quality	Run the release contract	2026-10-06T19:58:25.7505290Z (pass) v0.34.51: the hanging-verification cause is named by the timeout branch (pully ssh/sudo stall) [4.12ms]
quality	Run the release contract	2026-10-06T19:58:25.7549029Z (pass) v0.34.15: errorBrakeStreak persists ON THE GOAL — the 6-brake park survives /reload (hegemon 429 churn) [4.29ms]
quality	Run the release contract	2026-10-06T19:58:25.7611617Z (pass) provider failures use one generic recovery card [6.36ms]
quality	Run the release contract	2026-10-06T19:58:25.7649017Z (pass) v0.34.16: queue-stuck probe — a send queued-without-a-turn is reported without terminal injection [3.68ms]
quality	Run the release contract	2026-10-06T19:58:25.7651604Z (pass) audit 2026-09-07 MEDIUM: fallback ack refuses when a user message arrived after the send [0.16ms]
quality	Run the release contract	2026-10-06T19:58:25.7652487Z 
quality	Run the release contract	2026-10-06T19:58:25.7653005Z ##[endgroup]
quality	Run the release contract	2026-10-06T19:58:25.7655795Z 
quality	Run the release contract	2026-10-06T19:58:25.7656519Z ##[group]tests/auditor-unmatched-telemetry.test.ts:
quality	Run the release contract	2026-10-06T19:58:26.0568848Z (pass) v0.34.56: a serial id'd start+end pairs into toolCalls with zero unmatched facts [0.44ms]
quality	Run the release contract	2026-10-06T19:58:26.0571496Z (pass) v0.34.56: an end with the WRONG id never pairs — it is an explicit unmatched fact and the open start stays open [0.08ms]
quality	Run the release contract	2026-10-06T19:58:26.0573079Z (pass) v0.34.56: an end with an id can never close an ANONYMOUS start (missing-toolCallId shape) [0.06ms]
quality	Run the release contract	2026-10-06T19:58:26.0574511Z (pass) v0.34.56: an ANONYMOUS end can never close an id'd start (the id would be present on a true end) [0.06ms]
quality	Run the release contract	2026-10-06T19:58:26.0575525Z (pass) v0.34.56: a serial ANONYMOUS stream (both sides missing toolCallId) still pairs truthfully [0.06ms]
quality	Run the release contract	2026-10-06T19:58:26.0577181Z (pass) v0.34.56: an anonymous end closes the CURRENT anonymous start; a replaced anonymous start stays an explicit unmatched fact [0.09ms]
quality	Run the release contract	2026-10-06T19:58:26.0578905Z (pass) v0.34.56: a new start replacing an open start records the ORPHANED start explicitly (name, args, id preserved) [0.14ms]
quality	Run the release contract	2026-10-06T19:58:26.0580782Z (pass) v0.34.56: same-id restart updates the slot without an unmatched fact; an end with no open start is an unmatched end [0.09ms]
quality	Run the release contract	2026-10-06T19:58:26.0582259Z (pass) v0.34.56/0.34.108: the detached path forwards pairing data untouched (no inline slot mutation) [0.31ms]
quality	Run the release contract	2026-10-06T19:58:26.0584084Z (pass) v0.34.56: worker — anonymous ends pair only with the SOLE anonymous start; everything else is an explicit unmatched fact [0.15ms]
quality	Run the release contract	2026-10-06T19:58:26.0585796Z (pass) v0.34.56: worker — in-flight starts at session end become explicit unmatched starts (finish sweep) [0.12ms]
quality	Run the release contract	2026-10-06T19:58:26.0587166Z (pass) v0.34.56: progress file + asProgress + HUD mapping + display all carry the unmatched facts [0.38ms]
quality	Run the release contract	2026-10-06T19:58:26.0587835Z 
quality	Run the release contract	2026-10-06T19:58:26.0588298Z ##[endgroup]
quality	Run the release contract	2026-10-06T19:58:26.0588485Z 
quality	Run the release contract	2026-10-06T19:58:26.0588903Z ##[group]tests/owner-fence.test.ts:
quality	Run the release contract	2026-10-06T19:58:26.4028877Z (pass) v0.35.72: a live foreign process cannot claim the workingDir owner file [50.38ms]
quality	Run the release contract	2026-10-06T19:58:26.4051571Z (pass) v0.35.72: mutating goal and loop commands use the stale admission fence [0.71ms]
quality	Run the release contract	2026-10-06T19:58:26.4092752Z (pass) owner acquisition and refresh preserve malformed records for explicit repair [6.46ms]
quality	Run the release contract	2026-10-06T19:58:26.4121326Z (pass) takeover compares the complete record inside the owner mutation [2.84ms]
quality	Run the release contract	2026-10-06T19:58:26.4136149Z (pass) a stale instance refresh cannot overwrite a same-process successor [1.52ms]
quality	Run the release contract	2026-10-06T19:58:26.4137104Z 
quality	Run the release contract	2026-10-06T19:58:26.4138096Z ##[endgroup]
quality	Run the release contract	2026-10-06T19:58:26.4170308Z 
quality	Run the release contract	2026-10-06T19:58:26.4171295Z ##[group]tests/auditing-standstill.test.ts:
quality	Run the release contract	2026-10-06T19:58:27.5488478Z (pass) agent turns during a pending audit stay silent instead of escalating [842.95ms]
quality	Run the release contract	2026-10-06T19:58:27.5488963Z 
quality	Run the release contract	2026-10-06T19:58:27.5489304Z ##[endgroup]
quality	Run the release contract	2026-10-06T19:58:27.5499000Z 
quality	Run the release contract	2026-10-06T19:58:27.5499501Z ##[group]tests/durable-choice-ledger.test.ts:
quality	Run the release contract	2026-10-06T19:58:27.9203642Z (pass) durable-vs-defer judgment is an explicit bounded ledger choice [69.29ms]
quality	Run the release contract	2026-10-06T19:58:27.9205591Z (pass) durable-choice payload compacts model-authored rationale [0.09ms]
quality	Run the release contract	2026-10-06T19:58:27.9206350Z 
quality	Run the release contract	2026-10-06T19:58:27.9207065Z ##[endgroup]
quality	Run the release contract	2026-10-06T19:58:27.9207450Z 
quality	Run the release contract	2026-10-06T19:58:27.9208026Z ##[group]tests/audit-recovery-persistence.test.ts:
quality	Run the release contract	2026-10-06T19:58:28.2595966Z (pass) context-free audit recovery returns false and leaves restart state auditing when append fails [51.34ms]
quality	Run the release contract	2026-10-06T19:58:28.2596576Z 
quality	Run the release contract	2026-10-06T19:58:28.2596930Z ##[endgroup]
quality	Run the release contract	2026-10-06T19:58:28.2599150Z 
quality	Run the release contract	2026-10-06T19:58:28.2599842Z ##[group]tests/context-hygiene.test.ts:
quality	Run the release contract	2026-10-06T19:58:28.5426004Z (pass) predicate: error-only turns are droppable; tool-carrying, aborted, and healthy turns are not [0.45ms]
quality	Run the release contract	2026-10-06T19:58:28.5431367Z (pass) drop rule: keeps the most recent failed turn, drops older ones, preserves everything else [0.33ms]
quality	Run the release contract	2026-10-06T19:58:28.5433406Z (pass) drop rule: identity preserved when at or under the keep window; window is configurable [0.12ms]
quality	Run the release contract	2026-10-06T19:58:28.5435958Z (pass) drop rule: SEADED BLOAT — 60 failed turns collapse to the keep window; normal turns survive verbatim [0.36ms]
quality	Run the release contract	2026-10-06T19:58:28.5437598Z (pass) compaction pruning: reassigns both message arrays in place and counts drops [0.14ms]
quality	Run the release contract	2026-10-06T19:58:28.5948091Z (pass) wiring: the context event drops accumulated error turns and ledgeres the hygiene pass [51.25ms]
quality	Run the release contract	2026-10-06T19:58:28.5984241Z (pass) wiring: session_before_compact prunes and bounds the preparation the runner will summarize [3.60ms]
quality	Run the release contract	2026-10-06T19:58:28.6003823Z (pass) wiring: every default session_before_compact path receives the bounded projection and an undefined hook result [2.06ms]
quality	Run the release contract	2026-10-06T19:58:28.6005686Z (pass) failed GLLA probes shed their obsolete prompts with the error replies [0.25ms]
quality	Run the release contract	2026-10-06T19:58:28.6006887Z (pass) ordinary provider failures and unsupervised retries use the same hygiene rule [0.14ms]
quality	Run the release contract	2026-10-06T19:58:28.6010382Z (pass) failed-probe cleanup preserves user requests, tool pairs, aborts and unrelated controls [0.21ms]
quality	Run the release contract	2026-10-06T19:58:28.6018042Z (pass) both public context and compaction hooks remove obsolete failed dispatch pairs with checkpoint projection off [0.78ms]
quality	Run the release contract	2026-10-06T19:58:28.6018923Z 
quality	Run the release contract	2026-10-06T19:58:28.6019402Z ##[endgroup]
quality	Run the release contract	2026-10-06T19:58:28.6021858Z 
quality	Run the release contract	2026-10-06T19:58:28.6022461Z ##[group]tests/gettick-tool-visibility.test.ts:
quality	Run the release contract	2026-10-06T19:58:28.9474436Z (pass) v0.35.60: glla tools are reactivated at the pre-turn boundary [64.71ms]
quality	Run the release contract	2026-10-06T19:58:28.9475114Z 
quality	Run the release contract	2026-10-06T19:58:28.9475728Z ##[endgroup]
quality	Run the release contract	2026-10-06T19:58:28.9478834Z 
quality	Run the release contract	2026-10-06T19:58:28.9479237Z ##[group]tests/auditor-challenge.test.ts:
quality	Run the release contract	2026-10-06T19:58:29.7537075Z (pass) challenge: approval earns a falsification round; re-confirm preserves the verdict [519.60ms]
quality	Run the release contract	2026-10-06T19:58:29.9593188Z (pass) challenge: a challenge disapproval flips the verdict by final line [205.57ms]
quality	Run the release contract	2026-10-06T19:58:30.1231288Z (pass) challenge: round-1 disapprovals run single-round [163.82ms]
quality	Run the release contract	2026-10-06T19:58:30.2797220Z (pass) challenge: a failed challenge falls back to byte-identical round-1 output [156.52ms]
quality	Run the release contract	2026-10-06T19:58:30.4459050Z (pass) strict challenge: a failed falsification pass is infrastructure/no-verdict [166.22ms]
quality	Run the release contract	2026-10-06T19:58:30.6171022Z (pass) strict challenge: an explicit requirement overrides a policy skip [171.17ms]
quality	Run the release contract	2026-10-06T19:58:30.7669058Z (pass) challenge: a failed round 1 still fails without challenging [149.73ms]
quality	Run the release contract	2026-10-06T19:58:30.9287907Z (pass) challenge: a light-tier request skips round 2 and records the skip [161.91ms]
quality	Run the release contract	2026-10-06T19:58:31.0834156Z (pass) challenge: a rework-streak skip is NOT recorded as a light-tier audit (v0.38.104) [154.54ms]
quality	Run the release contract	2026-10-06T19:58:31.2357285Z (pass) challenge: a request with no reason keeps the light-tier default (v0.38.104) [152.30ms]
quality	Run the release contract	2026-10-06T19:58:31.2357981Z 
quality	Run the release contract	2026-10-06T19:58:31.2358464Z ##[endgroup]
quality	Run the release contract	2026-10-06T19:58:31.2362217Z 
quality	Run the release contract	2026-10-06T19:58:31.2362787Z ##[group]tests/rich-terminal-summary.test.ts:
quality	Run the release contract	2026-10-06T19:58:31.5442680Z (pass) card opens with the outcome, then a change-first account and compact verification [2.66ms]
quality	Run the release contract	2026-10-06T19:58:31.5448839Z (pass) chat hides verification by default; the archive retains the full table [1.82ms]
quality	Run the release contract	2026-10-06T19:58:31.5461197Z (pass) failed verification is archive-only unless explicitly requested [1.38ms]
quality	Run the release contract	2026-10-06T19:58:31.5464726Z (pass) REPORTED verification stays visible when explicitly requested — never upgraded to PASS [0.63ms]
quality	Run the release contract	2026-10-06T19:58:31.5974209Z (pass) commit hashes stay in the archive, while chat keeps explanations [50.76ms]
quality	Run the release contract	2026-10-06T19:58:31.5983662Z (pass) Next section carries the concrete action; stale self-reference still drops [1.12ms]
quality	Run the release contract	2026-10-06T19:58:31.5988811Z (pass) trailer contract holds: approval bullet, record pointer last [0.53ms]
quality	Run the release contract	2026-10-06T19:58:31.6001116Z (pass) change and next lines render uncapped [1.11ms]
quality	Run the release contract	2026-10-06T19:58:31.6005736Z (pass) no audit history means no Audit row, approval voice still closes [0.54ms]
quality	Run the release contract	2026-10-06T19:58:31.6012159Z (pass) archive section retains detailed findings and verification for complete, Aborted-headlined for aborted [0.62ms]
quality	Run the release contract	2026-10-06T19:58:31.6018322Z (pass) duration line rides under the headline; unknown facts stay absent [0.63ms]
quality	Run the release contract	2026-10-06T19:58:31.6025270Z (pass) fewer than four groups render as nested change subsections [0.68ms]
quality	Run the release contract	2026-10-06T19:58:31.6042080Z (pass) four or more groups render as an Area | Finding | Evidence table [1.66ms]
quality	Run the release contract	2026-10-06T19:58:31.6048656Z (pass) three groups stay nested — the table trigger is exactly four [0.64ms]
quality	Run the release contract	2026-10-06T19:58:31.6072373Z (pass) v0.38.55: render path respects the sanitize trust boundary [2.32ms]
quality	Run the release contract	2026-10-06T19:58:31.6073804Z (pass) extractEvidenceTokens moves tokens mechanically and never invents [0.19ms]
quality	Run the release contract	2026-10-06T19:58:31.6097131Z (pass) sanitizeFindingGroups bounds shape at the trust boundary [2.25ms]
quality	Run the release contract	2026-10-06T19:58:31.6099516Z (pass) v0.38.55: banner voices every audit outcome honestly [0.26ms]
quality	Run the release contract	2026-10-06T19:58:31.6102712Z (pass) v0.38.55: gate commands render a Command column; absent keeps 4 cols [0.32ms]
quality	Run the release contract	2026-10-06T19:58:31.6111043Z (pass) rich terminal projections remove ANSI, OSC, and control bytes from every field [0.76ms]
quality	Run the release contract	2026-10-06T19:58:31.7438000Z (pass) v0.38.55: final repository state closes the card when readable [132.55ms]
quality	Run the release contract	2026-10-06T19:58:31.7444993Z (pass) audit 2026-09-26: complete_goal accepts long free-prose values instead of refusing them [0.82ms]
quality	Run the release contract	2026-10-06T19:58:31.7450553Z (pass) v0.38.102 an inline enumeration renders as an indented list [0.53ms]
quality	Run the release contract	2026-10-06T19:58:31.7453704Z (pass) v0.38.102 a single (1) marker is prose, not a list, and is left intact [0.32ms]
quality	Run the release contract	2026-10-06T19:58:31.7456314Z (pass) v0.38.102 Next gets the same treatment as Remaining [0.25ms]
quality	Run the release contract	2026-10-06T19:58:31.7456847Z 
quality	Run the release contract	2026-10-06T19:58:31.7457203Z ##[endgroup]
quality	Run the release contract	2026-10-06T19:58:31.7460765Z 
quality	Run the release contract	2026-10-06T19:58:31.7461406Z ##[group]tests/provider-report-redaction-budget.test.ts:
quality	Run the release contract	2026-10-06T19:58:32.0365812Z (pass) v0.38.104 an auditor report survives sanitizing instead of being deleted [2.05ms]
quality	Run the release contract	2026-10-06T19:58:32.0367447Z (pass) v0.38.104 the required-fixes section is always recoverable [0.88ms]
quality	Run the release contract	2026-10-06T19:58:32.0368599Z (pass) v0.38.104 a genuine provider payload still redacts IN FULL [0.22ms]
quality	Run the release contract	2026-10-06T19:58:32.0370089Z (pass) v0.38.104 a payload-heavy blob redacts in full regardless of length [0.50ms]
quality	Run the release contract	2026-10-06T19:58:32.0371303Z (pass) v0.38.104 the budget is a real fraction with an absolute floor [0.06ms]
quality	Run the release contract	2026-10-06T19:58:32.0372466Z (pass) v0.38.104 a marked line is always redacted, even after the budget [2.54ms]
quality	Run the release contract	2026-10-06T19:58:32.0373485Z (pass) v0.38.104 a bare 5xx-shaped number is not a provider marker [0.51ms]
quality	Run the release contract	2026-10-06T19:58:32.0849646Z (pass) v0.38.104 a 5xx WITH http context still redacts [48.34ms]
quality	Run the release contract	2026-10-06T19:58:32.0850456Z 
quality	Run the release contract	2026-10-06T19:58:32.0850918Z ##[endgroup]
quality	Run the release contract	2026-10-06T19:58:32.0853299Z 
quality	Run the release contract	2026-10-06T19:58:32.0854105Z ##[group]tests/recovery-restore-after-restart.test.ts:
quality	Run the release contract	2026-10-06T19:58:33.5134845Z (pass) v0.34.63 — quit → blank startup → resume (new manager, same session id) restores the recovery probe [1143.33ms]
quality	Run the release contract	2026-10-06T19:58:33.5190899Z (pass) blank restart paints the durable list objective, recovery owner, and next action before transcript load [5.77ms]
quality	Run the release contract	2026-10-06T19:58:34.0280925Z (pass) v0.34.63 — a lifecycle start with a DIFFERENT session id stays refused while the barrier pends [508.96ms]
quality	Run the release contract	2026-10-06T19:58:34.0320729Z (pass) v0.34.63 — source guard: the barrier-completing resume gate is wired before the foreign-session return [4.02ms]
quality	Run the release contract	2026-10-06T19:58:34.0321570Z 
quality	Run the release contract	2026-10-06T19:58:34.0322331Z ##[endgroup]
quality	Run the release contract	2026-10-06T19:58:34.0325396Z 
quality	Run the release contract	2026-10-06T19:58:34.0325775Z ##[group]tests/settings-stale-save.test.ts:
quality	Run the release contract	2026-10-06T19:58:34.5647847Z (pass) C9: stale-probe refusal fails the save loudly — no false saved claim [240.31ms]
quality	Run the release contract	2026-10-06T19:58:34.7256293Z (pass) C9 control: healthy probe saves and reports normally [160.87ms]
quality	Run the release contract	2026-10-06T19:58:34.9202276Z (pass) settings save validates its own session after an overlapping editor [194.24ms]
quality	Run the release contract	2026-10-06T19:58:35.1397777Z (pass) similarity editor empty input restores the default; explicit zero stays zero [219.83ms]
quality	Run the release contract	2026-10-06T19:58:35.2921678Z (pass) auditor picker offers thinking for provider refs containing nested model ids [152.41ms]
quality	Run the release contract	2026-10-06T19:58:35.2922347Z 
quality	Run the release contract	2026-10-06T19:58:35.2922925Z ##[endgroup]
quality	Run the release contract	2026-10-06T19:58:35.2933079Z 
quality	Run the release contract	2026-10-06T19:58:35.2933768Z ##[group]tests/audit-glance-clarity.test.ts:
quality	Run the release contract	2026-10-06T19:58:35.5804107Z (pass) screenshot regression: live audit facts and user action fit before Pi's ten-row cut [3.69ms]
quality	Run the release contract	2026-10-06T19:58:35.5804973Z (pass) narrow footer starts with audit state and real freshness [0.28ms]
quality	Run the release contract	2026-10-06T19:58:35.5806156Z (pass) quiet, blocked, settlement and recovery do not claim no action is needed [1.48ms]
quality	Run the release contract	2026-10-06T19:58:35.6312568Z (pass) starting audit distinguishes waiting for first activity from recent activity [50.87ms]
quality	Run the release contract	2026-10-06T19:58:35.6320382Z (pass) current tool keeps elapsed time and timeout budget in the compact card [0.95ms]
quality	Run the release contract	2026-10-06T19:58:35.6336811Z (pass) Studio regression: a silent bounded tool retains its clock and explains the wait [1.69ms]
quality	Run the release contract	2026-10-06T19:58:35.6348098Z (pass) a tool past its deadline, a cancelled tool and skewed telemetry cannot claim a healthy wait [1.11ms]
quality	Run the release contract	2026-10-06T19:58:35.6350214Z 
quality	Run the release contract	2026-10-06T19:58:35.6351162Z ##[endgroup]
quality	Run the release contract	2026-10-06T19:58:35.6353436Z 
quality	Run the release contract	2026-10-06T19:58:35.6354134Z ##[group]tests/overcap-strategy.test.ts:
quality	Run the release contract	2026-10-06T19:58:35.9161455Z (pass) ladder skips the stale retry after a recent compact [0.75ms]
quality	Run the release contract	2026-10-06T19:58:36.3006228Z (pass) failed compact + configured chain rotates, no ladder [384.48ms]
quality	Run the release contract	2026-10-06T19:58:36.5421536Z (pass) failed compact + empty chain names rung 3, never claims a walk [241.99ms]
quality	Run the release contract	2026-10-06T19:58:36.5422195Z 
quality	Run the release contract	2026-10-06T19:58:36.5422682Z ##[endgroup]
quality	Run the release contract	2026-10-06T19:58:36.5425974Z 
quality	Run the release contract	2026-10-06T19:58:36.5426573Z ##[group]tests/hegemon-queue-unblock-evidence.test.ts:
quality	Run the release contract	2026-10-06T19:58:37.1510048Z (pass) REAL SHAPE: 12 empty head items block list activation exactly as in the hegemon ledger [323.28ms]
quality	Run the release contract	2026-10-06T19:58:37.4832664Z (pass) REAL SHAPE: the clean 31-item queue (empties removed) activates main-menu without any blocked event [330.00ms]
quality	Run the release contract	2026-10-06T19:58:37.4851851Z 
quality	Run the release contract	2026-10-06T19:58:37.4862589Z ##[endgroup]
quality	Run the release contract	2026-10-06T19:58:37.5293085Z 
quality	Run the release contract	2026-10-06T19:58:37.5294172Z ##[group]tests/repair-promotion-durability.test.ts:
quality	Run the release contract	2026-10-06T19:58:37.8777019Z (pass) a new repair item is durable at the head with target metadata in its first write [62.86ms]
quality	Run the release contract	2026-10-06T19:58:37.8835343Z (pass) list_activate hydrates a disk-only queue before resolving the requested position [5.96ms]
quality	Run the release contract	2026-10-06T19:58:37.8867369Z (pass) an equivalent repair already in the queue is promoted to the durable head [2.59ms]
quality	Run the release contract	2026-10-06T19:58:37.8867831Z 
quality	Run the release contract	2026-10-06T19:58:37.8868159Z ##[endgroup]
quality	Run the release contract	2026-10-06T19:58:37.8868291Z 
quality	Run the release contract	2026-10-06T19:58:37.8868565Z ##[group]tests/regression-shield.test.ts:
quality	Run the release contract	2026-10-06T19:58:38.1746491Z (pass) contractItems: strips the 'Done when:' marker line [0.35ms]
quality	Run the release contract	2026-10-06T19:58:38.1747664Z (pass) contractItems: handles inline single-line contracts [0.08ms]
quality	Run the release contract	2026-10-06T19:58:38.1748473Z (pass) contractItems: strips bullets and numbering [0.07ms]
quality	Run the release contract	2026-10-06T19:58:38.1749295Z (pass) contractItems: drops empty lines [0.05ms]
quality	Run the release contract	2026-10-06T19:58:38.1750523Z (pass) contractItems: skips wrapped prose preamble in list-shaped contracts [0.07ms]
quality	Run the release contract	2026-10-06T19:58:38.1751503Z (pass) contractItems: shapeless contracts keep every-line behavior [0.04ms]
quality	Run the release contract	2026-10-06T19:58:38.1752525Z (pass) contractItems: a Done-when criterion survives alongside bullets [0.08ms]
quality	Run the release contract	2026-10-06T19:58:38.1753512Z (pass) passes: preamble fragments are not required in evidence [0.37ms]
quality	Run the release contract	2026-10-06T19:58:38.1754877Z (pass) passes: evidence block present, all items referenced [0.12ms]
quality	Run the release contract	2026-10-06T19:58:38.1755687Z (pass) rejects: approval without an evidence block [0.11ms]
quality	Run the release contract	2026-10-06T19:58:38.1756483Z (pass) rejects: evidence block but an item is not addressed [0.09ms]
quality	Run the release contract	2026-10-06T19:58:38.1757286Z (pass) rejects: bamboozle-style empty evidence block [0.09ms]
quality	Run the release contract	2026-10-06T19:58:38.1758582Z (pass) rejects: contract prose outside evidence cannot satisfy the shield [0.10ms]
quality	Run the release contract	2026-10-06T19:58:38.1759623Z (pass) distinctive-token matching: references the item by a filename [0.07ms]
quality	Run the release contract	2026-10-06T19:58:38.1760605Z (pass) case-insensitive matching [0.12ms]
quality	Run the release contract	2026-10-06T19:58:38.1761377Z (pass) contractItems: excludes 'Out of scope' boundary lines [0.06ms]
quality	Run the release contract	2026-10-06T19:58:38.1762693Z (pass) compound tokens match via segments (left-cropped → left + cropped) [0.12ms]
quality	Run the release contract	2026-10-06T19:58:38.1763788Z (pass) prose punctuation glued to tokens does not break matching (file/element.) [0.12ms]
quality	Run the release contract	2026-10-06T19:58:38.1764845Z (pass) top-3 candidate matching tolerates contract-only vocabulary [0.14ms]
quality	Run the release contract	2026-10-06T19:58:38.1765908Z (pass) still rejects: bamboozle report that never touches the item's vocabulary [0.11ms]
quality	Run the release contract	2026-10-06T19:58:38.1767127Z (pass) CJK: a verbatim-quoted Chinese item passes (token is one CJK word, not delimiters) [1.08ms]
quality	Run the release contract	2026-10-06T19:58:38.2258598Z (pass) CJK: a quote that drops the trailing full-width colon still matches [50.71ms]
quality	Run the release contract	2026-10-06T19:58:38.2259725Z (pass) CJK: a Chinese line with no ASCII letters is one candidate token [0.22ms]
quality	Run the release contract	2026-10-06T19:58:38.2266312Z (pass) CJK: an English-only paraphrase of a Chinese item is still rejected (strict shield) [0.32ms]
quality	Run the release contract	2026-10-06T19:58:38.2267868Z (pass) CJK: mixed item matches on its ASCII token even when CJK words are not quoted [0.11ms]
quality	Run the release contract	2026-10-06T19:58:38.2269351Z (pass) ASCII behavior is unchanged: distinctive-token + compound matching still work [0.13ms]
quality	Run the release contract	2026-10-06T19:58:38.2270946Z (pass) contractItems: 'Done when ALL of the following are true:' preamble is dropped [0.10ms]
quality	Run the release contract	2026-10-06T19:58:38.2273124Z (pass) contractItems: preamble without trailing colon is also dropped [0.10ms]
quality	Run the release contract	2026-10-06T19:58:38.2274451Z (pass) shield passes a genuine approval that a preamble-only false positive used to block [0.13ms]
quality	Run the release contract	2026-10-06T19:58:38.4898685Z (pass) extractMechanicalCheckCommands: extracts backticked and raw shell commands [262.80ms]
quality	Run the release contract	2026-10-06T19:58:38.5357069Z (pass) extractMechanicalCheckCommands: skips commands under negation [45.45ms]
quality	Run the release contract	2026-10-06T19:58:38.5358030Z (pass) extractMechanicalCheckCommands: rejects never-exiting server commands [0.43ms]
quality	Run the release contract	2026-10-06T19:58:39.6899257Z (pass) v0.35.16: mechanical checks keep the TAIL of failed output and banner a timeout kill [1154.17ms]
quality	Run the release contract	2026-10-06T19:58:40.3239194Z [run-tests] progress: 540s elapsed · 1s since last output · 304 KiB of suite output
quality	Run the release contract	2026-10-06T19:58:42.0389400Z (pass) mechanical checks stay async and kill descendant processes on timeout [2348.93ms]
quality	Run the release contract	2026-10-06T19:58:42.2187193Z (pass) mechanical checks stop a runaway process group before the wall timeout [179.73ms]
quality	Run the release contract	2026-10-06T19:58:42.2190843Z (pass) v0.35.18: resolveCanonicalRunnerCommand maps raw runners to their canonical package script [0.50ms]
quality	Run the release contract	2026-10-06T19:58:42.4011464Z (pass) v0.35.20: runMechanicalPreAuditChecks retries a transiently failing check exactly once, honestly bannered [181.90ms]
quality	Run the release contract	2026-10-06T19:58:42.4065446Z (pass) v0.38.23: mechanical checks resolve project-local node_modules/.bin (bare tsc ENOENT field fix) [5.46ms]
quality	Run the release contract	2026-10-06T19:58:42.4065992Z 
quality	Run the release contract	2026-10-06T19:58:42.4066314Z ##[endgroup]
quality	Run the release contract	2026-10-06T19:58:42.4419761Z 
quality	Run the release contract	2026-10-06T19:58:42.4421474Z ##[group]tests/resume-rekick.test.ts:
quality	Run the release contract	2026-10-06T19:58:42.8191370Z (pass) v0.34.3: /glla resume re-kicks an ACTIVE-but-idle goal instead of 'Nothing to resume' [0.66ms]
quality	Run the release contract	2026-10-06T19:58:42.8192172Z (pass) v0.34.3: /glla resume re-kicks an ACTIVE loop too [0.13ms]
quality	Run the release contract	2026-10-06T19:58:42.8192799Z (pass) v0.34.3: /goal resume (/list resume) re-kicks instead of silently returning [0.18ms]
quality	Run the release contract	2026-10-06T19:58:42.8193415Z (pass) v0.34.3: re-kicks are ledger-visible (resume_rekick) [0.13ms]
quality	Run the release contract	2026-10-06T19:58:42.8194082Z 
quality	Run the release contract	2026-10-06T19:58:42.8194397Z ##[endgroup]
quality	Run the release contract	2026-10-06T19:58:42.8194517Z 
quality	Run the release contract	2026-10-06T19:58:42.8194812Z ##[group]tests/compaction-live-verifier.test.mjs:
quality	Run the release contract	2026-10-06T19:58:43.1881017Z (pass) loads both local extension entrypoints and isolates Pi's agent directory [0.59ms]
quality	Run the release contract	2026-10-06T19:58:43.1883123Z (pass) accepts only ordered host compaction events plus persisted non-empty records [0.11ms]
quality	Run the release contract	2026-10-06T19:58:43.1884023Z (pass) exercises manual RPC compaction and both post-compaction continuations [0.23ms]
quality	Run the release contract	2026-10-06T19:58:43.1884458Z 
quality	Run the release contract	2026-10-06T19:58:43.1884814Z ##[endgroup]
quality	Run the release contract	2026-10-06T19:58:43.1887090Z 
quality	Run the release contract	2026-10-06T19:58:43.1887625Z ##[group]tests/zombie-resume.test.ts:
quality	Run the release contract	2026-10-06T19:58:43.8011987Z (pass) v0.35.25 #14: /loop resume honors the zero-stream abort park and preserves iteration/history [242.58ms]
quality	Run the release contract	2026-10-06T19:58:44.0851845Z (pass) v0.35.25 #14: control — a non-resumable stop reason is still refused [279.58ms]
quality	Run the release contract	2026-10-06T19:58:44.4612792Z (pass) /glla resume resumes a loop held for stopped: automatic zero-stream abort — no provider activity was observed after 30m (iteration 210 preserved; /loop resume to retry) [378.11ms]
quality	Run the release contract	2026-10-06T19:58:44.6288630Z (pass) /glla resume resumes a loop held for paused by user (/loop pause) [170.52ms]
quality	Run the release contract	2026-10-06T19:58:44.9731372Z (pass) /glla resume resumes a loop held for stalled: 5 continuation refires landed no turn [338.95ms]
quality	Run the release contract	2026-10-06T19:58:45.3442490Z (pass) /glla resume leaves a completed loop terminal [370.20ms]
quality	Run the release contract	2026-10-06T19:58:45.3443212Z 
quality	Run the release contract	2026-10-06T19:58:45.3443968Z ##[endgroup]
quality	Run the release contract	2026-10-06T19:58:45.3444215Z 
quality	Run the release contract	2026-10-06T19:58:45.3444811Z ##[group]tests/main-fallback-thinking.test.ts:
quality	Run the release contract	2026-10-06T19:58:45.7695718Z (pass) main fallback picker saves a distinct supported thinking level per model and displays it [50.77ms]
quality	Run the release contract	2026-10-06T19:58:45.7705000Z (pass) fallback thinking settings and primary restoration are bounded durable values [1.08ms]
quality	Run the release contract	2026-10-06T19:58:45.7739205Z (pass) thinking choices come from registered model capabilities and reject unsupported selections [3.42ms]
quality	Run the release contract	2026-10-06T19:58:45.7788099Z (pass) the global main fallback chain accepts the current session model in both picker and typed input [4.89ms]
quality	Run the release contract	2026-10-06T19:58:45.7848964Z (pass) adding Muse after M3.1 asks only for Muse and preserves existing pins on reorder/removal [6.00ms]
quality	Run the release contract	2026-10-06T19:58:45.7849514Z 
quality	Run the release contract	2026-10-06T19:58:45.7849987Z ##[endgroup]
quality	Run the release contract	2026-10-06T19:58:45.7854339Z 
quality	Run the release contract	2026-10-06T19:58:45.7854860Z ##[group]tests/pitfall-registry.test.ts:
quality	Run the release contract	2026-10-06T19:58:46.0766513Z (pass) pitfall registry: absent file reads as absent [1.03ms]
quality	Run the release contract	2026-10-06T19:58:46.0783706Z (pass) pitfall registry: present file is returned bounded [0.58ms]
quality	Run the release contract	2026-10-06T19:58:46.0791202Z (pass) pitfall registry: brief rides the continuation prompt [2.29ms]
quality	Run the release contract	2026-10-06T19:58:46.1227783Z (pass) pitfall registry: no brief means no section [44.20ms]
quality	Run the release contract	2026-10-06T19:58:46.1228315Z 
quality	Run the release contract	2026-10-06T19:58:46.1228766Z ##[endgroup]
quality	Run the release contract	2026-10-06T19:58:46.1232100Z 
quality	Run the release contract	2026-10-06T19:58:46.1232753Z ##[group]tests/objection-pinning.test.ts:
quality	Run the release contract	2026-10-06T19:58:47.8714656Z (pass) v0.38.21 two disapproval rounds: R1 retired with its objections attached, prompt argues R2 only [1449.87ms]
quality	Run the release contract	2026-10-06T19:58:47.8718252Z (pass) v0.38.21 appendAuditVerdict: clean approval clears the pin, shield-clear counts, errors never touch flags [0.51ms]
quality	Run the release contract	2026-10-06T19:58:47.8719085Z 
quality	Run the release contract	2026-10-06T19:58:47.8719551Z ##[endgroup]
quality	Run the release contract	2026-10-06T19:58:47.8724049Z 
quality	Run the release contract	2026-10-06T19:58:47.8725987Z ##[group]tests/auditor-blank-until-resume.test.ts:
quality	Run the release contract	2026-10-06T19:58:48.2465409Z (pass) cold auditor gate hides only the report, not the durable objective UI [5.61ms]
quality	Run the release contract	2026-10-06T19:58:48.6732064Z (pass) cold restore shows the objective and sends nothing until explicit resume [424.69ms]
quality	Run the release contract	2026-10-06T19:58:48.8950630Z (pass) rejected stale /goal resume leaves the auditor surface suppressed [223.76ms]
quality	Run the release contract	2026-10-06T19:58:49.1978032Z (pass) explicit /goal resume releases the auditor surface for admitted main-model recovery [302.74ms]
quality	Run the release contract	2026-10-06T19:58:49.6181276Z (pass) configured auto-resume is continuation consent and restores auditor context [420.28ms]
quality	Run the release contract	2026-10-06T19:58:49.6181816Z 
quality	Run the release contract	2026-10-06T19:58:49.6182157Z ##[endgroup]
quality	Run the release contract	2026-10-06T19:58:49.6185753Z 
quality	Run the release contract	2026-10-06T19:58:49.6187167Z ##[group]tests/audit-history-copy.test.ts:
quality	Run the release contract	2026-10-06T19:58:49.9827008Z (pass) A9 premise: appendAuditVerdict mutates the passed history in place (array + entries) [0.52ms]
quality	Run the release contract	2026-10-06T19:58:49.9831872Z (pass) A9 (pin): both apply paths copy auditHistory before appendAuditVerdict can touch it [0.59ms]
quality	Run the release contract	2026-10-06T19:58:49.9832502Z 
quality	Run the release contract	2026-10-06T19:58:49.9836495Z ##[endgroup]
quality	Run the release contract	2026-10-06T19:58:49.9836692Z 
quality	Run the release contract	2026-10-06T19:58:49.9837095Z ##[group]tests/pause-message-content.test.ts:
quality	Run the release contract	2026-10-06T19:58:50.3496674Z (pass) audit-cap pause message guides INVESTIGATION (item 20) [1.32ms]
quality	Run the release contract	2026-10-06T19:58:50.3504223Z (pass) pause message no longer leads with 'summarize and ask' (item 19) [0.87ms]
quality	Run the release contract	2026-10-06T19:58:50.3504670Z 
quality	Run the release contract	2026-10-06T19:58:50.3505036Z ##[endgroup]
quality	Run the release contract	2026-10-06T19:58:50.3508660Z 
quality	Run the release contract	2026-10-06T19:58:50.3509257Z ##[group]tests/auditor-timeout-settings.test.ts:
quality	Run the release contract	2026-10-06T19:58:50.7226532Z (pass) v0.37.0: escalatedAuditorTimeout doubles per prior attempt and saturates at 4x base [0.52ms]
quality	Run the release contract	2026-10-06T19:58:50.7273750Z (pass) v0.37.0: auditor timeout settings clamp into bounds on load [4.84ms]
quality	Run the release contract	2026-10-06T19:58:50.7341605Z (pass) v0.37.0: /glla editor accepts plain-ms and s/m/h duration input for both keys [6.78ms]
quality	Run the release contract	2026-10-06T19:58:50.7358275Z (pass) v0.37.0: settings menu exposes both auditor timeout rows in the auditor section [1.61ms]
quality	Run the release contract	2026-10-06T19:58:51.1762685Z (pass) v0.37.0: dispatch env reaches the worker process so parent and worker budgets agree [440.37ms]
quality	Run the release contract	2026-10-06T19:58:51.1764007Z (pass) v0.37.0: progress signature counts streamed report bytes [0.32ms]
quality	Run the release contract	2026-10-06T19:58:51.1766144Z (pass) v0.37.0: an in-budget live tool exempts the audit card from the quiet phase [0.18ms]
quality	Run the release contract	2026-10-06T19:58:51.1789199Z (pass) v0.37.0: durable claims preserve the timeout escalation index across loads [2.22ms]
quality	Run the release contract	2026-10-06T19:58:51.1797752Z (pass) v0.38.3: auditJobRetentionMs clamps into [0, 7d] on load [0.84ms]
quality	Run the release contract	2026-10-06T19:58:51.1851886Z (pass) v0.38.3: /glla editor accepts duration input for auditJobRetentionMs (0 is legal) [5.36ms]
quality	Run the release contract	2026-10-06T19:58:51.1862511Z (pass) v0.38.3: settings menu exposes the audit job retention row in the auditor section [1.07ms]
quality	Run the release contract	2026-10-06T19:58:51.1863350Z 
quality	Run the release contract	2026-10-06T19:58:51.1864073Z ##[endgroup]
quality	Run the release contract	2026-10-06T19:58:51.1866363Z 
quality	Run the release contract	2026-10-06T19:58:51.1866930Z ##[group]tests/zombie-user-input-standdown.test.ts:
quality	Run the release contract	2026-10-06T19:58:51.4811472Z (pass) user-input wait set covers glla dialogs and structured-question tools [0.24ms]
quality	Run the release contract	2026-10-06T19:58:51.4833217Z (pass) execution/reads/subagent tools are NOT user-input waits [0.16ms]
quality	Run the release contract	2026-10-06T19:58:51.4834585Z (pass) zombie branch stands down on human-input waits with its own ledger event [0.33ms]
quality	Run the release contract	2026-10-06T19:58:51.4835922Z (pass) stand-down ledger is latched per silent episode, not per tick [0.33ms]
quality	Run the release contract	2026-10-06T19:58:51.4837051Z (pass) the abort path is untouched when NO human-input tool is in flight [0.15ms]
quality	Run the release contract	2026-10-06T19:58:51.4837582Z 
quality	Run the release contract	2026-10-06T19:58:51.4838060Z ##[endgroup]
quality	Run the release contract	2026-10-06T19:58:51.4838267Z 
quality	Run the release contract	2026-10-06T19:58:51.4839014Z ##[group]tests/adaptive-wait.test.mjs:
quality	Run the release contract	2026-10-06T19:58:51.8210079Z (pass) estimateDurationFromHistory uses median with headroom and fallback bounds [45.54ms]
quality	Run the release contract	2026-10-06T19:58:51.8211768Z (pass) nextPollMs doubles each attempt capped at 1s [0.17ms]
quality	Run the release contract	2026-10-06T19:58:51.8215272Z (pass) waitForDurableEvent works with adaptive poll intervals [0.50ms]
quality	Run the release contract	2026-10-06T19:58:52.0606936Z (pass) smoke wait_for uses adaptive polling (check-if-done, 250->1000) [238.98ms]
quality	Run the release contract	2026-10-06T19:58:52.0607819Z 
quality	Run the release contract	2026-10-06T19:58:52.0608450Z ##[endgroup]
quality	Run the release contract	2026-10-06T19:58:52.0610353Z 
quality	Run the release contract	2026-10-06T19:58:52.0611137Z ##[group]tests/auditor-quota-identical.test.ts:
quality	Run the release contract	2026-10-06T19:58:52.4338462Z (pass) rate-limit and plan-quota walls are exempt from the identical park [0.40ms]
quality	Run the release contract	2026-10-06T19:58:52.4340869Z (pass) billing walls keep the park — retries cannot fix a paywall [0.05ms]
quality	Run the release contract	2026-10-06T19:58:52.4342466Z (pass) non-quota infra failures keep the identical park [0.05ms]
quality	Run the release contract	2026-10-06T19:58:52.4343602Z (pass) freshAuditorCycleClaim reseeds the dead chain and restarts the streak [0.23ms]
quality	Run the release contract	2026-10-06T19:58:52.4344246Z 
quality	Run the release contract	2026-10-06T19:58:52.4344759Z ##[endgroup]
quality	Run the release contract	2026-10-06T19:58:52.4345275Z 
quality	Run the release contract	2026-10-06T19:58:52.4345734Z ##[group]tests/defer-durable-ordering.test.ts:
quality	Run the release contract	2026-10-06T19:58:52.8105197Z (pass) defer vs durable — semantic recommendation ordering > v0.38.71: imperative fix verbs do not double against the plaque verb (field UI-SURVEY-2026-09-20) [0.50ms]
quality	Run the release contract	2026-10-06T19:58:52.8107629Z (pass) defer vs durable — semantic recommendation ordering > three defer recommendations still select the safe durable action first [0.21ms]
quality	Run the release contract	2026-10-06T19:58:52.8109641Z (pass) defer vs durable — semantic recommendation ordering > only an explicit blocked fact selects the reversible defer plaque [0.10ms]
quality	Run the release contract	2026-10-06T19:58:52.8111912Z (pass) defer vs durable — semantic recommendation ordering > the policy is generated from the same semantic three-defer path [0.24ms]
quality	Run the release contract	2026-10-06T19:58:52.8112838Z 
quality	Run the release contract	2026-10-06T19:58:52.8113330Z ##[endgroup]
quality	Run the release contract	2026-10-06T19:58:52.8114307Z 
quality	Run the release contract	2026-10-06T19:58:52.8114839Z ##[group]tests/settlement-boundary-faults.test.ts:
quality	Run the release contract	2026-10-06T19:58:53.2368336Z (pass) typed settlement refuses success before its intent can be persisted [9.91ms]
quality	Run the release contract	2026-10-06T19:58:53.2459191Z (pass) failed receipt transfer retains the terminal obligation across live-slot cleanup [9.14ms]
quality	Run the release contract	2026-10-06T19:58:53.2530669Z (pass) unreadable old outbox retains new archive intent until both summaries can be queued [7.15ms]
quality	Run the release contract	2026-10-06T19:58:53.2531402Z 
quality	Run the release contract	2026-10-06T19:58:53.2531902Z ##[endgroup]
quality	Run the release contract	2026-10-06T19:58:53.2535414Z 
quality	Run the release contract	2026-10-06T19:58:53.2536060Z ##[group]tests/task-list-persistence.test.ts:
quality	Run the release contract	2026-10-06T19:58:53.6061468Z (pass) normal task-list proposal reports failure and stores no task list [58.35ms]
quality	Run the release contract	2026-10-06T19:58:53.6089127Z (pass) repair proposal preserves the source sidecar and queue when the task list cannot persist [3.64ms]
quality	Run the release contract	2026-10-06T19:58:53.6090168Z 
quality	Run the release contract	2026-10-06T19:58:53.6090654Z ##[endgroup]
quality	Run the release contract	2026-10-06T19:58:53.6093282Z 
quality	Run the release contract	2026-10-06T19:58:53.6093961Z ##[group]tests/transient-retry-cadence.test.ts:
quality	Run the release contract	2026-10-06T19:58:53.9069150Z (pass) transient weather hammers: 10 eager probes through the real classifier [1.09ms]
quality	Run the release contract	2026-10-06T19:58:53.9071184Z (pass) post-eager transient ladder: 1m base doubling to the 30m cap [0.19ms]
quality	Run the release contract	2026-10-06T19:58:53.9072617Z (pass) walls keep the historical ladder; a reset hint outranks the eager window [0.26ms]
quality	Run the release contract	2026-10-06T19:58:53.9073853Z (pass) v0.38.104: unclassified errors fail open to eager [0.22ms]
quality	Run the release contract	2026-10-06T19:58:53.9074980Z (pass) recovery probes use the kind-aware delay (the 300m park) [0.12ms]
quality	Run the release contract	2026-10-06T19:58:53.9076715Z (pass) describeSubagentTerminal: transient text is eager, walls and aborts are not [0.73ms]
quality	Run the release contract	2026-10-06T19:58:53.9078166Z (pass) subagentTerminalAlreadyRecorded: the nudge fires once per run [0.24ms]
quality	Run the release contract	2026-10-06T19:58:53.9079395Z (pass) audit: terminal precedence holds in every event order [0.31ms]
quality	Run the release contract	2026-10-06T19:58:53.9081583Z (pass) wiring: the process-terminal handler ledger-nudges eager child failures [0.66ms]
quality	Run the release contract	2026-10-06T19:58:53.9082808Z (pass) wiring: recovery probes route through the kind-aware delay [0.29ms]
quality	Run the release contract	2026-10-06T19:58:53.9083568Z 
quality	Run the release contract	2026-10-06T19:58:53.9084603Z ##[endgroup]
quality	Run the release contract	2026-10-06T19:58:53.9575743Z 
quality	Run the release contract	2026-10-06T19:58:53.9577558Z ##[group]tests/quota-horizon-exemption.test.ts:
quality	Run the release contract	2026-10-06T19:58:54.2482654Z (pass) quota wait survives the horizon instead of parking [2.67ms]
quality	Run the release contract	2026-10-06T19:58:54.2985568Z (pass) billing and non-quota failures still park at the horizon [50.22ms]
quality	Run the release contract	2026-10-06T19:58:54.2987339Z (pass) deterministic classifier: 400 markers hold, everything else passes through [0.10ms]
quality	Run the release contract	2026-10-06T19:58:54.2994160Z (pass) deterministic 400 holds even aggressive and fresh — identical retries cannot succeed [0.90ms]
quality	Run the release contract	2026-10-06T19:58:54.2996867Z (pass) deterministic hold names the fix directions [0.37ms]
quality	Run the release contract	2026-10-06T19:58:54.3005209Z (pass) transient wall still schedules under aggressive (control) [0.73ms]
quality	Run the release contract	2026-10-06T19:58:54.3005745Z 
quality	Run the release contract	2026-10-06T19:58:54.3006193Z ##[endgroup]
quality	Run the release contract	2026-10-06T19:58:54.3010003Z 
quality	Run the release contract	2026-10-06T19:58:54.3010576Z ##[group]tests/refine-spec-rebaseline.test.ts:
quality	Run the release contract	2026-10-06T19:58:54.6553259Z REFINE RESULT: Refinement confirmed and applied. Continue improving against the NEW spec — one small change per turn.
quality	Run the release contract	2026-10-06T19:58:54.6555804Z (pass) v0.35.43: a confirmed respec with newly checked boxes re-baselines specChecked — no unearned progress [71.49ms]
quality	Run the release contract	2026-10-06T19:58:54.6642524Z (pass) v0.35.x: recoverable bound-stopped loops accept a confirmed refinement without auto-starting [8.51ms]
quality	Run the release contract	2026-10-06T19:58:54.6643527Z 
quality	Run the release contract	2026-10-06T19:58:54.6644202Z ##[endgroup]
quality	Run the release contract	2026-10-06T19:58:54.6651309Z 
quality	Run the release contract	2026-10-06T19:58:54.6652067Z ##[group]tests/provider-retry-relentless.test.ts:
quality	Run the release contract	2026-10-06T19:58:54.9515871Z (pass) 200751: agent pause inside the brake episode does not kill the retry [0.31ms]
quality	Run the release contract	2026-10-06T19:58:54.9517786Z (pass) untouched brake pause still resumes [0.04ms]
quality	Run the release contract	2026-10-06T19:58:54.9518496Z (pass) untouched 6-brake park still probes [0.05ms]
quality	Run the release contract	2026-10-06T19:58:54.9519094Z (pass) explicit user pause stands the retry down [0.04ms]
quality	Run the release contract	2026-10-06T19:58:54.9519707Z (pass) pending decision picker stands the retry down [0.04ms]
quality	Run the release contract	2026-10-06T19:58:54.9520930Z (pass) active goal never resumes [0.03ms]
quality	Run the release contract	2026-10-06T19:58:54.9521584Z (pass) episode mismatch never resumes [0.03ms]
quality	Run the release contract	2026-10-06T19:58:54.9522056Z (pass) missing episode never resumes [0.05ms]
quality	Run the release contract	2026-10-06T19:58:54.9522272Z 
quality	Run the release contract	2026-10-06T19:58:54.9522584Z ##[endgroup]
quality	Run the release contract	2026-10-06T19:58:54.9522703Z 
quality	Run the release contract	2026-10-06T19:58:54.9523005Z ##[group]tests/terminal-completion-notice.test.ts:
quality	Run the release contract	2026-10-06T19:58:55.3096279Z (pass) v0.38.18 terminal notice: the done brief lands in the conversation exactly once [70.26ms]
quality	Run the release contract	2026-10-06T19:58:55.3097642Z (pass) v0.38.18 source: the detached-approval branch closes the transcript [0.28ms]
quality	Run the release contract	2026-10-06T19:58:55.3196831Z (pass) audit-2026-09-06: a stale-generation notice never fires into the successor session [8.84ms]
quality	Run the release contract	2026-10-06T19:58:55.3197899Z 
quality	Run the release contract	2026-10-06T19:58:55.3198538Z ##[endgroup]
quality	Run the release contract	2026-10-06T19:58:55.3198955Z 
quality	Run the release contract	2026-10-06T19:58:55.3199569Z ##[group]tests/auditor-thinking-display.test.ts:
quality	Run the release contract	2026-10-06T19:58:55.6866190Z (pass) headless /glla shows the effective auditor thinking level with its why [73.74ms]
quality	Run the release contract	2026-10-06T19:58:55.7171373Z (pass) headless /glla honors an explicit thinking setting and unknown models [28.38ms]
quality	Run the release contract	2026-10-06T19:58:55.7172629Z 
quality	Run the release contract	2026-10-06T19:58:55.7173134Z ##[endgroup]
quality	Run the release contract	2026-10-06T19:58:55.7173381Z 
quality	Run the release contract	2026-10-06T19:58:55.7173846Z ##[group]tests/auditor-screenshot-disapproval.test.ts:
quality	Run the release contract	2026-10-06T19:58:56.0071587Z (pass) screenshot-shaped non-literal Done when contract proof stays an actionable disapproval [0.96ms]
quality	Run the release contract	2026-10-06T19:58:56.0089025Z (pass) screenshot-shaped inverted title/score hierarchy stays an actionable disapproval [0.28ms]
quality	Run the release contract	2026-10-06T19:58:56.0091368Z 
quality	Run the release contract	2026-10-06T19:58:56.0091947Z ##[endgroup]
quality	Run the release contract	2026-10-06T19:58:56.0092202Z 
quality	Run the release contract	2026-10-06T19:58:56.0092701Z ##[group]tests/pause-anti-confabulation.test.ts:
quality	Run the release contract	2026-10-06T19:58:56.2990960Z (pass) claimed-missing matches absence language only [1.25ms]
quality	Run the release contract	2026-10-06T19:58:56.8035761Z (pass) pause claiming a missing tool is refused with a correction, goal stays active [505.62ms]
quality	Run the release contract	2026-10-06T19:58:57.2082586Z (pass) pause quoting pi's own not-found error is accepted as a genuine outage [404.53ms]
quality	Run the release contract	2026-10-06T19:58:57.6651971Z (pass) ordinary pauses are untouched by the guard [456.41ms]
quality	Run the release contract	2026-10-06T19:58:57.6652759Z 
quality	Run the release contract	2026-10-06T19:58:57.6653555Z ##[endgroup]
quality	Run the release contract	2026-10-06T19:58:57.6653793Z 
quality	Run the release contract	2026-10-06T19:58:57.6656344Z ##[group]tests/list-stall-reproduction.test.ts:
quality	Run the release contract	2026-10-06T19:58:58.4101836Z (pass) completed standalone goal automatically hands off to the waiting list [452.40ms]
quality	Run the release contract	2026-10-06T19:58:58.6299284Z (pass) /glla resume starts a waiting-only list instead of reporting nothing [221.45ms]
quality	Run the release contract	2026-10-06T19:58:58.9537380Z (pass) list-sourced completion promotes the successor and records the settle transition [323.90ms]
quality	Run the release contract	2026-10-06T19:58:58.9566588Z 
quality	Run the release contract	2026-10-06T19:58:58.9567726Z ##[endgroup]
quality	Run the release contract	2026-10-06T19:58:59.0025842Z 
quality	Run the release contract	2026-10-06T19:58:59.0026869Z ##[group]tests/vision-assist.test.ts:
quality	Run the release contract	2026-10-06T19:58:59.2959130Z (pass) VISION_ASSIST_GUIDANCE prefers native vision without assuming MMX [0.65ms]
quality	Run the release contract	2026-10-06T19:58:59.2961729Z (pass) docs/VISION-ASSIST.md documents native-first guidance and the preapproval gate [0.30ms]
quality	Run the release contract	2026-10-06T19:58:59.3547536Z (pass) visionDescribeCommand builds the exact mmx call [59.70ms]
quality	Run the release contract	2026-10-06T19:58:59.3549508Z (pass) routeVisionCheck: a forbidden target stays on the current model [0.14ms]
quality	Run the release contract	2026-10-06T19:58:59.3551926Z (pass) routeVisionCheck: confirmed MMX is an optional external fallback [0.12ms]
quality	Run the release contract	2026-10-06T19:58:59.3553714Z (pass) routeVisionCheck: native vision is the default and no external tool is assumed [0.09ms]
quality	Run the release contract	2026-10-06T19:58:59.3555337Z (pass) routeVisionCheck: known unavailable native vision fails closed [0.18ms]
quality	Run the release contract	2026-10-06T19:58:59.3556779Z (pass) routeVisionCheck: model switch requires explicit opt-in [0.10ms]
quality	Run the release contract	2026-10-06T19:58:59.3558701Z (pass) isForbiddenModel: v0.34.115 default is empty — no model is forbidden by default [0.15ms]
quality	Run the release contract	2026-10-06T19:58:59.3560355Z (pass) visionAssistLedger builds a native-model audit payload [0.10ms]
quality	Run the release contract	2026-10-06T19:58:59.5821891Z (pass) continuation prompts carry native-first VISION-ASSIST guidance by default [226.42ms]
quality	Run the release contract	2026-10-06T19:58:59.7452152Z (pass) visionAssist off → the directive is dropped from continuation prompts (gate still ships) [162.94ms]
quality	Run the release contract	2026-10-06T19:58:59.7477511Z (pass) a forbidden switch at runtime records the vision_assist routing entry [2.68ms]
quality	Run the release contract	2026-10-06T19:58:59.7500032Z (pass) visionAssist off → the forbidden switch records no vision_assist entry (gate still fires) [1.44ms]
quality	Run the release contract	2026-10-06T19:58:59.7500810Z 
quality	Run the release contract	2026-10-06T19:58:59.7501479Z ##[endgroup]
quality	Run the release contract	2026-10-06T19:58:59.7501713Z 
quality	Run the release contract	2026-10-06T19:58:59.7502220Z ##[group]tests/mid-objective-park-refusal.test.ts:
quality	Run the release contract	2026-10-06T19:59:00.2977326Z (pass) 200751-shape: blocked self-park while the brake retry is armed is refused, goal stays active [251.34ms]
quality	Run the release contract	2026-10-06T19:59:00.6113711Z (pass) kind error and kind-unset parks are refused while armed [311.90ms]
quality	Run the release contract	2026-10-06T19:59:00.8772613Z (pass) decision picker while armed is still allowed (user deliberating) [267.25ms]
quality	Run the release contract	2026-10-06T19:59:01.1570483Z (pass) time-gated wait while armed is still allowed (bounded by the clamp) [278.21ms]
quality	Run the release contract	2026-10-06T19:59:01.3720010Z (pass) blocked park with no armed recovery is still allowed (genuine blocker) [216.51ms]
quality	Run the release contract	2026-10-06T19:59:01.3720751Z 
quality	Run the release contract	2026-10-06T19:59:01.3721102Z ##[endgroup]
quality	Run the release contract	2026-10-06T19:59:01.3721231Z 
quality	Run the release contract	2026-10-06T19:59:01.3721516Z ##[group]tests/paused-owner-honesty.test.ts:
quality	Run the release contract	2026-10-06T19:59:01.6650219Z (pass) stale recovery remnant does not own a blocked pause [1.58ms]
quality	Run the release contract	2026-10-06T19:59:01.6651335Z (pass) live recovery timer still owns a blocked pause [0.50ms]
quality	Run the release contract	2026-10-06T19:59:01.6651800Z 
quality	Run the release contract	2026-10-06T19:59:01.6652286Z ##[endgroup]
quality	Run the release contract	2026-10-06T19:59:01.6652485Z 
quality	Run the release contract	2026-10-06T19:59:01.6653008Z ##[group]tests/blocked-pause-autoclear.test.ts:
quality	Run the release contract	2026-10-06T19:59:03.0524535Z (pass) v0.34.64 — blocked pause owned by recovery auto-clears when the probe succeeds [1098.50ms]
quality	Run the release contract	2026-10-06T19:59:04.0636417Z (pass) v0.34.64 — blocked pause with a NON-recovery reason stays blocked [1011.22ms]
quality	Run the release contract	2026-10-06T19:59:05.2311731Z (pass) v0.34.64 — wait pause owned by recovery still auto-clears [1167.45ms]
quality	Run the release contract	2026-10-06T19:59:05.2316208Z (pass) v0.34.64 — source guard: only main-model recovery owns the auto-clear [0.61ms]
quality	Run the release contract	2026-10-06T19:59:05.2316783Z 
quality	Run the release contract	2026-10-06T19:59:05.2317272Z ##[endgroup]
quality	Run the release contract	2026-10-06T19:59:05.2321635Z 
quality	Run the release contract	2026-10-06T19:59:05.2322300Z ##[group]tests/contained-child-platform.test.ts:
quality	Run the release contract	2026-10-06T19:59:06.7011749Z (pass) real linux cleanup stops a live owned Node tree and inherited pipes [1080.27ms]
quality	Run the release contract	2026-10-06T19:59:06.7012437Z 
quality	Run the release contract	2026-10-06T19:59:06.7012927Z ##[endgroup]
quality	Run the release contract	2026-10-06T19:59:06.7015860Z 
quality	Run the release contract	2026-10-06T19:59:06.7016442Z ##[group]tests/audit-change-scope.test.ts:
quality	Run the release contract	2026-10-06T19:59:07.0822577Z (pass) change-scope: extractor reads file_path/path and drops everything else [0.46ms]
quality	Run the release contract	2026-10-06T19:59:07.0826750Z (pass) change-scope: recorder keeps first-seen order, dedupes, and counts overflow [0.56ms]
quality	Run the release contract	2026-10-06T19:59:07.1857105Z (pass) change-scope: write tool calls record their paths on the active goal [102.48ms]
quality	Run the release contract	2026-10-06T19:59:07.6601553Z (pass) change-scope: reads, bash, junk, and inactive goals record nothing [472.23ms]
quality	Run the release contract	2026-10-06T19:59:07.6602949Z (pass) change-scope: the audit brief names the recorded paths first [2.46ms]
quality	Run the release contract	2026-10-06T19:59:07.6650906Z (pass) change-scope: the brief reports overflow and escapes paths as data [0.41ms]
quality	Run the release contract	2026-10-06T19:59:07.7555552Z (pass) change-scope: no recorded paths keeps the previous brief shape [93.72ms]
quality	Run the release contract	2026-10-06T19:59:07.7562026Z (pass) change-scope: the fallback summary names recorded paths, bounded [0.86ms]
quality	Run the release contract	2026-10-06T19:59:07.7564037Z (pass) change-scope: the audit brief caps the prompt list at 20 with an omission line [0.47ms]
quality	Run the release contract	2026-10-06T19:59:07.7564938Z 
quality	Run the release contract	2026-10-06T19:59:07.7565641Z ##[endgroup]
quality	Run the release contract	2026-10-06T19:59:07.7566020Z 
quality	Run the release contract	2026-10-06T19:59:07.7567007Z ##[group]tests/loops/goal.test.ts:
quality	Run the release contract	2026-10-06T19:59:08.6273321Z (pass) v0.34.57: a compaction inside the watchdog window pauses the watchdog instead of firing the unacknowledged warning [532.12ms]
quality	Run the release contract	2026-10-06T19:59:08.9759249Z (pass) v0.34.57: compaction rearm cap goes directly to unacknowledged without a retry [348.67ms]
quality	Run the release contract	2026-10-06T19:59:09.4911936Z (pass) v0.34.124: a recovery resume inside the watchdog window pauses the watchdog instead of firing the unacknowledged warning [513.56ms]
quality	Run the release contract	2026-10-06T19:59:09.4931900Z (pass) v0.34.124: recovery rearm counters clear when the dispatch watchdog settles [0.58ms]
quality	Run the release contract	2026-10-06T19:59:10.1141584Z (pass) v0.34.124: a recovery resume OUTSIDE the grace window does not pause the watchdog [623.91ms]
quality	Run the release contract	2026-10-06T19:59:10.3248686Z [run-tests] progress: 570s elapsed · 0s since last output · 319 KiB of suite output
quality	Run the release contract	2026-10-06T19:59:10.8119373Z (pass) v0.34.57: a genuine stall (no compaction in the window) still fires the unacknowledged warning [697.63ms]
quality	Run the release contract	2026-10-06T19:59:10.8120637Z 
quality	Run the release contract	2026-10-06T19:59:10.8121198Z ##[endgroup]
quality	Run the release contract	2026-10-06T19:59:10.8121442Z 
quality	Run the release contract	2026-10-06T19:59:10.8121647Z 1 tests skipped:
quality	Run the release contract	2026-10-06T19:59:10.8122565Z (skip) commit survives the auto-committer daemon (item 32, env-gated watched repo)
quality	Run the release contract	2026-10-06T19:59:10.8123024Z 
quality	Run the release contract	2026-10-06T19:59:10.8123146Z  3295 pass
quality	Run the release contract	2026-10-06T19:59:10.8123403Z  1 skip
quality	Run the release contract	2026-10-06T19:59:10.8123645Z  0 fail
quality	Run the release contract	2026-10-06T19:59:10.8123984Z Ran 3296 tests across 351 files. [570.50s]
quality	Run the release contract	2026-10-06T19:59:11.1882757Z [run-tests] finished in 571s (exit 0)
quality	Run the release contract	2026-10-06T19:59:31.1557368Z TAP version 13
quality	Run the release contract	2026-10-06T19:59:31.1577869Z # Subtest: jiti: /list audit enqueues, persists the item, and ACTIVATES (state binding not split)
quality	Run the release contract	2026-10-06T19:59:31.1601445Z ok 1 - jiti: /list audit enqueues, persists the item, and ACTIVATES (state binding not split)
quality	Run the release contract	2026-10-06T19:59:31.1630439Z   ---
quality	Run the release contract	2026-10-06T19:59:31.1630845Z   duration_ms: 6876.317346
quality	Run the release contract	2026-10-06T19:59:31.1631304Z   type: 'test'
quality	Run the release contract	2026-10-06T19:59:31.1631651Z   ...
quality	Run the release contract	2026-10-06T19:59:31.5618357Z 1..1
quality	Run the release contract	2026-10-06T19:59:31.5618800Z # tests 1
quality	Run the release contract	2026-10-06T19:59:31.5619202Z # suites 0
quality	Run the release contract	2026-10-06T19:59:31.5621414Z # pass 1
quality	Run the release contract	2026-10-06T19:59:31.5622322Z # fail 0
quality	Run the release contract	2026-10-06T19:59:31.5624880Z # cancelled 0
quality	Run the release contract	2026-10-06T19:59:31.5625571Z # skipped 0
quality	Run the release contract	2026-10-06T19:59:31.5626156Z # todo 0
quality	Run the release contract	2026-10-06T19:59:31.5626787Z # duration_ms 7292.795841
quality	Run the release contract	2026-10-06T19:59:31.6943541Z 
quality	Run the release contract	2026-10-06T19:59:31.6944433Z > pi-goal-list-loop-audit@0.39.13 test:auditor-extensions
quality	Run the release contract	2026-10-06T19:59:31.6945162Z > node scripts/verify-auditor-extensions-offline.mjs
quality	Run the release contract	2026-10-06T19:59:31.6945468Z 
quality	Run the release contract	2026-10-06T19:59:32.0258660Z OK: -e <resolved-path> registered 1 glla-auditor-fixture models offline (PI_OFFLINE=1)
quality	Run the release contract	2026-10-06T19:59:32.0261949Z OK: no temporary extension install directory created
quality	Run the release contract	2026-10-06T19:59:32.0263749Z VERIFIED offline auditor extension loading via resolved path: /home/runner/work/pi-goal-list-loop-audit/pi-goal-list-loop-audit/scripts/auditor-extension-fixture.mjs
quality	Run the release contract	2026-10-06T19:59:32.1347698Z 
quality	Run the release contract	2026-10-06T19:59:32.1348528Z > pi-goal-list-loop-audit@0.39.13 check:inventory
quality	Run the release contract	2026-10-06T19:59:32.1349442Z > node scripts/generate-inventory.mjs --check
quality	Run the release contract	2026-10-06T19:59:32.1350179Z 
quality	Run the release contract	2026-10-06T19:59:34.0057426Z npm notice
quality	Run the release contract	2026-10-06T19:59:34.0059505Z npm notice 📦  pi-goal-list-loop-audit@0.39.13
quality	Run the release contract	2026-10-06T19:59:34.0060818Z npm notice Tarball Contents
quality	Run the release contract	2026-10-06T19:59:34.0069938Z npm notice 643.3kB CHANGELOG.md
quality	Run the release contract	2026-10-06T19:59:34.0070757Z npm notice 11.3kB INSTALL.md
quality	Run the release contract	2026-10-06T19:59:34.0071315Z npm notice 34.6kB LICENSE
quality	Run the release contract	2026-10-06T19:59:34.0071891Z npm notice 5.0kB LIST-PHILOSOPHY.md
quality	Run the release contract	2026-10-06T19:59:34.0072444Z npm notice 20.1kB PLAN.md
quality	Run the release contract	2026-10-06T19:59:34.0072939Z npm notice 30.2kB README.md
quality	Run the release contract	2026-10-06T19:59:34.0073505Z npm notice 5.8kB docs/ARCHITECTURE.md
quality	Run the release contract	2026-10-06T19:59:34.0074124Z npm notice 4.0kB docs/COMPATIBILITY.md
quality	Run the release contract	2026-10-06T19:59:34.0074868Z npm notice 8.8kB docs/DESIGN-long-running-supervision.md
quality	Run the release contract	2026-10-06T19:59:34.0075658Z npm notice 5.5kB docs/DESIGN-subagent-visibility.md
quality	Run the release contract	2026-10-06T19:59:34.0076328Z npm notice 49.5kB docs/DESIGN.md
quality	Run the release contract	2026-10-06T19:59:34.0077134Z npm notice 12.8kB docs/GLLA-POSITIONING-AND-DECOMPOSITION-2026-08-08.md
quality	Run the release contract	2026-10-06T19:59:34.0077893Z npm notice 2.4kB docs/INDEX.md
quality	Run the release contract	2026-10-06T19:59:34.0078510Z npm notice 5.0kB docs/OWNERSHIP-AND-SETTLEMENT.md
quality	Run the release contract	2026-10-06T19:59:34.0079040Z npm notice 4.9kB docs/PROMOTION-CONTRACT.md
quality	Run the release contract	2026-10-06T19:59:34.0079400Z npm notice 10.7kB docs/RECOVERY.md
quality	Run the release contract	2026-10-06T19:59:34.0079953Z npm notice 3.2kB docs/RELEASING.md
quality	Run the release contract	2026-10-06T19:59:34.0080657Z npm notice 3.7kB docs/RELIABILITY-AND-MEASUREMENT.md
quality	Run the release contract	2026-10-06T19:59:34.0081385Z npm notice 1.9kB docs/RUNTIME-INVENTORY.md
quality	Run the release contract	2026-10-06T19:59:34.0082008Z npm notice 13.1kB docs/SETTINGS.md
quality	Run the release contract	2026-10-06T19:59:34.0082566Z npm notice 3.6kB docs/VISION-ASSIST.md
quality	Run the release contract	2026-10-06T19:59:34.0083190Z npm notice 5.0kB examples/example-objective.md
quality	Run the release contract	2026-10-06T19:59:34.0083870Z npm notice 10.0kB extensions/action-reminder.ts
quality	Run the release contract	2026-10-06T19:59:34.0084584Z npm notice 9.9kB extensions/approval-render-store.ts
quality	Run the release contract	2026-10-06T19:59:34.0085260Z npm notice 20.8kB extensions/audit-lifecycle.ts
quality	Run the release contract	2026-10-06T19:59:34.0085683Z npm notice 17.8kB extensions/auditor-extensions.ts
quality	Run the release contract	2026-10-06T19:59:34.0086090Z npm notice 904B extensions/auditor-thinking.ts
quality	Run the release contract	2026-10-06T19:59:34.0086484Z npm notice 2.8kB extensions/compaction-failure.ts
quality	Run the release contract	2026-10-06T19:59:34.0086897Z npm notice 39.6kB extensions/compaction-input.ts
quality	Run the release contract	2026-10-06T19:59:34.0087314Z npm notice 7.6kB extensions/compactor-model.ts
quality	Run the release contract	2026-10-06T19:59:34.0087723Z npm notice 80.2kB extensions/completion-summary.ts
quality	Run the release contract	2026-10-06T19:59:34.0088120Z npm notice 7.0kB extensions/confirm-draft.ts
quality	Run the release contract	2026-10-06T19:59:34.0088503Z npm notice 18.0kB extensions/context-checkpoint.ts
quality	Run the release contract	2026-10-06T19:59:34.0088892Z npm notice 13.4kB extensions/context-growth.ts
quality	Run the release contract	2026-10-06T19:59:34.0089358Z npm notice 6.4kB extensions/context-hygiene.ts
quality	Run the release contract	2026-10-06T19:59:34.0090333Z npm notice 7.4kB extensions/continuous-supervision.ts
quality	Run the release contract	2026-10-06T19:59:34.0092203Z npm notice 4.8kB extensions/drafter-model.ts
quality	Run the release contract	2026-10-06T19:59:34.0092694Z npm notice 3.4kB extensions/drafting-handoff.ts
quality	Run the release contract	2026-10-06T19:59:34.0093215Z npm notice 24.1kB extensions/drafting-interview.ts
quality	Run the release contract	2026-10-06T19:59:34.0093829Z npm notice 19.4kB extensions/faulty-objective-recovery.ts
quality	Run the release contract	2026-10-06T19:59:34.0094347Z npm notice 7.6kB extensions/finding-lead.ts
quality	Run the release contract	2026-10-06T19:59:34.0094739Z npm notice 5.9kB extensions/glla-state-root.ts
quality	Run the release contract	2026-10-06T19:59:34.0095140Z npm notice 5.0kB extensions/glla-update-check.ts
quality	Run the release contract	2026-10-06T19:59:34.0095532Z npm notice 5.5kB extensions/glla-version.ts
quality	Run the release contract	2026-10-06T19:59:34.0095939Z npm notice 21.1kB extensions/goal-agents-panel.ts
quality	Run the release contract	2026-10-06T19:59:34.0096338Z npm notice 187.5kB extensions/goal-commands.ts
quality	Run the release contract	2026-10-06T19:59:34.0096723Z npm notice 26.6kB extensions/goal-compactor.ts
quality	Run the release contract	2026-10-06T19:59:34.0097123Z npm notice 104.4kB extensions/goal-continuation.ts
quality	Run the release contract	2026-10-06T19:59:34.0097526Z npm notice 105.3kB extensions/goal-heartbeat.ts
quality	Run the release contract	2026-10-06T19:59:34.0097972Z npm notice 139.4kB extensions/goal-loop-auditor-process.ts
quality	Run the release contract	2026-10-06T19:59:34.0099026Z npm notice 22.2kB extensions/goal-loop-auditor.ts
quality	Run the release contract	2026-10-06T19:59:34.0099728Z npm notice 16.1kB extensions/goal-loop-backoff.ts
quality	Run the release contract	2026-10-06T19:59:34.0100639Z npm notice 238.7kB extensions/goal-loop-core.ts
quality	Run the release contract	2026-10-06T19:59:34.0101334Z npm notice 6.6kB extensions/goal-loop-dispatch.ts
quality	Run the release contract	2026-10-06T19:59:34.0102161Z npm notice 160.2kB extensions/goal-loop-display.ts
quality	Run the release contract	2026-10-06T19:59:34.0102793Z npm notice 49.2kB extensions/goal-loop-forever.ts
quality	Run the release contract	2026-10-06T19:59:34.0103436Z npm notice 15.0kB extensions/goal-loop-repetition.ts
quality	Run the release contract	2026-10-06T19:59:34.0104073Z npm notice 50.3kB extensions/goal-loop-shield.ts
quality	Run the release contract	2026-10-06T19:59:34.0104676Z npm notice 23.6kB extensions/goal-loop-stats.ts
quality	Run the release contract	2026-10-06T19:59:34.0105302Z npm notice 16.3kB extensions/goal-loop-subagents.ts
quality	Run the release contract	2026-10-06T19:59:34.0105896Z npm notice 100.6kB extensions/goal-loop.ts
quality	Run the release contract	2026-10-06T19:59:34.0106521Z npm notice 4.4kB extensions/goal-objective-conflict.ts
quality	Run the release contract	2026-10-06T19:59:34.0107153Z npm notice 93.0kB extensions/goal-recovery.ts
quality	Run the release contract	2026-10-06T19:59:34.0107742Z npm notice 52.2kB extensions/goal-settings.ts
quality	Run the release contract	2026-10-06T19:59:34.0108311Z npm notice 4.0kB extensions/goal-state.ts
quality	Run the release contract	2026-10-06T19:59:34.0108893Z npm notice 9.4kB extensions/length-continue.ts
quality	Run the release contract	2026-10-06T19:59:34.0109552Z npm notice 216.0kB extensions/loops/goal-activation.ts
quality	Run the release contract	2026-10-06T19:59:34.0110553Z npm notice 136.8kB extensions/loops/goal-auditor-hooks.ts
quality	Run the release contract	2026-10-06T19:59:34.0111303Z npm notice 1.3kB extensions/loops/goal-auditor-surface.ts
quality	Run the release contract	2026-10-06T19:59:34.0111987Z npm notice 48.0kB extensions/loops/goal-list-queue.ts
quality	Run the release contract	2026-10-06T19:59:34.0112670Z npm notice 72.3kB extensions/loops/goal-orchestrator.ts
quality	Run the release contract	2026-10-06T19:59:34.0113375Z npm notice 23.8kB extensions/loops/goal-runtime-globals.ts
quality	Run the release contract	2026-10-06T19:59:34.0114061Z npm notice 97.9kB extensions/loops/goal-session.ts
quality	Run the release contract	2026-10-06T19:59:34.0114730Z npm notice 101.9kB extensions/loops/goal-settings-ui.ts
quality	Run the release contract	2026-10-06T19:59:34.0115377Z npm notice 256.7kB extensions/loops/goal-tools.ts
quality	Run the release contract	2026-10-06T19:59:34.0115985Z npm notice 61.2kB extensions/loops/goal-ui.ts
quality	Run the release contract	2026-10-06T19:59:34.0116553Z npm notice 21.8kB extensions/loops/goal.ts
quality	Run the release contract	2026-10-06T19:59:34.0117174Z npm notice 837B extensions/main-fallback-thinking.ts
quality	Run the release contract	2026-10-06T19:59:34.0117826Z npm notice 24.9kB extensions/main-model-recovery.ts
quality	Run the release contract	2026-10-06T19:59:34.0118452Z npm notice 13.6kB extensions/model-picker.ts
quality	Run the release contract	2026-10-06T19:59:34.0119036Z npm notice 8.0kB extensions/model-selector.ts
quality	Run the release contract	2026-10-06T19:59:34.0133621Z npm notice 25.5kB extensions/multi-model-picker.ts
quality	Run the release contract	2026-10-06T19:59:34.0134409Z npm notice 5.7kB extensions/owner-file-protocol.ts
quality	Run the release contract	2026-10-06T19:59:34.0135062Z npm notice 8.1kB extensions/payload-guard.ts
quality	Run the release contract	2026-10-06T19:59:34.0135703Z npm notice 4.7kB extensions/proactive-pre-read.ts
quality	Run the release contract	2026-10-06T19:59:34.0136396Z npm notice 6.9kB extensions/prompt-layers.ts
quality	Run the release contract	2026-10-06T19:59:34.0137005Z npm notice 33.4kB extensions/quota-retry.ts
quality	Run the release contract	2026-10-06T19:59:34.0137668Z npm notice 1.7kB extensions/respec-builder-audit.ts
quality	Run the release contract	2026-10-06T19:59:34.0138395Z npm notice 3.5kB extensions/respec-builder-context.ts
quality	Run the release contract	2026-10-06T19:59:34.0139160Z npm notice 27.7kB extensions/respec-builder-runtime.ts
quality	Run the release contract	2026-10-06T19:59:34.0140040Z npm notice 8.3kB extensions/respec-builder-ui.ts
quality	Run the release contract	2026-10-06T19:59:34.0140713Z npm notice 11.1kB extensions/respec-builder.ts
quality	Run the release contract	2026-10-06T19:59:34.0141310Z npm notice 25.6kB extensions/reviewer.ts
quality	Run the release contract	2026-10-06T19:59:34.0141886Z npm notice 51.3kB extensions/settings-menu.ts
quality	Run the release contract	2026-10-06T19:59:34.0142476Z npm notice 18.9kB extensions/start-context.ts
quality	Run the release contract	2026-10-06T19:59:34.0143091Z npm notice 27.3kB extensions/state-root-owner.ts
quality	Run the release contract	2026-10-06T19:59:34.0143708Z npm notice 5.0kB extensions/summary-renderer.ts
quality	Run the release contract	2026-10-06T19:59:34.0144309Z npm notice 5.9kB extensions/task-batch.ts
quality	Run the release contract	2026-10-06T19:59:34.0145009Z npm notice 2.7kB extensions/terminal-summary-delivery.ts
quality	Run the release contract	2026-10-06T19:59:34.0145765Z npm notice 417B extensions/terminal-summary-limits.ts
quality	Run the release contract	2026-10-06T19:59:34.0146435Z npm notice 2.8kB extensions/tool-config.ts
quality	Run the release contract	2026-10-06T19:59:34.0147045Z npm notice 8.1kB extensions/vision-assist.ts
quality	Run the release contract	2026-10-06T19:59:34.0147884Z npm notice 159.0kB media/glla-icon.png
quality	Run the release contract	2026-10-06T19:59:34.0148449Z npm notice 159.0kB media/glla-thumb.png
quality	Run the release contract	2026-10-06T19:59:34.0148987Z npm notice 2.2kB media/glla-thumb.svg
quality	Run the release contract	2026-10-06T19:59:34.0149505Z npm notice 46.4kB media/glla2.png
quality	Run the release contract	2026-10-06T19:59:34.0150142Z npm notice 2.7kB package.json
quality	Run the release contract	2026-10-06T19:59:34.0150888Z npm notice 22.3kB prompts/goal-loop-continuation.md
quality	Run the release contract	2026-10-06T19:59:34.0151504Z npm notice 9.9kB prompts/goal-loop-draft.md
quality	Run the release contract	2026-10-06T19:59:34.0152130Z npm notice 6.0kB prompts/goal-loop-forever-draft.md
quality	Run the release contract	2026-10-06T19:59:34.0152827Z npm notice 3.3kB prompts/goal-loop-forever-metricless.md
quality	Run the release contract	2026-10-06T19:59:34.0153481Z npm notice 3.3kB prompts/goal-loop-forever.md
quality	Run the release contract	2026-10-06T19:59:34.0154095Z npm notice 1.5kB prompts/goal-loop-plan-loop.md
quality	Run the release contract	2026-10-06T19:59:34.0154700Z npm notice 4.8kB prompts/goal-loop-plan.md
quality	Run the release contract	2026-10-06T19:59:34.0155329Z npm notice 4.2kB prompts/goal-loop-respec-builder.md
quality	Run the release contract	2026-10-06T19:59:34.0156001Z npm notice 2.0kB prompts/goal-loop-respec-draft.md
quality	Run the release contract	2026-10-06T19:59:34.0156612Z npm notice 21.5kB schemas/goal.schema.json
quality	Run the release contract	2026-10-06T19:59:34.0157246Z npm notice 655B scripts/auditor-extension-fixture.mjs
quality	Run the release contract	2026-10-06T19:59:34.0157947Z npm notice 250B scripts/auditor-stderr-diagnostic.d.mts
quality	Run the release contract	2026-10-06T19:59:34.0158643Z npm notice 2.6kB scripts/auditor-stderr-diagnostic.mjs
quality	Run the release contract	2026-10-06T19:59:34.0159302Z npm notice 182B scripts/canary-budget.d.mts
quality	Run the release contract	2026-10-06T19:59:34.0160087Z npm notice 2.5kB scripts/canary-budget.mjs
quality	Run the release contract	2026-10-06T19:59:34.0160689Z npm notice 115B scripts/canary-extension.d.mts
quality	Run the release contract	2026-10-06T19:59:34.0161289Z npm notice 1.8kB scripts/canary-extension.mjs
quality	Run the release contract	2026-10-06T19:59:34.0161894Z npm notice 230B scripts/contained-child.d.mts
quality	Run the release contract	2026-10-06T19:59:34.0162480Z npm notice 1.9kB scripts/contained-child.mjs
quality	Run the release contract	2026-10-06T19:59:34.0163071Z npm notice 10.3kB scripts/durable-wait.mjs
quality	Run the release contract	2026-10-06T19:59:34.0163676Z npm notice 3.0kB scripts/generate-inventory.mjs
quality	Run the release contract	2026-10-06T19:59:34.0164303Z npm notice 525B scripts/goal-auditor-launch.d.mts
quality	Run the release contract	2026-10-06T19:59:34.0164945Z npm notice 4.3kB scripts/goal-auditor-launch.mjs
quality	Run the release contract	2026-10-06T19:59:34.0165584Z npm notice 57.3kB scripts/goal-auditor-worker.mjs
quality	Run the release contract	2026-10-06T19:59:34.0166228Z npm notice 4.8kB scripts/goal-compactor-worker.mjs
quality	Run the release contract	2026-10-06T19:59:34.0166894Z npm notice 3.6kB scripts/measure-context-growth.mjs
quality	Run the release contract	2026-10-06T19:59:34.0167522Z npm notice 7.9kB scripts/measure-runtime.mjs
quality	Run the release contract	2026-10-06T19:59:34.0168133Z npm notice 5.0kB scripts/real-host-canary.mjs
quality	Run the release contract	2026-10-06T19:59:34.0168753Z npm notice 8.9kB scripts/release-pack-smoke.mjs
quality	Run the release contract	2026-10-06T19:59:34.0169422Z npm notice 604B scripts/run-tests.d.mts
quality	Run the release contract	2026-10-06T19:59:34.0170106Z npm notice 9.8kB scripts/run-tests.mjs
quality	Run the release contract	2026-10-06T19:59:34.0170627Z npm notice 16.8kB scripts/smoke.sh
quality	Run the release contract	2026-10-06T19:59:34.0171208Z npm notice 375B scripts/test-process-registry.d.mts
quality	Run the release contract	2026-10-06T19:59:34.0171876Z npm notice 11.5kB scripts/test-process-registry.mjs
quality	Run the release contract	2026-10-06T19:59:34.0172667Z npm notice 3.0kB scripts/verify-auditor-extensions-offline.mjs
quality	Run the release contract	2026-10-06T19:59:34.0173466Z npm notice 42.9kB scripts/verify-compaction-live.mjs
quality	Run the release contract	2026-10-06T19:59:34.0174167Z npm notice 3.3kB skills/glla-delegate/SKILL.md
quality	Run the release contract	2026-10-06T19:59:34.0174702Z npm notice Tarball Details
quality	Run the release contract	2026-10-06T19:59:34.0175239Z npm notice name: pi-goal-list-loop-audit
quality	Run the release contract	2026-10-06T19:59:34.0175758Z npm notice version: 0.39.13
quality	Run the release contract	2026-10-06T19:59:34.0176394Z npm notice filename: pi-goal-list-loop-audit-0.39.13.tgz
quality	Run the release contract	2026-10-06T19:59:34.0177012Z npm notice package size: 1.5 MB
quality	Run the release contract	2026-10-06T19:59:34.0177493Z npm notice unpacked size: 4.7 MB
quality	Run the release contract	2026-10-06T19:59:34.0178112Z npm notice shasum: d9c50de82c34aa42fe5600edc42bb05f02a02087
quality	Run the release contract	2026-10-06T19:59:34.0178876Z npm notice integrity: sha512-GoWgttRtSstdO[...]5QwsVx5s4OuLQ==
quality	Run the release contract	2026-10-06T19:59:34.0179467Z npm notice total files: 144
quality	Run the release contract	2026-10-06T19:59:34.0180042Z npm notice
quality	Run the release contract	2026-10-06T19:59:34.0180506Z pi-goal-list-loop-audit-0.39.13.tgz
quality	Run the release contract	2026-10-06T19:59:51.4771804Z OK: packed launcher loaded and worker completed its bounded RPC probe (challenge confirmed)
quality	Run the release contract	2026-10-06T19:59:51.4855081Z OK: packed glla-delegate skill loads with zero diagnostics
quality	Run the release contract	2026-10-06T19:59:51.4856198Z OK: installed and imported pi-goal-list-loop-audit@0.39.13 from its packed tarball
quality	Post Install the test runner	﻿2026-10-06T19:59:53.0727111Z Post job cleanup.
quality	Post Set up Node.js	﻿2026-10-06T19:59:53.2543783Z Post job cleanup.
quality	Post Set up Node.js	2026-10-06T19:59:53.3895655Z (node:19603) [DEP0040] DeprecationWarning: The `punycode` module is deprecated. Please use a userland alternative instead.
quality	Post Set up Node.js	2026-10-06T19:59:53.3896785Z (Use `node --trace-deprecation ...` to show where the warning was created)
quality	Post Set up Node.js	2026-10-06T19:59:53.3900417Z Cache hit occurred on the primary key node-cache-Linux-x64-npm-10814bf6a9b3425e4439228b49ba4cf939f8eb2330a3aa16df8c28fbc3e13a4b, not saving cache.
quality	Post Check out source	﻿2026-10-06T19:59:53.4044387Z Post job cleanup.
quality	Post Check out source	2026-10-06T19:59:53.4936203Z [command]/usr/bin/git version
quality	Post Check out source	2026-10-06T19:59:53.4982280Z git version 2.55.0
quality	Post Check out source	2026-10-06T19:59:53.5020423Z Temporarily overriding HOME='/home/runner/work/_temp/1a84304d-b0dd-4a48-ad54-e035c7001118' before making global git config changes
quality	Post Check out source	2026-10-06T19:59:53.5022004Z Adding repository directory to the temporary git global config as a safe directory
quality	Post Check out source	2026-10-06T19:59:53.5026232Z [command]/usr/bin/git config --global --add safe.directory /home/runner/work/pi-goal-list-loop-audit/pi-goal-list-loop-audit
quality	Post Check out source	2026-10-06T19:59:53.5064754Z [command]/usr/bin/git config --local --name-only --get-regexp core\.sshCommand
quality	Post Check out source	2026-10-06T19:59:53.5100861Z [command]/usr/bin/git submodule foreach --recursive sh -c "git config --local --name-only --get-regexp 'core\.sshCommand' && git config --local --unset-all 'core.sshCommand' || :"
quality	Post Check out source	2026-10-06T19:59:53.5353501Z [command]/usr/bin/git config --local --name-only --get-regexp http\.https\:\/\/github\.com\/\.extraheader
quality	Post Check out source	2026-10-06T19:59:53.5382153Z http.https://github.com/.extraheader
quality	Post Check out source	2026-10-06T19:59:53.5395983Z [command]/usr/bin/git config --local --unset-all http.https://github.com/.extraheader
quality	Post Check out source	2026-10-06T19:59:53.5437116Z [command]/usr/bin/git submodule foreach --recursive sh -c "git config --local --name-only --get-regexp 'http\.https\:\/\/github\.com\/\.extraheader' && git config --local --unset-all 'http.https://github.com/.extraheader' || :"
quality	Post Check out source	2026-10-06T19:59:53.5697530Z [command]/usr/bin/git config --local --name-only --get-regexp ^includeIf\.gitdir:
quality	Post Check out source	2026-10-06T19:59:53.5737687Z [command]/usr/bin/git submodule foreach --recursive git config --local --show-origin --name-only --get-regexp remote.origin.url
quality	Complete job	﻿2026-10-06T19:59:53.6134111Z Cleaning up orphan processes
quality	Complete job	2026-10-06T19:59:53.6685619Z ##[warning]Node.js 20 is deprecated. The following actions target Node.js 20 but are being forced to run on Node.js 24: actions/checkout@v4, actions/setup-node@v4. For more information see: https://github.blog/changelog/2025-09-19-deprecation-of-node-20-on-github-actions-runners/
