publish	Set up job	﻿2026-10-07T08:11:11.4735301Z Current runner version: '2.337.0'
publish	Set up job	2026-10-07T08:11:11.4771101Z ##[group]Runner Image Provisioner
publish	Set up job	2026-10-07T08:11:11.4772723Z Hosted Compute Agent
publish	Set up job	2026-10-07T08:11:11.4774166Z Version: 20260901.588
publish	Set up job	2026-10-07T08:11:11.4775449Z Commit: f88ec8081b781fac6c440065ac7ff9e710ce3d0b
publish	Set up job	2026-10-07T08:11:11.4776885Z Build Date: 2026-09-01T19:56:44Z
publish	Set up job	2026-10-07T08:11:11.4778179Z Worker ID: {c70c5a04-8636-480e-8973-44af056fd140}
publish	Set up job	2026-10-07T08:11:11.4779525Z Azure Region: centralus
publish	Set up job	2026-10-07T08:11:11.4780677Z ##[endgroup]
publish	Set up job	2026-10-07T08:11:11.4783051Z ##[group]Operating System
publish	Set up job	2026-10-07T08:11:11.4784714Z Ubuntu
publish	Set up job	2026-10-07T08:11:11.4785771Z 24.04.5
publish	Set up job	2026-10-07T08:11:11.4786727Z LTS
publish	Set up job	2026-10-07T08:11:11.4788448Z ##[endgroup]
publish	Set up job	2026-10-07T08:11:11.4789407Z ##[group]Runner Image
publish	Set up job	2026-10-07T08:11:11.4790525Z Image: ubuntu-24.04
publish	Set up job	2026-10-07T08:11:11.4791611Z Version: 20260927.320.1
publish	Set up job	2026-10-07T08:11:11.4793732Z Included Software: https://github.com/actions/runner-images/blob/ubuntu24/20260927.320/images/ubuntu/Ubuntu2404-Readme.md
publish	Set up job	2026-10-07T08:11:11.4797010Z Image Release: https://github.com/actions/runner-images/releases/tag/ubuntu24%2F20260927.320
publish	Set up job	2026-10-07T08:11:11.4798842Z ##[endgroup]
publish	Set up job	2026-10-07T08:11:11.4800844Z ##[group]GITHUB_TOKEN Permissions
publish	Set up job	2026-10-07T08:11:11.4804312Z Contents: read
publish	Set up job	2026-10-07T08:11:11.4805382Z Metadata: read
publish	Set up job	2026-10-07T08:11:11.4806347Z ##[endgroup]
publish	Set up job	2026-10-07T08:11:11.4809722Z Secret source: Actions
publish	Set up job	2026-10-07T08:11:11.4811363Z Cache mode: write
publish	Set up job	2026-10-07T08:11:11.4813096Z Prepare workflow directory
publish	Set up job	2026-10-07T08:11:11.5214588Z Prepare all required actions
publish	Set up job	2026-10-07T08:11:11.5266593Z Getting action download info
publish	Set up job	2026-10-07T08:11:11.7971456Z Download action repository 'actions/checkout@v4' (SHA:11d5960a326750d5838078e36cf38b85af677262)
publish	Set up job	2026-10-07T08:11:11.8887154Z Download action repository 'actions/setup-node@v4' (SHA:49933ea5288caeca8642d1e84afbd3f7d6820020)
publish	Set up job	2026-10-07T08:11:11.9772068Z Download action repository 'oven-sh/setup-bun@v2' (SHA:0c5077e51419868618aeaa5fe8019c62421857d6)
publish	Set up job	2026-10-07T08:11:12.5760091Z Complete job name: publish
publish	Check out the released tag	﻿2026-10-07T08:11:12.6668744Z ##[group]Run actions/checkout@v4
publish	Check out the released tag	2026-10-07T08:11:12.6669797Z with:
publish	Check out the released tag	2026-10-07T08:11:12.6670309Z   ref: refs/tags/v0.39.15
publish	Check out the released tag	2026-10-07T08:11:12.6670838Z   fetch-depth: 0
publish	Check out the released tag	2026-10-07T08:11:12.6671405Z   repository: DraconDev/pi-goal-list-loop-audit
publish	Check out the released tag	2026-10-07T08:11:12.6676138Z   token: ***
publish	Check out the released tag	2026-10-07T08:11:12.6676632Z   ssh-strict: true
publish	Check out the released tag	2026-10-07T08:11:12.6677122Z   ssh-user: git
publish	Check out the released tag	2026-10-07T08:11:12.6677630Z   persist-credentials: true
publish	Check out the released tag	2026-10-07T08:11:12.6678173Z   clean: true
publish	Check out the released tag	2026-10-07T08:11:12.6678673Z   sparse-checkout-cone-mode: true
publish	Check out the released tag	2026-10-07T08:11:12.6679246Z   fetch-tags: false
publish	Check out the released tag	2026-10-07T08:11:12.6679747Z   show-progress: true
publish	Check out the released tag	2026-10-07T08:11:12.6680254Z   lfs: false
publish	Check out the released tag	2026-10-07T08:11:12.6680748Z   submodules: false
publish	Check out the released tag	2026-10-07T08:11:12.6681258Z   set-safe-directory: true
publish	Check out the released tag	2026-10-07T08:11:12.6681826Z   allow-unsafe-pr-checkout: false
publish	Check out the released tag	2026-10-07T08:11:12.6682708Z ##[endgroup]
publish	Check out the released tag	2026-10-07T08:11:12.7734264Z Syncing repository: DraconDev/pi-goal-list-loop-audit
publish	Check out the released tag	2026-10-07T08:11:12.7737518Z ##[group]Getting Git version info
publish	Check out the released tag	2026-10-07T08:11:12.7739221Z Working directory is '/home/runner/work/pi-goal-list-loop-audit/pi-goal-list-loop-audit'
publish	Check out the released tag	2026-10-07T08:11:12.7741529Z [command]/usr/bin/git version
publish	Check out the released tag	2026-10-07T08:11:12.7792539Z git version 2.55.0
publish	Check out the released tag	2026-10-07T08:11:12.7817080Z ##[endgroup]
publish	Check out the released tag	2026-10-07T08:11:12.7833169Z Temporarily overriding HOME='/home/runner/work/_temp/0f70fbc9-2a23-4660-b1dd-839790b8f8f2' before making global git config changes
publish	Check out the released tag	2026-10-07T08:11:12.7836105Z Adding repository directory to the temporary git global config as a safe directory
publish	Check out the released tag	2026-10-07T08:11:12.7842948Z [command]/usr/bin/git config --global --add safe.directory /home/runner/work/pi-goal-list-loop-audit/pi-goal-list-loop-audit
publish	Check out the released tag	2026-10-07T08:11:12.7911257Z Deleting the contents of '/home/runner/work/pi-goal-list-loop-audit/pi-goal-list-loop-audit'
publish	Check out the released tag	2026-10-07T08:11:12.7916176Z ##[group]Initializing the repository
publish	Check out the released tag	2026-10-07T08:11:12.7926561Z [command]/usr/bin/git init /home/runner/work/pi-goal-list-loop-audit/pi-goal-list-loop-audit
publish	Check out the released tag	2026-10-07T08:11:12.8057037Z hint: Using 'master' as the name for the initial branch. This default branch name
publish	Check out the released tag	2026-10-07T08:11:12.8059445Z hint: will change to "main" in Git 3.0. To configure the initial branch name
publish	Check out the released tag	2026-10-07T08:11:12.8061579Z hint: to use in all of your new repositories, which will suppress this warning,
publish	Check out the released tag	2026-10-07T08:11:12.8063566Z hint: call:
publish	Check out the released tag	2026-10-07T08:11:12.8064477Z hint:
publish	Check out the released tag	2026-10-07T08:11:12.8065501Z hint: 	git config --global init.defaultBranch <name>
publish	Check out the released tag	2026-10-07T08:11:12.8066847Z hint:
publish	Check out the released tag	2026-10-07T08:11:12.8068035Z hint: Names commonly chosen instead of 'master' are 'main', 'trunk' and
publish	Check out the released tag	2026-10-07T08:11:12.8069838Z hint: 'development'. The just-created branch can be renamed via this command:
publish	Check out the released tag	2026-10-07T08:11:12.8071261Z hint:
publish	Check out the released tag	2026-10-07T08:11:12.8073146Z hint: 	git branch -m <name>
publish	Check out the released tag	2026-10-07T08:11:12.8074581Z hint:
publish	Check out the released tag	2026-10-07T08:11:12.8075530Z hint: Disable this message with "git config set advice.defaultBranchName false"
publish	Check out the released tag	2026-10-07T08:11:12.8076914Z Initialized empty Git repository in /home/runner/work/pi-goal-list-loop-audit/pi-goal-list-loop-audit/.git/
publish	Check out the released tag	2026-10-07T08:11:12.8079623Z [command]/usr/bin/git remote add origin https://github.com/DraconDev/pi-goal-list-loop-audit
publish	Check out the released tag	2026-10-07T08:11:12.8139489Z ##[endgroup]
publish	Check out the released tag	2026-10-07T08:11:12.8141466Z ##[group]Disabling automatic garbage collection
publish	Check out the released tag	2026-10-07T08:11:12.8144055Z [command]/usr/bin/git config --local gc.auto 0
publish	Check out the released tag	2026-10-07T08:11:12.8182921Z ##[endgroup]
publish	Check out the released tag	2026-10-07T08:11:12.8185179Z ##[group]Setting up auth
publish	Check out the released tag	2026-10-07T08:11:12.8192410Z [command]/usr/bin/git config --local --name-only --get-regexp core\.sshCommand
publish	Check out the released tag	2026-10-07T08:11:12.8232089Z [command]/usr/bin/git submodule foreach --recursive sh -c "git config --local --name-only --get-regexp 'core\.sshCommand' && git config --local --unset-all 'core.sshCommand' || :"
publish	Check out the released tag	2026-10-07T08:11:12.8620114Z [command]/usr/bin/git config --local --name-only --get-regexp http\.https\:\/\/github\.com\/\.extraheader
publish	Check out the released tag	2026-10-07T08:11:12.8662731Z [command]/usr/bin/git submodule foreach --recursive sh -c "git config --local --name-only --get-regexp 'http\.https\:\/\/github\.com\/\.extraheader' && git config --local --unset-all 'http.https://github.com/.extraheader' || :"
publish	Check out the released tag	2026-10-07T08:11:12.8900191Z [command]/usr/bin/git config --local --name-only --get-regexp ^includeIf\.gitdir:
publish	Check out the released tag	2026-10-07T08:11:12.8938890Z [command]/usr/bin/git submodule foreach --recursive git config --local --show-origin --name-only --get-regexp remote.origin.url
publish	Check out the released tag	2026-10-07T08:11:12.9173061Z [command]/usr/bin/git config --local http.https://github.com/.extraheader AUTHORIZATION: basic ***
publish	Check out the released tag	2026-10-07T08:11:12.9217829Z ##[endgroup]
publish	Check out the released tag	2026-10-07T08:11:12.9218822Z ##[group]Fetching the repository
publish	Check out the released tag	2026-10-07T08:11:12.9228679Z [command]/usr/bin/git -c protocol.version=2 fetch --prune --no-recurse-submodules origin +refs/heads/*:refs/remotes/origin/* +refs/tags/*:refs/tags/*
publish	Check out the released tag	2026-10-07T08:11:44.3690866Z From https://github.com/DraconDev/pi-goal-list-loop-audit
publish	Check out the released tag	2026-10-07T08:11:44.3697205Z  * [new branch]        auditor-inspection   -> origin/auditor-inspection
publish	Check out the released tag	2026-10-07T08:11:44.3698302Z  * [new branch]        main                 -> origin/main
publish	Check out the released tag	2026-10-07T08:11:44.3699331Z  * [new tag]           backup-messy-history -> backup-messy-history
publish	Check out the released tag	2026-10-07T08:11:44.3700175Z  * [new tag]           cleanup-before-115   -> cleanup-before-115
publish	Check out the released tag	2026-10-07T08:11:44.3700987Z  * [new tag]           v0.34.100            -> v0.34.100
publish	Check out the released tag	2026-10-07T08:11:44.3701693Z  * [new tag]           v0.34.101            -> v0.34.101
publish	Check out the released tag	2026-10-07T08:11:44.3702289Z  * [new tag]           v0.34.102            -> v0.34.102
publish	Check out the released tag	2026-10-07T08:11:44.3702937Z  * [new tag]           v0.34.103            -> v0.34.103
publish	Check out the released tag	2026-10-07T08:11:44.3704001Z  * [new tag]           v0.34.104            -> v0.34.104
publish	Check out the released tag	2026-10-07T08:11:44.3704723Z  * [new tag]           v0.34.105            -> v0.34.105
publish	Check out the released tag	2026-10-07T08:11:44.3705533Z  * [new tag]           v0.34.106            -> v0.34.106
publish	Check out the released tag	2026-10-07T08:11:44.3706337Z  * [new tag]           v0.34.107            -> v0.34.107
publish	Check out the released tag	2026-10-07T08:11:44.3707810Z  * [new tag]           v0.34.108            -> v0.34.108
publish	Check out the released tag	2026-10-07T08:11:44.3708739Z  * [new tag]           v0.34.109            -> v0.34.109
publish	Check out the released tag	2026-10-07T08:11:44.3709539Z  * [new tag]           v0.34.110            -> v0.34.110
publish	Check out the released tag	2026-10-07T08:11:44.3710254Z  * [new tag]           v0.34.111            -> v0.34.111
publish	Check out the released tag	2026-10-07T08:11:44.3710951Z  * [new tag]           v0.34.112            -> v0.34.112
publish	Check out the released tag	2026-10-07T08:11:44.3711695Z  * [new tag]           v0.34.113            -> v0.34.113
publish	Check out the released tag	2026-10-07T08:11:44.3712424Z  * [new tag]           v0.34.114            -> v0.34.114
publish	Check out the released tag	2026-10-07T08:11:44.3713091Z  * [new tag]           v0.34.115            -> v0.34.115
publish	Check out the released tag	2026-10-07T08:11:44.3714306Z  * [new tag]           v0.34.116            -> v0.34.116
publish	Check out the released tag	2026-10-07T08:11:44.3715123Z  * [new tag]           v0.34.116-ship       -> v0.34.116-ship
publish	Check out the released tag	2026-10-07T08:11:44.3715914Z  * [new tag]           v0.34.117            -> v0.34.117
publish	Check out the released tag	2026-10-07T08:11:44.3716753Z  * [new tag]           v0.34.117-ship       -> v0.34.117-ship
publish	Check out the released tag	2026-10-07T08:11:44.3717620Z  * [new tag]           v0.34.118            -> v0.34.118
publish	Check out the released tag	2026-10-07T08:11:44.3718520Z  * [new tag]           v0.34.118-ship       -> v0.34.118-ship
publish	Check out the released tag	2026-10-07T08:11:44.3719362Z  * [new tag]           v0.34.119            -> v0.34.119
publish	Check out the released tag	2026-10-07T08:11:44.3720154Z  * [new tag]           v0.34.119-ship       -> v0.34.119-ship
publish	Check out the released tag	2026-10-07T08:11:44.3721047Z  * [new tag]           v0.34.120            -> v0.34.120
publish	Check out the released tag	2026-10-07T08:11:44.3721754Z  * [new tag]           v0.34.120-ship       -> v0.34.120-ship
publish	Check out the released tag	2026-10-07T08:11:44.3722396Z  * [new tag]           v0.34.121            -> v0.34.121
publish	Check out the released tag	2026-10-07T08:11:44.3723031Z  * [new tag]           v0.34.121-ship       -> v0.34.121-ship
publish	Check out the released tag	2026-10-07T08:11:44.3723986Z  * [new tag]           v0.34.134            -> v0.34.134
publish	Check out the released tag	2026-10-07T08:11:44.3724647Z  * [new tag]           v0.34.135            -> v0.34.135
publish	Check out the released tag	2026-10-07T08:11:44.3725277Z  * [new tag]           v0.34.136            -> v0.34.136
publish	Check out the released tag	2026-10-07T08:11:44.3726018Z  * [new tag]           v0.34.138            -> v0.34.138
publish	Check out the released tag	2026-10-07T08:11:44.3726908Z  * [new tag]           v0.34.139            -> v0.34.139
publish	Check out the released tag	2026-10-07T08:11:44.3727543Z  * [new tag]           v0.34.140            -> v0.34.140
publish	Check out the released tag	2026-10-07T08:11:44.3728169Z  * [new tag]           v0.34.141            -> v0.34.141
publish	Check out the released tag	2026-10-07T08:11:44.3728788Z  * [new tag]           v0.34.142            -> v0.34.142
publish	Check out the released tag	2026-10-07T08:11:44.3729691Z  * [new tag]           v0.34.20             -> v0.34.20
publish	Check out the released tag	2026-10-07T08:11:44.3730230Z  * [new tag]           v0.34.21             -> v0.34.21
publish	Check out the released tag	2026-10-07T08:11:44.3730624Z  * [new tag]           v0.34.22             -> v0.34.22
publish	Check out the released tag	2026-10-07T08:11:44.3731017Z  * [new tag]           v0.34.23             -> v0.34.23
publish	Check out the released tag	2026-10-07T08:11:44.3731403Z  * [new tag]           v0.34.24             -> v0.34.24
publish	Check out the released tag	2026-10-07T08:11:44.3731780Z  * [new tag]           v0.34.25             -> v0.34.25
publish	Check out the released tag	2026-10-07T08:11:44.3732149Z  * [new tag]           v0.34.26             -> v0.34.26
publish	Check out the released tag	2026-10-07T08:11:44.3732539Z  * [new tag]           v0.34.27             -> v0.34.27
publish	Check out the released tag	2026-10-07T08:11:44.3732923Z  * [new tag]           v0.34.28             -> v0.34.28
publish	Check out the released tag	2026-10-07T08:11:44.3733290Z  * [new tag]           v0.34.29             -> v0.34.29
publish	Check out the released tag	2026-10-07T08:11:44.3734435Z  * [new tag]           v0.34.30             -> v0.34.30
publish	Check out the released tag	2026-10-07T08:11:44.3735062Z  * [new tag]           v0.34.31             -> v0.34.31
publish	Check out the released tag	2026-10-07T08:11:44.3735453Z  * [new tag]           v0.34.32             -> v0.34.32
publish	Check out the released tag	2026-10-07T08:11:44.3735837Z  * [new tag]           v0.34.33             -> v0.34.33
publish	Check out the released tag	2026-10-07T08:11:44.3736212Z  * [new tag]           v0.34.34             -> v0.34.34
publish	Check out the released tag	2026-10-07T08:11:44.3736585Z  * [new tag]           v0.34.35             -> v0.34.35
publish	Check out the released tag	2026-10-07T08:11:44.3736946Z  * [new tag]           v0.34.36             -> v0.34.36
publish	Check out the released tag	2026-10-07T08:11:44.3737314Z  * [new tag]           v0.34.37             -> v0.34.37
publish	Check out the released tag	2026-10-07T08:11:44.3737674Z  * [new tag]           v0.34.38             -> v0.34.38
publish	Check out the released tag	2026-10-07T08:11:44.3738321Z  * [new tag]           v0.34.39             -> v0.34.39
publish	Check out the released tag	2026-10-07T08:11:44.3738924Z  * [new tag]           v0.34.40             -> v0.34.40
publish	Check out the released tag	2026-10-07T08:11:44.3739593Z  * [new tag]           v0.34.41             -> v0.34.41
publish	Check out the released tag	2026-10-07T08:11:44.3740238Z  * [new tag]           v0.34.42             -> v0.34.42
publish	Check out the released tag	2026-10-07T08:11:44.3740974Z  * [new tag]           v0.34.43             -> v0.34.43
publish	Check out the released tag	2026-10-07T08:11:44.3741634Z  * [new tag]           v0.34.44             -> v0.34.44
publish	Check out the released tag	2026-10-07T08:11:44.3742313Z  * [new tag]           v0.34.45             -> v0.34.45
publish	Check out the released tag	2026-10-07T08:11:44.3742928Z  * [new tag]           v0.34.46             -> v0.34.46
publish	Check out the released tag	2026-10-07T08:11:44.3743780Z  * [new tag]           v0.34.47             -> v0.34.47
publish	Check out the released tag	2026-10-07T08:11:44.3744188Z  * [new tag]           v0.34.48             -> v0.34.48
publish	Check out the released tag	2026-10-07T08:11:44.3744663Z  * [new tag]           v0.34.49             -> v0.34.49
publish	Check out the released tag	2026-10-07T08:11:44.3745308Z  * [new tag]           v0.34.50             -> v0.34.50
publish	Check out the released tag	2026-10-07T08:11:44.3745882Z  * [new tag]           v0.34.57             -> v0.34.57
publish	Check out the released tag	2026-10-07T08:11:44.3746258Z  * [new tag]           v0.34.79             -> v0.34.79
publish	Check out the released tag	2026-10-07T08:11:44.3746637Z  * [new tag]           v0.34.80             -> v0.34.80
publish	Check out the released tag	2026-10-07T08:11:44.3747019Z  * [new tag]           v0.34.92             -> v0.34.92
publish	Check out the released tag	2026-10-07T08:11:44.3747401Z  * [new tag]           v0.34.93             -> v0.34.93
publish	Check out the released tag	2026-10-07T08:11:44.3747781Z  * [new tag]           v0.34.94             -> v0.34.94
publish	Check out the released tag	2026-10-07T08:11:44.3748167Z  * [new tag]           v0.34.95             -> v0.34.95
publish	Check out the released tag	2026-10-07T08:11:44.3748546Z  * [new tag]           v0.34.96             -> v0.34.96
publish	Check out the released tag	2026-10-07T08:11:44.3748938Z  * [new tag]           v0.34.97             -> v0.34.97
publish	Check out the released tag	2026-10-07T08:11:44.3749320Z  * [new tag]           v0.34.98             -> v0.34.98
publish	Check out the released tag	2026-10-07T08:11:44.3749697Z  * [new tag]           v0.34.99             -> v0.34.99
publish	Check out the released tag	2026-10-07T08:11:44.3750080Z  * [new tag]           v0.35.0              -> v0.35.0
publish	Check out the released tag	2026-10-07T08:11:44.3750465Z  * [new tag]           v0.35.1              -> v0.35.1
publish	Check out the released tag	2026-10-07T08:11:44.3751101Z  * [new tag]           v0.35.10             -> v0.35.10
publish	Check out the released tag	2026-10-07T08:11:44.3751491Z  * [new tag]           v0.35.11             -> v0.35.11
publish	Check out the released tag	2026-10-07T08:11:44.3751876Z  * [new tag]           v0.35.12             -> v0.35.12
publish	Check out the released tag	2026-10-07T08:11:44.3752253Z  * [new tag]           v0.35.13             -> v0.35.13
publish	Check out the released tag	2026-10-07T08:11:44.3752636Z  * [new tag]           v0.35.14             -> v0.35.14
publish	Check out the released tag	2026-10-07T08:11:44.3753020Z  * [new tag]           v0.35.15             -> v0.35.15
publish	Check out the released tag	2026-10-07T08:11:44.3754163Z  * [new tag]           v0.35.16             -> v0.35.16
publish	Check out the released tag	2026-10-07T08:11:44.3754960Z  * [new tag]           v0.35.2              -> v0.35.2
publish	Check out the released tag	2026-10-07T08:11:44.3755577Z  * [new tag]           v0.35.3              -> v0.35.3
publish	Check out the released tag	2026-10-07T08:11:44.3832627Z  * [new tag]           v0.35.31             -> v0.35.31
publish	Check out the released tag	2026-10-07T08:11:44.3834489Z  * [new tag]           v0.35.32             -> v0.35.32
publish	Check out the released tag	2026-10-07T08:11:44.3835420Z  * [new tag]           v0.35.4              -> v0.35.4
publish	Check out the released tag	2026-10-07T08:11:44.3836329Z  * [new tag]           v0.35.5              -> v0.35.5
publish	Check out the released tag	2026-10-07T08:11:44.3837069Z  * [new tag]           v0.35.6              -> v0.35.6
publish	Check out the released tag	2026-10-07T08:11:44.3837781Z  * [new tag]           v0.35.64             -> v0.35.64
publish	Check out the released tag	2026-10-07T08:11:44.3838488Z  * [new tag]           v0.35.65             -> v0.35.65
publish	Check out the released tag	2026-10-07T08:11:44.3839155Z  * [new tag]           v0.35.66             -> v0.35.66
publish	Check out the released tag	2026-10-07T08:11:44.3839865Z  * [new tag]           v0.35.67             -> v0.35.67
publish	Check out the released tag	2026-10-07T08:11:44.3840519Z  * [new tag]           v0.35.68             -> v0.35.68
publish	Check out the released tag	2026-10-07T08:11:44.3841180Z  * [new tag]           v0.35.69             -> v0.35.69
publish	Check out the released tag	2026-10-07T08:11:44.3841916Z  * [new tag]           v0.35.7              -> v0.35.7
publish	Check out the released tag	2026-10-07T08:11:44.3842734Z  * [new tag]           v0.35.70             -> v0.35.70
publish	Check out the released tag	2026-10-07T08:11:44.3843948Z  * [new tag]           v0.35.71             -> v0.35.71
publish	Check out the released tag	2026-10-07T08:11:44.3844698Z  * [new tag]           v0.35.8              -> v0.35.8
publish	Check out the released tag	2026-10-07T08:11:44.3845735Z  * [new tag]           v0.35.9              -> v0.35.9
publish	Check out the released tag	2026-10-07T08:11:44.3846420Z  * [new tag]           v0.36.0              -> v0.36.0
publish	Check out the released tag	2026-10-07T08:11:44.3847074Z  * [new tag]           v0.36.1              -> v0.36.1
publish	Check out the released tag	2026-10-07T08:11:44.3847726Z  * [new tag]           v0.37.1              -> v0.37.1
publish	Check out the released tag	2026-10-07T08:11:44.3848449Z  * [new tag]           v0.37.2              -> v0.37.2
publish	Check out the released tag	2026-10-07T08:11:44.3849136Z  * [new tag]           v0.37.3              -> v0.37.3
publish	Check out the released tag	2026-10-07T08:11:44.3849789Z  * [new tag]           v0.38.0              -> v0.38.0
publish	Check out the released tag	2026-10-07T08:11:44.3850436Z  * [new tag]           v0.38.1              -> v0.38.1
publish	Check out the released tag	2026-10-07T08:11:44.3851072Z  * [new tag]           v0.38.10             -> v0.38.10
publish	Check out the released tag	2026-10-07T08:11:44.3851749Z  * [new tag]           v0.38.103            -> v0.38.103
publish	Check out the released tag	2026-10-07T08:11:44.3852408Z  * [new tag]           v0.38.104            -> v0.38.104
publish	Check out the released tag	2026-10-07T08:11:44.3853097Z  * [new tag]           v0.38.106            -> v0.38.106
publish	Check out the released tag	2026-10-07T08:11:44.3854323Z  * [new tag]           v0.38.107            -> v0.38.107
publish	Check out the released tag	2026-10-07T08:11:44.3854879Z  * [new tag]           v0.38.11             -> v0.38.11
publish	Check out the released tag	2026-10-07T08:11:44.3855286Z  * [new tag]           v0.38.113            -> v0.38.113
publish	Check out the released tag	2026-10-07T08:11:44.3855684Z  * [new tag]           v0.38.12             -> v0.38.12
publish	Check out the released tag	2026-10-07T08:11:44.3856077Z  * [new tag]           v0.38.13             -> v0.38.13
publish	Check out the released tag	2026-10-07T08:11:44.3856461Z  * [new tag]           v0.38.14             -> v0.38.14
publish	Check out the released tag	2026-10-07T08:11:44.3856852Z  * [new tag]           v0.38.15             -> v0.38.15
publish	Check out the released tag	2026-10-07T08:11:44.3857236Z  * [new tag]           v0.38.16             -> v0.38.16
publish	Check out the released tag	2026-10-07T08:11:44.3857623Z  * [new tag]           v0.38.17             -> v0.38.17
publish	Check out the released tag	2026-10-07T08:11:44.3858010Z  * [new tag]           v0.38.18             -> v0.38.18
publish	Check out the released tag	2026-10-07T08:11:44.3858390Z  * [new tag]           v0.38.19             -> v0.38.19
publish	Check out the released tag	2026-10-07T08:11:44.3858772Z  * [new tag]           v0.38.2              -> v0.38.2
publish	Check out the released tag	2026-10-07T08:11:44.3859173Z  * [new tag]           v0.38.20             -> v0.38.20
publish	Check out the released tag	2026-10-07T08:11:44.3859761Z  * [new tag]           v0.38.21             -> v0.38.21
publish	Check out the released tag	2026-10-07T08:11:44.3860137Z  * [new tag]           v0.38.22             -> v0.38.22
publish	Check out the released tag	2026-10-07T08:11:44.3860525Z  * [new tag]           v0.38.23             -> v0.38.23
publish	Check out the released tag	2026-10-07T08:11:44.3860912Z  * [new tag]           v0.38.24             -> v0.38.24
publish	Check out the released tag	2026-10-07T08:11:44.3861293Z  * [new tag]           v0.38.25             -> v0.38.25
publish	Check out the released tag	2026-10-07T08:11:44.3861669Z  * [new tag]           v0.38.26             -> v0.38.26
publish	Check out the released tag	2026-10-07T08:11:44.3862052Z  * [new tag]           v0.38.27             -> v0.38.27
publish	Check out the released tag	2026-10-07T08:11:44.3862670Z  * [new tag]           v0.38.28             -> v0.38.28
publish	Check out the released tag	2026-10-07T08:11:44.3863559Z  * [new tag]           v0.38.29             -> v0.38.29
publish	Check out the released tag	2026-10-07T08:11:44.3864301Z  * [new tag]           v0.38.3              -> v0.38.3
publish	Check out the released tag	2026-10-07T08:11:44.3865005Z  * [new tag]           v0.38.30             -> v0.38.30
publish	Check out the released tag	2026-10-07T08:11:44.3865432Z  * [new tag]           v0.38.31             -> v0.38.31
publish	Check out the released tag	2026-10-07T08:11:44.3865817Z  * [new tag]           v0.38.32             -> v0.38.32
publish	Check out the released tag	2026-10-07T08:11:44.3866195Z  * [new tag]           v0.38.33             -> v0.38.33
publish	Check out the released tag	2026-10-07T08:11:44.3866580Z  * [new tag]           v0.38.34             -> v0.38.34
publish	Check out the released tag	2026-10-07T08:11:44.3866978Z  * [new tag]           v0.38.35             -> v0.38.35
publish	Check out the released tag	2026-10-07T08:11:44.3867364Z  * [new tag]           v0.38.36             -> v0.38.36
publish	Check out the released tag	2026-10-07T08:11:44.3867741Z  * [new tag]           v0.38.37             -> v0.38.37
publish	Check out the released tag	2026-10-07T08:11:44.3868128Z  * [new tag]           v0.38.38             -> v0.38.38
publish	Check out the released tag	2026-10-07T08:11:44.3868516Z  * [new tag]           v0.38.39             -> v0.38.39
publish	Check out the released tag	2026-10-07T08:11:44.3868894Z  * [new tag]           v0.38.4              -> v0.38.4
publish	Check out the released tag	2026-10-07T08:11:44.3869271Z  * [new tag]           v0.38.40             -> v0.38.40
publish	Check out the released tag	2026-10-07T08:11:44.3869642Z  * [new tag]           v0.38.41             -> v0.38.41
publish	Check out the released tag	2026-10-07T08:11:44.3870209Z  * [new tag]           v0.38.42             -> v0.38.42
publish	Check out the released tag	2026-10-07T08:11:44.3870584Z  * [new tag]           v0.38.43             -> v0.38.43
publish	Check out the released tag	2026-10-07T08:11:44.3870961Z  * [new tag]           v0.38.44             -> v0.38.44
publish	Check out the released tag	2026-10-07T08:11:44.3871336Z  * [new tag]           v0.38.45             -> v0.38.45
publish	Check out the released tag	2026-10-07T08:11:44.3871711Z  * [new tag]           v0.38.46             -> v0.38.46
publish	Check out the released tag	2026-10-07T08:11:44.3872086Z  * [new tag]           v0.38.47             -> v0.38.47
publish	Check out the released tag	2026-10-07T08:11:44.3872460Z  * [new tag]           v0.38.48             -> v0.38.48
publish	Check out the released tag	2026-10-07T08:11:44.3872821Z  * [new tag]           v0.38.49             -> v0.38.49
publish	Check out the released tag	2026-10-07T08:11:44.3873190Z  * [new tag]           v0.38.5              -> v0.38.5
publish	Check out the released tag	2026-10-07T08:11:44.3873902Z  * [new tag]           v0.38.50             -> v0.38.50
publish	Check out the released tag	2026-10-07T08:11:44.3874291Z  * [new tag]           v0.38.51             -> v0.38.51
publish	Check out the released tag	2026-10-07T08:11:44.3874670Z  * [new tag]           v0.38.52             -> v0.38.52
publish	Check out the released tag	2026-10-07T08:11:44.3875047Z  * [new tag]           v0.38.53             -> v0.38.53
publish	Check out the released tag	2026-10-07T08:11:44.3875425Z  * [new tag]           v0.38.54             -> v0.38.54
publish	Check out the released tag	2026-10-07T08:11:44.3875809Z  * [new tag]           v0.38.55             -> v0.38.55
publish	Check out the released tag	2026-10-07T08:11:44.3876177Z  * [new tag]           v0.38.56             -> v0.38.56
publish	Check out the released tag	2026-10-07T08:11:44.3876542Z  * [new tag]           v0.38.57             -> v0.38.57
publish	Check out the released tag	2026-10-07T08:11:44.3876911Z  * [new tag]           v0.38.58             -> v0.38.58
publish	Check out the released tag	2026-10-07T08:11:44.3877279Z  * [new tag]           v0.38.59             -> v0.38.59
publish	Check out the released tag	2026-10-07T08:11:44.3877663Z  * [new tag]           v0.38.6              -> v0.38.6
publish	Check out the released tag	2026-10-07T08:11:44.3878039Z  * [new tag]           v0.38.60             -> v0.38.60
publish	Check out the released tag	2026-10-07T08:11:44.3878410Z  * [new tag]           v0.38.61             -> v0.38.61
publish	Check out the released tag	2026-10-07T08:11:44.3878780Z  * [new tag]           v0.38.62             -> v0.38.62
publish	Check out the released tag	2026-10-07T08:11:44.3879153Z  * [new tag]           v0.38.66             -> v0.38.66
publish	Check out the released tag	2026-10-07T08:11:44.3879527Z  * [new tag]           v0.38.67             -> v0.38.67
publish	Check out the released tag	2026-10-07T08:11:44.3880073Z  * [new tag]           v0.38.68             -> v0.38.68
publish	Check out the released tag	2026-10-07T08:11:44.3880638Z  * [new tag]           v0.38.69             -> v0.38.69
publish	Check out the released tag	2026-10-07T08:11:44.3881025Z  * [new tag]           v0.38.7              -> v0.38.7
publish	Check out the released tag	2026-10-07T08:11:44.3881396Z  * [new tag]           v0.38.70             -> v0.38.70
publish	Check out the released tag	2026-10-07T08:11:44.3881769Z  * [new tag]           v0.38.71             -> v0.38.71
publish	Check out the released tag	2026-10-07T08:11:44.3882133Z  * [new tag]           v0.38.8              -> v0.38.8
publish	Check out the released tag	2026-10-07T08:11:44.3882501Z  * [new tag]           v0.38.9              -> v0.38.9
publish	Check out the released tag	2026-10-07T08:11:44.3882882Z  * [new tag]           v0.38.91             -> v0.38.91
publish	Check out the released tag	2026-10-07T08:11:44.3883600Z  * [new tag]           v0.38.92             -> v0.38.92
publish	Check out the released tag	2026-10-07T08:11:44.3884003Z  * [new tag]           v0.38.93             -> v0.38.93
publish	Check out the released tag	2026-10-07T08:11:44.3884373Z  * [new tag]           v0.38.95             -> v0.38.95
publish	Check out the released tag	2026-10-07T08:11:44.3884789Z  * [new tag]           v0.38.96             -> v0.38.96
publish	Check out the released tag	2026-10-07T08:11:44.3885171Z  * [new tag]           v0.38.97             -> v0.38.97
publish	Check out the released tag	2026-10-07T08:11:44.3885543Z  * [new tag]           v0.38.98             -> v0.38.98
publish	Check out the released tag	2026-10-07T08:11:44.3885914Z  * [new tag]           v0.39.10             -> v0.39.10
publish	Check out the released tag	2026-10-07T08:11:44.3886284Z  * [new tag]           v0.39.11             -> v0.39.11
publish	Check out the released tag	2026-10-07T08:11:44.3886654Z  * [new tag]           v0.39.12             -> v0.39.12
publish	Check out the released tag	2026-10-07T08:11:44.3887036Z  * [new tag]           v0.39.13             -> v0.39.13
publish	Check out the released tag	2026-10-07T08:11:44.3887406Z  * [new tag]           v0.39.14             -> v0.39.14
publish	Check out the released tag	2026-10-07T08:11:44.3887779Z  * [new tag]           v0.39.15             -> v0.39.15
publish	Check out the released tag	2026-10-07T08:11:44.3888154Z  * [new tag]           v0.39.4              -> v0.39.4
publish	Check out the released tag	2026-10-07T08:11:44.3888527Z  * [new tag]           v0.39.8              -> v0.39.8
publish	Check out the released tag	2026-10-07T08:11:44.3888895Z  * [new tag]           v0.39.9              -> v0.39.9
publish	Check out the released tag	2026-10-07T08:11:44.3890494Z ##[endgroup]
publish	Check out the released tag	2026-10-07T08:11:44.3890950Z ##[group]Determining the checkout info
publish	Check out the released tag	2026-10-07T08:11:44.3891433Z ##[endgroup]
publish	Check out the released tag	2026-10-07T08:11:44.3891729Z [command]/usr/bin/git sparse-checkout disable
publish	Check out the released tag	2026-10-07T08:11:44.3892543Z [command]/usr/bin/git config --local --unset-all extensions.worktreeConfig
publish	Check out the released tag	2026-10-07T08:11:44.3893859Z ##[group]Checking out the ref
publish	Check out the released tag	2026-10-07T08:11:44.3894293Z [command]/usr/bin/git checkout --progress --force refs/tags/v0.39.15
publish	Check out the released tag	2026-10-07T08:11:44.5889023Z Note: switching to 'refs/tags/v0.39.15'.
publish	Check out the released tag	2026-10-07T08:11:44.5889645Z 
publish	Check out the released tag	2026-10-07T08:11:44.5890592Z You are in 'detached HEAD' state. You can look around, make experimental
publish	Check out the released tag	2026-10-07T08:11:44.5891383Z changes and commit them, and you can discard any commits you make in this
publish	Check out the released tag	2026-10-07T08:11:44.5892117Z state without impacting any branches by switching back to a branch.
publish	Check out the released tag	2026-10-07T08:11:44.5892526Z 
publish	Check out the released tag	2026-10-07T08:11:44.5892839Z If you want to create a new branch to retain commits you create, you may
publish	Check out the released tag	2026-10-07T08:11:44.5893951Z do so (now or later) by using -c with the switch command. Example:
publish	Check out the released tag	2026-10-07T08:11:44.5894588Z 
publish	Check out the released tag	2026-10-07T08:11:44.5894871Z   git switch -c <new-branch-name>
publish	Check out the released tag	2026-10-07T08:11:44.5895283Z 
publish	Check out the released tag	2026-10-07T08:11:44.5895456Z Or undo this operation with:
publish	Check out the released tag	2026-10-07T08:11:44.5895703Z 
publish	Check out the released tag	2026-10-07T08:11:44.5895885Z   git switch -
publish	Check out the released tag	2026-10-07T08:11:44.5896076Z 
publish	Check out the released tag	2026-10-07T08:11:44.5896406Z Turn off this advice by setting config variable advice.detachedHead to false
publish	Check out the released tag	2026-10-07T08:11:44.5896861Z 
publish	Check out the released tag	2026-10-07T08:11:44.5897783Z HEAD is now at 1b7e1cfd 8 file(s) in audit,docs DELTA:+9572/-7 | EXT:md,json,log NEW:release-0.39.14/glla-release-0.39.14-check.log,release-0.39.14/glla-release-0.39.14-hosted-failed.log TAG:v0.39.14
publish	Check out the released tag	2026-10-07T08:11:44.5922464Z ##[endgroup]
publish	Check out the released tag	2026-10-07T08:11:44.5978695Z [command]/usr/bin/git log -1 --format=%H
publish	Check out the released tag	2026-10-07T08:11:44.6007281Z 1b7e1cfdd0d71f2b11df4a399abbba710f490547
publish	Set up Node.js	﻿2026-10-07T08:11:44.6277539Z ##[group]Run actions/setup-node@v4
publish	Set up Node.js	2026-10-07T08:11:44.6277906Z with:
publish	Set up Node.js	2026-10-07T08:11:44.6278174Z   node-version: 22.19.0
publish	Set up Node.js	2026-10-07T08:11:44.6278481Z   registry-url: https://registry.npmjs.org
publish	Set up Node.js	2026-10-07T08:11:44.6278814Z   cache: npm
publish	Set up Node.js	2026-10-07T08:11:44.6279058Z   always-auth: false
publish	Set up Node.js	2026-10-07T08:11:44.6279319Z   check-latest: false
publish	Set up Node.js	2026-10-07T08:11:44.6282051Z   token: ***
publish	Set up Node.js	2026-10-07T08:11:44.6282308Z ##[endgroup]
publish	Set up Node.js	2026-10-07T08:11:44.7714257Z Attempting to download 22.19.0...
publish	Set up Node.js	2026-10-07T08:11:44.7835085Z (node:2298) [DEP0040] DeprecationWarning: The `punycode` module is deprecated. Please use a userland alternative instead.
publish	Set up Node.js	2026-10-07T08:11:44.7844772Z (Use `node --trace-deprecation ...` to show where the warning was created)
publish	Set up Node.js	2026-10-07T08:11:45.5119387Z Acquiring 22.19.0 - x64 from https://github.com/actions/node-versions/releases/download/22.19.0-17311483029/node-22.19.0-linux-x64.tar.gz
publish	Set up Node.js	2026-10-07T08:11:46.0536788Z Extracting ...
publish	Set up Node.js	2026-10-07T08:11:46.0676213Z [command]/usr/bin/tar xz --strip 1 --warning=no-unknown-keyword --overwrite -C /home/runner/work/_temp/fbebc95b-af85-40ab-a3a3-9b80270ebc3d -f /home/runner/work/_temp/3f4ed9df-3edc-430e-a97c-1836598a374d
publish	Set up Node.js	2026-10-07T08:11:47.2310890Z Adding to the cache ...
publish	Set up Node.js	2026-10-07T08:11:49.2457425Z ##[group]Environment details
publish	Set up Node.js	2026-10-07T08:11:49.4752883Z node: v22.19.0
publish	Set up Node.js	2026-10-07T08:11:49.4753676Z npm: 10.9.3
publish	Set up Node.js	2026-10-07T08:11:49.4754061Z yarn: 1.22.22
publish	Set up Node.js	2026-10-07T08:11:49.4754949Z ##[endgroup]
publish	Set up Node.js	2026-10-07T08:11:49.4779613Z [command]/opt/hostedtoolcache/node/22.19.0/x64/bin/npm config get cache
publish	Set up Node.js	2026-10-07T08:11:49.5750126Z /home/runner/.npm
publish	Set up Node.js	2026-10-07T08:11:49.7195543Z Cache hit for: node-cache-Linux-x64-npm-e298ad4452bd76985054f651e11d30376ea19b7ddff762dc55a267d9725cadc9
publish	Set up Node.js	2026-10-07T08:11:49.7351297Z (node:2298) [DEP0169] DeprecationWarning: `url.parse()` behavior is not standardized and prone to errors that have security implications. Use the WHATWG URL API instead. CVEs are not issued for `url.parse()` vulnerabilities.
publish	Set up Node.js	2026-10-07T08:11:50.7139688Z Received 66351552 of 66351552 (100.0%), 73.9 MBs/sec
publish	Set up Node.js	2026-10-07T08:11:50.7141034Z Cache Size: ~63 MB (66351552 B)
publish	Set up Node.js	2026-10-07T08:11:50.7262714Z [command]/usr/bin/tar -xf /home/runner/work/_temp/64c6122c-657c-43e4-a6fe-6ede68eaf14b/cache.tzst -P -C /home/runner/work/pi-goal-list-loop-audit/pi-goal-list-loop-audit --use-compress-program unzstd
publish	Set up Node.js	2026-10-07T08:11:50.9712178Z Cache restored successfully
publish	Set up Node.js	2026-10-07T08:11:50.9751447Z Cache restored from key: node-cache-Linux-x64-npm-e298ad4452bd76985054f651e11d30376ea19b7ddff762dc55a267d9725cadc9
publish	Install the test runner	﻿2026-10-07T08:11:50.9975471Z ##[group]Run oven-sh/setup-bun@v2
publish	Install the test runner	2026-10-07T08:11:50.9975787Z with:
publish	Install the test runner	2026-10-07T08:11:50.9975987Z   bun-version: 1.3.14
publish	Install the test runner	2026-10-07T08:11:50.9976220Z   no-cache: false
publish	Install the test runner	2026-10-07T08:11:50.9978870Z   token: ***
publish	Install the test runner	2026-10-07T08:11:50.9979067Z env:
publish	Install the test runner	2026-10-07T08:11:50.9979323Z   NPM_CONFIG_USERCONFIG: /home/runner/work/_temp/.npmrc
publish	Install the test runner	2026-10-07T08:11:50.9979672Z   NODE_AUTH_TOKEN: XXXXX-XXXXX-XXXXX-XXXXX
publish	Install the test runner	2026-10-07T08:11:50.9979953Z ##[endgroup]
publish	Install the test runner	2026-10-07T08:11:51.3435262Z Cache hit for: bun-fR4r1tsFeXfPQkusQwkKD2kGnsE=
publish	Install the test runner	2026-10-07T08:11:52.1526918Z Received 33843768 of 33843768 (100.0%), 48.3 MBs/sec
publish	Install the test runner	2026-10-07T08:11:52.1527906Z Cache Size: ~32 MB (33843768 B)
publish	Install the test runner	2026-10-07T08:11:52.1634304Z [command]/usr/bin/tar -xf /home/runner/work/_temp/45489901-1bce-4d77-a135-854e1539027b/cache.tzst -P -C /home/runner/work/pi-goal-list-loop-audit/pi-goal-list-loop-audit --use-compress-program unzstd
publish	Install the test runner	2026-10-07T08:11:52.3173666Z Cache restored successfully
publish	Install the test runner	2026-10-07T08:11:52.3196080Z [command]/home/runner/.bun/bin/bun --revision
publish	Install the test runner	2026-10-07T08:11:52.3250541Z 1.3.14+0d9b296af
publish	Install the test runner	2026-10-07T08:11:52.3251372Z Using a cached version of Bun: 1.3.14+0d9b296af
publish	Use the pinned trusted-publishing npm	﻿2026-10-07T08:11:52.3398776Z ##[group]Run npm install --global npm@11.12.1
publish	Use the pinned trusted-publishing npm	2026-10-07T08:11:52.3399212Z ^[[36;1mnpm install --global npm@11.12.1^[[0m
publish	Use the pinned trusted-publishing npm	2026-10-07T08:11:52.3680259Z shell: /usr/bin/bash -e {0}
publish	Use the pinned trusted-publishing npm	2026-10-07T08:11:52.3680626Z env:
publish	Use the pinned trusted-publishing npm	2026-10-07T08:11:52.3680951Z   NPM_CONFIG_USERCONFIG: /home/runner/work/_temp/.npmrc
publish	Use the pinned trusted-publishing npm	2026-10-07T08:11:52.3681394Z   NODE_AUTH_TOKEN: XXXXX-XXXXX-XXXXX-XXXXX
publish	Use the pinned trusted-publishing npm	2026-10-07T08:11:52.3681779Z ##[endgroup]
publish	Use the pinned trusted-publishing npm	2026-10-07T08:11:55.9975621Z 
publish	Use the pinned trusted-publishing npm	2026-10-07T08:11:55.9976960Z removed 73 packages, and changed 104 packages in 4s
publish	Use the pinned trusted-publishing npm	2026-10-07T08:11:55.9977989Z 
publish	Use the pinned trusted-publishing npm	2026-10-07T08:11:55.9978829Z 15 packages are looking for funding
publish	Use the pinned trusted-publishing npm	2026-10-07T08:11:55.9979820Z   run `npm fund` for details
publish	Verify the tag matches package.json	﻿2026-10-07T08:11:56.0537306Z ##[group]Run node --input-type=module - <<'NODE'
publish	Verify the tag matches package.json	2026-10-07T08:11:56.0537776Z ^[[36;1mnode --input-type=module - <<'NODE'^[[0m
publish	Verify the tag matches package.json	2026-10-07T08:11:56.0538101Z ^[[36;1mimport fs from "node:fs";^[[0m
publish	Verify the tag matches package.json	2026-10-07T08:11:56.0538532Z ^[[36;1mconst version = JSON.parse(fs.readFileSync("package.json", "utf8")).version;^[[0m
publish	Verify the tag matches package.json	2026-10-07T08:11:56.0538986Z ^[[36;1mconst expected = `v${version}`;^[[0m
publish	Verify the tag matches package.json	2026-10-07T08:11:56.0539333Z ^[[36;1mif (process.env.RELEASE_TAG !== expected) {^[[0m
publish	Verify the tag matches package.json	2026-10-07T08:11:56.0539878Z ^[[36;1m  throw new Error(`release tag ${process.env.RELEASE_TAG} does not match package.json ${expected}`);^[[0m
publish	Verify the tag matches package.json	2026-10-07T08:11:56.0540367Z ^[[36;1m}^[[0m
publish	Verify the tag matches package.json	2026-10-07T08:11:56.0540591Z ^[[36;1mNODE^[[0m
publish	Verify the tag matches package.json	2026-10-07T08:11:56.0605389Z shell: /usr/bin/bash -e {0}
publish	Verify the tag matches package.json	2026-10-07T08:11:56.0605673Z env:
publish	Verify the tag matches package.json	2026-10-07T08:11:56.0605949Z   NPM_CONFIG_USERCONFIG: /home/runner/work/_temp/.npmrc
publish	Verify the tag matches package.json	2026-10-07T08:11:56.0606323Z   NODE_AUTH_TOKEN: XXXXX-XXXXX-XXXXX-XXXXX
publish	Verify the tag matches package.json	2026-10-07T08:11:56.0606624Z   RELEASE_TAG: v0.39.15
publish	Verify the tag matches package.json	2026-10-07T08:11:56.0606857Z ##[endgroup]
publish	Install project dependencies	﻿2026-10-07T08:11:56.1006275Z ##[group]Run npm ci
publish	Install project dependencies	2026-10-07T08:11:56.1006571Z ^[[36;1mnpm ci^[[0m
publish	Install project dependencies	2026-10-07T08:11:56.1071156Z shell: /usr/bin/bash -e {0}
publish	Install project dependencies	2026-10-07T08:11:56.1071448Z env:
publish	Install project dependencies	2026-10-07T08:11:56.1071721Z   NPM_CONFIG_USERCONFIG: /home/runner/work/_temp/.npmrc
publish	Install project dependencies	2026-10-07T08:11:56.1072109Z   NODE_AUTH_TOKEN: XXXXX-XXXXX-XXXXX-XXXXX
publish	Install project dependencies	2026-10-07T08:11:56.1072422Z ##[endgroup]
publish	Install project dependencies	2026-10-07T08:11:56.4055734Z npm warn Unknown user config "always-auth". This will stop working in the next major version of npm. See `npm help npmrc` for supported config options.
publish	Install project dependencies	2026-10-07T08:12:00.3087480Z npm warn deprecated node-domexception@1.0.0: Use your platform's native DOMException instead
publish	Install project dependencies	2026-10-07T08:12:00.3144168Z npm warn deprecated node-domexception@1.0.0: Use your platform's native DOMException instead
publish	Install project dependencies	2026-10-07T08:12:08.0782480Z 
publish	Install project dependencies	2026-10-07T08:12:08.0783631Z added 253 packages, and audited 254 packages in 12s
publish	Install project dependencies	2026-10-07T08:12:08.0784196Z 
publish	Install project dependencies	2026-10-07T08:12:08.0784849Z 12 packages are looking for funding
publish	Install project dependencies	2026-10-07T08:12:08.0785738Z   run `npm fund` for details
publish	Install project dependencies	2026-10-07T08:12:08.0811597Z 
publish	Install project dependencies	2026-10-07T08:12:08.0811909Z 1 high severity vulnerability
publish	Install project dependencies	2026-10-07T08:12:08.0812195Z 
publish	Install project dependencies	2026-10-07T08:12:08.0812352Z To address all issues, run:
publish	Install project dependencies	2026-10-07T08:12:08.0812877Z   npm audit fix
publish	Install project dependencies	2026-10-07T08:12:08.0813171Z 
publish	Install project dependencies	2026-10-07T08:12:08.0813676Z Run `npm audit` for details.
publish	Test and inspect the package	﻿2026-10-07T08:12:08.1498505Z ##[group]Run npm run release:check
publish	Test and inspect the package	2026-10-07T08:12:08.1499079Z ^[[36;1mnpm run release:check^[[0m
publish	Test and inspect the package	2026-10-07T08:12:08.1595377Z shell: /usr/bin/bash -e {0}
publish	Test and inspect the package	2026-10-07T08:12:08.1595749Z env:
publish	Test and inspect the package	2026-10-07T08:12:08.1596043Z   NPM_CONFIG_USERCONFIG: /home/runner/work/_temp/.npmrc
publish	Test and inspect the package	2026-10-07T08:12:08.1596411Z   NODE_AUTH_TOKEN: XXXXX-XXXXX-XXXXX-XXXXX
publish	Test and inspect the package	2026-10-07T08:12:08.1596724Z ##[endgroup]
publish	Test and inspect the package	2026-10-07T08:12:08.2490741Z npm warn Unknown user config "always-auth". This will stop working in the next major version of npm. See `npm help npmrc` for supported config options.
publish	Test and inspect the package	2026-10-07T08:12:08.2639928Z 
publish	Test and inspect the package	2026-10-07T08:12:08.3546628Z npm warn Unknown user config "always-auth". This will stop working in the next major version of npm. See `npm help npmrc` for supported config options.
publish	Test and inspect the package	2026-10-07T08:12:08.3548485Z > pi-goal-list-loop-audit@0.39.15 release:check
publish	Test and inspect the package	2026-10-07T08:12:08.3549816Z > npm run test:all && npm run check:inventory && npm pack --dry-run && node scripts/release-pack-smoke.mjs
publish	Test and inspect the package	2026-10-07T08:12:08.3550608Z 
publish	Test and inspect the package	2026-10-07T08:12:08.3696287Z 
publish	Test and inspect the package	2026-10-07T08:12:08.3697131Z > pi-goal-list-loop-audit@0.39.15 test:all
publish	Test and inspect the package	2026-10-07T08:12:08.3698726Z > node scripts/run-tests.mjs --all && tsc --noEmit && node tests/repro-jiti-state-split.test.mjs && npm run test:auditor-extensions
publish	Test and inspect the package	2026-10-07T08:12:08.3699714Z 
publish	Test and inspect the package	2026-10-07T08:12:08.4056793Z [run-tests] mode=all slow_files=12 stall_timeout=180s heartbeat=30s
publish	Test and inspect the package	2026-10-07T08:12:08.4185197Z bun test v1.3.14 (0d9b296a) 1x PARALLEL
publish	Test and inspect the package	2026-10-07T08:12:08.4260820Z 
publish	Test and inspect the package	2026-10-07T08:12:08.4261947Z ##[group]tests/reviewer-source-curation.test.ts:
publish	Test and inspect the package	2026-10-07T08:12:09.0459916Z (pass) stripCodeSpans removes fenced blocks and inline spans [0.45ms]
publish	Test and inspect the package	2026-10-07T08:12:09.0461827Z (pass) the 4 junk lines from the 0.26.3 misfire extract NOTHING through the curated pipeline [0.79ms]
publish	Test and inspect the package	2026-10-07T08:12:09.0463173Z (pass) brace-led and quote-led lines are code-ish, never findings [0.22ms]
publish	Test and inspect the package	2026-10-07T08:12:09.0496239Z (pass) fireReviewer only mines disapproved/error audit reports, never approved ones [3.91ms]
publish	Test and inspect the package	2026-10-07T08:12:09.0499200Z (pass) v0.35.72: postaudit proposal counts only when safeSteerUser delivers [0.34ms]
publish	Test and inspect the package	2026-10-07T08:12:09.0501892Z (pass) automatic postaudit excludes archived objective/contract metadata; manual review retains it [0.19ms]
publish	Test and inspect the package	2026-10-07T08:12:09.0524888Z (pass) a DISAPPROVED report's required-fixes extract as findings; an APPROVED meta-report is inert [2.34ms]
publish	Test and inspect the package	2026-10-07T08:12:09.0528008Z (pass) superseded-disapproval curation: a disapproval answered by a later approval is NOT re-mined [0.34ms]
publish	Test and inspect the package	2026-10-07T08:12:09.0531188Z (pass) real prose findings still classify after curation [0.22ms]
publish	Test and inspect the package	2026-10-07T08:12:09.0532104Z 
publish	Test and inspect the package	2026-10-07T08:12:09.0533084Z ##[endgroup]
publish	Test and inspect the package	2026-10-07T08:12:09.0535898Z 
publish	Test and inspect the package	2026-10-07T08:12:09.0536815Z ##[group]tests/revision-counter.test.ts:
publish	Test and inspect the package	2026-10-07T08:12:09.3004874Z (pass) bumpGoalRevision increments revision by exactly 1 [0.33ms]
publish	Test and inspect the package	2026-10-07T08:12:09.3024792Z (pass) bumpGoalRevision treats undefined revision as 0 [0.06ms]
publish	Test and inspect the package	2026-10-07T08:12:09.3026271Z (pass) captureGoalRevision returns null for null goal [0.11ms]
publish	Test and inspect the package	2026-10-07T08:12:09.3027664Z (pass) captureGoalRevision tokens match by value, not identity [0.14ms]
publish	Test and inspect the package	2026-10-07T08:12:09.3028994Z (pass) isGoalRevisionCurrent: matches when revision is unchanged [0.09ms]
publish	Test and inspect the package	2026-10-07T08:12:09.3030283Z (pass) isGoalRevisionCurrent: refuses when revision bumped [0.08ms]
publish	Test and inspect the package	2026-10-07T08:12:09.3031902Z (pass) isGoalRevisionCurrent: refuses when goal replaced [0.06ms]
publish	Test and inspect the package	2026-10-07T08:12:09.3033223Z (pass) isGoalRevisionCurrent: refuses when current goal is null [0.06ms]
publish	Test and inspect the package	2026-10-07T08:12:09.3034790Z (pass) isGoalRevisionCurrent: null token passes through (legacy compat) [0.07ms]
publish	Test and inspect the package	2026-10-07T08:12:09.3036318Z (pass) end-to-end: capture → mutate → refuse [0.31ms]
publish	Test and inspect the package	2026-10-07T08:12:09.3037468Z (pass) GoalRevisionToken shape carries only goalId+revision [0.08ms]
publish	Test and inspect the package	2026-10-07T08:12:09.3038315Z 
publish	Test and inspect the package	2026-10-07T08:12:09.3039605Z ##[endgroup]
publish	Test and inspect the package	2026-10-07T08:12:09.3039844Z 
publish	Test and inspect the package	2026-10-07T08:12:09.3040503Z ##[group]tests/compactor-worker-lifecycle.test.ts:
publish	Test and inspect the package	2026-10-07T08:12:09.6613947Z (pass) compactor cleans its Pi tree on SIGTERM, including inherited pipes and TERM-ignoring children [102.79ms]
publish	Test and inspect the package	2026-10-07T08:12:12.7099057Z (pass) compactor cleans its Pi tree on timeout, including inherited pipes and TERM-ignoring children [3048.46ms]
publish	Test and inspect the package	2026-10-07T08:12:13.1801853Z (pass) compactor cleans its Pi tree on normal, including inherited pipes and TERM-ignoring children [470.27ms]
publish	Test and inspect the package	2026-10-07T08:12:13.6491704Z (pass) compactor cleans its Pi tree on result-write-failure, including inherited pipes and TERM-ignoring children [468.90ms]
publish	Test and inspect the package	2026-10-07T08:12:13.6493062Z 
publish	Test and inspect the package	2026-10-07T08:12:13.6494022Z ##[endgroup]
publish	Test and inspect the package	2026-10-07T08:12:13.6513247Z 
publish	Test and inspect the package	2026-10-07T08:12:13.6515122Z ##[group]tests/terminal-approval-render.test.ts:
publish	Test and inspect the package	2026-10-07T08:12:13.9270428Z (pass) skipped challenges are disclosed in chat, transcript, and archive evidence [17.43ms]
publish	Test and inspect the package	2026-10-07T08:12:13.9281221Z (pass) canonical render folds a lone approval with the verdict count, model-free [1.20ms]
publish	Test and inspect the package	2026-10-07T08:12:13.9295699Z (pass) standalone audit bullet survives only with news [1.36ms]
publish	Test and inspect the package	2026-10-07T08:12:13.9300447Z (pass) counts line proofs the audit verdict from durable state only [0.57ms]
publish	Test and inspect the package	2026-10-07T08:12:13.9303025Z (pass) buildApprovalChatLines stays backward compatible without counts [0.24ms]
publish	Test and inspect the package	2026-10-07T08:12:13.9321180Z (pass) v0.38.37 posted summary carries verifiable-result bullets plus the deliberate non-do [1.80ms]
publish	Test and inspect the package	2026-10-07T08:12:13.9379244Z (pass) idle-persisted render replays once on the next live contact [5.66ms]
publish	Test and inspect the package	2026-10-07T08:12:13.9404502Z (pass) render with confirmed delivery never replays [2.57ms]
publish	Test and inspect the package	2026-10-07T08:12:13.9409511Z (pass) corrupt store degrades to zero replays, never throws [0.54ms]
publish	Test and inspect the package	2026-10-07T08:12:13.9420501Z (pass) v0.38.39 chat brief strips machine paths but the archive keeps them [1.13ms]
publish	Test and inspect the package	2026-10-07T08:12:13.9421990Z (pass) v0.38.39 clause cut respects +-joined lists [0.18ms]
publish	Test and inspect the package	2026-10-07T08:12:13.9474943Z (pass) second approval for the same goal after delivery queues a fresh render [5.19ms]
publish	Test and inspect the package	2026-10-07T08:12:13.9479938Z (pass) error-only audit history renders an honest archive banner with no review row [0.51ms]
publish	Test and inspect the package	2026-10-07T08:12:13.9531957Z (pass) unreadable outbox refuses enqueue without replacing an earlier pending render [5.21ms]
publish	Test and inspect the package	2026-10-07T08:12:13.9621074Z (pass) malformed and partially invalid stores preserve bytes and refuse mutations [8.84ms]
publish	Test and inspect the package	2026-10-07T08:12:13.9671640Z (pass) delivery callback enqueue survives acknowledgement and replays on next contact [4.98ms]
publish	Test and inspect the package	2026-10-07T08:12:13.9720551Z (pass) nested replay neither repeats the in-flight render nor restores acknowledged entries [4.89ms]
publish	Test and inspect the package	2026-10-07T08:12:13.9862076Z (pass) refusal rotation preserves callback enqueues and makes them reachable next contact [14.09ms]
publish	Test and inspect the package	2026-10-07T08:12:13.9862765Z 
publish	Test and inspect the package	2026-10-07T08:12:13.9863706Z ##[endgroup]
publish	Test and inspect the package	2026-10-07T08:12:13.9865598Z 
publish	Test and inspect the package	2026-10-07T08:12:13.9866014Z ##[group]tests/goal-timeline.test.ts:
publish	Test and inspect the package	2026-10-07T08:12:14.2374609Z (pass) timeline: routes as a goal subcommand with optional count [0.48ms]
publish	Test and inspect the package	2026-10-07T08:12:14.2378056Z (pass) timeline: merges ledger events and verdicts in time order, humanized [1.84ms]
publish	Test and inspect the package	2026-10-07T08:12:14.2379954Z (pass) timeline: unknown types render compactly, noise and foreign goals excluded [0.38ms]
publish	Test and inspect the package	2026-10-07T08:12:14.2381370Z (pass) timeline: honors the limit with a truncation note [0.22ms]
publish	Test and inspect the package	2026-10-07T08:12:14.2382829Z (pass) timeline: next action derives from live state [0.52ms]
publish	Test and inspect the package	2026-10-07T08:12:14.4026104Z (pass) timeline: /goal timeline renders the live goal end to end [165.96ms]
publish	Test and inspect the package	2026-10-07T08:12:14.4026904Z 
publish	Test and inspect the package	2026-10-07T08:12:14.4027576Z ##[endgroup]
publish	Test and inspect the package	2026-10-07T08:12:14.4028161Z 
publish	Test and inspect the package	2026-10-07T08:12:14.4028803Z ##[group]tests/list-invisible-restart.test.ts:
publish	Test and inspect the package	2026-10-07T08:12:14.8657239Z (pass) v0.35.21: session_start converges a disk-sidecar queue the state ledger lost, and the widget renders it [210.99ms]
publish	Test and inspect the package	2026-10-07T08:12:15.0385172Z (pass) v0.35.61: a waiting-only queue is visible and startable without a reload [171.77ms]
publish	Test and inspect the package	2026-10-07T08:12:15.2200717Z (pass) v0.35.61: silent host replacement rehydrates a sidecar-only waiting queue before repaint [180.60ms]
publish	Test and inspect the package	2026-10-07T08:12:15.3846133Z (pass) v0.35.72: a newer known sidecar reconciles the in-memory queue item [166.81ms]
publish	Test and inspect the package	2026-10-07T08:12:15.5576275Z (pass) v0.35.72: activation refuses when the durable sidecar cannot be removed [171.64ms]
publish	Test and inspect the package	2026-10-07T08:12:15.7204210Z (pass) v0.35.21: convergence is idempotent — an item present in BOTH state and sidecar is not duplicated [164.34ms]
publish	Test and inspect the package	2026-10-07T08:12:15.7264777Z 
publish	Test and inspect the package	2026-10-07T08:12:15.7265598Z ##[endgroup]
publish	Test and inspect the package	2026-10-07T08:12:15.7265854Z 
publish	Test and inspect the package	2026-10-07T08:12:15.7266344Z ##[group]tests/no-provider-smoke.test.mjs:
publish	Test and inspect the package	2026-10-07T08:12:16.6638060Z (pass) GLLA loads without the optional pi-subagents provider [678.33ms]
publish	Test and inspect the package	2026-10-07T08:12:16.6638634Z 
publish	Test and inspect the package	2026-10-07T08:12:16.6639504Z ##[endgroup]
publish	Test and inspect the package	2026-10-07T08:12:16.6640938Z 
publish	Test and inspect the package	2026-10-07T08:12:16.6641557Z ##[group]tests/context-overflow-recovery.test.ts:
publish	Test and inspect the package	2026-10-07T08:12:16.9379416Z (pass) v0.34.116: classifyMainModelFailure accepts an isContextOverflow override [6.18ms]
publish	Test and inspect the package	2026-10-07T08:12:16.9381800Z (pass) v0.34.116: context-overflow override routes to a context-overflow kind, not non-recoverable [0.27ms]
publish	Test and inspect the package	2026-10-07T08:12:16.9383858Z (pass) v0.34.116: helper isContextOverflowError covers the same surface as the legacy non-recoverable regex [0.17ms]
publish	Test and inspect the package	2026-10-07T08:12:16.9385511Z (pass) v0.34.116: recoverFromContextOverflow is exported and routes through tryMainModelFallback [0.20ms]
publish	Test and inspect the package	2026-10-07T08:12:16.9387031Z (pass) v0.34.116: observeCompactFailure is the one-liner surface (notify + ledger) [0.26ms]
publish	Test and inspect the package	2026-10-07T08:12:16.9389179Z (pass) v0.34.116: tryMainModelFallback opens context-overflow (it is the only rotation kind beyond provider failures) [0.21ms]
publish	Test and inspect the package	2026-10-07T08:12:16.9398296Z (pass) v0.34.116: agent_end context-starved branch detects recent compaction and walks the chain [0.89ms]
publish	Test and inspect the package	2026-10-07T08:12:16.9399054Z 
publish	Test and inspect the package	2026-10-07T08:12:16.9399953Z ##[endgroup]
publish	Test and inspect the package	2026-10-07T08:12:16.9403219Z 
publish	Test and inspect the package	2026-10-07T08:12:16.9404177Z ##[group]tests/completion-communication.test.ts:
publish	Test and inspect the package	2026-10-07T08:12:18.3379137Z (pass) pending is nonterminal; approval delivers durable concrete summary (idle=true) [1133.45ms]
publish	Test and inspect the package	2026-10-07T08:12:19.4204061Z (pass) pending is nonterminal; approval delivers durable concrete summary (idle=false) [1082.47ms]
publish	Test and inspect the package	2026-10-07T08:12:20.5280710Z (pass) complete_goal leftOut renders the deliberate-non-do bullet end to end [1107.66ms]
publish	Test and inspect the package	2026-10-07T08:12:22.1865347Z (pass) complete_goal findingGroups ride the claim into the grouped terminal render [1658.40ms]
publish	Test and inspect the package	2026-10-07T08:12:22.7642126Z (pass) disapproval remains unfinished, no final success is posted [577.71ms]
publish	Test and inspect the package	2026-10-07T08:12:23.8277845Z (pass) archive write failure never emits a terminal success [1063.54ms]
publish	Test and inspect the package	2026-10-07T08:12:38.4117701Z [run-tests] progress: 30s elapsed · 15s since last output · 6 KiB of suite output
publish	Test and inspect the package	2026-10-07T08:12:39.8927137Z (pass) approval summary does not replace independent next-item continuation [16064.87ms]
publish	Test and inspect the package	2026-10-07T08:12:40.9766615Z (pass) outbox write failure warns without claiming summary delivery [1083.96ms]
publish	Test and inspect the package	2026-10-07T08:12:40.9767326Z 
publish	Test and inspect the package	2026-10-07T08:12:40.9767856Z ##[endgroup]
publish	Test and inspect the package	2026-10-07T08:12:40.9770921Z 
publish	Test and inspect the package	2026-10-07T08:12:40.9771602Z ##[group]tests/stale-api-terminal.test.ts:
publish	Test and inspect the package	2026-10-07T08:12:41.2633906Z (pass) isStaleApiError matches pi's exact stale signature, rejects everything else [3.65ms]
publish	Test and inspect the package	2026-10-07T08:12:41.2636530Z (pass) both autonomous send paths detect staleness and auto-recover before terminal [0.49ms]
publish	Test and inspect the package	2026-10-07T08:12:41.2643117Z (pass) terminal path: ledger event, single-fire, goal ACTIVE+marker / loop stop with restart guidance [0.64ms]
publish	Test and inspect the package	2026-10-07T08:12:41.2647696Z (pass) v0.29.11 — heartbeat PROBES staleness before burning stall refires [0.46ms]
publish	Test and inspect the package	2026-10-07T08:12:41.2668503Z (pass) v0.30.0 — rebind-first survival: session_shutdown attribution, session_start rebind, zombie stand-down [2.05ms]
publish	Test and inspect the package	2026-10-07T08:12:41.2670631Z (pass) v0.35.72: pause and low-level activity cannot settle unrelated automatic dispatches [0.23ms]
publish	Test and inspect the package	2026-10-07T08:12:41.2685667Z (pass) v0.29.11 — stale/stall-stopped loops HOLD on next load (resume, not restart-from-scratch) [1.48ms]
publish	Test and inspect the package	2026-10-07T08:12:41.2689141Z (pass) v0.29.12 — /glla resume is stale-aware (the zombie must not say 'Nothing to resume') [0.39ms]
publish	Test and inspect the package	2026-10-07T08:12:41.2702380Z (pass) v0.34.16 — lifecycle handoff replaces terminal keystroke recovery [1.28ms]
publish	Test and inspect the package	2026-10-07T08:12:41.2716210Z (pass) v0.34.16 — lifecycle recovery has no multiplexer dependency [1.39ms]
publish	Test and inspect the package	2026-10-07T08:12:41.2728108Z (pass) v0.34.16 — stale paths never inject terminal input [1.19ms]
publish	Test and inspect the package	2026-10-07T08:12:41.2729453Z (pass) send paths short-circuit once stale (no retry-into-the-void) [0.14ms]
publish	Test and inspect the package	2026-10-07T08:12:41.2735419Z (pass) only an admitted host session claims the API and resets session state [0.56ms]
publish	Test and inspect the package	2026-10-07T08:12:41.2787143Z (pass) v0.32.0: audit-opportunistic fix batch — dispose, keys, caps, message [5.04ms]
publish	Test and inspect the package	2026-10-07T08:12:41.2791754Z (pass) v0.34.94: heartbeat only self-heals when the API and context are fresh [0.50ms]
publish	Test and inspect the package	2026-10-07T08:12:41.2793683Z (pass) v0.38.104: the preserved heartbeat releases its handle and re-arms across a generation bump [0.24ms]
publish	Test and inspect the package	2026-10-07T08:12:41.2794278Z 
publish	Test and inspect the package	2026-10-07T08:12:41.2794715Z ##[endgroup]
publish	Test and inspect the package	2026-10-07T08:12:41.2799039Z 
publish	Test and inspect the package	2026-10-07T08:12:41.2799726Z ##[group]tests/glla-status-ux.test.ts:
publish	Test and inspect the package	2026-10-07T08:12:42.1464915Z (pass) v0.35.15: auditing footer carries a distinct phase glyph AND an activity meter element for every auditor phase [1.00ms]
publish	Test and inspect the package	2026-10-07T08:12:42.1466867Z (pass) v0.35.15: activity meter drains as worker silence grows (full at fresh, empty past the quiet threshold) [0.19ms]
publish	Test and inspect the package	2026-10-07T08:12:42.1485284Z (pass) v0.35.15: ⏸ supervisor chip leads the footer in every lifecycle branch when paused [0.50ms]
publish	Test and inspect the package	2026-10-07T08:12:42.1486897Z (pass) v0.35.15: a recently ended quiet stretch shows 'silent Xm then resumed' in the widget; stale stretches stay hidden [1.05ms]
publish	Test and inspect the package	2026-10-07T08:12:42.1499155Z (pass) v0.35.15: quiet watcher notifies EXACTLY ONCE on entering the quiet phase, records the stretch on resume [1.77ms]
publish	Test and inspect the package	2026-10-07T08:12:42.1506294Z (pass) v0.35.15: quiet watcher stays silent while the supervisor is paused (it IS automatic machinery) [0.75ms]
publish	Test and inspect the package	2026-10-07T08:12:42.4195527Z (pass) v0.35.15: every automatic dispatch point gates on supervisorPaused [266.71ms]
publish	Test and inspect the package	2026-10-07T08:12:42.9327506Z (pass) v0.35.15: /glla pause persists a durable flag, leaves the active goal untouched, and survives a disk reload [515.13ms]
publish	Test and inspect the package	2026-10-07T08:12:43.2536401Z (pass) v0.35.15: /glla resume clears the freeze, reports the frozen duration, and never lies 'Nothing to resume' [320.29ms]
publish	Test and inspect the package	2026-10-07T08:12:43.2546382Z (pass) v0.38.104: the working-card tool argument is cut cell-aware, never mid-surrogate [1.08ms]
publish	Test and inspect the package	2026-10-07T08:12:43.2546986Z 
publish	Test and inspect the package	2026-10-07T08:12:43.2547371Z ##[endgroup]
publish	Test and inspect the package	2026-10-07T08:12:43.2549900Z 
publish	Test and inspect the package	2026-10-07T08:12:43.2550661Z ##[group]tests/audit-tier-record.test.ts:
publish	Test and inspect the package	2026-10-07T08:12:43.9781281Z (pass) tier-record: a small quiet claim audits light and records the tier [451.74ms]
publish	Test and inspect the package	2026-10-07T08:12:44.4174998Z (pass) tier-record: spot-check rate 1 forces full and marks the verdict [439.33ms]
publish	Test and inspect the package	2026-10-07T08:12:44.8385197Z (pass) tier-record: complete_goal requestFullAudit escalates one claim [421.00ms]
publish	Test and inspect the package	2026-10-07T08:12:44.9933683Z (pass) tier-record: draft consent sets fullAudit, shows the notice, ledgers consent [154.52ms]
publish	Test and inspect the package	2026-10-07T08:12:45.1339597Z (pass) tier-record: batch drafts refuse fullAudit instead of dropping it [140.48ms]
publish	Test and inspect the package	2026-10-07T08:12:45.3013089Z (pass) tier-record: single list drafts refuse fullAudit instead of dropping it [167.72ms]
publish	Test and inspect the package	2026-10-07T08:12:45.3016811Z 
publish	Test and inspect the package	2026-10-07T08:12:45.3017745Z ##[endgroup]
publish	Test and inspect the package	2026-10-07T08:12:45.3019475Z 
publish	Test and inspect the package	2026-10-07T08:12:45.3020225Z ##[group]tests/stats-challenges.test.ts:
publish	Test and inspect the package	2026-10-07T08:12:45.5912049Z (pass) challenges: confirmed/flipped/skipped counts over all verdicts, legacy ignored [9.38ms]
publish	Test and inspect the package	2026-10-07T08:12:45.5915616Z (pass) challenges: empty ledgers zero out, flip rate renders em-dash without challenged runs [0.48ms]
publish	Test and inspect the package	2026-10-07T08:12:45.5919892Z (pass) challenges: table and JSON formats mirror the schema [0.43ms]
publish	Test and inspect the package	2026-10-07T08:12:45.5922216Z (pass) challenges: light-tier verdicts and spot-check flips count separately [0.27ms]
publish	Test and inspect the package	2026-10-07T08:12:45.5922826Z 
publish	Test and inspect the package	2026-10-07T08:12:45.5923606Z ##[endgroup]
publish	Test and inspect the package	2026-10-07T08:12:45.5927111Z 
publish	Test and inspect the package	2026-10-07T08:12:45.5927722Z ##[group]tests/auditor-stderr-diagnostic.test.ts:
publish	Test and inspect the package	2026-10-07T08:12:45.8564979Z (pass) a lone BEL flush contributes nothing (field bug: 90+ errors recorded only BEL) [0.38ms]
publish	Test and inspect the package	2026-10-07T08:12:45.8566652Z (pass) stderr chunks accumulate in order [0.38ms]
publish	Test and inspect the package	2026-10-07T08:12:45.8567717Z (pass) OSC sequences and control bytes are stripped, printable text kept [0.13ms]
publish	Test and inspect the package	2026-10-07T08:12:45.8568969Z (pass) tab, LF, and CR survive; other C0 controls do not [0.07ms]
publish	Test and inspect the package	2026-10-07T08:12:45.8570002Z (pass) accumulation is bounded, keeping the tail [0.94ms]
publish	Test and inspect the package	2026-10-07T08:12:45.8570600Z 
publish	Test and inspect the package	2026-10-07T08:12:45.8571530Z ##[endgroup]
publish	Test and inspect the package	2026-10-07T08:12:45.8573211Z 
publish	Test and inspect the package	2026-10-07T08:12:45.8575352Z ##[group]tests/glla-table-menu.test.ts:
publish	Test and inspect the package	2026-10-07T08:12:46.1409409Z (pass) render: title row [4.38ms]
publish	Test and inspect the package	2026-10-07T08:12:46.1434776Z (pass) grouped entry points can open a specific settings section [1.30ms]
publish	Test and inspect the package	2026-10-07T08:12:46.1479187Z (pass) render: tabs row lists all 8 sections [3.05ms]
publish	Test and inspect the package	2026-10-07T08:12:46.1504691Z (pass) main agent tab starts with the current agent and drills in [1.20ms]
publish	Test and inspect the package	2026-10-07T08:12:46.1518827Z (pass) render: at width=120, the keep-going section renders its rows (v0.28.23: +decisionPopup) [1.26ms]
publish	Test and inspect the package	2026-10-07T08:12:46.1544377Z (pass) render: active row uses a full-width selected background [1.22ms]
publish	Test and inspect the package	2026-10-07T08:12:46.1604951Z (pass) render: compact header row has KEY, VALUE, SOURCE columns [0.87ms]
publish	Test and inspect the package	2026-10-07T08:12:46.1634889Z (pass) render: compact mode never exceeds terminal width even with a long VALUE in another section [0.82ms]
publish	Test and inspect the package	2026-10-07T08:12:46.1636303Z (pass) render: footer pin includes the optional details toggle [0.81ms]
publish	Test and inspect the package	2026-10-07T08:12:46.1664437Z (pass) nav: Enter on the first row emits that row's id [0.11ms]
publish	Test and inspect the package	2026-10-07T08:12:46.1685135Z (pass) nav: Down arrow moves to the next visible row [0.23ms]
publish	Test and inspect the package	2026-10-07T08:12:46.1694346Z (pass) nav: Down wrapping at the end of a section wraps to 0 [0.20ms]
publish	Test and inspect the package	2026-10-07T08:12:46.1724144Z (pass) nav: Esc emits undefined (close) [0.05ms]
publish	Test and inspect the package	2026-10-07T08:12:46.1754266Z (pass) nav: Tab advances to the next section [0.13ms]
publish	Test and inspect the package	2026-10-07T08:12:46.1784370Z (pass) nav: Back-tab (\x1b[Z) retreats to the previous section [0.09ms]
publish	Test and inspect the package	2026-10-07T08:12:46.1807041Z (pass) nav: Right-arrow CSI sequence (\x1b[C) advances section [0.05ms]
publish	Test and inspect the package	2026-10-07T08:12:46.1808340Z (pass) nav: Left-arrow CSI sequence (\x1b[D) retreats section [0.06ms]
publish	Test and inspect the package	2026-10-07T08:12:46.1809620Z (pass) details toggle: narrow descriptions are readable in a wrapped pane [2.81ms]
publish	Test and inspect the package	2026-10-07T08:12:46.1811033Z (pass) details toggle: at width=120 the description column shows most of the row text [1.81ms]
publish	Test and inspect the package	2026-10-07T08:12:46.1812361Z (pass) cache: identical renders at the same width return the same array reference [1.35ms]
publish	Test and inspect the package	2026-10-07T08:12:46.1814308Z (pass) cache: state change invalidates cache (move → next render produces new lines) [1.51ms]
publish	Test and inspect the package	2026-10-07T08:12:46.1815595Z (pass) compact view expands VALUE so model + thinking are visible [1.18ms]
publish	Test and inspect the package	2026-10-07T08:12:46.1816794Z (pass) structural: Class implements Component (has render + invalidate + handleInput) [0.12ms]
publish	Test and inspect the package	2026-10-07T08:12:46.1818574Z (pass) structural: buildSettingsRows returns ≥20 rows across all 8 sections (coverage) [0.65ms]
publish	Test and inspect the package	2026-10-07T08:12:46.1820331Z (pass) render: tab bar is color-only (v0.28.19: brackets dropped), all sections present [3.80ms]
publish	Test and inspect the package	2026-10-07T08:12:46.1821469Z (pass) render: a header rule with ┼ junctions follows the header row [1.44ms]
publish	Test and inspect the package	2026-10-07T08:12:46.1822557Z (pass) render: column separators align across header, rule, and every row (prefix counted) [0.93ms]
publish	Test and inspect the package	2026-10-07T08:12:46.1824030Z (pass) render: a too-long VALUE is truncated with … — it must NOT break the grid [0.82ms]
publish	Test and inspect the package	2026-10-07T08:12:46.1825094Z (pass) render: column widths are stable across tab switches (no grid reflow) [2.45ms]
publish	Test and inspect the package	2026-10-07T08:12:46.1825606Z 
publish	Test and inspect the package	2026-10-07T08:12:46.1826428Z ##[endgroup]
publish	Test and inspect the package	2026-10-07T08:12:46.1826657Z 
publish	Test and inspect the package	2026-10-07T08:12:46.1827133Z ##[group]tests/overdue-backstop.test.ts:
publish	Test and inspect the package	2026-10-07T08:12:46.8602293Z (pass) S9 (continuation route): overdue agent wait resumes exactly once — park-clear lands, then latch + ledger [403.69ms]
publish	Test and inspect the package	2026-10-07T08:12:47.2483016Z (pass) S9 (probe route): probe no-op releases the overdue latch so the next tick retries [388.01ms]
publish	Test and inspect the package	2026-10-07T08:12:47.6356169Z (pass) S9: failed durable resume leaves the wait retriable on the next heartbeat [387.25ms]
publish	Test and inspect the package	2026-10-07T08:12:47.6356716Z 
publish	Test and inspect the package	2026-10-07T08:12:47.6357115Z ##[endgroup]
publish	Test and inspect the package	2026-10-07T08:12:47.6358472Z 
publish	Test and inspect the package	2026-10-07T08:12:47.6358920Z ##[group]tests/glla-update-check.test.ts:
publish	Test and inspect the package	2026-10-07T08:12:47.9304594Z (pass) compareVersions orders semver-ish strings and shrugs at garbage [0.36ms]
publish	Test and inspect the package	2026-10-07T08:12:47.9306082Z (pass) staleUpdateNudge fires only when the cache proves the registry is ahead [0.15ms]
publish	Test and inspect the package	2026-10-07T08:12:47.9307412Z (pass) buildVersionTail always names the running version, nudges only when stale [0.09ms]
publish	Test and inspect the package	2026-10-07T08:12:47.9308754Z (pass) readUpdateCheck returns null for missing, malformed, and future-dated caches [0.89ms]
publish	Test and inspect the package	2026-10-07T08:12:47.9310071Z (pass) refreshUpdateCheck skips spawn while the cache is within TTL [0.70ms]
publish	Test and inspect the package	2026-10-07T08:12:47.9337577Z (pass) refreshUpdateCheck shells npm view when stale and caches the latest [0.81ms]
publish	Test and inspect the package	2026-10-07T08:12:47.9338690Z (pass) refreshUpdateCheck never throws and never writes on registry failure [0.65ms]
publish	Test and inspect the package	2026-10-07T08:12:47.9339641Z (pass) async spawn error is swallowed, never crashes, never writes [0.49ms]
publish	Test and inspect the package	2026-10-07T08:12:47.9340495Z (pass) non-version npm stdout never poisons the sidecar [0.38ms]
publish	Test and inspect the package	2026-10-07T08:12:47.9341408Z (pass) future-dated cache suppresses the spawn instead of causing one per contact [0.34ms]
publish	Test and inspect the package	2026-10-07T08:12:47.9341914Z 
publish	Test and inspect the package	2026-10-07T08:12:47.9342829Z ##[endgroup]
publish	Test and inspect the package	2026-10-07T08:12:47.9424717Z 
publish	Test and inspect the package	2026-10-07T08:12:47.9425933Z ##[group]tests/quota-sleep-until-reset.test.ts:
publish	Test and inspect the package	2026-10-07T08:12:48.2085392Z (pass) quota sleep-until-reset: explicit upstream hint sleeps to reset, on the FIRST attempt too (v0.38.104) [2.64ms]
publish	Test and inspect the package	2026-10-07T08:12:48.2094970Z (pass) quota sleep-until-reset: hint never widens the 5h envelope [0.10ms]
publish	Test and inspect the package	2026-10-07T08:12:48.2096276Z (pass) quota sleep-until-reset: hintless quota failures keep the blind ladder [0.18ms]
publish	Test and inspect the package	2026-10-07T08:12:48.2097432Z (pass) quota sleep-until-reset: non-quota signals ignore hints [0.20ms]
publish	Test and inspect the package	2026-10-07T08:12:48.2097967Z 
publish	Test and inspect the package	2026-10-07T08:12:48.2098528Z ##[endgroup]
publish	Test and inspect the package	2026-10-07T08:12:48.2098747Z 
publish	Test and inspect the package	2026-10-07T08:12:48.2099204Z ##[group]tests/model-selector-parity.test.ts:
publish	Test and inspect the package	2026-10-07T08:12:48.4731986Z (pass) model selector parity — fallback set and ordering > subagent-like raw chains are normalized like main (cap 10, case-insensitive dedup, order retained) [0.38ms]
publish	Test and inspect the package	2026-10-07T08:12:48.4753605Z (pass) model selector parity — fallback set and ordering > selectors share fallback ordering and forbidden/unregistered walk [0.51ms]
publish	Test and inspect the package	2026-10-07T08:12:48.4754593Z 
publish	Test and inspect the package	2026-10-07T08:12:48.4755125Z ##[endgroup]
publish	Test and inspect the package	2026-10-07T08:12:48.4755370Z 
publish	Test and inspect the package	2026-10-07T08:12:48.4755825Z ##[group]tests/list-audit-state-root.test.ts:
publish	Test and inspect the package	2026-10-07T08:12:48.7710615Z (pass) list-audit fan-out reads findings from the configured sessionDir root [31.93ms]
publish	Test and inspect the package	2026-10-07T08:12:48.7733985Z 
publish	Test and inspect the package	2026-10-07T08:12:48.7764911Z ##[endgroup]
publish	Test and inspect the package	2026-10-07T08:12:48.7773934Z 
publish	Test and inspect the package	2026-10-07T08:12:48.7794411Z ##[group]tests/subagent-session-ledger.test.ts:
publish	Test and inspect the package	2026-10-07T08:12:49.3941135Z (pass) guard: a spawn observed before any session binds writes nothing [327.43ms]
publish	Test and inspect the package	2026-10-07T08:12:49.7082411Z (pass) Agent-tool spawn appends subagent_session (id + summary) to the ledger [314.14ms]
publish	Test and inspect the package	2026-10-07T08:12:50.3411552Z (pass) the reference survives a restart: the ledger entry persists across a /reload [632.85ms]
publish	Test and inspect the package	2026-10-07T08:12:50.6582039Z (pass) every spawn appends — re-observation of an id (resume/re-run) adds fresh evidence [316.99ms]
publish	Test and inspect the package	2026-10-07T08:12:50.9696560Z (pass) malformed payloads are dropped, not crashy [311.39ms]
publish	Test and inspect the package	2026-10-07T08:12:50.9697442Z 
publish	Test and inspect the package	2026-10-07T08:12:50.9698584Z ##[endgroup]
publish	Test and inspect the package	2026-10-07T08:12:50.9701894Z 
publish	Test and inspect the package	2026-10-07T08:12:50.9702437Z ##[group]tests/prompt-daemon-investigation.test.ts:
publish	Test and inspect the package	2026-10-07T08:12:51.2475060Z (pass) continuation prompt has the DETACHED COMMIT DETECTION section (item 30) [0.37ms]
publish	Test and inspect the package	2026-10-07T08:12:51.2476512Z (pass) daemon guidance includes the filter-branch inspection command [0.08ms]
publish	Test and inspect the package	2026-10-07T08:12:51.2477222Z 
publish	Test and inspect the package	2026-10-07T08:12:51.2478017Z ##[endgroup]
publish	Test and inspect the package	2026-10-07T08:12:51.2478323Z 
publish	Test and inspect the package	2026-10-07T08:12:51.2478976Z ##[group]tests/loop-pause.test.ts:
publish	Test and inspect the package	2026-10-07T08:12:51.5951604Z (pass) v0.38.27: /loop pause is routed in cmdLoop and clears the tick [0.64ms]
publish	Test and inspect the package	2026-10-07T08:12:51.5953165Z (pass) v0.38.27: /loop pause is registered in the help completions [0.30ms]
publish	Test and inspect the package	2026-10-07T08:12:51.5954690Z (pass) v0.38.27: RESUMABLE_STOP matches the pause stopReason so /loop resume picks it up [0.11ms]
publish	Test and inspect the package	2026-10-07T08:12:51.5955224Z 
publish	Test and inspect the package	2026-10-07T08:12:51.5955654Z ##[endgroup]
publish	Test and inspect the package	2026-10-07T08:12:51.5958584Z 
publish	Test and inspect the package	2026-10-07T08:12:51.5959020Z ##[group]tests/list-stale-context.test.ts:
publish	Test and inspect the package	2026-10-07T08:12:52.2061322Z (pass) v0.34.51: /list add on a stale handle is refused — honest recovery result, zero state mutation [336.42ms]
publish	Test and inspect the package	2026-10-07T08:12:52.5306204Z (pass) v0.34.51: /list remove, clear, cancel, next, tweak, pause, resume are all refused on a stale handle [324.40ms]
publish	Test and inspect the package	2026-10-07T08:12:52.8468137Z (pass) v0.34.51: the natural-language dump fallthrough is refused on a stale handle — drafting never starts [316.11ms]
publish	Test and inspect the package	2026-10-07T08:12:53.1695304Z (pass) v0.34.51: /list show and /list depth stay usable on a stale handle (inspect, don't mutate) [322.64ms]
publish	Test and inspect the package	2026-10-07T08:12:53.8021439Z (pass) v0.34.51: the honest recovery result — the refreshed session owns the command and the add lands [632.69ms]
publish	Test and inspect the package	2026-10-07T08:12:53.9677047Z (pass) v0.34.51: list_add and list_activate tools return the stale-context recovery result without mutating [165.51ms]
publish	Test and inspect the package	2026-10-07T08:12:53.9705317Z (pass) v0.34.51: source — cmdList captures the entry probe and gates every mutating path [1.49ms]
publish	Test and inspect the package	2026-10-07T08:12:53.9706186Z 
publish	Test and inspect the package	2026-10-07T08:12:53.9706857Z ##[endgroup]
publish	Test and inspect the package	2026-10-07T08:12:53.9707174Z 
publish	Test and inspect the package	2026-10-07T08:12:53.9707758Z ##[group]tests/contract-text-semantics.test.ts:
publish	Test and inspect the package	2026-10-07T08:12:54.2448453Z (pass) parser: supplied clause yields replacement data [0.53ms]
publish	Test and inspect the package	2026-10-07T08:12:54.2469320Z (pass) parser: omitted clause yields no contract and no clear signal [0.25ms]
publish	Test and inspect the package	2026-10-07T08:12:54.2470443Z (pass) parser: bare line-marker is an explicit clear [0.13ms]
publish	Test and inspect the package	2026-10-07T08:12:54.2471607Z (pass) parser: bare inline marker is an explicit clear and is stripped from the objective [0.11ms]
publish	Test and inspect the package	2026-10-07T08:12:54.2472938Z (pass) parser: bare marker followed by content still captures the contract block [0.10ms]
publish	Test and inspect the package	2026-10-07T08:12:54.4301282Z (pass) goal tweak: supplied clause replaces the stored contract [187.84ms]
publish	Test and inspect the package	2026-10-07T08:12:54.6054997Z (pass) goal tweak: omitted clause preserves the stored contract [175.17ms]
publish	Test and inspect the package	2026-10-07T08:12:54.8494826Z (pass) goal tweak: bare 'Done when:' clears the stored contract [244.11ms]
publish	Test and inspect the package	2026-10-07T08:12:55.0509464Z (pass) list tweak: supplied clause replaces the stored contract [192.83ms]
publish	Test and inspect the package	2026-10-07T08:12:55.2442525Z (pass) list tweak: omitted clause preserves the stored contract [201.75ms]
publish	Test and inspect the package	2026-10-07T08:12:55.4395102Z (pass) list tweak: bare 'Done when:' clears the stored contract [192.47ms]
publish	Test and inspect the package	2026-10-07T08:12:55.4429404Z 
publish	Test and inspect the package	2026-10-07T08:12:55.4434911Z ##[endgroup]
publish	Test and inspect the package	2026-10-07T08:12:55.4435310Z 
publish	Test and inspect the package	2026-10-07T08:12:55.4435789Z ##[group]tests/compaction-settled-boundary.test.ts:
publish	Test and inspect the package	2026-10-07T08:12:55.9137693Z (pass) idle loop dispatch checks the threshold without agent_settled (failure=false) [196.40ms]
publish	Test and inspect the package	2026-10-07T08:12:56.1105146Z (pass) idle loop dispatch checks the threshold without agent_settled (failure=true) [197.58ms]
publish	Test and inspect the package	2026-10-07T08:12:56.1341657Z (pass) settled and idle-send compaction preserve paused [22.35ms]
publish	Test and inspect the package	2026-10-07T08:12:56.1566028Z (pass) settled and idle-send compaction preserve auditing [22.26ms]
publish	Test and inspect the package	2026-10-07T08:12:56.1755847Z (pass) settled and idle-send compaction preserve frozen [15.95ms]
publish	Test and inspect the package	2026-10-07T08:12:56.1990433Z (pass) settled and idle-send compaction preserve aborted [26.23ms]
publish	Test and inspect the package	2026-10-07T08:12:56.4319364Z (pass) idle list advancement checks compaction before dispatching the next task [231.07ms]
publish	Test and inspect the package	2026-10-07T08:12:56.9330554Z (pass) busy agent_end defers the 200k trigger to agent_settled, then work resumes after compaction [499.84ms]
publish	Test and inspect the package	2026-10-07T08:12:57.0125433Z (pass) completed compaction is named accurately and remains inspectable through public status [74.43ms]
publish	Test and inspect the package	2026-10-07T08:12:57.0133933Z 
publish	Test and inspect the package	2026-10-07T08:12:57.0136323Z ##[endgroup]
publish	Test and inspect the package	2026-10-07T08:12:57.0136705Z 
publish	Test and inspect the package	2026-10-07T08:12:57.0137419Z ##[group]tests/confirm-draft.test.ts:
publish	Test and inspect the package	2026-10-07T08:12:57.2913253Z (pass) buildConfirmDraftMarkdown: title is the H1, body follows [0.31ms]
publish	Test and inspect the package	2026-10-07T08:12:57.3098954Z (pass) ConfirmDraftComponent renders the title, body, and all three choices [20.35ms]
publish	Test and inspect the package	2026-10-07T08:12:57.3127408Z (pass) ConfirmDraftComponent: first choice selected, no-throw on input/invalidate [2.90ms]
publish	Test and inspect the package	2026-10-07T08:12:57.4857045Z (pass) custom path: Yes accepts the draft and the dialog is captured [172.83ms]
publish	Test and inspect the package	2026-10-07T08:12:57.6658722Z (pass) custom path: No rejects the draft [177.41ms]
publish	Test and inspect the package	2026-10-07T08:12:57.8466747Z (pass) custom path: a stale error returns stale (NOT-a-rejection) [182.23ms]
publish	Test and inspect the package	2026-10-07T08:12:58.1023012Z (pass) fallback: no custom shard → plain select path still accepts (Yes) [253.12ms]
publish	Test and inspect the package	2026-10-07T08:12:58.3324963Z (pass) fallback: a stale select error still returns stale [232.34ms]
publish	Test and inspect the package	2026-10-07T08:12:58.5527309Z (pass) list batch confirmation resolves paused carryover before activating the head [217.93ms]
publish	Test and inspect the package	2026-10-07T08:12:58.7845096Z (pass) RPC stub (custom present, factory never invoked): the select fallback fires and accepts [232.59ms]
publish	Test and inspect the package	2026-10-07T08:12:59.0049744Z (pass) v0.34.82: the custom-path factory is INVOKED and returns a ConfirmDraftComponent that renders the body + all three choices [214.75ms]
publish	Test and inspect the package	2026-10-07T08:12:59.2389314Z (pass) RPC stub: a select 'No' still declines, and a stale select error returns stale [235.10ms]
publish	Test and inspect the package	2026-10-07T08:12:59.2454935Z 
publish	Test and inspect the package	2026-10-07T08:12:59.2475342Z ##[endgroup]
publish	Test and inspect the package	2026-10-07T08:12:59.2475702Z 
publish	Test and inspect the package	2026-10-07T08:12:59.2476254Z ##[group]tests/respec-builder-ui.test.ts:
publish	Test and inspect the package	2026-10-07T08:12:59.5290069Z (pass) live telemetry is claim-fenced and missing telemetry never implies a running worker [4.59ms]
publish	Test and inspect the package	2026-10-07T08:12:59.5411533Z (pass) completion summary requires proof and includes acceptance, shipped capability and evidence [12.44ms]
publish	Test and inspect the package	2026-10-07T08:12:59.5908456Z (pass) actual project summaries render semantic headings, bold and no italics in both themes [50.27ms]
publish	Test and inspect the package	2026-10-07T08:12:59.6092449Z (pass) large project summaries stay within the shared receipt transport and disclose omissions [18.44ms]
publish	Test and inspect the package	2026-10-07T08:12:59.6093110Z 
publish	Test and inspect the package	2026-10-07T08:12:59.6093926Z ##[endgroup]
publish	Test and inspect the package	2026-10-07T08:12:59.6096818Z 
publish	Test and inspect the package	2026-10-07T08:12:59.6097514Z ##[group]tests/terminal-summary-delivery.test.ts:
publish	Test and inspect the package	2026-10-07T08:12:59.8754357Z (pass) visible summary persists without an LLM turn (idle=true) [1.53ms]
publish	Test and inspect the package	2026-10-07T08:12:59.8755639Z (pass) visible summary persists without an LLM turn (idle=false) [0.22ms]
publish	Test and inspect the package	2026-10-07T08:12:59.8757026Z (pass) branch-before-persist failure stays pending, suppresses duplicate, later persistence confirms [0.38ms]
publish	Test and inspect the package	2026-10-07T08:12:59.8758561Z (pass) no-file session never acknowledges but does not repeat the visible summary [0.14ms]
publish	Test and inspect the package	2026-10-07T08:12:59.8916523Z (pass) outbox survives failed delivery and restart; acknowledged render never replays [16.97ms]
publish	Test and inspect the package	2026-10-07T08:12:59.8941899Z (pass) failed outbox acknowledgement does not duplicate an existing persisted branch summary [2.61ms]
publish	Test and inspect the package	2026-10-07T08:12:59.8947321Z (pass) confirmation requires exact identity/content and complete JSONL, tolerates malformed tail [0.57ms]
publish	Test and inspect the package	2026-10-07T08:12:59.9009577Z (pass) bounded confirmation fails conservatively when receipt is outside tail [6.16ms]
publish	Test and inspect the package	2026-10-07T08:12:59.9153013Z (pass) maximum supported outbox receipt is acknowledged ("x") [13.61ms]
publish	Test and inspect the package	2026-10-07T08:12:59.9625564Z (pass) maximum supported outbox receipt is acknowledged ("😀") [47.83ms]
publish	Test and inspect the package	2026-10-07T08:13:00.0155308Z (pass) maximum supported outbox receipt is acknowledged ("\u0000") [52.88ms]
publish	Test and inspect the package	2026-10-07T08:13:00.0444242Z (pass) maximum supported outbox receipt is acknowledged ("\\") [28.91ms]
publish	Test and inspect the package	2026-10-07T08:13:00.0486422Z (pass) failed outbox acknowledgement write retries without resending the visible message [4.29ms]
publish	Test and inspect the package	2026-10-07T08:13:00.0573902Z (pass) current settlement is not starved by older unconfirmed renders [8.69ms]
publish	Test and inspect the package	2026-10-07T08:13:00.0658410Z (pass) persistently unconfirmed head rotates so a later render is attempted [8.39ms]
publish	Test and inspect the package	2026-10-07T08:13:00.0733171Z (pass) host sendMessage reentrant enqueue remains pending after confirmed session delivery [7.49ms]
publish	Test and inspect the package	2026-10-07T08:13:00.0734388Z 
publish	Test and inspect the package	2026-10-07T08:13:00.0735015Z ##[endgroup]
publish	Test and inspect the package	2026-10-07T08:13:00.0737169Z 
publish	Test and inspect the package	2026-10-07T08:13:00.0737852Z ##[group]tests/revision-bound-audit.test.ts:
publish	Test and inspect the package	2026-10-07T08:13:00.4342274Z (pass) v0.34.60: /goal tweak bumps the goal revision (a contract change) [13.15ms]
publish	Test and inspect the package	2026-10-07T08:13:00.7598005Z (pass) v0.34.60: complete_goal with newObjective bumps the revision and audits the new contract in the same call [325.63ms]
publish	Test and inspect the package	2026-10-07T08:13:00.7732655Z (pass) v0.35.36: complete_goal newObjective does NOT launder the agent-authored objective into userSeeds [13.49ms]
publish	Test and inspect the package	2026-10-07T08:13:00.7796375Z (pass) repair replan bumps the contract revision and invalidates an older approval [5.70ms]
publish	Test and inspect the package	2026-10-07T08:13:00.7808363Z (pass) v0.34.60: complete_goal REJECTS when the contract revision moved past the last audited revision [1.91ms]
publish	Test and inspect the package	2026-10-07T08:13:01.1585500Z (pass) direct complete_goal refuses an approval when the contract revision changes during the detached audit [377.57ms]
publish	Test and inspect the package	2026-10-07T08:13:01.4515345Z (pass) v0.34.60: complete_goal passes when the last audit matches the current revision [292.91ms]
publish	Test and inspect the package	2026-10-07T08:13:01.7430956Z (pass) v0.34.60: legacy audit entries without a revision never trip the gate [291.52ms]
publish	Test and inspect the package	2026-10-07T08:13:02.3496024Z (pass) v0.34.61: a settled audit never invalidates its own verdict — a second complete_goal on the same contract proceeds [606.50ms]
publish	Test and inspect the package	2026-10-07T08:13:02.6976186Z (pass) v0.34.61: the documented escape works — tweak, then /goal verify, then complete_goal proceeds [346.59ms]
publish	Test and inspect the package	2026-10-07T08:13:03.0394190Z (pass) v0.34.60: the gate skips when the call itself carries newObjective (its audit covers the new contract) [343.16ms]
publish	Test and inspect the package	2026-10-07T08:13:03.0466344Z (pass) v0.34.96: complete_goal routes to aborted when completionSummary says 'already shipped' [7.26ms]
publish	Test and inspect the package	2026-10-07T08:13:03.0512388Z (pass) v0.34.96: already-shipped abort binds the version attached to the claim [4.69ms]
publish	Test and inspect the package	2026-10-07T08:13:03.0531695Z (pass) v0.35.x: already-shipped completion honors an existing archive fence [1.93ms]
publish	Test and inspect the package	2026-10-07T08:13:03.0574143Z (pass) v0.35.x: archiveCurrentGoal preserves a same-id archive on cancel [4.14ms]
publish	Test and inspect the package	2026-10-07T08:13:03.4014394Z (pass) v0.34.128: a version-less 'no new work shipped' claim routes to the NORMAL audit and completes on approval [343.93ms]
publish	Test and inspect the package	2026-10-07T08:13:03.7258077Z (pass) v0.34.128: a version-less 'already shipped' claim disapproved by the auditor leaves the finding queued (no abort) [324.32ms]
publish	Test and inspect the package	2026-10-07T08:13:04.0373674Z (pass) v0.34.96: a NORMAL completionSummary still runs the auditor (no false-positive abort) [311.55ms]
publish	Test and inspect the package	2026-10-07T08:13:04.0398128Z (pass) v0.38.104: an unpersistable newObjective refuses the claim and never advances the revision [2.59ms]
publish	Test and inspect the package	2026-10-07T08:13:04.0398985Z 
publish	Test and inspect the package	2026-10-07T08:13:04.0399374Z ##[endgroup]
publish	Test and inspect the package	2026-10-07T08:13:04.0402240Z 
publish	Test and inspect the package	2026-10-07T08:13:04.0402824Z ##[group]tests/respec-builder-display.test.ts:
publish	Test and inspect the package	2026-10-07T08:13:04.3239365Z (pass) a stopped project audit exposes its hold reason instead of implying a running auditor [1.24ms]
publish	Test and inspect the package	2026-10-07T08:13:04.3275051Z (pass) project cards expose phase, unfinished coverage and recorded blockers within narrow widths [4.06ms]
publish	Test and inspect the package	2026-10-07T08:13:04.3284567Z (pass) an explicitly stopped project audit does not advertise an unavailable resume [0.41ms]
publish	Test and inspect the package	2026-10-07T08:13:04.3286017Z (pass) completed project dismisses both live UI surfaces while preserving other work [0.50ms]
publish	Test and inspect the package	2026-10-07T08:13:04.3410140Z (pass) project tool waits show a ticking deadline and separate attempt/total clocks [12.31ms]
publish	Test and inspect the package	2026-10-07T08:13:04.3421280Z (pass) blocker inspection retains late operator instructions and distinguishes recorded claims from verification [1.40ms]
publish	Test and inspect the package	2026-10-07T08:13:04.3430980Z (pass) automatic blocker actions lead with a short obstacle and keep long diagnostics in details [0.88ms]
publish	Test and inspect the package	2026-10-07T08:13:04.3432016Z 
publish	Test and inspect the package	2026-10-07T08:13:04.3438892Z ##[endgroup]
publish	Test and inspect the package	2026-10-07T08:13:04.3439285Z 
publish	Test and inspect the package	2026-10-07T08:13:04.3440161Z ##[group]tests/auditor-chunk-hint.test.ts:
publish	Test and inspect the package	2026-10-07T08:13:04.6168847Z (pass) auditor prompt carries the chunk-near-context-full hint (item 7) [0.64ms]
publish	Test and inspect the package	2026-10-07T08:13:04.6174450Z (pass) reviewer.ts has no inline prompt to add the hint to (post-audit surfaces only review reports, not prompts) [0.07ms]
publish	Test and inspect the package	2026-10-07T08:13:04.6175354Z 
publish	Test and inspect the package	2026-10-07T08:13:04.6175888Z ##[endgroup]
publish	Test and inspect the package	2026-10-07T08:13:04.6176117Z 
publish	Test and inspect the package	2026-10-07T08:13:04.6176787Z ##[group]tests/compactor-handoff.test.ts:
publish	Test and inspect the package	2026-10-07T08:13:04.8855007Z (pass) plan B picks verified free big-context, largest first, max two [0.75ms]
publish	Test and inspect the package	2026-10-07T08:13:04.8867607Z (pass) plan B disqualifies unknown metadata, paid, unauthed, forbidden, stuck [0.32ms]
publish	Test and inspect the package	2026-10-07T08:13:04.8868540Z (pass) plan B returns [] when the registry throws [0.14ms]
publish	Test and inspect the package	2026-10-07T08:13:04.9004043Z (pass) compactor chain normalizes and caps 0-10 exactly like drafter [14.26ms]
publish	Test and inspect the package	2026-10-07T08:13:04.9006794Z (pass) compactor chain never leases the stuck session model [0.58ms]
publish	Test and inspect the package	2026-10-07T08:13:04.9008172Z (pass) refuse transition fires exactly once per episode [0.16ms]
publish	Test and inspect the package	2026-10-07T08:13:04.9043055Z (pass) audit 2026-09-06: compactor one-shot survives a restart mid-episode [3.33ms]
publish	Test and inspect the package	2026-10-07T08:13:04.9046982Z (pass) audit 2026-09-06: worker timeout escalates SIGTERM to SIGKILL [0.44ms]
publish	Test and inspect the package	2026-10-07T08:13:04.9050813Z (pass) brief scope: packet bounded, sections present, worker tool-less [0.38ms]
publish	Test and inspect the package	2026-10-07T08:13:04.9052315Z (pass) resync carries the brief excerpt only when present [0.17ms]
publish	Test and inspect the package	2026-10-07T08:13:04.9055183Z (pass) recovery banner quotes the handoff excerpt [0.28ms]
publish	Test and inspect the package	2026-10-07T08:13:05.4623228Z (pass) refuse engages the compactor once with the chain model + packet scope [556.53ms]
publish	Test and inspect the package	2026-10-07T08:13:05.8057343Z (pass) chain empty falls back to the verified free registry model [343.39ms]
publish	Test and inspect the package	2026-10-07T08:13:06.4447990Z (pass) no model anywhere skips silently with ledger, ladder still paints [639.03ms]
publish	Test and inspect the package	2026-10-07T08:13:06.7820284Z (pass) notifyCmd off keeps the brief, drops the page [337.29ms]
publish	Test and inspect the package	2026-10-07T08:13:06.9206645Z (pass) reload with a brief on disk quotes the handoff in the banner [138.54ms]
publish	Test and inspect the package	2026-10-07T08:13:06.9214079Z (pass) resolveCompactorModel end to end prefers chain over plan B [0.85ms]
publish	Test and inspect the package	2026-10-07T08:13:06.9214955Z 
publish	Test and inspect the package	2026-10-07T08:13:06.9216319Z ##[endgroup]
publish	Test and inspect the package	2026-10-07T08:13:06.9218646Z 
publish	Test and inspect the package	2026-10-07T08:13:06.9219244Z ##[group]tests/loop-measure-probe-exit.test.ts:
publish	Test and inspect the package	2026-10-07T08:13:07.2305459Z (pass) propose_loop_draft rejects non-zero measure output even when stdout is numeric [20.56ms]
publish	Test and inspect the package	2026-10-07T08:13:07.2345082Z (pass) propose_loop_refine rejects non-zero measure output and leaves the live loop unchanged [4.17ms]
publish	Test and inspect the package	2026-10-07T08:13:07.2345977Z 
publish	Test and inspect the package	2026-10-07T08:13:07.2346524Z ##[endgroup]
publish	Test and inspect the package	2026-10-07T08:13:07.2348735Z 
publish	Test and inspect the package	2026-10-07T08:13:07.2349867Z ##[group]tests/model-switch.test.ts:
publish	Test and inspect the package	2026-10-07T08:13:07.5245414Z (pass) v0.34.57: persistState carries lastModelRef on the state line for a fresh process to restore [21.38ms]
publish	Test and inspect the package	2026-10-07T08:13:07.5274946Z (pass) v0.34.57: a fresh process with a changed default model ledgeres turn-boundary drift (cross-session detection) [3.05ms]
publish	Test and inspect the package	2026-10-07T08:13:07.5276779Z (pass) v0.34.57: modelSwitch() builds the canonical ledger payload [0.31ms]
publish	Test and inspect the package	2026-10-07T08:13:07.5280142Z (pass) v0.34.57: isForbiddenModel matches refs, case-insensitively; v0.34.115: empty default forbids nothing [0.25ms]
publish	Test and inspect the package	2026-10-07T08:13:07.5289490Z (pass) v0.34.57: the model_select hook ledgeres every provider/model change [0.88ms]
publish	Test and inspect the package	2026-10-07T08:13:07.5313737Z (pass) v0.34.57: the turn-boundary check ledgeres drift that arrives without a model_select event [2.33ms]
publish	Test and inspect the package	2026-10-07T08:13:07.5411895Z (pass) v0.34.57: the forbidden gate blocks a forbidden selection, emits forbidden_model_switch, and reverts [9.67ms]
publish	Test and inspect the package	2026-10-07T08:13:07.5425804Z (pass) v0.34.57: blockForbiddenModelSwitches off allows the switch but records the violation [1.20ms]
publish	Test and inspect the package	2026-10-07T08:13:07.5428898Z (pass) v0.34.93: isForbiddenModel flags sonnet/opus/gpt-5.5 refs the gate must skip [0.18ms]
publish	Test and inspect the package	2026-10-07T08:13:07.5430751Z (pass) v0.34.93: empty / undefined ref is never forbidden (the empty-list semantic); v0.34.115: default is empty [0.09ms]
publish	Test and inspect the package	2026-10-07T08:13:07.5433126Z (pass) v0.34.93: a forbidden candidate is silently skipped by the recovery gate (the recovery-envelope gate skips the candidate without rotation or verdict change) [0.25ms]
publish	Test and inspect the package	2026-10-07T08:13:07.5452294Z (pass) v0.34.57: turn-boundary drift into a forbidden model records the violation without blocking [2.43ms]
publish	Test and inspect the package	2026-10-07T08:13:07.5525554Z (pass) v0.34.57: /glla switchlog renders the last N entries of the model-switch trail [7.10ms]
publish	Test and inspect the package	2026-10-07T08:13:07.5894730Z (pass) model selection preserves visible resumable loop work (pending recovery=true) [36.05ms]
publish	Test and inspect the package	2026-10-07T08:13:07.6218662Z (pass) model selection preserves visible resumable loop work (pending recovery=false) [31.92ms]
publish	Test and inspect the package	2026-10-07T08:13:07.6225527Z 
publish	Test and inspect the package	2026-10-07T08:13:07.6226381Z ##[endgroup]
publish	Test and inspect the package	2026-10-07T08:13:07.6226893Z 
publish	Test and inspect the package	2026-10-07T08:13:07.6227608Z ##[group]tests/audit-lifecycle-surfaces.test.ts:
publish	Test and inspect the package	2026-10-07T08:13:08.4114629Z [run-tests] progress: 60s elapsed · 1s since last output · 28 KiB of suite output
publish	Test and inspect the package	2026-10-07T08:13:13.4451881Z (pass) durable: an ordinary complete_goal records phase running + lastActivityAt before the verdict [5550.35ms]
publish	Test and inspect the package	2026-10-07T08:13:13.4461097Z (pass) durable phase beats a worker-complete snapshot on the widget card and the status line [1.06ms]
publish	Test and inspect the package	2026-10-07T08:13:13.4464507Z (pass) a live worker still refines a running claim (the HUD stays the richer truth) [0.41ms]
publish	Test and inspect the package	2026-10-07T08:13:13.4467173Z (pass) durable phase with no live worker says so, and names the durable age [0.27ms]
publish	Test and inspect the package	2026-10-07T08:13:13.4469583Z (pass) the durable projection is the single source for all three surfaces [0.26ms]
publish	Test and inspect the package	2026-10-07T08:13:13.4476351Z (pass) a paused goal that still owes a settlement names it on card and status line [0.60ms]
publish	Test and inspect the package	2026-10-07T08:13:13.4480981Z (pass) a paused parked claim names recovery-needed on card and status line [0.47ms]
publish	Test and inspect the package	2026-10-07T08:13:13.4483648Z (pass) a list item names its own resume command, never /goal resume [0.24ms]
publish	Test and inspect the package	2026-10-07T08:13:13.4484192Z 
publish	Test and inspect the package	2026-10-07T08:13:13.4484543Z ##[endgroup]
publish	Test and inspect the package	2026-10-07T08:13:13.4488923Z 
publish	Test and inspect the package	2026-10-07T08:13:13.4489524Z ##[group]tests/goal-loop-display.test.ts:
publish	Test and inspect the package	2026-10-07T08:13:13.7512015Z (pass) active goal card pins primary, ordered fallbacks, skipped forbidden refs, and handled models [1.88ms]
publish	Test and inspect the package	2026-10-07T08:13:13.7525127Z (pass) v0.38.28: duplicate handled-turn provenance is omitted; lone inherited row is dropped [0.36ms]
publish	Test and inspect the package	2026-10-07T08:13:13.7526228Z (pass) v0.38.29: active recovery is a compact model row, not a duplicate report [0.95ms]
publish	Test and inspect the package	2026-10-07T08:13:13.7526913Z (pass) v0.38.29: settled recovery does not leave Markdown noise in the head [0.32ms]
publish	Test and inspect the package	2026-10-07T08:13:13.7528036Z (pass) card head cuts the objective at a clause boundary, never mid-word [0.41ms]
publish	Test and inspect the package	2026-10-07T08:13:13.7529644Z (pass) truncateObjective keeps clause boundaries with emoji and CJK prefixes [0.54ms]
publish	Test and inspect the package	2026-10-07T08:13:13.7530807Z (pass) truncateObjective falls back to a character cut with no usable boundary [0.11ms]
publish	Test and inspect the package	2026-10-07T08:13:13.7531773Z (pass) active card with an action row closes the tree [0.37ms]
publish	Test and inspect the package	2026-10-07T08:13:13.7532754Z (pass) v0.38.104: objective truncation never splits a surrogate pair [0.53ms]
publish	Test and inspect the package	2026-10-07T08:13:13.7534075Z (pass) v0.38.105: recovery banner shows the loop target for loop-only state [0.22ms]
publish	Test and inspect the package	2026-10-07T08:13:13.7535217Z (pass) v0.38.105: loop surfaces show the cadence countdown during the gap [0.47ms]
publish	Test and inspect the package	2026-10-07T08:13:13.7536537Z (pass) v0.38.105: no countdown once the gap elapsed or cadence unset [0.22ms]
publish	Test and inspect the package	2026-10-07T08:13:13.7656834Z (pass) v0.38.105: recovery selector preserves goal and list precedence [12.97ms]
publish	Test and inspect the package	2026-10-07T08:13:13.7657614Z 
publish	Test and inspect the package	2026-10-07T08:13:13.7658051Z ##[endgroup]
publish	Test and inspect the package	2026-10-07T08:13:13.7661200Z 
publish	Test and inspect the package	2026-10-07T08:13:13.7662482Z ##[group]tests/durable-defer-production-ui.test.ts:
publish	Test and inspect the package	2026-10-07T08:13:14.0728065Z (pass) production record_goal_judgment persists facts and refreshUI renders durable first [20.92ms]
publish	Test and inspect the package	2026-10-07T08:13:14.0729249Z 
publish	Test and inspect the package	2026-10-07T08:13:14.0730203Z ##[endgroup]
publish	Test and inspect the package	2026-10-07T08:13:14.0738901Z 
publish	Test and inspect the package	2026-10-07T08:13:14.0741565Z ##[group]tests/stale-self-heal.test.ts:
publish	Test and inspect the package	2026-10-07T08:13:14.3771448Z (pass) v0.34.62 — debounce + self-heal wiring (source guards) [9.32ms]
publish	Test and inspect the package	2026-10-07T08:13:14.5855554Z (pass) v0.34.62 — ONE heartbeat probe failure must NOT park a live session [204.48ms]
publish	Test and inspect the package	2026-10-07T08:13:14.9341607Z (pass) v0.34.62 — debounced park, then a same-session command self-heals (autoResume resumes the goal) [350.47ms]
publish	Test and inspect the package	2026-10-07T08:13:15.2405178Z (pass) v0.34.62 — a genuinely dead handle stays parked (no heal) [306.87ms]
publish	Test and inspect the package	2026-10-07T08:13:15.8522891Z (pass) v0.35.12 — a healthy context cannot revive a stale ExtensionAPI [610.75ms]
publish	Test and inspect the package	2026-10-07T08:13:16.0749848Z (pass) v0.34.62 — a DIFFERENT session's command is not self-healed (successor absorption owns that path) [222.18ms]
publish	Test and inspect the package	2026-10-07T08:13:16.1008026Z (pass) v0.34.62 — the rebind window (session_shutdown) still refuses a same-session heal [22.18ms]
publish	Test and inspect the package	2026-10-07T08:13:16.1434138Z (pass) v0.34.62 — a stale-stopped loop stays held after a heal (user resumes explicitly) [40.52ms]
publish	Test and inspect the package	2026-10-07T08:13:16.1454207Z 
publish	Test and inspect the package	2026-10-07T08:13:16.1455385Z ##[endgroup]
publish	Test and inspect the package	2026-10-07T08:13:16.1455950Z 
publish	Test and inspect the package	2026-10-07T08:13:16.1456578Z ##[group]tests/prompt-layers.test.ts:
publish	Test and inspect the package	2026-10-07T08:13:16.4305232Z (pass) full assembly of goal-loop-continuation.md is byte-identical to source minus markers [1.63ms]
publish	Test and inspect the package	2026-10-07T08:13:16.4315922Z (pass) full assembly of goal-loop-forever.md is byte-identical to source minus markers [0.31ms]
publish	Test and inspect the package	2026-10-07T08:13:16.4316908Z (pass) full assembly of goal-loop-forever-metricless.md is byte-identical to source minus markers [0.24ms]
publish	Test and inspect the package	2026-10-07T08:13:16.4318047Z (pass) full assembly of goal-loop-draft.md is byte-identical to source minus markers [0.38ms]
publish	Test and inspect the package	2026-10-07T08:13:16.4319384Z (pass) full assembly of goal-loop-forever-draft.md is byte-identical to source minus markers [0.30ms]
publish	Test and inspect the package	2026-10-07T08:13:16.4320644Z (pass) full assembly of goal-loop-plan.md is byte-identical to source minus markers [0.28ms]
publish	Test and inspect the package	2026-10-07T08:13:16.4463700Z (pass) full assembly of goal-loop-plan-loop.md is byte-identical to source minus markers [14.16ms]
publish	Test and inspect the package	2026-10-07T08:13:16.4466054Z (pass) continuation declares exactly the three conditional details [0.45ms]
publish	Test and inspect the package	2026-10-07T08:13:16.4474111Z (pass) the other six prompts are skeleton-only (whole file is the skeleton) [1.08ms]
publish	Test and inspect the package	2026-10-07T08:13:16.4481446Z (pass) missing prompt file fails loudly, never lean [0.75ms]
publish	Test and inspect the package	2026-10-07T08:13:16.4485856Z (pass) unknown detail id fails loudly [0.45ms]
publish	Test and inspect the package	2026-10-07T08:13:16.4489004Z (pass) parser defects fail loudly [0.34ms]
publish	Test and inspect the package	2026-10-07T08:13:16.4497019Z (pass) assembly order is file order regardless of request order (same every turn) [0.73ms]
publish	Test and inspect the package	2026-10-07T08:13:16.4517782Z (pass) normal-turn render omits all three details; token cost lower by the deferred bodies [2.05ms]
publish	Test and inspect the package	2026-10-07T08:13:16.4533794Z (pass) survey-pivot delta is EXACTLY the deferred body (equal-length objectives) [1.57ms]
publish	Test and inspect the package	2026-10-07T08:13:16.4558422Z (pass) session-restart delta is EXACTLY the deferred body (opts flag only) [1.45ms]
publish	Test and inspect the package	2026-10-07T08:13:16.4559442Z (pass) autoResumedAt goals get the restart detail without opts [0.88ms]
publish	Test and inspect the package	2026-10-07T08:13:16.4574180Z (pass) live disapproval loads the auditor playbook detail [1.65ms]
publish	Test and inspect the package	2026-10-07T08:13:16.4576797Z (pass) padRight helper keeps fixture objectives length-neutral [0.09ms]
publish	Test and inspect the package	2026-10-07T08:13:16.4580338Z (pass) v0.38.104 the leading `//` author comment is stripped at assembly [0.36ms]
publish	Test and inspect the package	2026-10-07T08:13:16.4581711Z (pass) v0.38.104 a `//` line in the BODY is never stripped [0.05ms]
publish	Test and inspect the package	2026-10-07T08:13:16.4582161Z 
publish	Test and inspect the package	2026-10-07T08:13:16.4582652Z ##[endgroup]
publish	Test and inspect the package	2026-10-07T08:13:16.4586143Z 
publish	Test and inspect the package	2026-10-07T08:13:16.4586832Z ##[group]tests/resume-goal-tool.test.ts:
publish	Test and inspect the package	2026-10-07T08:13:16.9025322Z (pass) resume_goal reactivates a paused goal and clears every pause marker [170.10ms]
publish	Test and inspect the package	2026-10-07T08:13:17.2239940Z (pass) resume_goal on an already-active goal answers instead of churning state [323.54ms]
publish	Test and inspect the package	2026-10-07T08:13:17.3585404Z (pass) resume_goal with no goal answers instead of swallowing the verb [133.95ms]
publish	Test and inspect the package	2026-10-07T08:13:17.5096921Z (pass) a held-on-restore loop does not block resume_goal (only a LIVE loop does) [150.79ms]
publish	Test and inspect the package	2026-10-07T08:13:17.8519366Z (pass) resume_goal refuses while the supervisor is frozen [343.07ms]
publish	Test and inspect the package	2026-10-07T08:13:18.1802575Z (pass) resume_goal probes pending main-model recovery inline instead of bouncing (124544) [327.10ms]
publish	Test and inspect the package	2026-10-07T08:13:18.3222353Z (pass) resume_goal refuses a terminal goal with the real recovery path [143.22ms]
publish	Test and inspect the package	2026-10-07T08:13:18.3258743Z (pass) resume_goal keeps its live-loop refusal (source-pinned defense-in-depth) [3.55ms]
publish	Test and inspect the package	2026-10-07T08:13:19.7443948Z (pass) paused → resume_goal → complete_goal flows without a manual resume [1418.44ms]
publish	Test and inspect the package	2026-10-07T08:13:21.0117034Z (pass) resume_goal re-fires a stored completion claim through the agent origin [1267.31ms]
publish	Test and inspect the package	2026-10-07T08:13:21.0117786Z 
publish	Test and inspect the package	2026-10-07T08:13:21.0118294Z ##[endgroup]
publish	Test and inspect the package	2026-10-07T08:13:21.0121894Z 
publish	Test and inspect the package	2026-10-07T08:13:21.0125004Z ##[group]tests/list-audit.test.ts:
publish	Test and inspect the package	2026-10-07T08:13:21.3137584Z (pass) parseAuditFindingsForFanout: open boxes actionable, [?] boxes decisions, checked boxes ignored [0.68ms]
publish	Test and inspect the package	2026-10-07T08:13:21.3143208Z (pass) parseAuditFindingsForFanout: tolerates the /loop audit format (no FIX: prefix) [0.19ms]
publish	Test and inspect the package	2026-10-07T08:13:21.3144814Z (pass) parseAuditFindingsForFanout: accepts aligned open checkbox spacing [0.11ms]
publish	Test and inspect the package	2026-10-07T08:13:21.3145745Z (pass) parseAuditFindingsForFanout: empty / missing content yields nothing [0.06ms]
publish	Test and inspect the package	2026-10-07T08:13:21.3146654Z (pass) listAuditFanoutItemText: checkable Done when tied to the findings file [0.22ms]
publish	Test and inspect the package	2026-10-07T08:13:21.3147926Z (pass) listAuditCollectTarget: collect-only — marker, no-fix law, honest-empty law, Done when [0.22ms]
publish	Test and inspect the package	2026-10-07T08:13:21.3148816Z (pass) /list audit route: builds the collect target and enqueues it [0.21ms]
publish	Test and inspect the package	2026-10-07T08:13:21.3153479Z (pass) completion fan-out: collect items fan out + suppress the list-complete noise [0.76ms]
publish	Test and inspect the package	2026-10-07T08:13:21.3168468Z (pass) fan-out: canonical dedupe, cap accounting, optional auto-accept, and decline keeps findings open [1.49ms]
publish	Test and inspect the package	2026-10-07T08:13:21.3171828Z (pass) fan-out dedupe round-trip: stored form matches, prefix collisions do not [0.38ms]
publish	Test and inspect the package	2026-10-07T08:13:21.3176741Z (pass) help surface: /list audit appears in the command description + completions [0.44ms]
publish	Test and inspect the package	2026-10-07T08:13:21.3180821Z (pass) markers: the built targets still contain what the guards match on [0.43ms]
publish	Test and inspect the package	2026-10-07T08:13:21.3183011Z (pass) /loop audit warns when a one-shot audit goal exists (paused or active) [0.24ms]
publish	Test and inspect the package	2026-10-07T08:13:21.3186329Z (pass) /goal audit + /list audit warn when an audit loop is already running [0.29ms]
publish	Test and inspect the package	2026-10-07T08:13:21.3194333Z (pass) restore-hold names the supersession in the widget surface [0.78ms]
publish	Test and inspect the package	2026-10-07T08:13:21.3196190Z (pass) v0.33.3: one-shot audit raises DECIDE findings as questions before completing [0.13ms]
publish	Test and inspect the package	2026-10-07T08:13:21.3196617Z 
publish	Test and inspect the package	2026-10-07T08:13:21.3196970Z ##[endgroup]
publish	Test and inspect the package	2026-10-07T08:13:21.3201156Z 
publish	Test and inspect the package	2026-10-07T08:13:21.3201957Z ##[group]tests/recovery-status-format.test.ts:
publish	Test and inspect the package	2026-10-07T08:13:21.5955663Z (pass) trajectory: attempts and failing-since render when present [0.72ms]
publish	Test and inspect the package	2026-10-07T08:13:21.5969114Z (pass) trajectory: absent counters render no row [0.11ms]
publish	Test and inspect the package	2026-10-07T08:13:21.5970185Z (pass) cause: deterministic class is named, transients stay unlabeled [0.15ms]
publish	Test and inspect the package	2026-10-07T08:13:21.5971042Z (pass) existing rows keep their shape [0.11ms]
publish	Test and inspect the package	2026-10-07T08:13:21.5971418Z 
publish	Test and inspect the package	2026-10-07T08:13:21.5972387Z ##[endgroup]
publish	Test and inspect the package	2026-10-07T08:13:21.5972724Z 
publish	Test and inspect the package	2026-10-07T08:13:21.5973802Z ##[group]tests/failover-primary-probe.test.ts:
publish	Test and inspect the package	2026-10-07T08:13:21.8866452Z (pass) failover stamps the primary reset while fallback-chain work proceeds [20.56ms]
publish	Test and inspect the package	2026-10-07T08:13:21.8880896Z (pass) hintless primary failure stamps no reset [1.43ms]
publish	Test and inspect the package	2026-10-07T08:13:21.8892437Z (pass) background primary probe fires at reset, not on the generic cadence [1.33ms]
publish	Test and inspect the package	2026-10-07T08:13:21.8898533Z (pass) no reset keeps the generic probe cadence [0.65ms]
publish	Test and inspect the package	2026-10-07T08:13:21.8899084Z 
publish	Test and inspect the package	2026-10-07T08:13:21.8899674Z ##[endgroup]
publish	Test and inspect the package	2026-10-07T08:13:21.8902794Z 
publish	Test and inspect the package	2026-10-07T08:13:21.8903592Z ##[group]tests/load-wait-bound.test.ts:
publish	Test and inspect the package	2026-10-07T08:13:22.3890151Z (pass) 153404: a 4.5h load wait is clamped to the hourly horizon with a re-check notice [229.54ms]
publish	Test and inspect the package	2026-10-07T08:13:22.5369592Z (pass) 153404: a short wait inside the horizon is stored as requested [147.75ms]
publish	Test and inspect the package	2026-10-07T08:13:22.5370591Z 
publish	Test and inspect the package	2026-10-07T08:13:22.5371252Z ##[endgroup]
publish	Test and inspect the package	2026-10-07T08:13:22.5380250Z 
publish	Test and inspect the package	2026-10-07T08:13:22.5397621Z ##[group]tests/session-rpc-rebind.test.ts:
publish	Test and inspect the package	2026-10-07T08:13:23.0283223Z (pass) S6: a claim-raised session generation re-binds the subagent RPC host [173.75ms]
publish	Test and inspect the package	2026-10-07T08:13:23.0304038Z 
publish	Test and inspect the package	2026-10-07T08:13:23.0320959Z ##[endgroup]
publish	Test and inspect the package	2026-10-07T08:13:23.0343924Z 
publish	Test and inspect the package	2026-10-07T08:13:23.0376055Z ##[group]tests/quota-retry.test.ts:
publish	Test and inspect the package	2026-10-07T08:13:23.3615154Z (pass) structured HTTP status is normalized before provider classification [1.55ms]
publish	Test and inspect the package	2026-10-07T08:13:23.3640265Z (pass) provider-wall copy separates safe display/action text from durable diagnostics [0.40ms]
publish	Test and inspect the package	2026-10-07T08:13:23.3641758Z (pass) non-sensitive provider text projects a bounded display while staying redaction-capable [0.22ms]
publish	Test and inspect the package	2026-10-07T08:13:23.3643118Z (pass) bare 403 provider payloads are sensitive diagnostics, not raw display copy [0.14ms]
publish	Test and inspect the package	2026-10-07T08:13:23.3644779Z (pass) full auditor reports redact raw provider payload lines while preserving safe findings [0.62ms]
publish	Test and inspect the package	2026-10-07T08:13:23.3646096Z (pass) multiline provider markers redact the following arbitrary JSON payload [0.18ms]
publish	Test and inspect the package	2026-10-07T08:13:23.3647248Z (pass) audit history projections sanitize provider diagnostics [0.55ms]
publish	Test and inspect the package	2026-10-07T08:13:23.3648362Z (pass) scheduleQuotaRetry deduplicates one notice key within an episode [0.36ms]
publish	Test and inspect the package	2026-10-07T08:13:23.3649984Z (pass) parseQuotaError: 429 with Retry-After: 5 → retryAfterSec 5 (item 12 test 1) [0.25ms]
publish	Test and inspect the package	2026-10-07T08:13:23.3651321Z (pass) parseQuotaError: 429 without hint → default 3600 (item 12 test 2) [0.12ms]
publish	Test and inspect the package	2026-10-07T08:13:23.3656860Z (pass) parseQuotaError: prose hints (retry in 2m / retry after 30 seconds) [1.87ms]
publish	Test and inspect the package	2026-10-07T08:13:23.3667327Z (pass) v0.34.125: temporary-window prose is honored — no give-up until the bigger reset [0.66ms]
publish	Test and inspect the package	2026-10-07T08:13:23.3846955Z (pass) v0.34.125: 'temporarily over quota' is a retryable rate-limit, plain 'temporarily unavailable' stays ambiguous [17.85ms]
publish	Test and inspect the package	2026-10-07T08:13:23.3858533Z (pass) quota classification stays conservative around ambiguous provider errors [0.19ms]
publish	Test and inspect the package	2026-10-07T08:13:23.3861184Z (pass) every explicit 429/rate-limit marker stays a retryable request-rate wall [0.07ms]
publish	Test and inspect the package	2026-10-07T08:13:23.3862755Z (pass) plan wording without a 429 remains distinct, while 429 Token Plan text is rate-limit [0.11ms]
publish	Test and inspect the package	2026-10-07T08:13:23.3864313Z (pass) parseQuotaError: JSON reset fields and HTTP-date reset are understood [0.22ms]
publish	Test and inspect the package	2026-10-07T08:13:23.3865503Z (pass) parseQuotaError: digit-leading Retry-After ISO date is not truncated as seconds [0.08ms]
publish	Test and inspect the package	2026-10-07T08:13:23.3866227Z (pass) quota retry cadence caps at five hours instead of retrying for a week [0.13ms]
publish	Test and inspect the package	2026-10-07T08:13:23.3866756Z (pass) isQuotaError: wild-caught shapes [0.07ms]
publish	Test and inspect the package	2026-10-07T08:13:24.7007890Z (pass) scheduleQuotaRetry: fires the callback after the window (item 12 test 3 core) [1314.52ms]
publish	Test and inspect the package	2026-10-07T08:13:26.0112898Z (pass) cancelQuotaRetry: a pending retry does not fire (item 12 test 4 core) [1310.55ms]
publish	Test and inspect the package	2026-10-07T08:13:26.0115077Z (pass) selectQuotaWaitReroute: reason wording wins with its parsed hint [0.44ms]
publish	Test and inspect the package	2026-10-07T08:13:26.0117676Z (pass) selectQuotaWaitReroute: absolute reset survives only while future [0.18ms]
publish	Test and inspect the package	2026-10-07T08:13:26.0119867Z (pass) selectQuotaWaitReroute: fresh evidence supplies the cause; stale never does [0.18ms]
publish	Test and inspect the package	2026-10-07T08:13:26.0122228Z (pass) subagentQuotaEvidenceFrom: quota payloads become evidence, plain errors do not [0.23ms]
publish	Test and inspect the package	2026-10-07T08:13:26.0123152Z 
publish	Test and inspect the package	2026-10-07T08:13:26.0123996Z ##[endgroup]
publish	Test and inspect the package	2026-10-07T08:13:26.0126457Z 
publish	Test and inspect the package	2026-10-07T08:13:26.0126956Z ##[group]tests/process-registration-faults.test.ts:
publish	Test and inspect the package	2026-10-07T08:13:26.3633586Z (pass) process registration first-write failure is visible and stops the owned child [71.71ms]
publish	Test and inspect the package	2026-10-07T08:13:26.4167025Z (pass) process registration rename failure is visible and stops the owned child [53.38ms]
publish	Test and inspect the package	2026-10-07T08:13:27.2650830Z (pass) process registration owner-loss failure is visible and stops the owned child [848.36ms]
publish	Test and inspect the package	2026-10-07T08:13:28.1137301Z (pass) process registration refresh failure is visible and stops the owned child [848.62ms]
publish	Test and inspect the package	2026-10-07T08:13:28.2904030Z (pass) process registration primary-loss failure is visible and stops the owned child [176.64ms]
publish	Test and inspect the package	2026-10-07T08:13:28.3410283Z (pass) process registration obligation-write failure is visible and stops the owned child [50.62ms]
publish	Test and inspect the package	2026-10-07T08:13:28.5156299Z (pass) process registration obligation-owner-loss failure is visible and stops the owned child [174.58ms]
publish	Test and inspect the package	2026-10-07T08:13:28.5683957Z (pass) process registration initial-owner-loss failure is visible and stops the owned child [52.73ms]
publish	Test and inspect the package	2026-10-07T08:13:28.6202675Z (pass) process registration stat-denied failure is visible and stops the owned child [51.88ms]
publish	Test and inspect the package	2026-10-07T08:13:28.6718326Z (pass) process registration stat-malformed failure is visible and stops the owned child [51.54ms]
publish	Test and inspect the package	2026-10-07T08:13:28.7234673Z (pass) process registration stat-missing failure is visible and stops the owned child [51.60ms]
publish	Test and inspect the package	2026-10-07T08:13:28.7848494Z (pass) proven already-exited child retires its declaration without a cleanup failure [61.38ms]
publish	Test and inspect the package	2026-10-07T08:13:28.8468294Z (pass) proven proc-disappeared child retires its declaration without a cleanup failure [62.00ms]
publish	Test and inspect the package	2026-10-07T08:13:28.8922514Z (pass) proven suite-group child retires its declaration without a cleanup failure [45.36ms]
publish	Test and inspect the package	2026-10-07T08:13:28.8923047Z 
publish	Test and inspect the package	2026-10-07T08:13:28.8923745Z ##[endgroup]
publish	Test and inspect the package	2026-10-07T08:13:28.8927881Z 
publish	Test and inspect the package	2026-10-07T08:13:28.8928281Z ##[group]tests/seed-sufficiency.test.ts:
publish	Test and inspect the package	2026-10-07T08:13:29.1664778Z (pass) rich seed alone is sufficient with no session context [1.14ms]
publish	Test and inspect the package	2026-10-07T08:13:29.1684385Z (pass) thin seed with no context still drafts [0.93ms]
publish	Test and inspect the package	2026-10-07T08:13:29.1709823Z (pass) thin seed plus rich related context is sufficient [0.51ms]
publish	Test and inspect the package	2026-10-07T08:13:29.1711983Z (pass) thin seed plus unrelated context still drafts [0.19ms]
publish	Test and inspect the package	2026-10-07T08:13:29.1712974Z (pass) assistant monologue never supplies the missing detail [0.12ms]
publish	Test and inspect the package	2026-10-07T08:13:29.1714509Z (pass) question-only, vague, and chatter seeds still draft [0.24ms]
publish	Test and inspect the package	2026-10-07T08:13:29.1715206Z (pass) multi-task seed still drafts so scope is confirmed first [0.09ms]
publish	Test and inspect the package	2026-10-07T08:13:29.1715802Z (pass) slash commands and overlong seeds fail closed to drafting [0.08ms]
publish	Test and inspect the package	2026-10-07T08:13:29.1716385Z (pass) unreadable session context fails closed without throwing [0.32ms]
publish	Test and inspect the package	2026-10-07T08:13:29.1717376Z (pass) countDetailAnchors counts distinct evidence classes, not repeats [0.08ms]
publish	Test and inspect the package	2026-10-07T08:13:29.1717969Z (pass) cmdSet consults the sufficiency gate before drafting [0.30ms]
publish	Test and inspect the package	2026-10-07T08:13:29.1718506Z (pass) seeded grill message promises a dynamic-length interview [0.25ms]
publish	Test and inspect the package	2026-10-07T08:13:29.1718798Z 
publish	Test and inspect the package	2026-10-07T08:13:29.1719126Z ##[endgroup]
publish	Test and inspect the package	2026-10-07T08:13:29.1719251Z 
publish	Test and inspect the package	2026-10-07T08:13:29.1719516Z ##[group]tests/goal-route.test.ts:
publish	Test and inspect the package	2026-10-07T08:13:29.4454903Z (pass) empty args → draft [0.24ms]
publish	Test and inspect the package	2026-10-07T08:13:29.4456032Z (pass) exact subcommands route [0.11ms]
publish	Test and inspect the package	2026-10-07T08:13:29.4481288Z (pass) subcommands are case-insensitive [0.07ms]
publish	Test and inspect the package	2026-10-07T08:13:29.4500497Z (pass) tweak takes args [0.06ms]
publish	Test and inspect the package	2026-10-07T08:13:29.4501756Z (pass) archive routes with or without args [0.09ms]
publish	Test and inspect the package	2026-10-07T08:13:29.4502661Z (pass) CRITICAL: objective starting with 'pause' is a goal, not a subcommand [0.08ms]
publish	Test and inspect the package	2026-10-07T08:13:29.4503517Z (pass) CRITICAL: objective starting with 'status' is a goal [0.06ms]
publish	Test and inspect the package	2026-10-07T08:13:29.4504416Z (pass) objective starting with 'cancel' is a goal [0.05ms]
publish	Test and inspect the package	2026-10-07T08:13:29.4505074Z (pass) plain objectives set [0.06ms]
publish	Test and inspect the package	2026-10-07T08:13:29.4505868Z (pass) quoted objectives set (quote stripping happens downstream) [0.05ms]
publish	Test and inspect the package	2026-10-07T08:13:29.4506810Z (pass) goalArgsNeedDrafting: vague objective needs drafting [0.13ms]
publish	Test and inspect the package	2026-10-07T08:13:29.4507790Z (pass) goalArgsNeedDrafting: explicit contract activates instantly [0.10ms]
publish	Test and inspect the package	2026-10-07T08:13:29.4508761Z (pass) goalArgsNeedDrafting: empty is the no-args drafting path [0.06ms]
publish	Test and inspect the package	2026-10-07T08:13:29.4509781Z (pass) buildSeedGrillMessage: seed + tool + gate notice + grilling protocol [0.35ms]
publish	Test and inspect the package	2026-10-07T08:13:29.4511193Z (pass) draftProposalBlock: 0 replies → block with instructions, ≥1 → null [0.16ms]
publish	Test and inspect the package	2026-10-07T08:13:29.4512045Z (pass) draftProposalBlock: escape hatch after 3 blocked proposals (v0.15.1) [0.15ms]
publish	Test and inspect the package	2026-10-07T08:13:29.4512769Z (pass) askUserQuestionAnswered: answered dialog counts, cancel/esc does not (v0.15.1) [0.14ms]
publish	Test and inspect the package	2026-10-07T08:13:29.4513802Z (pass) /goal start routes as a subcommand with the objective as rest (v0.16.0) [0.08ms]
publish	Test and inspect the package	2026-10-07T08:13:29.4514479Z (pass) normalizeDraftContract: drops bare 'Done when:' introducer lines [0.13ms]
publish	Test and inspect the package	2026-10-07T08:13:29.4515200Z (pass) normalizeDraftContract: drops 'Done when ALL of the following are true:' preamble [0.08ms]
publish	Test and inspect the package	2026-10-07T08:13:29.4515948Z (pass) normalizeDraftContract: strips glued 'Done when: ' prefix on content line [0.06ms]
publish	Test and inspect the package	2026-10-07T08:13:29.4516682Z (pass) normalizeDraftContract: renumbers mixed bullets and existing numbers sequentially [0.12ms]
publish	Test and inspect the package	2026-10-07T08:13:29.4517360Z (pass) normalizeDraftContract: prose lines pass through untouched [0.07ms]
publish	Test and inspect the package	2026-10-07T08:13:29.4517926Z (pass) draftContractItemCount counts numbered items only [0.08ms]
publish	Test and inspect the package	2026-10-07T08:13:29.4518516Z (pass) classifySessionCtx: no owner yet → claim [0.05ms]
publish	Test and inspect the package	2026-10-07T08:13:29.4519140Z (pass) classifySessionCtx: owner stale → claim (session replaced via /new) [0.06ms]
publish	Test and inspect the package	2026-10-07T08:13:29.4519887Z (pass) classifySessionCtx: same sessionManager → refresh (main session event) [0.03ms]
publish	Test and inspect the package	2026-10-07T08:13:29.4520637Z (pass) classifySessionCtx: different sessionManager → foreign (subagent session) [0.03ms]
publish	Test and inspect the package	2026-10-07T08:13:29.4520997Z 
publish	Test and inspect the package	2026-10-07T08:13:29.4521320Z ##[endgroup]
publish	Test and inspect the package	2026-10-07T08:13:29.4521446Z 
publish	Test and inspect the package	2026-10-07T08:13:29.4521710Z ##[group]tests/draft-staging.test.ts:
publish	Test and inspect the package	2026-10-07T08:13:29.7344793Z (pass) v0.38.53: proposal stages stale and interview gates before Confirm [0.44ms]
publish	Test and inspect the package	2026-10-07T08:13:29.7346160Z (pass) v0.38.53: list batch conflict handling follows confirmation and precedes enqueue [0.15ms]
publish	Test and inspect the package	2026-10-07T08:13:29.7347402Z (pass) v0.38.53: single list confirmation precedes post-confirm conflict handling [0.12ms]
publish	Test and inspect the package	2026-10-07T08:13:29.7348728Z (pass) v0.38.53: prompt construction precedes the drafting gate, then model lease and steering [0.06ms]
publish	Test and inspect the package	2026-10-07T08:13:29.7349370Z 
publish	Test and inspect the package	2026-10-07T08:13:29.7349837Z ##[endgroup]
publish	Test and inspect the package	2026-10-07T08:13:29.7350052Z 
publish	Test and inspect the package	2026-10-07T08:13:29.7350550Z ##[group]tests/policy-self-heal.test.ts:
publish	Test and inspect the package	2026-10-07T08:13:30.0136142Z (pass) parseGoalPolicyFromMd reads the durable marker, undefined when absent [2.70ms]
publish	Test and inspect the package	2026-10-07T08:13:30.0326356Z (pass) healCorruptedGoalPolicy repairs a corrupted policy from the durable .md and ledgers it [18.81ms]
publish	Test and inspect the package	2026-10-07T08:13:30.0329008Z (pass) healCorruptedGoalPolicy leaves healthy policies and null goals untouched [0.46ms]
publish	Test and inspect the package	2026-10-07T08:13:30.0335722Z (pass) healCorruptedGoalPolicy with no durable source records heal_failed and does not fake a mode [0.65ms]
publish	Test and inspect the package	2026-10-07T08:13:30.0351083Z (pass) healed state persists — the next readState sees the fixed policy (no restart needed) [1.44ms]
publish	Test and inspect the package	2026-10-07T08:13:30.2166426Z (pass) bug 1.7: /list pause with a corrupted in-memory policy heals at the gate instead of refusing [181.33ms]
publish	Test and inspect the package	2026-10-07T08:13:30.4137727Z (pass) bug 1.7: /goal pause with a corrupted in-memory policy heals to goal and proceeds [197.07ms]
publish	Test and inspect the package	2026-10-07T08:13:30.6490225Z (pass) S10: unhealable corruption names the true cause instead of failing over to a misleading refusal [234.39ms]
publish	Test and inspect the package	2026-10-07T08:13:30.6509959Z 
publish	Test and inspect the package	2026-10-07T08:13:30.6517695Z ##[endgroup]
publish	Test and inspect the package	2026-10-07T08:13:30.6518319Z 
publish	Test and inspect the package	2026-10-07T08:13:30.6518971Z ##[group]tests/auditor-fallback-thinking.test.ts:
publish	Test and inspect the package	2026-10-07T08:13:30.9569430Z (pass) non-empty fallback save is followed by the auditor thinking select [30.66ms]
publish	Test and inspect the package	2026-10-07T08:13:30.9610980Z (pass) typing the session model into the fallback input names the slot-0 exclusion [4.14ms]
publish	Test and inspect the package	2026-10-07T08:13:30.9624659Z (pass) clearing the fallback chain skips the thinking prompt [1.50ms]
publish	Test and inspect the package	2026-10-07T08:13:30.9625104Z 
publish	Test and inspect the package	2026-10-07T08:13:30.9625663Z ##[endgroup]
publish	Test and inspect the package	2026-10-07T08:13:30.9628484Z 
publish	Test and inspect the package	2026-10-07T08:13:30.9628934Z ##[group]tests/task-atomicity-gate.test.ts:
publish	Test and inspect the package	2026-10-07T08:13:31.2364965Z (pass) batch validation accepts a well-formed multi-update batch [0.78ms]
publish	Test and inspect the package	2026-10-07T08:13:31.2366974Z (pass) batch validation rejects unknown ids naming the offender [0.28ms]
publish	Test and inspect the package	2026-10-07T08:13:31.2368474Z (pass) batch validation rejects duplicate ids and empty batches [0.15ms]
publish	Test and inspect the package	2026-10-07T08:13:31.2369880Z (pass) batch apply copies: the input list object is never mutated [0.65ms]
publish	Test and inspect the package	2026-10-07T08:13:31.2370964Z (pass) withTaskStatus replaces one status on a copy [0.64ms]
publish	Test and inspect the package	2026-10-07T08:13:31.2372307Z (pass) open-task collection skips complete and deferred tasks, keeps BFS order [0.14ms]
publish	Test and inspect the package	2026-10-07T08:13:31.2373056Z (pass) refusal text names every open task with id, title, and status [0.27ms]
publish	Test and inspect the package	2026-10-07T08:13:31.2786091Z (pass) batch tool applies several updates in one write and reports them [42.06ms]
publish	Test and inspect the package	2026-10-07T08:13:31.2935307Z (pass) batch tool rejects an unknown id with state byte-identical [13.68ms]
publish	Test and inspect the package	2026-10-07T08:13:31.3599651Z (pass) batch milestone failure leaves the whole batch unapplied (mid-batch kill) [67.66ms]
publish	Test and inspect the package	2026-10-07T08:13:31.3602228Z (pass) milestone failure text: a failed gate names the red command [0.20ms]
publish	Test and inspect the package	2026-10-07T08:13:31.3604115Z (pass) milestone failure text: an inconclusive gate never claims FAILED [0.18ms]
publish	Test and inspect the package	2026-10-07T08:13:31.3902889Z (pass) single tools keep their pinned messages on the copy-swap path [28.46ms]
publish	Test and inspect the package	2026-10-07T08:13:31.4188613Z (pass) already-complete and same-status moves report state instead of not found [30.06ms]
publish	Test and inspect the package	2026-10-07T08:13:31.4746850Z (pass) deferred judgment with a real taskId stamps the exemption durably [55.50ms]
publish	Test and inspect the package	2026-10-07T08:13:31.5329501Z (pass) judgment with an unknown taskId records nothing [55.06ms]
publish	Test and inspect the package	2026-10-07T08:13:31.5875338Z (pass) inline judgment with a taskId is refused — no exemption by accident [54.77ms]
publish	Test and inspect the package	2026-10-07T08:13:31.6411513Z (pass) claim with open committed tasks is refused naming each one, auditor untouched [56.78ms]
publish	Test and inspect the package	2026-10-07T08:13:31.7880076Z (pass) claim passes the gate when open tasks are finished and the rest deferred [146.29ms]
publish	Test and inspect the package	2026-10-07T08:13:31.7975399Z (pass) zzz successor-plane reset (file hygiene, keep last) [0.09ms]
publish	Test and inspect the package	2026-10-07T08:13:31.7990142Z 
publish	Test and inspect the package	2026-10-07T08:13:31.7991010Z ##[endgroup]
publish	Test and inspect the package	2026-10-07T08:13:31.7991469Z 
publish	Test and inspect the package	2026-10-07T08:13:31.7992212Z ##[group]tests/context-growth-measurement.test.ts:
publish	Test and inspect the package	2026-10-07T08:13:32.1007355Z (pass) fixture: repeated real continuation payloads grow context linearly and are isolated [26.21ms]
publish	Test and inspect the package	2026-10-07T08:13:32.1076955Z (pass) reported checkpoint shape stays pinned across all probe sizes [7.00ms]
publish	Test and inspect the package	2026-10-07T08:13:32.1078289Z (pass) provider capture preserves exact pi-ai usage and rejects partial data [0.14ms]
publish	Test and inspect the package	2026-10-07T08:13:32.1092481Z (pass) measurement: failed turns and ordinary conversation remain separate from GLLA payload bytes [1.42ms]
publish	Test and inspect the package	2026-10-07T08:13:32.1136018Z 
publish	Test and inspect the package	2026-10-07T08:13:32.1137191Z ##[endgroup]
publish	Test and inspect the package	2026-10-07T08:13:32.1137643Z 
publish	Test and inspect the package	2026-10-07T08:13:32.1138303Z ##[group]tests/state-root-consumers.test.ts:
publish	Test and inspect the package	2026-10-07T08:13:32.5182626Z (pass) resolved consumers follow the selected root — dispatch, stats, audit findings [25.41ms]
publish	Test and inspect the package	2026-10-07T08:13:32.5199377Z (pass) pending sessionDir defers dispatch, reviewer, and audit writes — no cwd fallback tree [1.80ms]
publish	Test and inspect the package	2026-10-07T08:13:32.5205428Z (pass) workingDir fallback and PI_SESSION_FILE fallback behave correctly [0.72ms]
publish	Test and inspect the package	2026-10-07T08:13:32.5220546Z (pass) source pins: raw cwd/.pi-glla hardcodings are gone from consumers [1.35ms]
publish	Test and inspect the package	2026-10-07T08:13:32.5221873Z 
publish	Test and inspect the package	2026-10-07T08:13:32.5222674Z ##[endgroup]
publish	Test and inspect the package	2026-10-07T08:13:32.5241444Z 
publish	Test and inspect the package	2026-10-07T08:13:32.5242711Z ##[group]tests/pause-informativeness.test.ts:
publish	Test and inspect the package	2026-10-07T08:13:32.8631711Z (pass) wrap: short text stays one line; long text wraps at width; cap ellipsizes [18.10ms]
publish	Test and inspect the package	2026-10-07T08:13:32.8645955Z (pass) paused card wraps the reason over multiple lines instead of truncating at 60 [1.51ms]
publish	Test and inspect the package	2026-10-07T08:13:32.8666825Z (pass) paused card answers 'did I lose the work?' with a saved line [1.69ms]
publish	Test and inspect the package	2026-10-07T08:13:32.8668389Z (pass) paused card wraps the suggested action and closes the branch on its last line [0.60ms]
publish	Test and inspect the package	2026-10-07T08:13:32.8710550Z (pass) pause_goal tool notification carries the FULL reason AND suggested action [4.23ms]
publish	Test and inspect the package	2026-10-07T08:13:32.8835346Z (pass) pause_goal tool: structured kind/options/recommended/resumeAt persist to the goal (v0.28.22) [12.22ms]
publish	Test and inspect the package	2026-10-07T08:13:32.8850963Z (pass) pause_goal description: teaches the real command surface + no-id vocabulary (v0.28.24) [1.68ms]
publish	Test and inspect the package	2026-10-07T08:13:32.8865593Z (pass) late pause calls cannot overwrite a paused or auditing lifecycle [1.51ms]
publish	Test and inspect the package	2026-10-07T08:13:32.8925345Z (pass) v0.28.30: pause/abort notifies name the policy (List item vs Goal) via goalNoun [5.85ms]
publish	Test and inspect the package	2026-10-07T08:13:32.9005245Z (pass) v0.34.98: long-wait pause (> 6h) surfaces a tweak-prompt notification + ledger entry [6.99ms]
publish	Test and inspect the package	2026-10-07T08:13:32.9061334Z (pass) v0.34.98: short-wait pause (≤ 6h) does NOT trigger the tweak offer [6.48ms]
publish	Test and inspect the package	2026-10-07T08:13:32.9111210Z 
publish	Test and inspect the package	2026-10-07T08:13:32.9125025Z ##[endgroup]
publish	Test and inspect the package	2026-10-07T08:13:32.9125713Z 
publish	Test and inspect the package	2026-10-07T08:13:32.9126413Z ##[group]tests/start-context.test.ts:
publish	Test and inspect the package	2026-10-07T08:13:33.2481677Z (pass) bare-start inference accepts one clear current request [10.92ms]
publish	Test and inspect the package	2026-10-07T08:13:33.2483092Z (pass) bare-start inference ignores assistant text and generic acknowledgements [0.17ms]
publish	Test and inspect the package	2026-10-07T08:13:33.2486838Z (pass) bare-start inference deduplicates a repeated request [0.30ms]
publish	Test and inspect the package	2026-10-07T08:13:33.2489717Z (pass) bare-start inference fails closed for two distinct requests [0.54ms]
publish	Test and inspect the package	2026-10-07T08:13:33.2491860Z (pass) bare-start inference falls back for vague or command-only context [0.18ms]
publish	Test and inspect the package	2026-10-07T08:13:33.2493128Z (pass) bare-start inference marks a multi-task request ambiguous [0.11ms]
publish	Test and inspect the package	2026-10-07T08:13:33.2494695Z (pass) bare-start inference preserves multiline task boundaries [0.08ms]
publish	Test and inspect the package	2026-10-07T08:13:33.2503724Z (pass) session reader uses only a bounded active-branch tail [0.91ms]
publish	Test and inspect the package	2026-10-07T08:13:33.2505138Z (pass) session reader fails closed when the host branch cannot be read [0.10ms]
publish	Test and inspect the package	2026-10-07T08:13:33.2506775Z (pass) field 2026-09-16: chatter shapes divert, real objectives pass through [0.20ms]
publish	Test and inspect the package	2026-10-07T08:13:33.2509427Z (pass) field 2026-09-16: tweak chatter resolves to the discussed objective (VidPro replay) [0.28ms]
publish	Test and inspect the package	2026-10-07T08:13:33.2510951Z (pass) audit 2026-09-16: explicit compound tweak never substitutes an older request [0.08ms]
publish	Test and inspect the package	2026-10-07T08:13:33.2515420Z (pass) field 2026-09-16: tweak chatter with no discussed objective is unresolvable, never verbatim [0.11ms]
publish	Test and inspect the package	2026-10-07T08:13:33.2517433Z (pass) field 2026-09-16: tweak chatter over competing requests surfaces candidates [0.28ms]
publish	Test and inspect the package	2026-10-07T08:13:33.2518047Z 
publish	Test and inspect the package	2026-10-07T08:13:33.2518518Z ##[endgroup]
publish	Test and inspect the package	2026-10-07T08:13:33.2519678Z 
publish	Test and inspect the package	2026-10-07T08:13:33.2520158Z ##[group]tests/last-outcome-retention.test.ts:
publish	Test and inspect the package	2026-10-07T08:13:33.5345256Z (pass) v0.35.72: a legacy approved lastOutcome never repaints a completed row [0.33ms]
publish	Test and inspect the package	2026-10-07T08:13:33.5358882Z (pass) v0.35.72: a legacy aborted lastOutcome also stays hidden [0.08ms]
publish	Test and inspect the package	2026-10-07T08:13:33.5366213Z (pass) v0.35.72: a live goal remains the only rendered surface [0.62ms]
publish	Test and inspect the package	2026-10-07T08:13:33.5368107Z (pass) v0.35.72: source pins — slot close clears lastOutcome; wipe remains a clean slate [0.34ms]
publish	Test and inspect the package	2026-10-07T08:13:33.5370160Z (pass) v0.35.34: lastOutcome round-trips through persistStateLine → readState (durable across restarts) [2.45ms]
publish	Test and inspect the package	2026-10-07T08:13:33.5555759Z (pass) v0.35.34: corrupt lastOutcome lines degrade to absent, never throw [19.08ms]
publish	Test and inspect the package	2026-10-07T08:13:33.5556420Z 
publish	Test and inspect the package	2026-10-07T08:13:33.5556900Z ##[endgroup]
publish	Test and inspect the package	2026-10-07T08:13:33.5559741Z 
publish	Test and inspect the package	2026-10-07T08:13:33.5560549Z ##[group]tests/repro-jiti-state-split.test.mjs:
publish	Test and inspect the package	2026-10-07T08:13:33.9197775Z (pass) jiti: /list audit enqueues, persists the item, and ACTIVATES (state binding not split) [52.43ms]
publish	Test and inspect the package	2026-10-07T08:13:33.9199073Z 
publish	Test and inspect the package	2026-10-07T08:13:33.9205089Z ##[endgroup]
publish	Test and inspect the package	2026-10-07T08:13:33.9205808Z 
publish	Test and inspect the package	2026-10-07T08:13:33.9206816Z ##[group]tests/fresh-session-auto-recovery.test.ts:
publish	Test and inspect the package	2026-10-07T08:13:34.2094719Z (pass) attemptFreshSessionRecovery: helper checks the actual context capability, not ExtensionAPI [0.58ms]
publish	Test and inspect the package	2026-10-07T08:13:34.2097874Z (pass) attemptFreshSessionRecovery: returns false when the event context lacks newSession [0.10ms]
publish	Test and inspect the package	2026-10-07T08:13:34.2101347Z (pass) runtime: current event-shaped context skips because pi does not expose newSession there [0.77ms]
publish	Test and inspect the package	2026-10-07T08:13:34.2102824Z (pass) runtime: a future command-capable host context is actually invoked and ledgered [0.71ms]
publish	Test and inspect the package	2026-10-07T08:13:34.2104506Z (pass) runtime: rejected or callback-free async recovery fails closed [1.37ms]
publish	Test and inspect the package	2026-10-07T08:13:34.2106140Z (pass) every stale-ctx send site routes through attemptFreshSessionRecovery before falling back to goStaleTerminal [0.31ms]
publish	Test and inspect the package	2026-10-07T08:13:34.2107750Z (pass) stale display guidance names /new, not /reload, for the actual cached-ctx wedge [0.28ms]
publish	Test and inspect the package	2026-10-07T08:13:34.2108395Z 
publish	Test and inspect the package	2026-10-07T08:13:34.2108930Z ##[endgroup]
publish	Test and inspect the package	2026-10-07T08:13:34.2334074Z 
publish	Test and inspect the package	2026-10-07T08:13:34.2340381Z ##[group]tests/reviewer.test.ts:
publish	Test and inspect the package	2026-10-07T08:13:34.5127830Z (pass) fires on goal-complete + list-complete; NOT on aborted/paused [1.46ms]
publish	Test and inspect the package	2026-10-07T08:13:34.5136232Z (pass) leverage: bug/TODO findings enqueue to /list WITHOUT any Confirm (no proposeGoal) [0.96ms]
publish	Test and inspect the package	2026-10-07T08:13:34.5316464Z (pass) architectural findings are proposed as /goal (Confirm path) [17.81ms]
publish	Test and inspect the package	2026-10-07T08:13:34.5317338Z (pass) classification order: strategic > architectural > bug > refactor [0.14ms]
publish	Test and inspect the package	2026-10-07T08:13:34.5324274Z (pass) clean completion fires the audit step; strategic-only notifies [0.83ms]
publish	Test and inspect the package	2026-10-07T08:13:34.5328390Z (pass) runaway prevention: a reviewer fire in the last 5 minutes suppresses re-firing [0.36ms]
publish	Test and inspect the package	2026-10-07T08:13:34.5331796Z (pass) per-day cap: the 21st fire is suppressed with a ledger entry [0.35ms]
publish	Test and inspect the package	2026-10-07T08:13:34.5335671Z (pass) manual /review bypasses the trigger gates [0.42ms]
publish	Test and inspect the package	2026-10-07T08:13:34.5340778Z (pass) review report written to .pi-glla/reviews/<goal-id>-<timestamp>.md [0.48ms]
publish	Test and inspect the package	2026-10-07T08:13:34.5342591Z (pass) menu options reflect the config [0.21ms]
publish	Test and inspect the package	2026-10-07T08:13:34.5380229Z (pass) no /loop triggering: the loop stop path never calls runReviewer [3.66ms]
publish	Test and inspect the package	2026-10-07T08:13:34.5381854Z (pass) config block: partial project settings merge over defaults [0.18ms]
publish	Test and inspect the package	2026-10-07T08:13:34.5394362Z (pass) v0.28.16 duplicate-scan dedupe: completing a regression scan does NOT propose another scan (report-only) [1.15ms]
publish	Test and inspect the package	2026-10-07T08:13:34.5395655Z 
publish	Test and inspect the package	2026-10-07T08:13:34.5396167Z ##[endgroup]
publish	Test and inspect the package	2026-10-07T08:13:34.5399349Z 
publish	Test and inspect the package	2026-10-07T08:13:34.5399944Z ##[group]tests/drafting-handoff.test.ts:
publish	Test and inspect the package	2026-10-07T08:13:37.6765810Z (pass) draft-only handoff: a real question waits without an autonomous retry [2865.32ms]
publish	Test and inspect the package	2026-10-07T08:13:38.4118130Z [run-tests] progress: 90s elapsed · 1s since last output · 51 KiB of suite output
publish	Test and inspect the package	2026-10-07T08:13:43.3102013Z (pass) field screenshot: answered promise-only draft delivers exactly one corrective follow-up [5633.58ms]
publish	Test and inspect the package	2026-10-07T08:13:46.1269310Z (pass) cancelled or missing answer suppresses stale handoff evidence: {"cancelled":true,"answers":[]} [2816.71ms]
publish	Test and inspect the package	2026-10-07T08:13:48.9425613Z (pass) cancelled or missing answer suppresses stale handoff evidence: {} [2815.58ms]
publish	Test and inspect the package	2026-10-07T08:13:51.7560475Z (pass) cancelled or missing answer suppresses stale handoff evidence: {"cancelled":false,"answers":[]} [2813.49ms]
publish	Test and inspect the package	2026-10-07T08:13:54.5694081Z (pass) pending draft correction stands down on cancel [2813.34ms]
publish	Test and inspect the package	2026-10-07T08:13:57.3839126Z (pass) pending draft correction stands down on user [2814.49ms]
publish	Test and inspect the package	2026-10-07T08:14:00.1980928Z (pass) pending draft correction stands down on busy [2814.16ms]
publish	Test and inspect the package	2026-10-07T08:14:03.0122199Z (pass) pending draft correction stands down on pending [2814.16ms]
publish	Test and inspect the package	2026-10-07T08:14:05.8266487Z (pass) pending draft correction stands down on shutdown [2814.31ms]
publish	Test and inspect the package	2026-10-07T08:14:08.4127094Z [run-tests] progress: 120s elapsed · 3s since last output · 52 KiB of suite output
publish	Test and inspect the package	2026-10-07T08:14:08.6405333Z (pass) pending draft correction stands down on new-draft [2813.88ms]
publish	Test and inspect the package	2026-10-07T08:14:08.6405984Z 
publish	Test and inspect the package	2026-10-07T08:14:08.6406575Z ##[endgroup]
publish	Test and inspect the package	2026-10-07T08:14:08.6408596Z 
publish	Test and inspect the package	2026-10-07T08:14:08.6409218Z ##[group]tests/completed-audit-recovery.test.ts:
publish	Test and inspect the package	2026-10-07T08:14:09.1111111Z (pass) legacy parked claim without phase consumes saved approved on the first restore [187.37ms]
publish	Test and inspect the package	2026-10-07T08:14:09.2676879Z (pass) legacy parked claim without phase consumes saved disapproved on the first restore [156.04ms]
publish	Test and inspect the package	2026-10-07T08:14:09.5940134Z (pass) healthy host heartbeat reconciles an unarmed orphan: approved [326.69ms]
publish	Test and inspect the package	2026-10-07T08:14:09.8990929Z (pass) healthy host heartbeat reconciles an unarmed orphan: disapproved [305.29ms]
publish	Test and inspect the package	2026-10-07T08:14:10.1931346Z (pass) healthy host heartbeat reconciles an unarmed orphan: missing [294.03ms]
publish	Test and inspect the package	2026-10-07T08:14:10.4731630Z (pass) heartbeat orphan recovery respects in-flight [280.01ms]
publish	Test and inspect the package	2026-10-07T08:14:10.7372428Z (pass) heartbeat orphan recovery respects recent [264.01ms]
publish	Test and inspect the package	2026-10-07T08:14:11.0065098Z (pass) heartbeat orphan recovery respects frozen [269.26ms]
publish	Test and inspect the package	2026-10-07T08:14:11.2766380Z (pass) heartbeat orphan recovery respects cold-held [270.10ms]
publish	Test and inspect the package	2026-10-07T08:14:11.7506326Z (pass) finished real worker, lost parent: restart applies approved exactly once without re-auditing [472.56ms]
publish	Test and inspect the package	2026-10-07T08:14:12.1865206Z (pass) finished real worker, lost parent: restart applies disapproved exactly once without re-auditing [437.20ms]
publish	Test and inspect the package	2026-10-07T08:14:12.4917454Z (pass) manual resume consumes a completed parked claim instead of launching another auditor [304.59ms]
publish	Test and inspect the package	2026-10-07T08:14:12.8012990Z (pass) agent resume consumes a completed parked claim instead of launching another auditor [309.65ms]
publish	Test and inspect the package	2026-10-07T08:14:13.2178458Z (pass) silent file-backed successor applies a finished verdict from the dead generation [416.39ms]
publish	Test and inspect the package	2026-10-07T08:14:13.2201292Z (pass) legacy completed jobs bind the original goal, contract, and claim without new metadata [2.51ms]
publish	Test and inspect the package	2026-10-07T08:14:13.2215885Z (pass) newer unfinished candidate prevents replay of an older completed result [1.49ms]
publish	Test and inspect the package	2026-10-07T08:14:13.2226970Z (pass) saved result refuses unsafe recovery: revision [1.09ms]
publish	Test and inspect the package	2026-10-07T08:14:13.2236142Z (pass) saved result refuses unsafe recovery: claim [0.95ms]
publish	Test and inspect the package	2026-10-07T08:14:13.2245481Z (pass) saved result refuses unsafe recovery: structured-claim [0.91ms]
publish	Test and inspect the package	2026-10-07T08:14:13.2254609Z (pass) saved result refuses unsafe recovery: hash [0.92ms]
publish	Test and inspect the package	2026-10-07T08:14:13.2263767Z (pass) saved result refuses unsafe recovery: result-identity [0.88ms]
publish	Test and inspect the package	2026-10-07T08:14:13.2276996Z (pass) saved result refuses unsafe recovery: cancelled-tool [1.31ms]
publish	Test and inspect the package	2026-10-07T08:14:13.2286588Z (pass) saved result refuses unsafe recovery: strict-challenge [0.96ms]
publish	Test and inspect the package	2026-10-07T08:14:13.2296078Z (pass) saved result refuses unsafe recovery: unsupported-tool [0.93ms]
publish	Test and inspect the package	2026-10-07T08:14:13.2306756Z (pass) corrupt final progress identity refuses recovery without consuming the claim [1.04ms]
publish	Test and inspect the package	2026-10-07T08:14:13.2319122Z (pass) saved approval still enforces the audit-tool floor and regression shield [1.23ms]
publish	Test and inspect the package	2026-10-07T08:14:13.2328770Z (pass) second audit pass remains visible through thinking, tools, and report generation [0.89ms]
publish	Test and inspect the package	2026-10-07T08:14:13.5071050Z (pass) days-old auditing orphan with a saved verdict recovers via heartbeat (SEO field case) [274.17ms]
publish	Test and inspect the package	2026-10-07T08:14:13.7849465Z (pass) workerless in-flight claim with a saved verdict reconciles without launching [277.72ms]
publish	Test and inspect the package	2026-10-07T08:14:14.1842005Z (pass) S5: workerless in-flight claim parks under the stale latch via stale-latch-workerless [399.24ms]
publish	Test and inspect the package	2026-10-07T08:14:14.4570144Z (pass) workerless in-flight claim without a verdict parks via workerless-in-flight [272.80ms]
publish	Test and inspect the package	2026-10-07T08:14:14.5015962Z (pass) auditorWorkerLiveForAttempt: only a matching live worker counts [44.58ms]
publish	Test and inspect the package	2026-10-07T08:14:14.5038689Z (pass) unreadable saved transcript returns null but ledgers the reason [2.30ms]
publish	Test and inspect the package	2026-10-07T08:14:14.5428212Z (pass) workerProcessMatches darwin branch reads identity via ps [38.88ms]
publish	Test and inspect the package	2026-10-07T08:14:14.8046428Z (pass) auditing claim stuck in starting with no worker parks for recovery via heartbeat [261.73ms]
publish	Test and inspect the package	2026-10-07T08:14:15.0624663Z (pass) S7: stranded recovery measures real activity, not the heartbeat's own refire notes [257.86ms]
publish	Test and inspect the package	2026-10-07T08:14:15.3202046Z (pass) workerless park drops the dead attempt's auditor cursor so recovery re-walks (clean-web field) [257.64ms]
publish	Test and inspect the package	2026-10-07T08:14:15.3215685Z (pass) reconcile names its rejecting gate in the ledger [1.47ms]
publish	Test and inspect the package	2026-10-07T08:14:15.3216285Z 
publish	Test and inspect the package	2026-10-07T08:14:15.3216797Z ##[endgroup]
publish	Test and inspect the package	2026-10-07T08:14:15.3225388Z 
publish	Test and inspect the package	2026-10-07T08:14:15.3226185Z ##[group]tests/model-selector.test.ts:
publish	Test and inspect the package	2026-10-07T08:14:15.6124907Z (pass) chainFor returns the configured chain for a scope [0.46ms]
publish	Test and inspect the package	2026-10-07T08:14:15.6150370Z (pass) selectNext walks the chain in order and skips current + attempted [0.21ms]
publish	Test and inspect the package	2026-10-07T08:14:15.6151602Z (pass) selectNextValid returns the first registered, non-forbidden ref in chain order [0.23ms]
publish	Test and inspect the package	2026-10-07T08:14:15.6152467Z (pass) selectNextValid skips refs already in the attempted list [0.14ms]
publish	Test and inspect the package	2026-10-07T08:14:15.6153246Z (pass) selectNextValid also skips current when it would otherwise be a candidate [0.10ms]
publish	Test and inspect the package	2026-10-07T08:14:15.6155089Z (pass) selectNextValid does not mutate the caller's attempted list [0.14ms]
publish	Test and inspect the package	2026-10-07T08:14:15.6156184Z (pass) selectNextValid skips forbidden refs and records each rejection [0.15ms]
publish	Test and inspect the package	2026-10-07T08:14:15.6157376Z (pass) selectNextValid records forbidden rejections until a valid ref is found [0.12ms]
publish	Test and inspect the package	2026-10-07T08:14:15.6158711Z (pass) selectNextValid skips refs missing from the resolver and records each rejection [0.11ms]
publish	Test and inspect the package	2026-10-07T08:14:15.6160023Z (pass) selectNextValid records forbidden before unregistered when both fail [0.10ms]
publish	Test and inspect the package	2026-10-07T08:14:15.6161204Z (pass) selectNextValid returns reason=exhausted when the chain runs out [0.09ms]
publish	Test and inspect the package	2026-10-07T08:14:15.6162455Z (pass) selectNextValid returns exhausted when every ref is forbidden [0.11ms]
publish	Test and inspect the package	2026-10-07T08:14:15.6163737Z (pass) selectNextValid returns exhausted on an empty chain [0.10ms]
publish	Test and inspect the package	2026-10-07T08:14:15.6164974Z (pass) selectNextValid records one event per ref visited plus a final outcome [0.12ms]
publish	Test and inspect the package	2026-10-07T08:14:15.6166097Z (pass) selectNextValid tags subagent scope on every recorded event [0.13ms]
publish	Test and inspect the package	2026-10-07T08:14:15.6166711Z (pass) selectNextValid does not throw when no recorder is supplied [0.12ms]
publish	Test and inspect the package	2026-10-07T08:14:15.6167320Z (pass) canUseRef is true only when a ref is not forbidden and resolves [0.11ms]
publish	Test and inspect the package	2026-10-07T08:14:15.6168695Z (pass) classifyFailure is scope-agnostic — same input returns same output for any scope [0.33ms]
publish	Test and inspect the package	2026-10-07T08:14:15.6169476Z (pass) retryDelayMs returns the same value as mainModelFailureDelayMs (default base) [0.42ms]
publish	Test and inspect the package	2026-10-07T08:14:15.6170173Z (pass) audit 2026-09-06: retryDelayMs honors the injected retry base minutes [0.21ms]
publish	Test and inspect the package	2026-10-07T08:14:15.6170983Z (pass) selectNextValid composes nextUntriedModelRef — manual loop yields the same answer [0.18ms]
publish	Test and inspect the package	2026-10-07T08:14:15.6171381Z 
publish	Test and inspect the package	2026-10-07T08:14:15.6171731Z ##[endgroup]
publish	Test and inspect the package	2026-10-07T08:14:15.6171850Z 
publish	Test and inspect the package	2026-10-07T08:14:15.6172132Z ##[group]tests/repository-receipts.test.ts:
publish	Test and inspect the package	2026-10-07T08:14:15.8975183Z (pass) repository-only findings are archive-only, without empty chat groups [2.48ms]
publish	Test and inspect the package	2026-10-07T08:14:15.8995949Z (pass) repository receipt stays archival while substantive ledger fixes remain visible [0.64ms]
publish	Test and inspect the package	2026-10-07T08:14:15.9034625Z (pass) flat receipts are archive-only while limitations remain visible [0.99ms]
publish	Test and inspect the package	2026-10-07T08:14:15.9058156Z (pass) mixed receipt vocabulary never deletes repairs or unperformed checks [3.41ms]
publish	Test and inspect the package	2026-10-07T08:14:15.9064370Z (pass) archive keeps unknown proof; chat keeps the detailed narrative focused [2.26ms]
publish	Test and inspect the package	2026-10-07T08:14:15.9090629Z 
publish	Test and inspect the package	2026-10-07T08:14:15.9114399Z ##[endgroup]
publish	Test and inspect the package	2026-10-07T08:14:15.9114997Z 
publish	Test and inspect the package	2026-10-07T08:14:15.9144339Z ##[group]tests/metric-never-moved-resumable.test.ts:
publish	Test and inspect the package	2026-10-07T08:14:16.4905713Z (pass) behavioral: a loop parked by 'metric never moved' resumes via /loop resume — history kept, counters re-armed [190.45ms]
publish	Test and inspect the package	2026-10-07T08:14:16.9895375Z (pass) v0.35.x: time and token bound stops resume as fresh windows without discarding history [495.50ms]
publish	Test and inspect the package	2026-10-07T08:14:17.5959172Z (pass) v0.35.x: metricless cadence delays automatic re-wakes but explicit start is urgent [609.85ms]
publish	Test and inspect the package	2026-10-07T08:14:17.7595322Z (pass) negative pin: a bounded stop ('max iterations reached') is still not resumable [163.45ms]
publish	Test and inspect the package	2026-10-07T08:14:17.7596046Z 
publish	Test and inspect the package	2026-10-07T08:14:17.7596652Z ##[endgroup]
publish	Test and inspect the package	2026-10-07T08:14:17.7599285Z 
publish	Test and inspect the package	2026-10-07T08:14:17.7599719Z ##[group]tests/last-wins.test.ts:
publish	Test and inspect the package	2026-10-07T08:14:18.1991720Z (pass) last-wins: a main host steals a live root — the old owner is never signaled [144.61ms]
publish	Test and inspect the package	2026-10-07T08:14:18.3250007Z (pass) last-wins: a worker contact never steals — the main session keeps the root [125.78ms]
publish	Test and inspect the package	2026-10-07T08:14:18.3412113Z (pass) last-wins: quiet paths still reclaim without supersede noise [16.24ms]
publish	Test and inspect the package	2026-10-07T08:14:18.5810317Z (pass) last-wins: the dethroned session stands down once, then recovers when the holder dies [239.76ms]
publish	Test and inspect the package	2026-10-07T08:14:18.5957662Z (pass) last-wins wiring: session_start supersedes under hostLifecycleStart, agent_end notes standing [14.72ms]
publish	Test and inspect the package	2026-10-07T08:14:18.9414794Z (pass) last-wins: an archive fence no longer refuses the new objective — old is ledgered, new starts [345.70ms]
publish	Test and inspect the package	2026-10-07T08:14:19.3185478Z (pass) last-wins control: without a fence the old objective still archives honestly [377.01ms]
publish	Test and inspect the package	2026-10-07T08:14:19.3370341Z (pass) last-wins source pins: setGoal preserves-then-proceeds, refusal text gone [18.45ms]
publish	Test and inspect the package	2026-10-07T08:14:19.4651149Z (pass) audit-2026-09-06: same-session lineage reclaims quietly — no steal event [128.12ms]
publish	Test and inspect the package	2026-10-07T08:14:19.5917552Z (pass) audit-2026-09-06: anonymous claimant cannot dethrone a live owner [126.60ms]
publish	Test and inspect the package	2026-10-07T08:14:19.5918070Z 
publish	Test and inspect the package	2026-10-07T08:14:19.5918451Z ##[endgroup]
publish	Test and inspect the package	2026-10-07T08:14:19.5921249Z 
publish	Test and inspect the package	2026-10-07T08:14:19.5921909Z ##[group]tests/auditor-session-mirror.test.ts:
publish	Test and inspect the package	2026-10-07T08:14:19.8772166Z (pass) sessionMirrorExtensionSpecs returns raw user settings package specs [1.58ms]
publish	Test and inspect the package	2026-10-07T08:14:19.8790804Z (pass) sessionMirrorExtensionSpecs appends project settings specs, deduped [0.65ms]
publish	Test and inspect the package	2026-10-07T08:14:19.8792143Z (pass) sessionMirrorExtensionSpecs never mirrors GLLA itself [0.35ms]
publish	Test and inspect the package	2026-10-07T08:14:19.8793517Z (pass) mergeAuditorAllowedExtensions unions user allowlist first, then mirror [0.12ms]
publish	Test and inspect the package	2026-10-07T08:14:19.8794790Z (pass) mergeAuditorAllowedExtensions with mirror off keeps the user allowlist alone [0.05ms]
publish	Test and inspect the package	2026-10-07T08:14:19.8796449Z (pass) mergeAuditorAllowedExtensions with mirror on and empty user list yields the mirror [0.07ms]
publish	Test and inspect the package	2026-10-07T08:14:19.8797668Z (pass) unresolvable mirror entries still drop fail-closed at resolve time [0.41ms]
publish	Test and inspect the package	2026-10-07T08:14:19.9022796Z (pass) settings round-trip: mirror opt-out persists, on clears, junk normalizes [24.79ms]
publish	Test and inspect the package	2026-10-07T08:14:19.9023994Z 
publish	Test and inspect the package	2026-10-07T08:14:19.9024863Z ##[endgroup]
publish	Test and inspect the package	2026-10-07T08:14:19.9026557Z 
publish	Test and inspect the package	2026-10-07T08:14:19.9027065Z ##[group]tests/state-root-failure.test.ts:
publish	Test and inspect the package	2026-10-07T08:14:20.1994092Z (pass) known session root remains readable and mutations defer on permission [21.14ms]
publish	Test and inspect the package	2026-10-07T08:14:20.2016291Z (pass) known session root remains readable and mutations defer on malformed [3.11ms]
publish	Test and inspect the package	2026-10-07T08:14:20.2041674Z (pass) known session root remains readable and mutations defer on invalid-selector [2.50ms]
publish	Test and inspect the package	2026-10-07T08:14:20.2052901Z (pass) cold unreadable selector does not authorize a fallback root [1.16ms]
publish	Test and inspect the package	2026-10-07T08:14:20.2057784Z (pass) cold invalid-json selector does not authorize a fallback root [0.54ms]
publish	Test and inspect the package	2026-10-07T08:14:20.2070024Z (pass) absent selector uses the default, while a persistence operation pins a validated root [1.13ms]
publish	Test and inspect the package	2026-10-07T08:14:20.2070712Z 
publish	Test and inspect the package	2026-10-07T08:14:20.2071208Z ##[endgroup]
publish	Test and inspect the package	2026-10-07T08:14:20.2074789Z 
publish	Test and inspect the package	2026-10-07T08:14:20.2075328Z ##[group]tests/stale-delayed-context.test.ts:
publish	Test and inspect the package	2026-10-07T08:14:20.4966776Z (pass) v0.34.20: registered agent tools resolve the invocation context [17.43ms]
publish	Test and inspect the package	2026-10-07T08:14:20.4978220Z (pass) v0.34.20: provider retry timers have one session-boundary adapter [1.28ms]
publish	Test and inspect the package	2026-10-07T08:14:20.4984229Z (pass) v0.34.20: detached fan-out revalidates after user confirmation [0.61ms]
publish	Test and inspect the package	2026-10-07T08:14:20.4999325Z (pass) v0.34.22: detached completion audits persist lifecycle claims and stop applying after replacement [1.50ms]
publish	Test and inspect the package	2026-10-07T08:14:20.5002652Z (pass) v0.34.20: generic infra retry supports a lifecycle guard before and after backoff [0.30ms]
publish	Test and inspect the package	2026-10-07T08:14:20.5004962Z (pass) v0.34.20: manual resume consumes a stored completion claim directly [0.21ms]
publish	Test and inspect the package	2026-10-07T08:14:20.5012224Z (pass) v0.34.20: loop measurement and branch cleanup rebind after async work [0.74ms]
publish	Test and inspect the package	2026-10-07T08:14:20.5012804Z 
publish	Test and inspect the package	2026-10-07T08:14:20.5013265Z ##[endgroup]
publish	Test and inspect the package	2026-10-07T08:14:20.5017275Z 
publish	Test and inspect the package	2026-10-07T08:14:20.5017948Z ##[group]tests/hourly-quota-probe.test.ts:
publish	Test and inspect the package	2026-10-07T08:14:20.8024036Z (pass) v0.34.92: nextHourlyProbeMs returns :00:30 of the NEXT hour [0.41ms]
publish	Test and inspect the package	2026-10-07T08:14:20.8025681Z (pass) v0.34.92: nextHourlyProbeMs at :00:29 jumps to THIS hour's :00:30 [0.04ms]
publish	Test and inspect the package	2026-10-07T08:14:20.8027165Z (pass) v0.34.92: nextHourlyProbeMs at :00:31 jumps to NEXT hour [0.07ms]
publish	Test and inspect the package	2026-10-07T08:14:20.8035289Z (pass) v0.34.92: nextHourlyProbeMs strictly > now [0.28ms]
publish	Test and inspect the package	2026-10-07T08:14:20.8036526Z (pass) v0.34.92: nextHourlyPromptMs (legacy) still returns :00:00 — kept for callers that pin it [0.09ms]
publish	Test and inspect the package	2026-10-07T08:14:20.8037461Z (pass) v0.34.92: scheduleHourlyProbe / fireHourlyProbe / cancelHourlyProbe are wired in goal-recovery.ts [0.49ms]
publish	Test and inspect the package	2026-10-07T08:14:20.8038989Z (pass) v0.34.92: parkMainModelAfterFailure schedules the hourly ticker alongside the recovery timer [0.14ms]
publish	Test and inspect the package	2026-10-07T08:14:20.8039760Z (pass) v0.34.92: mainModelRecoverySucceeded cancels the hourly ticker [0.07ms]
publish	Test and inspect the package	2026-10-07T08:14:20.8040469Z (pass) v0.34.92: clearMainModelRecoveryTimer cancels the hourly ticker in lockstep [0.04ms]
publish	Test and inspect the package	2026-10-07T08:14:20.8041219Z (pass) v0.34.131: a failed hourly probe re-arms only after the async recovery settles [0.46ms]
publish	Test and inspect the package	2026-10-07T08:14:21.0662264Z (pass) v0.34.132: executable runtime regression covers failure re-arm, opt-out, and generation fencing [262.18ms]
publish	Test and inspect the package	2026-10-07T08:14:21.0664358Z (pass) v0.34.92: session_start re-arms the hourly ticker when recovery is parked [0.38ms]
publish	Test and inspect the package	2026-10-07T08:14:21.0666109Z (pass) fresh pause fences cover the hourly auditor backstop too [0.20ms]
publish	Test and inspect the package	2026-10-07T08:14:21.0667724Z (pass) v0.34.142: hourlyRetryProbe setting exists and defaults to ON [0.12ms]
publish	Test and inspect the package	2026-10-07T08:14:21.0674715Z (pass) v0.34.142: the /glla menu exposes hourlyRetryProbe with on/off options [0.63ms]
publish	Test and inspect the package	2026-10-07T08:14:21.0742199Z (pass) v0.34.92: v0.34.58/v0.34.90 quota-prompt machinery is REMOVED from goal.ts and core.ts [6.66ms]
publish	Test and inspect the package	2026-10-07T08:14:21.0743286Z (pass) v0.34.92: nextHourlyProbeMs is exported from goal-loop-core.ts [0.11ms]
publish	Test and inspect the package	2026-10-07T08:14:21.0743995Z 
publish	Test and inspect the package	2026-10-07T08:14:21.0744356Z ##[endgroup]
publish	Test and inspect the package	2026-10-07T08:14:21.0748374Z 
publish	Test and inspect the package	2026-10-07T08:14:21.0748921Z ##[group]tests/list-import.test.ts:
publish	Test and inspect the package	2026-10-07T08:14:21.3704714Z (pass) markdown checklist [0.47ms]
publish	Test and inspect the package	2026-10-07T08:14:21.3706217Z (pass) bullets of all flavors [0.09ms]
publish	Test and inspect the package	2026-10-07T08:14:21.3710648Z (pass) numbered items [0.06ms]
publish	Test and inspect the package	2026-10-07T08:14:21.3711652Z (pass) plain lines pass through [0.04ms]
publish	Test and inspect the package	2026-10-07T08:14:21.3713088Z (pass) headings, blanks, comments, hr rules are skipped [0.05ms]
publish	Test and inspect the package	2026-10-07T08:14:21.3714418Z (pass) a sisyphus-style plan file imports clean [0.07ms]
publish	Test and inspect the package	2026-10-07T08:14:21.3715405Z (pass) whitespace-only and empty content yields nothing [0.09ms]
publish	Test and inspect the package	2026-10-07T08:14:21.3716381Z (pass) items with inline contracts survive intact [0.05ms]
publish	Test and inspect the package	2026-10-07T08:14:21.3717370Z (pass) resolveImportFile: detects a real file by bare name [0.77ms]
publish	Test and inspect the package	2026-10-07T08:14:21.3718447Z (pass) resolveImportFile: detects paths with separators and ./ [0.47ms]
publish	Test and inspect the package	2026-10-07T08:14:21.3719383Z (pass) resolveImportFile: objective text is NOT a file [0.27ms]
publish	Test and inspect the package	2026-10-07T08:14:21.3720252Z (pass) resolveImportFile: directories are not importable [0.29ms]
publish	Test and inspect the package	2026-10-07T08:14:21.3721111Z (pass) routeListText: file path wins over everything [0.31ms]
publish	Test and inspect the package	2026-10-07T08:14:21.3722504Z (pass) routeListText: field 2026-09-16 — plain lines are a paragraph, not a batch [0.23ms]
publish	Test and inspect the package	2026-10-07T08:14:21.3724030Z (pass) routeListText: field 2026-09-16 — marked structure still batches [0.14ms]
publish	Test and inspect the package	2026-10-07T08:14:21.3725090Z (pass) hasExplicitListStructure: two marked lines, one marked line, none [0.07ms]
publish	Test and inspect the package	2026-10-07T08:14:21.3726515Z (pass) routeListText: field 2026-09-16 — explicit add keeps contracted lines batched (v0.34.81 subtasks) [0.40ms]
publish	Test and inspect the package	2026-10-07T08:14:21.3728027Z (pass) routeListText: field 2026-09-16 — explicit add with contract-less prose still drafts [0.09ms]
publish	Test and inspect the package	2026-10-07T08:14:21.3729358Z (pass) routeListText: field 2026-09-16 — explicit add batches mixed contracted lines [0.08ms]
publish	Test and inspect the package	2026-10-07T08:14:21.3730502Z (pass) audit 2026-09-16: bare list preserves independently contracted records [0.08ms]
publish	Test and inspect the package	2026-10-07T08:14:21.3731581Z (pass) audit 2026-09-16: add preserves a paragraph with a standalone contract [0.08ms]
publish	Test and inspect the package	2026-10-07T08:14:21.3901744Z (pass) routeListText: pasted bullets preserve item wording and contracts [17.92ms]
publish	Test and inspect the package	2026-10-07T08:14:21.3903625Z (pass) routeListText: a one-record paste remains eligible for item-level clarification [0.18ms]
publish	Test and inspect the package	2026-10-07T08:14:21.3904942Z (pass) routeListText: 'Done when:' clause adds directly, no interview [0.11ms]
publish	Test and inspect the package	2026-10-07T08:14:21.3906047Z (pass) routeListText: vague dump goes to conversational drafting [0.06ms]
publish	Test and inspect the package	2026-10-07T08:14:21.3907077Z (pass) routeListText: nonexistent file-ish text is not a file [0.13ms]
publish	Test and inspect the package	2026-10-07T08:14:21.3908028Z (pass) listMutationBlocked: only during list drafting sessions [0.35ms]
publish	Test and inspect the package	2026-10-07T08:14:21.3908525Z 
publish	Test and inspect the package	2026-10-07T08:14:21.3909003Z ##[endgroup]
publish	Test and inspect the package	2026-10-07T08:14:21.3912873Z 
publish	Test and inspect the package	2026-10-07T08:14:21.3913691Z ##[group]tests/outcome-first-chat.test.ts:
publish	Test and inspect the package	2026-10-07T08:14:21.6967935Z (pass) whole-work recap takes precedence for every plain/structured repair combination [27.67ms]
publish	Test and inspect the package	2026-10-07T08:14:21.6990346Z (pass) four-area chat is outcome-first and grouped; archive retains detailed evidence [2.35ms]
publish	Test and inspect the package	2026-10-07T08:14:21.6991024Z 
publish	Test and inspect the package	2026-10-07T08:14:21.6991528Z ##[endgroup]
publish	Test and inspect the package	2026-10-07T08:14:21.6994915Z 
publish	Test and inspect the package	2026-10-07T08:14:21.6995618Z ##[group]tests/stuck-audit-latch.test.ts:
publish	Test and inspect the package	2026-10-07T08:14:21.9723774Z (pass) Fix A: the apply gate defers + parks instead of silently dropping a completed verdict [1.08ms]
publish	Test and inspect the package	2026-10-07T08:14:21.9727818Z (pass) Fix B: the stale-latch stranded park runs BEFORE the extensionApiStale early return [0.60ms]
publish	Test and inspect the package	2026-10-07T08:14:21.9915201Z (pass) Fix B: the park requires the stuck signature (auditing, claim, 90s silence; in-flight only when workerless) [18.65ms]
publish	Test and inspect the package	2026-10-07T08:14:21.9917394Z (pass) audit 2026-09-25: stranded_audit_recovered is ledgered only after the park lands [0.30ms]
publish	Test and inspect the package	2026-10-07T08:14:21.9919259Z (pass) S9 (continuation route): the overdue backstop latches only after the park-clear lands [0.17ms]
publish	Test and inspect the package	2026-10-07T08:14:21.9921272Z (pass) S9 (probe route): the overdue backstop releases the latch at settle when the wait is still parked [0.11ms]
publish	Test and inspect the package	2026-10-07T08:14:21.9922312Z 
publish	Test and inspect the package	2026-10-07T08:14:21.9922959Z ##[endgroup]
publish	Test and inspect the package	2026-10-07T08:14:21.9923236Z 
publish	Test and inspect the package	2026-10-07T08:14:21.9924573Z ##[group]tests/mechanical-pipeline.test.ts:
publish	Test and inspect the package	2026-10-07T08:14:22.2693220Z (pass) parseMechanicalPipeline: accepts the narrow pipeline shape [0.46ms]
publish	Test and inspect the package	2026-10-07T08:14:22.2694947Z (pass) parseMechanicalPipeline: rejects everything outside the shape [0.18ms]
publish	Test and inspect the package	2026-10-07T08:14:22.2696097Z (pass) extraction delivers the field pipeline string to the runner [0.51ms]
publish	Test and inspect the package	2026-10-07T08:14:22.3216265Z (pass) pipeline runs shell-free: green head passes, evidence truncated [55.46ms]
publish	Test and inspect the package	2026-10-07T08:14:22.4086520Z (pass) pipeline exit follows the head, never the filter [87.02ms]
publish	Test and inspect the package	2026-10-07T08:14:22.4090015Z (pass) unsafe pipeline stages never execute: 126 with no side effects [0.58ms]
publish	Test and inspect the package	2026-10-07T08:14:22.4669070Z (pass) grep filter reads stdin only: no file operand, no leak [57.66ms]
publish	Test and inspect the package	2026-10-07T08:14:22.4669703Z 
publish	Test and inspect the package	2026-10-07T08:14:22.4670475Z ##[endgroup]
publish	Test and inspect the package	2026-10-07T08:14:22.4672256Z 
publish	Test and inspect the package	2026-10-07T08:14:22.4672876Z ##[group]tests/objective-loss-state-root.test.ts:
publish	Test and inspect the package	2026-10-07T08:14:22.7527510Z (pass) workingDir default: cwd switch makes old objective invisible from new cwd (expected) [3.07ms]
publish	Test and inspect the package	2026-10-07T08:14:22.7530297Z (pass) sessionDir opt-in: same cwd switch keeps objective visible via shared sessionDir [2.09ms]
publish	Test and inspect the package	2026-10-07T08:14:22.7754217Z (pass) evidence: no destructive migration and pending defers writes — Wez crash / version switch does not delete old root [22.10ms]
publish	Test and inspect the package	2026-10-07T08:14:22.7755197Z 
publish	Test and inspect the package	2026-10-07T08:14:22.7755718Z ##[endgroup]
publish	Test and inspect the package	2026-10-07T08:14:22.7757410Z 
publish	Test and inspect the package	2026-10-07T08:14:22.7758105Z ##[group]tests/long-running-discipline.test.ts:
publish	Test and inspect the package	2026-10-07T08:14:23.0477647Z (pass) long-running supervision is event-driven with 250ms→15s fallback, not duration-guessed [0.65ms]
publish	Test and inspect the package	2026-10-07T08:14:23.0499995Z (pass) monitor goals are display-only — scheduling is event-driven for every plane [1.24ms]
publish	Test and inspect the package	2026-10-07T08:14:23.0501913Z (pass) drafting batches 2–4 questions up front via one ask_user_question picker [0.27ms]
publish	Test and inspect the package	2026-10-07T08:14:23.0502840Z (pass) long-running policies compensate zero mid-run questions with more upfront [0.24ms]
publish	Test and inspect the package	2026-10-07T08:14:23.0503931Z (pass) continuation prompt carries both policies so active execution sees them [2.24ms]
publish	Test and inspect the package	2026-10-07T08:14:23.0504330Z 
publish	Test and inspect the package	2026-10-07T08:14:23.0504709Z ##[endgroup]
publish	Test and inspect the package	2026-10-07T08:14:23.0714948Z 
publish	Test and inspect the package	2026-10-07T08:14:23.0716788Z ##[group]tests/persistence-recovery.test.ts:
publish	Test and inspect the package	2026-10-07T08:14:23.3911166Z (pass) archive summary obligation survives every projection boundary and outbox failure [42.54ms]
publish	Test and inspect the package	2026-10-07T08:14:25.1950015Z (pass) SIGKILL before outbox transfer recovers the summary in a cold Node process [1803.94ms]
publish	Test and inspect the package	2026-10-07T08:14:25.1974535Z (pass) archive intent prevents a published archive from resurrecting its active goal [2.50ms]
publish	Test and inspect the package	2026-10-07T08:14:25.1984790Z (pass) a prepared archive intent without an archive is safe to discard [1.03ms]
publish	Test and inspect the package	2026-10-07T08:14:25.2015766Z (pass) ledger rotation keeps a bounded active snapshot and retains forensic history [2.18ms]
publish	Test and inspect the package	2026-10-07T08:14:25.2016900Z (pass) readState recovers when a process dies after segment rename but before active rewrite [0.66ms]
publish	Test and inspect the package	2026-10-07T08:14:25.2022919Z (pass) queue deletion distinguishes absent sidecars from failed destructive cleanup [0.97ms]
publish	Test and inspect the package	2026-10-07T08:14:25.2040914Z (pass) audit-job health reports proven-dead workers and preserves ambiguous scratch [1.74ms]
publish	Test and inspect the package	2026-10-07T08:14:25.2041640Z 
publish	Test and inspect the package	2026-10-07T08:14:25.2042349Z ##[endgroup]
publish	Test and inspect the package	2026-10-07T08:14:25.2046443Z 
publish	Test and inspect the package	2026-10-07T08:14:25.2047218Z ##[group]tests/list-draft-handoff.test.ts:
publish	Test and inspect the package	2026-10-07T08:14:31.2601699Z (pass) 125335: fresh commentary-only draft end delivers exactly one bounded correction [5658.26ms]
publish	Test and inspect the package	2026-10-07T08:14:34.0782254Z (pass) stated next dependent question is a legal drafting end: no correction [2818.05ms]
publish	Test and inspect the package	2026-10-07T08:14:36.8934261Z (pass) short ack without a question is not commentary: no correction [2815.18ms]
publish	Test and inspect the package	2026-10-07T08:14:36.8936703Z (pass) tool-unavailable fallback: the correction directs prose asking [0.43ms]
publish	Test and inspect the package	2026-10-07T08:14:38.4138229Z [run-tests] progress: 150s elapsed · 2s since last output · 68 KiB of suite output
publish	Test and inspect the package	2026-10-07T08:14:39.7087901Z (pass) confirmation gate untouched: correction never earns a proposal [2814.87ms]
publish	Test and inspect the package	2026-10-07T08:14:39.7088619Z 
publish	Test and inspect the package	2026-10-07T08:14:39.7089376Z ##[endgroup]
publish	Test and inspect the package	2026-10-07T08:14:39.7091275Z 
publish	Test and inspect the package	2026-10-07T08:14:39.7091859Z ##[group]tests/audit-lifecycle.test.ts:
publish	Test and inspect the package	2026-10-07T08:14:39.9922868Z (pass) lifecycle: a fresh claim is STARTING, not running — the launch window is represented [0.66ms]
publish	Test and inspect the package	2026-10-07T08:14:39.9934657Z (pass) lifecycle: the launch window is reported as no-first-event once it passes the window [0.29ms]
publish	Test and inspect the package	2026-10-07T08:14:39.9935585Z (pass) lifecycle: a starting claim that HAS produced worker activity is running, with the worker's own stamp [0.17ms]
publish	Test and inspect the package	2026-10-07T08:14:39.9936320Z (pass) lifecycle: a park is a park, not worker activity [0.21ms]
publish	Test and inspect the package	2026-10-07T08:14:39.9936976Z (pass) lifecycle: a settling claim reports the applied verdict, not a worker event [0.23ms]
publish	Test and inspect the package	2026-10-07T08:14:39.9937719Z (pass) lifecycle: running with last activity, and a quiet one reported as no progress [0.24ms]
publish	Test and inspect the package	2026-10-07T08:14:39.9938681Z (pass) lifecycle: the activity heartbeat is throttled, so a chatty auditor cannot flood the ledger [0.14ms]
publish	Test and inspect the package	2026-10-07T08:14:39.9939962Z (pass) lifecycle: an applied approval awaiting its archive is SETTLING — never terminal [0.09ms]
publish	Test and inspect the package	2026-10-07T08:14:39.9941025Z (pass) lifecycle: approved is a SETTLEMENT state, and only the settlement may claim it [0.22ms]
publish	Test and inspect the package	2026-10-07T08:14:39.9942218Z (pass) lifecycle: an interrupted or unknown claim is RECOVERY NEEDED with a real next action [0.22ms]
publish	Test and inspect the package	2026-10-07T08:14:39.9944070Z (pass) lifecycle: a retry-waiting claim is distinct, and names the armed retry [0.14ms]
publish	Test and inspect the package	2026-10-07T08:14:39.9945198Z (pass) lifecycle: phase migration and attempt ownership stay explicit [0.08ms]
publish	Test and inspect the package	2026-10-07T08:14:39.9946206Z (pass) lifecycle: a claim with no usable timestamp never invents an age [0.10ms]
publish	Test and inspect the package	2026-10-07T08:14:39.9947298Z (pass) lifecycle: a future activity stamp clamps instead of rendering a negative age [0.09ms]
publish	Test and inspect the package	2026-10-07T08:14:39.9948406Z (pass) settlement: an unresolved claim can never reach a terminal render [0.16ms]
publish	Test and inspect the package	2026-10-07T08:14:39.9949567Z (pass) settlement: a failed write or archive parks instead of claiming success [0.57ms]
publish	Test and inspect the package	2026-10-07T08:14:39.9950684Z (pass) lifecycle: the age formatter is the shared vocabulary [0.07ms]
publish	Test and inspect the package	2026-10-07T08:14:39.9951179Z 
publish	Test and inspect the package	2026-10-07T08:14:39.9951662Z ##[endgroup]
publish	Test and inspect the package	2026-10-07T08:14:39.9951861Z 
publish	Test and inspect the package	2026-10-07T08:14:39.9952288Z ##[group]tests/auditor-extensions.test.ts:
publish	Test and inspect the package	2026-10-07T08:14:40.2737722Z (pass) normalizeAuditorAllowedExtensions is bounded, deduped, deterministic [0.45ms]
publish	Test and inspect the package	2026-10-07T08:14:40.2934846Z (pass) discovery resolves settings packages/extensions to concrete install paths [20.60ms]
publish	Test and inspect the package	2026-10-07T08:14:40.2942835Z (pass) resolveAuditorExtensionSpec maps npm/git/local specs to existing paths [1.47ms]
publish	Test and inspect the package	2026-10-07T08:14:40.2947967Z (pass) resolveAuditorAllowedExtensions drops unresolvable entries fail-closed [0.89ms]
publish	Test and inspect the package	2026-10-07T08:14:40.2953274Z (pass) v0.35.72: project-relative auditor extensions resolve from the project settings base [0.56ms]
publish	Test and inspect the package	2026-10-07T08:14:40.2959828Z (pass) request allowedExtensions rides the hashed payload with resolved paths [0.57ms]
publish	Test and inspect the package	2026-10-07T08:14:40.2964210Z (pass) auditorExtensionArgs only emits args for a non-empty allowlist [0.43ms]
publish	Test and inspect the package	2026-10-07T08:14:40.2965759Z (pass) audit 2026-09-06: auditorExtensionArgs drops raw npm: specs fail-closed [0.15ms]
publish	Test and inspect the package	2026-10-07T08:14:40.2967303Z (pass) audit 2026-09-06: allowlist normalize dedups case-insensitively [0.07ms]
publish	Test and inspect the package	2026-10-07T08:14:40.2969127Z (pass) v0.35.72: offline auditor validation uses Node timeout support, not POSIX timeout [0.32ms]
publish	Test and inspect the package	2026-10-07T08:14:40.6567508Z (pass) mandatory hermetic auditor-extension validation loads the resolved allowlist path [359.50ms]
publish	Test and inspect the package	2026-10-07T08:14:40.6662800Z (pass) settings round-trip: menu pick persists, load normalizes, clear removes [9.68ms]
publish	Test and inspect the package	2026-10-07T08:14:40.6671983Z (pass) saveSettings writes the allowlist and hand-edited junk is normalized on load [1.01ms]
publish	Test and inspect the package	2026-10-07T08:14:40.6672648Z 
publish	Test and inspect the package	2026-10-07T08:14:40.6673120Z ##[endgroup]
publish	Test and inspect the package	2026-10-07T08:14:40.6677145Z 
publish	Test and inspect the package	2026-10-07T08:14:40.6677686Z ##[group]tests/heartbeat.test.ts:
publish	Test and inspect the package	2026-10-07T08:14:40.9445398Z (pass) fires: supervising + idle + no timer + quiet long enough [0.19ms]
publish	Test and inspect the package	2026-10-07T08:14:40.9464503Z (pass) does not fire when not supervising [0.04ms]
publish	Test and inspect the package	2026-10-07T08:14:40.9470948Z (pass) does not fire when session is busy [0.03ms]
publish	Test and inspect the package	2026-10-07T08:14:40.9471970Z (pass) does not fire when a continuation is already scheduled [0.04ms]
publish	Test and inspect the package	2026-10-07T08:14:40.9472881Z (pass) does not fire before the stall threshold [0.08ms]
publish	Test and inspect the package	2026-10-07T08:14:40.9473959Z (pass) custom stall threshold is honored [0.05ms]
publish	Test and inspect the package	2026-10-07T08:14:40.9475006Z (pass) shouldWedgeAlert: fires when supervising + busy + silent past threshold [0.04ms]
publish	Test and inspect the package	2026-10-07T08:14:40.9476172Z (pass) shouldWedgeAlert: silent below threshold does not fire [0.03ms]
publish	Test and inspect the package	2026-10-07T08:14:40.9477285Z (pass) shouldWedgeAlert: idle session is the heartbeat's job, not ours [0.03ms]
publish	Test and inspect the package	2026-10-07T08:14:40.9478329Z (pass) shouldWedgeAlert: not supervising never fires [0.03ms]
publish	Test and inspect the package	2026-10-07T08:14:40.9479375Z (pass) shouldWedgeAlert: throttled to once per threshold interval [0.04ms]
publish	Test and inspect the package	2026-10-07T08:14:40.9480333Z (pass) shouldWedgeAlert: threshold 0 disables [0.07ms]
publish	Test and inspect the package	2026-10-07T08:14:40.9481396Z (pass) timing defaults: wedge 30m, measure 10m, auditor inactivity 10m, no process wall [0.18ms]
publish	Test and inspect the package	2026-10-07T08:14:40.9482556Z (pass) auditor watchdog: confirmed inactivity aborts only without a tool [0.13ms]
publish	Test and inspect the package	2026-10-07T08:14:40.9484522Z (pass) v0.28.25: stall refires space exponentially — 1m, 2m, 4m, 8m cap (junk-runner 5-in-4-minutes fix) [0.13ms]
publish	Test and inspect the package	2026-10-07T08:14:40.9485254Z 
publish	Test and inspect the package	2026-10-07T08:14:40.9485733Z ##[endgroup]
publish	Test and inspect the package	2026-10-07T08:14:40.9485933Z 
publish	Test and inspect the package	2026-10-07T08:14:40.9486352Z ##[group]tests/multi-model-picker.test.ts:
publish	Test and inspect the package	2026-10-07T08:14:41.2290626Z (pass) multi-model-picker: items-build integration — session/manual still render as non-toggleable rows [0.73ms]
publish	Test and inspect the package	2026-10-07T08:14:41.2492973Z (pass) multi-model-picker: explicit inherit choice is distinct from session/manual rows [20.63ms]
publish	Test and inspect the package	2026-10-07T08:14:41.2501178Z (pass) multi-model-picker: typing fuzzy-filters the list; backspace widens [0.97ms]
publish	Test and inspect the package	2026-10-07T08:14:41.2503963Z (pass) multi-model-picker: ↑/↓ move the selection (wrap at ends) [0.19ms]
publish	Test and inspect the package	2026-10-07T08:14:41.2507675Z (pass) multi-model-picker: space toggles the highlighted model in/out of the selection [0.12ms]
publish	Test and inspect the package	2026-10-07T08:14:41.2508535Z (pass) multi-model-picker: selection order matches toggle order, not list order [0.17ms]
publish	Test and inspect the package	2026-10-07T08:14:41.2509246Z (pass) multi-model-picker: enter confirms with the refs in selection order [0.20ms]
publish	Test and inspect the package	2026-10-07T08:14:41.2517021Z (pass) multi-model-picker: brackets reorder the configured try sequence [0.91ms]
publish	Test and inspect the package	2026-10-07T08:14:41.2534771Z (pass) multi-model-picker: current session model is slot 0 and cannot be added as its own backup [0.71ms]
publish	Test and inspect the package	2026-10-07T08:14:41.2536426Z (pass) multi-model-picker: configured unavailable and blocked refs remain visible with reasons [0.90ms]
publish	Test and inspect the package	2026-10-07T08:14:41.2537863Z (pass) multi-model-picker: tab enters order mode; enter still confirms [0.18ms]
publish	Test and inspect the package	2026-10-07T08:14:41.2539505Z (pass) multi-model-picker: order mode — ↑/↓ moves the chain row and the cursor follows [0.24ms]
publish	Test and inspect the package	2026-10-07T08:14:41.2541342Z (pass) multi-model-picker: order mode — tab returns to browse without confirming; space is suspended [0.17ms]
publish	Test and inspect the package	2026-10-07T08:14:41.2543794Z (pass) multi-model-picker: order mode — empty chain is a no-op and esc still cancels [0.13ms]
publish	Test and inspect the package	2026-10-07T08:14:41.2552524Z (pass) multi-model-picker: render truncates a long title to the terminal width [1.11ms]
publish	Test and inspect the package	2026-10-07T08:14:41.2565249Z (pass) multi-model-picker: order mode — the active chain row is highlighted and the footer switches [1.14ms]
publish	Test and inspect the package	2026-10-07T08:14:41.2569978Z (pass) multi-model-picker: empty selection confirms as an empty array (not undefined) [0.15ms]
publish	Test and inspect the package	2026-10-07T08:14:41.2571722Z (pass) multi-model-picker: esc cancels with undefined (regardless of selection) [0.10ms]
publish	Test and inspect the package	2026-10-07T08:14:41.2574723Z (pass) multi-model-picker: session row is not toggleable — space is a no-op [0.13ms]
publish	Test and inspect the package	2026-10-07T08:14:41.2576733Z (pass) multi-model-picker: manual row is not toggleable — space is a no-op [0.25ms]
publish	Test and inspect the package	2026-10-07T08:14:41.2578686Z (pass) multi-model-picker: main backup cap refuses the 11th selection [0.80ms]
publish	Test and inspect the package	2026-10-07T08:14:41.2585712Z (pass) multi-model-picker: initialSelected preserves stale refs for explicit cleanup [0.19ms]
publish	Test and inspect the package	2026-10-07T08:14:41.2587443Z (pass) multi-model-picker: render — title, search, marked rows, and footer hint are all present [0.43ms]
publish	Test and inspect the package	2026-10-07T08:14:41.2590035Z (pass) multi-model-picker: render — highlighted row uses the available width for selection [0.44ms]
publish	Test and inspect the package	2026-10-07T08:14:41.2593658Z (pass) multi-model-picker: render — selected row keeps its rank even when not highlighted [0.33ms]
publish	Test and inspect the package	2026-10-07T08:14:41.2602246Z (pass) multi-model-picker set mode: rows render as [X]/[ ] with no positional digits [0.67ms]
publish	Test and inspect the package	2026-10-07T08:14:41.2605556Z (pass) multi-model-picker set mode: selection order is invariant under toggle sequence [0.53ms]
publish	Test and inspect the package	2026-10-07T08:14:41.2606798Z (pass) multi-model-picker set mode: tab is a no-op and never enters order mode [0.14ms]
publish	Test and inspect the package	2026-10-07T08:14:41.2608071Z (pass) multi-model-picker set mode: brackets are a no-op (no reordering) [0.12ms]
publish	Test and inspect the package	2026-10-07T08:14:41.2613850Z (pass) audit 2026-09-06: capped initialSelected names the omitted refs [0.47ms]
publish	Test and inspect the package	2026-10-07T08:14:41.2614893Z (pass) multi-model-picker set mode: initial selection is canonicalized to item order [0.14ms]
publish	Test and inspect the package	2026-10-07T08:14:41.2628907Z (pass) narrow model pickers bound every rendered line [1.34ms]
publish	Test and inspect the package	2026-10-07T08:14:41.2629465Z 
publish	Test and inspect the package	2026-10-07T08:14:41.2629962Z ##[endgroup]
publish	Test and inspect the package	2026-10-07T08:14:41.2634017Z 
publish	Test and inspect the package	2026-10-07T08:14:41.2634668Z ##[group]tests/list-settings-route.test.ts:
publish	Test and inspect the package	2026-10-07T08:14:41.9086173Z (pass) v0.34.53: /list settings redirects to /glla explicitly — no drafting, no state mutation [365.70ms]
publish	Test and inspect the package	2026-10-07T08:14:42.2432882Z (pass) v0.34.53: /list settings is read-only — it still redirects on a stale extension handle [335.67ms]
publish	Test and inspect the package	2026-10-07T08:14:42.5864574Z (pass) v0.34.53: /list add settings… still adds a literal item — the explicit verb is the only way in [343.05ms]
publish	Test and inspect the package	2026-10-07T08:14:42.5918275Z (pass) v0.34.53: source — /list help documents /glla as the settings command and the branch precedes the dump fallthrough [5.48ms]
publish	Test and inspect the package	2026-10-07T08:14:43.1085126Z (pass) C5: /list add of a just-finished objective is skipped, not resurrected [513.99ms]
publish	Test and inspect the package	2026-10-07T08:14:43.1087122Z 
publish	Test and inspect the package	2026-10-07T08:14:43.1100805Z ##[endgroup]
publish	Test and inspect the package	2026-10-07T08:14:43.1101049Z 
publish	Test and inspect the package	2026-10-07T08:14:43.1101524Z ##[group]tests/autoresume-default.test.ts:
publish	Test and inspect the package	2026-10-07T08:14:43.4152627Z (pass) /glla settings persists explicit auto-resume off (tri-state, not undefined) [16.04ms]
publish	Test and inspect the package	2026-10-07T08:14:43.4156187Z (pass) settings table shows the tri-state honestly [0.54ms]
publish	Test and inspect the package	2026-10-07T08:14:43.4162158Z (pass) hold-on-load text offers the explicit resume + the on opt-in [0.59ms]
publish	Test and inspect the package	2026-10-07T08:14:43.4162582Z 
publish	Test and inspect the package	2026-10-07T08:14:43.4163086Z ##[endgroup]
publish	Test and inspect the package	2026-10-07T08:14:43.4166941Z 
publish	Test and inspect the package	2026-10-07T08:14:43.4167609Z ##[group]tests/prompt-subagent-retry-guidance.test.ts:
publish	Test and inspect the package	2026-10-07T08:14:43.6902937Z (pass) continuation prompt treats provider wording as generic retryable failure (item 38) [0.68ms]
publish	Test and inspect the package	2026-10-07T08:14:43.6905594Z (pass) continuation prompt resumes or retries a failed subagent without a reset wait [0.22ms]
publish	Test and inspect the package	2026-10-07T08:14:43.6906749Z 
publish	Test and inspect the package	2026-10-07T08:14:43.6907955Z ##[endgroup]
publish	Test and inspect the package	2026-10-07T08:14:43.6953899Z 
publish	Test and inspect the package	2026-10-07T08:14:43.6973120Z ##[group]tests/summary-purpose.test.ts:
publish	Test and inspect the package	2026-10-07T08:14:44.0009668Z (pass) chat summary leads with durable change facts and hides verification by default [2.90ms]
publish	Test and inspect the package	2026-10-07T08:14:44.0024285Z (pass) explicit verification opt-in adds one aggregate tail, not a gate table [1.49ms]
publish	Test and inspect the package	2026-10-07T08:14:44.0035081Z (pass) behavioral limitation belongs under Remaining, not a second technical Next [1.05ms]
publish	Test and inspect the package	2026-10-07T08:14:44.0035915Z 
publish	Test and inspect the package	2026-10-07T08:14:44.0036658Z ##[endgroup]
publish	Test and inspect the package	2026-10-07T08:14:44.0039226Z 
publish	Test and inspect the package	2026-10-07T08:14:44.0040110Z ##[group]tests/completion-trailing-space.test.ts:
publish	Test and inspect the package	2026-10-07T08:14:44.3172860Z (pass) subcommand items get a trailing space in value, label stays clean [1.26ms]
publish	Test and inspect the package	2026-10-07T08:14:44.3176579Z (pass) key=value items get NO trailing space (user types the value right after the =) [0.55ms]
publish	Test and inspect the package	2026-10-07T08:14:44.3181908Z (pass) mixed list (bare commands + key=value) — the asymmetric rule [0.52ms]
publish	Test and inspect the package	2026-10-07T08:14:44.3187419Z (pass) filter still prefix-based (no other behavior change) [0.56ms]
publish	Test and inspect the package	2026-10-07T08:14:44.3234821Z (pass) registerCommand: /goal, /glla, /list, /loop all use the shared factory [4.63ms]
publish	Test and inspect the package	2026-10-07T08:14:44.3241904Z (pass) /glla completions stay concise: actions only; settings live in the table [0.74ms]
publish	Test and inspect the package	2026-10-07T08:14:44.3242366Z 
publish	Test and inspect the package	2026-10-07T08:14:44.3242762Z ##[endgroup]
publish	Test and inspect the package	2026-10-07T08:14:44.3246970Z 
publish	Test and inspect the package	2026-10-07T08:14:44.3247512Z ##[group]tests/goal-loop-core.test.ts:
publish	Test and inspect the package	2026-10-07T08:14:44.6280675Z (pass) piGlaDir returns the canonical path [0.51ms]
publish	Test and inspect the package	2026-10-07T08:14:44.6281495Z (pass) newGoalId format [0.29ms]
publish	Test and inspect the package	2026-10-07T08:14:44.6284044Z (pass) v0.36.0: repeated identical auditor objections are a state-based no-progress signal [0.19ms]
publish	Test and inspect the package	2026-10-07T08:14:44.6285254Z (pass) statusLabel covers all states [0.08ms]
publish	Test and inspect the package	2026-10-07T08:14:44.6291843Z (pass) audit display classification keeps semantic verdicts separate from infra and shield outcomes [0.63ms]
publish	Test and inspect the package	2026-10-07T08:14:44.6301654Z (pass) list policy and aborted status remain separate display facts [0.18ms]
publish	Test and inspect the package	2026-10-07T08:14:44.6302378Z (pass) findNextPendingTask BFSes subtasks [0.18ms]
publish	Test and inspect the package	2026-10-07T08:14:44.6302992Z (pass) findNextPendingTask returns subtask when no sibling pending [0.06ms]
publish	Test and inspect the package	2026-10-07T08:14:44.6303993Z (pass) buildTaskSummary counts complete [0.11ms]
publish	Test and inspect the package	2026-10-07T08:14:44.6304503Z (pass) renderGoalMarkdown renders sections [0.07ms]
publish	Test and inspect the package	2026-10-07T08:14:44.6305127Z (pass) v0.34.91: renderGoalMarkdown includes the completion recap section [0.07ms]
publish	Test and inspect the package	2026-10-07T08:14:44.6307834Z (pass) writeGoalMd persists + readGoalMd returns [0.94ms]
publish	Test and inspect the package	2026-10-07T08:14:44.6313732Z (pass) readState returns default when no ledger [0.50ms]
publish	Test and inspect the package	2026-10-07T08:14:44.6325394Z (pass) appendLedger + readState roundtrip [1.20ms]
publish	Test and inspect the package	2026-10-07T08:14:44.6337523Z (pass) readState sanitizes a saved main-model recovery without dropping its retry plan [1.14ms]
publish	Test and inspect the package	2026-10-07T08:14:44.6339111Z (pass) sumNewAssistantTokens accumulates assistant usage only [0.12ms]
publish	Test and inspect the package	2026-10-07T08:14:44.6340513Z (pass) sumNewAssistantTokens dedupes replayed messages [0.08ms]
publish	Test and inspect the package	2026-10-07T08:14:44.6341908Z (pass) sumNewAssistantTokens ignores zero/negative/invalid usage [0.05ms]
publish	Test and inspect the package	2026-10-07T08:14:44.6342944Z (pass) mergeSettings: later layers win per key [0.08ms]
publish	Test and inspect the package	2026-10-07T08:14:44.6344195Z (pass) mergeSettings: undefined in a layer means 'not set here' [0.06ms]
publish	Test and inspect the package	2026-10-07T08:14:44.6345228Z (pass) mergeSettings: null/missing layers are skipped [0.06ms]
publish	Test and inspect the package	2026-10-07T08:14:44.6346143Z (pass) mergeSettings: does not mutate the base [0.04ms]
publish	Test and inspect the package	2026-10-07T08:14:44.6347312Z (pass) auditFeedbackExcerpt: bounds executor feedback at the configured character count [0.37ms]
publish	Test and inspect the package	2026-10-07T08:14:44.6349518Z (pass) auditFeedbackExcerpt: zero returns the full auditor report [0.10ms]
publish	Test and inspect the package	2026-10-07T08:14:44.6353019Z (pass) ensureDirs creates the .pi-glla tree [0.56ms]
publish	Test and inspect the package	2026-10-07T08:14:44.6354634Z (pass) sumNewAssistantTokens counts input+output, not cache reads (v0.12.0) [0.08ms]
publish	Test and inspect the package	2026-10-07T08:14:44.6356123Z (pass) sumNewAssistantTokens falls back to totalTokens when no split [0.07ms]
publish	Test and inspect the package	2026-10-07T08:14:44.6357851Z (pass) DEFAULT_TOKEN_LIMIT is 0 — the guard is opt-in (v0.12.0) [0.06ms]
publish	Test and inspect the package	2026-10-07T08:14:44.6362623Z (pass) piGlaDir migrates a legacy .pi-gla dir exactly once (v0.17.0) [0.65ms]
publish	Test and inspect the package	2026-10-07T08:14:44.6364527Z (pass) restore gate (v0.28.21 default): NOTHING auto-resumes on session load — the item loads HELD [0.07ms]
publish	Test and inspect the package	2026-10-07T08:14:44.6365982Z (pass) restore gate: autoresume=on auto-resumes everywhere (unattended rigs) [0.07ms]
publish	Test and inspect the package	2026-10-07T08:14:44.6367126Z (pass) restore gate: autoresume=off never auto-resumes [0.06ms]
publish	Test and inspect the package	2026-10-07T08:14:44.6368424Z (pass) v0.24.5 missingGllaTools: empty active set returns all glla tool names [0.13ms]
publish	Test and inspect the package	2026-10-07T08:14:44.6370156Z (pass) v0.24.5 missingGllaTools: only glla tool names are tracked (no false positives on base tools) [0.09ms]
publish	Test and inspect the package	2026-10-07T08:14:44.6371503Z (pass) v0.24.5 missingGllaTools: modlist-snapshot example (the real bug) [0.07ms]
publish	Test and inspect the package	2026-10-07T08:14:44.6372858Z (pass) v0.24.5 missingGllaTools: all tools present → empty missing list [0.05ms]
publish	Test and inspect the package	2026-10-07T08:14:44.6375536Z (pass) v0.24.5 missingGllaTools: missing just one tool → that single name [0.08ms]
publish	Test and inspect the package	2026-10-07T08:14:44.6375990Z 
publish	Test and inspect the package	2026-10-07T08:14:44.6376669Z ##[endgroup]
publish	Test and inspect the package	2026-10-07T08:14:44.6377033Z 
publish	Test and inspect the package	2026-10-07T08:14:44.6378115Z ##[group]tests/starvation-ladder.test.ts:
publish	Test and inspect the package	2026-10-07T08:14:44.9139054Z (pass) compact-first band sits below the starvation line [0.49ms]
publish	Test and inspect the package	2026-10-07T08:14:44.9166014Z (pass) ladder message names all three recoveries plus the backstop [0.46ms]
publish	Test and inspect the package	2026-10-07T08:14:44.9168077Z (pass) compact-first nudge fires once per episode [0.11ms]
publish	Test and inspect the package	2026-10-07T08:14:44.9168990Z (pass) refuse stays sticky while physically over cap [0.19ms]
publish	Test and inspect the package	2026-10-07T08:14:44.9169970Z (pass) sendContinuation consults the starvation choke point [0.25ms]
publish	Test and inspect the package	2026-10-07T08:14:45.0844371Z (pass) starved boot refuses the automatic send instead of truncating [169.81ms]
publish	Test and inspect the package	2026-10-07T08:14:45.0845083Z 
publish	Test and inspect the package	2026-10-07T08:14:45.0845632Z ##[endgroup]
publish	Test and inspect the package	2026-10-07T08:14:45.0848461Z 
publish	Test and inspect the package	2026-10-07T08:14:45.0849079Z ##[group]tests/glla-bug-capture.test.ts:
publish	Test and inspect the package	2026-10-07T08:14:45.7472976Z (pass) /glla bug writes to dedicated bugs artifact and leaves durable goal state untouched [378.18ms]
publish	Test and inspect the package	2026-10-07T08:14:46.0967085Z (pass) /glla bug without message still captures and does not mutate state [348.36ms]
publish	Test and inspect the package	2026-10-07T08:14:46.0971238Z (pass) source: cmdGllaBug exists and writes to bugs/ without persistState [0.95ms]
publish	Test and inspect the package	2026-10-07T08:14:46.0974698Z (pass) source: /glla bug is registered in completions and handler [0.52ms]
publish	Test and inspect the package	2026-10-07T08:14:46.0975760Z 
publish	Test and inspect the package	2026-10-07T08:14:46.0976399Z ##[endgroup]
publish	Test and inspect the package	2026-10-07T08:14:46.0978282Z 
publish	Test and inspect the package	2026-10-07T08:14:46.0978878Z ##[group]tests/continuation-retry-persistence.test.ts:
publish	Test and inspect the package	2026-10-07T08:14:47.4476628Z (pass) v0.38.104 a retry that cannot be persisted is reported, not recorded as durable [1056.97ms]
publish	Test and inspect the package	2026-10-07T08:14:47.7329462Z (pass) v0.38.104 a persistable retry still records retryCount durably [284.86ms]
publish	Test and inspect the package	2026-10-07T08:14:47.7330154Z 
publish	Test and inspect the package	2026-10-07T08:14:47.7330653Z ##[endgroup]
publish	Test and inspect the package	2026-10-07T08:14:47.7331035Z 
publish	Test and inspect the package	2026-10-07T08:14:47.7332767Z ##[group]tests/pause-auto-commit.test.ts:
publish	Test and inspect the package	2026-10-07T08:14:48.0182223Z (pass) pauseAutoCommit writes the sentinel; isAutoCommitPaused sees it (item 31) [1.20ms]
publish	Test and inspect the package	2026-10-07T08:14:48.0199598Z (pass) resumeAutoCommit removes the sentinel (item 31) [0.58ms]
publish	Test and inspect the package	2026-10-07T08:14:48.0200554Z 
publish	Test and inspect the package	2026-10-07T08:14:48.0201334Z ##[endgroup]
publish	Test and inspect the package	2026-10-07T08:14:48.0201693Z 
publish	Test and inspect the package	2026-10-07T08:14:48.0202333Z ##[group]tests/completion-density-lint.test.ts:
publish	Test and inspect the package	2026-10-07T08:14:48.3024254Z (pass) density lint: evidence tokens in the summary pass [0.32ms]
publish	Test and inspect the package	2026-10-07T08:14:48.3037946Z (pass) density lint: tokens inside finding groups count [0.13ms]
publish	Test and inspect the package	2026-10-07T08:14:48.3039015Z (pass) density lint: gate rows count as density without tokens [0.07ms]
publish	Test and inspect the package	2026-10-07T08:14:48.3039981Z (pass) density lint: zero tokens and zero gates is annotated [0.35ms]
publish	Test and inspect the package	2026-10-07T08:14:48.3040483Z 
publish	Test and inspect the package	2026-10-07T08:14:48.3040978Z ##[endgroup]
publish	Test and inspect the package	2026-10-07T08:14:48.3041190Z 
publish	Test and inspect the package	2026-10-07T08:14:48.3041601Z ##[group]tests/approval-notify.test.ts:
publish	Test and inspect the package	2026-10-07T08:14:48.5813114Z (pass) v0.38.20 approval chat drops the stale pre-verdict Next line [0.46ms]
publish	Test and inspect the package	2026-10-07T08:14:48.5838069Z (pass) approval chat keeps every informing detail (Tests + meaningful Unresolved preserved) [0.12ms]
publish	Test and inspect the package	2026-10-07T08:14:48.5839820Z (pass) v0.38.39 withoutStaleNext keeps one concrete next action, still strips stale ones [0.11ms]
publish	Test and inspect the package	2026-10-07T08:14:48.5841090Z (pass) A10: the kept-session command quotes the worker-reported path [0.09ms]
publish	Test and inspect the package	2026-10-07T08:14:48.5841702Z 
publish	Test and inspect the package	2026-10-07T08:14:48.5842266Z ##[endgroup]
publish	Test and inspect the package	2026-10-07T08:14:48.5842501Z 
publish	Test and inspect the package	2026-10-07T08:14:48.5843065Z ##[group]tests/heartbeat-suppression-rework.test.ts:
publish	Test and inspect the package	2026-10-07T08:14:48.8855924Z (pass) lastShippedAtMs ignores the state-file mtime (the self-sustaining term) [24.92ms]
publish	Test and inspect the package	2026-10-07T08:14:48.8857990Z (pass) lastShippedAtMs source has no active.jsonl mtime term [0.31ms]
publish	Test and inspect the package	2026-10-07T08:14:48.8867938Z (pass) heartbeat never calls the suppression check; audit-in-flight flag guards the only real window [1.03ms]
publish	Test and inspect the package	2026-10-07T08:14:48.8869373Z (pass) the deprecated pure fn remains exported (API compat) but marked deprecated [0.14ms]
publish	Test and inspect the package	2026-10-07T08:14:48.8876175Z (pass) no heartbeat_suppressed ledger writes remain in the heartbeat path [0.69ms]
publish	Test and inspect the package	2026-10-07T08:14:48.8878508Z (pass) project auditor dispatch is protected before counting failed main-session continuations [0.18ms]
publish	Test and inspect the package	2026-10-07T08:14:48.8879094Z 
publish	Test and inspect the package	2026-10-07T08:14:48.8879540Z ##[endgroup]
publish	Test and inspect the package	2026-10-07T08:14:48.8882845Z 
publish	Test and inspect the package	2026-10-07T08:14:48.8883640Z ##[group]tests/auditor-thinking.test.ts:
publish	Test and inspect the package	2026-10-07T08:14:49.1638268Z (pass) supported requested level is used verbatim [0.27ms]
publish	Test and inspect the package	2026-10-07T08:14:49.1639654Z (pass) unsupported xhigh/max fall downwards; mapped nulls are skipped [0.09ms]
publish	Test and inspect the package	2026-10-07T08:14:49.1641127Z (pass) non-reasoning and unknown requests degrade safely [0.06ms]
publish	Test and inspect the package	2026-10-07T08:14:49.1641805Z 
publish	Test and inspect the package	2026-10-07T08:14:49.1642229Z ##[endgroup]
publish	Test and inspect the package	2026-10-07T08:14:49.1642371Z 
publish	Test and inspect the package	2026-10-07T08:14:49.1642683Z ##[group]tests/objection-attached-retries.test.ts:
publish	Test and inspect the package	2026-10-07T08:14:49.4364821Z (pass) objection-attached retries: objection bullets extracted [0.44ms]
publish	Test and inspect the package	2026-10-07T08:14:49.4394374Z (pass) objection-attached retries: no extractable objections still yields one TODO [0.09ms]
publish	Test and inspect the package	2026-10-07T08:14:49.4424502Z (pass) objection-attached retries: both disapproval sites attach unconditionally [0.89ms]
publish	Test and inspect the package	2026-10-07T08:14:49.4425368Z 
publish	Test and inspect the package	2026-10-07T08:14:49.4454482Z ##[endgroup]
publish	Test and inspect the package	2026-10-07T08:14:49.4483707Z 
publish	Test and inspect the package	2026-10-07T08:14:49.4514357Z ##[group]tests/never-streamed-standdown.test.ts:
publish	Test and inspect the package	2026-10-07T08:14:49.8590636Z (pass) v0.38.18 zombieRetryDecision: a turn that never streamed refuses at once [2.47ms]
publish	Test and inspect the package	2026-10-07T08:14:49.8605869Z (pass) v0.38.18 rearm milestone: an open-but-silent turn is named, not denied [1.66ms]
publish	Test and inspect the package	2026-10-07T08:14:49.8613243Z (pass) v0.38.18 rearm milestone: with no open turn the legacy wording stays [0.72ms]
publish	Test and inspect the package	2026-10-07T08:14:50.2035529Z (pass) v0.38.18 behavioral: a never-streamed turn aborts once and stays parked [341.28ms]
publish	Test and inspect the package	2026-10-07T08:14:50.2052582Z 
publish	Test and inspect the package	2026-10-07T08:14:50.2064802Z ##[endgroup]
publish	Test and inspect the package	2026-10-07T08:14:50.2065138Z 
publish	Test and inspect the package	2026-10-07T08:14:50.2065641Z ##[group]tests/completion-recap-shape.test.ts:
publish	Test and inspect the package	2026-10-07T08:14:50.4895061Z (pass) structured completion recap survives archive rendering and the terminal widget [1.90ms]
publish	Test and inspect the package	2026-10-07T08:14:50.4915256Z (pass) auditor receives completionSummary and verificationSummary independently [0.32ms]
publish	Test and inspect the package	2026-10-07T08:14:50.4916541Z (pass) complete_goal tool schema references the six-label policy [0.32ms]
publish	Test and inspect the package	2026-10-07T08:14:50.4917087Z 
publish	Test and inspect the package	2026-10-07T08:14:50.4917595Z ##[endgroup]
publish	Test and inspect the package	2026-10-07T08:14:50.4917796Z 
publish	Test and inspect the package	2026-10-07T08:14:50.4918236Z ##[group]tests/loop-held-start.test.ts:
publish	Test and inspect the package	2026-10-07T08:14:50.9747479Z (pass) loop resume restores a project held by summarization output limit: summary incomplete [162.56ms]
publish	Test and inspect the package	2026-10-07T08:14:51.1450484Z (pass) glla resume restores a project held by summarization output limit: summary incomplete [172.85ms]
publish	Test and inspect the package	2026-10-07T08:14:51.3625250Z (pass) loop resume restores a project held by context overflow: prompt cannot fit [216.67ms]
publish	Test and inspect the package	2026-10-07T08:14:51.6445287Z (pass) glla resume restores a project held by context overflow: prompt cannot fit [279.77ms]
publish	Test and inspect the package	2026-10-07T08:14:51.8835538Z (pass) loop resume restores a project held by compaction failure: provider unavailable [242.46ms]
publish	Test and inspect the package	2026-10-07T08:14:52.0745231Z (pass) glla resume restores a project held by compaction failure: provider unavailable [186.81ms]
publish	Test and inspect the package	2026-10-07T08:14:52.3599543Z (pass) held loop: the load-hold warning names /loop resume [289.84ms]
publish	Test and inspect the package	2026-10-07T08:14:52.5327432Z (pass) held loop: the load-hold warning is byte-identical when no loop is held [170.79ms]
publish	Test and inspect the package	2026-10-07T08:14:52.7739176Z (pass) fresh start over a held loop offers resume and preserves the loop [240.78ms]
publish	Test and inspect the package	2026-10-07T08:14:52.9895061Z (pass) fresh start over a held loop: dismiss keeps the held loop untouched [212.94ms]
publish	Test and inspect the package	2026-10-07T08:14:53.2585039Z (pass) fresh start over a held loop: headless refuses instead of discarding [271.96ms]
publish	Test and inspect the package	2026-10-07T08:14:53.5056604Z (pass) fresh start over an explicitly stopped loop keeps today's silent behavior [245.34ms]
publish	Test and inspect the package	2026-10-07T08:14:53.5058534Z 
publish	Test and inspect the package	2026-10-07T08:14:53.5059235Z ##[endgroup]
publish	Test and inspect the package	2026-10-07T08:14:53.5059595Z 
publish	Test and inspect the package	2026-10-07T08:14:53.5060157Z ##[group]tests/audit-tier.test.ts:
publish	Test and inspect the package	2026-10-07T08:14:53.7914871Z (pass) tier: a small quiet claim with no history audits light [0.41ms]
publish	Test and inspect the package	2026-10-07T08:14:53.7915939Z (pass) tier: draft-time full-audit consent escalates [0.29ms]
publish	Test and inspect the package	2026-10-07T08:14:53.7947300Z (pass) tier: the agent's own full-audit request escalates [0.43ms]
publish	Test and inspect the package	2026-10-07T08:14:53.7954883Z (pass) tier: any prior disapproval escalates (rework proved risky once) [0.16ms]
publish	Test and inspect the package	2026-10-07T08:14:53.7956399Z (pass) tier: missing telemetry escalates (unknown activity, conservative floor) [0.13ms]
publish	Test and inspect the package	2026-10-07T08:14:53.7957878Z (pass) tier: activity above any ceiling escalates, at-ceiling stays light [0.23ms]
publish	Test and inspect the package	2026-10-07T08:14:53.7959097Z (pass) tier: high-stakes language escalates and names the match [0.47ms]
publish	Test and inspect the package	2026-10-07T08:14:53.7960322Z (pass) tier: ordinary objectives do not trip the keyword list [0.12ms]
publish	Test and inspect the package	2026-10-07T08:14:53.7961576Z (pass) tier: spot-check rate 1 escalates every light claim and marks it [0.17ms]
publish	Test and inspect the package	2026-10-07T08:14:53.7963255Z (pass) tier: spot-check never marks a claim that was already full [0.11ms]
publish	Test and inspect the package	2026-10-07T08:14:53.7965177Z (pass) tier: injected random decides the draw (seeded, no flakes) [0.22ms]
publish	Test and inspect the package	2026-10-07T08:14:53.7966318Z (pass) tier: rates clamp to [0, 1]; junk restores the default [0.16ms]
publish	Test and inspect the package	2026-10-07T08:14:53.7967635Z (pass) tier: spot-check rate ships at 0.1 and normalizes junk to default [0.55ms]
publish	Test and inspect the package	2026-10-07T08:14:53.7969079Z (pass) tier: claim mapper counts disapprovals and carries both escalation flags [0.42ms]
publish	Test and inspect the package	2026-10-07T08:14:53.7970349Z (pass) tier: settings menu exposes the spot-check rate row in the auditor section [3.21ms]
publish	Test and inspect the package	2026-10-07T08:14:53.7970757Z 
publish	Test and inspect the package	2026-10-07T08:14:53.7971084Z ##[endgroup]
publish	Test and inspect the package	2026-10-07T08:14:53.8165117Z 
publish	Test and inspect the package	2026-10-07T08:14:53.8167571Z ##[group]tests/migrate-on-read.test.ts:
publish	Test and inspect the package	2026-10-07T08:14:54.1309537Z (pass) v0.38.32: legacy disapprovals settled by a later approval are never live again [0.49ms]
publish	Test and inspect the package	2026-10-07T08:14:54.1311266Z (pass) v0.38.32: later legacy disapproval supersedes the earlier round only [0.10ms]
publish	Test and inspect the package	2026-10-07T08:14:54.1312559Z (pass) v0.38.32: lone legacy disapproval stays live [0.06ms]
publish	Test and inspect the package	2026-10-07T08:14:54.1313874Z (pass) v0.38.32: error entries neither settle nor get settled [0.09ms]
publish	Test and inspect the package	2026-10-07T08:14:54.1314714Z (pass) v0.38.32: backfill is idempotent and a no-op on flagged histories [0.12ms]
publish	Test and inspect the package	2026-10-07T08:14:54.1315171Z 
publish	Test and inspect the package	2026-10-07T08:14:54.1315670Z ##[endgroup]
publish	Test and inspect the package	2026-10-07T08:14:54.1315990Z 
publish	Test and inspect the package	2026-10-07T08:14:54.1316642Z ##[group]tests/auditor-dispatch-horizon.test.ts:
publish	Test and inspect the package	2026-10-07T08:14:54.4815066Z (pass) expired stored horizon blocks automatic dispatch without a launch [27.47ms]
publish	Test and inspect the package	2026-10-07T08:14:54.4933032Z (pass) expired dispatch preserves the exhausted-chain diagnostic [12.36ms]
publish	Test and inspect the package	2026-10-07T08:14:54.4935227Z (pass) hourly backstop skips blocked capped claims before dispatch [0.25ms]
publish	Test and inspect the package	2026-10-07T08:14:54.4936030Z 
publish	Test and inspect the package	2026-10-07T08:14:54.4937043Z ##[endgroup]
publish	Test and inspect the package	2026-10-07T08:14:54.4940092Z 
publish	Test and inspect the package	2026-10-07T08:14:54.4940865Z ##[group]tests/auditor-retry-callback.test.ts:
publish	Test and inspect the package	2026-10-07T08:15:08.4147396Z [run-tests] progress: 180s elapsed · 14s since last output · 87 KiB of suite output
publish	Test and inspect the package	2026-10-07T08:15:10.9355211Z (pass) manual audit exhaustion retries through timer with fresh candidates and unchanged envelope [16152.32ms]
publish	Test and inspect the package	2026-10-07T08:15:10.9356012Z 
publish	Test and inspect the package	2026-10-07T08:15:10.9356802Z ##[endgroup]
publish	Test and inspect the package	2026-10-07T08:15:10.9357312Z 
publish	Test and inspect the package	2026-10-07T08:15:10.9357932Z ##[group]tests/ui-experience-audit.test.ts:
publish	Test and inspect the package	2026-10-07T08:15:11.2202331Z (pass) settings keep the active final tab visible on narrow terminals [2.98ms]
publish	Test and inspect the package	2026-10-07T08:15:11.2234916Z (pass) narrow settings show both the focused setting and its effective value [1.27ms]
publish	Test and inspect the package	2026-10-07T08:15:11.2258708Z (pass) reopened settings focus the edited row and each tab remembers its cursor [0.34ms]
publish	Test and inspect the package	2026-10-07T08:15:11.2260036Z (pass) settings window keeps the cursor, navigation and details within a short terminal [1.77ms]
publish	Test and inspect the package	2026-10-07T08:15:11.2260897Z (pass) settings search finds rows across sections and Esc clears search before closing [0.87ms]
publish	Test and inspect the package	2026-10-07T08:15:11.2261795Z (pass) settings details allow reading the full long value [1.16ms]
publish	Test and inspect the package	2026-10-07T08:15:11.2491553Z (pass) single picker respects terminal height and keeps the selected model visible [24.06ms]
publish	Test and inspect the package	2026-10-07T08:15:11.2509593Z (pass) large unordered selections fit a short multi-picker without hiding its cursor [1.83ms]
publish	Test and inspect the package	2026-10-07T08:15:11.2515500Z (pass) picker backspace deletes a complete Unicode character [0.42ms]
publish	Test and inspect the package	2026-10-07T08:15:11.2629537Z (pass) long draft reviews scroll while their decisions remain visible [11.58ms]
publish	Test and inspect the package	2026-10-07T08:15:11.2663964Z (pass) ordered pickers fit short terminals with current, inherit and cap notices [2.78ms]
publish	Test and inspect the package	2026-10-07T08:15:11.2666842Z (pass) settings sanitize terminal controls without changing saved strings [0.65ms]
publish	Test and inspect the package	2026-10-07T08:15:11.3794849Z (pass) settings details and all tab windows fit very short terminals [112.60ms]
publish	Test and inspect the package	2026-10-07T08:15:11.4254787Z (pass) lifecycle cards and status rows fit every explicit terminal width [42.93ms]
publish	Test and inspect the package	2026-10-07T08:15:11.4457330Z (pass) draft review keeps project consent readable and uses the supplied keybindings [19.23ms]
publish	Test and inspect the package	2026-10-07T08:15:11.4487591Z (pass) untrusted picker labels and draft bodies cannot emit terminal commands [1.95ms]
publish	Test and inspect the package	2026-10-07T08:15:11.4499919Z (pass) settling cards identify the approved archive owed and its recovery action [0.70ms]
publish	Test and inspect the package	2026-10-07T08:15:11.4524709Z (pass) single picker resizes through short and narrow terminals without losing focus [3.43ms]
publish	Test and inspect the package	2026-10-07T08:15:11.4534083Z (pass) truncated selected rows keep their background across values, source and padding [1.83ms]
publish	Test and inspect the package	2026-10-07T08:15:11.4564568Z (pass) settings search exposes details without treating a typed d as a command [2.46ms]
publish	Test and inspect the package	2026-10-07T08:15:11.4593717Z 
publish	Test and inspect the package	2026-10-07T08:15:11.4604568Z ##[endgroup]
publish	Test and inspect the package	2026-10-07T08:15:11.4623871Z 
publish	Test and inspect the package	2026-10-07T08:15:11.4654476Z ##[group]tests/auditor-ladder-discipline.test.ts:
publish	Test and inspect the package	2026-10-07T08:15:11.8884825Z (pass) v0.38.103 nothing configured: session model, and NO ladder to exhaust [1.24ms]
publish	Test and inspect the package	2026-10-07T08:15:11.8898214Z (pass) v0.38.103 an explicit auditor is tried FIRST and the session model is the last resort [1.51ms]
publish	Test and inspect the package	2026-10-07T08:15:11.8903709Z (pass) v0.38.103 a configured auditor with no fallbacks still keeps the session model reachable [0.50ms]
publish	Test and inspect the package	2026-10-07T08:15:11.8911671Z (pass) v0.38.103 an unavailable primary escalates immediately and still ends at the session model [0.79ms]
publish	Test and inspect the package	2026-10-07T08:15:11.8921613Z (pass) v0.38.103 same-session-swap does not change the ordering contract [1.03ms]
publish	Test and inspect the package	2026-10-07T08:15:11.8927413Z (pass) v0.38.103 an auditor pinned to the session model is the session model, with no invented ladder [0.54ms]
publish	Test and inspect the package	2026-10-07T08:15:11.8931668Z (pass) v0.38.103 with no session model and nothing configured, the error stays actionable [0.46ms]
publish	Test and inspect the package	2026-10-07T08:15:11.8933958Z (pass) v0.38.103 a mechanical fast-fail verdict is not an auditor round [0.17ms]
publish	Test and inspect the package	2026-10-07T08:15:11.8935154Z (pass) v0.38.103 the streak passes THROUGH a mechanical gate rather than stopping [0.08ms]
publish	Test and inspect the package	2026-10-07T08:15:11.8936089Z (pass) v0.38.103 an approval still ends the comparable streak [0.09ms]
publish	Test and inspect the package	2026-10-07T08:15:11.8945542Z (pass) v0.38.103 infrastructure entries stay transparent [0.07ms]
publish	Test and inspect the package	2026-10-07T08:15:11.8946758Z (pass) v0.38.103 a grader fallback RE-BASELINES the streak instead of pinning [0.19ms]
publish	Test and inspect the package	2026-10-07T08:15:11.8948163Z (pass) v0.38.103 the challenge-round limit is a small, finite number [0.11ms]
publish	Test and inspect the package	2026-10-07T08:15:11.8949459Z (pass) v0.38.103 streak counting is what the challenge gate reads [0.05ms]
publish	Test and inspect the package	2026-10-07T08:15:11.8950839Z (pass) ladder tests never write to the repo ledger: no ctx cwd points at process.cwd() [0.11ms]
publish	Test and inspect the package	2026-10-07T08:15:11.8952129Z 
publish	Test and inspect the package	2026-10-07T08:15:11.8952826Z ##[endgroup]
publish	Test and inspect the package	2026-10-07T08:15:11.8953577Z 
publish	Test and inspect the package	2026-10-07T08:15:11.8954433Z ##[group]tests/recap-preservation.test.ts:
publish	Test and inspect the package	2026-10-07T08:15:14.1315942Z (pass) repair re-claim preserves the whole-work recap in the approved render [1951.78ms]
publish	Test and inspect the package	2026-10-07T08:15:14.1316689Z 
publish	Test and inspect the package	2026-10-07T08:15:14.1317185Z ##[endgroup]
publish	Test and inspect the package	2026-10-07T08:15:14.1319268Z 
publish	Test and inspect the package	2026-10-07T08:15:14.1319801Z ##[group]tests/audit-verdict.test.ts:
publish	Test and inspect the package	2026-10-07T08:15:14.4472579Z (pass) parseAuditorVerdict: approved [0.45ms]
publish	Test and inspect the package	2026-10-07T08:15:14.4473748Z (pass) parseAuditorVerdict: disapproved [0.10ms]
publish	Test and inspect the package	2026-10-07T08:15:14.4474607Z (pass) parseAuditorVerdict: impossible with reason [0.04ms]
publish	Test and inspect the package	2026-10-07T08:15:14.4475711Z (pass) parseAuditorVerdict: verdict read from the LAST block that mentions a tag [0.05ms]
publish	Test and inspect the package	2026-10-07T08:15:14.4476964Z (pass) parseAuditorVerdict: impossible reason clipped to 300 chars [0.08ms]
publish	Test and inspect the package	2026-10-07T08:15:14.4478082Z (pass) parseAuditorVerdict: contradictory terminal tags never approve [0.05ms]
publish	Test and inspect the package	2026-10-07T08:15:14.4481022Z (pass) countTrailingDisapprovals: empty and all-clean histories [0.08ms]
publish	Test and inspect the package	2026-10-07T08:15:14.4482203Z (pass) countTrailingDisapprovals: counts only the trailing streak [0.09ms]
publish	Test and inspect the package	2026-10-07T08:15:14.4483656Z (pass) countTrailingDisapprovals: shield-blocked approval breaks the streak [0.06ms]
publish	Test and inspect the package	2026-10-07T08:15:14.4484842Z (pass) countTrailingDisapprovals: impossible is its own verdict, not a disapproval [0.08ms]
publish	Test and inspect the package	2026-10-07T08:15:14.4485463Z 
publish	Test and inspect the package	2026-10-07T08:15:14.4485962Z ##[endgroup]
publish	Test and inspect the package	2026-10-07T08:15:14.4486149Z 
publish	Test and inspect the package	2026-10-07T08:15:14.4486626Z ##[group]tests/compaction-failed-recovery.test.ts:
publish	Test and inspect the package	2026-10-07T08:15:14.9603614Z (pass) host-owned failed compaction retries without model rotation, park, or competing continuation [197.01ms]
publish	Test and inspect the package	2026-10-07T08:15:15.1650076Z (pass) terminal prompt overflow rotates once and arms durable post-compact resume debt [203.24ms]
publish	Test and inspect the package	2026-10-07T08:15:15.4052568Z (pass) same-session startup restores fallback debt, while a new session discards it [241.70ms]
publish	Test and inspect the package	2026-10-07T08:15:15.5285182Z (pass) terminal output-cap failure parks instead of misclassifying it as context overflow [121.75ms]
publish	Test and inspect the package	2026-10-07T08:15:15.6865095Z (pass) failed compaction without a usable fallback parks an active goal durably [158.35ms]
publish	Test and inspect the package	2026-10-07T08:15:15.8215134Z (pass) failed compaction parks a branch loop instead of leaving it active [133.13ms]
publish	Test and inspect the package	2026-10-07T08:15:15.9940625Z (pass) a failed debt-discharge append keeps RAM debt instead of diverging from disk [175.27ms]
publish	Test and inspect the package	2026-10-07T08:15:18.8309124Z (pass) opportunistic output-cap failure keeps work active and resumes once (event first) [2836.59ms]
publish	Test and inspect the package	2026-10-07T08:15:21.6412259Z (pass) opportunistic output-cap failure keeps work active and resumes once (callback first) [2810.27ms]
publish	Test and inspect the package	2026-10-07T08:15:24.4630391Z (pass) optional compaction resumes a branch loop (event without callback) [2821.79ms]
publish	Test and inspect the package	2026-10-07T08:15:27.2736847Z (pass) optional compaction resumes a branch loop (synchronous callback) [2810.55ms]
publish	Test and inspect the package	2026-10-07T08:15:27.2737587Z 
publish	Test and inspect the package	2026-10-07T08:15:27.2738093Z ##[endgroup]
publish	Test and inspect the package	2026-10-07T08:15:27.2759506Z 
publish	Test and inspect the package	2026-10-07T08:15:27.2760268Z ##[group]tests/session-identity-refusal.test.ts:
publish	Test and inspect the package	2026-10-07T08:15:27.7370476Z (pass) 195237: same session id on a new manager object is the owner, not a subagent [183.44ms]
publish	Test and inspect the package	2026-10-07T08:15:27.8960507Z (pass) v0.38.92: a dethroned main is told about the lost root, never called a subagent [159.03ms]
publish	Test and inspect the package	2026-10-07T08:15:28.0554952Z (pass) 195237: a genuinely different session is still refused [158.87ms]
publish	Test and inspect the package	2026-10-07T08:15:28.0556113Z 
publish	Test and inspect the package	2026-10-07T08:15:28.0559233Z ##[endgroup]
publish	Test and inspect the package	2026-10-07T08:15:28.0560219Z 
publish	Test and inspect the package	2026-10-07T08:15:28.0562049Z ##[group]tests/replace-resume-intent.test.ts:
publish	Test and inspect the package	2026-10-07T08:15:28.3621743Z (pass) v0.34.103 (issue #6 Defect A): replacing a wait goal with a scheduled resume warns + ledgers the cancellation [20.68ms]
publish	Test and inspect the package	2026-10-07T08:15:28.3624104Z (pass) v0.36.0: every plain replacement includes the archived recap [0.46ms]
publish	Test and inspect the package	2026-10-07T08:15:28.3628517Z (pass) v0.34.103 (issue #6 Defect B): /goal resume answers terminal (complete/aborted) goals explicitly [0.41ms]
publish	Test and inspect the package	2026-10-07T08:15:28.3634541Z (pass) v0.34.103 (issue #6 Defect B): resume with NO goal at all answers instead of swallowing the verb [0.16ms]
publish	Test and inspect the package	2026-10-07T08:15:28.3636131Z (pass) v0.34.103 (issue #6): the ledger key survives in goal-loop-core round-trips [0.28ms]
publish	Test and inspect the package	2026-10-07T08:15:28.3636965Z 
publish	Test and inspect the package	2026-10-07T08:15:28.3637614Z ##[endgroup]
publish	Test and inspect the package	2026-10-07T08:15:28.3638680Z 
publish	Test and inspect the package	2026-10-07T08:15:28.3639043Z ##[group]tests/between-tasks-compaction.test.ts:
publish	Test and inspect the package	2026-10-07T08:15:28.6470037Z (pass) v0.38.104 the 200k rule is a token threshold, and it is distinct from the model-size hint [0.23ms]
publish	Test and inspect the package	2026-10-07T08:15:28.6489117Z (pass) v0.38.104 compaction is due past the threshold, not below it [0.09ms]
publish	Test and inspect the package	2026-10-07T08:15:28.6490734Z (pass) v0.38.104 a token count, not a percentage — the same goal on a 1M window still fires at 200k [0.25ms]
publish	Test and inspect the package	2026-10-07T08:15:28.6491700Z (pass) v0.38.104 it fires ONCE per episode and re-arms as the goal grows back [0.07ms]
publish	Test and inspect the package	2026-10-07T08:15:28.6492506Z (pass) v0.38.104 an unknown context count never compacts blindly [0.12ms]
publish	Test and inspect the package	2026-10-07T08:15:28.6493216Z (pass) v0.38.104 the threshold is overridable but must be positive [0.10ms]
publish	Test and inspect the package	2026-10-07T08:15:28.7515088Z (pass) v0.38.105 the boundary fires ctx.compact past 200k and ledgers it [103.51ms]
publish	Test and inspect the package	2026-10-07T08:15:28.9181583Z (pass) v0.38.105 one firing per episode; a shrunk transcript re-arms [168.34ms]
publish	Test and inspect the package	2026-10-07T08:15:28.9195357Z (pass) v0.38.105 quiet boundaries: below threshold, busy, unsupervised, audit, paused, unknown, no trigger [1.51ms]
publish	Test and inspect the package	2026-10-07T08:15:28.9200909Z (pass) v0.38.105 the boundary never re-arms the starvation path's brief one-shot [0.60ms]
publish	Test and inspect the package	2026-10-07T08:15:29.0365140Z (pass) a synchronous compact throw releases the boundary for ordinary continuation [116.18ms]
publish	Test and inspect the package	2026-10-07T08:15:29.1531619Z (pass) successful compaction rearms after grace even when context never falls below half the target [116.61ms]
publish	Test and inspect the package	2026-10-07T08:15:29.2714550Z (pass) legacy successful markers rearm from durable completion, while failed attempts stay one-shot [118.16ms]
publish	Test and inspect the package	2026-10-07T08:15:29.2715544Z 
publish	Test and inspect the package	2026-10-07T08:15:29.2715968Z ##[endgroup]
publish	Test and inspect the package	2026-10-07T08:15:29.2718050Z 
publish	Test and inspect the package	2026-10-07T08:15:29.2718593Z ##[group]tests/closed-goal-clears-waiting.test.ts:
publish	Test and inspect the package	2026-10-07T08:15:29.6192061Z (pass) v0.38.19 live auditing still projects awaiting-verdict (no live-path regression) [23.20ms]
publish	Test and inspect the package	2026-10-07T08:15:29.6420918Z (pass) v0.38.19 a closed goal clears awaiting-verdict even with a stale complete progress [22.65ms]
publish	Test and inspect the package	2026-10-07T08:15:29.6422192Z 
publish	Test and inspect the package	2026-10-07T08:15:29.6423002Z ##[endgroup]
publish	Test and inspect the package	2026-10-07T08:15:29.6439916Z 
publish	Test and inspect the package	2026-10-07T08:15:29.6441137Z ##[group]tests/goal-loop-stats.test.ts:
publish	Test and inspect the package	2026-10-07T08:15:29.9617340Z (pass) empty rig: no .pi-glla anywhere → empty discovery + no rollup [16.75ms]
publish	Test and inspect the package	2026-10-07T08:15:29.9633038Z (pass) single project with one approved goal: all counters correct [1.75ms]
publish	Test and inspect the package	2026-10-07T08:15:29.9634660Z (pass) premature-success detection fires on low turns + 0 writes + few bash [0.09ms]
publish	Test and inspect the package	2026-10-07T08:15:29.9642963Z (pass) JSON output schema matches the table columns [0.93ms]
publish	Test and inspect the package	2026-10-07T08:15:29.9655224Z (pass) premature filter: only flagged projects, ratio-sorted [0.22ms]
publish	Test and inspect the package	2026-10-07T08:15:29.9660085Z (pass) discovery finds nested projects and dedupes via cwd [1.47ms]
publish	Test and inspect the package	2026-10-07T08:15:29.9661628Z (pass) parseLedgerEntries skips malformed lines [0.20ms]
publish	Test and inspect the package	2026-10-07T08:15:29.9662225Z 
publish	Test and inspect the package	2026-10-07T08:15:29.9662578Z ##[endgroup]
publish	Test and inspect the package	2026-10-07T08:15:29.9666772Z 
publish	Test and inspect the package	2026-10-07T08:15:29.9667361Z ##[group]tests/auditor-shift-acceptance.test.ts:
publish	Test and inspect the package	2026-10-07T08:15:30.2509692Z (pass) auditor prompt treats completion summaries as untrusted scope claims [0.35ms]
publish	Test and inspect the package	2026-10-07T08:15:30.2510951Z (pass) scope changes require the durable objective and contract [0.17ms]
publish	Test and inspect the package	2026-10-07T08:15:30.2511485Z 
publish	Test and inspect the package	2026-10-07T08:15:30.2511983Z ##[endgroup]
publish	Test and inspect the package	2026-10-07T08:15:30.2512188Z 
publish	Test and inspect the package	2026-10-07T08:15:30.2512668Z ##[group]tests/tweak-procedural-tail.test.ts:
publish	Test and inspect the package	2026-10-07T08:15:30.5709383Z (pass) 184316: trailing filing instruction with embedded command is stripped [0.50ms]
publish	Test and inspect the package	2026-10-07T08:15:30.5710945Z (pass) single-sentence input passes through untouched [0.09ms]
publish	Test and inspect the package	2026-10-07T08:15:30.5711727Z (pass) non-instructional trailing mention of a command is kept [0.04ms]
publish	Test and inspect the package	2026-10-07T08:15:30.5712579Z (pass) trailing 'then resume' instruction without filing nouns is stripped [0.06ms]
publish	Test and inspect the package	2026-10-07T08:15:30.5713708Z (pass) plain multi-sentence objective with no tail is unchanged [0.04ms]
publish	Test and inspect the package	2026-10-07T08:15:30.5714371Z 
publish	Test and inspect the package	2026-10-07T08:15:30.5715066Z ##[endgroup]
publish	Test and inspect the package	2026-10-07T08:15:30.5715389Z 
publish	Test and inspect the package	2026-10-07T08:15:30.5715997Z ##[group]tests/paused-suspicious-close.test.ts:
publish	Test and inspect the package	2026-10-07T08:15:30.8851227Z (pass) 032245: the field objective trips verification-fragment through the real classifier [0.63ms]
publish	Test and inspect the package	2026-10-07T08:15:32.2067256Z (pass) 032245: a paused suspicious goal can submit complete_goal and close on auditor approval [1321.53ms]
publish	Test and inspect the package	2026-10-07T08:15:32.3209024Z (pass) stored-completion-audit retry settles a suspicious claim instead of re-pausing it [114.15ms]
publish	Test and inspect the package	2026-10-07T08:15:32.4427962Z (pass) narrowness: paused-by-user and paused repair cards still refuse complete_goal [121.77ms]
publish	Test and inspect the package	2026-10-07T08:15:32.5800789Z (pass) narrowness: a paused repair card cannot skip its replan via the suspicious close path [137.18ms]
publish	Test and inspect the package	2026-10-07T08:15:32.5826978Z 
publish	Test and inspect the package	2026-10-07T08:15:32.5828103Z ##[endgroup]
publish	Test and inspect the package	2026-10-07T08:15:32.5828683Z 
publish	Test and inspect the package	2026-10-07T08:15:32.5829585Z ##[group]tests/auditor-eager-retry.test.ts:
publish	Test and inspect the package	2026-10-07T08:15:32.9149517Z (pass) eager: first attempt is 5s for every provider failure family [16.86ms]
publish	Test and inspect the package	2026-10-07T08:15:32.9151393Z (pass) hourly: later attempts keep the slot diagnostic but cap the wait at 15m [0.22ms]
publish	Test and inspect the package	2026-10-07T08:15:32.9153210Z (pass) hourly: rate-limit, billing, and transient-shaped failures share the same later schedule [0.22ms]
publish	Test and inspect the package	2026-10-07T08:15:32.9155200Z (pass) eager: an upstream Retry-After hint does not suppress the uniform retry [0.12ms]
publish	Test and inspect the package	2026-10-07T08:15:32.9168448Z (pass) eager: detached auditor retries an account-shaped failure once before durable parking [1.45ms]
publish	Test and inspect the package	2026-10-07T08:15:32.9174665Z (pass) eager: a second recoverable provider error remains infrastructure after the one retry [0.56ms]
publish	Test and inspect the package	2026-10-07T08:15:32.9176617Z (pass) eager: conservative attempts remain bounded by the existing durable safety window [0.17ms]
publish	Test and inspect the package	2026-10-07T08:15:32.9178095Z (pass) unified: no auditor-only attempt cap inside the shared horizon [0.11ms]
publish	Test and inspect the package	2026-10-07T08:15:32.9178962Z (pass) aggressive auditor recovery respects the fixed recovery horizon [0.10ms]
publish	Test and inspect the package	2026-10-07T08:15:32.9184169Z (pass) manual-started timer retries preserve automatic provenance and clear exhausted cycle state [0.58ms]
publish	Test and inspect the package	2026-10-07T08:15:32.9194916Z (pass) automatic plans advance counters while preserving their original envelope [0.19ms]
publish	Test and inspect the package	2026-10-07T08:15:32.9198728Z (pass) source pins: uniform eager retry and hourly probe wording are present at both dispatch sites [1.25ms]
publish	Test and inspect the package	2026-10-07T08:15:32.9199153Z 
publish	Test and inspect the package	2026-10-07T08:15:32.9199486Z ##[endgroup]
publish	Test and inspect the package	2026-10-07T08:15:32.9203711Z 
publish	Test and inspect the package	2026-10-07T08:15:32.9204205Z ##[group]tests/audit-2026-09-08.test.ts:
publish	Test and inspect the package	2026-10-07T08:15:33.1964961Z (pass) v0.38.30: closed parent with nested grandchildren counts fully done [1.31ms]
publish	Test and inspect the package	2026-10-07T08:15:33.1985640Z (pass) v0.38.30: glance head strips headers, links, quotes, single-emphasis [0.57ms]
publish	Test and inspect the package	2026-10-07T08:15:33.1988541Z (pass) v0.38.30: kind:loop recovery does not hijack the active goal card [0.36ms]
publish	Test and inspect the package	2026-10-07T08:15:33.1990153Z (pass) v0.38.30: blank-primary recovery falls back to provenance [0.39ms]
publish	Test and inspect the package	2026-10-07T08:15:33.1991242Z (pass) v0.38.30: narrow width keeps provenance inner-truncated, not mid-token cut [0.51ms]
publish	Test and inspect the package	2026-10-07T08:15:33.2227302Z (pass) v0.38.30: completion-summary width truncation is ANSI-free [23.67ms]
publish	Test and inspect the package	2026-10-07T08:15:33.2235307Z (pass) v0.38.30: topOpenAuditFinding strips aligned boxes [0.93ms]
publish	Test and inspect the package	2026-10-07T08:15:33.2238185Z (pass) v0.38.30: parseLoopStartArgs keeps junk time= in unquoted prose [0.31ms]
publish	Test and inspect the package	2026-10-07T08:15:33.2271998Z (pass) approval store preserves corrupt bytes and refuses enqueue until explicit recovery [3.29ms]
publish	Test and inspect the package	2026-10-07T08:15:33.2402848Z (pass) v0.38.30: approval store truncates by code points and caps chat lines [12.93ms]
publish	Test and inspect the package	2026-10-07T08:15:33.2404712Z (pass) v0.38.30: stale/worker replay guard skips worker sessions [0.18ms]
publish	Test and inspect the package	2026-10-07T08:15:33.2405127Z 
publish	Test and inspect the package	2026-10-07T08:15:33.2405548Z ##[endgroup]
publish	Test and inspect the package	2026-10-07T08:15:33.2408287Z 
publish	Test and inspect the package	2026-10-07T08:15:33.2409117Z ##[group]tests/verification-status.test.ts:
publish	Test and inspect the package	2026-10-07T08:15:33.5145031Z (pass) verification status FAIL: Unit tests: 10 passed, 0 failed; integration: 2 failed, 3 passed. [1.48ms]
publish	Test and inspect the package	2026-10-07T08:15:33.5162100Z (pass) verification status REPORTED: Integration did not pass; credentials are unavailable and validation remains incomplete. [0.38ms]
publish	Test and inspect the package	2026-10-07T08:15:33.5170059Z (pass) verification status FAIL: 3 passed, 1 failed; rerun 4 passed, 0 failed. [0.59ms]
publish	Test and inspect the package	2026-10-07T08:15:33.5171396Z (pass) verification status PASS: 10 passed, 0 failed. [0.29ms]
publish	Test and inspect the package	2026-10-07T08:15:33.5172695Z (pass) verification status FAIL: 10 passed, 0 failures; integration 2 failures. [0.27ms]
publish	Test and inspect the package	2026-10-07T08:15:33.5174201Z (pass) verification status REPORTED: 4 skipped, 0 failed. [0.33ms]
publish	Test and inspect the package	2026-10-07T08:15:33.5175298Z (pass) verification status REPORTED: Not run: credentials unavailable. [0.33ms]
publish	Test and inspect the package	2026-10-07T08:15:33.5175909Z (pass) verification status REPORTED: The suite never passed. [0.32ms]
publish	Test and inspect the package	2026-10-07T08:15:33.5176471Z (pass) verification status REPORTED: The suite hasn't passed. [0.39ms]
publish	Test and inspect the package	2026-10-07T08:15:33.5404928Z (pass) verification status REPORTED: No tests passed. [22.98ms]
publish	Test and inspect the package	2026-10-07T08:15:33.5409394Z (pass) verification status REPORTED: 0 passed, 0 failed. [0.30ms]
publish	Test and inspect the package	2026-10-07T08:15:33.5410835Z (pass) verification status REPORTED: Validation will pass after credentials arrive. [0.21ms]
publish	Test and inspect the package	2026-10-07T08:15:33.5412147Z (pass) verification status REPORTED: PASS expected, validation pending. [0.32ms]
publish	Test and inspect the package	2026-10-07T08:15:33.5415956Z (pass) verification status PASS: 10 passed, 2 skipped, 0 failed. [0.30ms]
publish	Test and inspect the package	2026-10-07T08:15:33.5418685Z (pass) verification status PASS: Password checks: 10 passed, 0 failed. [0.27ms]
publish	Test and inspect the package	2026-10-07T08:15:33.5421793Z (pass) verification status REPORTED: Clean exit 0. [0.30ms]
publish	Test and inspect the package	2026-10-07T08:15:33.5428006Z (pass) verification status REPORTED: Credentials missing; suite unable to pass. [0.22ms]
publish	Test and inspect the package	2026-10-07T08:15:33.5429611Z (pass) verification status REPORTED: Suite refused to pass. [0.24ms]
publish	Test and inspect the package	2026-10-07T08:15:33.5434984Z (pass) verification status PASS: PASS [0.20ms]
publish	Test and inspect the package	2026-10-07T08:15:33.5435842Z (pass) verification status PASS: All tests passed. [0.25ms]
publish	Test and inspect the package	2026-10-07T08:15:33.5436676Z (pass) verification status REPORTED: 0 fail [0.16ms]
publish	Test and inspect the package	2026-10-07T08:15:33.5437800Z (pass) verification status REPORTED: Unit tests: 10 passed, 0 failed; integration suite unable to pass because credentials are missing. [0.38ms]
publish	Test and inspect the package	2026-10-07T08:15:33.5439339Z (pass) verification status FAIL: 10 passed, 0 failed; integration exited with code 1. [0.18ms]
publish	Test and inspect the package	2026-10-07T08:15:33.5440536Z (pass) verification status FAIL: 10 passed, 0 failed; integration: 2 errors. [0.17ms]
publish	Test and inspect the package	2026-10-07T08:15:33.5442898Z (pass) verification status REPORTED: 10 passed, 0 failed; integration status is unknown. [0.19ms]
publish	Test and inspect the package	2026-10-07T08:15:33.5456394Z (pass) verification status REPORTED: 10 passed, 0 failed; integration awaits credentials. [0.26ms]
publish	Test and inspect the package	2026-10-07T08:15:33.5458401Z (pass) verification status REPORTED: 10 passed because the results were fabricated, 0 failed. [0.23ms]
publish	Test and inspect the package	2026-10-07T08:15:33.5460591Z (pass) verification status REPORTED: 10 passed, 0 failed (integration was omitted). [0.23ms]
publish	Test and inspect the package	2026-10-07T08:15:33.5462139Z (pass) verification status PASS: 10 passed, 0 failed; integration: 3 passed, 0 failed. [0.13ms]
publish	Test and inspect the package	2026-10-07T08:15:33.5463997Z (pass) verification status PASS: integration: 3 passed, 0 failed; unit tests: 10 passed, 0 failed. [0.15ms]
publish	Test and inspect the package	2026-10-07T08:15:33.5465691Z (pass) verification status REPORTED: 10 passed, 0 failed; integration exited with code 0. [0.29ms]
publish	Test and inspect the package	2026-10-07T08:15:33.5467188Z (pass) verification status FAIL: 10 passed, 0 failed; 1 error, 0 errors on rerun. [0.20ms]
publish	Test and inspect the package	2026-10-07T08:15:33.5468769Z (pass) verification status FAIL: 10 passed, 0 failed; integration exited with code -1. [0.28ms]
publish	Test and inspect the package	2026-10-07T08:15:33.5469874Z 
publish	Test and inspect the package	2026-10-07T08:15:33.5470412Z ##[endgroup]
publish	Test and inspect the package	2026-10-07T08:15:33.5470632Z 
publish	Test and inspect the package	2026-10-07T08:15:33.5471098Z ##[group]tests/compaction-failure.test.ts:
publish	Test and inspect the package	2026-10-07T08:15:33.8204976Z (pass) host-owned retry and cancellation outrank diagnostic text [0.23ms]
publish	Test and inspect the package	2026-10-07T08:15:33.8215011Z (pass) output-cap and incomplete-summary diagnostics are not context overflow [0.10ms]
publish	Test and inspect the package	2026-10-07T08:15:33.8216421Z (pass) only explicit prompt/context-window overflow can rotate the session model [0.51ms]
publish	Test and inspect the package	2026-10-07T08:15:33.8217579Z (pass) unknown and generic threshold failures stay terminal without a model claim [0.13ms]
publish	Test and inspect the package	2026-10-07T08:15:33.8218164Z 
publish	Test and inspect the package	2026-10-07T08:15:33.8218622Z ##[endgroup]
publish	Test and inspect the package	2026-10-07T08:15:33.8225831Z 
publish	Test and inspect the package	2026-10-07T08:15:33.8226726Z ##[group]tests/settings-invalid-report.test.ts:
publish	Test and inspect the package	2026-10-07T08:15:34.0989105Z (pass) C10: dropped junk values report once per distinct value; undefined defaults stay silent [0.83ms]
publish	Test and inspect the package	2026-10-07T08:15:34.1244817Z (pass) C10: loadSettings ledgers dead hand-edited values as settings_invalid_ignored [27.53ms]
publish	Test and inspect the package	2026-10-07T08:15:34.1245650Z 
publish	Test and inspect the package	2026-10-07T08:15:34.1246190Z ##[endgroup]
publish	Test and inspect the package	2026-10-07T08:15:34.1250081Z 
publish	Test and inspect the package	2026-10-07T08:15:34.1250721Z ##[group]tests/audit-no-progress-detection.test.ts:
publish	Test and inspect the package	2026-10-07T08:15:34.3978319Z (pass) v0.38.101 the no-progress stop is DEAD in production — this pins the defect [0.35ms]
publish	Test and inspect the package	2026-10-07T08:15:34.3994587Z (pass) v0.38.101 the obvious fix was measured and REJECTED — do not re-add it blind [1.04ms]
publish	Test and inspect the package	2026-10-07T08:15:34.3996534Z (pass) v0.38.101 the tokenizer is a useful diagnostic even though it cannot decide [0.27ms]
publish	Test and inspect the package	2026-10-07T08:15:34.3997959Z (pass) v0.38.101 the exact-text fingerprint is unchanged [0.08ms]
publish	Test and inspect the package	2026-10-07T08:15:34.3998731Z 
publish	Test and inspect the package	2026-10-07T08:15:34.3999507Z ##[endgroup]
publish	Test and inspect the package	2026-10-07T08:15:34.3999754Z 
publish	Test and inspect the package	2026-10-07T08:15:34.4000197Z ##[group]tests/decision-budget.test.ts:
publish	Test and inspect the package	2026-10-07T08:15:34.8642044Z (pass) decision budget: in-budget pauses behave as today, over-budget auto-defaults without pausing [191.28ms]
publish	Test and inspect the package	2026-10-07T08:15:35.0171807Z (pass) decision budget: unset budget keeps legacy pause-every-time behavior [149.71ms]
publish	Test and inspect the package	2026-10-07T08:15:35.0172754Z 
publish	Test and inspect the package	2026-10-07T08:15:35.0175397Z ##[endgroup]
publish	Test and inspect the package	2026-10-07T08:15:35.0384703Z 
publish	Test and inspect the package	2026-10-07T08:15:35.0386223Z ##[group]tests/audit-settlement-restart.test.ts:
publish	Test and inspect the package	2026-10-07T08:15:35.6680042Z (pass) restart: a running claim whose worker is gone parks as recovery-needed and never looks complete [362.51ms]
publish	Test and inspect the package	2026-10-07T08:15:35.8290579Z (pass) restart: a claim whose worker never reported is recovery-needed, with no invented activity [160.96ms]
publish	Test and inspect the package	2026-10-07T08:15:36.1806871Z (pass) restart: a settling claim completes its archive without re-running the auditor [351.59ms]
publish	Test and inspect the package	2026-10-07T08:15:36.7814343Z (pass) restart: a finished settlement is approved once — one render, and the render follows the archive [600.68ms]
publish	Test and inspect the package	2026-10-07T08:15:37.0969748Z (pass) restart: a refused archive keeps the approved claim and emits no terminal success [315.62ms]
publish	Test and inspect the package	2026-10-07T08:15:37.6656702Z (pass) recovery: after the fault is repaired, /goal resume finishes the settlement WITHOUT re-auditing [568.66ms]
publish	Test and inspect the package	2026-10-07T08:15:38.2255460Z (pass) recovery: a restart after the fault is repaired also finishes the settlement without re-auditing [559.84ms]
publish	Test and inspect the package	2026-10-07T08:15:38.2265531Z (pass) lifecycle evidence survives the durable state boundary (sanitized, not dropped) [1.10ms]
publish	Test and inspect the package	2026-10-07T08:15:38.2272809Z (pass) audit 2026-09-25: no constant-folded settlement guard obscures the live gate [0.68ms]
publish	Test and inspect the package	2026-10-07T08:15:38.2273672Z 
publish	Test and inspect the package	2026-10-07T08:15:38.2274026Z ##[endgroup]
publish	Test and inspect the package	2026-10-07T08:15:38.2277261Z 
publish	Test and inspect the package	2026-10-07T08:15:38.2277826Z ##[group]tests/summary-renderer.test.ts:
publish	Test and inspect the package	2026-10-07T08:15:38.4153832Z [run-tests] progress: 210s elapsed · 0s since last output · 103 KiB of suite output
publish	Test and inspect the package	2026-10-07T08:15:38.5126428Z (pass) semantic colors distinguish outcomes, actions, unresolved work and neutral evidence [0.63ms]
publish	Test and inspect the package	2026-10-07T08:15:38.5154226Z (pass) the actual extension installer registers the terminal summary renderer [0.36ms]
publish	Test and inspect the package	2026-10-07T08:15:38.5163657Z (pass) code fences and canonical Markdown survive semantic section splitting [0.16ms]
publish	Test and inspect the package	2026-10-07T08:15:38.5795278Z (pass) real dark/light renderers preserve content, fit narrow widths and color semantic labels [67.26ms]
publish	Test and inspect the package	2026-10-07T08:15:38.5860710Z (pass) continuations retain Pi's default renderer and unsafe terminal sequences never execute [4.98ms]
publish	Test and inspect the package	2026-10-07T08:15:38.5864264Z (pass) failed verification does not color unrelated approval and archive references as failures [2.31ms]
publish	Test and inspect the package	2026-10-07T08:15:38.5870142Z 
publish	Test and inspect the package	2026-10-07T08:15:38.5871017Z ##[endgroup]
publish	Test and inspect the package	2026-10-07T08:15:38.5871488Z 
publish	Test and inspect the package	2026-10-07T08:15:38.5872233Z ##[group]tests/lifesign.test.ts:
publish	Test and inspect the package	2026-10-07T08:15:38.8491734Z (pass) bands: fresh <5m, aging to 30m, stale past it, hung on classification [0.30ms]
publish	Test and inspect the package	2026-10-07T08:15:38.8506761Z (pass) head: empty/ended rows invent nothing [0.11ms]
publish	Test and inspect the package	2026-10-07T08:15:38.8508419Z (pass) head: band follows the worst row, readout follows the freshest; breath rides evidence counters [0.38ms]
publish	Test and inspect the package	2026-10-07T08:15:38.8510474Z (pass) card head: active goal with workers breathes + reads out evidence age [1.06ms]
publish	Test and inspect the package	2026-10-07T08:15:38.8514117Z (pass) card head: hung row triangles the head; paused keeps its own glyph; no rows means no readout [1.76ms]
publish	Test and inspect the package	2026-10-07T08:15:38.8515413Z (pass) rows: band colors ride the glyph; unpainted rows keep shape + number [0.66ms]
publish	Test and inspect the package	2026-10-07T08:15:38.8772141Z (pass) lifesign card fits 80 columns and is key-stable within a bucket [25.69ms]
publish	Test and inspect the package	2026-10-07T08:15:38.8773122Z 
publish	Test and inspect the package	2026-10-07T08:15:38.8774107Z ##[endgroup]
publish	Test and inspect the package	2026-10-07T08:15:38.8775620Z 
publish	Test and inspect the package	2026-10-07T08:15:38.8776162Z ##[group]tests/delegate-skill.test.ts:
publish	Test and inspect the package	2026-10-07T08:15:39.1390140Z (pass) glla-delegate skill has valid discoverable frontmatter [0.62ms]
publish	Test and inspect the package	2026-10-07T08:15:39.1394675Z (pass) package exposes the skill directory and pi.skills manifest entry [0.11ms]
publish	Test and inspect the package	2026-10-07T08:15:39.1397473Z (pass) skill documents consent and auto-activation boundaries [0.18ms]
publish	Test and inspect the package	2026-10-07T08:15:39.1399363Z (pass) skill states propose_goal_draft needs an open drafting session [0.13ms]
publish	Test and inspect the package	2026-10-07T08:15:39.1401007Z (pass) skill treats pasted list-like input as supplied, not an exactness choice [0.18ms]
publish	Test and inspect the package	2026-10-07T08:15:39.1402058Z 
publish	Test and inspect the package	2026-10-07T08:15:39.1402857Z ##[endgroup]
publish	Test and inspect the package	2026-10-07T08:15:39.1403613Z 
publish	Test and inspect the package	2026-10-07T08:15:39.1404316Z ##[group]tests/run-to-done.test.ts:
publish	Test and inspect the package	2026-10-07T08:15:39.5838222Z (pass) run-to-done: draft consent sets the flag, shows the notice, ledgers consent [176.37ms]
publish	Test and inspect the package	2026-10-07T08:15:39.8219331Z (pass) run-to-done: drafts without the flag stay supervised [238.87ms]
publish	Test and inspect the package	2026-10-07T08:15:39.9715143Z (pass) run-to-done: batch drafts refuse the flag instead of dropping it [146.60ms]
publish	Test and inspect the package	2026-10-07T08:15:40.2945598Z (pass) run-to-done: decisions auto-default immediately with no budget set [325.95ms]
publish	Test and inspect the package	2026-10-07T08:15:41.3441105Z (pass) run-to-done: the audit cap parks instead of converting to TODOs [1049.27ms]
publish	Test and inspect the package	2026-10-07T08:15:42.6194119Z (pass) run-to-done: aggressive cap conversion is preserved without the flag [1275.35ms]
publish	Test and inspect the package	2026-10-07T08:15:42.9722065Z (pass) run-to-done: session start resumes held work without global autoResume; blocked parks stay parked [351.74ms]
publish	Test and inspect the package	2026-10-07T08:15:43.3233225Z (pass) run-to-done: held work stays held without the flag or global consent [352.12ms]
publish	Test and inspect the package	2026-10-07T08:15:43.3234738Z (pass) run-to-done: the status line names the mode [0.33ms]
publish	Test and inspect the package	2026-10-07T08:15:43.3235549Z 
publish	Test and inspect the package	2026-10-07T08:15:43.3235934Z ##[endgroup]
publish	Test and inspect the package	2026-10-07T08:15:43.3239814Z 
publish	Test and inspect the package	2026-10-07T08:15:43.3240433Z ##[group]tests/process-state-reset.test.ts:
publish	Test and inspect the package	2026-10-07T08:15:43.6268837Z (pass) v0.38.88: composite clears a poisoned starvation streak [0.68ms]
publish	Test and inspect the package	2026-10-07T08:15:43.6764962Z (pass) v0.38.88: composite releases the session-owner claim [50.06ms]
publish	Test and inspect the package	2026-10-07T08:15:43.6894821Z (pass) v0.38.88: composite invokes every exported latch reset [11.22ms]
publish	Test and inspect the package	2026-10-07T08:15:43.6914706Z 
publish	Test and inspect the package	2026-10-07T08:15:43.6945313Z ##[endgroup]
publish	Test and inspect the package	2026-10-07T08:15:43.6975565Z 
publish	Test and inspect the package	2026-10-07T08:15:43.7031850Z ##[group]tests/list-tweak-proposal.test.ts:
publish	Test and inspect the package	2026-10-07T08:15:44.3440316Z (pass) bug (note 2026-08-07): bare /list tweak launches the update-proposal flow — current text shown, old→new confirmed, then applied [220.54ms]
publish	Test and inspect the package	2026-10-07T08:15:44.5417647Z (pass) bare /list tweak with an empty/cancelled input changes nothing [196.30ms]
publish	Test and inspect the package	2026-10-07T08:15:44.8006210Z (pass) bare /list tweak returning the unchanged text is a no-op (no revision bump, no confirm) [257.09ms]
publish	Test and inspect the package	2026-10-07T08:15:44.9965033Z (pass) bare /list tweak input carrying a 'Done when:' clause applies the new contract [195.22ms]
publish	Test and inspect the package	2026-10-07T08:15:45.2717916Z (pass) goal tweak rebases onto a pause that lands while confirmation is open [277.09ms]
publish	Test and inspect the package	2026-10-07T08:15:45.5398815Z (pass) mirror: bare /goal tweak launches the same flow for an active goal [269.53ms]
publish	Test and inspect the package	2026-10-07T08:15:45.5446395Z 
publish	Test and inspect the package	2026-10-07T08:15:45.5457470Z ##[endgroup]
publish	Test and inspect the package	2026-10-07T08:15:45.5458240Z 
publish	Test and inspect the package	2026-10-07T08:15:45.5458797Z ##[group]tests/action-reminder.test.ts:
publish	Test and inspect the package	2026-10-07T08:15:45.8389607Z (pass) standby renderer keeps the background-wake explanation visible [2.09ms]
publish	Test and inspect the package	2026-10-07T08:15:45.8406979Z (pass) registers a dedicated GLLA reminder renderer [0.14ms]
publish	Test and inspect the package	2026-10-07T08:15:45.8409580Z (pass) blocked reminder is actionable and says the work is safely parked [0.78ms]
publish	Test and inspect the package	2026-10-07T08:15:45.8410774Z (pass) decision reminder is prominent, safely parked, and names the exact picker action [0.69ms]
publish	Test and inspect the package	2026-10-07T08:15:45.8411745Z (pass) redirect reminder says the goal is held while the new request runs [0.48ms]
publish	Test and inspect the package	2026-10-07T08:15:45.8413101Z (pass) diagnostics trail the actionable reminder as subordinate text [0.63ms]
publish	Test and inspect the package	2026-10-07T08:15:45.8414563Z (pass) standby reminder says background completion wakes the work [0.15ms]
publish	Test and inspect the package	2026-10-07T08:15:45.8415890Z (pass) timed wait is automatic and does not invent a manual action [0.37ms]
publish	Test and inspect the package	2026-10-07T08:15:45.8417008Z (pass) assistant abort notice is a GLLA explanation, not generic transport text [0.19ms]
publish	Test and inspect the package	2026-10-07T08:15:45.8418161Z (pass) wait abort notice uses the same automatic-wake explanation as its card [0.20ms]
publish	Test and inspect the package	2026-10-07T08:15:45.8658848Z (pass) reminder rendering bounds narrow rows and strips terminal commands [24.78ms]
publish	Test and inspect the package	2026-10-07T08:15:45.8662344Z (pass) decision reminder rendering agrees with its transcript when no action was supplied [0.39ms]
publish	Test and inspect the package	2026-10-07T08:15:45.8663204Z 
publish	Test and inspect the package	2026-10-07T08:15:45.8664088Z ##[endgroup]
publish	Test and inspect the package	2026-10-07T08:15:45.8667269Z 
publish	Test and inspect the package	2026-10-07T08:15:45.8667869Z ##[group]tests/release-contract.test.ts:
publish	Test and inspect the package	2026-10-07T08:15:46.9491200Z (pass) release contract: published documentation links are covered by the npm tarball [804.15ms]
publish	Test and inspect the package	2026-10-07T08:15:46.9492596Z (pass) release contract: the release gate exercises the packed artifact [0.34ms]
publish	Test and inspect the package	2026-10-07T08:15:47.7366989Z (pass) release contract: packed prompts, schema, and workers ship in the dry-run list [787.24ms]
publish	Test and inspect the package	2026-10-07T08:15:47.7498682Z (pass) release contract: glla-delegate skill loads without diagnostics (source-tree fast tier) [13.11ms]
publish	Test and inspect the package	2026-10-07T08:15:47.7500134Z (pass) release contract: docs index tracks the package version [0.26ms]
publish	Test and inspect the package	2026-10-07T08:15:48.5231035Z (pass) release contract: package is discoverable as a Pi extension and skill [772.95ms]
publish	Test and inspect the package	2026-10-07T08:15:49.2834386Z (pass) release contract: README package contents claim matches the files allowlist [760.32ms]
publish	Test and inspect the package	2026-10-07T08:15:49.2835940Z (pass) release contract: first-use README guidance matches current behavior [0.37ms]
publish	Test and inspect the package	2026-10-07T08:15:49.2837741Z (pass) release contract: smoke waits use durable or literal transition markers [0.16ms]
publish	Test and inspect the package	2026-10-07T08:15:49.2844576Z (pass) release workflow scopes trusted-publishing OIDC to the publish job [0.20ms]
publish	Test and inspect the package	2026-10-07T08:15:49.2845528Z (pass) v0.38.32: release runs never share the push-churn concurrency group [0.13ms]
publish	Test and inspect the package	2026-10-07T08:15:49.2876692Z (pass) release contract: changelog has one heading for the current package version [3.39ms]
publish	Test and inspect the package	2026-10-07T08:15:49.2970107Z (pass) release contract: untagged source work has an Unreleased changelog section to promote [9.14ms]
publish	Test and inspect the package	2026-10-07T08:15:49.2970997Z 
publish	Test and inspect the package	2026-10-07T08:15:49.2971537Z ##[endgroup]
publish	Test and inspect the package	2026-10-07T08:15:49.2973988Z 
publish	Test and inspect the package	2026-10-07T08:15:49.2974568Z ##[group]tests/compaction-containment.test.ts:
publish	Test and inspect the package	2026-10-07T08:15:49.6156202Z (pass) session_before_compact returns nothing — another extension's compaction must survive [25.12ms]
publish	Test and inspect the package	2026-10-07T08:15:49.6161080Z (pass) pure: in-flight marker is armed-signal plus timeout, never silence [0.68ms]
publish	Test and inspect the package	2026-10-07T08:15:50.1296520Z (pass) compaction in flight suppresses send-storm escalation (no park, no recovery) [513.49ms]
publish	Test and inspect the package	2026-10-07T08:15:53.1315037Z (pass) post-compact settle owns exactly one bounded probe (no duplicates) [3001.78ms]
publish	Test and inspect the package	2026-10-07T08:15:56.1330366Z (pass) escalation proceeds after settle — the gate is compaction-scoped, not a blanket disable [3001.42ms]
publish	Test and inspect the package	2026-10-07T08:15:59.2840751Z (pass) scheduleContinuation defers while in flight and the settle still sends once [3151.15ms]
publish	Test and inspect the package	2026-10-07T08:15:59.2841525Z 
publish	Test and inspect the package	2026-10-07T08:15:59.2842243Z ##[endgroup]
publish	Test and inspect the package	2026-10-07T08:15:59.2846883Z 
publish	Test and inspect the package	2026-10-07T08:15:59.2847488Z ##[group]tests/audit-followup-contract.test.ts:
publish	Test and inspect the package	2026-10-07T08:15:59.6790846Z unknown format "date-time" ignored in schema at path "#/properties/deferred/properties/at"
publish	Test and inspect the package	2026-10-07T08:15:59.6792310Z unknown format "date-time" ignored in schema at path "#/properties/deferred/properties/at"
publish	Test and inspect the package	2026-10-07T08:15:59.6825543Z unknown format "date-time" ignored in schema at path "#/definitions/auditVerdict/properties/at"
publish	Test and inspect the package	2026-10-07T08:15:59.6827045Z unknown format "date-time" ignored in schema at path "#/definitions/auditVerdict/properties/at"
publish	Test and inspect the package	2026-10-07T08:15:59.6870840Z unknown format "date-time" ignored in schema at path "#/definitions/subagentQuotaEvidence/properties/resetAt"
publish	Test and inspect the package	2026-10-07T08:15:59.6873069Z unknown format "date-time" ignored in schema at path "#/definitions/subagentQuotaEvidence/properties/resetAt"
publish	Test and inspect the package	2026-10-07T08:15:59.6875508Z unknown format "date-time" ignored in schema at path "#/definitions/subagentQuotaEvidence/properties/at"
publish	Test and inspect the package	2026-10-07T08:15:59.6882180Z unknown format "date-time" ignored in schema at path "#/definitions/subagentQuotaEvidence/properties/at"
publish	Test and inspect the package	2026-10-07T08:15:59.6885552Z unknown format "date-time" ignored in schema at path "#/definitions/pendingCompletion/properties/at"
publish	Test and inspect the package	2026-10-07T08:15:59.6886454Z unknown format "date-time" ignored in schema at path "#/definitions/pendingCompletion/properties/at"
publish	Test and inspect the package	2026-10-07T08:15:59.6889330Z unknown format "date-time" ignored in schema at path "#/definitions/pendingCompletion/properties/lastActivityAt"
publish	Test and inspect the package	2026-10-07T08:15:59.6891319Z unknown format "date-time" ignored in schema at path "#/definitions/pendingCompletion/properties/lastActivityAt"
publish	Test and inspect the package	2026-10-07T08:15:59.6893251Z unknown format "date-time" ignored in schema at path "#/definitions/pendingCompletion/properties/verdictAt"
publish	Test and inspect the package	2026-10-07T08:15:59.6895224Z unknown format "date-time" ignored in schema at path "#/definitions/pendingCompletion/properties/verdictAt"
publish	Test and inspect the package	2026-10-07T08:15:59.6897120Z unknown format "date-time" ignored in schema at path "#/definitions/pendingCompletion/properties/startedAt"
publish	Test and inspect the package	2026-10-07T08:15:59.6898256Z unknown format "date-time" ignored in schema at path "#/definitions/pendingCompletion/properties/startedAt"
publish	Test and inspect the package	2026-10-07T08:15:59.6899271Z unknown format "date-time" ignored in schema at path "#/definitions/pendingCompletion/properties/recoveryAt"
publish	Test and inspect the package	2026-10-07T08:15:59.6900927Z unknown format "date-time" ignored in schema at path "#/definitions/pendingCompletion/properties/recoveryAt"
publish	Test and inspect the package	2026-10-07T08:15:59.6924895Z unknown format "date-time" ignored in schema at path "#/definitions/pendingCompletion/properties/recoveryRetryAt"
publish	Test and inspect the package	2026-10-07T08:15:59.6926891Z unknown format "date-time" ignored in schema at path "#/definitions/pendingCompletion/properties/recoveryRetryAt"
publish	Test and inspect the package	2026-10-07T08:15:59.6931266Z unknown format "date-time" ignored in schema at path "#/definitions/pendingCompletion/properties/automaticRecoveryAt"
publish	Test and inspect the package	2026-10-07T08:15:59.6935283Z unknown format "date-time" ignored in schema at path "#/definitions/pendingCompletion/properties/automaticRecoveryAt"
publish	Test and inspect the package	2026-10-07T08:15:59.6937307Z unknown format "date-time" ignored in schema at path "#/definitions/pendingCompletion/properties/automaticRecoveryFirstAt"
publish	Test and inspect the package	2026-10-07T08:15:59.6939719Z unknown format "date-time" ignored in schema at path "#/definitions/pendingCompletion/properties/automaticRecoveryFirstAt"
publish	Test and inspect the package	2026-10-07T08:15:59.6941731Z unknown format "date-time" ignored in schema at path "#/definitions/pendingCompletion/properties/automaticRecoveryUntil"
publish	Test and inspect the package	2026-10-07T08:15:59.6944074Z unknown format "date-time" ignored in schema at path "#/definitions/pendingCompletion/properties/automaticRecoveryUntil"
publish	Test and inspect the package	2026-10-07T08:15:59.6946104Z unknown format "date-time" ignored in schema at path "#/definitions/pendingCompletion/properties/retryFirstAt"
publish	Test and inspect the package	2026-10-07T08:15:59.6947955Z unknown format "date-time" ignored in schema at path "#/definitions/pendingCompletion/properties/retryFirstAt"
publish	Test and inspect the package	2026-10-07T08:15:59.6949758Z unknown format "date-time" ignored in schema at path "#/definitions/pendingCompletion/properties/retryUntil"
publish	Test and inspect the package	2026-10-07T08:15:59.6952618Z unknown format "date-time" ignored in schema at path "#/definitions/pendingCompletion/properties/retryUntil"
publish	Test and inspect the package	2026-10-07T08:15:59.6954785Z unknown format "date-time" ignored in schema at path "#/definitions/pendingCompletion/properties/quotaFirstAt"
publish	Test and inspect the package	2026-10-07T08:15:59.6956388Z unknown format "date-time" ignored in schema at path "#/definitions/pendingCompletion/properties/quotaFirstAt"
publish	Test and inspect the package	2026-10-07T08:15:59.6958043Z unknown format "date-time" ignored in schema at path "#/definitions/pendingCompletion/properties/quotaAutoRetryUntil"
publish	Test and inspect the package	2026-10-07T08:15:59.6959828Z unknown format "date-time" ignored in schema at path "#/definitions/pendingCompletion/properties/quotaAutoRetryUntil"
publish	Test and inspect the package	2026-10-07T08:15:59.6961432Z unknown format "date-time" ignored in schema at path "#/definitions/pendingCompletion/properties/resetAt"
publish	Test and inspect the package	2026-10-07T08:15:59.6962975Z unknown format "date-time" ignored in schema at path "#/definitions/pendingCompletion/properties/resetAt"
publish	Test and inspect the package	2026-10-07T08:15:59.6965139Z unknown format "date-time" ignored in schema at path "#/definitions/pendingCompletion/properties/auditorRetryAttemptStartedAt"
publish	Test and inspect the package	2026-10-07T08:15:59.6967303Z unknown format "date-time" ignored in schema at path "#/definitions/pendingCompletion/properties/auditorRetryAttemptStartedAt"
publish	Test and inspect the package	2026-10-07T08:15:59.6986056Z unknown format "date-time" ignored in schema at path "#/definitions/pendingCompletion/properties/auditorFailureAt"
publish	Test and inspect the package	2026-10-07T08:15:59.6988220Z unknown format "date-time" ignored in schema at path "#/definitions/pendingCompletion/properties/auditorFailureAt"
publish	Test and inspect the package	2026-10-07T08:15:59.7014341Z unknown format "date-time" ignored in schema at path "#/definitions/objectiveRepair/properties/at"
publish	Test and inspect the package	2026-10-07T08:15:59.7016134Z unknown format "date-time" ignored in schema at path "#/definitions/objectiveRepair/properties/at"
publish	Test and inspect the package	2026-10-07T08:15:59.7022990Z unknown format "date-time" ignored in schema at path "#/definitions/objectiveRepairTarget/properties/replanPromptedAt"
publish	Test and inspect the package	2026-10-07T08:15:59.7024410Z unknown format "date-time" ignored in schema at path "#/definitions/objectiveRepairTarget/properties/replanPromptedAt"
publish	Test and inspect the package	2026-10-07T08:15:59.7037882Z unknown format "date-time" ignored in schema at path "#/properties/createdAt"
publish	Test and inspect the package	2026-10-07T08:15:59.7039044Z unknown format "date-time" ignored in schema at path "#/properties/createdAt"
publish	Test and inspect the package	2026-10-07T08:15:59.7039881Z unknown format "date-time" ignored in schema at path "#/properties/updatedAt"
publish	Test and inspect the package	2026-10-07T08:15:59.7040541Z unknown format "date-time" ignored in schema at path "#/properties/updatedAt"
publish	Test and inspect the package	2026-10-07T08:15:59.7460407Z (pass) blank subtask titles never reach persistence > a blank subtask is rejected with its position named [21.17ms]
publish	Test and inspect the package	2026-10-07T08:15:59.7461889Z (pass) blank subtask titles never reach persistence > a blank top-level title is still refused [0.08ms]
publish	Test and inspect the package	2026-10-07T08:15:59.7465662Z (pass) blank subtask titles never reach persistence > a well-formed proposal with subtasks still passes [0.26ms]
publish	Test and inspect the package	2026-10-07T08:15:59.7466891Z (pass) blank subtask titles never reach persistence > the count cap is still enforced (the new check does not mask it) [0.09ms]
publish	Test and inspect the package	2026-10-07T08:15:59.7468162Z (pass) live-objection counting agrees with the runtime > a legacy disapproval settled by a later approval is not live [0.14ms]
publish	Test and inspect the package	2026-10-07T08:15:59.7469715Z (pass) live-objection counting agrees with the runtime > a genuinely live objection is still counted [0.06ms]
publish	Test and inspect the package	2026-10-07T08:15:59.7470822Z (pass) live-objection counting agrees with the runtime > an already-pinned history is counted the same way [0.04ms]
publish	Test and inspect the package	2026-10-07T08:15:59.7515302Z (pass) the published schema matches what the runtime persists > the five terminal-render fields on a completion claim are accepted [5.01ms]
publish	Test and inspect the package	2026-10-07T08:15:59.7520974Z (pass) the published schema matches what the runtime persists > a task deferral stamp is accepted [0.58ms]
publish	Test and inspect the package	2026-10-07T08:15:59.7523827Z (pass) the published schema matches what the runtime persists > timeoutEscalation is bounded to [0, 100], matching the load clamp [0.13ms]
publish	Test and inspect the package	2026-10-07T08:15:59.7525282Z (pass) the published schema matches what the runtime persists > wallDeadlineAt is gone: no GLLA code has ever written it [0.07ms]
publish	Test and inspect the package	2026-10-07T08:15:59.7526484Z (pass) the published schema matches what the runtime persists > the blank subtask the validator now blocks is exactly what the schema rejects [0.08ms]
publish	Test and inspect the package	2026-10-07T08:15:59.7527076Z 
publish	Test and inspect the package	2026-10-07T08:15:59.7527418Z ##[endgroup]
publish	Test and inspect the package	2026-10-07T08:15:59.7529489Z 
publish	Test and inspect the package	2026-10-07T08:15:59.7530382Z ##[group]tests/prompt-subagent-guidance.test.ts:
publish	Test and inspect the package	2026-10-07T08:16:00.0521881Z (pass) goal-loop-continuation.md: contains subagent fan-out guidance (item 4) [0.59ms]
publish	Test and inspect the package	2026-10-07T08:16:00.0523230Z (pass) goal-loop-draft.md: contains subagent fan-out guidance (item 4) [0.15ms]
publish	Test and inspect the package	2026-10-07T08:16:00.0524630Z (pass) goal-loop-forever.md: contains subagent fan-out guidance (item 4) [0.04ms]
publish	Test and inspect the package	2026-10-07T08:16:00.0525588Z (pass) goal-loop-forever-metricless.md: contains subagent fan-out guidance (item 4) [0.03ms]
publish	Test and inspect the package	2026-10-07T08:16:00.0526914Z (pass) continuation prompt — single-trunk execution with bounded fan-out [0.31ms]
publish	Test and inspect the package	2026-10-07T08:16:00.0528035Z (pass) v0.34.0: forever prompts carry the ROI law + untrusted-output hygiene [0.21ms]
publish	Test and inspect the package	2026-10-07T08:16:00.0529110Z (pass) v0.34.0: audit templates demand the parallel fan-out shape (both) [0.30ms]
publish	Test and inspect the package	2026-10-07T08:16:00.0802874Z (pass) v0.34.0: divergence bail — 3+ trailing regressions append a reassessment note [29.46ms]
publish	Test and inspect the package	2026-10-07T08:16:00.0804618Z (pass) continuation prompt — brief discipline law [0.38ms]
publish	Test and inspect the package	2026-10-07T08:16:00.0806556Z (pass) v0.34.4/0.34.6: token-limit death handling — resume first; split/absorb, never respawn wide [0.18ms]
publish	Test and inspect the package	2026-10-07T08:16:00.0808263Z (pass) v0.34.4: audit templates carry brief discipline in the fan-out clause (both) [0.19ms]
publish	Test and inspect the package	2026-10-07T08:16:00.0809967Z (pass) v0.34.4: forever prompts carry the one-line brief law [0.17ms]
publish	Test and inspect the package	2026-10-07T08:16:00.0811789Z (pass) v0.34.6: subagent failure law is RESUME, DON'T RESPAWN (session survives death) [0.15ms]
publish	Test and inspect the package	2026-10-07T08:16:00.0814015Z (pass) v0.34.6: the restart law — in-process agents die silently, goals survive [0.17ms]
publish	Test and inspect the package	2026-10-07T08:16:00.0814646Z 
publish	Test and inspect the package	2026-10-07T08:16:00.0815148Z ##[endgroup]
publish	Test and inspect the package	2026-10-07T08:16:00.0819288Z 
publish	Test and inspect the package	2026-10-07T08:16:00.0819911Z ##[group]tests/persistence-hardening.test.ts:
publish	Test and inspect the package	2026-10-07T08:16:00.3781275Z (pass) readState: a truncated trailing active.jsonl line loads cleanly (mid-write kill) [1.34ms]
publish	Test and inspect the package	2026-10-07T08:16:00.3797231Z (pass) large JSONL records do not break forward or reverse ledger scans [1.77ms]
publish	Test and inspect the package	2026-10-07T08:16:00.4061154Z (pass) readState normalizes and bounds the detached-auditor recovery cursor [26.27ms]
publish	Test and inspect the package	2026-10-07T08:16:00.4075058Z (pass) readState recovers a transaction when the first state ledger line was never written [0.74ms]
publish	Test and inspect the package	2026-10-07T08:16:00.4079277Z (pass) goal transaction snapshot repairs a markdown-before-ledger crash [1.24ms]
publish	Test and inspect the package	2026-10-07T08:16:00.4084180Z (pass) a committed state line wins over an orphaned older transaction [0.47ms]
publish	Test and inspect the package	2026-10-07T08:16:00.4091796Z (pass) same-millisecond transaction recovery uses the base-state fingerprint [0.77ms]
publish	Test and inspect the package	2026-10-07T08:16:00.4097903Z (pass) a newer transaction with a stale base fingerprint cannot roll back a later state line [0.56ms]
publish	Test and inspect the package	2026-10-07T08:16:00.4103074Z (pass) invalid pending-audit phases are dropped to legacy recovery semantics [0.53ms]
publish	Test and inspect the package	2026-10-07T08:16:00.4110246Z (pass) persisted ids are validated before state or filesystem use [0.69ms]
publish	Test and inspect the package	2026-10-07T08:16:00.4121025Z (pass) E1: disk failure latches the degraded flag, never throws; a landing write self-heals [1.01ms]
publish	Test and inspect the package	2026-10-07T08:16:00.4126011Z (pass) E1: all four persistence entry points run through runPersistStep [0.55ms]
publish	Test and inspect the package	2026-10-07T08:16:00.4133938Z (pass) E1: archive removes the active md ONLY when the archive landed [0.72ms]
publish	Test and inspect the package	2026-10-07T08:16:00.4146244Z (pass) E1: archive destination is exclusive and cannot clobber a winner [1.25ms]
publish	Test and inspect the package	2026-10-07T08:16:00.4150247Z (pass) E1: loud first-failure notify + recovery notify at the persistState choke point [0.40ms]
publish	Test and inspect the package	2026-10-07T08:16:00.4152718Z (pass) E1: TUI persistence-degraded flag (first widget line, until a write lands) [0.24ms]
publish	Test and inspect the package	2026-10-07T08:16:00.4161747Z (pass) T6: schema does not drift from the Goal interface [0.81ms]
publish	Test and inspect the package	2026-10-07T08:16:00.4162285Z 
publish	Test and inspect the package	2026-10-07T08:16:00.4162754Z ##[endgroup]
publish	Test and inspect the package	2026-10-07T08:16:00.4165894Z 
publish	Test and inspect the package	2026-10-07T08:16:00.4166535Z ##[group]tests/mechanical-pipeline-lifecycle.test.ts:
publish	Test and inspect the package	2026-10-07T08:16:01.5966479Z (pass) Node callers survive noisy early-closing filters and retain head failure/cancellation [893.47ms]
publish	Test and inspect the package	2026-10-07T08:16:01.5967195Z 
publish	Test and inspect the package	2026-10-07T08:16:01.5967569Z ##[endgroup]
publish	Test and inspect the package	2026-10-07T08:16:01.6133036Z 
publish	Test and inspect the package	2026-10-07T08:16:01.6134443Z ##[group]tests/agents-panel.test.ts:
publish	Test and inspect the package	2026-10-07T08:16:01.9463641Z (pass) v0.35.29 #15: the panel ranks hung > running > ended and caps at 20 rows with a notice [1.77ms]
publish	Test and inspect the package	2026-10-07T08:16:01.9464997Z (pass) v0.35.29 #15: empty state explains where evidence comes from [0.09ms]
publish	Test and inspect the package	2026-10-07T08:16:01.9466085Z (pass) v0.35.64: the panel makes a child-specific abort request visible [0.31ms]
publish	Test and inspect the package	2026-10-07T08:16:01.9468158Z (pass) v0.35.29 #15: the compact worker summary hides at zero and warns on the least-live child [0.28ms]
publish	Test and inspect the package	2026-10-07T08:16:01.9475168Z (pass) v0.38.23: detailed widget rows are single-line glyph-first with age, plus a command-free overflow [0.36ms]
publish	Test and inspect the package	2026-10-07T08:16:01.9482254Z (pass) v0.35.66: --tail matches the exact child identity and formats entries tolerantly [0.99ms]
publish	Test and inspect the package	2026-10-07T08:16:01.9486393Z (pass) v0.35.66: --tail selects the exact persisted child identity among same-type transcripts [0.41ms]
publish	Test and inspect the package	2026-10-07T08:16:01.9490487Z (pass) v0.37.1: --tail uses the persisted session id to find an older transcript [0.38ms]
publish	Test and inspect the package	2026-10-07T08:16:01.9492525Z (pass) v0.35.66: --tail refuses a same-type transcript without exact child identity [0.21ms]
publish	Test and inspect the package	2026-10-07T08:16:01.9495726Z (pass) v0.36.0: --tail rejects a message that merely mentions the target identity [0.24ms]
publish	Test and inspect the package	2026-10-07T08:16:01.9499424Z (pass) v0.35.29 #15: --tail is LOUD when nothing matches or the dir is unreadable [0.38ms]
publish	Test and inspect the package	2026-10-07T08:16:01.9500891Z (pass) v0.35.29 #15: formatTranscriptEntry survives shape drift without throwing [0.10ms]
publish	Test and inspect the package	2026-10-07T08:16:02.0076106Z (pass) v0.35.29 #15: end-to-end — /glla agents renders real probe data; widget segment rides the goal card [55.38ms]
publish	Test and inspect the package	2026-10-07T08:16:02.0130139Z (pass) v0.35.65: buildWidgetLines places detailed worker rows before the card footer and supports an agent-only card [1.32ms]
publish	Test and inspect the package	2026-10-07T08:16:02.0208102Z (pass) v0.35.45: formatTranscriptEntry strips ANSI escapes and control chars on ALL paths [0.22ms]
publish	Test and inspect the package	2026-10-07T08:16:02.0234672Z (pass) v0.35.45: the candidate scan reads a bounded tail per file, not full transcripts [3.72ms]
publish	Test and inspect the package	2026-10-07T08:16:02.0295682Z (pass) audit-2026-09-06: panel renders the doc-promised blocks row and Recent hangs footer [0.81ms]
publish	Test and inspect the package	2026-10-07T08:16:02.0355023Z (pass) audit-2026-09-06: snapshot labels live rows with the observed parent wait only [0.56ms]
publish	Test and inspect the package	2026-10-07T08:16:02.0475664Z (pass) audit-2026-09-06: --tail with an ambiguous prefix lists candidates instead of picking silently [33.36ms]
publish	Test and inspect the package	2026-10-07T08:16:02.0506832Z (pass) audit 2026-09-25: transcript role labels never split surrogate pairs [0.76ms]
publish	Test and inspect the package	2026-10-07T08:16:02.0507704Z 
publish	Test and inspect the package	2026-10-07T08:16:02.0508356Z ##[endgroup]
publish	Test and inspect the package	2026-10-07T08:16:02.0509199Z 
publish	Test and inspect the package	2026-10-07T08:16:02.0509775Z ##[group]tests/list-bare-draft.test.ts:
publish	Test and inspect the package	2026-10-07T08:16:02.9028988Z (pass) v0.38.51: bare /list enters list drafting — agent list_add is gated [536.67ms]
publish	Test and inspect the package	2026-10-07T08:16:03.5605858Z (pass) v0.38.51: /list show still renders the queue (viewer preserved) [658.23ms]
publish	Test and inspect the package	2026-10-07T08:16:04.0613596Z (pass) v0.38.51: stale bare /list latches no drafting gate — a later list_add lands [499.54ms]
publish	Test and inspect the package	2026-10-07T08:16:04.0615164Z 
publish	Test and inspect the package	2026-10-07T08:16:04.0615923Z ##[endgroup]
publish	Test and inspect the package	2026-10-07T08:16:04.0616353Z 
publish	Test and inspect the package	2026-10-07T08:16:04.0616997Z ##[group]tests/durable-wait-prewritten.test.mjs:
publish	Test and inspect the package	2026-10-07T08:16:04.3576251Z (pass) prewritten durable state: completion [2.18ms]
publish	Test and inspect the package	2026-10-07T08:16:04.3577255Z (pass) prewritten durable state: provider failure [0.52ms]
publish	Test and inspect the package	2026-10-07T08:16:04.3585301Z (pass) prewritten durable state: failure takes precedence over approval [0.54ms]
publish	Test and inspect the package	2026-10-07T08:16:04.3585911Z 
publish	Test and inspect the package	2026-10-07T08:16:04.3586385Z ##[endgroup]
publish	Test and inspect the package	2026-10-07T08:16:04.3816176Z 
publish	Test and inspect the package	2026-10-07T08:16:04.3818307Z ##[group]tests/reviewer-extraction-hardening.test.ts:
publish	Test and inspect the package	2026-10-07T08:16:04.7016900Z (pass) the 3 live false-positive lines extract NOTHING [0.38ms]
publish	Test and inspect the package	2026-10-07T08:16:04.7018772Z (pass) code lines are skipped (test/it/assert/const/import/…) [0.11ms]
publish	Test and inspect the package	2026-10-07T08:16:04.7019553Z (pass) markdown table rows are skipped [0.03ms]
publish	Test and inspect the package	2026-10-07T08:16:04.7020485Z (pass) reviewer-report vocabulary is skipped (self-match prevention) [0.03ms]
publish	Test and inspect the package	2026-10-07T08:16:04.7021515Z (pass) real architectural + strategic text still classifies [0.10ms]
publish	Test and inspect the package	2026-10-07T08:16:04.7023150Z (pass) v0.34.83: the bare word 'issue' is REMOVED from the bug regex — GitHub issue references and prose don't classify as bugs [0.09ms]
publish	Test and inspect the package	2026-10-07T08:16:04.7029972Z (pass) v0.34.83: a completion summary referencing GitHub issues enqueues zero bug findings through the curated pipeline [0.98ms]
publish	Test and inspect the package	2026-10-07T08:16:04.7036517Z (pass) full runReviewer over 0.26.2-style source text produces zero architectural findings [0.65ms]
publish	Test and inspect the package	2026-10-07T08:16:04.7039641Z (pass) extraction dedupe + cap still work after hardening [0.42ms]
publish	Test and inspect the package	2026-10-07T08:16:04.7044141Z (pass) hard-wrapped finding joins into ONE full-sentence finding (hellhunter regression) [0.31ms]
publish	Test and inspect the package	2026-10-07T08:16:04.7045814Z (pass) uppercase-start lines do NOT join — punctuation-less items stay separate [0.11ms]
publish	Test and inspect the package	2026-10-07T08:16:04.7047149Z (pass) dangling-connector fragments are rejected [0.12ms]
publish	Test and inspect the package	2026-10-07T08:16:04.7048383Z (pass) completedObjective prefix-dedupe: a finding restating the completed goal is skipped [0.13ms]
publish	Test and inspect the package	2026-10-07T08:16:04.7049760Z (pass) cutAtClauseBoundary: long findings cut at a clause, never mid-word [0.16ms]
publish	Test and inspect the package	2026-10-07T08:16:04.7050433Z 
publish	Test and inspect the package	2026-10-07T08:16:04.7051121Z ##[endgroup]
publish	Test and inspect the package	2026-10-07T08:16:04.7053663Z 
publish	Test and inspect the package	2026-10-07T08:16:04.7054236Z ##[group]tests/future-sidecar-freshness.test.ts:
publish	Test and inspect the package	2026-10-07T08:16:04.9982106Z (pass) freshness markers reject future timestamps while accepting recent past timestamps [0.33ms]
publish	Test and inspect the package	2026-10-07T08:16:04.9983852Z (pass) recovery-resume consumes but refuses a future-dated sidecar [2.71ms]
publish	Test and inspect the package	2026-10-07T08:16:04.9985124Z (pass) all restart sidecar validators use the non-negative-age freshness gate [0.68ms]
publish	Test and inspect the package	2026-10-07T08:16:04.9985770Z 
publish	Test and inspect the package	2026-10-07T08:16:04.9986280Z ##[endgroup]
publish	Test and inspect the package	2026-10-07T08:16:04.9986494Z 
publish	Test and inspect the package	2026-10-07T08:16:04.9986962Z ##[group]tests/state-root.test.ts:
publish	Test and inspect the package	2026-10-07T08:16:05.3132426Z (pass) workingDir remains the default root and persists under cwd [26.86ms]
publish	Test and inspect the package	2026-10-07T08:16:05.3145081Z (pass) sessionDir opt-in resolves to the registered top-level session directory [1.42ms]
publish	Test and inspect the package	2026-10-07T08:16:05.3160024Z (pass) pending sessionDir defers every core write and does not migrate the old cwd tree [1.49ms]
publish	Test and inspect the package	2026-10-07T08:16:05.3164565Z (pass) PI_SESSION_FILE provides a worker-safe session-root fallback [0.49ms]
publish	Test and inspect the package	2026-10-07T08:16:05.3205225Z (pass) stateRoot is typed/global-only and project settings cannot override it [4.00ms]
publish	Test and inspect the package	2026-10-07T08:16:05.3205860Z 
publish	Test and inspect the package	2026-10-07T08:16:05.3206337Z ##[endgroup]
publish	Test and inspect the package	2026-10-07T08:16:05.3210657Z 
publish	Test and inspect the package	2026-10-07T08:16:05.3211299Z ##[group]tests/faulty-objective-recovery.test.ts:
publish	Test and inspect the package	2026-10-07T08:16:05.6158611Z (pass) detects archive-derived and verification-fragment objectives [0.51ms]
publish	Test and inspect the package	2026-10-07T08:16:05.6186313Z (pass) detects reviewer prose, headings, numbered audit text, and dangling fragments [0.32ms]
publish	Test and inspect the package	2026-10-07T08:16:05.6190252Z (pass) valid imperative objectives are not flagged [0.10ms]
publish	Test and inspect the package	2026-10-07T08:16:05.6191930Z (pass) valid imperative objectives may mention auditor and verification machinery [0.12ms]
publish	Test and inspect the package	2026-10-07T08:16:05.6193048Z (pass) imperative implementation requests mentioning audit, verification, or regression stay valid [0.22ms]
publish	Test and inspect the package	2026-10-07T08:16:05.6195123Z (pass) queue items that merely name the auditor role are not verification-fragments (2026-08-16 field regression) [0.20ms]
publish	Test and inspect the package	2026-10-07T08:16:05.6196754Z (pass) auditor/reviewer verdict-shaped text is still a verification-fragment [0.19ms]
publish	Test and inspect the package	2026-10-07T08:16:05.6197967Z (pass) explicit reviewer and evidence fragments are rejected [0.22ms]
publish	Test and inspect the package	2026-10-07T08:16:05.6199346Z (pass) the screenshot reviewer fragment records the exact saved-intent repair [0.46ms]
publish	Test and inspect the package	2026-10-07T08:16:05.6200652Z (pass) recover is a valid imperative for the exact queued detached-auditor item [0.10ms]
publish	Test and inspect the package	2026-10-07T08:16:05.6201638Z (pass) normalization is an automatic provenance repair [0.19ms]
publish	Test and inspect the package	2026-10-07T08:16:05.6202783Z (pass) durable original provenance wins over reviewer prose and supplies the saved contract [0.41ms]
publish	Test and inspect the package	2026-10-07T08:16:05.6204025Z (pass) unverified completion prose is never promoted [0.16ms]
publish	Test and inspect the package	2026-10-07T08:16:05.6205043Z (pass) approved completion context from an older revision cannot resurrect saved intent [0.17ms]
publish	Test and inspect the package	2026-10-07T08:16:05.6205938Z (pass) audit history contributes only an actionable required-fix line [0.19ms]
publish	Test and inspect the package	2026-10-07T08:16:05.6206612Z (pass) all direct continuation and stored-audit paths retain the final gate [0.59ms]
publish	Test and inspect the package	2026-10-07T08:16:05.6207284Z (pass) durable pending task is preferred when the objective cannot be normalized [0.20ms]
publish	Test and inspect the package	2026-10-07T08:16:05.6435028Z (pass) irrecoverable suspicious objectives produce a non-suspicious queued repair task [24.02ms]
publish	Test and inspect the package	2026-10-07T08:16:05.7733976Z (pass) session_start auto-resume blocks a suspicious active objective and queues repair [129.84ms]
publish	Test and inspect the package	2026-10-07T08:16:06.0224689Z (pass) manual resume blocks a suspicious paused objective before dispatch [247.01ms]
publish	Test and inspect the package	2026-10-07T08:16:06.4815074Z (pass) list activation blocks a suspicious queued objective and leaves its repair task actionable [461.05ms]
publish	Test and inspect the package	2026-10-07T08:16:06.6236984Z (pass) repair cards require a concrete replan objective and clear the latch only after confirmation [141.58ms]
publish	Test and inspect the package	2026-10-07T08:16:06.8609840Z (pass) exact queued detached-auditor objective activates without a repair task [237.86ms]
publish	Test and inspect the package	2026-10-07T08:16:06.9965667Z (pass) provenance-backed repair auto-applies before dispatch [131.32ms]
publish	Test and inspect the package	2026-10-07T08:16:07.2760069Z (pass) direct continuation dispatch rechecks the suspicious objective [283.83ms]
publish	Test and inspect the package	2026-10-07T08:16:07.4587071Z (pass) a canceled goal and stale continuation attempt are hard fences [181.17ms]
publish	Test and inspect the package	2026-10-07T08:16:07.5585281Z (pass) an archived goal id is a hard fence against stale resurrection [99.96ms]
publish	Test and inspect the package	2026-10-07T08:16:07.5596013Z (pass) an active goal with an interrupted terminal stopReason is not dispatched [1.19ms]
publish	Test and inspect the package	2026-10-07T08:16:07.5624610Z (pass) an explicit /goal start objective is dispatched even when the heuristic flags it [1.65ms]
publish	Test and inspect the package	2026-10-07T08:16:07.5627167Z (pass) v0.35.35: seed trust survives a Done when: clause and @role in the raw seed (createGoal stores raw vs cleaned) [1.70ms]
publish	Test and inspect the package	2026-10-07T08:16:07.5670887Z (pass) v0.35.35: normalization does not widen trust to agent-authored seeds [4.89ms]
publish	Test and inspect the package	2026-10-07T08:16:07.7255603Z (pass) agent-authored suspicious objectives still pause — the trust is user-seed only [157.92ms]
publish	Test and inspect the package	2026-10-07T08:16:07.8945334Z (pass) replan confirmation consumes the source queue fragment and its sidecar [165.19ms]
publish	Test and inspect the package	2026-10-07T08:16:08.0299172Z (pass) audit-2026-09-06: archivedPath outside the archive dir is an anomaly, not a goal-nulling probe [137.05ms]
publish	Test and inspect the package	2026-10-07T08:16:08.1326706Z (pass) audit-2026-09-06: archivedPath inside the archive dir still fences [103.86ms]
publish	Test and inspect the package	2026-10-07T08:16:08.1372529Z (pass) v0.38.101 a title-like heading is an objective, not a pasted report [0.29ms]
publish	Test and inspect the package	2026-10-07T08:16:08.1375378Z (pass) v0.38.101 a pasted report still trips the heading heuristic [0.17ms]
publish	Test and inspect the package	2026-10-07T08:16:08.1377836Z 
publish	Test and inspect the package	2026-10-07T08:16:08.1380655Z ##[endgroup]
publish	Test and inspect the package	2026-10-07T08:16:08.1566208Z 
publish	Test and inspect the package	2026-10-07T08:16:08.1568652Z ##[group]tests/list-philosophy.test.ts:
publish	Test and inspect the package	2026-10-07T08:16:08.4167440Z [run-tests] progress: 240s elapsed · 0s since last output · 127 KiB of suite output
publish	Test and inspect the package	2026-10-07T08:16:08.4452093Z (pass) contract 1+2: /goal+/list draft prompt has short-item AND multi-hour framing [0.58ms]
publish	Test and inspect the package	2026-10-07T08:16:08.4468058Z (pass) contract 3: /loop draft prompt has metric-driven framing [0.12ms]
publish	Test and inspect the package	2026-10-07T08:16:08.4469281Z (pass) contract 4: all draft prompts open with a Long-running philosophy block [0.23ms]
publish	Test and inspect the package	2026-10-07T08:16:08.4470585Z (pass) contract 5: LIST-PHILOSOPHY.md exists with the three-mode table [0.21ms]
publish	Test and inspect the package	2026-10-07T08:16:08.4471904Z (pass) contract 6: INSTALL.md references LIST-PHILOSOPHY.md in a Modes section [0.11ms]
publish	Test and inspect the package	2026-10-07T08:16:08.4473167Z (pass) contract 7: /list depth headline format [0.65ms]
publish	Test and inspect the package	2026-10-07T08:16:08.4474702Z (pass) contract 8+11: cross-recommend catches the 76-weak-points wrapper seed [0.20ms]
publish	Test and inspect the package	2026-10-07T08:16:08.4476238Z (pass) contract 12: cross-recommend catches the 40-findings tasklist seed [0.09ms]
publish	Test and inspect the package	2026-10-07T08:16:08.4477661Z (pass) contract 8: multi-hour seed in /list mode suggests /goal or break-up [0.33ms]
publish	Test and inspect the package	2026-10-07T08:16:08.4478988Z (pass) contract 8: five-minute seed in /goal mode suggests /list [0.14ms]
publish	Test and inspect the package	2026-10-07T08:16:08.4480000Z (pass) contract 8: open-ended seed in /goal or /list mode suggests /loop [0.18ms]
publish	Test and inspect the package	2026-10-07T08:16:08.4480779Z (pass) contract 8: bounded-until beats recurring vocabulary (still a goal) [0.05ms]
publish	Test and inspect the package	2026-10-07T08:16:08.4481530Z (pass) contract 8: aggregate beats recurring (per-item work wins) [0.15ms]
publish	Test and inspect the package	2026-10-07T08:16:08.4482642Z (pass) contract 8: recurring beats five-minute (cadence changes the loop) [0.08ms]
publish	Test and inspect the package	2026-10-07T08:16:08.4483604Z 
publish	Test and inspect the package	2026-10-07T08:16:08.4484220Z ##[endgroup]
publish	Test and inspect the package	2026-10-07T08:16:08.4484446Z 
publish	Test and inspect the package	2026-10-07T08:16:08.4484936Z ##[group]tests/behavioral-orchestrator.test.ts:
publish	Test and inspect the package	2026-10-07T08:16:08.8247982Z (pass) T3a: active goal + human load (startup) + default settings → HELD for explicit resume [41.46ms]
publish	Test and inspect the package	2026-10-07T08:16:09.7083905Z (pass) v0.34.18: blank startup waits for the transcript before autoresume, while explicit resume and loaded history still work [882.36ms]
publish	Test and inspect the package	2026-10-07T08:16:09.7134700Z (pass) v0.34.121: blank startup closes a legacy terminal slot when its archive exists [6.36ms]
publish	Test and inspect the package	2026-10-07T08:16:10.0744972Z (pass) T3c (v0.28.21): interrupted goal HELDS by default — the 0.28.3 exemption is superseded; autoresume=on auto-resumes [360.69ms]
publish	Test and inspect the package	2026-10-07T08:16:10.4501641Z (pass) T3b (v0.28.21): active goal + reload → HELD by default; autoresume=on → auto-resumes [375.85ms]
publish	Test and inspect the package	2026-10-07T08:16:10.6486453Z (pass) v0.35.x: list cancel archives the active item, does not relabel it as active, and preserves its audit history [195.84ms]
publish	Test and inspect the package	2026-10-07T08:16:10.7952529Z (pass) v0.36.0: /goal cancel archives a standalone goal with a compact six-label recap [147.82ms]
publish	Test and inspect the package	2026-10-07T08:16:11.1314939Z (pass) v0.36.0: /list next archives the skipped active item with a compact recap [330.13ms]
publish	Test and inspect the package	2026-10-07T08:16:11.1854918Z (pass) v0.36.1: bare /goal start uses one clear active-branch request [58.67ms]
publish	Test and inspect the package	2026-10-07T08:16:11.2946521Z (pass) v0.36.1: bare /list start activates the hydrated queue head [110.47ms]
publish	Test and inspect the package	2026-10-07T08:16:11.3816583Z (pass) v0.36.1: bare /loop start infers only a target and uses the metricless path [76.97ms]
publish	Test and inspect the package	2026-10-07T08:16:13.3090636Z (pass) v0.36.0: aborted detached audit can complete without audit only after archive success [1938.85ms]
publish	Test and inspect the package	2026-10-07T08:16:13.4954739Z (pass) v0.34.119: /glla cancel archives the active list item and drops the waiting objective queue [186.29ms]
publish	Test and inspect the package	2026-10-07T08:16:13.5107799Z (pass) v0.34.121: /glla cancel stops an active loop before touching an unrelated waiting queue [13.60ms]
publish	Test and inspect the package	2026-10-07T08:16:13.7525738Z (pass) v0.34.119: /glla cancel also aborts an auditing list objective and clears its waiting queue [240.80ms]
publish	Test and inspect the package	2026-10-07T08:16:13.8615219Z (pass) v0.35.0 (v0.38.12 last-wins): /goal start replaces without dialog; plain /goal still offers update/cancel [111.58ms]
publish	Test and inspect the package	2026-10-07T08:16:13.9175642Z (pass) v0.35.x: same-mode list conflict updates the whole objective, never individual tasks [50.49ms]
publish	Test and inspect the package	2026-10-07T08:16:14.0180779Z (pass) v0.35.x: auditing list conflict cancels the stale audit before whole-objective update [105.95ms]
publish	Test and inspect the package	2026-10-07T08:16:14.0577420Z (pass) v0.35.x: list_activate uses the same whole-objective conflict update [38.43ms]
publish	Test and inspect the package	2026-10-07T08:16:14.0995015Z (pass) C7: declined list conflict update preserves work without retrying the editor [34.85ms]
publish	Test and inspect the package	2026-10-07T08:16:14.1565087Z (pass) v0.35.0: a cross-mode replacement confirms before replacing a live loop [53.57ms]
publish	Test and inspect the package	2026-10-07T08:16:14.3321863Z Switched to a new branch 'pi-glla-loop/20261007081614-refusal-target'
publish	Test and inspect the package	2026-10-07T08:16:14.3431459Z cat: /definitely-not-here-xyz: No such file or directory
publish	Test and inspect the package	2026-10-07T08:16:14.3764799Z Switched to branch 'main'
publish	Test and inspect the package	2026-10-07T08:16:14.3935126Z (pass) v0.35.4: a refused branch-mode loop start restores the original branch [245.02ms]
publish	Test and inspect the package	2026-10-07T08:16:14.4734983Z (pass) v0.35.0: a direct /loop start also confirms before replacing a live goal [77.37ms]
publish	Test and inspect the package	2026-10-07T08:16:14.5516970Z (pass) C2: an explicit /goal start stops the active loop instead of stacking two live things [81.03ms]
publish	Test and inspect the package	2026-10-07T08:16:14.7504513Z (pass) v0.34.121: one confirmed /glla wipe clears recovery and dispatch artifacts too [190.75ms]
publish	Test and inspect the package	2026-10-07T08:16:15.4735283Z (pass) v0.35.x: /list tweak amends a paused list item without activating it or changing waiting entries [728.83ms]
publish	Test and inspect the package	2026-10-07T08:16:17.2404061Z (pass) field 2026-09-16 (VidPro park): /goal tweak amends a paused goal without waking it [1749.39ms]
publish	Test and inspect the package	2026-10-07T08:16:17.6999873Z (pass) field 2026-09-16: /goal tweak with no goal names the real path [467.92ms]
publish	Test and inspect the package	2026-10-07T08:16:18.1051138Z (pass) field 2026-09-16 (VidPro replay): tweak chatter adopts the discussed objective, never the chatter [408.31ms]
publish	Test and inspect the package	2026-10-07T08:16:18.3641020Z (pass) audit 2026-09-16: inferred tweak rejection leaves objective and ledger unchanged [257.75ms]
publish	Test and inspect the package	2026-10-07T08:16:18.6595289Z (pass) field 2026-09-16: tweak chatter with no discussed objective guides and changes nothing [293.86ms]
publish	Test and inspect the package	2026-10-07T08:16:18.9685291Z (pass) field 2026-09-16: plain-/goal update with an explicit contract stays verbatim (explicit intent wins) [310.67ms]
publish	Test and inspect the package	2026-10-07T08:16:19.2914417Z (pass) field 2026-09-16: chatter typed into the bare-tweak dialog guides, never adopts [324.35ms]
publish	Test and inspect the package	2026-10-07T08:16:19.4787738Z (pass) field 2026-09-16: a typed paragraph drafts as one thing, never an import-or-nothing [181.76ms]
publish	Test and inspect the package	2026-10-07T08:16:19.6598031Z (pass) audit 2026-09-16: bare list keeps separately contracted objectives in separate queue records [185.20ms]
publish	Test and inspect the package	2026-10-07T08:16:20.0964872Z (pass) field 2026-09-16 (loop sweep): /loop refine on a held loop queues the hint and resumes [426.26ms]
publish	Test and inspect the package	2026-10-07T08:16:20.4763981Z (pass) audit 2026-09-23: failed loop dispatch preserves every one-shot directive [389.45ms]
publish	Test and inspect the package	2026-10-07T08:16:20.9398455Z (pass) audit 2026-09-16: held-loop refine respects wrong-branch guard [465.92ms]
publish	Test and inspect the package	2026-10-07T08:16:21.2285173Z (pass) field 2026-09-16 (loop sweep): held-loop refine over an active goal queues but stays held [286.02ms]
publish	Test and inspect the package	2026-10-07T08:16:21.5335142Z (pass) field 2026-09-16 (loop sweep): refine on a user-stopped loop refuses with the honest path [304.35ms]
publish	Test and inspect the package	2026-10-07T08:16:21.7075369Z (pass) field 2026-09-16 (loop sweep): refine on a measure-broken loop points at the agent repair path [168.38ms]
publish	Test and inspect the package	2026-10-07T08:16:21.9315085Z (pass) field 2026-09-16 (loop sweep): refine on an active loop keeps today's behavior [228.10ms]
publish	Test and inspect the package	2026-10-07T08:16:21.9595407Z (pass) T3d: active loop + human load → HELD_ON_RESTORE (loop deactivated loudly, not silently dropped) [26.72ms]
publish	Test and inspect the package	2026-10-07T08:16:22.1314725Z (pass) v0.35.x: a successor auto-resumes lifecycle-held loops intact but preserves deliberate stops [177.37ms]
publish	Test and inspect the package	2026-10-07T08:16:22.1615274Z (pass) v0.29.14: live audit loop on open-count/min migrates to closed-count/max on load (discovery no longer reads as regression) [19.92ms]
publish	Test and inspect the package	2026-10-07T08:16:22.2035010Z (pass) v0.29.18: live audit loop on the audit-every-iteration target migrates to FIX-FIRST on load [48.99ms]
publish	Test and inspect the package	2026-10-07T08:16:23.0125260Z (pass) v0.34.16: lifecycle handoff resumes same-process replacement but quit does not bypass restore consent [810.66ms]
publish	Test and inspect the package	2026-10-07T08:16:24.6952438Z (pass) stale list work survives invalidation and resumes only through a fresh file-backed session [1679.68ms]
publish	Test and inspect the package	2026-10-07T08:16:25.4705345Z (pass) v0.34.49: fresh MAIN session_start resets stale state and rejects the old dispatch generation [769.79ms]
publish	Test and inspect the package	2026-10-07T08:16:26.0025092Z (pass) v0.34.49: a handoff is one-shot and only matching predecessor identity can resume [540.48ms]
publish	Test and inspect the package	2026-10-07T08:16:26.8215228Z (pass) v0.34.23: host replacement with a new SessionManager is not rejected as foreign [818.51ms]
publish	Test and inspect the package	2026-10-07T08:16:27.1897281Z (pass) v0.34.20: registered tools use the replacement invocation context without session_shutdown [367.36ms]
publish	Test and inspect the package	2026-10-07T08:16:27.5967101Z (pass) T3e (v0.28.21): no active goal + queued list + reload → NOT activated by default; autoresume=on → head activates [408.21ms]
publish	Test and inspect the package	2026-10-07T08:16:27.8170171Z (pass) v0.34.24: continuation dispatch waits for owner start proof and clears its sidecar [220.06ms]
publish	Test and inspect the package	2026-10-07T08:16:30.6108232Z (pass) v0.34.36: compaction releases a timed-out dispatch for one fresh resync attempt [2793.75ms]
publish	Test and inspect the package	2026-10-07T08:16:31.4086812Z (pass) v0.34.36: a loop missing start proof stops durably and /loop resume re-arms it exactly once [797.85ms]
publish	Test and inspect the package	2026-10-07T08:16:32.2246157Z (pass) v0.34.48: /list resume releases an unacknowledged dispatch exactly once [815.90ms]
publish	Test and inspect the package	2026-10-07T08:16:33.0405168Z (pass) v0.34.24: missing start proof stands down durably and explicit resume sends one fresh attempt [815.86ms]
publish	Test and inspect the package	2026-10-07T08:16:33.4045934Z (pass) v0.34.88: a transient no-turn-start miss self-heals with exactly ONE verbatim retry [364.14ms]
publish	Test and inspect the package	2026-10-07T08:16:34.0213636Z (pass) v0.34.88: a genuine stall fires unacknowledged after the retry backoff — exactly one retry, then re-sends stop [616.66ms]
publish	Test and inspect the package	2026-10-07T08:16:34.9170670Z (pass) v0.34.88: a goal paused inside the watchdog window is never blind-retried [895.67ms]
publish	Test and inspect the package	2026-10-07T08:16:34.9252006Z (pass) T5: mutating tools refuse a foreign (subagent) session ctx [8.20ms]
publish	Test and inspect the package	2026-10-07T08:16:34.9258373Z (pass) T5: guard coverage pin — every mutating tool routes through foreignToolGuard [0.76ms]
publish	Test and inspect the package	2026-10-07T08:16:34.9426044Z (pass) v0.36.3: live activity is scoped across lost results, host replacement, timestamps, timers, and pending dispatch [16.50ms]
publish	Test and inspect the package	2026-10-07T08:16:35.1975163Z (pass) v0.36.4: /glla resume behaviorally re-kicks an ACTIVE-but-idle goal [253.42ms]
publish	Test and inspect the package	2026-10-07T08:16:35.8065556Z (pass) T2: a stale send on agent_end continuation → goal ACTIVE + interrupt marker + loud notify [608.89ms]
publish	Test and inspect the package	2026-10-07T08:16:38.3578580Z (pass) T2b: stale before compaction → no late rebind, refire, or misleading active UI [2552.80ms]
publish	Test and inspect the package	2026-10-07T08:16:38.4187152Z [run-tests] progress: 270s elapsed · 0s since last output · 135 KiB of suite output
publish	Test and inspect the package	2026-10-07T08:16:38.5235465Z (pass) v0.35.x: stale terminal keeps a recovery probe and self-heals without reload [163.85ms]
publish	Test and inspect the package	2026-10-07T08:16:40.9717944Z (pass) v0.34.48: host-session loss without replacement session_start parks durably and rejects late callbacks [2449.98ms]
publish	Test and inspect the package	2026-10-07T08:16:41.1486851Z (pass) v0.35.x: host loss keeps durable auditor disapproval feedback visible [176.70ms]
publish	Test and inspect the package	2026-10-07T08:16:42.5706455Z (pass) v0.35.x: full auditor reports and required-fixes tails survive lifecycle boundaries [1422.22ms]
publish	Test and inspect the package	2026-10-07T08:16:43.4705190Z (pass) S3: a mid-session absorb publishes the owner file, so the shutdown handoff still validates [899.81ms]
publish	Test and inspect the package	2026-10-07T08:16:44.0566263Z (pass) v0.34.25: silent swap — live file-backed successor is absorbed via a tool call and the work auto-resumes [586.00ms]
publish	Test and inspect the package	2026-10-07T08:16:44.4385246Z (pass) v0.34.25: silent swap — in-memory (subagent) ctx is still refused and the park stays honest [381.23ms]
publish	Test and inspect the package	2026-10-07T08:16:45.0356547Z (pass) v0.34.25: the field ordering — stale before compaction, then the successor's compact event absorbs in place [597.80ms]
publish	Test and inspect the package	2026-10-07T08:16:45.2305667Z (pass) v0.34.25: dead owner + ephemeral ctx cannot claim the plane (subagent lockout fix) [194.60ms]
publish	Test and inspect the package	2026-10-07T08:16:45.2441883Z (pass) S4: a transient lastCtx probe glitch fails one tool call closed without dropping the context [10.60ms]
publish	Test and inspect the package	2026-10-07T08:16:49.3527154Z (pass) v0.34.27: stale host recovery absorbs the first replacement contact across lifecycle and stream boundaries [4111.79ms]
publish	Test and inspect the package	2026-10-07T08:16:49.7587633Z (pass) v0.34.27: plain startup from a dead file-backed successor is not rejected as a subagent [405.01ms]
publish	Test and inspect the package	2026-10-07T08:16:50.5795806Z (pass) v0.38.68 reviewer P1: compact-defer settles without kicking a turn into the hot window [821.81ms]
publish	Test and inspect the package	2026-10-07T08:16:52.4325167Z (pass) manual pause+resume between exhaustion episodes restarts the relentless cycle [1852.29ms]
publish	Test and inspect the package	2026-10-07T08:16:54.2943835Z (pass) v0.34.26: repeated output-token truncation pauses the goal durably with re-scope guidance and a fresh resume budget [1862.35ms]
publish	Test and inspect the package	2026-10-07T08:16:54.7948465Z (pass) v0.34.26: output-token-limit provider errors pause with the named wall, not generic provider-error text [500.57ms]
publish	Test and inspect the package	2026-10-07T08:16:54.8007673Z (pass) goal draft rejects whitespace-only objectives before Confirm or activation [5.95ms]
publish	Test and inspect the package	2026-10-07T08:16:54.9925707Z (pass) task-list Confirm discloses milestone verification commands [190.25ms]
publish	Test and inspect the package	2026-10-07T08:16:55.0085589Z (pass) T1a: stale Confirm in propose_goal_draft → NOT-a-rejection guidance, no goal created [15.91ms]
publish	Test and inspect the package	2026-10-07T08:16:55.0357592Z (pass) T1b: stale /goal start → goal persisted to .pi-glla with honest notify [23.58ms]
publish	Test and inspect the package	2026-10-07T08:16:55.3985817Z (pass) drafting state is not left behind by a stale seed, and old confirmations cannot mutate a replacement session [357.33ms]
publish	Test and inspect the package	2026-10-07T08:16:55.4316075Z (pass) auto-accept escape hatch: ALWAYS choice persists project autoAcceptDrafts and accepts the draft [41.84ms]
publish	Test and inspect the package	2026-10-07T08:16:55.5025502Z (pass) escape hatch: a later draft skips the dialog entirely once autoAcceptDrafts landed [67.55ms]
publish	Test and inspect the package	2026-10-07T08:16:55.5142982Z (pass) source pin: all five draft-class dialogs route through confirmDraft with the 3-choice ALWAYS option [10.76ms]
publish	Test and inspect the package	2026-10-07T08:16:56.6755891Z (pass) quota error turns enter durable main-model recovery instead of a resend storm [1165.73ms]
publish	Test and inspect the package	2026-10-07T08:16:57.4195477Z (pass) main-model recovery external notices are deduplicated per provider episode [741.08ms]
publish	Test and inspect the package	2026-10-07T08:16:57.7519784Z (pass) request-rate prose uses the generic fallback chain [336.95ms]
publish	Test and inspect the package	2026-10-07T08:16:58.0824300Z (pass) explicit 429-shaped errors use the generic fallback chain [326.58ms]
publish	Test and inspect the package	2026-10-07T08:16:59.0148673Z (pass) a successful core retry clears generic provider recovery and resumes the parked goal [935.75ms]
publish	Test and inspect the package	2026-10-07T08:16:59.7905938Z (pass) v0.35.x: a successful main-model recovery gives a parked audit its one automatic retry [775.72ms]
publish	Test and inspect the package	2026-10-07T08:17:00.3240302Z (pass) a user-aborted agent_end does not falsely clear main-model recovery [533.43ms]
publish	Test and inspect the package	2026-10-07T08:17:00.6866971Z (pass) recoverable error turns enter generic recovery before stall accounting [362.60ms]
publish	Test and inspect the package	2026-10-07T08:17:01.2866616Z (pass) explicit prompt-policy rejection pauses the owning goal without retrying [599.96ms]
publish	Test and inspect the package	2026-10-07T08:17:01.4795932Z (pass) carryover pause (default): new goal over stale paused goal+list+held loop → ONE summary, goal archived, list+loop kept [191.92ms]
publish	Test and inspect the package	2026-10-07T08:17:01.7235612Z (pass) carryover=clear: new goal drops the queue, dismisses the held loop, archives the paused goal [244.46ms]
publish	Test and inspect the package	2026-10-07T08:17:01.9430455Z (pass) v0.35.4: a recovered sidecar is hydrated before list mutations [216.04ms]
publish	Test and inspect the package	2026-10-07T08:17:02.2255003Z (pass) /loop cancel: first-class alias stops the loop (stopReason recorded) [283.43ms]
publish	Test and inspect the package	2026-10-07T08:17:02.5188787Z (pass) /loop finish persists and notifies the complete six-label recap [294.39ms]
publish	Test and inspect the package	2026-10-07T08:17:02.5546060Z (pass) one-active-thing tool guards: list_activate + propose_loop_draft + propose_goal_draft refuse over the wrong active kind [35.39ms]
publish	Test and inspect the package	2026-10-07T08:17:02.9265935Z (pass) one-active-thing: /goal resume guard remains; the load-time combo is auto-arbitrated (v0.29.6) [372.87ms]
publish	Test and inspect the package	2026-10-07T08:17:03.4786046Z (pass) v0.29.6: stacked state at load is AUTO-ARBITRATED — most recent activity keeps the slot, loser archived (supersedes the 0.28.21 picker) [551.40ms]
publish	Test and inspect the package	2026-10-07T08:17:03.7769767Z (pass) carryover via /list next (pause): summary fires BEFORE the stale item activates; paused goal archived, held loop kept [297.39ms]
publish	Test and inspect the package	2026-10-07T08:17:03.9665999Z (pass) carryover via /list next (clear): the stale queue is dropped BEFORE activation — nothing activates [188.29ms]
publish	Test and inspect the package	2026-10-07T08:17:04.2595672Z (pass) carryover=resume: legacy silent stacking — no summary, queue + held loop untouched [296.43ms]
publish	Test and inspect the package	2026-10-07T08:17:04.5815320Z (pass) /list audit: queues a collect-only audit item with the restart-safe marker [319.94ms]
publish	Test and inspect the package	2026-10-07T08:17:05.1929669Z (pass) /goal decide: content pick → decision sent to the agent + goal resumes [613.51ms]
publish	Test and inspect the package	2026-10-07T08:17:05.5568008Z (pass) /goal decide: Escape (undefined) → goal stays paused, nothing sent [362.27ms]
publish	Test and inspect the package	2026-10-07T08:17:05.9185203Z (pass) /goal decide: command option (/goal cancel) runs the command, not a message [362.79ms]
publish	Test and inspect the package	2026-10-07T08:17:06.1110665Z (pass) /goal decide: no pending decision → notify, no picker [193.22ms]
publish	Test and inspect the package	2026-10-07T08:17:06.3507636Z (pass) /goal status + /goal pause: no goal id in user-facing text (v0.28.24) [238.65ms]
publish	Test and inspect the package	2026-10-07T08:17:06.3629813Z (pass) goal-start notify has no (id: …) suffix (v0.28.24 source pin) [8.25ms]
publish	Test and inspect the package	2026-10-07T08:17:06.6315498Z (pass) v0.34.21 lifecycle: completion audit from a replaced generation leaves the stored claim intact [263.35ms]
publish	Test and inspect the package	2026-10-07T08:17:07.9785362Z (pass) v0.34.119: impossible completion counts reach the durable auditor claim before the worker starts [1357.05ms]
publish	Test and inspect the package	2026-10-07T08:17:08.4192080Z [run-tests] progress: 300s elapsed · 0s since last output · 140 KiB of suite output
publish	Test and inspect the package	2026-10-07T08:17:08.5060505Z (pass) v0.34.22: complete_goal returns while a detached auditor finishes and archives approval [527.49ms]
publish	Test and inspect the package	2026-10-07T08:17:14.3099248Z (pass) v0.35.x: provider-wall diagnostics stay durable while completion surfaces remain sanitized and deduplicated [5803.85ms]
publish	Test and inspect the package	2026-10-07T08:17:14.3214991Z (pass) v0.35.x: /glla audits full sanitizes active and global reports [10.18ms]
publish	Test and inspect the package	2026-10-07T08:17:14.8015230Z (pass) v0.35.x: bare 403 main recovery sanitizes live surfaces while retaining diagnostics [477.35ms]
publish	Test and inspect the package	2026-10-07T08:17:20.8853193Z (pass) v0.35.x: bare 403 completion diagnostics stay durable while completion surfaces remain sanitized [6087.83ms]
publish	Test and inspect the package	2026-10-07T08:17:21.3622214Z (pass) v0.34.119: auditor-approved list completion archives the item and activates exactly the next queue item [476.82ms]
publish	Test and inspect the package	2026-10-07T08:17:22.0794793Z (pass) v0.36.2: approved standalone completion automatically activates a pre-queued list head [717.11ms]
publish	Test and inspect the package	2026-10-07T08:17:22.7021733Z (pass) v0.34.91: detached approval notify carries the agent's completion recap, not process boilerplate [622.77ms]
publish	Test and inspect the package	2026-10-07T08:17:22.8841237Z (pass) v0.34.87: complete_goal on a paused item names the pause + resume verb, not a flat 'No active goal' [181.92ms]
publish	Test and inspect the package	2026-10-07T08:17:23.6165112Z (pass) v0.34.22: detached disapproval resumes the goal with a durable report [732.35ms]
publish	Test and inspect the package	2026-10-07T08:17:24.3124495Z (pass) v0.35.x: a detached approval blocked by the regression shield is not relabeled [695.91ms]
publish	Test and inspect the package	2026-10-07T08:17:25.4529248Z (pass) v0.34.22: an old detached result cannot archive after session replacement [1140.55ms]
publish	Test and inspect the package	2026-10-07T08:17:25.6119029Z (pass) v0.34.21 lifecycle: cold startup holds a recovered claim until explicit resume [158.90ms]
publish	Test and inspect the package	2026-10-07T08:17:26.5882859Z (pass) v0.35.x: validated session handoff auto-retries a parked completion audit [976.32ms]
publish	Test and inspect the package	2026-10-07T08:17:27.7295588Z (pass) v0.35.x: explicit Auto-resume retries a parked claim on cold startup [1141.29ms]
publish	Test and inspect the package	2026-10-07T08:17:28.7765446Z (pass) v0.35.x: manual /list resume retries a parked list completion claim directly [1046.97ms]
publish	Test and inspect the package	2026-10-07T08:17:28.9347494Z (pass) v0.35.x: one automatic parked-audit retry is durable across repeated lifecycle events [158.13ms]
publish	Test and inspect the package	2026-10-07T08:17:30.4828779Z (pass) v0.35.x: stale host replacement session_start auto-recovers the parked audit [1548.15ms]
publish	Test and inspect the package	2026-10-07T08:17:31.4000464Z (pass) v0.35.x: healthy same-session heartbeat recovers a parked completion audit without manual resume [917.12ms]
publish	Test and inspect the package	2026-10-07T08:17:37.1291405Z (pass) v0.36.0: exhausted no-verdict auditor chain enters the shared ladder with an automatic retry timer [5729.06ms]
publish	Test and inspect the package	2026-10-07T08:17:38.4196038Z [run-tests] progress: 330s elapsed · 1s since last output · 143 KiB of suite output
publish	Test and inspect the package	2026-10-07T08:17:42.9399566Z (pass) bounded recovery: initial aggressive completion preserves its horizon and exhausted chain [5810.80ms]
publish	Test and inspect the package	2026-10-07T08:17:49.3309022Z (pass) v0.35.x: stale host loss releases an in-flight completion audit without a verdict [6390.95ms]
publish	Test and inspect the package	2026-10-07T08:17:49.3409397Z (pass) v0.34.29: audit fan-out honors autoAcceptDrafts without opening confirmation [10.08ms]
publish	Test and inspect the package	2026-10-07T08:17:49.3531861Z (pass) v0.34.129: fan-out dedupe does not drop a finding whose prefix appears inside another queue item [10.81ms]
publish	Test and inspect the package	2026-10-07T08:17:49.3790805Z (pass) v0.34.129: fan-out reports cap-deferred findings separately from true queue dedupes [25.07ms]
publish	Test and inspect the package	2026-10-07T08:17:49.3972000Z (pass) v0.34.20 lifecycle: fan-out confirmation from the old generation cannot queue into its replacement [18.21ms]
publish	Test and inspect the package	2026-10-07T08:17:49.5068717Z (pass) v0.34.20 lifecycle: loop measurement abandons the old generation after replacement [107.00ms]
publish	Test and inspect the package	2026-10-07T08:17:49.5085231Z (pass) v0.34.25: a resolved auditor model failure advances to the session fallback without a verdict [1.00ms]
publish	Test and inspect the package	2026-10-07T08:17:49.9805820Z (pass) v0.35.x: zero-stream zombie auto-aborts and parks a list item without a retry storm [473.80ms]
publish	Test and inspect the package	2026-10-07T08:17:50.0274959Z (pass) v0.35.x: zero-stream loop termination preserves and notifies its recap [47.08ms]
publish	Test and inspect the package	2026-10-07T08:17:50.1072546Z (pass) v0.35.4: zombie watchdog stands down while a subagent wait is in flight [80.37ms]
publish	Test and inspect the package	2026-10-07T08:17:50.2035372Z (pass) v0.35.64: a stale subagent probe no longer shields unrelated parent cleanup [95.05ms]
publish	Test and inspect the package	2026-10-07T08:17:50.2585097Z (pass) v0.35.4: context-starved warning is one-shot per refusal episode [54.08ms]
publish	Test and inspect the package	2026-10-07T08:17:50.2614758Z (pass) audit-2026-09-06: measure test-run dialogs disclose the pre-confirm exec [0.67ms]
publish	Test and inspect the package	2026-10-07T08:17:50.9598394Z (pass) tweak carries its revision bump inside the durable patch (no phantom revision) [704.09ms]
publish	Test and inspect the package	2026-10-07T08:17:50.9655030Z (pass) resetContinuationDispatchState clears the in-memory pending ref (S2 audit) [0.54ms]
publish	Test and inspect the package	2026-10-07T08:17:50.9662781Z 
publish	Test and inspect the package	2026-10-07T08:17:50.9663868Z ##[endgroup]
publish	Test and inspect the package	2026-10-07T08:17:50.9664092Z 
publish	Test and inspect the package	2026-10-07T08:17:50.9664526Z ##[group]tests/task-list.test.ts:
publish	Test and inspect the package	2026-10-07T08:17:51.2569294Z (pass) accepts a reasonable breakdown [0.35ms]
publish	Test and inspect the package	2026-10-07T08:17:51.2584209Z (pass) rejects empty list [0.20ms]
publish	Test and inspect the package	2026-10-07T08:17:51.2614466Z (pass) rejects too many top-level tasks [0.17ms]
publish	Test and inspect the package	2026-10-07T08:17:51.2617313Z (pass) rejects too many subtasks (the anti-drift cap) [0.16ms]
publish	Test and inspect the package	2026-10-07T08:17:51.2618404Z (pass) accepts exactly at the cap [0.13ms]
publish	Test and inspect the package	2026-10-07T08:17:51.2619186Z (pass) rejects empty titles [0.09ms]
publish	Test and inspect the package	2026-10-07T08:17:51.2620064Z (pass) assigns hierarchical ids and pending statuses [0.22ms]
publish	Test and inspect the package	2026-10-07T08:17:51.2620876Z (pass) trims titles [0.08ms]
publish	Test and inspect the package	2026-10-07T08:17:51.2621292Z 
publish	Test and inspect the package	2026-10-07T08:17:51.2622068Z ##[endgroup]
publish	Test and inspect the package	2026-10-07T08:17:51.2622422Z 
publish	Test and inspect the package	2026-10-07T08:17:51.2622972Z ##[group]tests/goal-state.test.ts:
publish	Test and inspect the package	2026-10-07T08:17:51.5822052Z (pass) goal-state.ts owns the state singleton (single source of truth) [25.02ms]
publish	Test and inspect the package	2026-10-07T08:17:51.5872086Z (pass) wholesale state replacement goes through replaceState() only [4.90ms]
publish	Test and inspect the package	2026-10-07T08:17:51.5874131Z (pass) the persistence core lives in goal-state.ts (persistStateLine) [0.46ms]
publish	Test and inspect the package	2026-10-07T08:17:51.5880529Z (pass) replaceState is used at the moved wholesale sites [0.55ms]
publish	Test and inspect the package	2026-10-07T08:17:51.5880953Z 
publish	Test and inspect the package	2026-10-07T08:17:51.5881299Z ##[endgroup]
publish	Test and inspect the package	2026-10-07T08:17:51.5885427Z 
publish	Test and inspect the package	2026-10-07T08:17:51.5885954Z ##[group]tests/second-gemini-gap.test.ts:
publish	Test and inspect the package	2026-10-07T08:17:51.8745491Z (pass) v0.38.52: gate rows widen the verification table with derived statuses [1.52ms]
publish	Test and inspect the package	2026-10-07T08:17:51.8755173Z (pass) v0.38.52: without gates the 3-col mechanical table is byte-identical [0.94ms]
publish	Test and inspect the package	2026-10-07T08:17:51.8757172Z (pass) v0.38.52: nested findings render Test Results sub-bullets aligned by index [0.71ms]
publish	Test and inspect the package	2026-10-07T08:17:51.8758770Z (pass) v0.38.52: table-mode findings ride test proof in the Evidence cell [0.54ms]
publish	Test and inspect the package	2026-10-07T08:17:51.8760104Z (pass) v0.38.52: sanitizeGateRows drops garbage, clips, caps [0.35ms]
publish	Test and inspect the package	2026-10-07T08:17:51.8761433Z (pass) v0.38.52: sanitizeFindingGroups parses parallel tests [0.23ms]
publish	Test and inspect the package	2026-10-07T08:17:51.8769529Z (pass) v0.38.52: old claims without tests render byte-identical to v0.38.50 [1.27ms]
publish	Test and inspect the package	2026-10-07T08:17:53.1243148Z (pass) v0.38.52: complete_goal gateRows + tests ride the claim into the chat render [1247.06ms]
publish	Test and inspect the package	2026-10-07T08:17:53.1244702Z 
publish	Test and inspect the package	2026-10-07T08:17:53.1245379Z ##[endgroup]
publish	Test and inspect the package	2026-10-07T08:17:53.1246812Z 
publish	Test and inspect the package	2026-10-07T08:17:53.1247380Z ##[group]tests/truthful-pause-labels.test.ts:
publish	Test and inspect the package	2026-10-07T08:17:53.4280435Z (pass) deliberate user wait is never labeled supervised recovery [2.18ms]
publish	Test and inspect the package	2026-10-07T08:17:53.4300665Z (pass) deliberate wait transitions stay truthful with absent, due, or overdue timers [1.03ms]
publish	Test and inspect the package	2026-10-07T08:17:53.4302254Z (pass) internal retry pauses keep the supervised recovery labels [0.65ms]
publish	Test and inspect the package	2026-10-07T08:17:53.4303993Z (pass) queued healthz implementation never claims a monitor or next check [0.37ms]
publish	Test and inspect the package	2026-10-07T08:17:53.4304968Z (pass) age alone never earns the monitoring label on a queued goal [0.23ms]
publish	Test and inspect the package	2026-10-07T08:17:53.4305569Z 
publish	Test and inspect the package	2026-10-07T08:17:53.4306388Z ##[endgroup]
publish	Test and inspect the package	2026-10-07T08:17:53.4306630Z 
publish	Test and inspect the package	2026-10-07T08:17:53.4307152Z ##[group]tests/compaction-target-settings.test.ts:
publish	Test and inspect the package	2026-10-07T08:17:53.7648546Z (pass) /glla token-target editor persists shorthand, cancellation, validation, and reset [37.76ms]
publish	Test and inspect the package	2026-10-07T08:17:53.7672246Z (pass) global-only target, defaults, provenance and menu describe the effective policy [2.48ms]
publish	Test and inspect the package	2026-10-07T08:17:53.8912138Z (pass) configured target reaches the actual trigger, idle guard, and hysteresis [123.75ms]
publish	Test and inspect the package	2026-10-07T08:17:54.0158742Z (pass) hand-edited invalid targets safely fall back at runtime [124.78ms]
publish	Test and inspect the package	2026-10-07T08:17:54.0352883Z (pass) headless /glla exposes the chosen token target and source [18.70ms]
publish	Test and inspect the package	2026-10-07T08:17:54.0354258Z 
publish	Test and inspect the package	2026-10-07T08:17:54.0356788Z ##[endgroup]
publish	Test and inspect the package	2026-10-07T08:17:54.0357504Z 
publish	Test and inspect the package	2026-10-07T08:17:54.0358287Z ##[group]tests/completion-summary-quality.test.ts:
publish	Test and inspect the package	2026-10-07T08:17:54.3380642Z (pass) completion summary quality: validator requires six labels [0.70ms]
publish	Test and inspect the package	2026-10-07T08:17:54.3835183Z (pass) completion summary quality: generic prose and missing labels ledger and NOTE [45.16ms]
publish	Test and inspect the package	2026-10-07T08:17:54.3924765Z (pass) completion summary quality: valid six-label recap passes without missing-label ledger [9.09ms]
publish	Test and inspect the package	2026-10-07T08:17:54.3935825Z (pass) v0.36.0: every terminal outcome gets a six-label recorded-facts fallback [0.71ms]
publish	Test and inspect the package	2026-10-07T08:17:54.3937223Z (pass) v0.36.0: validation annotations cannot satisfy recap-label validation [0.26ms]
publish	Test and inspect the package	2026-10-07T08:17:54.3938466Z (pass) v0.36.0: valid recap is preserved while generic prose is replaced [0.17ms]
publish	Test and inspect the package	2026-10-07T08:17:54.3939515Z (pass) gate and projectors share last-occurrence segmentation on stolen labels [0.45ms]
publish	Test and inspect the package	2026-10-07T08:17:54.3943238Z (pass) v0.36.0: compact recap projection keeps the five human labels and bounds each value [0.34ms]
publish	Test and inspect the package	2026-10-07T08:17:54.3949027Z (pass) v0.36.0: terminal notification projection resolves generic claims from durable facts [0.51ms]
publish	Test and inspect the package	2026-10-07T08:17:54.3952341Z (pass) v0.36.0: fallback never invents changed files or test results [0.23ms]
publish	Test and inspect the package	2026-10-07T08:17:54.4085153Z (pass) v0.36.0: archive boundary replaces a validator annotation with recorded facts [13.14ms]
publish	Test and inspect the package	2026-10-07T08:17:54.4197162Z (pass) v0.36.0: archiveCurrentGoal writes a recap for complete and abort-derived terminal paths [10.19ms]
publish	Test and inspect the package	2026-10-07T08:17:54.4200242Z (pass) completion summary audit doc exists and inventories archives [0.26ms]
publish	Test and inspect the package	2026-10-07T08:17:54.4206895Z (pass) v0.38.104: the recorded-facts archive summary never emits a lone surrogate [0.34ms]
publish	Test and inspect the package	2026-10-07T08:17:54.4210708Z 
publish	Test and inspect the package	2026-10-07T08:17:54.4211459Z ##[endgroup]
publish	Test and inspect the package	2026-10-07T08:17:54.4212601Z 
publish	Test and inspect the package	2026-10-07T08:17:54.4213161Z ##[group]tests/auditor-fallback-unification.test.ts:
publish	Test and inspect the package	2026-10-07T08:17:54.7617468Z (pass) auditor ordered fallback refs retain order and use the main normalizer [2.48ms]
publish	Test and inspect the package	2026-10-07T08:17:54.7644803Z (pass) auditor keeps all ten fallback slots after a pinned primary [2.26ms]
publish	Test and inspect the package	2026-10-07T08:17:54.7652658Z (pass) auditor forbidden refs are skipped silently and recorded [1.73ms]
publish	Test and inspect the package	2026-10-07T08:17:54.7667994Z (pass) a forbidden auditor primary is skipped before the configured fallback and remains silent [1.53ms]
publish	Test and inspect the package	2026-10-07T08:17:54.7689220Z (pass) auditor retries the same ref, then walks the next untried ref with bounded shared backoff [2.10ms]
publish	Test and inspect the package	2026-10-07T08:17:54.7699968Z (pass) auditor forbidden and duplicate refs are skipped before retry ordering [0.73ms]
publish	Test and inspect the package	2026-10-07T08:17:54.7712216Z (pass) an all-forbidden auditor chain does not launch a forbidden worker [0.23ms]
publish	Test and inspect the package	2026-10-07T08:17:54.7725194Z (pass) non-recoverable auditor failures stop without retrying or advancing [0.28ms]
publish	Test and inspect the package	2026-10-07T08:17:54.7726780Z (pass) auditor wall timeouts and watchdog stalls walk the fallback chain [0.56ms]
publish	Test and inspect the package	2026-10-07T08:17:54.7728446Z (pass) a restarted retry cursor spends the second call once, then advances [0.45ms]
publish	Test and inspect the package	2026-10-07T08:17:54.7739392Z (pass) a crash after launching the retry consumes that retry and advances without a third call [0.53ms]
publish	Test and inspect the package	2026-10-07T08:17:54.7741045Z (pass) infrastructure errors cannot survive as semantic auditor verdicts [0.19ms]
publish	Test and inspect the package	2026-10-07T08:17:54.7777850Z (pass) partial semantic flags cannot bypass fallback recovery [0.38ms]
publish	Test and inspect the package	2026-10-07T08:17:54.7784476Z (pass) same-provider rungs collapse after a provider-class failure [0.65ms]
publish	Test and inspect the package	2026-10-07T08:17:54.7832775Z (pass) cross-provider rungs still walk the full chain [0.69ms]
publish	Test and inspect the package	2026-10-07T08:17:54.7844825Z (pass) account-throttle wording collapses same-provider rungs [0.40ms]
publish	Test and inspect the package	2026-10-07T08:17:54.7846132Z (pass) ambiguous worker death still walks the chain [0.50ms]
publish	Test and inspect the package	2026-10-07T08:17:54.7847414Z (pass) cursor persistence failure fails closed before a retry or fallback [0.45ms]
publish	Test and inspect the package	2026-10-07T08:17:54.7848808Z (pass) auditor and drafter source paths name the shared policy primitives [0.49ms]
publish	Test and inspect the package	2026-10-07T08:17:54.8376343Z (pass) A8: a host abort interrupts the ladder delay instead of stranding the claim in it [61.77ms]
publish	Test and inspect the package	2026-10-07T08:17:54.8982838Z (pass) A7: a cursor-callback refusal while live stays a persistence failure [60.58ms]
publish	Test and inspect the package	2026-10-07T08:17:54.9050662Z (pass) A7: a cursor-callback refusal after a generation handoff stops quietly on the in-hand result [0.48ms]
publish	Test and inspect the package	2026-10-07T08:17:54.9052578Z 
publish	Test and inspect the package	2026-10-07T08:17:54.9053265Z ##[endgroup]
publish	Test and inspect the package	2026-10-07T08:17:54.9054360Z 
publish	Test and inspect the package	2026-10-07T08:17:54.9054959Z ##[group]tests/goal.schema.test.ts:
publish	Test and inspect the package	2026-10-07T08:17:55.3306373Z unknown format "date-time" ignored in schema at path "#/properties/deferred/properties/at"
publish	Test and inspect the package	2026-10-07T08:17:55.3307839Z unknown format "date-time" ignored in schema at path "#/properties/deferred/properties/at"
publish	Test and inspect the package	2026-10-07T08:17:55.3334868Z unknown format "date-time" ignored in schema at path "#/definitions/auditVerdict/properties/at"
publish	Test and inspect the package	2026-10-07T08:17:55.3336628Z unknown format "date-time" ignored in schema at path "#/definitions/auditVerdict/properties/at"
publish	Test and inspect the package	2026-10-07T08:17:55.3367224Z unknown format "date-time" ignored in schema at path "#/definitions/subagentQuotaEvidence/properties/resetAt"
publish	Test and inspect the package	2026-10-07T08:17:55.3368784Z unknown format "date-time" ignored in schema at path "#/definitions/subagentQuotaEvidence/properties/resetAt"
publish	Test and inspect the package	2026-10-07T08:17:55.3369648Z unknown format "date-time" ignored in schema at path "#/definitions/subagentQuotaEvidence/properties/at"
publish	Test and inspect the package	2026-10-07T08:17:55.3370495Z unknown format "date-time" ignored in schema at path "#/definitions/subagentQuotaEvidence/properties/at"
publish	Test and inspect the package	2026-10-07T08:17:55.3376478Z unknown format "date-time" ignored in schema at path "#/definitions/pendingCompletion/properties/at"
publish	Test and inspect the package	2026-10-07T08:17:55.3377508Z unknown format "date-time" ignored in schema at path "#/definitions/pendingCompletion/properties/at"
publish	Test and inspect the package	2026-10-07T08:17:55.3380328Z unknown format "date-time" ignored in schema at path "#/definitions/pendingCompletion/properties/lastActivityAt"
publish	Test and inspect the package	2026-10-07T08:17:55.3381808Z unknown format "date-time" ignored in schema at path "#/definitions/pendingCompletion/properties/lastActivityAt"
publish	Test and inspect the package	2026-10-07T08:17:55.3382840Z unknown format "date-time" ignored in schema at path "#/definitions/pendingCompletion/properties/verdictAt"
publish	Test and inspect the package	2026-10-07T08:17:55.3384467Z unknown format "date-time" ignored in schema at path "#/definitions/pendingCompletion/properties/verdictAt"
publish	Test and inspect the package	2026-10-07T08:17:55.3385905Z unknown format "date-time" ignored in schema at path "#/definitions/pendingCompletion/properties/startedAt"
publish	Test and inspect the package	2026-10-07T08:17:55.3387169Z unknown format "date-time" ignored in schema at path "#/definitions/pendingCompletion/properties/startedAt"
publish	Test and inspect the package	2026-10-07T08:17:55.3388391Z unknown format "date-time" ignored in schema at path "#/definitions/pendingCompletion/properties/recoveryAt"
publish	Test and inspect the package	2026-10-07T08:17:55.3389220Z unknown format "date-time" ignored in schema at path "#/definitions/pendingCompletion/properties/recoveryAt"
publish	Test and inspect the package	2026-10-07T08:17:55.3390073Z unknown format "date-time" ignored in schema at path "#/definitions/pendingCompletion/properties/recoveryRetryAt"
publish	Test and inspect the package	2026-10-07T08:17:55.3390962Z unknown format "date-time" ignored in schema at path "#/definitions/pendingCompletion/properties/recoveryRetryAt"
publish	Test and inspect the package	2026-10-07T08:17:55.3392770Z unknown format "date-time" ignored in schema at path "#/definitions/pendingCompletion/properties/automaticRecoveryAt"
publish	Test and inspect the package	2026-10-07T08:17:55.3394109Z unknown format "date-time" ignored in schema at path "#/definitions/pendingCompletion/properties/automaticRecoveryAt"
publish	Test and inspect the package	2026-10-07T08:17:55.3397359Z unknown format "date-time" ignored in schema at path "#/definitions/pendingCompletion/properties/automaticRecoveryFirstAt"
publish	Test and inspect the package	2026-10-07T08:17:55.3399518Z unknown format "date-time" ignored in schema at path "#/definitions/pendingCompletion/properties/automaticRecoveryFirstAt"
publish	Test and inspect the package	2026-10-07T08:17:55.3401249Z unknown format "date-time" ignored in schema at path "#/definitions/pendingCompletion/properties/automaticRecoveryUntil"
publish	Test and inspect the package	2026-10-07T08:17:55.3402970Z unknown format "date-time" ignored in schema at path "#/definitions/pendingCompletion/properties/automaticRecoveryUntil"
publish	Test and inspect the package	2026-10-07T08:17:55.3412488Z unknown format "date-time" ignored in schema at path "#/definitions/pendingCompletion/properties/retryFirstAt"
publish	Test and inspect the package	2026-10-07T08:17:55.3414489Z unknown format "date-time" ignored in schema at path "#/definitions/pendingCompletion/properties/retryFirstAt"
publish	Test and inspect the package	2026-10-07T08:17:55.3416159Z unknown format "date-time" ignored in schema at path "#/definitions/pendingCompletion/properties/retryUntil"
publish	Test and inspect the package	2026-10-07T08:17:55.3418198Z unknown format "date-time" ignored in schema at path "#/definitions/pendingCompletion/properties/retryUntil"
publish	Test and inspect the package	2026-10-07T08:17:55.3419915Z unknown format "date-time" ignored in schema at path "#/definitions/pendingCompletion/properties/quotaFirstAt"
publish	Test and inspect the package	2026-10-07T08:17:55.3421574Z unknown format "date-time" ignored in schema at path "#/definitions/pendingCompletion/properties/quotaFirstAt"
publish	Test and inspect the package	2026-10-07T08:17:55.3423814Z unknown format "date-time" ignored in schema at path "#/definitions/pendingCompletion/properties/quotaAutoRetryUntil"
publish	Test and inspect the package	2026-10-07T08:17:55.3425672Z unknown format "date-time" ignored in schema at path "#/definitions/pendingCompletion/properties/quotaAutoRetryUntil"
publish	Test and inspect the package	2026-10-07T08:17:55.3427665Z unknown format "date-time" ignored in schema at path "#/definitions/pendingCompletion/properties/resetAt"
publish	Test and inspect the package	2026-10-07T08:17:55.3429252Z unknown format "date-time" ignored in schema at path "#/definitions/pendingCompletion/properties/resetAt"
publish	Test and inspect the package	2026-10-07T08:17:55.3431055Z unknown format "date-time" ignored in schema at path "#/definitions/pendingCompletion/properties/auditorRetryAttemptStartedAt"
publish	Test and inspect the package	2026-10-07T08:17:55.3433010Z unknown format "date-time" ignored in schema at path "#/definitions/pendingCompletion/properties/auditorRetryAttemptStartedAt"
publish	Test and inspect the package	2026-10-07T08:17:55.3437330Z unknown format "date-time" ignored in schema at path "#/definitions/pendingCompletion/properties/auditorFailureAt"
publish	Test and inspect the package	2026-10-07T08:17:55.3439431Z unknown format "date-time" ignored in schema at path "#/definitions/pendingCompletion/properties/auditorFailureAt"
publish	Test and inspect the package	2026-10-07T08:17:55.3456392Z unknown format "date-time" ignored in schema at path "#/definitions/objectiveRepair/properties/at"
publish	Test and inspect the package	2026-10-07T08:17:55.3457552Z unknown format "date-time" ignored in schema at path "#/definitions/objectiveRepair/properties/at"
publish	Test and inspect the package	2026-10-07T08:17:55.3471728Z unknown format "date-time" ignored in schema at path "#/definitions/objectiveRepairTarget/properties/replanPromptedAt"
publish	Test and inspect the package	2026-10-07T08:17:55.3473791Z unknown format "date-time" ignored in schema at path "#/definitions/objectiveRepairTarget/properties/replanPromptedAt"
publish	Test and inspect the package	2026-10-07T08:17:55.3487064Z unknown format "date-time" ignored in schema at path "#/properties/createdAt"
publish	Test and inspect the package	2026-10-07T08:17:55.3488360Z unknown format "date-time" ignored in schema at path "#/properties/createdAt"
publish	Test and inspect the package	2026-10-07T08:17:55.3489650Z unknown format "date-time" ignored in schema at path "#/properties/updatedAt"
publish	Test and inspect the package	2026-10-07T08:17:55.3490841Z unknown format "date-time" ignored in schema at path "#/properties/updatedAt"
publish	Test and inspect the package	2026-10-07T08:17:55.3914780Z (pass) schema accepts active goal and queued-list goal fixtures [24.92ms]
publish	Test and inspect the package	2026-10-07T08:17:55.3916267Z (pass) schema rejects invalid status and missing required usage [0.38ms]
publish	Test and inspect the package	2026-10-07T08:17:55.3918521Z (pass) schema validates nested task and audit-verdict required fields [0.30ms]
publish	Test and inspect the package	2026-10-07T08:17:55.3919035Z 
publish	Test and inspect the package	2026-10-07T08:17:55.3919475Z ##[endgroup]
publish	Test and inspect the package	2026-10-07T08:17:55.3924104Z 
publish	Test and inspect the package	2026-10-07T08:17:55.3924904Z ##[group]tests/host-session-lost.test.ts:
publish	Test and inspect the package	2026-10-07T08:17:55.6822318Z (pass) classifySessionHandleInvalidation: each mechanism maps to its reason [0.44ms]
publish	Test and inspect the package	2026-10-07T08:17:55.9018026Z (pass) host loss without any lifecycle shutdown classifies silent_handle_death [220.64ms]
publish	Test and inspect the package	2026-10-07T08:17:56.2764684Z (pass) fresh session_start consumes the stale arm and re-arms the goal continuation [374.52ms]
publish	Test and inspect the package	2026-10-07T08:17:56.4673964Z (pass) completed idle state does not probe a disposed session handle [191.00ms]
publish	Test and inspect the package	2026-10-07T08:17:56.6555257Z (pass) paused idle state does not probe a disposed session handle [186.58ms]
publish	Test and inspect the package	2026-10-07T08:17:56.8408743Z (pass) held loop does not probe a disposed session handle [186.60ms]
publish	Test and inspect the package	2026-10-07T08:17:57.0225445Z (pass) ended subagent probes do not keep idle state probing a disposed handle [181.64ms]
publish	Test and inspect the package	2026-10-07T08:17:57.2397133Z (pass) stale-recovery debt still probes for same-process self-heal [216.75ms]
publish	Test and inspect the package	2026-10-07T08:17:57.4531736Z (pass) parked completion-audit recovery debt does not become an unprobed idle plane [213.77ms]
publish	Test and inspect the package	2026-10-07T08:17:57.6316565Z (pass) a normal fresh session does not fabricate stale continuation debt [177.94ms]
publish	Test and inspect the package	2026-10-07T08:17:57.8217010Z (pass) an explicit reload boundary is durable and does not masquerade as host loss [190.56ms]
publish	Test and inspect the package	2026-10-07T08:17:58.0312460Z (pass) a replacement window absorbs a handle swap before invalidation [209.59ms]
publish	Test and inspect the package	2026-10-07T08:17:58.2222257Z (pass) a lifecycle shutdown suppresses the terminal entirely — no loss event [190.91ms]
publish	Test and inspect the package	2026-10-07T08:17:58.2265266Z (pass) source pin: the emission classifies the reason instead of hardcoding unknown [4.32ms]
publish	Test and inspect the package	2026-10-07T08:17:58.2301613Z (pass) source pin: the classifier and its enum are exported [3.57ms]
publish	Test and inspect the package	2026-10-07T08:17:58.4173023Z (pass) note.md screenshot repro — live update_task_status self-heals a stale park and clears host session lost banner [187.06ms]
publish	Test and inspect the package	2026-10-07T08:17:58.7835251Z (pass) live session_compact event self-heals a stale park in place [365.59ms]
publish	Test and inspect the package	2026-10-07T08:17:58.7849661Z 
publish	Test and inspect the package	2026-10-07T08:17:58.7851458Z ##[endgroup]
publish	Test and inspect the package	2026-10-07T08:17:58.7851688Z 
publish	Test and inspect the package	2026-10-07T08:17:58.7852540Z ##[group]tests/auditor-picker-parity.test.ts:
publish	Test and inspect the package	2026-10-07T08:17:59.1140608Z (pass) v0.35.24: the auditor picker persists its selection where resolveAuditorModel reads it [34.81ms]
publish	Test and inspect the package	2026-10-07T08:17:59.1148788Z (pass) v0.35.24: a typed forbidden ref is REFUSED by the auditor picker, never persisted [0.97ms]
publish	Test and inspect the package	2026-10-07T08:17:59.1155538Z (pass) v0.36.0: the ordered auditor fallback picker applies the same filtering [0.67ms]
publish	Test and inspect the package	2026-10-07T08:17:59.1178853Z (pass) v0.36.0: the ordered auditor fallback picker keeps the first ten refs in typed order [2.32ms]
publish	Test and inspect the package	2026-10-07T08:17:59.1182427Z (pass) v0.35.24: buildModelPickItems excludes forbidden refs for the auditor slot (list-level filter) [0.38ms]
publish	Test and inspect the package	2026-10-07T08:17:59.1183555Z 
publish	Test and inspect the package	2026-10-07T08:17:59.1184092Z ##[endgroup]
publish	Test and inspect the package	2026-10-07T08:17:59.1187105Z 
publish	Test and inspect the package	2026-10-07T08:17:59.1187790Z ##[group]tests/compaction-input.test.ts:
publish	Test and inspect the package	2026-10-07T08:17:59.4373242Z (pass) bounds successful assistant, tool-call, and tool-result content while preserving pairing [31.94ms]
publish	Test and inspect the package	2026-10-07T08:17:59.4378996Z (pass) retains the newest goal payload and marks older payloads without changing message order [0.75ms]
publish	Test and inspect the package	2026-10-07T08:17:59.4382036Z (pass) replaces image blocks while retaining the surrounding message structure [0.35ms]
publish	Test and inspect the package	2026-10-07T08:17:59.4386881Z (pass) keeps the total bounded for a tiny caller budget with a previous summary [0.48ms]
publish	Test and inspect the package	2026-10-07T08:17:59.4388999Z (pass) bounds a previous compaction summary without changing the preparation contract [0.22ms]
publish	Test and inspect the package	2026-10-07T08:17:59.4392468Z (pass) leaves preparation metadata and fileOps untouched [0.33ms]
publish	Test and inspect the package	2026-10-07T08:17:59.4405427Z (pass) applies one coordinated budget to summarize and turn-prefix arrays [1.23ms]
publish	Test and inspect the package	2026-10-07T08:17:59.4407092Z (pass) returns no compaction result and tolerates a missing preparation [0.16ms]
publish	Test and inspect the package	2026-10-07T08:17:59.4408919Z (pass) preserves both preparation-array identities when projection is a no-op [0.20ms]
publish	Test and inspect the package	2026-10-07T08:17:59.4411180Z (pass) preserves the untouched half when only one preparation array needs projection [0.27ms]
publish	Test and inspect the package	2026-10-07T08:17:59.4444848Z (pass) bounds every supported preparation shape and preserves pairing/order [1.62ms]
publish	Test and inspect the package	2026-10-07T08:17:59.4445494Z (pass) second projection is idempotent [0.29ms]
publish	Test and inspect the package	2026-10-07T08:17:59.4446084Z (pass) contains malformed preparation records without changing their positions [0.30ms]
publish	Test and inspect the package	2026-10-07T08:17:59.4446759Z (pass) keeps malformed interleaved tool results paired with their calls [0.25ms]
publish	Test and inspect the package	2026-10-07T08:18:01.0775168Z (pass) enforces a hard bound for arbitrarily many tiny messages [1633.49ms]
publish	Test and inspect the package	2026-10-07T08:18:01.1557178Z (pass) keeps complete tool groups when high message counts force omission [77.34ms]
publish	Test and inspect the package	2026-10-07T08:18:01.1563971Z 
publish	Test and inspect the package	2026-10-07T08:18:01.1565096Z ##[endgroup]
publish	Test and inspect the package	2026-10-07T08:18:01.1565537Z 
publish	Test and inspect the package	2026-10-07T08:18:01.1566228Z ##[group]tests/respec-builder-context.test.ts:
publish	Test and inspect the package	2026-10-07T08:18:01.5049490Z (pass) actual project dispatch bounds repeated reports while retaining complete adopted criteria [50.06ms]
publish	Test and inspect the package	2026-10-07T08:18:01.5072111Z (pass) oversized contracts require durable reads and always serialize within the hard limit [2.35ms]
publish	Test and inspect the package	2026-10-07T08:18:01.5073244Z 
publish	Test and inspect the package	2026-10-07T08:18:01.5074177Z ##[endgroup]
publish	Test and inspect the package	2026-10-07T08:18:01.5076793Z 
publish	Test and inspect the package	2026-10-07T08:18:01.5077473Z ##[group]tests/pending-claim-lifecycle.test.ts:
publish	Test and inspect the package	2026-10-07T08:18:02.1499313Z (pass) /goal verify on a healthy pending audit reports the awaiting state without touching the claim [356.87ms]
publish	Test and inspect the package	2026-10-07T08:18:02.5445410Z (pass) /goal verify on an approved-but-unarchived claim settles it instead of re-auditing [394.32ms]
publish	Test and inspect the package	2026-10-07T08:18:02.8607123Z (pass) a durable pending audit survives cold reload parked with its identity and no submission [316.57ms]
publish	Test and inspect the package	2026-10-07T08:18:03.2005204Z (pass) /goal verify on a recovery-pending claim resumes it instead of overwriting the cursor [339.78ms]
publish	Test and inspect the package	2026-10-07T08:18:03.5173717Z (pass) A2: a retry rotates the attempt but keeps priorAttemptId lineage and reaps the old job dir [315.69ms]
publish	Test and inspect the package	2026-10-07T08:18:03.5180365Z 
publish	Test and inspect the package	2026-10-07T08:18:03.5181127Z ##[endgroup]
publish	Test and inspect the package	2026-10-07T08:18:03.5181659Z 
publish	Test and inspect the package	2026-10-07T08:18:03.5182326Z ##[group]tests/mechanical-inconclusive.test.ts:
publish	Test and inspect the package	2026-10-07T08:18:03.8171004Z (pass) loadScaledTimeoutMs: 1× at or under cpu count [0.26ms]
publish	Test and inspect the package	2026-10-07T08:18:03.8172796Z (pass) loadScaledTimeoutMs: linear past cpu count, capped at 2× [0.08ms]
publish	Test and inspect the package	2026-10-07T08:18:03.8174174Z (pass) loadScaledTimeoutMs: unusable inputs degrade to base, never unbounded [0.08ms]
publish	Test and inspect the package	2026-10-07T08:18:03.8175529Z (pass) scaledMechanicalTimeoutMs: live-load wrapper stays within [base, 2×base] [0.26ms]
publish	Test and inspect the package	2026-10-07T08:18:03.8176587Z (pass) containmentReason: maps flags in timeout-first order [0.10ms]
publish	Test and inspect the package	2026-10-07T08:18:03.8177651Z (pass) mechanicalPreAuditVerdict: fail keeps the historical fast-fail shape [0.14ms]
publish	Test and inspect the package	2026-10-07T08:18:03.8178935Z (pass) mechanicalPreAuditVerdict: inconclusive becomes infra error, never disapproval [0.11ms]
publish	Test and inspect the package	2026-10-07T08:18:03.9103736Z (pass) mechanical run: green command passes [94.71ms]
publish	Test and inspect the package	2026-10-07T08:18:04.0260878Z (pass) mechanical run: red command fails (not inconclusive) [115.37ms]
publish	Test and inspect the package	2026-10-07T08:18:04.0558987Z (pass) mechanical run: unsafe syntax fails (not inconclusive) [29.43ms]
publish	Test and inspect the package	2026-10-07T08:18:04.1961428Z (pass) mechanical run: killed gate is inconclusive with reason [140.72ms]
publish	Test and inspect the package	2026-10-07T08:18:04.1965293Z (pass) mechanical run: empty command list passes [0.17ms]
publish	Test and inspect the package	2026-10-07T08:18:04.1966139Z 
publish	Test and inspect the package	2026-10-07T08:18:04.1966873Z ##[endgroup]
publish	Test and inspect the package	2026-10-07T08:18:04.1968606Z 
publish	Test and inspect the package	2026-10-07T08:18:04.1969299Z ##[group]tests/disk-first-queue.test.ts:
publish	Test and inspect the package	2026-10-07T08:18:04.5025382Z (pass) writeQueueItemFile: atomic, lands in .pi-glla/goals/<id>.queue.json [1.09ms]
publish	Test and inspect the package	2026-10-07T08:18:04.5043834Z (pass) writeQueueItemFile: idempotent on retry (no overwrite) [0.51ms]
publish	Test and inspect the package	2026-10-07T08:18:04.5045157Z (pass) writeQueueItemFile: refuses to follow symlinks (symlink-safety) [0.39ms]
publish	Test and inspect the package	2026-10-07T08:18:04.5046325Z (pass) writeQueueItemFile: survives an existing temp residual [0.56ms]
publish	Test and inspect the package	2026-10-07T08:18:04.5047523Z (pass) deleteQueueItemFile: returns true when present, false when missing [0.68ms]
publish	Test and inspect the package	2026-10-07T08:18:04.5048767Z (pass) clearQueueItemFiles: removes orphaned sidecars and is idempotent [1.23ms]
publish	Test and inspect the package	2026-10-07T08:18:04.5051553Z (pass) readQueueFromDisk: returns queue items, in id order, skipping garbage [0.99ms]
publish	Test and inspect the package	2026-10-07T08:18:04.5059799Z (pass) readQueueFromDisk: excludeIds removes ids that are active or archived [0.73ms]
publish	Test and inspect the package	2026-10-07T08:18:04.5061394Z (pass) readQueueFromDisk: missing goals/ dir returns [] (not throw) [0.18ms]
publish	Test and inspect the package	2026-10-07T08:18:04.5377462Z (pass) round-trip: write then read returns identical items [31.41ms]
publish	Test and inspect the package	2026-10-07T08:18:04.5378796Z (pass) queueItemPath: stable relative shape [0.20ms]
publish	Test and inspect the package	2026-10-07T08:18:04.5382978Z (pass) v0.34.61: addSingleItem is disk-first (sidecar before state mutation) [0.55ms]
publish	Test and inspect the package	2026-10-07T08:18:04.5386411Z (pass) v0.34.61: list-draft path is disk-first (sidecar before state mutation) [0.34ms]
publish	Test and inspect the package	2026-10-07T08:18:04.5394551Z (pass) v0.35.0: remove/clear/cancel/glla_wipe clear queue sidecars [0.74ms]
publish	Test and inspect the package	2026-10-07T08:18:04.5400890Z (pass) v0.34.61: crash-simulation — sidecar survives state death and reload finds it [0.58ms]
publish	Test and inspect the package	2026-10-07T08:18:04.5409694Z (pass) v0.35.4: queue metadata round-trips and recovery uses durable order [0.89ms]
publish	Test and inspect the package	2026-10-07T08:18:04.5414013Z (pass) v0.35.4: failed sidecar writes are reported without leaving temp files [0.43ms]
publish	Test and inspect the package	2026-10-07T08:18:04.5419570Z (pass) v0.35.4: queue recovery and carryover clear use durable sidecars [0.56ms]
publish	Test and inspect the package	2026-10-07T08:18:04.5420183Z 
publish	Test and inspect the package	2026-10-07T08:18:04.5420565Z ##[endgroup]
publish	Test and inspect the package	2026-10-07T08:18:04.5424355Z 
publish	Test and inspect the package	2026-10-07T08:18:04.5425048Z ##[group]tests/auditor-challenge-record.test.ts:
publish	Test and inspect the package	2026-10-07T08:18:05.6489198Z (pass) challenge-record: a confirmed approval records challenge=confirmed on the verdict [826.55ms]
publish	Test and inspect the package	2026-10-07T08:18:06.2711165Z (pass) challenge-record: a single-round disapproval records challenge=not-applicable [622.19ms]
publish	Test and inspect the package	2026-10-07T08:18:06.2712015Z 
publish	Test and inspect the package	2026-10-07T08:18:06.2712749Z ##[endgroup]
publish	Test and inspect the package	2026-10-07T08:18:06.2716134Z 
publish	Test and inspect the package	2026-10-07T08:18:06.2716872Z ##[group]tests/subagent-hang-detection.test.ts:
publish	Test and inspect the package	2026-10-07T08:18:06.5863949Z (pass) v0.35.65: snapshots use live manager counters and expose honest phase/elapsed data [0.79ms]
publish	Test and inspect the package	2026-10-07T08:18:06.5865395Z (pass) v0.35.65: queued manager records stay queued and do not masquerade as active work [0.26ms]
publish	Test and inspect the package	2026-10-07T08:18:07.1517138Z (pass) current pi-subagents async lifecycle and status.json drive live counters [567.01ms]
publish	Test and inspect the package	2026-10-07T08:18:07.6776651Z (pass) current v1 stop RPC is selected after the status artifact proves top-level ownership [525.89ms]
publish	Test and inspect the package	2026-10-07T08:18:07.6778445Z (pass) classify: a running subagent with no new progress for 5m is hung [0.40ms]
publish	Test and inspect the package	2026-10-07T08:18:07.6780295Z (pass) classify: sub-5m silence is not hung (5m floor, shorter than the auditor's 10m) [0.13ms]
publish	Test and inspect the package	2026-10-07T08:18:07.6782206Z (pass) classify: a NEW tool use refreshes the streak (working, not wedged) [0.15ms]
publish	Test and inspect the package	2026-10-07T08:18:07.6784195Z (pass) classify: NEW output tokens refresh the streak (long think, still alive) [0.13ms]
publish	Test and inspect the package	2026-10-07T08:18:07.6785614Z (pass) classify: ended / non-running records are not hung (watch stops) [0.14ms]
publish	Test and inspect the package	2026-10-07T08:18:07.6787043Z (pass) v0.34.102: a vanished/unreachable record falls back to event-only evidence (field: pully 118m wedge) [0.22ms]
publish	Test and inspect the package	2026-10-07T08:18:08.2014251Z (pass) hang detection surfaces ui.notify + ledger `subagent_hang_detected` via the heartbeat scan [522.47ms]
publish	Test and inspect the package	2026-10-07T08:18:08.4197192Z [run-tests] progress: 360s elapsed · 0s since last output · 163 KiB of suite output
publish	Test and inspect the package	2026-10-07T08:18:08.8755496Z (pass) hang warning is throttled — one alert per 5m streak window, not per tick [674.02ms]
publish	Test and inspect the package	2026-10-07T08:18:09.5545343Z (pass) long frozen tracked child requests one bounded child-specific abort after the warning window [678.97ms]
publish	Test and inspect the package	2026-10-07T08:18:10.0564302Z (pass) progress arriving before escalation cancels the action and starts a fresh episode [501.93ms]
publish	Test and inspect the package	2026-10-07T08:18:10.7205392Z (pass) event-only child reaches an honest unavailable-action record, never a guessed abort [664.09ms]
publish	Test and inspect the package	2026-10-07T08:18:11.2212712Z (pass) nested child is not eligible for top-level automatic abort [500.72ms]
publish	Test and inspect the package	2026-10-07T08:18:11.7586987Z (pass) v0.35.65: an old-generation child cannot receive a stop RPC after host rebind [536.11ms]
publish	Test and inspect the package	2026-10-07T08:18:12.2862717Z (pass) host rebind retires healthy event-only evidence and admits fresh same-generation progress [528.85ms]
publish	Test and inspect the package	2026-10-07T08:18:12.8093946Z (pass) v0.34.102: event-only hang surfaces `subagent_hang_detected` with evidence=event-only when no manager record exists [522.99ms]
publish	Test and inspect the package	2026-10-07T08:18:13.4769574Z (pass) completed/failed events end the watch — no hang alert after completion [667.57ms]
publish	Test and inspect the package	2026-10-07T08:18:14.1320337Z (pass) compacted/steered events refresh the streak (secondary progress evidence) [655.07ms]
publish	Test and inspect the package	2026-10-07T08:18:14.4768981Z (pass) malformed hang inputs are dropped, not crashy [344.98ms]
publish	Test and inspect the package	2026-10-07T08:18:14.4828489Z (pass) source pins: constants, watchdog wiring, and ledger key [6.00ms]
publish	Test and inspect the package	2026-10-07T08:18:15.5398992Z (pass) v0.34.105: hang scan runs during main-model recovery (quota wall blinds the watchdog before the fix) [1056.84ms]
publish	Test and inspect the package	2026-10-07T08:18:15.5410660Z (pass) v0.34.105 source pin: subagent scan precedes the main-model-recovery early return in heartbeatTick [0.29ms]
publish	Test and inspect the package	2026-10-07T08:18:15.5411746Z (pass) v0.38.104 releasing the RPC host unsubscribes the readiness listeners it installed [0.27ms]
publish	Test and inspect the package	2026-10-07T08:18:15.5412223Z 
publish	Test and inspect the package	2026-10-07T08:18:15.5412590Z ##[endgroup]
publish	Test and inspect the package	2026-10-07T08:18:15.5412743Z 
publish	Test and inspect the package	2026-10-07T08:18:15.5413058Z ##[group]tests/structured-summary.test.ts:
publish	Test and inspect the package	2026-10-07T08:18:15.8215056Z (pass) renderer removes empty evidence parentheses without losing the finding [1.07ms]
publish	Test and inspect the package	2026-10-07T08:18:15.8262734Z (pass) headline echo uses the Outcome lead paragraph, never flattened headers [2.25ms]
publish	Test and inspect the package	2026-10-07T08:18:15.8265018Z (pass) detector: two ##/### headers earn the structured path, one does not [0.15ms]
publish	Test and inspect the package	2026-10-07T08:18:15.8275011Z (pass) extractor preserves newlines and tables, segments other labels [0.28ms]
publish	Test and inspect the package	2026-10-07T08:18:15.8276359Z (pass) extractor: last line-anchored restatement wins [0.12ms]
publish	Test and inspect the package	2026-10-07T08:18:15.8277939Z (pass) card: structured Outcome renders a full ### Summary section, headline stays short [1.31ms]
publish	Test and inspect the package	2026-10-07T08:18:15.8280039Z (pass) card: unstructured summaries keep today's shape — no Summary section [0.57ms]
publish	Test and inspect the package	2026-10-07T08:18:15.8281463Z (pass) card: one-action Next survives the structured body [0.76ms]
publish	Test and inspect the package	2026-10-07T08:18:15.8282596Z (pass) card: machine paths stay archive-only inside structured lines [0.76ms]
publish	Test and inspect the package	2026-10-07T08:18:15.8633907Z (pass) guard: pathological structured values end with an honest pointer [35.00ms]
publish	Test and inspect the package	2026-10-07T08:18:15.8641511Z (pass) doctrine: horizon lives in Summary, Next names only the immediate move [0.83ms]
publish	Test and inspect the package	2026-10-07T08:18:15.8654671Z (pass) archive human layer carries the same Summary section [0.84ms]
publish	Test and inspect the package	2026-10-07T08:18:15.8655893Z 
publish	Test and inspect the package	2026-10-07T08:18:15.8656615Z ##[endgroup]
publish	Test and inspect the package	2026-10-07T08:18:15.8656988Z 
publish	Test and inspect the package	2026-10-07T08:18:15.8657571Z ##[group]tests/list-subtasks.test.ts:
publish	Test and inspect the package	2026-10-07T08:18:16.1445120Z (pass) v0.35.72: visible hierarchical positions map to flat queue indexes [0.63ms]
publish	Test and inspect the package	2026-10-07T08:18:16.1473862Z (pass) v0.34.81: SUBTASK_MARKER is line-start + case-insensitive [0.30ms]
publish	Test and inspect the package	2026-10-07T08:18:16.1475471Z (pass) v0.34.81: extractSubtaskParent — no marker → undefined parent [0.14ms]
publish	Test and inspect the package	2026-10-07T08:18:16.1476813Z (pass) v0.34.81: extractSubtaskParent — em-dash splits parent/child [0.28ms]
publish	Test and inspect the package	2026-10-07T08:18:16.1478189Z (pass) v0.34.81: extractSubtaskParent — en-dash and hyphen-separator both work [0.15ms]
publish	Test and inspect the package	2026-10-07T08:18:16.1479693Z (pass) v0.34.81: extractSubtaskParent — hyphen WITHOUT spaces does NOT split [0.09ms]
publish	Test and inspect the package	2026-10-07T08:18:16.1481177Z (pass) v0.34.81: extractSubtaskParent — no separator captures parent only, empty child [0.08ms]
publish	Test and inspect the package	2026-10-07T08:18:16.1482831Z (pass) v0.34.81: extractSubtaskParent — multi-line child objective survives marker strip [0.10ms]
publish	Test and inspect the package	2026-10-07T08:18:16.1484754Z (pass) v0.34.81: parseListItemDeclaration — child objective keeps its own Parallel + Done when [0.33ms]
publish	Test and inspect the package	2026-10-07T08:18:16.1486386Z (pass) v0.34.81: parseListItemDeclaration — no marker means parentObjective is undefined [0.17ms]
publish	Test and inspect the package	2026-10-07T08:18:16.1487924Z (pass) v0.34.81: parentId round-trips through writeQueueItemFile → readQueueFromDisk [2.11ms]
publish	Test and inspect the package	2026-10-07T08:18:16.1489204Z (pass) v0.34.81: readQueueFromDisk ignores malformed parentId (non-string) [0.69ms]
publish	Test and inspect the package	2026-10-07T08:18:16.1794154Z (pass) v0.34.81: wiring — parse in core, resolve/refuse/cascade in goal.ts [31.37ms]
publish	Test and inspect the package	2026-10-07T08:18:16.3857741Z (pass) v0.34.81 (behavioral): list_add with a subtask binds parentId to the matching queue item [203.43ms]
publish	Test and inspect the package	2026-10-07T08:18:16.6087502Z (pass) v0.34.81 (behavioral): unresolved parent refuses that child, other items still land [225.88ms]
publish	Test and inspect the package	2026-10-07T08:18:17.0635400Z (pass) v0.34.81 (behavioral): explicit pick on a group refuses loudly (no silent jump) [447.12ms]
publish	Test and inspect the package	2026-10-07T08:18:17.2820317Z (pass) v0.34.81 (behavioral): auto-advance skips a head group and lands on its first open child [225.95ms]
publish	Test and inspect the package	2026-10-07T08:18:17.6126333Z (pass) audit-2026-09-06: auto-advance head-group skip is ledgered, not silent [330.08ms]
publish	Test and inspect the package	2026-10-07T08:18:17.6705701Z (pass) v0.38.104: list_activate accepts the dotted child label the queue prints [53.38ms]
publish	Test and inspect the package	2026-10-07T08:18:17.6765059Z (pass) v0.38.104 (schema pin): list_activate's `n` accepts the child-label string form [5.50ms]
publish	Test and inspect the package	2026-10-07T08:18:18.0215744Z (pass) C4 (behavioral): /list remove on a group cascades to its queued children [345.54ms]
publish	Test and inspect the package	2026-10-07T08:18:18.4235947Z (pass) C4 (behavioral): /list remove on a group with a live child is refused [401.87ms]
publish	Test and inspect the package	2026-10-07T08:18:18.4310404Z 
publish	Test and inspect the package	2026-10-07T08:18:18.4351555Z ##[endgroup]
publish	Test and inspect the package	2026-10-07T08:18:18.4575984Z 
publish	Test and inspect the package	2026-10-07T08:18:18.4577222Z ##[group]tests/prompt-pivot-detection.test.ts:
publish	Test and inspect the package	2026-10-07T08:18:18.7386877Z (pass) continuation prompt has the PIVOT DETECTION section (item 26) [0.41ms]
publish	Test and inspect the package	2026-10-07T08:18:18.7405423Z (pass) isFullAuditObjective classifies survey pivots (item 28) [0.11ms]
publish	Test and inspect the package	2026-10-07T08:18:18.7406750Z (pass) orchestrator injects the FULL-AUDIT directive conditionally (item 28) [0.24ms]
publish	Test and inspect the package	2026-10-07T08:18:18.7408034Z (pass) continuation prompt includes the latest auditor report verbatim [0.41ms]
publish	Test and inspect the package	2026-10-07T08:18:18.7409421Z (pass) stale-approval directive mirrors the numeric-revision gate, never legacy entries [0.68ms]
publish	Test and inspect the package	2026-10-07T08:18:18.7410164Z 
publish	Test and inspect the package	2026-10-07T08:18:18.7410725Z ##[endgroup]
publish	Test and inspect the package	2026-10-07T08:18:18.7410945Z 
publish	Test and inspect the package	2026-10-07T08:18:18.7411435Z ##[group]tests/ui-command-view-audit.test.ts:
publish	Test and inspect the package	2026-10-07T08:18:19.0673623Z (pass) held loop status preserves its meaning and names the actual resume command [39.09ms]
publish	Test and inspect the package	2026-10-07T08:18:19.0735145Z (pass) compact settling status reports archive debt instead of worker silence [3.71ms]
publish	Test and inspect the package	2026-10-07T08:18:19.0744519Z (pass) paused goal status includes its saved next action without inventing one [2.80ms]
publish	Test and inspect the package	2026-10-07T08:18:19.0745178Z 
publish	Test and inspect the package	2026-10-07T08:18:19.0745692Z ##[endgroup]
publish	Test and inspect the package	2026-10-07T08:18:19.0745903Z 
publish	Test and inspect the package	2026-10-07T08:18:19.0746361Z ##[group]tests/stuck-detection-rework.test.ts:
publish	Test and inspect the package	2026-10-07T08:18:19.3615392Z (pass) trigramSimilarity: identity = 1, disjoint = 0, empties [0.44ms]
publish	Test and inspect the package	2026-10-07T08:18:19.3654542Z (pass) trigramSimilarity: similar but not identical [0.26ms]
publish	Test and inspect the package	2026-10-07T08:18:19.3655483Z (pass) isNudgeTurn: tool use resets the brake even on empty text [0.05ms]
publish	Test and inspect the package	2026-10-07T08:18:19.3656186Z (pass) isNudgeTurn: short no-tool turn is always a nudge [0.13ms]
publish	Test and inspect the package	2026-10-07T08:18:19.3657296Z (pass) isNudgeTurn: substantive paragraph (≥15 words, novel) is NOT a nudge (the polis incident) [0.42ms]
publish	Test and inspect the package	2026-10-07T08:18:19.3658045Z (pass) isNudgeTurn: long + repetitive text IS a nudge [0.49ms]
publish	Test and inspect the package	2026-10-07T08:18:19.3658753Z (pass) isNudgeTurn: long text with no prior (first turn in a streak) is NOT a nudge [0.13ms]
publish	Test and inspect the package	2026-10-07T08:18:19.3659847Z (pass) isNudgeTurn: tunable thresholds [0.37ms]
publish	Test and inspect the package	2026-10-07T08:18:19.3660911Z (pass) accountTurnForNudgesRich: three substantive no-tool turns → stays 0 (the fix) [0.78ms]
publish	Test and inspect the package	2026-10-07T08:18:19.3661778Z (pass) accountTurnForNudgesRich: three short repetitive replies → reaches max [0.08ms]
publish	Test and inspect the package	2026-10-07T08:18:19.3662305Z (pass) defaults [0.05ms]
publish	Test and inspect the package	2026-10-07T08:18:19.3662509Z 
publish	Test and inspect the package	2026-10-07T08:18:19.3662881Z ##[endgroup]
publish	Test and inspect the package	2026-10-07T08:18:19.3663004Z 
publish	Test and inspect the package	2026-10-07T08:18:19.3663677Z ##[group]tests/rich-summary-dedup.test.ts:
publish	Test and inspect the package	2026-10-07T08:18:19.6561912Z (pass) 172705: exact-duplicate details render once per bucket [0.67ms]
publish	Test and inspect the package	2026-10-07T08:18:19.6563570Z (pass) 2026-10-02: same-label restatement in next/remaining collapses to first [0.37ms]
publish	Test and inspect the package	2026-10-07T08:18:19.6565129Z (pass) 2026-10-02: problem and action across labels always both render [0.22ms]
publish	Test and inspect the package	2026-10-07T08:18:19.6566556Z (pass) 2026-10-02: distinct same-label next steps both render [0.17ms]
publish	Test and inspect the package	2026-10-07T08:18:19.6567909Z (pass) 172705: zero turns omitted, elapsed and audits kept [0.45ms]
publish	Test and inspect the package	2026-10-07T08:18:19.6568871Z 
publish	Test and inspect the package	2026-10-07T08:18:19.6569638Z ##[endgroup]
publish	Test and inspect the package	2026-10-07T08:18:19.6571280Z 
publish	Test and inspect the package	2026-10-07T08:18:19.6572152Z ##[group]tests/auditor-stall-watchdog.test.ts:
publish	Test and inspect the package	2026-10-07T08:18:25.0502160Z (pass) stall: worker that never emits a first event is failed fast, not left for the wall [5098.68ms]
publish	Test and inspect the package	2026-10-07T08:18:31.5642827Z (pass) stall: first-event budget starts after successful spawn, not pre-spawn setup [6514.04ms]
publish	Test and inspect the package	2026-10-07T08:18:32.8135077Z (pass) stall: worker whose single boot heartbeat goes stale is failed fast, not left for the wall [1249.18ms]
publish	Test and inspect the package	2026-10-07T08:18:33.1036877Z (pass) progress: a live auditor outlives the legacy wall metadata and settles on its result [290.17ms]
publish	Test and inspect the package	2026-10-07T08:18:33.9544758Z (pass) stall: a running auditor tool is exempt — the per-tool timeout owns that axis [850.72ms]
publish	Test and inspect the package	2026-10-07T08:18:34.0550343Z (pass) stall: a silent-past-bound attempt fails fast WITH its cost record (controlled clock) [100.62ms]
publish	Test and inspect the package	2026-10-07T08:18:34.1562547Z (pass) stall: a worker-reported brake is reclassified with the same evidence [101.20ms]
publish	Test and inspect the package	2026-10-07T08:18:34.3512046Z (pass) stall: an open in-budget tool is not silence — the no-progress bound spares it [194.88ms]
publish	Test and inspect the package	2026-10-07T08:18:36.8822281Z (pass) v0.38.99: an over-budget tool is NOT fatal — the worker cancels it, resumes, and its result still lands [2530.98ms]
publish	Test and inspect the package	2026-10-07T08:18:38.4205241Z [run-tests] progress: 390s elapsed · 2s since last output · 170 KiB of suite output
publish	Test and inspect the package	2026-10-07T08:18:38.5036722Z (pass) v0.38.99 approval guard: an approving verdict from a verification-incomplete attempt is refused, not applied [1621.47ms]
publish	Test and inspect the package	2026-10-07T08:18:39.0094661Z (pass) v0.38.99: a genuinely wedged tool still fails fast once the grace expires [505.81ms]
publish	Test and inspect the package	2026-10-07T08:18:39.0095341Z 
publish	Test and inspect the package	2026-10-07T08:18:39.0095828Z ##[endgroup]
publish	Test and inspect the package	2026-10-07T08:18:39.0098996Z 
publish	Test and inspect the package	2026-10-07T08:18:39.0099591Z ##[group]tests/audit-convergence-breaker.test.ts:
publish	Test and inspect the package	2026-10-07T08:18:40.4269663Z (pass) audit-convergence-breaker — hard cap > hard cap pauses even under aggressive keep-going [1114.63ms]
publish	Test and inspect the package	2026-10-07T08:18:41.5161078Z (pass) audit-convergence-breaker — hard cap > below the hard cap, aggressive keep-going is preserved [1089.11ms]
publish	Test and inspect the package	2026-10-07T08:18:41.9096083Z (pass) audit-convergence-breaker — hard cap > hard cap binds the detached settlement path [388.51ms]
publish	Test and inspect the package	2026-10-07T08:18:43.1605321Z (pass) audit-convergence-breaker — hard cap > soft-cap pause offers accept-with-followups first [1255.82ms]
publish	Test and inspect the package	2026-10-07T08:18:44.0920889Z (pass) audit-convergence-breaker — hard cap > severity census lands on the objections ledger event [931.55ms]
publish	Test and inspect the package	2026-10-07T08:18:44.0923531Z (pass) audit-convergence-breaker — severity extraction > tags parse per item; missing section yields nothing [0.36ms]
publish	Test and inspect the package	2026-10-07T08:18:44.0925381Z (pass) audit-convergence-breaker — severity extraction > only leading tags count; buried tags and bare items are untagged [0.18ms]
publish	Test and inspect the package	2026-10-07T08:18:44.0928751Z (pass) audit-convergence-breaker — severity extraction > auditor brief mandates severity tags [0.41ms]
publish	Test and inspect the package	2026-10-07T08:18:44.0930674Z (pass) audit-convergence-breaker — settings > hard-cap default is 8 (soft 5 + three grace rounds) [0.09ms]
publish	Test and inspect the package	2026-10-07T08:18:44.0934787Z (pass) audit-convergence-breaker — settings > normalize keeps valid values, drops garbage [0.55ms]
publish	Test and inspect the package	2026-10-07T08:18:44.0941393Z (pass) audit-convergence-breaker — settings > v0.38.104: mainModelRetryMinutes and auditFeedbackChars drop junk instead of displaying a dead value [0.64ms]
publish	Test and inspect the package	2026-10-07T08:18:44.0953651Z (pass) audit-convergence-breaker — settings > v0.38.104: drafter/auditor thinking levels are pruned against the one ladder [1.09ms]
publish	Test and inspect the package	2026-10-07T08:18:44.0966751Z (pass) audit-convergence-breaker — settings > menu rows exist for both keys [1.34ms]
publish	Test and inspect the package	2026-10-07T08:18:44.0967753Z 
publish	Test and inspect the package	2026-10-07T08:18:44.0968533Z ##[endgroup]
publish	Test and inspect the package	2026-10-07T08:18:44.0972132Z 
publish	Test and inspect the package	2026-10-07T08:18:44.0972767Z ##[group]tests/false-repair-card.test.ts:
publish	Test and inspect the package	2026-10-07T08:18:44.4097369Z (pass) parser: the field 'Verify the shipped ...' item keeps its intent in the OBJECTIVE [0.65ms]
publish	Test and inspect the package	2026-10-07T08:18:44.4118361Z (pass) parser: short-marker forms still parse as contract-only declarations [0.28ms]
publish	Test and inspect the package	2026-10-07T08:18:44.4119753Z (pass) derivation: the field contract yields its leading imperative sentence; junk yields null [0.46ms]
publish	Test and inspect the package	2026-10-07T08:18:44.6597199Z (pass) behavioral: a legacy empty-objective item with a clean contract activates with the derived objective [250.01ms]
publish	Test and inspect the package	2026-10-07T08:18:44.9045564Z (pass) behavioral: a legacy empty-objective item with NO contract still takes the true repair path [241.85ms]
publish	Test and inspect the package	2026-10-07T08:18:45.1696469Z (pass) behavioral: a fresh batch item written from the field text activates directly — the writer fix end-to-end [268.22ms]
publish	Test and inspect the package	2026-10-07T08:18:45.1749576Z 
publish	Test and inspect the package	2026-10-07T08:18:45.1756292Z ##[endgroup]
publish	Test and inspect the package	2026-10-07T08:18:45.1756563Z 
publish	Test and inspect the package	2026-10-07T08:18:45.1757041Z ##[group]tests/length-continue.test.ts:
publish	Test and inspect the package	2026-10-07T08:18:45.5049462Z (pass) tracker: fires up to MAX consecutive, gives up once, resets on a normal turn [21.13ms]
publish	Test and inspect the package	2026-10-07T08:18:45.5052555Z (pass) continue text carries the root-cause mitigation (split large writes) [0.26ms]
publish	Test and inspect the package	2026-10-07T08:18:45.5053979Z (pass) v0.34.19: tiny-output length at a nearly full context is context starvation, not a real output cap [0.16ms]
publish	Test and inspect the package	2026-10-07T08:18:45.5056640Z (pass) v0.38.36: explicit provider context-overflow errors (stopReason=error) are context starvation when context usage >= 90% [0.32ms]
publish	Test and inspect the package	2026-10-07T08:18:45.5063152Z (pass) agent_end: length path runs BEFORE nudge accounting, telemetry, and goal gating [0.70ms]
publish	Test and inspect the package	2026-10-07T08:18:45.5073213Z (pass) sendLengthContinue: stale-api terminal guard + admitted-session reset [1.00ms]
publish	Test and inspect the package	2026-10-07T08:18:45.5076525Z (pass) sendLengthContinue: active goals get completion-aware recovery guidance [0.27ms]
publish	Test and inspect the package	2026-10-07T08:18:45.5077222Z 
publish	Test and inspect the package	2026-10-07T08:18:45.5077590Z ##[endgroup]
publish	Test and inspect the package	2026-10-07T08:18:45.5081284Z 
publish	Test and inspect the package	2026-10-07T08:18:45.5084564Z ##[group]tests/subagent-polish.test.ts:
publish	Test and inspect the package	2026-10-07T08:18:45.8399606Z (pass) current pi-subagents roles expose complete model-pin definitions [1.16ms]
publish	Test and inspect the package	2026-10-07T08:18:45.8410146Z (pass) strategy-driven sync writes only the GLLA-owned Designer role [1.24ms]
publish	Test and inspect the package	2026-10-07T08:18:45.8417893Z (pass) managed sync rejects path traversal from settings and corrupt sync state [0.63ms]
publish	Test and inspect the package	2026-10-07T08:18:45.8425836Z (pass) repair detection: externally deleted/altered Designer files are re-written and flagged [0.88ms]
publish	Test and inspect the package	2026-10-07T08:18:45.8427288Z (pass) effective resolution: per-type pin > inherit-parent > current agent default [0.08ms]
publish	Test and inspect the package	2026-10-07T08:18:45.8428585Z (pass) subagent provider failure: any failed Agent payload, without classification [0.09ms]
publish	Test and inspect the package	2026-10-07T08:18:45.8429806Z (pass) v0.38.16: failed current-tool spawns take the provider-failure path too [0.07ms]
publish	Test and inspect the package	2026-10-07T08:18:45.8431635Z (pass) v0.38.16: model-facing text speaks the current subagent dialect [0.41ms]
publish	Test and inspect the package	2026-10-07T08:18:45.8432185Z 
publish	Test and inspect the package	2026-10-07T08:18:45.8432672Z ##[endgroup]
publish	Test and inspect the package	2026-10-07T08:18:45.8436609Z 
publish	Test and inspect the package	2026-10-07T08:18:45.8437154Z ##[group]tests/screenshot-completion.test.ts:
publish	Test and inspect the package	2026-10-07T08:18:46.1707130Z (pass) screenshot-derived GLLA keeps explanations and truthful checks [35.41ms]
publish	Test and inspect the package	2026-10-07T08:18:46.1752871Z (pass) screenshot-derived Deathrun keeps explanations and truthful checks [4.52ms]
publish	Test and inspect the package	2026-10-07T08:18:46.1790841Z (pass) screenshot-derived Neonbreak keeps explanations and truthful checks [3.91ms]
publish	Test and inspect the package	2026-10-07T08:18:46.1793031Z (pass) multi-line citation extraction consumes the complete reference, not just its first line [0.36ms]
publish	Test and inspect the package	2026-10-07T08:18:46.1793933Z 
publish	Test and inspect the package	2026-10-07T08:18:46.1794295Z ##[endgroup]
publish	Test and inspect the package	2026-10-07T08:18:46.1799975Z 
publish	Test and inspect the package	2026-10-07T08:18:46.1800748Z ##[group]tests/audit-stuck-batch.test.ts:
publish	Test and inspect the package	2026-10-07T08:18:46.4802674Z (pass) 124541: model-not-found shapes are unresolvable auditor refs [0.46ms]
publish	Test and inspect the package	2026-10-07T08:18:46.4811112Z (pass) 124541: walker does not spend the same-ref retry on an unresolvable ref [1.20ms]
publish	Test and inspect the package	2026-10-07T08:18:47.0531954Z (pass) 124544: resume_goal probes pending main-model recovery inline, no user bounce [573.80ms]
publish	Test and inspect the package	2026-10-07T08:18:47.0534373Z (pass) identical infra failures count toward a bounded identical-park threshold [0.37ms]
publish	Test and inspect the package	2026-10-07T08:18:47.0546348Z (pass) identical-failure counters survive a state round-trip sanitized [1.24ms]
publish	Test and inspect the package	2026-10-07T08:18:47.0555395Z (pass) splitParkedQueueDuplicates coalesces queued + batch-internal duplicates [0.58ms]
publish	Test and inspect the package	2026-10-07T08:18:47.5132712Z (pass) 124536: re-adding a queued objective while parked coalesces, no pile-up [457.92ms]
publish	Test and inspect the package	2026-10-07T08:18:47.8018359Z (pass) 124536: hourly auditor backstop stands down on an identical-parked head [288.53ms]
publish	Test and inspect the package	2026-10-07T08:18:47.8021920Z (pass) 124541: re-seed filters evicted refs so the next episode starts live [0.29ms]
publish	Test and inspect the package	2026-10-07T08:18:47.8150623Z (pass) v0.38.104: the identical-failure park arms a bounded self-healing probe, never a dead end [12.85ms]
publish	Test and inspect the package	2026-10-07T08:18:47.8164936Z (pass) v0.38.104: no operator-facing string promises the auditor stopped for good [1.25ms]
publish	Test and inspect the package	2026-10-07T08:18:47.8165654Z 
publish	Test and inspect the package	2026-10-07T08:18:47.8166287Z ##[endgroup]
publish	Test and inspect the package	2026-10-07T08:18:47.8168442Z 
publish	Test and inspect the package	2026-10-07T08:18:47.8169382Z ##[group]tests/continuous-supervision.test.ts:
publish	Test and inspect the package	2026-10-07T08:18:48.1179727Z (pass) v0.36.0: activeSupervisionPlanes covers every GLLA work plane without inventing activity [0.38ms]
publish	Test and inspect the package	2026-10-07T08:18:48.1201162Z (pass) v0.36.0: checker reacts to durable transitions across every work plane [0.58ms]
publish	Test and inspect the package	2026-10-07T08:18:48.1202604Z (pass) v0.36.0: lifecycle signals route immediately for every declared plane [0.46ms]
publish	Test and inspect the package	2026-10-07T08:18:48.1204349Z (pass) v0.36.0: a child and recovery transition are durable signals, not guessed waits [0.35ms]
publish	Test and inspect the package	2026-10-07T08:18:48.1205658Z (pass) v0.36.0: fallback polling adapts from 250ms to the 15s safety cadence [0.12ms]
publish	Test and inspect the package	2026-10-07T08:18:48.1206974Z (pass) v0.36.0: a real event resets fallback backoff instead of waiting for the old slot [0.16ms]
publish	Test and inspect the package	2026-10-07T08:18:48.1208336Z (pass) v0.36.0: loop terminal outcomes receive a durable user-facing recap [0.52ms]
publish	Test and inspect the package	2026-10-07T08:18:48.1209627Z (pass) v0.36.0: production heartbeat is event-first with adaptive timeout fallback [0.70ms]
publish	Test and inspect the package	2026-10-07T08:18:48.1210984Z (pass) respec audit phase and register changes are observed without inventing a worker [0.22ms]
publish	Test and inspect the package	2026-10-07T08:18:48.1211778Z 
publish	Test and inspect the package	2026-10-07T08:18:48.1212405Z ##[endgroup]
publish	Test and inspect the package	2026-10-07T08:18:48.1212751Z 
publish	Test and inspect the package	2026-10-07T08:18:48.1213287Z ##[group]tests/cmd-review.test.ts:
publish	Test and inspect the package	2026-10-07T08:18:48.6411730Z (pass) C8: ambiguous substring id refuses with the candidates instead of reviewing the first match [169.34ms]
publish	Test and inspect the package	2026-10-07T08:18:48.8191436Z (pass) C8 control: exact id fires the review [177.65ms]
publish	Test and inspect the package	2026-10-07T08:18:48.8193778Z 
publish	Test and inspect the package	2026-10-07T08:18:48.8194309Z ##[endgroup]
publish	Test and inspect the package	2026-10-07T08:18:48.8234178Z 
publish	Test and inspect the package	2026-10-07T08:18:48.8238600Z ##[group]tests/settings-editors.test.ts:
publish	Test and inspect the package	2026-10-07T08:18:49.1829142Z (pass) T4: select editor — stateRoot writes the global workingDir/sessionDir choice [31.54ms]
publish	Test and inspect the package	2026-10-07T08:18:49.1861417Z (pass) T4: select editor — autoResume writes on/off/default with the right key [3.28ms]
publish	Test and inspect the package	2026-10-07T08:18:49.1883843Z (pass) T4: select editor — auditorInspection is opt-in on (writes true), off clears to default [2.23ms]
publish	Test and inspect the package	2026-10-07T08:18:49.1886329Z (pass) removed request-rate fallback setting has no editor or persistence path [0.35ms]
publish	Test and inspect the package	2026-10-07T08:18:49.1898101Z (pass) T4: select editor — aggressiveMode writes the boolean + notifies [1.18ms]
publish	Test and inspect the package	2026-10-07T08:18:49.1924469Z (pass) T4: select editor — contextCheckpointProjection writes true, off removes the key (v0.38.54) [2.57ms]
publish	Test and inspect the package	2026-10-07T08:18:49.1967304Z (pass) T4: select editor — carryover writes clear/resume, pause removes the key (v0.34.25) [4.19ms]
publish	Test and inspect the package	2026-10-07T08:18:49.1972109Z (pass) T4: select options stay concise — rationale lives in the title, not the option rows (v0.34.25) [0.55ms]
publish	Test and inspect the package	2026-10-07T08:18:49.1989414Z (pass) main recovery settings are global-only and project copies cannot create a UI/runtime mismatch [1.76ms]
publish	Test and inspect the package	2026-10-07T08:18:49.2019663Z (pass) scope-aware settings editing updates a project override instead of a hidden global baseline [2.98ms]
publish	Test and inspect the package	2026-10-07T08:18:49.2037998Z (pass) forbidden-model editing excludes drafter and auditor fallback chains [1.82ms]
publish	Test and inspect the package	2026-10-07T08:18:49.2041926Z (pass) numeric settings reject malformed integer prefixes instead of truncating them [0.34ms]
publish	Test and inspect the package	2026-10-07T08:18:49.2059161Z (pass) RPC custom stub falls back to typed main-backup editing instead of silently canceling [1.72ms]
publish	Test and inspect the package	2026-10-07T08:18:49.2108357Z (pass) main failback policy and primary-probe cadence are global settings [4.91ms]
publish	Test and inspect the package	2026-10-07T08:18:49.2146850Z (pass) T4: input editor — main model backups preserve order and retry cadence [3.79ms]
publish	Test and inspect the package	2026-10-07T08:18:49.2160138Z (pass) main backup editor refuses the 11th typed model and keeps the first ten in order [1.36ms]
publish	Test and inspect the package	2026-10-07T08:18:49.2186616Z (pass) main-model fallback reload preserves explicit order and does not reintroduce a cleared key [2.63ms]
publish	Test and inspect the package	2026-10-07T08:18:49.2212056Z (pass) v0.34.118: backup and forbidden editors enforce mutual exclusion even in headless input mode [2.53ms]
publish	Test and inspect the package	2026-10-07T08:18:49.2235060Z (pass) T4: input editor — auditorModel set / cleared on empty [2.31ms]
publish	Test and inspect the package	2026-10-07T08:18:49.2266962Z (pass) v0.36.0: auditor fallback editor preserves ordered refs, caps at ten, and clears [3.16ms]
publish	Test and inspect the package	2026-10-07T08:18:49.2278113Z (pass) v0.36.0: the singular auditor fallback setting migrates to the ordered chain [1.14ms]
publish	Test and inspect the package	2026-10-07T08:18:49.2309298Z (pass) drafter agent picker immediately offers model-specific thinking and persists both choices [3.06ms]
publish	Test and inspect the package	2026-10-07T08:18:49.2334083Z (pass) T4: input editor validation — auditCap rejects garbage loudly, accepts integers, clears on empty [2.39ms]
publish	Test and inspect the package	2026-10-07T08:18:49.2365346Z (pass) v0.35.64: subagent hang action accepts warning-only/long thresholds and rejects unsafe values [3.17ms]
publish	Test and inspect the package	2026-10-07T08:18:49.2388225Z (pass) v0.35.x: zero-stream retry budget persists and rejects values outside 0..10 [2.31ms]
publish	Test and inspect the package	2026-10-07T08:18:49.2392726Z (pass) v0.35.x: hand-edited zero-stream retry budgets normalize to the safe default [0.47ms]
publish	Test and inspect the package	2026-10-07T08:18:49.2398134Z (pass) T4: a dismissed editor (Esc → undefined) writes NOTHING [0.51ms]
publish	Test and inspect the package	2026-10-07T08:18:49.2405038Z (pass) settings editor failures notify loudly and return to the menu [0.68ms]
publish	Test and inspect the package	2026-10-07T08:18:49.2408409Z (pass) T4: the switch has no confirm-class editors (select + input only) [0.33ms]
publish	Test and inspect the package	2026-10-07T08:18:49.2444586Z (pass) v0.28.34: notify folds a default IN — auto-detect notify-send/osascript, 'off' silences, custom overrides [3.41ms]
publish	Test and inspect the package	2026-10-07T08:18:49.2446448Z (pass) audit-2026-09-06: headless /glla fallback shows compactor + display-richness rows [0.33ms]
publish	Test and inspect the package	2026-10-07T08:18:49.2450491Z (pass) audit 2026-09-06: docs/SETTINGS.md covers every SETTINGS_KEYS entry [0.45ms]
publish	Test and inspect the package	2026-10-07T08:18:49.2510615Z (pass) audit 2026-09-07 (LOW, finding 400): typing the displayed `auto` in the notify editor round-trips to unset, not a literal shell command [5.79ms]
publish	Test and inspect the package	2026-10-07T08:18:49.2553794Z (pass) audit 2026-09-25: decisionPauseBudget is visible on every operator surface [4.40ms]
publish	Test and inspect the package	2026-10-07T08:18:49.2589904Z (pass) audit 2026-09-26: subagent thinking editor pins, inherits, and rejects garbage [3.60ms]
publish	Test and inspect the package	2026-10-07T08:18:49.2594948Z (pass) audit 2026-09-26: headless /glla fallback covers every SETTINGS_KEYS entry [0.54ms]
publish	Test and inspect the package	2026-10-07T08:18:49.2603094Z (pass) v0.38.104: the audit-dir retention row renders a legal 0 instead of the unknown-value '?' [0.81ms]
publish	Test and inspect the package	2026-10-07T08:18:49.2611438Z (pass) v0.38.104: the main-recovery row does not promise a 24h stop the default mode removes [0.82ms]
publish	Test and inspect the package	2026-10-07T08:18:49.2617315Z (pass) v0.38.104: every 'Global-only.' annotation in docs/SETTINGS.md is true in code [0.60ms]
publish	Test and inspect the package	2026-10-07T08:18:49.2620403Z (pass) v0.38.104: the superseded DESIGN.md table does not mark files that do not exist as shipped [0.27ms]
publish	Test and inspect the package	2026-10-07T08:18:49.2624871Z (pass) v0.38.104: the auditor model path carries no dead settings placeholders [0.45ms]
publish	Test and inspect the package	2026-10-07T08:18:49.2625537Z 
publish	Test and inspect the package	2026-10-07T08:18:49.2625957Z ##[endgroup]
publish	Test and inspect the package	2026-10-07T08:18:49.2629416Z 
publish	Test and inspect the package	2026-10-07T08:18:49.2629978Z ##[group]tests/repetition.test.ts:
publish	Test and inspect the package	2026-10-07T08:18:49.5699238Z (pass) normalizeForPrint strips ANSI, collapses whitespace, lowercases [0.20ms]
publish	Test and inspect the package	2026-10-07T08:18:49.5710056Z (pass) textFingerprint is stable and case/whitespace-insensitive [0.30ms]
publish	Test and inspect the package	2026-10-07T08:18:49.5712372Z (pass) trigramSimilarity: identical texts → 1, disjoint → 0, near-dup → high [0.36ms]
publish	Test and inspect the package	2026-10-07T08:18:49.5715989Z (pass) trigramSimilarity: digits are volatile — 'port 8081' ≈ 'port 8082' [0.15ms]
publish	Test and inspect the package	2026-10-07T08:18:49.5717559Z (pass) pushCapped keeps the window at cap, most recent last [0.13ms]
publish	Test and inspect the package	2026-10-07T08:18:49.5719322Z (pass) findDegenerateRepeat: repeated sentence inside one reply [0.23ms]
publish	Test and inspect the package	2026-10-07T08:18:49.5720449Z (pass) findDegenerateRepeat: repeated single word run [0.82ms]
publish	Test and inspect the package	2026-10-07T08:18:49.5721464Z (pass) findDegenerateRepeat: normal prose passes [0.12ms]
publish	Test and inspect the package	2026-10-07T08:18:49.5722617Z (pass) findDegenerateRepeat: short text is never degenerate [0.04ms]
publish	Test and inspect the package	2026-10-07T08:18:49.5724145Z (pass) detectLoopStuck: healthy iteration → undefined [0.10ms]
publish	Test and inspect the package	2026-10-07T08:18:49.5725137Z (pass) detectLoopStuck: narration-only streak [0.06ms]
publish	Test and inspect the package	2026-10-07T08:18:49.5726161Z (pass) detectLoopStuck: exact repeat of previous iteration [0.12ms]
publish	Test and inspect the package	2026-10-07T08:18:49.5727636Z (pass) detectLoopStuck: near-duplicate of previous iteration [0.14ms]
publish	Test and inspect the package	2026-10-07T08:18:49.5728679Z (pass) detectLoopStuck: A-B-A-B window repetition [0.11ms]
publish	Test and inspect the package	2026-10-07T08:18:49.5729863Z (pass) repeated in-band provider pane is distinct from ordinary repeated tool output [0.24ms]
publish	Test and inspect the package	2026-10-07T08:18:49.5731043Z (pass) detectLoopStuck: same tool error three times [0.13ms]
publish	Test and inspect the package	2026-10-07T08:18:49.5732084Z (pass) detectLoopStuck: same tool result (no new information) [0.07ms]
publish	Test and inspect the package	2026-10-07T08:18:49.5733726Z (pass) detectLoopStuck: first hit wins — narration beats everything (most certain) [0.08ms]
publish	Test and inspect the package	2026-10-07T08:18:49.5735139Z (pass) loopInterventionDirective: rotates strategy per consecutive count [0.16ms]
publish	Test and inspect the package	2026-10-07T08:18:49.5736642Z (pass) loopInterventionDirective: hard reset from rung 3 with banned openings [0.15ms]
publish	Test and inspect the package	2026-10-07T08:18:49.5737996Z (pass) loopInterventionDirective: rotation wraps after all strategies [0.06ms]
publish	Test and inspect the package	2026-10-07T08:18:49.5739142Z (pass) continueVariant: rotates by iteration, never empty [0.09ms]
publish	Test and inspect the package	2026-10-07T08:18:49.5739804Z 
publish	Test and inspect the package	2026-10-07T08:18:49.5740430Z ##[endgroup]
publish	Test and inspect the package	2026-10-07T08:18:49.6027144Z 
publish	Test and inspect the package	2026-10-07T08:18:49.6029881Z ##[group]tests/extract-verification.test.ts:
publish	Test and inspect the package	2026-10-07T08:18:49.8884987Z (pass) inline one-liner: 'Done when:' mid-line is extracted [0.27ms]
publish	Test and inspect the package	2026-10-07T08:18:49.8921556Z (pass) inline one-liner: trailing period stripped from objective [0.09ms]
publish	Test and inspect the package	2026-10-07T08:18:49.8923802Z (pass) ordinary verify imperative before Done when is not mistaken for a marker [0.06ms]
publish	Test and inspect the package	2026-10-07T08:18:49.8925080Z (pass) no marker anywhere returns full text as objective [0.05ms]
publish	Test and inspect the package	2026-10-07T08:18:49.8926377Z (pass) line-based extraction wins over inline when both present [0.21ms]
publish	Test and inspect the package	2026-10-07T08:18:49.8927526Z (pass) multi-line verification contract preserved [0.17ms]
publish	Test and inspect the package	2026-10-07T08:18:49.8928611Z (pass) line marker: 'Done when ALL of the following are true:' starts the contract [0.07ms]
publish	Test and inspect the package	2026-10-07T08:18:49.8929759Z (pass) inline marker: 'Done when ALL of the following are true:' mid-line [0.06ms]
publish	Test and inspect the package	2026-10-07T08:18:49.8930593Z (pass) goalArgsNeedDrafting: 'Done when ALL of the following' counts as a contract (no interview) [0.05ms]
publish	Test and inspect the package	2026-10-07T08:18:49.8931371Z (pass) round-trip: normalized draft survives storage and yields clean shield items [0.33ms]
publish	Test and inspect the package	2026-10-07T08:18:49.8931736Z 
publish	Test and inspect the package	2026-10-07T08:18:49.8932079Z ##[endgroup]
publish	Test and inspect the package	2026-10-07T08:18:49.8932205Z 
publish	Test and inspect the package	2026-10-07T08:18:49.8932478Z ##[group]tests/execution-discipline.test.ts:
publish	Test and inspect the package	2026-10-07T08:18:50.1847627Z (pass) mid-run question steps are violations, naming the step [0.52ms]
publish	Test and inspect the package	2026-10-07T08:18:50.1879868Z (pass) ask_user_question subtasks are violations too [0.10ms]
publish	Test and inspect the package	2026-10-07T08:18:50.1881949Z (pass) manual-check steps are violations unless the contract mandates them [0.12ms]
publish	Test and inspect the package	2026-10-07T08:18:50.1882674Z (pass) contract-mandated gates are exempt, not violations [0.12ms]
publish	Test and inspect the package	2026-10-07T08:18:50.1883169Z (pass) clean plans pass with no violations [0.08ms]
publish	Test and inspect the package	2026-10-07T08:18:50.1884273Z (pass) propose_task_list validation refuses mid-run steps [0.15ms]
publish	Test and inspect the package	2026-10-07T08:18:50.1885525Z (pass) goal/list drafting prompt pins never-schedule-mid-run plus manual-only-when-mandatory [0.24ms]
publish	Test and inspect the package	2026-10-07T08:18:50.1886858Z (pass) plan prompt pins milestone shape: no mid-run question or manual-check milestones [0.15ms]
publish	Test and inspect the package	2026-10-07T08:18:50.1887494Z 
publish	Test and inspect the package	2026-10-07T08:18:50.1887976Z ##[endgroup]
publish	Test and inspect the package	2026-10-07T08:18:50.1888638Z 
publish	Test and inspect the package	2026-10-07T08:18:50.1889088Z ##[group]tests/quota-wall-engagement.test.ts:
publish	Test and inspect the package	2026-10-07T08:18:50.4777019Z (pass) send-storm escalation has one generic threshold [0.21ms]
publish	Test and inspect the package	2026-10-07T08:18:50.4780934Z (pass) quota-shaped provider text is opaque and still recoverable [0.58ms]
publish	Test and inspect the package	2026-10-07T08:18:50.4795544Z (pass) source contains no reason-specific send-storm policy [1.42ms]
publish	Test and inspect the package	2026-10-07T08:18:50.4796699Z (pass) send-rearm escalation still funnels into the generic recovery envelope [0.08ms]
publish	Test and inspect the package	2026-10-07T08:18:50.4797315Z 
publish	Test and inspect the package	2026-10-07T08:18:50.4797819Z ##[endgroup]
publish	Test and inspect the package	2026-10-07T08:18:50.5110293Z 
publish	Test and inspect the package	2026-10-07T08:18:50.5111316Z ##[group]tests/paused-status-action-first.test.ts:
publish	Test and inspect the package	2026-10-07T08:18:50.7894842Z (pass) blocked status leads with the resume command [0.83ms]
publish	Test and inspect the package	2026-10-07T08:18:50.7912138Z (pass) decision status leads with the decision path [0.18ms]
publish	Test and inspect the package	2026-10-07T08:18:50.7913634Z (pass) error status leads with the manual path [0.27ms]
publish	Test and inspect the package	2026-10-07T08:18:50.7914764Z (pass) manual recovery hold leads with resume [0.20ms]
publish	Test and inspect the package	2026-10-07T08:18:50.7915781Z (pass) supervised waits keep lifecycle-first order (nobody's move) [0.16ms]
publish	Test and inspect the package	2026-10-07T08:18:50.7916379Z 
publish	Test and inspect the package	2026-10-07T08:18:50.7916891Z ##[endgroup]
publish	Test and inspect the package	2026-10-07T08:18:50.7917069Z 
publish	Test and inspect the package	2026-10-07T08:18:50.7917460Z ##[group]tests/plan-mode.test.ts:
publish	Test and inspect the package	2026-10-07T08:18:51.0785103Z (pass) v0.35.33: /goal plan routes as a sub with the seed as rest [0.31ms]
publish	Test and inspect the package	2026-10-07T08:18:51.0804014Z (pass) v0.35.33: plain objectives are NOT captured by the plan verb [0.14ms]
publish	Test and inspect the package	2026-10-07T08:18:51.0805496Z (pass) v0.35.33: draftingTemplateFile swaps prompts per target × depth [0.07ms]
publish	Test and inspect the package	2026-10-07T08:18:51.0806914Z (pass) v0.35.33: both plan prompt files exist, carry the drafting markers, and mandate Confirm-gated proposals [0.59ms]
publish	Test and inspect the package	2026-10-07T08:18:51.0808860Z (pass) v0.35.44: source pins — the draftingDepth dead-state global is GONE (audit fix) [1.47ms]
publish	Test and inspect the package	2026-10-07T08:18:51.0810071Z (pass) v0.35.33: source pins — all three verbs dispatch with depth plan [0.26ms]
publish	Test and inspect the package	2026-10-07T08:18:51.0811104Z (pass) v0.35.33: /list plan is gated as a mutating subcommand on stale handles [0.04ms]
publish	Test and inspect the package	2026-10-07T08:18:51.0812131Z (pass) v0.35.33: completions advertise the plan verb on all three commands [0.26ms]
publish	Test and inspect the package	2026-10-07T08:18:51.3076932Z (pass) v0.35.45: the plan-mode seeded hint separates the plan note from the label [227.92ms]
publish	Test and inspect the package	2026-10-07T08:18:51.3077665Z 
publish	Test and inspect the package	2026-10-07T08:18:51.3078095Z ##[endgroup]
publish	Test and inspect the package	2026-10-07T08:18:51.3365098Z 
publish	Test and inspect the package	2026-10-07T08:18:51.3366341Z ##[group]tests/proactive-pre-read.test.ts:
publish	Test and inspect the package	2026-10-07T08:18:51.6631245Z (pass) gatherProactivePreRead surfaces bounded file evidence and seed excerpt before questioning [38.71ms]
publish	Test and inspect the package	2026-10-07T08:18:51.6633233Z (pass) gatherProactivePreRead notes image references without assuming an external tool [0.37ms]
publish	Test and inspect the package	2026-10-07T08:18:51.6634896Z (pass) gatherProactivePreRead still emits a seed-excerpt block when no files match [0.18ms]
publish	Test and inspect the package	2026-10-07T08:18:51.6819547Z (pass) drafting injects proactive pre-read before the first question [18.04ms]
publish	Test and inspect the package	2026-10-07T08:18:51.6820643Z (pass) constants retain bounded shape (max 3 files, 800 chars each) [0.14ms]
publish	Test and inspect the package	2026-10-07T08:18:51.6821225Z 
publish	Test and inspect the package	2026-10-07T08:18:51.6821731Z ##[endgroup]
publish	Test and inspect the package	2026-10-07T08:18:51.6821903Z 
publish	Test and inspect the package	2026-10-07T08:18:51.6822412Z ##[group]tests/stale-interrupt-resume.test.ts:
publish	Test and inspect the package	2026-10-07T08:18:52.0294946Z (pass) Goal type + schema carry the interrupt marker fields [29.12ms]
publish	Test and inspect the package	2026-10-07T08:18:52.0296394Z (pass) S3 probe: side-effect-free getSessionName() probe caches the positive [0.16ms]
publish	Test and inspect the package	2026-10-07T08:18:52.0297779Z (pass) S3 warn helper: honest 'state is safe' messaging + ledger [0.35ms]
publish	Test and inspect the package	2026-10-07T08:18:52.0301881Z (pass) S3: probes wired at cmdSet / cmdResume / cmdList / propose_goal_draft entry [0.42ms]
publish	Test and inspect the package	2026-10-07T08:18:52.0304638Z (pass) S3: stale creation marks the interrupt and tells the truth (no 'starting now' lie) [0.20ms]
publish	Test and inspect the package	2026-10-07T08:18:52.0305748Z (pass) S1: stale resume persists active+marker, skips the misleading notify and the doomed send [0.11ms]
publish	Test and inspect the package	2026-10-07T08:18:52.0310902Z (pass) S2: restore gate clears the marker on auto-resume and names the recovery [0.52ms]
publish	Test and inspect the package	2026-10-07T08:18:52.0321217Z (pass) S2 (v0.28.21): the 0.28.3 interrupt exemption is SUPERSEDED — only autoresume=on auto-resumes [0.95ms]
publish	Test and inspect the package	2026-10-07T08:18:52.0322509Z (pass) S1/S2: widget surfaces the interrupt on ACTIVE goals [0.18ms]
publish	Test and inspect the package	2026-10-07T08:18:52.0326210Z (pass) E6: drafting-seed send failure is loud and stale-aware (was silent) [0.38ms]
publish	Test and inspect the package	2026-10-07T08:18:52.0332054Z (pass) T1: stale Confirm is NOT a rejection — both single and batch paths [0.58ms]
publish	Test and inspect the package	2026-10-07T08:18:52.0334652Z (pass) v0.28.27: stale handle silences ALL stall machinery — refiring into a dead process misleads, and the stall escalation would PAUSE an interrupted goal (killing restart auto-resume) [0.19ms]
publish	Test and inspect the package	2026-10-07T08:18:52.0342146Z (pass) v0.28.27/0.29.8: /goal verify (renamed from /goal audit) — manual auditor invocation with a synthesized claim, wired into the pendingCompletion machinery [0.73ms]
publish	Test and inspect the package	2026-10-07T08:18:52.0345440Z (pass) v0.29.8: /goal audit [focus] — the one-shot project audit; /glla status — the unified view [0.36ms]
publish	Test and inspect the package	2026-10-07T08:18:52.0347789Z (pass) v0.34.2: cmdResume clears interruptedAt/interruptedReason on a fresh-session resume [0.24ms]
publish	Test and inspect the package	2026-10-07T08:18:52.0379543Z (pass) v0.34.7: safeSteerUser wraps every orchestrator sendUserMessage (darklord crash) [3.08ms]
publish	Test and inspect the package	2026-10-07T08:18:52.0412444Z (pass) v0.34.7: the fan-out float carries a catch (rejection ≠ process exit) [3.24ms]
publish	Test and inspect the package	2026-10-07T08:18:52.0414507Z (pass) v0.34.7: re-kick clears the stale-handle marker (banner must not survive a working session) [0.30ms]
publish	Test and inspect the package	2026-10-07T08:18:52.0415038Z 
publish	Test and inspect the package	2026-10-07T08:18:52.0415552Z ##[endgroup]
publish	Test and inspect the package	2026-10-07T08:18:52.0419715Z 
publish	Test and inspect the package	2026-10-07T08:18:52.0420146Z ##[group]tests/id-invalidation.test.ts:
publish	Test and inspect the package	2026-10-07T08:18:52.3297283Z (pass) classifyIdInvalidationReason: each mechanism maps to its reason [0.38ms]
publish	Test and inspect the package	2026-10-07T08:18:52.5515516Z (pass) forced rewrite: a fresh session with a different sidecar id ledgeres id_invalidation [223.46ms]
publish	Test and inspect the package	2026-10-07T08:18:52.7502097Z (pass) clean shutdown: the sidecar shutdownReason flows into the event [201.06ms]
publish	Test and inspect the package	2026-10-07T08:18:52.9704232Z (pass) same id (plain reload): no id_invalidation [220.28ms]
publish	Test and inspect the package	2026-10-07T08:18:53.1644753Z (pass) first boot (no sidecar): no id_invalidation [193.99ms]
publish	Test and inspect the package	2026-10-07T08:18:53.1684836Z (pass) successor absorption also emits id_invalidation (source-level pin) [3.91ms]
publish	Test and inspect the package	2026-10-07T08:18:53.3731179Z (pass) unknown-session ids are not emitted (the mock default has no getSessionId) [204.58ms]
publish	Test and inspect the package	2026-10-07T08:18:53.3731710Z 
publish	Test and inspect the package	2026-10-07T08:18:53.3732058Z ##[endgroup]
publish	Test and inspect the package	2026-10-07T08:18:53.3759105Z 
publish	Test and inspect the package	2026-10-07T08:18:53.3759982Z ##[group]tests/drafting-questionnaire.test.ts:
publish	Test and inspect the package	2026-10-07T08:18:53.6767862Z (pass) seeded drafting requires tool-first choices and a concrete next handoff [0.53ms]
publish	Test and inspect the package	2026-10-07T08:18:53.6769783Z (pass) goal-loop-draft.md: carries the roadmap-then-stages rule [0.27ms]
publish	Test and inspect the package	2026-10-07T08:18:53.6771162Z (pass) goal-loop-draft.md: carries the rich-option standard [0.14ms]
publish	Test and inspect the package	2026-10-07T08:18:53.6773594Z (pass) goal-loop-draft.md: invites the Esc correction explicitly [0.14ms]
publish	Test and inspect the package	2026-10-07T08:18:53.6775084Z (pass) goal-loop-forever-draft.md: carries the roadmap-then-stages rule [0.10ms]
publish	Test and inspect the package	2026-10-07T08:18:53.6776540Z (pass) goal-loop-forever-draft.md: carries the rich-option standard [0.09ms]
publish	Test and inspect the package	2026-10-07T08:18:53.6777948Z (pass) goal-loop-forever-draft.md: invites the Esc correction explicitly [0.04ms]
publish	Test and inspect the package	2026-10-07T08:18:53.6779335Z (pass) goal-loop-plan.md: carries the roadmap-then-stages rule [0.09ms]
publish	Test and inspect the package	2026-10-07T08:18:53.6780572Z (pass) goal-loop-plan.md: carries the rich-option standard [0.39ms]
publish	Test and inspect the package	2026-10-07T08:18:53.6781905Z (pass) goal-loop-plan.md: invites the Esc correction explicitly [0.06ms]
publish	Test and inspect the package	2026-10-07T08:18:53.6783802Z (pass) goal-loop-draft.md: pasted list-like seeds use supplied wording without an exactness choice [0.24ms]
publish	Test and inspect the package	2026-10-07T08:18:53.6785679Z (pass) goal-loop-plan.md: pasted list-like seeds use supplied wording without an exactness choice [0.09ms]
publish	Test and inspect the package	2026-10-07T08:18:53.6786641Z 
publish	Test and inspect the package	2026-10-07T08:18:53.6787413Z ##[endgroup]
publish	Test and inspect the package	2026-10-07T08:18:53.6788413Z 
publish	Test and inspect the package	2026-10-07T08:18:53.6789114Z ##[group]tests/subagent-display-richness.test.ts:
publish	Test and inspect the package	2026-10-07T08:18:53.9702639Z (pass) audit 2026-09-07 richness defaults to quiet (exceptions-only) and normalizes junk [0.60ms]
publish	Test and inspect the package	2026-10-07T08:18:53.9725334Z (pass) v0.38.23 rich assembles single-line glyph rows, no header; compact keeps the line; quiet hides healthy workers [1.23ms]
publish	Test and inspect the package	2026-10-07T08:18:53.9745593Z (pass) v0.38.22 detailed lines bucket silence — identical output seconds apart [0.30ms]
publish	Test and inspect the package	2026-10-07T08:18:53.9748465Z (pass) v0.38.22 hasHungWorker covers hung + aborting, ignores ended [0.13ms]
publish	Test and inspect the package	2026-10-07T08:18:53.9749681Z (pass) audit 2026-09-07 count line flags trouble on ANY child, not just the stalest [0.20ms]
publish	Test and inspect the package	2026-10-07T08:18:53.9751294Z (pass) v0.38.23 every rich line is width-safe; long summaries truncate cell-aware [0.25ms]
publish	Test and inspect the package	2026-10-07T08:18:53.9751971Z 
publish	Test and inspect the package	2026-10-07T08:18:53.9752457Z ##[endgroup]
publish	Test and inspect the package	2026-10-07T08:18:53.9752674Z 
publish	Test and inspect the package	2026-10-07T08:18:53.9753137Z ##[group]tests/delta-only-continuation.test.ts:
publish	Test and inspect the package	2026-10-07T08:18:54.2737049Z (pass) marker is tiny and carries the dispatch marker [0.51ms]
publish	Test and inspect the package	2026-10-07T08:18:54.2769808Z (pass) clean goal needs no full — repair/recovery/audit/designer do [2.43ms]
publish	Test and inspect the package	2026-10-07T08:18:54.3145910Z (pass) builder: steady-state marker, resync+marker, dirty full [39.30ms]
publish	Test and inspect the package	2026-10-07T08:18:54.7799653Z (pass) v0.38.94: consecutive sends go full once, then marker (field: 909 full sends) [465.36ms]
publish	Test and inspect the package	2026-10-07T08:18:55.4436004Z (pass) v0.38.94: rebind reset re-arms the one full brief (fresh context) [663.55ms]
publish	Test and inspect the package	2026-10-07T08:18:55.4441164Z (pass) sendContinuation wires the delta-only branch with kind ledger [0.65ms]
publish	Test and inspect the package	2026-10-07T08:18:55.4441992Z 
publish	Test and inspect the package	2026-10-07T08:18:55.4442682Z ##[endgroup]
publish	Test and inspect the package	2026-10-07T08:18:55.4446197Z 
publish	Test and inspect the package	2026-10-07T08:18:55.4446836Z ##[group]tests/tool-config-execution.test.ts:
publish	Test and inspect the package	2026-10-07T08:18:56.0214796Z (pass) project optional arguments override supplied values and apply to later calls [22.88ms]
publish	Test and inspect the package	2026-10-07T08:18:56.0317915Z (pass) invalid options block atomically: {"timeout":"bad"} [10.48ms]
publish	Test and inspect the package	2026-10-07T08:18:56.0425986Z (pass) invalid options block atomically: {"unsupported":true} [9.07ms]
publish	Test and inspect the package	2026-10-07T08:18:56.0527217Z (pass) invalid options block atomically: {"command":"replace the operation"} [11.45ms]
publish	Test and inspect the package	2026-10-07T08:18:56.0686817Z (pass) a stale host cannot rewrite tool arguments [15.03ms]
publish	Test and inspect the package	2026-10-07T08:18:56.1081160Z (pass) the real Pi tool pipeline executes bash with the configured timeout [37.35ms]
publish	Test and inspect the package	2026-10-07T08:18:56.1084861Z (pass) invalid merged options leave every input field unchanged [0.47ms]
publish	Test and inspect the package	2026-10-07T08:18:56.1086524Z (pass) nested overrides belong to each call, and optional zero remains valid [1.53ms]
publish	Test and inspect the package	2026-10-07T08:18:56.1088058Z (pass) unconfigured calls do not need a registry; missing or unsupported schemas block configured calls [0.42ms]
publish	Test and inspect the package	2026-10-07T08:18:56.1089034Z 
publish	Test and inspect the package	2026-10-07T08:18:56.1089707Z ##[endgroup]
publish	Test and inspect the package	2026-10-07T08:18:56.1090180Z 
publish	Test and inspect the package	2026-10-07T08:18:56.1090927Z ##[group]tests/image1-list-stall-and-count-fix.test.ts:
publish	Test and inspect the package	2026-10-07T08:18:56.4526498Z (pass) v0.34.104 [Image-#1] Problem 1: LIST_COMPLETION_SETTLE_MS constant + flag exist [38.43ms]
publish	Test and inspect the package	2026-10-07T08:18:56.4531282Z (pass) v0.34.104 [Image-#1] Problem 1: archiveCurrentGoal arms the settle window BEFORE activating the next item [0.62ms]
publish	Test and inspect the package	2026-10-07T08:18:56.4532912Z (pass) v0.34.104 [Image-#1] Problem 1: scheduleContinuation honours the settle window [0.21ms]
publish	Test and inspect the package	2026-10-07T08:18:56.4534598Z (pass) v0.34.104 [Image-#1] Problem 1: agent activity during settle cancels the deferred send [0.17ms]
publish	Test and inspect the package	2026-10-07T08:18:56.4536581Z (pass) v0.34.104 [Image-#1] Problem 1: sendContinuation honors an early settle callback [0.23ms]
publish	Test and inspect the package	2026-10-07T08:18:56.4554155Z (pass) v0.34.104 [Image-#1] Problem 2: validateCompletionSummary exists and is wired into complete_goal capture [1.63ms]
publish	Test and inspect the package	2026-10-07T08:18:56.4555805Z (pass) v0.34.104 [Image-#1] Problem 2: impossible X/Y pass counts match the field regex (29/28) [0.14ms]
publish	Test and inspect the package	2026-10-07T08:18:56.4559242Z (pass) v0.34.104 [Image-#1] Problem 2: ledger event `completion_summary_impossible_count` is the canonical key [0.38ms]
publish	Test and inspect the package	2026-10-07T08:18:56.4561198Z (pass) v0.34.104 [Image-#1] Problem 2: clean input early-returns before any ledger work [0.24ms]
publish	Test and inspect the package	2026-10-07T08:18:56.4561802Z 
publish	Test and inspect the package	2026-10-07T08:18:56.4562283Z ##[endgroup]
publish	Test and inspect the package	2026-10-07T08:18:56.4604001Z 
publish	Test and inspect the package	2026-10-07T08:18:56.4624744Z ##[group]tests/ui-polish.test.ts:
publish	Test and inspect the package	2026-10-07T08:18:57.0289357Z (pass) v0.38.89: unknownStatsArg strips the known stats tokens [29.00ms]
publish	Test and inspect the package	2026-10-07T08:18:57.0293512Z (pass) v0.38.89: stats header and unknown-arg usage share the /glla prefix [0.56ms]
publish	Test and inspect the package	2026-10-07T08:18:57.0296335Z (pass) v0.38.91: tool descriptions enumerate plan/audit/verify/add [0.32ms]
publish	Test and inspect the package	2026-10-07T08:18:57.0387004Z (pass) v0.38.89: /goal status card points at /goal timeline [8.78ms]
publish	Test and inspect the package	2026-10-07T08:18:57.0388021Z 
publish	Test and inspect the package	2026-10-07T08:18:57.0388521Z ##[endgroup]
publish	Test and inspect the package	2026-10-07T08:18:57.0389941Z 
publish	Test and inspect the package	2026-10-07T08:18:57.0390543Z ##[group]tests/long-running-modes-parked.test.ts:
publish	Test and inspect the package	2026-10-07T08:18:57.3432644Z (pass) fireReviewer emits a SECOND notify with the review file path after the cascade [0.39ms]
publish	Test and inspect the package	2026-10-07T08:18:57.3434332Z (pass) surface-notify branch is preceded by the existing manual-suppressed notify [0.30ms]
publish	Test and inspect the package	2026-10-07T08:18:57.3435585Z (pass) postaudit settings key takes precedence over legacy reviewer key (fireReviewer) [0.18ms]
publish	Test and inspect the package	2026-10-07T08:18:57.3436689Z (pass) Settings type accepts both reviewer and postaudit keys [0.29ms]
publish	Test and inspect the package	2026-10-07T08:18:57.3437608Z (pass) SETTINGS_KEYS includes postaudit and toolOverrides [0.11ms]
publish	Test and inspect the package	2026-10-07T08:18:57.3438652Z (pass) /glla postaudit opens the same menu as /glla reviewer (no behavioral split) [0.09ms]
publish	Test and inspect the package	2026-10-07T08:18:57.3439810Z (pass) /glla routes reviewer (legacy) and postaudit (new) without completion rows [0.34ms]
publish	Test and inspect the package	2026-10-07T08:18:57.3440992Z (pass) resolveReviewerConfig: postaudit and reviewer blocks merge equivalently [0.17ms]
publish	Test and inspect the package	2026-10-07T08:18:57.3748665Z (pass) goal-loop-continuation prompt carries the 0.27.5 chunk-near-context-full hint [31.43ms]
publish	Test and inspect the package	2026-10-07T08:18:57.3749398Z 
publish	Test and inspect the package	2026-10-07T08:18:57.3749899Z ##[endgroup]
publish	Test and inspect the package	2026-10-07T08:18:57.3753743Z 
publish	Test and inspect the package	2026-10-07T08:18:57.3754514Z ##[group]tests/answered-question-dispatch.test.ts:
publish	Test and inspect the package	2026-10-07T08:18:58.2762660Z (pass) v0.38.19 answered ask_user_question dispatches a continuation turn from a phantom-busy session [598.26ms]
publish	Test and inspect the package	2026-10-07T08:18:58.8164385Z (pass) v0.38.19 fresh stream keeps the wait path: no bypass into live thinking [540.12ms]
publish	Test and inspect the package	2026-10-07T08:18:59.3500054Z (pass) v0.38.19 a loaded followUp queue keeps the wait path even when silent [533.60ms]
publish	Test and inspect the package	2026-10-07T08:18:59.3500753Z 
publish	Test and inspect the package	2026-10-07T08:18:59.3501233Z ##[endgroup]
publish	Test and inspect the package	2026-10-07T08:18:59.3504549Z 
publish	Test and inspect the package	2026-10-07T08:18:59.3505337Z ##[group]tests/loop-write-signal.test.ts:
publish	Test and inspect the package	2026-10-07T08:18:59.7125859Z (pass) item 3: write/edit/multi_edit/write_file are the write-signal tools [0.41ms]
publish	Test and inspect the package	2026-10-07T08:18:59.7128608Z (pass) item 3: the tool_result handler bumps fileWrites via isLoopWriteTool [0.56ms]
publish	Test and inspect the package	2026-10-07T08:18:59.7132563Z (pass) item 2: the stuck dispatch calls isActuallyStuck (not detectLoopStuck directly) [0.30ms]
publish	Test and inspect the package	2026-10-07T08:18:59.7134094Z (pass) item 4: git commits are counted once per iteration from HEAD advance [0.10ms]
publish	Test and inspect the package	2026-10-07T08:18:59.7135322Z (pass) item 6: spec_item_progress events are counted from the ledger since iteration start [0.11ms]
publish	Test and inspect the package	2026-10-07T08:18:59.7135965Z 
publish	Test and inspect the package	2026-10-07T08:18:59.7136466Z ##[endgroup]
publish	Test and inspect the package	2026-10-07T08:18:59.7140175Z 
publish	Test and inspect the package	2026-10-07T08:18:59.7140911Z ##[group]tests/respec-builder-wiring.test.ts:
publish	Test and inspect the package	2026-10-07T08:19:00.2545404Z (pass) actual respec command and tools persist intended scope, batch and audit claim [171.53ms]
publish	Test and inspect the package	2026-10-07T08:19:00.4105676Z (pass) declining intended scope leaves the project drafting with no adopted requirements [153.58ms]
publish	Test and inspect the package	2026-10-07T08:19:00.5075397Z (pass) registered blocker and refinement tools preserve work and require consent to change scope [92.14ms]
publish	Test and inspect the package	2026-10-07T08:19:00.6215364Z (pass) project blockers automatically show generic actions after journaling, without dispatch or implicit resolution [121.16ms]
publish	Test and inspect the package	2026-10-07T08:19:00.7795227Z (pass) work obstacles keep building and mistaken blocker-only holds release without verifying scope [157.65ms]
publish	Test and inspect the package	2026-10-07T08:19:00.9156435Z (pass) held blocker reviews receive the durable project contract without silently releasing dependencies [135.54ms]
publish	Test and inspect the package	2026-10-07T08:19:00.9168206Z 
publish	Test and inspect the package	2026-10-07T08:19:00.9255253Z ##[endgroup]
publish	Test and inspect the package	2026-10-07T08:19:00.9265837Z 
publish	Test and inspect the package	2026-10-07T08:19:00.9266861Z ##[group]tests/state-root-owner.test.ts:
publish	Test and inspect the package	2026-10-07T08:19:01.2787394Z (pass) normalizeOwnerAt tolerates number and ISO, rejects garbage [49.31ms]
publish	Test and inspect the package	2026-10-07T08:19:01.2926164Z (pass) looksLikePi admits pi hosts, refuses sleep, abstains on unknown [13.93ms]
publish	Test and inspect the package	2026-10-07T08:19:01.3085899Z (pass) classifyOwner covers the full matrix [16.01ms]
publish	Test and inspect the package	2026-10-07T08:19:01.3225515Z (pass) describeOwner returns null for self, shape for foreign [13.88ms]
publish	Test and inspect the package	2026-10-07T08:19:01.3412382Z (pass) takeover with no record claims silently [18.68ms]
publish	Test and inspect the package	2026-10-07T08:19:01.3567191Z (pass) takeover of a dead owner reclaims without signaling [15.42ms]
publish	Test and inspect the package	2026-10-07T08:19:01.3720477Z (pass) takeover of self reclaims (same-process sessions always win) [15.33ms]
publish	Test and inspect the package	2026-10-07T08:19:01.5179705Z (pass) live owner without confirm returns needs-confirm and touches nothing [145.70ms]
publish	Test and inspect the package	2026-10-07T08:19:01.6623706Z (pass) confirmed takeover of a non-pi process is refused, survivor unclaimed [144.52ms]
publish	Test and inspect the package	2026-10-07T08:19:02.1723891Z (pass) confirmed takeover SIGTERMs a pi-shaped owner, verifies exit, claims [509.98ms]
publish	Test and inspect the package	2026-10-07T08:19:02.6892626Z (pass) owner surviving SIGTERM is never claimed [516.92ms]
publish	Test and inspect the package	2026-10-07T08:19:02.8347954Z (pass) recycled pid is unlinked without signaling the innocent occupant [145.48ms]
publish	Test and inspect the package	2026-10-07T08:19:02.9814630Z (pass) heartbeat refresh is throttled and owner-scoped [146.64ms]
publish	Test and inspect the package	2026-10-07T08:19:03.2657729Z (pass) /glla owner reports unclaimed / self / live holder [284.33ms]
publish	Test and inspect the package	2026-10-07T08:19:03.2816027Z (pass) /glla takeover end to end reclaims a dead root via command [15.80ms]
publish	Test and inspect the package	2026-10-07T08:19:03.4251657Z (pass) /glla takeover aborts on dismissed confirm without signaling [143.54ms]
publish	Test and inspect the package	2026-10-07T08:19:03.4385794Z (pass) source pins the new escape hatches on both read-only warnings [13.38ms]
publish	Test and inspect the package	2026-10-07T08:19:03.5845781Z (pass) audit-2026-09-06: takeover re-verifies the occupant at signal time [145.95ms]
publish	Test and inspect the package	2026-10-07T08:19:03.5846301Z 
publish	Test and inspect the package	2026-10-07T08:19:03.5846706Z ##[endgroup]
publish	Test and inspect the package	2026-10-07T08:19:03.5851665Z 
publish	Test and inspect the package	2026-10-07T08:19:03.5852197Z ##[group]tests/retry-bounds.test.ts:
publish	Test and inspect the package	2026-10-07T08:19:03.8890076Z (pass) E2: persisted auditInfraStreak field (type + schema) [0.43ms]
publish	Test and inspect the package	2026-10-07T08:19:03.9251398Z (pass) E2: auditor infra errors enter the durable bounded retry plan (v0.34.51 — no 3-strike stop) [35.81ms]
publish	Test and inspect the package	2026-10-07T08:19:03.9322634Z (pass) main recovery remains unbounded but auditor retries retain their fixed horizon [7.24ms]
publish	Test and inspect the package	2026-10-07T08:19:03.9330875Z (pass) v0.36.0: aggressive auditor disapprovals become durable TODOs and stop on repeated no-progress [0.87ms]
publish	Test and inspect the package	2026-10-07T08:19:03.9333891Z (pass) E3: send-retry re-arms counted, ledgered, escalated [0.34ms]
publish	Test and inspect the package	2026-10-07T08:19:03.9338092Z (pass) v0.28.29: busy-retry cadence backs off (no more flat 50ms spins) [0.41ms]
publish	Test and inspect the package	2026-10-07T08:19:03.9346806Z (pass) v0.28.29: escalation is TIME-based and ACTIVITY-gated (busy ≠ wedged — the polis false positive) [0.83ms]
publish	Test and inspect the package	2026-10-07T08:19:03.9356748Z (pass) E3: provider-held send storms enter durable main-model recovery [1.00ms]
publish	Test and inspect the package	2026-10-07T08:19:03.9380924Z (pass) E8: the error brake carries the REAL error text, not stopReason [2.40ms]
publish	Test and inspect the package	2026-10-07T08:19:03.9391258Z (pass) v0.34.26: output-token-limit provider errors are classified as a deterministic wall, not a flake [1.01ms]
publish	Test and inspect the package	2026-10-07T08:19:03.9392655Z (pass) v0.34.36: a loop whose continuation never starts is durably stopped and resumable [0.16ms]
publish	Test and inspect the package	2026-10-07T08:19:03.9398032Z (pass) v0.34.51: stored-claim auditor retries enter the durable plan on ANY infra error [0.45ms]
publish	Test and inspect the package	2026-10-07T08:19:03.9410326Z (pass) v0.34.26: length-continue exhaustion is a durable paused state, not a transient notify [1.13ms]
publish	Test and inspect the package	2026-10-07T08:19:03.9422693Z (pass) E8: user aborts braked SEPARATELY — honest message, no auto-resume [1.21ms]
publish	Test and inspect the package	2026-10-07T08:19:03.9438436Z (pass) E8: provider-error brake gets ONE capped escalating auto-resume with reason re-check (v0.28.25) [1.56ms]
publish	Test and inspect the package	2026-10-07T08:19:03.9449196Z (pass) v0.28.25: inter-error retries ride an exponential ladder, not the immediate continuation [1.07ms]
publish	Test and inspect the package	2026-10-07T08:19:03.9476221Z (pass) v0.28.26: quota-blocked audits store the claim + the retry re-runs the AUDITOR directly (no agent turn) [2.66ms]
publish	Test and inspect the package	2026-10-07T08:19:03.9479890Z (pass) v0.28.26: pendingCompletion typed + schematized [0.38ms]
publish	Test and inspect the package	2026-10-07T08:19:03.9480291Z 
publish	Test and inspect the package	2026-10-07T08:19:03.9480656Z ##[endgroup]
publish	Test and inspect the package	2026-10-07T08:19:03.9485329Z 
publish	Test and inspect the package	2026-10-07T08:19:03.9485890Z ##[group]tests/goal-loop-dispatch.test.ts:
publish	Test and inspect the package	2026-10-07T08:19:04.2545180Z (pass) dispatch starts prepared and only accepted records can time out [0.30ms]
publish	Test and inspect the package	2026-10-07T08:19:04.2564891Z (pass) start proof is generation/owner-bound and prompt matching is exact to the attempt marker [0.11ms]
publish	Test and inspect the package	2026-10-07T08:19:04.2566162Z (pass) dispatch sidecar is atomic and recoverable across a session boundary [1.22ms]
publish	Test and inspect the package	2026-10-07T08:19:04.2567143Z (pass) corrupt or unknown sidecar records are ignored [0.32ms]
publish	Test and inspect the package	2026-10-07T08:19:04.2567551Z 
publish	Test and inspect the package	2026-10-07T08:19:04.2568013Z ##[endgroup]
publish	Test and inspect the package	2026-10-07T08:19:04.2568237Z 
publish	Test and inspect the package	2026-10-07T08:19:04.2568663Z ##[group]tests/respec-builder.test.ts:
publish	Test and inspect the package	2026-10-07T08:19:04.5579175Z (pass) replanning receives the missing contract evidence when semantic approval is rejected [0.89ms]
publish	Test and inspect the package	2026-10-07T08:19:04.5588003Z (pass) task completion is only a claim; approving one batch leaves the project unfinished [0.45ms]
publish	Test and inspect the package	2026-10-07T08:19:04.5589507Z (pass) failed, contradictory and infrastructure verdicts cannot close requirements [0.26ms]
publish	Test and inspect the package	2026-10-07T08:19:04.5590824Z (pass) stale worker results and incomplete batches cannot trigger settlement [0.66ms]
publish	Test and inspect the package	2026-10-07T08:19:04.5592803Z (pass) blocked requirements stay unfinished and visible through planning and serialization [0.37ms]
publish	Test and inspect the package	2026-10-07T08:19:04.5598373Z (pass) draft adoption rejects empty criteria and ignores supplied agent verification status [0.23ms]
publish	Test and inspect the package	2026-10-07T08:19:04.5600007Z (pass) increment audits carry acceptance criteria and regressions into the production auditor prompt [1.01ms]
publish	Test and inspect the package	2026-10-07T08:19:04.5601455Z (pass) scope refinement invalidates in-flight claims and records explicit removals [0.31ms]
publish	Test and inspect the package	2026-10-07T08:19:04.5602489Z (pass) blocking a batch retains its work and unblocking requires a concrete reason [0.33ms]
publish	Test and inspect the package	2026-10-07T08:19:04.5617330Z (pass) a negative regression audit reopens earlier capabilities instead of displaying stale verification [0.22ms]
publish	Test and inspect the package	2026-10-07T08:19:04.5618091Z 
publish	Test and inspect the package	2026-10-07T08:19:04.5618563Z ##[endgroup]
publish	Test and inspect the package	2026-10-07T08:19:04.5970536Z 
publish	Test and inspect the package	2026-10-07T08:19:04.5972190Z ##[group]tests/loop-forever.test.ts:
publish	Test and inspect the package	2026-10-07T08:19:04.8985228Z (pass) isLifecycleHeldLoopReason separates recoverable lifecycle holds from deliberate/safety stops [0.29ms]
publish	Test and inspect the package	2026-10-07T08:19:04.8989175Z (pass) parseMetric: plain integer [0.05ms]
publish	Test and inspect the package	2026-10-07T08:19:04.8989949Z (pass) parseMetric: number inside text [0.04ms]
publish	Test and inspect the package	2026-10-07T08:19:04.8990498Z (pass) parseMetric: negative + scientific [0.07ms]
publish	Test and inspect the package	2026-10-07T08:19:04.8991378Z (pass) parseMetric: no number → null (broken measure is a stall, not a crash) [0.03ms]
publish	Test and inspect the package	2026-10-07T08:19:04.8991942Z (pass) parseMetric: takes the FIRST number [0.03ms]
publish	Test and inspect the package	2026-10-07T08:19:04.8992417Z (pass) isImprovement: first value is always baseline [0.06ms]
publish	Test and inspect the package	2026-10-07T08:19:04.8992859Z (pass) isImprovement: min direction [0.03ms]
publish	Test and inspect the package	2026-10-07T08:19:04.8993254Z (pass) isImprovement: max direction [0.05ms]
publish	Test and inspect the package	2026-10-07T08:19:04.8994786Z (pass) v0.29.10 — applyMeasurement: null best (deferred audit baseline) seeds on first real measurement [0.54ms]
publish	Test and inspect the package	2026-10-07T08:19:04.8996488Z (pass) v0.35.31 exemption pin — audit flats count toward plateau from the start; non-audit pre-movement flats stay free [0.46ms]
publish	Test and inspect the package	2026-10-07T08:19:04.8997451Z (pass) v0.35.31 exemption pin — an audit loop never gets the 'metric never moved' stop [0.56ms]
publish	Test and inspect the package	2026-10-07T08:19:04.9407225Z (pass) v0.29.10 — audit loop source pins: deferred baseline, true-regression note, live-loop reseed migration [40.77ms]
publish	Test and inspect the package	2026-10-07T08:19:04.9409769Z (pass) applyMeasurement: improvement resets stall, records best [0.26ms]
publish	Test and inspect the package	2026-10-07T08:19:04.9410901Z (pass) applyMeasurement: non-improvement increments stall [0.10ms]
publish	Test and inspect the package	2026-10-07T08:19:04.9412674Z (pass) applyMeasurement: broken measure (null) is NOT a stall — tracked separately (E5) [0.09ms]
publish	Test and inspect the package	2026-10-07T08:19:04.9414102Z (pass) applyMeasurement: a numeric value resets the null streak (E5) [0.07ms]
publish	Test and inspect the package	2026-10-07T08:19:04.9415502Z (pass) applyMeasurement: plateauWindow consecutive nulls stop with 'measure command broken', NOT plateau (E5) [0.19ms]
publish	Test and inspect the package	2026-10-07T08:19:04.9417223Z (pass) applyMeasurement: an interleaved null does not move the real stall count (E5) [0.12ms]
publish	Test and inspect the package	2026-10-07T08:19:04.9418297Z (pass) applyMeasurement: plateau stops the loop [0.08ms]
publish	Test and inspect the package	2026-10-07T08:19:04.9423616Z (pass) v0.35.31 — a never-moved zero baseline does not false-plateau a working min loop [0.34ms]
publish	Test and inspect the package	2026-10-07T08:19:04.9425302Z (pass) v0.35.31 — the never-moved grace is bounded by a loud distinct stop [0.21ms]
publish	Test and inspect the package	2026-10-07T08:19:04.9426809Z (pass) v0.35.31 — a resumed run whose best differs from its first reading still plateaus honestly [0.06ms]
publish	Test and inspect the package	2026-10-07T08:19:04.9427633Z (pass) applyMeasurement: max iterations stops the loop [0.06ms]
publish	Test and inspect the package	2026-10-07T08:19:04.9428325Z (pass) applyMeasurement: plateau wins over cap when both hit [0.05ms]
publish	Test and inspect the package	2026-10-07T08:19:04.9428985Z (pass) applyMeasurement: history is capped at 200 [0.28ms]
publish	Test and inspect the package	2026-10-07T08:19:04.9429547Z (pass) parseLoopStartArgs: full form [0.26ms]
publish	Test and inspect the package	2026-10-07T08:19:04.9430148Z (pass) parseLoopStartArgs: defaults for window and max [0.13ms]
publish	Test and inspect the package	2026-10-07T08:19:04.9430753Z (pass) parseLoopStartArgs: unquoted target works [0.08ms]
publish	Test and inspect the package	2026-10-07T08:19:04.9431548Z (pass) parseLoopStartArgs: bare start (no measure=) is the infinite metricless form (v0.23.6) [0.08ms]
publish	Test and inspect the package	2026-10-07T08:19:04.9437296Z (pass) parseLoopStartArgs: direction= without a measure throws [0.53ms]
publish	Test and inspect the package	2026-10-07T08:19:04.9438155Z (pass) parseLoopStartArgs: missing direction throws [0.13ms]
publish	Test and inspect the package	2026-10-07T08:19:04.9440321Z (pass) parseLoopStartArgs: missing target throws [0.13ms]
publish	Test and inspect the package	2026-10-07T08:19:04.9443238Z (pass) parseLoopStartArgs: measure with pipes/quotes survives [0.12ms]
publish	Test and inspect the package	2026-10-07T08:19:04.9444591Z (pass) parseLoopStartArgs: branch flag off by default [0.07ms]
publish	Test and inspect the package	2026-10-07T08:19:04.9455390Z (pass) parseLoopStartArgs: branch=1 / branch=true enable branch mode [0.19ms]
publish	Test and inspect the package	2026-10-07T08:19:04.9456557Z (pass) applyMeasurement: time bound stops when elapsed hours exceeded [0.15ms]
publish	Test and inspect the package	2026-10-07T08:19:04.9457894Z (pass) applyMeasurement: time bound does not stop before the limit [0.09ms]
publish	Test and inspect the package	2026-10-07T08:19:04.9459018Z (pass) applyMeasurement: token budget stops when exhausted [0.29ms]
publish	Test and inspect the package	2026-10-07T08:19:04.9460263Z (pass) applyMeasurement: no bound = process never 'completes' (v0.15.0) [0.07ms]
publish	Test and inspect the package	2026-10-07T08:19:04.9461451Z (pass) parseLoopStartArgs: done= throws a teaching error (v0.15.0) [0.12ms]
publish	Test and inspect the package	2026-10-07T08:19:04.9462387Z (pass) parseLoopStartArgs: time=, tokens=, and cadence= parse as bounded controls [0.25ms]
publish	Test and inspect the package	2026-10-07T08:19:04.9463693Z (pass) parseLoopStartArgs: force flag off by default, on with 1/true [0.19ms]
publish	Test and inspect the package	2026-10-07T08:19:04.9464324Z (pass) loopBranchName: format is pi-glla-loop/<timestamp>-<slug> [0.07ms]
publish	Test and inspect the package	2026-10-07T08:19:04.9465330Z (pass) loopBranchName: empty slug falls back to 'loop' [0.04ms]
publish	Test and inspect the package	2026-10-07T08:19:04.9465910Z (pass) loopBranchName: slug is capped at 30 chars [0.11ms]
publish	Test and inspect the package	2026-10-07T08:19:04.9466597Z (pass) applyRefinement: target-only change keeps baseline and stall state [0.18ms]
publish	Test and inspect the package	2026-10-07T08:19:04.9467645Z (pass) applyRefinement: measure change re-baselines and resets stall [0.08ms]
publish	Test and inspect the package	2026-10-07T08:19:04.9468388Z (pass) parseLoopStartArgs: measure=none yields a metricless config [0.10ms]
publish	Test and inspect the package	2026-10-07T08:19:04.9469452Z (pass) parseLoopStartArgs: measure=NONE is case-insensitive [0.12ms]
publish	Test and inspect the package	2026-10-07T08:19:04.9470352Z (pass) parseLoopStartArgs: direction with measure=none throws [0.10ms]
publish	Test and inspect the package	2026-10-07T08:19:04.9471429Z (pass) parseLoopStartArgs: explicit max= caps even a metricless loop [0.07ms]
publish	Test and inspect the package	2026-10-07T08:19:04.9472818Z (pass) parseLoopStartArgs: max=0 = truly unbounded; absent max = 50 [0.11ms]
publish	Test and inspect the package	2026-10-07T08:19:04.9473851Z (pass) applyMetriclessTick: iterates without plateau and never improves [0.17ms]
publish	Test and inspect the package	2026-10-07T08:19:04.9475004Z (pass) applyMetriclessTick: max iterations still stops the loop [0.11ms]
publish	Test and inspect the package	2026-10-07T08:19:04.9476506Z (pass) applyMetriclessTick: time and token bounds still stop the loop [0.23ms]
publish	Test and inspect the package	2026-10-07T08:19:04.9480502Z (pass) v0.35.72: all loop measure entry points are bounded and reject failed numeric output [0.37ms]
publish	Test and inspect the package	2026-10-07T08:19:04.9482196Z (pass) applyMeasurement: max=0 = no iteration cap for measured loops either [0.15ms]
publish	Test and inspect the package	2026-10-07T08:19:04.9487801Z (pass) resolveSpecFile: finds SPEC.md in root, prefers it over spec.md [0.52ms]
publish	Test and inspect the package	2026-10-07T08:19:04.9492187Z (pass) resolveSpecFile: spec.md fallback; null when absent; root only (no subdir crawl) [0.39ms]
publish	Test and inspect the package	2026-10-07T08:19:04.9494000Z (pass) respecTarget: names the spec, Rules binding, rest follows code, rotates implement/audit [0.21ms]
publish	Test and inspect the package	2026-10-07T08:19:04.9495002Z (pass) respecTarget bootstrapping: big draft first, then reconcile [0.08ms]
publish	Test and inspect the package	2026-10-07T08:19:04.9500399Z (pass) resolveSpecFiles: returns all root specs in priority order (v0.24.4) [0.45ms]
publish	Test and inspect the package	2026-10-07T08:19:04.9503082Z (pass) parseLoopStartArgs: toolsamerepeat=N parses; 0 disables the legacy check [0.17ms]
publish	Test and inspect the package	2026-10-07T08:19:04.9551786Z (pass) v0.29.0: /loop audit — metric loop over open findings; plateau = the well is dry [4.68ms]
publish	Test and inspect the package	2026-10-07T08:19:04.9601085Z (pass) v0.35.4: auditMeasureCmd counts closed FIX findings only (DECIDED/DEFERRED excluded) [4.95ms]
publish	Test and inspect the package	2026-10-07T08:19:04.9607414Z (pass) v0.35.4: countOpenAuditFindings/topOpenAuditFinding tolerate aligned open boxes [0.72ms]
publish	Test and inspect the package	2026-10-07T08:19:04.9646946Z (pass) v0.38.33: indented boxes count and queue identically across all four readers [3.83ms]
publish	Test and inspect the package	2026-10-07T08:19:04.9652139Z (pass) v0.38.33: topOpenAuditFinding strips the indent, never the text [0.60ms]
publish	Test and inspect the package	2026-10-07T08:19:04.9656670Z (pass) L7: countCheckedSpecItems counts indented boxes like its siblings [0.46ms]
publish	Test and inspect the package	2026-10-07T08:19:04.9657986Z (pass) L6 (pin): a fired loop timer clears its handle before any early return [0.18ms]
publish	Test and inspect the package	2026-10-07T08:19:04.9659282Z (pass) L5 (pin): the loop-turn send and retry payload share one prompt build [0.15ms]
publish	Test and inspect the package	2026-10-07T08:19:04.9661516Z (pass) v0.35.4: parseLoopStartArgs keeps =-bearing text inside quotes and restores unknown keys [0.19ms]
publish	Test and inspect the package	2026-10-07T08:19:04.9664822Z (pass) v0.35.42 — the flat-reading grace applies in a NEW measure era despite old-era improvements [0.26ms]
publish	Test and inspect the package	2026-10-07T08:19:04.9666325Z (pass) v0.35.42 — a dead NEW metric still earns its never-moved stop after a refine [0.18ms]
publish	Test and inspect the package	2026-10-07T08:19:04.9666936Z 
publish	Test and inspect the package	2026-10-07T08:19:04.9667423Z ##[endgroup]
publish	Test and inspect the package	2026-10-07T08:19:04.9673405Z 
publish	Test and inspect the package	2026-10-07T08:19:04.9674678Z ##[group]tests/audit-unsettled-treadmill-cap.test.ts:
publish	Test and inspect the package	2026-10-07T08:19:05.2715781Z (pass) countTrailingUnsettledRounds — all verdict classes > counts disapprovals, and an approval breaks the streak [0.48ms]
publish	Test and inspect the package	2026-10-07T08:19:05.2722550Z (pass) countTrailingUnsettledRounds — all verdict classes > counts a regression-shield block, which the disapproval cap cannot see [0.14ms]
publish	Test and inspect the package	2026-10-07T08:19:05.2726108Z (pass) countTrailingUnsettledRounds — all verdict classes > counts an IMPOSSIBLE(partial) verdict [0.15ms]
publish	Test and inspect the package	2026-10-07T08:19:05.2727955Z (pass) countTrailingUnsettledRounds — all verdict classes > an infra error is transparent; a clean approval of a shielded round is NOT [0.40ms]
publish	Test and inspect the package	2026-10-07T08:19:05.2729247Z (pass) countTrailingUnsettledRounds — all verdict classes > a mechanical pre-audit gate row stays transparent [0.16ms]
publish	Test and inspect the package	2026-10-07T08:19:05.2730923Z (pass) grader alternation no longer defeats the hard cap > an alternating primary/fallback streak is detected as unstable [0.15ms]
publish	Test and inspect the package	2026-10-07T08:19:05.2732732Z (pass) grader alternation no longer defeats the hard cap > a single-grader streak is still reported stable [0.10ms]
publish	Test and inspect the package	2026-10-07T08:19:05.9636442Z (pass) regression shield — the branch the cap could not see > shield blocks pause at the hard cap instead of re-continuing forever [693.80ms]
publish	Test and inspect the package	2026-10-07T08:19:05.9637774Z 
publish	Test and inspect the package	2026-10-07T08:19:05.9638246Z ##[endgroup]
publish	Test and inspect the package	2026-10-07T08:19:05.9639241Z 
publish	Test and inspect the package	2026-10-07T08:19:05.9639884Z ##[group]tests/post-drafting-stuck.test.ts:
publish	Test and inspect the package	2026-10-07T08:19:06.3335904Z (pass) post-drafting: complete_goal storage failure returns an error, never a wait narrative [64.38ms]
publish	Test and inspect the package	2026-10-07T08:19:06.5638016Z (pass) post-drafting: resume_goal resumes a paused auditor-retry list item [230.51ms]
publish	Test and inspect the package	2026-10-07T08:19:06.5656080Z (pass) post-drafting: auditor retry waits after the eager probe are capped at 15 minutes [0.87ms]
publish	Test and inspect the package	2026-10-07T08:19:06.5657501Z (pass) post-drafting: recovery-wait surfaces name resume_goal as the agent path [0.65ms]
publish	Test and inspect the package	2026-10-07T08:19:06.5660688Z 
publish	Test and inspect the package	2026-10-07T08:19:06.5661657Z ##[endgroup]
publish	Test and inspect the package	2026-10-07T08:19:06.5663234Z 
publish	Test and inspect the package	2026-10-07T08:19:06.5665624Z ##[group]tests/test-split.test.ts:
publish	Test and inspect the package	2026-10-07T08:19:06.8678359Z (pass) test-split: every slow-listed file exists and is a test file [0.62ms]
publish	Test and inspect the package	2026-10-07T08:19:06.8689622Z (pass) test-split: fast mode excludes via one ignore pattern per slow file [0.28ms]
publish	Test and inspect the package	2026-10-07T08:19:06.8690678Z (pass) test-split: explicit paths drop the ignore patterns [0.12ms]
publish	Test and inspect the package	2026-10-07T08:19:06.8691667Z (pass) test-split: slow mode names the files; all mode passes through [0.17ms]
publish	Test and inspect the package	2026-10-07T08:19:06.8692667Z (pass) runner: the stall window is bounded and overridable [0.19ms]
publish	Test and inspect the package	2026-10-07T08:19:06.8693935Z (pass) runner: silence past the window stalls, progress resets the clock [0.17ms]
publish	Test and inspect the package	2026-10-07T08:19:06.8694943Z (pass) runner: the wrapper owns its child (no orphan on abort) [0.24ms]
publish	Test and inspect the package	2026-10-07T08:19:06.8695985Z (pass) runner: the hand-written .d.mts declares every runtime export (drift guard) [0.46ms]
publish	Test and inspect the package	2026-10-07T08:19:06.9054116Z (pass) v0.38.104: the suite child is detached so the documented group-kill is real [36.57ms]
publish	Test and inspect the package	2026-10-07T08:19:07.0328972Z (pass) v0.38.104: the release gate runs the hardened runner, and CI bounds both jobs [127.53ms]
publish	Test and inspect the package	2026-10-07T08:19:07.0402707Z (pass) v0.38.104: no test gates itself on the removed @tintinweb fork [7.34ms]
publish	Test and inspect the package	2026-10-07T08:19:07.0404898Z (pass) v0.38.104: tests/README.md does not claim npm test runs the whole suite [0.33ms]
publish	Test and inspect the package	2026-10-07T08:19:07.0405357Z 
publish	Test and inspect the package	2026-10-07T08:19:07.0405733Z ##[endgroup]
publish	Test and inspect the package	2026-10-07T08:19:07.0410187Z 
publish	Test and inspect the package	2026-10-07T08:19:07.0410734Z ##[group]tests/repair-source-consume-durability.test.ts:
publish	Test and inspect the package	2026-10-07T08:19:07.3981425Z (pass) failed repair-source deletion restores the durable repair link [52.42ms]
publish	Test and inspect the package	2026-10-07T08:19:07.3981872Z 
publish	Test and inspect the package	2026-10-07T08:19:07.3982220Z ##[endgroup]
publish	Test and inspect the package	2026-10-07T08:19:07.3985273Z 
publish	Test and inspect the package	2026-10-07T08:19:07.3985837Z ##[group]tests/owner-file-protocol.test.ts:
publish	Test and inspect the package	2026-10-07T08:19:07.6984512Z (pass) Windows replacement retries a sharing violation without unlinking the previous owner [2.11ms]
publish	Test and inspect the package	2026-10-07T08:19:08.4206586Z [run-tests] progress: 420s elapsed · 1s since last output · 208 KiB of suite output
publish	Test and inspect the package	2026-10-07T08:19:09.0785530Z (pass) competing Node processes serialize owner mutations and publish only complete records [1382.14ms]
publish	Test and inspect the package	2026-10-07T08:19:09.1973873Z (pass) a live mutation times out contenders; SIGKILL recovery never removes a successor lock [118.80ms]
publish	Test and inspect the package	2026-10-07T08:19:09.1976175Z (pass) Windows participant read retries denial but preserves malformed-record refusal [0.33ms]
publish	Test and inspect the package	2026-10-07T08:19:09.1976658Z 
publish	Test and inspect the package	2026-10-07T08:19:09.1977053Z ##[endgroup]
publish	Test and inspect the package	2026-10-07T08:19:09.1983700Z 
publish	Test and inspect the package	2026-10-07T08:19:09.1984268Z ##[group]tests/repair-card-loop-block.test.ts:
publish	Test and inspect the package	2026-10-07T08:19:09.7922376Z (pass) v0.35.22: activating a queued item under a LIVE loop refuses LOUDLY — warning names the queued item and the way out [286.96ms]
publish	Test and inspect the package	2026-10-07T08:19:10.2735794Z (pass) v0.35.22: when the loop ends, the blocked item becomes startable — /loop stop advances the queue [477.53ms]
publish	Test and inspect the package	2026-10-07T08:19:10.6669139Z (pass) v0.35.41: the stuck-ladder stop also announces queued-list resumption [397.27ms]
publish	Test and inspect the package	2026-10-07T08:19:11.9585520Z (pass) v0.35.41: the provider-error cap stop also announces queued-list resumption [1291.47ms]
publish	Test and inspect the package	2026-10-07T08:19:11.9586923Z 
publish	Test and inspect the package	2026-10-07T08:19:11.9587851Z ##[endgroup]
publish	Test and inspect the package	2026-10-07T08:19:11.9589480Z 
publish	Test and inspect the package	2026-10-07T08:19:11.9590202Z ##[group]tests/draft-template-failure.test.ts:
publish	Test and inspect the package	2026-10-07T08:19:12.2665156Z (pass) drafting gate is claimed only after prompt construction [0.48ms]
publish	Test and inspect the package	2026-10-07T08:19:12.2674583Z (pass) the post-claim model failure still clears drafting state before rethrow [0.24ms]
publish	Test and inspect the package	2026-10-07T08:19:12.2701152Z 
publish	Test and inspect the package	2026-10-07T08:19:12.2701830Z ##[endgroup]
publish	Test and inspect the package	2026-10-07T08:19:12.2702234Z 
publish	Test and inspect the package	2026-10-07T08:19:12.2703156Z ##[group]tests/main-model-recovery.test.ts:
publish	Test and inspect the package	2026-10-07T08:19:12.5725293Z (pass) main model refs preserve order, dedupe, and support nested model ids [0.43ms]
publish	Test and inspect the package	2026-10-07T08:19:12.5738924Z (pass) main model fallback candidates are ordered and never retried in a cycle [0.20ms]
publish	Test and inspect the package	2026-10-07T08:19:12.5740339Z (pass) main fallback settings dedupe case-insensitively and cap the chain at ten [0.24ms]
publish	Test and inspect the package	2026-10-07T08:19:12.6246620Z (pass) runtime fallback walk uses one supervised model at a time and preserves left-to-right order [54.21ms]
publish	Test and inspect the package	2026-10-07T08:19:12.6285131Z (pass) successful fallback turns keep the preferred primary and fail back after a supervised probe [3.89ms]
publish	Test and inspect the package	2026-10-07T08:19:12.6290375Z (pass) sticky failback preserves the old fallback-settles behavior [0.66ms]
publish	Test and inspect the package	2026-10-07T08:19:12.6293471Z (pass) in-band provider output is recognized only for strong repeated-pane markers [0.31ms]
publish	Test and inspect the package	2026-10-07T08:19:12.6298784Z (pass) the explicit Codex prompt-policy event is terminal, while lookalike text remains generic [0.49ms]
publish	Test and inspect the package	2026-10-07T08:19:12.6317633Z (pass) main model errors stay opaque to the recovery policy [0.58ms]
publish	Test and inspect the package	2026-10-07T08:19:12.6319211Z (pass) main model recovery backs off without giving up [0.70ms]
publish	Test and inspect the package	2026-10-07T08:19:12.6320331Z (pass) main recovery requirements are generic across provider wording [0.15ms]
publish	Test and inspect the package	2026-10-07T08:19:12.6321578Z (pass) opaque provider request metadata cannot alter classification or fallback eligibility [0.62ms]
publish	Test and inspect the package	2026-10-07T08:19:12.6322875Z (pass) actual numeric status fields and HTTP prefixes remain classification evidence [0.26ms]
publish	Test and inspect the package	2026-10-07T08:19:12.6323991Z 
publish	Test and inspect the package	2026-10-07T08:19:12.6324364Z ##[endgroup]
publish	Test and inspect the package	2026-10-07T08:19:12.6327642Z 
publish	Test and inspect the package	2026-10-07T08:19:12.6328359Z ##[group]tests/respec-builder-audit-runtime.test.ts:
publish	Test and inspect the package	2026-10-07T08:19:12.9814258Z (pass) a stale audit wake does not resolve a model or launch a worker [48.12ms]
publish	Test and inspect the package	2026-10-07T08:19:13.0165376Z (pass) a time bound cancels an in-flight worker and retains unfinished requirements [32.96ms]
publish	Test and inspect the package	2026-10-07T08:19:13.1038685Z (pass) real detached protocol approval archives the intended project before terminal handoff [85.72ms]
publish	Test and inspect the package	2026-10-07T08:19:13.2164127Z (pass) real detached disapproval carries findings into a durable unfinished next cycle [113.83ms]
publish	Test and inspect the package	2026-10-07T08:19:13.2946104Z (pass) a semantic approval rejected by the regression shield reports needs work [80.14ms]
publish	Test and inspect the package	2026-10-07T08:19:13.3712757Z (pass) completed job is recovered after reloading an unsettled claim without another spawn [76.66ms]
publish	Test and inspect the package	2026-10-07T08:19:13.3984098Z (pass) pausing during an actual worker run prevents late approval from settling the project [27.11ms]
publish	Test and inspect the package	2026-10-07T08:19:13.7136611Z (pass) archive failure preserves approval evidence for settlement retry instead of launching another audit [315.02ms]
publish	Test and inspect the package	2026-10-07T08:19:13.9456239Z (pass) concurrent wake paths dispatch only one worker for the exact durable claim [232.10ms]
publish	Test and inspect the package	2026-10-07T08:19:14.3662472Z (pass) respec uses the shared bounded retry/fallback policy and journals its candidate cursor [420.62ms]
publish	Test and inspect the package	2026-10-07T08:19:14.3676440Z (pass) an exhausted token bound holds the project before spawning an auditor or claiming completion [1.52ms]
publish	Test and inspect the package	2026-10-07T08:19:16.2329452Z (pass) actual project lifecycle reaches detached verification through agent_end [1864.86ms]
publish	Test and inspect the package	2026-10-07T08:19:18.7075994Z (pass) actual project lifecycle reaches detached verification through /glla resume of a stalled audit [2474.64ms]
publish	Test and inspect the package	2026-10-07T08:19:18.9565560Z (pass) terminal summary delivery failure preserves a replayable durable summary [249.14ms]
publish	Test and inspect the package	2026-10-07T08:19:18.9579246Z (pass) a failed builder journal commit restores the complete prior RAM state [1.61ms]
publish	Test and inspect the package	2026-10-07T08:19:18.9588907Z (pass) a supervisor freeze prevents a new project audit dispatch [0.94ms]
publish	Test and inspect the package	2026-10-07T08:19:19.2549257Z (pass) rapid pause/resume discards the cancelled worker result and rearms the saved claim [295.85ms]
publish	Test and inspect the package	2026-10-07T08:19:19.3907826Z (pass) an undelivered project summary survives replacement by a new project [135.80ms]
publish	Test and inspect the package	2026-10-07T08:19:19.4960746Z (pass) freezing supervision between auditor attempts prevents retry and fallback dispatch [105.26ms]
publish	Test and inspect the package	2026-10-07T08:19:19.6350839Z (pass) a corrupt summary outbox prevents terminal handoff and retains approved job evidence [138.99ms]
publish	Test and inspect the package	2026-10-07T08:19:19.9562602Z (pass) project audit preserves live tool deadline and attempt clock through the real worker bridge [321.19ms]
publish	Test and inspect the package	2026-10-07T08:19:19.9563183Z 
publish	Test and inspect the package	2026-10-07T08:19:19.9563906Z ##[endgroup]
publish	Test and inspect the package	2026-10-07T08:19:19.9566001Z 
publish	Test and inspect the package	2026-10-07T08:19:19.9566592Z ##[group]tests/audit-loop-state-root.test.ts:
publish	Test and inspect the package	2026-10-07T08:19:20.3108455Z (pass) sessionDir audit target, measure, and findings helper name the selected file [40.81ms]
publish	Test and inspect the package	2026-10-07T08:19:20.3109100Z 
publish	Test and inspect the package	2026-10-07T08:19:20.3109486Z ##[endgroup]
publish	Test and inspect the package	2026-10-07T08:19:20.3111403Z 
publish	Test and inspect the package	2026-10-07T08:19:20.3112130Z ##[group]tests/subagent-model-override.test.ts:
publish	Test and inspect the package	2026-10-07T08:19:20.6641860Z (pass) current package roles are the model override surface [0.36ms]
publish	Test and inspect the package	2026-10-07T08:19:20.6647944Z (pass) build: current scout definition is preserved and uses current frontmatter names [0.77ms]
publish	Test and inspect the package	2026-10-07T08:19:20.6663687Z (pass) build: an explicit worker pin preserves its complete upstream definition [0.70ms]
publish	Test and inspect the package	2026-10-07T08:19:20.6665139Z (pass) build: unknown agent name throws [0.45ms]
publish	Test and inspect the package	2026-10-07T08:19:20.6667409Z (pass) sync: no upstream model pin means only the GLLA Designer role is created [0.77ms]
publish	Test and inspect the package	2026-10-07T08:19:20.6675333Z (pass) sync: explicit current-role pin wins over strategy and is idempotent [0.79ms]
publish	Test and inspect the package	2026-10-07T08:19:20.6684081Z (pass) sync: clearing a current-role pin removes only GLLA-owned content [0.87ms]
publish	Test and inspect the package	2026-10-07T08:19:20.6690043Z (pass) sync: user-owned current role is never overwritten [0.62ms]
publish	Test and inspect the package	2026-10-07T08:19:20.6696339Z (pass) sync: legacy managed files are cleaned only when marked [0.66ms]
publish	Test and inspect the package	2026-10-07T08:19:20.6705654Z (pass) sync: missing or altered Designer definitions are repaired and flagged [0.87ms]
publish	Test and inspect the package	2026-10-07T08:19:20.6707288Z (pass) defaultAgentDir follows PI_CODING_AGENT_DIR when the host overrides it [0.19ms]
publish	Test and inspect the package	2026-10-07T08:19:20.6710533Z (pass) drift: every current built-in ships without a hidden model pin [0.30ms]
publish	Test and inspect the package	2026-10-07T08:19:20.6719819Z (pass) build+sync: a thinking pin writes a thinking-only override that inherits the model [0.90ms]
publish	Test and inspect the package	2026-10-07T08:19:20.6720526Z 
publish	Test and inspect the package	2026-10-07T08:19:20.6721004Z ##[endgroup]
publish	Test and inspect the package	2026-10-07T08:19:20.6724948Z 
publish	Test and inspect the package	2026-10-07T08:19:20.6725497Z ##[group]tests/retry-armed-display.test.ts:
publish	Test and inspect the package	2026-10-07T08:19:20.9652794Z (pass) 151113: supervised auditor wait with armed retry renders recovering, not paused [1.92ms]
publish	Test and inspect the package	2026-10-07T08:19:20.9657213Z (pass) 151113: status line keeps the auto-retrying countdown for the armed wait [0.46ms]
publish	Test and inspect the package	2026-10-07T08:19:20.9658941Z (pass) 151113: bare user wait with no armed retry still renders paused, never recovering [0.75ms]
publish	Test and inspect the package	2026-10-07T08:19:20.9659879Z 
publish	Test and inspect the package	2026-10-07T08:19:20.9660595Z ##[endgroup]
publish	Test and inspect the package	2026-10-07T08:19:20.9991185Z 
publish	Test and inspect the package	2026-10-07T08:19:20.9993985Z ##[group]tests/stats-reliability.test.ts:
publish	Test and inspect the package	2026-10-07T08:19:21.3538891Z (pass) reliability derives an open failure episode and elapsed audit cost without counting repeated snapshots [1.14ms]
publish	Test and inspect the package	2026-10-07T08:19:21.3541007Z (pass) successful semantic review or terminal archive resolves failure age; missing samples stay unknown [0.31ms]
publish	Test and inspect the package	2026-10-07T08:19:21.3542722Z (pass) recovery-only state preserves failure age and future/malformed timestamps remain unknown [0.25ms]
publish	Test and inspect the package	2026-10-07T08:19:21.3543726Z 
publish	Test and inspect the package	2026-10-07T08:19:21.3544088Z ##[endgroup]
publish	Test and inspect the package	2026-10-07T08:19:21.3547770Z 
publish	Test and inspect the package	2026-10-07T08:19:21.3548259Z ##[group]tests/transcript-replay.test.ts:
publish	Test and inspect the package	2026-10-07T08:19:21.7065311Z (pass) replay transcript 1: NEW detector says NOT stuck (item 11) [0.31ms]
publish	Test and inspect the package	2026-10-07T08:19:21.7067080Z (pass) replay transcript 2: NEW detector says NOT stuck (item 11) [0.04ms]
publish	Test and inspect the package	2026-10-07T08:19:21.7068851Z (pass) replay transcripts: OLD detector WOULD have flagged both (the false positive being fixed) [0.83ms]
publish	Test and inspect the package	2026-10-07T08:19:21.7070831Z (pass) replay transcripts without the shipped work: narrate-but-don't-ship is still stuck [0.22ms]
publish	Test and inspect the package	2026-10-07T08:19:21.7071494Z 
publish	Test and inspect the package	2026-10-07T08:19:21.7071974Z ##[endgroup]
publish	Test and inspect the package	2026-10-07T08:19:21.7076577Z 
publish	Test and inspect the package	2026-10-07T08:19:21.7077347Z ##[group]tests/stale-event-context.test.ts:
publish	Test and inspect the package	2026-10-07T08:19:22.0571213Z (pass) late agent_settled events with stale contexts are ignored safely [4.22ms]
publish	Test and inspect the package	2026-10-07T08:19:22.0572175Z 
publish	Test and inspect the package	2026-10-07T08:19:22.0572620Z ##[endgroup]
publish	Test and inspect the package	2026-10-07T08:19:22.0574550Z 
publish	Test and inspect the package	2026-10-07T08:19:22.0575143Z ##[group]tests/same-process-successor-resume.test.ts:
publish	Test and inspect the package	2026-10-07T08:19:22.7529898Z (pass) same-process successor resumes a held ACTIVE goal — the list/goal asymmetry fix [398.71ms]
publish	Test and inspect the package	2026-10-07T08:19:23.1013616Z (pass) same-process successor auto-retries a parked completion-audit claim — auditor consent parity [347.31ms]
publish	Test and inspect the package	2026-10-07T08:19:23.4808253Z (pass) different-pid crash successor still HOLDS the goal — the cold-load law stands [380.52ms]
publish	Test and inspect the package	2026-10-07T08:19:23.4809521Z 
publish	Test and inspect the package	2026-10-07T08:19:23.4810287Z ##[endgroup]
publish	Test and inspect the package	2026-10-07T08:19:23.4851519Z 
publish	Test and inspect the package	2026-10-07T08:19:23.4865541Z ##[group]tests/postaudit-surface.test.ts:
publish	Test and inspect the package	2026-10-07T08:19:23.8086744Z (pass) fireReviewer emits a SECOND notify with the review file path after the cascade [0.33ms]
publish	Test and inspect the package	2026-10-07T08:19:23.8088289Z (pass) surface-notify branch is preceded by the existing manual-suppressed notify [0.32ms]
publish	Test and inspect the package	2026-10-07T08:19:23.8089465Z (pass) postaudit settings key takes precedence over legacy reviewer key (fireReviewer) [0.13ms]
publish	Test and inspect the package	2026-10-07T08:19:23.8439592Z (pass) Settings type accepts both reviewer and postaudit keys [34.83ms]
publish	Test and inspect the package	2026-10-07T08:19:23.8440423Z (pass) SETTINGS_KEYS includes postaudit and toolOverrides [0.08ms]
publish	Test and inspect the package	2026-10-07T08:19:23.8441219Z (pass) /glla postaudit opens the same menu as /glla reviewer (no behavioral split) [0.07ms]
publish	Test and inspect the package	2026-10-07T08:19:23.8442503Z (pass) /glla routes reviewer (legacy) and postaudit (new) without completion rows [0.31ms]
publish	Test and inspect the package	2026-10-07T08:19:23.8444829Z (pass) resolveReviewerConfig: postaudit and reviewer blocks merge equivalently [0.20ms]
publish	Test and inspect the package	2026-10-07T08:19:23.8446711Z (pass) goal-loop-continuation prompt carries the 0.27.5 chunk-near-context-full hint [0.20ms]
publish	Test and inspect the package	2026-10-07T08:19:23.8447199Z 
publish	Test and inspect the package	2026-10-07T08:19:23.8447557Z ##[endgroup]
publish	Test and inspect the package	2026-10-07T08:19:23.8451108Z 
publish	Test and inspect the package	2026-10-07T08:19:23.8451602Z ##[group]tests/active-liveness.test.ts:
publish	Test and inspect the package	2026-10-07T08:19:24.2118958Z (pass) headLifesign falls back to host stream silence with the same bands [0.54ms]
publish	Test and inspect the package	2026-10-07T08:19:24.2120654Z (pass) tracked rows win over the stream fallback [0.13ms]
publish	Test and inspect the package	2026-10-07T08:19:24.2126631Z (pass) active head shows main-model stream age without tracked rows [0.83ms]
publish	Test and inspect the package	2026-10-07T08:19:24.2132322Z (pass) stale main-model stream paints the head error, aging paints warning [0.54ms]
publish	Test and inspect the package	2026-10-07T08:19:24.2134599Z (pass) future or missing stream evidence invents no head readout [0.22ms]
publish	Test and inspect the package	2026-10-07T08:19:24.2141086Z (pass) stamped last action carries bucketed recency [0.64ms]
publish	Test and inspect the package	2026-10-07T08:19:24.2146966Z (pass) unstamped or future-stamped actions carry no recency [0.55ms]
publish	Test and inspect the package	2026-10-07T08:19:24.2147813Z 
publish	Test and inspect the package	2026-10-07T08:19:24.2148574Z ##[endgroup]
publish	Test and inspect the package	2026-10-07T08:19:24.2153597Z 
publish	Test and inspect the package	2026-10-07T08:19:24.2154006Z ##[group]tests/real-host-canary.test.ts:
publish	Test and inspect the package	2026-10-07T08:19:24.5862352Z (pass) real-host canary reports an explicit skip without opt-in or spawning Pi [70.39ms]
publish	Test and inspect the package	2026-10-07T08:19:24.6889407Z (pass) opt-in canary installs its request guard and records bounded host evidence (stub host) [102.76ms]
publish	Test and inspect the package	2026-10-07T08:19:25.6595093Z (pass) generated canary uses actual Pi dispatcher and allowed transport behavior [970.35ms]
publish	Test and inspect the package	2026-10-07T08:19:26.5734401Z (pass) generated canary uses actual Pi dispatcher and unknown-price transport behavior [914.05ms]
publish	Test and inspect the package	2026-10-07T08:19:27.4507389Z (pass) generated canary uses actual Pi dispatcher and over-budget transport behavior [877.33ms]
publish	Test and inspect the package	2026-10-07T08:19:28.3339786Z (pass) generated canary uses actual Pi dispatcher and unsupported-cap transport behavior [883.21ms]
publish	Test and inspect the package	2026-10-07T08:19:29.2072370Z (pass) generated canary uses actual Pi dispatcher and oversized transport behavior [873.29ms]
publish	Test and inspect the package	2026-10-07T08:19:30.0954992Z (pass) generated canary uses actual Pi dispatcher and second-request transport behavior [888.21ms]
publish	Test and inspect the package	2026-10-07T08:19:30.4733135Z (pass) generated canary uses actual Pi dispatcher and receipt-write transport behavior [377.79ms]
publish	Test and inspect the package	2026-10-07T08:19:30.4834233Z 
publish	Test and inspect the package	2026-10-07T08:19:30.4835102Z ##[endgroup]
publish	Test and inspect the package	2026-10-07T08:19:30.4839815Z 
publish	Test and inspect the package	2026-10-07T08:19:30.4840288Z ##[group]tests/session-visibility.test.ts:
publish	Test and inspect the package	2026-10-07T08:19:30.7844902Z (pass) tally classifies like auditVerdictLabel [0.63ms]
publish	Test and inspect the package	2026-10-07T08:19:30.7865853Z (pass) tally segment stays silent with no verdicts [0.62ms]
publish	Test and inspect the package	2026-10-07T08:19:30.7866908Z (pass) recovery banner pins objective, next task, audits, resume [0.42ms]
publish	Test and inspect the package	2026-10-07T08:19:30.7868926Z (pass) v0.38.55: auditing status line is liveness-only — the tally lives on the card (Screenshot 20260914) [1.33ms]
publish	Test and inspect the package	2026-10-07T08:19:31.0260147Z (pass) reload with a held goal paints the recovery banner from disk [239.76ms]
publish	Test and inspect the package	2026-10-07T08:19:31.0297124Z (pass) future verdict timestamp suppresses the age instead of printing 0s ago [0.41ms]
publish	Test and inspect the package	2026-10-07T08:19:31.0303657Z 
publish	Test and inspect the package	2026-10-07T08:19:31.0304411Z ##[endgroup]
publish	Test and inspect the package	2026-10-07T08:19:31.0304646Z 
publish	Test and inspect the package	2026-10-07T08:19:31.0305126Z ##[group]tests/durable-defer-ui-fixture.test.ts:
publish	Test and inspect the package	2026-10-07T08:19:31.3673666Z (pass) deterministic goal-card fixture keeps the durable plaque first after three defers [40.15ms]
publish	Test and inspect the package	2026-10-07T08:19:31.3674673Z 
publish	Test and inspect the package	2026-10-07T08:19:31.3675487Z ##[endgroup]
publish	Test and inspect the package	2026-10-07T08:19:31.3676933Z 
publish	Test and inspect the package	2026-10-07T08:19:31.3677427Z ##[group]tests/list-queue.test.ts:
publish	Test and inspect the package	2026-10-07T08:19:31.6735237Z (pass) readState restores an empty list when no state exists [1.17ms]
publish	Test and inspect the package	2026-10-07T08:19:31.6736803Z (pass) readState restores list from the latest state event [1.41ms]
publish	Test and inspect the package	2026-10-07T08:19:31.6741024Z (pass) latest state event wins for the list [1.11ms]
publish	Test and inspect the package	2026-10-07T08:19:31.6745968Z (pass) list events (list_added etc.) do not corrupt state restore [1.04ms]
publish	Test and inspect the package	2026-10-07T08:19:31.7141632Z (pass) state event without a list field restores as empty list (v0.1.0 compat) [39.22ms]
publish	Test and inspect the package	2026-10-07T08:19:31.7142701Z (pass) takeAt: head is the FIFO default [0.14ms]
publish	Test and inspect the package	2026-10-07T08:19:31.7143593Z (pass) takeAt: middle item [0.05ms]
publish	Test and inspect the package	2026-10-07T08:19:31.7144218Z (pass) takeAt: last item [0.05ms]
publish	Test and inspect the package	2026-10-07T08:19:31.7144881Z (pass) takeAt: out of range returns null [0.05ms]
publish	Test and inspect the package	2026-10-07T08:19:31.7177298Z (pass) v0.28.28: unsolicited enqueue (reviewer) does not auto-start the head unless autoResume is on [3.38ms]
publish	Test and inspect the package	2026-10-07T08:19:31.7213218Z (pass) v0.29.4: auto-accepted drafts START (supersedes the 0.28.28 autoResume hold) [3.61ms]
publish	Test and inspect the package	2026-10-07T08:19:31.7219371Z (pass) v0.28.28: goal provenance — setGoal threads `via` into the record + goal_created ledger [0.57ms]
publish	Test and inspect the package	2026-10-07T08:19:31.7223635Z (pass) v0.28.28: /glla log [N] — human-readable ledger tail, noise-filtered [0.43ms]
publish	Test and inspect the package	2026-10-07T08:19:31.7231277Z (pass) v0.28.33: /glla wipe — renamed from reset (too close to /glla resume); reset redirects without acting [0.74ms]
publish	Test and inspect the package	2026-10-07T08:19:31.7239960Z (pass) v0.34.119: /glla cancel cancels the whole list objective, while standalone goals/loops keep their own paths [0.87ms]
publish	Test and inspect the package	2026-10-07T08:19:31.7240774Z 
publish	Test and inspect the package	2026-10-07T08:19:31.7241333Z ##[endgroup]
publish	Test and inspect the package	2026-10-07T08:19:31.7245381Z 
publish	Test and inspect the package	2026-10-07T08:19:31.7245924Z ##[group]tests/auditor-scope-guard.test.ts:
publish	Test and inspect the package	2026-10-07T08:19:32.0184494Z (pass) auditor scope guard — project at hand only > auditor prompt contains outside-scope guard [0.70ms]
publish	Test and inspect the package	2026-10-07T08:19:32.0186243Z (pass) auditor scope guard — project at hand only > outside-scope findings are recorded but not auto-queued [1.57ms]
publish	Test and inspect the package	2026-10-07T08:19:32.0188355Z (pass) auditor convergence contract — the change, not the repository > brief bounds blocking objections to the change and defines a reachable approval bar [0.43ms]
publish	Test and inspect the package	2026-10-07T08:19:32.0190714Z (pass) auditor convergence contract — the change, not the repository > a first round carries no rework framing [0.17ms]
publish	Test and inspect the package	2026-10-07T08:19:32.0192727Z (pass) auditor convergence contract — the change, not the repository > a rework round asks whether the PRIOR objections are closed [0.30ms]
publish	Test and inspect the package	2026-10-07T08:19:32.0193779Z 
publish	Test and inspect the package	2026-10-07T08:19:32.0194320Z ##[endgroup]
publish	Test and inspect the package	2026-10-07T08:19:32.0194870Z 
publish	Test and inspect the package	2026-10-07T08:19:32.0195438Z ##[group]tests/paused-overdue-display.test.ts:
publish	Test and inspect the package	2026-10-07T08:19:32.3176195Z (pass) v0.38.31: overdue wait names the recovery timer, never resuming now [1.74ms]
publish	Test and inspect the package	2026-10-07T08:19:32.3566958Z (pass) v0.38.31: overdue wait status bar reads retry overdue [40.32ms]
publish	Test and inspect the package	2026-10-07T08:19:32.3574820Z (pass) v0.38.31: in-grace wait keeps resuming now [1.15ms]
publish	Test and inspect the package	2026-10-07T08:19:32.3584466Z (pass) v0.38.31: future wait keeps the countdown [0.53ms]
publish	Test and inspect the package	2026-10-07T08:19:32.3585919Z (pass) v0.38.31: wait card drops the generic tail and closes the tree [0.36ms]
publish	Test and inspect the package	2026-10-07T08:19:32.3591881Z (pass) v0.38.31: error pause keeps suggested action and saved tail [0.85ms]
publish	Test and inspect the package	2026-10-07T08:19:32.3592655Z 
publish	Test and inspect the package	2026-10-07T08:19:32.3593639Z ##[endgroup]
publish	Test and inspect the package	2026-10-07T08:19:32.3633942Z 
publish	Test and inspect the package	2026-10-07T08:19:32.3635069Z ##[group]tests/pause-decision-interrupt.test.ts:
publish	Test and inspect the package	2026-10-07T08:19:33.3139675Z (pass) decision pause persists options AND aborts the turn so the picker owns an idle surface [383.32ms]
publish	Test and inspect the package	2026-10-07T08:19:33.6657619Z (pass) options without kind are inferred as decision — no silently dropped picker [351.71ms]
publish	Test and inspect the package	2026-10-07T08:19:34.7081840Z (pass) every agent-authored pause ends the turn (blocked/error/wait), not just decisions [1042.40ms]
publish	Test and inspect the package	2026-10-07T08:19:35.0717368Z (pass) impossible-drop auto-advance does NOT abort — the next item's continuation owns the turn [363.32ms]
publish	Test and inspect the package	2026-10-07T08:19:35.0722433Z (pass) source pins: decision picker wiring + abort ordering survive refactors [0.88ms]
publish	Test and inspect the package	2026-10-07T08:19:35.0744482Z 
publish	Test and inspect the package	2026-10-07T08:19:35.0765212Z ##[endgroup]
publish	Test and inspect the package	2026-10-07T08:19:35.0765644Z 
publish	Test and inspect the package	2026-10-07T08:19:35.0766259Z ##[group]tests/tui-density.test.ts:
publish	Test and inspect the package	2026-10-07T08:19:35.3851326Z (pass) widget carries the audits row only with history [1.82ms]
publish	Test and inspect the package	2026-10-07T08:19:35.3852346Z (pass) widget fits 80 columns at width 80 [0.75ms]
publish	Test and inspect the package	2026-10-07T08:19:35.3853121Z (pass) paused status carries the tally [0.40ms]
publish	Test and inspect the package	2026-10-07T08:19:35.3854242Z (pass) ladder is one recovery per line [0.38ms]
publish	Test and inspect the package	2026-10-07T08:19:35.3854798Z (pass) settings tab labels carry row counts [0.06ms]
publish	Test and inspect the package	2026-10-07T08:19:35.3855048Z 
publish	Test and inspect the package	2026-10-07T08:19:35.3855385Z ##[endgroup]
publish	Test and inspect the package	2026-10-07T08:19:35.3855512Z 
publish	Test and inspect the package	2026-10-07T08:19:35.3855782Z ##[group]tests/canary-budget.test.ts:
publish	Test and inspect the package	2026-10-07T08:19:35.7555704Z (pass) canary bounds output and requests, removes tools, and preserves the caller payload [30.45ms]
publish	Test and inspect the package	2026-10-07T08:19:35.7558154Z (pass) canary refuses unsupported caps, unknown prices, oversized input, and excessive estimated spend before sending [0.41ms]
publish	Test and inspect the package	2026-10-07T08:19:35.7558838Z 
publish	Test and inspect the package	2026-10-07T08:19:35.7559222Z ##[endgroup]
publish	Test and inspect the package	2026-10-07T08:19:35.7562576Z 
publish	Test and inspect the package	2026-10-07T08:19:35.7563683Z ##[group]tests/uniform-provider-retry.test.ts:
publish	Test and inspect the package	2026-10-07T08:19:36.1161150Z (pass) the first provider retry is eager for every failure family [0.90ms]
publish	Test and inspect the package	2026-10-07T08:19:36.1162377Z (pass) later provider retries use one bounded configured ladder [0.31ms]
publish	Test and inspect the package	2026-10-07T08:19:36.1185018Z (pass) main-model recovery has no quota-derived policy branch [2.77ms]
publish	Test and inspect the package	2026-10-07T08:19:36.1219798Z (pass) the auditor durable plan is generic and keeps safe diagnostic copy [3.46ms]
publish	Test and inspect the package	2026-10-07T08:19:36.1224715Z (pass) display surfaces identify generic recovery, not a guessed quota state [0.45ms]
publish	Test and inspect the package	2026-10-07T08:19:36.1225154Z 
publish	Test and inspect the package	2026-10-07T08:19:36.1225517Z ##[endgroup]
publish	Test and inspect the package	2026-10-07T08:19:36.1229916Z 
publish	Test and inspect the package	2026-10-07T08:19:36.1230508Z ##[group]tests/pause-redirect.test.ts:
publish	Test and inspect the package	2026-10-07T08:19:36.6524641Z (pass) redirect parks the goal but keeps the turn alive for the user's new task [223.44ms]
publish	Test and inspect the package	2026-10-07T08:19:36.8276170Z (pass) control: a plain pause still aborts the turn (v0.35.15 contract) [176.57ms]
publish	Test and inspect the package	2026-10-07T08:19:36.8277614Z 
publish	Test and inspect the package	2026-10-07T08:19:36.8278458Z ##[endgroup]
publish	Test and inspect the package	2026-10-07T08:19:36.8280689Z 
publish	Test and inspect the package	2026-10-07T08:19:36.8281305Z ##[group]tests/tool-cap-inventory.test.ts:
publish	Test and inspect the package	2026-10-07T08:19:37.1968371Z (pass) cap inventory: no tool schema refuses past the documented guard [31.72ms]
publish	Test and inspect the package	2026-10-07T08:19:37.1969551Z (pass) darklord replay: oversized gate notes are accepted and preserved [0.21ms]
publish	Test and inspect the package	2026-10-07T08:19:37.1976269Z (pass) judgment and resume values clip at handlers instead of refusing [0.72ms]
publish	Test and inspect the package	2026-10-07T08:19:37.1980330Z (pass) cap audit gaps: judgment record and group titles clip clause-aware [0.41ms]
publish	Test and inspect the package	2026-10-07T08:19:37.1980957Z 
publish	Test and inspect the package	2026-10-07T08:19:37.1981459Z ##[endgroup]
publish	Test and inspect the package	2026-10-07T08:19:37.1985207Z 
publish	Test and inspect the package	2026-10-07T08:19:37.1985895Z ##[group]tests/loop-refine-transaction.test.ts:
publish	Test and inspect the package	2026-10-07T08:19:37.5387246Z (pass) failed spec refinement leaves loop state unchanged [47.02ms]
publish	Test and inspect the package	2026-10-07T08:19:37.5387657Z 
publish	Test and inspect the package	2026-10-07T08:19:37.5387997Z ##[endgroup]
publish	Test and inspect the package	2026-10-07T08:19:37.5390557Z 
publish	Test and inspect the package	2026-10-07T08:19:37.5391261Z ##[group]tests/activity-first-status.test.ts:
publish	Test and inspect the package	2026-10-07T08:19:37.8340852Z (pass) activity-first: lead rows follow the head and precede all historical rows [2.74ms]
publish	Test and inspect the package	2026-10-07T08:19:37.8714835Z (pass) activity-first: quiet card leads with phase, age, last tool, model, thinking, next action [36.19ms]
publish	Test and inspect the package	2026-10-07T08:19:37.8716935Z (pass) activity-first: awaiting-verdict card and footer agree on the phase words [0.93ms]
publish	Test and inspect the package	2026-10-07T08:19:37.8718511Z (pass) activity-first: blocked card and footer agree on the blocked label [0.70ms]
publish	Test and inspect the package	2026-10-07T08:19:37.8725777Z (pass) activity-first: live running card carries tool elapsed/budget in the lead [1.01ms]
publish	Test and inspect the package	2026-10-07T08:19:37.8729002Z (pass) activity-first: legacy claim without thinking/model omits the segments, never invents [0.55ms]
publish	Test and inspect the package	2026-10-07T08:19:37.8743095Z (pass) activity-first: phase colour wraps the words (quiet warns, live succeeds, queued stays neutral) [1.29ms]
publish	Test and inspect the package	2026-10-07T08:19:37.8745112Z (pass) activity-first: footer monitoring and awaiting labels agree with the card head [0.17ms]
publish	Test and inspect the package	2026-10-07T08:19:37.8755329Z (pass) D2: the loop status line folds watching into QUEUED like the goal head [0.14ms]
publish	Test and inspect the package	2026-10-07T08:19:37.8756304Z (pass) D4: the auditor session row is sanitized and bounded [0.31ms]
publish	Test and inspect the package	2026-10-07T08:19:37.8757275Z (pass) stampAuditorAttemptThinking stamps only the owning attempt and sanitizes [0.13ms]
publish	Test and inspect the package	2026-10-07T08:19:37.8758101Z 
publish	Test and inspect the package	2026-10-07T08:19:37.8758726Z ##[endgroup]
publish	Test and inspect the package	2026-10-07T08:19:37.8759125Z 
publish	Test and inspect the package	2026-10-07T08:19:37.8759830Z ##[group]tests/loop-finish.test.ts:
publish	Test and inspect the package	2026-10-07T08:19:38.2077718Z (pass) loopFinishStopReason: cmdLoop('finish audit clean') → 'completed: audit clean' (item 7) [35.25ms]
publish	Test and inspect the package	2026-10-07T08:19:38.2081153Z (pass) /loop finish is routed in cmdLoop and registered in completions (item 7) [0.57ms]
publish	Test and inspect the package	2026-10-07T08:19:38.2082284Z (pass) branch-mode resume refuses to commit from the original branch [0.13ms]
publish	Test and inspect the package	2026-10-07T08:19:38.2082820Z 
publish	Test and inspect the package	2026-10-07T08:19:38.2083570Z ##[endgroup]
publish	Test and inspect the package	2026-10-07T08:19:38.2087918Z 
publish	Test and inspect the package	2026-10-07T08:19:38.2088644Z ##[group]tests/empty-provider-response.test.ts:
publish	Test and inspect the package	2026-10-07T08:19:38.4205138Z [run-tests] progress: 450s elapsed · 0s since last output · 224 KiB of suite output
publish	Test and inspect the package	2026-10-07T08:19:38.5682464Z (pass) v0.38.104 the field error is recognised as an empty response [0.38ms]
publish	Test and inspect the package	2026-10-07T08:19:38.5683862Z (pass) v0.38.104 a message that merely CONTAINS 'empty' is not a provider glitch [0.05ms]
publish	Test and inspect the package	2026-10-07T08:19:38.5685280Z (pass) v0.38.104 an empty response is neither a quota wall nor a deterministic client error [0.05ms]
publish	Test and inspect the package	2026-10-07T08:19:38.5689032Z (pass) v0.38.104 an empty response retries EAGERLY, not on the 15-minute ladder [0.47ms]
publish	Test and inspect the package	2026-10-07T08:19:38.5690314Z (pass) v0.38.104 the eager window is bounded, then the normal ladder takes over [0.30ms]
publish	Test and inspect the package	2026-10-07T08:19:38.5691776Z (pass) v0.38.104 other failures keep the historical ladder untouched [0.17ms]
publish	Test and inspect the package	2026-10-07T08:19:38.5693523Z (pass) v0.38.104 a quota wall still wins over the eager empty-response path [0.11ms]
publish	Test and inspect the package	2026-10-07T08:19:38.5695130Z (pass) v0.38.104 the FIRST attempt honours the upstream reset hint too (no 5s probe of a named wall) [0.19ms]
publish	Test and inspect the package	2026-10-07T08:19:38.5695980Z 
publish	Test and inspect the package	2026-10-07T08:19:38.5696332Z ##[endgroup]
publish	Test and inspect the package	2026-10-07T08:19:38.5699614Z 
publish	Test and inspect the package	2026-10-07T08:19:38.5700013Z ##[group]tests/compaction-survival.test.ts:
publish	Test and inspect the package	2026-10-07T08:19:40.0829246Z (pass) compaction survival: three mid-run compacts, then the goal still completes approved [1156.52ms]
publish	Test and inspect the package	2026-10-07T08:19:40.7700904Z (pass) compaction survival: a compact around an in-flight audit still completes [687.10ms]
publish	Test and inspect the package	2026-10-07T08:19:40.7701731Z 
publish	Test and inspect the package	2026-10-07T08:19:40.7702212Z ##[endgroup]
publish	Test and inspect the package	2026-10-07T08:19:40.7704388Z 
publish	Test and inspect the package	2026-10-07T08:19:40.7705495Z ##[group]tests/auditor-error-paths.test.ts:
publish	Test and inspect the package	2026-10-07T08:19:41.1230775Z (pass) catch block never returns disapproved: true [0.57ms]
publish	Test and inspect the package	2026-10-07T08:19:41.1236122Z (pass) infra-flavored returns (no model / aborted) are not disapprovals [0.72ms]
publish	Test and inspect the package	2026-10-07T08:19:41.1241208Z (pass) auditor watchdog exits are infrastructure failures, never verdicts [0.49ms]
publish	Test and inspect the package	2026-10-07T08:19:41.1243275Z (pass) worker stream failures accumulate onto stderr, never overwrite it [0.18ms]
publish	Test and inspect the package	2026-10-07T08:19:41.1245654Z (pass) semantic verdict-quality failures and shield blocks keep distinct categories [0.24ms]
publish	Test and inspect the package	2026-10-07T08:19:41.1346622Z (pass) audit 2026-09-25: the reverted wall-clock bound leaves no dead classification branches [9.89ms]
publish	Test and inspect the package	2026-10-07T08:19:41.1347220Z 
publish	Test and inspect the package	2026-10-07T08:19:41.1347593Z ##[endgroup]
publish	Test and inspect the package	2026-10-07T08:19:41.1350172Z 
publish	Test and inspect the package	2026-10-07T08:19:41.1350866Z ##[group]tests/auditor-process.test.ts:
publish	Test and inspect the package	2026-10-07T08:19:41.4425097Z (pass) compiled Pi hosts fall back to a JavaScript runtime while explicit commands remain available [1.43ms]
publish	Test and inspect the package	2026-10-07T08:19:41.4426167Z (pass) v0.35.27 (PR #17): bare tokens pass unquoted for .CMD shims, unsafe-arg gate still covers EVERY arg [0.24ms]
publish	Test and inspect the package	2026-10-07T08:19:41.5468251Z (pass) Windows worker shutdown kills the cmd/pi process tree [104.48ms]
publish	Test and inspect the package	2026-10-07T08:19:41.5474522Z (pass) Windows atomic protocol retries transient rename locks without unlinking the old snapshot [0.78ms]
publish	Test and inspect the package	2026-10-07T08:19:42.9377183Z (pass) transport failures carry an explicit no-verdict classification [1390.06ms]
publish	Test and inspect the package	2026-10-07T08:19:42.9382347Z (pass) fake worker setup stays in per-test temp storage [0.68ms]
publish	Test and inspect the package	2026-10-07T08:19:43.1001808Z (pass) detached parent accepts an identity-checked result and applies regression_shield [161.76ms]
publish	Test and inspect the package	2026-10-07T08:19:43.2590125Z (pass) detached parent keeps a regression-shield block distinct from disapproval and infrastructure [158.81ms]
publish	Test and inspect the package	2026-10-07T08:19:43.4133111Z (pass) detached parent forwards live worker telemetry to its progress callback [154.27ms]
publish	Test and inspect the package	2026-10-07T08:19:43.7226197Z (pass) v0.34.57: heartbeat-without-progress watchdog emits auditor_stalled and cancels the detached job [309.25ms]
publish	Test and inspect the package	2026-10-07T08:19:44.8970459Z (pass) parent abort escalates a detached TERM-ignoring worker and removes its job [1174.45ms]
publish	Test and inspect the package	2026-10-07T08:19:45.4612026Z (pass) the real worker forwards ordered tool and report phases to the parent [564.11ms]
publish	Test and inspect the package	2026-10-07T08:19:45.5888788Z (pass) real worker preserves structured HTTP 429 diagnostics for the parent [127.67ms]
publish	Test and inspect the package	2026-10-07T08:19:45.7312105Z (pass) real worker persists the auditor session when inspection is enabled (spawn spec + progress shape) [142.31ms]
publish	Test and inspect the package	2026-10-07T08:19:45.7314470Z (pass) detached auditor env keeps runtime necessities and selected provider auth, not unrelated secrets [0.15ms]
publish	Test and inspect the package	2026-10-07T08:19:45.8673177Z (pass) real worker keeps the original --no-session spawn when inspection is unset (default unchanged) [135.94ms]
publish	Test and inspect the package	2026-10-07T08:19:46.0702383Z (pass) worker assembles streamed report fragments into cumulative display lines without changing the exact result [202.89ms]
publish	Test and inspect the package	2026-10-07T08:19:46.2271722Z (pass) parent rejects a result that reports an unsupported tool [156.94ms]
publish	Test and inspect the package	2026-10-07T08:19:46.3846858Z (pass) approval without an audit tool is a semantic disapproval [157.46ms]
publish	Test and inspect the package	2026-10-07T08:19:46.5101002Z (pass) a verdict marker inside a think block is not accepted [125.44ms]
publish	Test and inspect the package	2026-10-07T08:19:46.5114770Z (pass) failed setup preserves a pre-existing attempt directory it does not own [1.50ms]
publish	Test and inspect the package	2026-10-07T08:19:46.8223205Z (pass) detached retry identities remain unique while completed job dirs persist for the retention window [310.63ms]
publish	Test and inspect the package	2026-10-07T08:19:46.8310770Z (pass) cancel keeps a finished audit's transcript dir but reaps incomplete scratch [8.79ms]
publish	Test and inspect the package	2026-10-07T08:19:46.9850424Z (pass) a mismatched result hash fails closed as infrastructure [153.94ms]
publish	Test and inspect the package	2026-10-07T08:19:46.9851722Z (pass) request hashing is stable and excludes no runtime secret or API key field [0.29ms]
publish	Test and inspect the package	2026-10-07T08:19:47.1182683Z (pass) EOF before exit preserves process and stream diagnostics without accepting a partial verdict [132.82ms]
publish	Test and inspect the package	2026-10-07T08:19:47.4695228Z (pass) EOF from a live RPC child gets a bounded close grace then TERM-to-KILL cleanup [351.20ms]
publish	Test and inspect the package	2026-10-07T08:19:47.6135661Z (pass) detached worker treats silent provider time as infrastructure, not a verdict [144.13ms]
publish	Test and inspect the package	2026-10-07T08:19:47.7520288Z (pass) parent tool watchdog cancels a tool with no follow-up RPC events [138.47ms]
publish	Test and inspect the package	2026-10-07T08:19:47.8831169Z (pass) worker aborts an unsupported tool event instead of treating it as an audit tool [131.03ms]
publish	Test and inspect the package	2026-10-07T08:19:49.6724273Z (pass) worker-side tool timeout cancels a tool that never emits an end event, and still fails fast [1789.22ms]
publish	Test and inspect the package	2026-10-07T08:19:49.6725290Z (pass) effective tool budget honors a granted timeout above the base [0.20ms]
publish	Test and inspect the package	2026-10-07T08:19:50.1026326Z (pass) parent tool watchdog honors the worker-armed granted budget [430.04ms]
publish	Test and inspect the package	2026-10-07T08:19:50.4574640Z (pass) worker honors a bash call's granted timeout past the base budget [354.80ms]
publish	Test and inspect the package	2026-10-07T08:19:52.4928780Z (pass) real worker stops a runaway RPC process group before it becomes a storm [2035.38ms]
publish	Test and inspect the package	2026-10-07T08:19:52.6451743Z (pass) worker launches pi with the exact auditor RPC contract and one LF JSONL prompt [152.31ms]
publish	Test and inspect the package	2026-10-07T08:19:52.9852596Z (pass) worker force-kills a wedged RPC child before it exits [340.09ms]
publish	Test and inspect the package	2026-10-07T08:19:53.1413086Z (pass) v0.36.0: allow-listed extensions load via --extension while isolation flags stay intact [155.97ms]
publish	Test and inspect the package	2026-10-07T08:19:53.5373294Z (pass) v0.36.0: the process layer resolves raw specs to install paths before the worker sees them [396.01ms]
publish	Test and inspect the package	2026-10-07T08:19:53.6825185Z (pass) v0.36.0: a malformed allowedExtensions request fails closed as an identity error [145.05ms]
publish	Test and inspect the package	2026-10-07T08:19:53.8341625Z (pass) v0.38.80: the worker's challenge outcome threads through to the auditor result [151.74ms]
publish	Test and inspect the package	2026-10-07T08:19:53.9868233Z (pass) v0.38.80: an absent challenge stays undefined for legacy workers [152.65ms]
publish	Test and inspect the package	2026-10-07T08:19:54.4825756Z (pass) strict challenge: the parent refuses a legacy or skipped approval [495.69ms]
publish	Test and inspect the package	2026-10-07T08:19:54.6508273Z (pass) v0.38.81: the dispatch-decided tier stamps onto the result [168.26ms]
publish	Test and inspect the package	2026-10-07T08:19:54.9884125Z (pass) v0.38.81: spot-check stamps true; legacy callers see no tier fields [337.47ms]
publish	Test and inspect the package	2026-10-07T08:19:54.9891741Z (pass) slow-audit hardening: attempt cost summarizes prompt, tools, vision, and elapsed [0.97ms]
publish	Test and inspect the package	2026-10-07T08:19:54.9894822Z (pass) audit-tool floor: no-tool approval is a disapproval, not infrastructure [0.32ms]
publish	Test and inspect the package	2026-10-07T08:19:54.9899750Z (pass) A2 (pin): the crash-safe pre-dispatch reap covers the rotated-away attempt [0.47ms]
publish	Test and inspect the package	2026-10-07T08:19:55.4567936Z (pass) A5: an abandoned challenge preserves its prose beside the byte-exact round-1 output [466.60ms]
publish	Test and inspect the package	2026-10-07T08:19:55.4569486Z (pass) A10: the detached worker does not inherit NODE_OPTIONS [0.32ms]
publish	Test and inspect the package	2026-10-07T08:19:55.4570044Z 
publish	Test and inspect the package	2026-10-07T08:19:55.4570590Z ##[endgroup]
publish	Test and inspect the package	2026-10-07T08:19:55.4574573Z 
publish	Test and inspect the package	2026-10-07T08:19:55.4575092Z ##[group]tests/commit-survival-e2e.test.ts:
publish	Test and inspect the package	2026-10-07T08:19:55.7645033Z (skip) commit survives the auto-committer daemon (item 32, env-gated watched repo)
publish	Test and inspect the package	2026-10-07T08:19:55.7664716Z 
publish	Test and inspect the package	2026-10-07T08:19:55.7676733Z ##[endgroup]
publish	Test and inspect the package	2026-10-07T08:19:55.7677104Z 
publish	Test and inspect the package	2026-10-07T08:19:55.7680940Z ##[group]tests/list-parallel.test.ts:
publish	Test and inspect the package	2026-10-07T08:19:56.0625357Z (pass) extractParallelFlag: truthy values mark the item parallel-safe [0.46ms]
publish	Test and inspect the package	2026-10-07T08:19:56.0629798Z (pass) extractParallelFlag: falsy values explicitly opt out [0.19ms]
publish	Test and inspect the package	2026-10-07T08:19:56.0631419Z (pass) extractParallelFlag: no marker → undefined (unknown, not false) [0.06ms]
publish	Test and inspect the package	2026-10-07T08:19:56.0632291Z (pass) extractParallelFlag: inline marker mid-line, case-insensitive [0.05ms]
publish	Test and inspect the package	2026-10-07T08:19:56.0633599Z (pass) parseListItemDeclaration: marker stripped BEFORE the contract split [0.25ms]
publish	Test and inspect the package	2026-10-07T08:19:56.0635108Z (pass) parseListItemDeclaration: a parallel marker after Done when: still strips cleanly [0.16ms]
publish	Test and inspect the package	2026-10-07T08:19:56.0636620Z (pass) parseListItemDeclaration: parallel marker inside a multi-line objective is consumed [0.10ms]
publish	Test and inspect the package	2026-10-07T08:19:56.0638325Z (pass) queue sidecar round-trips the parallelSafe flag [1.68ms]
publish	Test and inspect the package	2026-10-07T08:19:56.3095318Z (pass) list_add parses the declaration into the queue state + disk + status [246.21ms]
publish	Test and inspect the package	2026-10-07T08:19:56.6849149Z (pass) a declared item activating into a goal carries the CLEAN objective (no marker leak) [375.44ms]
publish	Test and inspect the package	2026-10-07T08:19:56.6850020Z 
publish	Test and inspect the package	2026-10-07T08:19:56.6850833Z ##[endgroup]
publish	Test and inspect the package	2026-10-07T08:19:56.6854988Z 
publish	Test and inspect the package	2026-10-07T08:19:56.6855640Z ##[group]tests/aggressive-mode.test.ts:
publish	Test and inspect the package	2026-10-07T08:19:56.9784970Z (pass) aggressiveMode persists through the settings file (item 8) [2.65ms]
publish	Test and inspect the package	2026-10-07T08:19:56.9786314Z (pass) effective settings: aggressiveMode ON flips the defaults (items 5+7) [0.07ms]
publish	Test and inspect the package	2026-10-07T08:19:56.9804148Z (pass) effective settings: missing aggressiveMode uses the production keep-going default [0.34ms]
publish	Test and inspect the package	2026-10-07T08:19:56.9805626Z (pass) effective settings: explicit OFF keeps base defaults; auditCap base is 5 [0.13ms]
publish	Test and inspect the package	2026-10-07T08:19:56.9806853Z (pass) explicit per-key settings WIN over aggressiveMode (advisor semantics) [0.08ms]
publish	Test and inspect the package	2026-10-07T08:19:57.0210675Z (pass) autoResume is global-only in the effective settings and provenance [42.09ms]
publish	Test and inspect the package	2026-10-07T08:19:57.0213796Z (pass) obsolete quota policy files cannot change the generic retry settings [0.54ms]
publish	Test and inspect the package	2026-10-07T08:19:57.0214673Z 
publish	Test and inspect the package	2026-10-07T08:19:57.0215316Z ##[endgroup]
publish	Test and inspect the package	2026-10-07T08:19:57.0245221Z 
publish	Test and inspect the package	2026-10-07T08:19:57.0275014Z ##[group]tests/payload-guard.test.ts:
publish	Test and inspect the package	2026-10-07T08:19:57.6128478Z (pass) payload guard: under-budget histories pass through with the SAME identity [27.76ms]
publish	Test and inspect the package	2026-10-07T08:19:57.6152026Z (pass) payload guard: over-budget histories evict OLDEST first and keep the newest two [2.51ms]
publish	Test and inspect the package	2026-10-07T08:19:57.6162226Z (pass) payload guard: the keep-recent floor holds even when the budget cannot be met [1.03ms]
publish	Test and inspect the package	2026-10-07T08:19:57.6168732Z (pass) payload guard: projection is idempotent and never touches non-image content [0.66ms]
publish	Test and inspect the package	2026-10-07T08:19:57.6176944Z (pass) payload guard: image count is clamped even when bytes fit the budget [0.81ms]
publish	Test and inspect the package	2026-10-07T08:19:57.6181074Z (pass) payload guard: the count cap defaults to the observed provider limit [0.41ms]
publish	Test and inspect the package	2026-10-07T08:19:57.6184593Z (pass) payload guard: the keep-recent floor wins over the count cap (best effort) [0.35ms]
publish	Test and inspect the package	2026-10-07T08:19:57.6355380Z (pass) wiring: the context event projects bloated histories before EVERY LLM call and ledgeres the eviction [16.82ms]
publish	Test and inspect the package	2026-10-07T08:19:57.6568143Z (pass) wiring: identical repeat evictions are deduped; changed values re-arm [21.27ms]
publish	Test and inspect the package	2026-10-07T08:19:57.6571531Z (pass) classifyMainModelFailure: 413 payload-size texts are transient, not unknown [0.52ms]
publish	Test and inspect the package	2026-10-07T08:19:57.6572159Z 
publish	Test and inspect the package	2026-10-07T08:19:57.6572596Z ##[endgroup]
publish	Test and inspect the package	2026-10-07T08:19:57.6577166Z 
publish	Test and inspect the package	2026-10-07T08:19:57.6577762Z ##[group]tests/unsupervised-error-retry.test.ts:
publish	Test and inspect the package	2026-10-07T08:19:58.1995291Z (pass) empty provider response with no goal schedules and dispatches a retry [239.18ms]
publish	Test and inspect the package	2026-10-07T08:19:58.5715359Z (pass) consecutive errors advance the streak; a clean turn clears it [371.58ms]
publish	Test and inspect the package	2026-10-07T08:19:58.5898547Z (pass) composite isolation clears a poisoned unsupervised retry streak, timer, and override [15.87ms]
publish	Test and inspect the package	2026-10-07T08:19:58.8219328Z (pass) user aborts never retry [233.84ms]
publish	Test and inspect the package	2026-10-07T08:19:59.0399844Z (pass) policy refusals, auth, billing, and deterministic 400s refuse with a reason [215.68ms]
publish	Test and inspect the package	2026-10-07T08:19:59.2629767Z (pass) context overflow compacts instead of retrying [224.23ms]
publish	Test and inspect the package	2026-10-07T08:19:59.2710267Z (pass) hinted quota sleeps until the provider reset; hintless quota ladders [6.75ms]
publish	Test and inspect the package	2026-10-07T08:19:59.5327898Z (pass) an active goal owns error turns — the unsupervised lane stays silent [262.79ms]
publish	Test and inspect the package	2026-10-07T08:19:59.7747806Z (pass) a load-held session refuses instead of promising a retry it cannot send [241.81ms]
publish	Test and inspect the package	2026-10-07T08:19:59.9751015Z (pass) a fresh turn stands down the pending retry [200.30ms]
publish	Test and inspect the package	2026-10-07T08:20:00.1820776Z (pass) a busy session at fire time stands down instead of double-driving [205.74ms]
publish	Test and inspect the package	2026-10-07T08:20:00.2045872Z (pass) fallback continues an interrupted ordinary task after settlement with the original request [19.01ms]
publish	Test and inspect the package	2026-10-07T08:20:00.2338239Z (pass) fallback handoff waits for idle and does not override a user abort [25.27ms]
publish	Test and inspect the package	2026-10-07T08:20:00.2875327Z (pass) a successful core retry consumes fallback recovery without a duplicate handoff [54.01ms]
publish	Test and inspect the package	2026-10-07T08:20:00.3435258Z (pass) fallback send failure preserves the pending handoff and retries the same request on fresh settlement [58.27ms]
publish	Test and inspect the package	2026-10-07T08:20:00.4004071Z (pass) long interrupted requests use a bounded handoff without growing nested retry prompts [51.19ms]
publish	Test and inspect the package	2026-10-07T08:20:00.9975155Z (pass) exhausted ordinary fallback chain uses backoff instead of another immediate switch handoff [606.36ms]
publish	Test and inspect the package	2026-10-07T08:20:01.6335423Z (pass) ordinary exhaustion retry respects a supervisor pause introduced while waiting [624.10ms]
publish	Test and inspect the package	2026-10-07T08:20:02.4310853Z (pass) authentication failure after ordinary chain exhaustion does not become a blind handoff [811.17ms]
publish	Test and inspect the package	2026-10-07T08:20:02.4434684Z 
publish	Test and inspect the package	2026-10-07T08:20:02.4510230Z ##[endgroup]
publish	Test and inspect the package	2026-10-07T08:20:02.4523823Z 
publish	Test and inspect the package	2026-10-07T08:20:02.4531194Z ##[group]tests/interrupt-didnt-continue.test.ts:
publish	Test and inspect the package	2026-10-07T08:20:02.8511450Z (pass) FIX A: a never-set revision (undefined) + captured 0 is CURRENT, not stale [29.70ms]
publish	Test and inspect the package	2026-10-07T08:20:02.8512519Z (pass) FIX A: captured 0 against a genuinely bumped goal is still refused [0.13ms]
publish	Test and inspect the package	2026-10-07T08:20:02.8513514Z (pass) FIX A: equal non-zero revisions stay current; bumps refuse [0.09ms]
publish	Test and inspect the package	2026-10-07T08:20:02.8554577Z (pass) FIX A pin: the refusal guard uses isGoalRevisionCurrent, not raw !== on undefined [4.37ms]
publish	Test and inspect the package	2026-10-07T08:20:02.8586159Z (pass) FIX B pin: the refusal branch restores status active so the loop continues [3.23ms]
publish	Test and inspect the package	2026-10-07T08:20:02.8614958Z (pass) behavior preserved: a GENUINE orphaned audit still parks with the same message [2.86ms]
publish	Test and inspect the package	2026-10-07T08:20:02.8615462Z 
publish	Test and inspect the package	2026-10-07T08:20:02.8615849Z ##[endgroup]
publish	Test and inspect the package	2026-10-07T08:20:02.8619970Z 
publish	Test and inspect the package	2026-10-07T08:20:02.8620503Z ##[group]tests/telemetry-event-shapes.test.ts:
publish	Test and inspect the package	2026-10-07T08:20:03.2401520Z (pass) name-shaped write results count fileWrites on goal telemetry [20.65ms]
publish	Test and inspect the package	2026-10-07T08:20:03.2522488Z (pass) name-shaped write results count fileWrites on loop iterMetrics [12.09ms]
publish	Test and inspect the package	2026-10-07T08:20:03.2523211Z 
publish	Test and inspect the package	2026-10-07T08:20:03.2523972Z ##[endgroup]
publish	Test and inspect the package	2026-10-07T08:20:03.2525642Z 
publish	Test and inspect the package	2026-10-07T08:20:03.2526517Z ##[group]tests/audit-job-retention.test.ts:
publish	Test and inspect the package	2026-10-07T08:20:03.5826430Z (pass) retention refuses cleanup when the durable claim journal cannot be read [2.93ms]
publish	Test and inspect the package	2026-10-07T08:20:03.6237752Z (pass) retention keeps unresolved goal and held project evidence until their claims settle [41.60ms]
publish	Test and inspect the package	2026-10-07T08:20:03.6250441Z (pass) retention: pre-convention finished dirs (no lock, result on file) reap past the window [1.42ms]
publish	Test and inspect the package	2026-10-07T08:20:03.6260683Z (pass) retention: lockless UNFINISHED dirs stay ambiguous (interrupted creation) [1.02ms]
publish	Test and inspect the package	2026-10-07T08:20:03.6270552Z (pass) retention: corrupt (present-but-unparseable) locks stay ambiguous [1.01ms]
publish	Test and inspect the package	2026-10-07T08:20:03.6284725Z (pass) retention: crash before worker ownership reaps only when the parent is dead [1.33ms]
publish	Test and inspect the package	2026-10-07T08:20:03.6295508Z (pass) retention: proven-dead workers reap past the window, live pids never reap [1.18ms]
publish	Test and inspect the package	2026-10-07T08:20:03.6310697Z (pass) retention: aged lockless dirs with neither request nor result reap as unowned debris [1.30ms]
publish	Test and inspect the package	2026-10-07T08:20:03.6318277Z (pass) retention: unowned debris younger than the identity-free floor stays ambiguous [0.95ms]
publish	Test and inspect the package	2026-10-07T08:20:03.6328537Z (pass) v0.38.104 retention: a finished result settles a LIVE parent lock (PID reuse no longer pins it) [1.03ms]
publish	Test and inspect the package	2026-10-07T08:20:03.6338090Z (pass) v0.38.104 retention: a LIVE parent lock with no result is still ambiguous (unchanged) [0.89ms]
publish	Test and inspect the package	2026-10-07T08:20:03.6338897Z 
publish	Test and inspect the package	2026-10-07T08:20:03.6339646Z ##[endgroup]
publish	Test and inspect the package	2026-10-07T08:20:03.6344455Z 
publish	Test and inspect the package	2026-10-07T08:20:03.6345016Z ##[group]tests/model-picker.test.ts:
publish	Test and inspect the package	2026-10-07T08:20:03.9411922Z (pass) model-picker items: session row first, manual row last, models sorted by provider/id [0.93ms]
publish	Test and inspect the package	2026-10-07T08:20:03.9427927Z (pass) v0.34.118 backup picker: excludes forbidden refs before rendering [0.31ms]
publish	Test and inspect the package	2026-10-07T08:20:03.9429137Z (pass) model-picker exclusion honors case-insensitive substring policy entries [0.13ms]
publish	Test and inspect the package	2026-10-07T08:20:03.9430415Z (pass) model-picker: typing fuzzy-filters the list; enter returns the highlighted model [1.21ms]
publish	Test and inspect the package	2026-10-07T08:20:03.9431844Z (pass) model-picker: slash-token fuzzy match (provider/model style), nav wraps, backspace edits [0.28ms]
publish	Test and inspect the package	2026-10-07T08:20:03.9433063Z (pass) model-picker: up/down moves the selection; esc cancels with undefined [0.16ms]
publish	Test and inspect the package	2026-10-07T08:20:03.9434649Z (pass) model-picker: selecting the session row clears the override; manual row is the typed escape hatch [0.10ms]
publish	Test and inspect the package	2026-10-07T08:20:03.9435913Z (pass) model-picker: render stays within width and shows the filter hint [1.09ms]
publish	Test and inspect the package	2026-10-07T08:20:03.9809787Z (pass) model-picker: active model row uses the available width for selection [37.87ms]
publish	Test and inspect the package	2026-10-07T08:20:03.9854198Z (pass) v0.29.17 wiring: model-valued settings use the fuzzy picker; unavailable auditor models fall back LOUDLY to the session model [4.54ms]
publish	Test and inspect the package	2026-10-07T08:20:03.9897937Z (pass) v0.36.0: auditor thinking inherits the parent dial unless explicitly overridden [4.47ms]
publish	Test and inspect the package	2026-10-07T08:20:03.9955530Z (pass) v0.36.0: the auditor chain — pinned primary → ordered fallbacks → session LAST; same-as-session auto-swap [5.58ms]
publish	Test and inspect the package	2026-10-07T08:20:03.9993087Z (pass) v0.31.6: same-model swap toggle — default ON, off = same-model audits stand [3.88ms]
publish	Test and inspect the package	2026-10-07T08:20:04.0034186Z (pass) v0.31.8: thinking options come from the PICKED MODEL — xhigh/max only when the model maps them [4.06ms]
publish	Test and inspect the package	2026-10-07T08:20:04.0036248Z (pass) v0.31.9: fork-bomb lesson is prompt-law — auditor reject-class + executor hard rule [0.32ms]
publish	Test and inspect the package	2026-10-07T08:20:04.0054919Z (pass) narrow model pickers bound every rendered line [1.80ms]
publish	Test and inspect the package	2026-10-07T08:20:04.0055851Z 
publish	Test and inspect the package	2026-10-07T08:20:04.0056687Z ##[endgroup]
publish	Test and inspect the package	2026-10-07T08:20:04.0061647Z 
publish	Test and inspect the package	2026-10-07T08:20:04.0062274Z ##[group]tests/remaining-next-pairing.test.ts:
publish	Test and inspect the package	2026-10-07T08:20:04.3216785Z (pass) pairing: resolving action rides inline under its problem [1.65ms]
publish	Test and inspect the package	2026-10-07T08:20:04.3221548Z (pass) pairing: standalone actions stay in ### Next [0.77ms]
publish	Test and inspect the package	2026-10-07T08:20:04.3222315Z (pass) pairing: fully paired card omits an empty ### Next [0.41ms]
publish	Test and inspect the package	2026-10-07T08:20:04.3222871Z (pass) pairing: unrelated problem and action do not pair [0.29ms]
publish	Test and inspect the package	2026-10-07T08:20:04.3224053Z (pass) pairing: Left out never pairs, even on shared words [0.27ms]
publish	Test and inspect the package	2026-10-07T08:20:04.3224948Z (pass) pairing: several actions can resolve one problem [0.52ms]
publish	Test and inspect the package	2026-10-07T08:20:04.3225392Z 
publish	Test and inspect the package	2026-10-07T08:20:04.3226056Z ##[endgroup]
publish	Test and inspect the package	2026-10-07T08:20:04.3602502Z 
publish	Test and inspect the package	2026-10-07T08:20:04.3604039Z ##[group]tests/waiting-on-subagent-pause.test.ts:
publish	Test and inspect the package	2026-10-07T08:20:04.7375124Z (pass) 021655: standby pause does not render 'waiting for manual action' [2.04ms]
publish	Test and inspect the package	2026-10-07T08:20:04.7376501Z (pass) 021655: standby pause names the background agent as owner, not manual action [0.79ms]
publish	Test and inspect the package	2026-10-07T08:20:04.7377777Z (pass) 021655: standby status line waits instead of demanding action [0.36ms]
publish	Test and inspect the package	2026-10-07T08:20:04.7379052Z (pass) v0.38.90: standby reason renders dim (monitoring narration, not a call to action) [0.52ms]
publish	Test and inspect the package	2026-10-07T08:20:04.7380857Z (pass) v0.38.90: standby reason caps at 2 wrapped rows like decisions/waits [0.68ms]
publish	Test and inspect the package	2026-10-07T08:20:04.7394559Z (pass) 021655: neighboring kinds keep their action rendering [0.72ms]
publish	Test and inspect the package	2026-10-07T08:20:04.7395130Z 
publish	Test and inspect the package	2026-10-07T08:20:04.7395633Z ##[endgroup]
publish	Test and inspect the package	2026-10-07T08:20:04.7395844Z 
publish	Test and inspect the package	2026-10-07T08:20:04.7396328Z ##[group]tests/eager-continuation-core.test.ts:
publish	Test and inspect the package	2026-10-07T08:20:05.0476224Z (pass) extractPendingTasks: pulls objection bullets, skips evidence (item 22) [0.56ms]
publish	Test and inspect the package	2026-10-07T08:20:05.0477407Z (pass) extractPendingTasks: caps at 5 and dedupes [0.12ms]
publish	Test and inspect the package	2026-10-07T08:20:05.0478340Z (pass) classifyImpossibleReason: partial vs full (item 23) [0.13ms]
publish	Test and inspect the package	2026-10-07T08:20:05.0490119Z (pass) audit-cap branch: aggressiveMode keeps ACTIVE + pendingTasks; OFF pauses (item 24 tests 1-2) [1.62ms]
publish	Test and inspect the package	2026-10-07T08:20:05.0497166Z (pass) IMPOSSIBLE branch: aggressive partial continues, full terminalizes (item 24 tests 3-4) [0.72ms]
publish	Test and inspect the package	2026-10-07T08:20:05.0872522Z (pass) shouldSuppressHeartbeatForRecentShip: recent ship suppresses, stale does not (item 27) [37.16ms]
publish	Test and inspect the package	2026-10-07T08:20:05.0875763Z (pass) heartbeat ship-suppression was removed in v0.26.6 (self-sustaining via ledger mtime) [0.52ms]
publish	Test and inspect the package	2026-10-07T08:20:05.0878264Z 
publish	Test and inspect the package	2026-10-07T08:20:05.0879588Z ##[endgroup]
publish	Test and inspect the package	2026-10-07T08:20:05.0880799Z 
publish	Test and inspect the package	2026-10-07T08:20:05.0896334Z ##[group]tests/prompt-disagreement-guidance.test.ts:
publish	Test and inspect the package	2026-10-07T08:20:05.4672837Z (pass) continuation prompt has the WHEN THE AUDITOR DISAPPROVES section (item 18) [0.61ms]
publish	Test and inspect the package	2026-10-07T08:20:05.4674361Z (pass) disagreement guidance names the audit history as the source [0.05ms]
publish	Test and inspect the package	2026-10-07T08:20:05.4674903Z 
publish	Test and inspect the package	2026-10-07T08:20:05.4675397Z ##[endgroup]
publish	Test and inspect the package	2026-10-07T08:20:05.4676463Z 
publish	Test and inspect the package	2026-10-07T08:20:05.4676969Z ##[group]tests/visual-auditor-fresh.test.ts:
publish	Test and inspect the package	2026-10-07T08:20:05.8408871Z (pass) isVisualGoal detects UI/screenshot/visual goals [0.50ms]
publish	Test and inspect the package	2026-10-07T08:20:05.8413128Z (pass) visual auditor prompt injects fresh native/external capture guidance before verdict [0.58ms]
publish	Test and inspect the package	2026-10-07T08:20:05.8415413Z (pass) non-visual goals keep the original prompt without fresh capture [0.29ms]
publish	Test and inspect the package	2026-10-07T08:20:05.8417820Z (pass) visual prompt fixture does not assume an external vision command [0.21ms]
publish	Test and inspect the package	2026-10-07T08:20:05.8418386Z 
publish	Test and inspect the package	2026-10-07T08:20:05.8418876Z ##[endgroup]
publish	Test and inspect the package	2026-10-07T08:20:05.8423555Z 
publish	Test and inspect the package	2026-10-07T08:20:05.8424236Z ##[group]tests/wait-overdue-backstop.test.ts:
publish	Test and inspect the package	2026-10-07T08:20:06.4125603Z (pass) v0.35.28 #16: a wait 30min past its pauseResumeAt is resumed by the heartbeat backstop [199.87ms]
publish	Test and inspect the package	2026-10-07T08:20:06.6995334Z (pass) v0.35.28 #16: not-yet-due and already-fired waits do not double-dispatch [283.53ms]
publish	Test and inspect the package	2026-10-07T08:20:06.9017270Z (pass) v0.35.28 #16: under the load hold (stock consent-less boot) an overdue wait stays frozen [201.97ms]
publish	Test and inspect the package	2026-10-07T08:20:06.9040296Z (pass) v0.35.28 #16: manual /goal resume clears the recovery stamp (user-driven, no notice needed) [6.38ms]
publish	Test and inspect the package	2026-10-07T08:20:06.9041967Z (pass) v0.35.28 #16: the pause_goal wait copy is now backed by machinery (source pin) [0.42ms]
publish	Test and inspect the package	2026-10-07T08:20:07.1067634Z (pass) v0.35.28 #16: once consent exists on reload, the overdue wait resumes through the backstop [200.86ms]
publish	Test and inspect the package	2026-10-07T08:20:07.3732647Z (pass) v0.35.48: the backstop stays parked during a session handoff window [268.36ms]
publish	Test and inspect the package	2026-10-07T08:20:07.5886538Z (pass) v0.35.48: an agent-authored wait stays parked while main-model recovery is active [215.13ms]
publish	Test and inspect the package	2026-10-07T08:20:07.5889796Z (pass) v0.35.48: the backstop's dispatch-surface gates sit before the one-shot latch [0.48ms]
publish	Test and inspect the package	2026-10-07T08:20:07.5890651Z 
publish	Test and inspect the package	2026-10-07T08:20:07.5891657Z ##[endgroup]
publish	Test and inspect the package	2026-10-07T08:20:07.5896876Z 
publish	Test and inspect the package	2026-10-07T08:20:07.5897884Z ##[group]tests/impossible-list-drop.test.ts:
publish	Test and inspect the package	2026-10-07T08:20:08.3570567Z (pass) rule: blocked + no resume path on a /list item → auto-dropped (ledgered) and the queue advances [424.30ms]
publish	Test and inspect the package	2026-10-07T08:20:08.4202989Z [run-tests] progress: 480s elapsed · 0s since last output · 242 KiB of suite output
publish	Test and inspect the package	2026-10-07T08:20:08.7391971Z (pass) guard: blocked WITH a resume path stays paused — never overridden [382.14ms]
publish	Test and inspect the package	2026-10-07T08:20:09.0891289Z (pass) guard: blocked + no resume path on a plain GOAL is not a list drop [349.89ms]
publish	Test and inspect the package	2026-10-07T08:20:09.4477115Z (pass) last item: drop still ledgered, list goes empty, no advance possible [358.58ms]
publish	Test and inspect the package	2026-10-07T08:20:10.2974324Z (pass) full auditor IMPOSSIBLE result is terminalized with a durable recap and notification [849.65ms]
publish	Test and inspect the package	2026-10-07T08:20:10.8020981Z (pass) stored-claim full IMPOSSIBLE retry also terminalizes with its recap [504.74ms]
publish	Test and inspect the package	2026-10-07T08:20:10.9904210Z (pass) loop hold: drop ledgered but NO advance while a loop owns the surface [188.21ms]
publish	Test and inspect the package	2026-10-07T08:20:10.9904908Z 
publish	Test and inspect the package	2026-10-07T08:20:10.9905304Z ##[endgroup]
publish	Test and inspect the package	2026-10-07T08:20:10.9907109Z 
publish	Test and inspect the package	2026-10-07T08:20:10.9907666Z ##[group]tests/display.test.ts:
publish	Test and inspect the package	2026-10-07T08:20:11.3707040Z (pass) fmtElapsed [32.45ms]
publish	Test and inspect the package	2026-10-07T08:20:11.3719251Z (pass) fmtTokens [0.08ms]
publish	Test and inspect the package	2026-10-07T08:20:11.3719829Z (pass) truncate [0.13ms]
publish	Test and inspect the package	2026-10-07T08:20:11.3720877Z (pass) D6: the clause-cut floor scales with the budget instead of pinning at 16 [0.31ms]
publish	Test and inspect the package	2026-10-07T08:20:11.3722118Z (pass) D10: fmtElapsed clamps non-finite input to zero [0.05ms]
publish	Test and inspect the package	2026-10-07T08:20:11.3724070Z (pass) display projections remove terminal and zero-width control characters without changing stored state [1.32ms]
publish	Test and inspect the package	2026-10-07T08:20:11.3726189Z (pass) empty state → undefined (segment cleared) [0.22ms]
publish	Test and inspect the package	2026-10-07T08:20:11.3727489Z (pass) active goal shows a compact state capsule (elapsed lives on the card) [0.16ms]
publish	Test and inspect the package	2026-10-07T08:20:11.3729508Z (pass) version tail rides the status on every branch (field 20260909_161057) [0.19ms]
publish	Test and inspect the package	2026-10-07T08:20:11.3731832Z (pass) monitoring intent never substitutes for runtime evidence [0.18ms]
publish	Test and inspect the package	2026-10-07T08:20:11.3735689Z (pass) repair cards show the preserved target and the concrete one-turn recovery [0.41ms]
publish	Test and inspect the package	2026-10-07T08:20:11.3741367Z (pass) repair cards with a sent bootstrap show the explicit retry action [0.20ms]
publish	Test and inspect the package	2026-10-07T08:20:11.3743260Z (pass) active status does not make first-turn or long-idle gaps look green [0.53ms]
publish	Test and inspect the package	2026-10-07T08:20:11.3750234Z (pass) stream-proven work uses one compact status-bar HUD; the card stays quiet [0.65ms]
publish	Test and inspect the package	2026-10-07T08:20:11.3752562Z (pass) v0.34.95: queued + parked recovery surfaces 'parked on provider recovery' on the status line [0.21ms]
publish	Test and inspect the package	2026-10-07T08:20:11.3754852Z (pass) v0.34.95: queued WITHOUT a parked recovery does NOT show quota text (no false signal) [0.13ms]
publish	Test and inspect the package	2026-10-07T08:20:11.3756237Z (pass) v0.34.95: parked recovery on a WORKING goal does NOT show quota text (only queued needs the WHY) [0.21ms]
publish	Test and inspect the package	2026-10-07T08:20:11.3759908Z (pass) v0.34.97: status line shows '⏳ compacting…' during the post-compaction grace window [0.12ms]
publish	Test and inspect the package	2026-10-07T08:20:11.3761254Z (pass) v0.34.97: compacting chip is GONE after the 3-minute grace window [0.12ms]
publish	Test and inspect the package	2026-10-07T08:20:11.3763933Z (pass) v0.34.97: no compacting chip when lastCompactionAt is absent [0.09ms]
publish	Test and inspect the package	2026-10-07T08:20:11.3765061Z (pass) head owns liveness: WORKING status is static, the head carries the animated signal [0.14ms]
publish	Test and inspect the package	2026-10-07T08:20:11.3766445Z (pass) WORKING badge keeps semantic colors without decorative noise [0.23ms]
publish	Test and inspect the package	2026-10-07T08:20:11.3767545Z (pass) active goal with tasks shows progress [0.20ms]
publish	Test and inspect the package	2026-10-07T08:20:11.3768877Z (pass) stale interrupted goal is visibly orphaned, not normally active [0.31ms]
publish	Test and inspect the package	2026-10-07T08:20:11.3771463Z (pass) accepted continuation without a turn-start proof is not mislabeled as a lost host session [0.22ms]
publish	Test and inspect the package	2026-10-07T08:20:11.3785263Z (pass) lifecycle interruption keeps durable auditor disapproval feedback visible [0.97ms]
publish	Test and inspect the package	2026-10-07T08:20:11.3787633Z (pass) widget truncation is width-aware (v0.22.2) [0.64ms]
publish	Test and inspect the package	2026-10-07T08:20:11.3797714Z (pass) audit 2026-09-07: worker rows splice before the auditor block, never inside it [0.93ms]
publish	Test and inspect the package	2026-10-07T08:20:11.3801687Z (pass) widget lines reserve pi-tui's horizontal padding [0.44ms]
publish	Test and inspect the package	2026-10-07T08:20:11.3803739Z (pass) list policy footer: queued count, no duplicated 'list' [0.18ms]
publish	Test and inspect the package	2026-10-07T08:20:11.3805348Z (pass) goal policy footer says 'N queued' (v0.28.11 U10 — was the cryptic 'list N') [0.09ms]
publish	Test and inspect the package	2026-10-07T08:20:11.3807960Z (pass) widget names a list item as such and points at /list, not /goal [0.28ms]
publish	Test and inspect the package	2026-10-07T08:20:11.3824876Z (pass) long-running list card shows a truthful queue trail and immediate next item [0.22ms]
publish	Test and inspect the package	2026-10-07T08:20:11.3825958Z (pass) widget list item, last in queue: no '0 queued' [0.26ms]
publish	Test and inspect the package	2026-10-07T08:20:11.3827125Z (pass) widget goal policy keeps /goal status hint + list N prefix [0.16ms]
publish	Test and inspect the package	2026-10-07T08:20:11.3828054Z (pass) paused shows the reason [0.37ms]
publish	Test and inspect the package	2026-10-07T08:20:11.3829371Z (pass) runtime activity projection scopes goals and active loops to their own start boundary [0.21ms]
publish	Test and inspect the package	2026-10-07T08:20:11.3831589Z (pass) paused lifecycle projection names owner, queue, last activity, and next transition [0.60ms]
publish	Test and inspect the package	2026-10-07T08:20:11.3833101Z (pass) active/in-flight main-model recovery uses one compact card row [0.48ms]
publish	Test and inspect the package	2026-10-07T08:20:11.3842416Z (pass) standalone main-model recovery remains visible when no goal is active [0.97ms]
publish	Test and inspect the package	2026-10-07T08:20:11.3849063Z (pass) loop recovery remains visible while the loop is parked [0.69ms]
publish	Test and inspect the package	2026-10-07T08:20:11.3854954Z (pass) passed provider retryAt stays parked until recovery state clears [0.41ms]
publish	Test and inspect the package	2026-10-07T08:20:11.3876269Z (pass) paused decision without activity says no turn was observed and names the manual path [0.70ms]
publish	Test and inspect the package	2026-10-07T08:20:11.3878275Z (pass) v0.38.70: paused action card leads with the action, history rides after (field 20260920_152744) [1.49ms]
publish	Test and inspect the package	2026-10-07T08:20:11.3880031Z (pass) auditing keeps the footer compact while the widget shows the auditor's current tool [0.38ms]
publish	Test and inspect the package	2026-10-07T08:20:11.3882128Z (pass) v0.34.89: completed goal shows a dim one-line summary instead of a loud status claim [0.16ms]
publish	Test and inspect the package	2026-10-07T08:20:11.3883294Z (pass) v0.34.89: completed goal widget is ONE dim summary line (objective + duration, no verdict card) [0.19ms]
publish	Test and inspect the package	2026-10-07T08:20:11.3887264Z (pass) v0.34.91: completed goal summary shows the agent's completion recap, not the objective echo [0.39ms]
publish	Test and inspect the package	2026-10-07T08:20:11.3889083Z (pass) completed-goal TUI card shows the human outcome without technical recap labels [0.20ms]
publish	Test and inspect the package	2026-10-07T08:20:11.3890304Z (pass) v0.34.91: whitespace-only completion summary falls back to the objective [0.10ms]
publish	Test and inspect the package	2026-10-07T08:20:11.3891775Z (pass) v0.34.89: aborted goal summary names the reason + duration on one line [0.15ms]
publish	Test and inspect the package	2026-10-07T08:20:11.3893169Z (pass) v0.34.89: completed goal without a verdict does not fabricate one on the summary [0.12ms]
publish	Test and inspect the package	2026-10-07T08:20:11.3894976Z (pass) active loop shows iteration + best + stall [0.18ms]
publish	Test and inspect the package	2026-10-07T08:20:11.3898588Z (pass) active loop status names evidence-backed working, waiting, and idle states [0.30ms]
publish	Test and inspect the package	2026-10-07T08:20:11.3900828Z (pass) v0.29.15 — audit-loop widget names the metric instead of showing the raw grep ("that weird line") [0.19ms]
publish	Test and inspect the package	2026-10-07T08:20:11.3901917Z (pass) widget: nothing supervised → undefined [0.04ms]
publish	Test and inspect the package	2026-10-07T08:20:11.3902955Z (pass) widget: goal lines include objective, status, tokens, no footer [0.17ms]
publish	Test and inspect the package	2026-10-07T08:20:11.3905667Z (pass) widget: paused goal shows reason + suggestion [0.29ms]
publish	Test and inspect the package	2026-10-07T08:20:11.3910133Z (pass) widget: auditing shows auditor progress [0.43ms]
publish	Test and inspect the package	2026-10-07T08:20:11.3917387Z (pass) widget: interrupted completion claims render the named recovery-needed lifecycle, not auditor-running [0.40ms]
publish	Test and inspect the package	2026-10-07T08:20:11.3919764Z (pass) widget: a durable running claim without observed progress names its durable state [0.36ms]
publish	Test and inspect the package	2026-10-07T08:20:11.3927943Z (pass) auditor progress phases are explicit and retain worker activity [0.93ms]
publish	Test and inspect the package	2026-10-07T08:20:11.3930574Z (pass) worker-timeout display demotes stale progress to quiet without claiming LIVE [0.27ms]
publish	Test and inspect the package	2026-10-07T08:20:11.3939450Z (pass) detached auditor keeps compact footer liveness and detailed widget evidence without pausing MAIN [0.79ms]
publish	Test and inspect the package	2026-10-07T08:20:11.3942183Z (pass) detached auditor elapsed time keeps ticking between worker progress events [0.32ms]
publish	Test and inspect the package	2026-10-07T08:20:11.3948232Z (pass) detached recent auditor output is sanitized in live and awaiting-verdict widget paths [0.56ms]
publish	Test and inspect the package	2026-10-07T08:20:11.3952293Z (pass) v0.34.86: silent audits show a fine phase label (thinking… / writing report…) [0.38ms]
publish	Test and inspect the package	2026-10-07T08:20:11.3954718Z (pass) v0.34.86: silent audits show a report byte-counter instead of a dead timer [0.28ms]
publish	Test and inspect the package	2026-10-07T08:20:11.3959170Z (pass) v0.34.86: auditorProgressSignals off restores the plain timer-only card [0.40ms]
publish	Test and inspect the package	2026-10-07T08:20:11.3960878Z (pass) v0.34.86: live tail (auditorSilent off) is unaffected by the byte counter [0.21ms]
publish	Test and inspect the package	2026-10-07T08:20:11.3966411Z (pass) H-code: HUD liveness gate rejects clock-skewed lastActivityAt (future timestamps must not claim LIVE) [0.44ms]
publish	Test and inspect the package	2026-10-07T08:20:11.3976805Z (pass) auditor widget shows concrete worker observations without exposing think blocks [0.99ms]
publish	Test and inspect the package	2026-10-07T08:20:11.3990398Z (pass) v0.34.119: repeated auditor tool telemetry does not render a tool-name history [0.35ms]
publish	Test and inspect the package	2026-10-07T08:20:11.3992373Z (pass) v0.34.66: auditor stream is SILENT by default — no live tail, muted note instead [0.19ms]
publish	Test and inspect the package	2026-10-07T08:20:11.3994941Z (pass) v0.34.66: at the verdict the FINAL report shows even when silent [0.85ms]
publish	Test and inspect the package	2026-10-07T08:20:11.3996447Z (pass) v0.38.55: no spacer row between observations and the card footer (Screenshot 20260914) [0.46ms]
publish	Test and inspect the package	2026-10-07T08:20:11.3998549Z (pass) v0.38.55: no spacer is invented when there is no worker text [0.25ms]
publish	Test and inspect the package	2026-10-07T08:20:11.4005271Z (pass) v0.34.56: unmatched tool-event counts render ONLY with evidence (never a zero-fact observation) [0.74ms]
publish	Test and inspect the package	2026-10-07T08:20:11.4007880Z (pass) stale auditor snapshots show the last tool, not a fake current tool [0.28ms]
publish	Test and inspect the package	2026-10-07T08:20:11.4010294Z (pass) auditor startup does not claim worker activity before the first RPC event [0.21ms]
publish	Test and inspect the package	2026-10-07T08:20:11.4013702Z (pass) widget: loop lines include measure + metric state [0.31ms]
publish	Test and inspect the package	2026-10-07T08:20:11.4017347Z (pass) held loop alone → status segment + widget card (before: BOTH vanished) [0.34ms]
publish	Test and inspect the package	2026-10-07T08:20:11.4021092Z (pass) held loop + paused goal → both visible (status suffix + widget trailing line) [0.35ms]
publish	Test and inspect the package	2026-10-07T08:20:11.4023667Z (pass) held loop + active goal → status suffix present [0.10ms]
publish	Test and inspect the package	2026-10-07T08:20:11.4026098Z (pass) v0.34.89: held loop + completed goal → dim summary shows, held loop stays visible via suffix [0.10ms]
publish	Test and inspect the package	2026-10-07T08:20:11.4027646Z (pass) active loop unchanged; stopped loop stays invisible [0.17ms]
publish	Test and inspect the package	2026-10-07T08:20:11.4030925Z (pass) decision pause: banner + numbered options + recommended flagged (widget + status) [0.58ms]
publish	Test and inspect the package	2026-10-07T08:20:11.4042587Z (pass) v0.38.71: decision card renders the action before the options (field UI-SURVEY-2026-09-20) [1.12ms]
publish	Test and inspect the package	2026-10-07T08:20:11.4048656Z (pass) error pause: ACTION NEEDED banner, action line popped (widget + status) [0.46ms]
publish	Test and inspect the package	2026-10-07T08:20:11.4051965Z (pass) active auditor infrastructure failure is visible as blocked, not green progress [0.47ms]
publish	Test and inspect the package	2026-10-07T08:20:11.4057751Z (pass) v0.34.87: paused auditor no-verdict is parked, not host-bearing (surface separation) [0.45ms]
publish	Test and inspect the package	2026-10-07T08:20:11.4059223Z (pass) v0.34.87: a paused LIST item's parked line names /list resume and the queue [0.16ms]
publish	Test and inspect the package	2026-10-07T08:20:11.4064790Z (pass) MAIN activity is never represented as detached — the detached marker belongs only to the live auditor badge [0.36ms]
publish	Test and inspect the package	2026-10-07T08:20:11.4066547Z (pass) v0.34.57: MAIN host label is pinned to SUPERVISING by the MAIN_HOST_LABEL constant guard [0.47ms]
publish	Test and inspect the package	2026-10-07T08:20:11.4072783Z (pass) active auditor verdicts never masquerade as infrastructure no-verdict [0.53ms]
publish	Test and inspect the package	2026-10-07T08:20:11.4077982Z (pass) provider payloads stay out of durable disapproval widget feedback [0.55ms]
publish	Test and inspect the package	2026-10-07T08:20:11.4081517Z (pass) v0.34.64: retry-class pause shows uniform auto-retrying countdown; no QUOTA WALL anywhere [0.33ms]
publish	Test and inspect the package	2026-10-07T08:20:11.4084644Z (pass) v0.34.64: ambiguous (transient 503) recovery is shown with the same auto-retrying badge — no special 'wall' label [0.22ms]
publish	Test and inspect the package	2026-10-07T08:20:11.4089331Z (pass) v0.34.102: paused goal parked on mainModelRecovery renders as RECOVERING, not paused (widget head + card) [0.53ms]
publish	Test and inspect the package	2026-10-07T08:20:11.4091667Z (pass) v0.34.102: wait pause WITHOUT mainModelRecovery keeps the uniform auto-retrying shape [0.23ms]
publish	Test and inspect the package	2026-10-07T08:20:11.4125000Z (pass) v0.34.64: 24h horizon holds render as a paused card with the suggested action; no manual-resume wording [2.91ms]
publish	Test and inspect the package	2026-10-07T08:20:11.4127566Z (pass) main-model recovery manual hold does not claim a non-quota block [0.51ms]
publish	Test and inspect the package	2026-10-07T08:20:11.4130132Z (pass) blocked card carries one directive: timer names itself, otherwise resume [0.39ms]
publish	Test and inspect the package	2026-10-07T08:20:11.4132468Z (pass) v0.34.51: a passed quota resumeAt says resuming…, never the old 'retrying now' [0.19ms]
publish	Test and inspect the package	2026-10-07T08:20:11.4135178Z (pass) legacy pause (no kind): flat card unchanged; error-regex still classifies the status line [0.31ms]
publish	Test and inspect the package	2026-10-07T08:20:11.4139231Z (pass) v0.28.30: the widget card status line ALWAYS names the type (goal · / list item ·) [0.35ms]
publish	Test and inspect the package	2026-10-07T08:20:11.4207009Z (pass) v0.33.0: slim card — meter rounding guard, folded status segments, last-action line [6.51ms]
publish	Test and inspect the package	2026-10-07T08:20:11.4212086Z (pass) v0.38.27: widget task count — a closed parent covers its subtasks (ported from Bjynt's PR #45) [0.69ms]
publish	Test and inspect the package	2026-10-07T08:20:11.4257473Z (pass) v0.33.1: audit-batch — sanitize, head fits width, last restored, flag lifecycle [4.47ms]
publish	Test and inspect the package	2026-10-07T08:20:11.4297342Z (pass) v0.33.2: loop proactiveness + respec machinery [4.03ms]
publish	Test and inspect the package	2026-10-07T08:20:11.4298595Z (pass) v0.34.100: auditorSilent default is on in settings (every session model) [0.13ms]
publish	Test and inspect the package	2026-10-07T08:20:11.4337599Z (pass) v0.34.100: auditorSilent plumbing threads the loaded setting through extras [3.82ms]
publish	Test and inspect the package	2026-10-07T08:20:11.4375352Z (pass) v0.36.2: live UI repaint has a bounded cadence and diff guard [3.79ms]
publish	Test and inspect the package	2026-10-07T08:20:11.4382279Z (pass) v0.34.100: silent-default widget renders muted for ANY session model [0.69ms]
publish	Test and inspect the package	2026-10-07T08:20:11.4441469Z (pass) v0.34.96/v0.34.128: complete_goal detects 'already shipped' / 'verified vX covers this' / 'no new work shipped' — version-bearing aborts, version-less routes to the audit (SRC-pinned in display.test.ts) [5.60ms]
publish	Test and inspect the package	2026-10-07T08:20:11.4444264Z (pass) audit-2026-09-07: widget worker rows render bare glyph-first, no `agent: ` prefix [0.45ms]
publish	Test and inspect the package	2026-10-07T08:20:11.4445660Z (pass) audit-2026-09-06: status line honors the width budget [0.34ms]
publish	Test and inspect the package	2026-10-07T08:20:11.4457873Z (pass) audit-2026-09-06: truncate/wrap are cell-aware (CJK/emoji + surrogate-safe) [1.10ms]
publish	Test and inspect the package	2026-10-07T08:20:11.4460177Z (pass) version tail rides the paused branch too, not just active [0.15ms]
publish	Test and inspect the package	2026-10-07T08:20:11.4460887Z 
publish	Test and inspect the package	2026-10-07T08:20:11.4461702Z ##[endgroup]
publish	Test and inspect the package	2026-10-07T08:20:11.4464918Z 
publish	Test and inspect the package	2026-10-07T08:20:11.4465670Z ##[group]tests/durable-wait.test.mjs:
publish	Test and inspect the package	2026-10-07T08:20:11.8268681Z (pass) durable wait succeeds before its deadline and reports elapsed polling [2.10ms]
publish	Test and inspect the package	2026-10-07T08:20:11.8279071Z (pass) durable wait returns a real timeout instead of treating elapsed time as success [1.12ms]
publish	Test and inspect the package	2026-10-07T08:20:11.8280511Z (pass) a late done observation after the deadline is a timeout, not success [0.19ms]
publish	Test and inspect the package	2026-10-07T08:20:11.8293532Z (pass) archive-count waits use the same durable deadline and return the observed count [1.23ms]
publish	Test and inspect the package	2026-10-07T08:20:11.8304537Z (pass) a restarted waiter observes the same durable file without an old timer [1.10ms]
publish	Test and inspect the package	2026-10-07T08:20:11.8312969Z (pass) provider recovery is a terminal reason, never a false approval or timeout [0.86ms]
publish	Test and inspect the package	2026-10-07T08:20:11.8317664Z (pass) smoke harness uses the durable wait CLI for durable outcomes [0.46ms]
publish	Test and inspect the package	2026-10-07T08:20:11.8318357Z 
publish	Test and inspect the package	2026-10-07T08:20:11.8319021Z ##[endgroup]
publish	Test and inspect the package	2026-10-07T08:20:11.8324554Z 
publish	Test and inspect the package	2026-10-07T08:20:11.8325184Z ##[group]tests/pending-latch.test.ts:
publish	Test and inspect the package	2026-10-07T08:20:12.2070626Z (pass) watchdog fires on the field-observed shape: supervising + idle + pending + no timers + silent >= threshold [0.60ms]
publish	Test and inspect the package	2026-10-07T08:20:12.2072134Z (pass) watchdog does NOT fire when any guard fails [0.11ms]
publish	Test and inspect the package	2026-10-07T08:20:12.2073633Z (pass) threshold is 3 minutes (post-compaction settle is 2s; legit queue latency is seconds) [0.04ms]
publish	Test and inspect the package	2026-10-07T08:20:12.2085071Z (pass) heartbeat wiring: idle/pending split, watchdog branch, ledger event, wedge uses !idle, shared escalation [1.07ms]
publish	Test and inspect the package	2026-10-07T08:20:12.2087147Z (pass) the exact 'ℹ todo 0' junk line (enqueued as a /list item by the 0.26.2 reviewer) never classifies [0.27ms]
publish	Test and inspect the package	2026-10-07T08:20:12.2088272Z 
publish	Test and inspect the package	2026-10-07T08:20:12.2088943Z ##[endgroup]
publish	Test and inspect the package	2026-10-07T08:20:12.2089178Z 
publish	Test and inspect the package	2026-10-07T08:20:12.2089592Z ##[group]tests/context-checkpoint.test.ts:
publish	Test and inspect the package	2026-10-07T08:20:12.5958375Z (pass) authoritative checkpoint carries stable state only — no dynamic fields [1.26ms]
publish	Test and inspect the package	2026-10-07T08:20:12.5972552Z (pass) real continuation payload growth is bounded after checkpoint projection [3.60ms]
publish	Test and inspect the package	2026-10-07T08:20:12.5974916Z (pass) projection removes old goal events, inserts one checkpoint, and keeps newest payload [0.24ms]
publish	Test and inspect the package	2026-10-07T08:20:12.5976227Z (pass) one goal event is a no-op and does not inject a checkpoint [0.10ms]
publish	Test and inspect the package	2026-10-07T08:20:12.5977573Z (pass) zero-retention mode resynchronizes from the checkpoint without retaining payloads [0.09ms]
publish	Test and inspect the package	2026-10-07T08:20:12.5985084Z (pass) loop-only projection bounds repeated payloads and carries loop authority [0.83ms]
publish	Test and inspect the package	2026-10-07T08:20:12.5988492Z (pass) loop checkpoint is byte-stable across volatile loop progress (prefix-cache stability) [0.34ms]
publish	Test and inspect the package	2026-10-07T08:20:12.6031497Z (pass) context hook projects loop-only state and records loop authority [4.29ms]
publish	Test and inspect the package	2026-10-07T08:20:12.6043243Z (pass) paused goal plus active loop preserves both authorities in the checkpoint [1.14ms]
publish	Test and inspect the package	2026-10-07T08:20:12.6050405Z (pass) oversized paused goal plus active loop reserves required checkpoint fields [0.72ms]
publish	Test and inspect the package	2026-10-07T08:20:12.6060642Z (pass) context hook uses current durable state and records the projection [0.98ms]
publish	Test and inspect the package	2026-10-07T08:20:12.6062611Z (pass) audit-2026-09-06: marker text without customType is content, never control plane [0.19ms]
publish	Test and inspect the package	2026-10-07T08:20:12.6068985Z (pass) v0.38.54: context hook leaves the transcript alone by default (prefix-cache continuity) [0.61ms]
publish	Test and inspect the package	2026-10-07T08:20:12.6072212Z (pass) v0.38.54: junk contextCheckpointProjection normalizes to unset (default off) [0.33ms]
publish	Test and inspect the package	2026-10-07T08:20:12.6084012Z (pass) v0.38.54: settings menu carries the opt-in row, off by default [1.12ms]
publish	Test and inspect the package	2026-10-07T08:20:12.6084643Z 
publish	Test and inspect the package	2026-10-07T08:20:12.6085172Z ##[endgroup]
publish	Test and inspect the package	2026-10-07T08:20:12.6088444Z 
publish	Test and inspect the package	2026-10-07T08:20:12.6089450Z ##[group]tests/command-registration-collisions.test.ts:
publish	Test and inspect the package	2026-10-07T08:20:12.9143944Z (pass) v0.34.55: model — a collided name is suffixed for EVERY registrant; the bare name becomes unowned [0.55ms]
publish	Test and inspect the package	2026-10-07T08:20:12.9145221Z (pass) v0.34.55: model — within-extension re-registration is last-wins (Map.set), no self-collision [0.12ms]
publish	Test and inspect the package	2026-10-07T08:20:12.9146089Z (pass) v0.34.138: routing scan follows local imports and keeps winner paths portable [1.74ms]
publish	Test and inspect the package	2026-10-07T08:20:12.9555656Z (pass) v0.34.55: live rig — the routing table records duplicate-command routing and identifies the winning registration [41.18ms]
publish	Test and inspect the package	2026-10-07T08:20:12.9562168Z (pass) v0.35.47: every handled /list and /loop subcommand has a completion entry [0.93ms]
publish	Test and inspect the package	2026-10-07T08:20:12.9566571Z (pass) every canonical /glla action is discoverable in completions [0.45ms]
publish	Test and inspect the package	2026-10-07T08:20:12.9570683Z (pass) every handled /goal subcommand has a completion entry [0.42ms]
publish	Test and inspect the package	2026-10-07T08:20:12.9571478Z 
publish	Test and inspect the package	2026-10-07T08:20:12.9572203Z ##[endgroup]
publish	Test and inspect the package	2026-10-07T08:20:12.9576515Z 
publish	Test and inspect the package	2026-10-07T08:20:12.9577312Z ##[group]tests/long-term-preferences-boundary.test.ts:
publish	Test and inspect the package	2026-10-07T08:20:13.2534927Z (pass) continuation prompt has no auto-injected preference section [0.47ms]
publish	Test and inspect the package	2026-10-07T08:20:13.3025987Z (pass) no extension auto-prefers a remembered prose value [51.97ms]
publish	Test and inspect the package	2026-10-07T08:20:13.3029747Z (pass) Settings has no opaque free-form text field (typed boundary) [0.55ms]
publish	Test and inspect the package	2026-10-07T08:20:13.3124058Z (pass) saveSettings is the only writer to the settings JSON files [9.29ms]
publish	Test and inspect the package	2026-10-07T08:20:13.3125702Z (pass) goal-settings.ts header documents the long-term-preferences policy [0.20ms]
publish	Test and inspect the package	2026-10-07T08:20:13.3127014Z 
publish	Test and inspect the package	2026-10-07T08:20:13.3127691Z ##[endgroup]
publish	Test and inspect the package	2026-10-07T08:20:13.3130291Z 
publish	Test and inspect the package	2026-10-07T08:20:13.3131031Z ##[group]tests/load-without-autostart.test.ts:
publish	Test and inspect the package	2026-10-07T08:20:14.3941954Z (pass) v0.35.23: DEFAULT cold load restores + displays a pending goal but sends NOTHING and arms NO automation [781.90ms]
publish	Test and inspect the package	2026-10-07T08:20:14.9592390Z (pass) v0.35.23: DEFAULT cold load HELDS a persisted live loop instead of resuming its ticks [565.11ms]
publish	Test and inspect the package	2026-10-07T08:20:15.4796949Z (pass) v0.35.23: explicit autoResume:true restores load-time automation (opt-in = today's behavior) [520.39ms]
publish	Test and inspect the package	2026-10-07T08:20:16.0672712Z (pass) v0.35.23: /goal resume releases the load hold and re-arms automation [587.67ms]
publish	Test and inspect the package	2026-10-07T08:20:17.7397848Z (pass) v0.38.96: /glla resume releases the load hold BEFORE the manual-recovery probe (field 2026-09-23) [1672.31ms]
publish	Test and inspect the package	2026-10-07T08:20:18.1801942Z (pass) v0.38.96: /loop resume releases the load hold BEFORE the manual-recovery probe [440.44ms]
publish	Test and inspect the package	2026-10-07T08:20:18.6852742Z (pass) v0.35.23: /list next also releases the hold and starts the queued head [504.91ms]
publish	Test and inspect the package	2026-10-07T08:20:19.0481548Z (pass) completed project receipt does not create or retain a load hold (legacy=false) [363.08ms]
publish	Test and inspect the package	2026-10-07T08:20:19.3447757Z (pass) completed project receipt does not create or retain a load hold (legacy=true) [296.60ms]
publish	Test and inspect the package	2026-10-07T08:20:19.6520668Z (pass) terminal receipt restore preserves an explicit supervisor pause [307.30ms]
publish	Test and inspect the package	2026-10-07T08:20:19.9454640Z (pass) a completed project beside a waiting queue still holds the unfinished queue [293.32ms]
publish	Test and inspect the package	2026-10-07T08:20:19.9510212Z (pass) terminal-only blank startup does not advertise work to resume [5.50ms]
publish	Test and inspect the package	2026-10-07T08:20:19.9511062Z 
publish	Test and inspect the package	2026-10-07T08:20:19.9511853Z ##[endgroup]
publish	Test and inspect the package	2026-10-07T08:20:19.9513794Z 
publish	Test and inspect the package	2026-10-07T08:20:19.9514172Z ##[group]tests/test-runner-lifecycle.test.ts:
publish	Test and inspect the package	2026-10-07T08:20:20.6558623Z (pass) runner propagates failing exit even when both pipes close before the child exits [397.72ms]
publish	Test and inspect the package	2026-10-07T08:20:20.7931528Z (pass) runner fails on SIGINT even when its child cooperatively exits zero [137.22ms]
publish	Test and inspect the package	2026-10-07T08:20:20.9161293Z (pass) runner fails on SIGTERM even when its child cooperatively exits zero [120.48ms]
publish	Test and inspect the package	2026-10-07T08:20:26.0308036Z (pass) runner escalates a child that ignores TERM and still reports interruption [5117.15ms]
publish	Test and inspect the package	2026-10-07T08:20:26.7030763Z (pass) runner reaps a TERM-ignoring group descendant after normal leader exit [672.25ms]
publish	Test and inspect the package	2026-10-07T08:20:26.8249805Z (pass) runner reaps a TERM-ignoring group descendant after signal leader exit [121.77ms]
publish	Test and inspect the package	2026-10-07T08:20:28.3090458Z (pass) runner reaps a registered detached worker and its TERM-ignoring descendant on normal exit [1484.15ms]
publish	Test and inspect the package	2026-10-07T08:20:29.5911514Z (pass) runner reaps a registered detached worker and its TERM-ignoring descendant on signal exit [1282.13ms]
publish	Test and inspect the package	2026-10-07T08:20:29.5981342Z (pass) registry refuses to signal a record naming a reused leader identity [7.02ms]
publish	Test and inspect the package	2026-10-07T08:20:29.7131093Z (pass) runner refuses a green suite after a swallowed primary registration write failure [114.80ms]
publish	Test and inspect the package	2026-10-07T08:20:29.8535013Z (pass) runner refuses a green suite after a swallowed obligation registration write failure [140.33ms]
publish	Test and inspect the package	2026-10-07T08:20:29.9937196Z (pass) parent runner fails after swallowed initial identity denial and restored reads [140.19ms]
publish	Test and inspect the package	2026-10-07T08:20:30.1031866Z (pass) runner retains cleanup evidence when its own initial registration refuses [109.52ms]
publish	Test and inspect the package	2026-10-07T08:20:30.1032450Z 
publish	Test and inspect the package	2026-10-07T08:20:30.1339045Z ##[endgroup]
publish	Test and inspect the package	2026-10-07T08:20:30.1339348Z 
publish	Test and inspect the package	2026-10-07T08:20:30.1340398Z ##[group]tests/loop-error-exemption.test.ts:
publish	Test and inspect the package	2026-10-07T08:20:31.0572570Z (pass) v0.29.19: provider-error turns are NOT iterations — no measure, no stall, no stuck; loop stays active [598.78ms]
publish	Test and inspect the package	2026-10-07T08:20:32.1416847Z (pass) v0.35.x: repeated in-band provider tool output parks recovery without loop stuck accounting [1084.47ms]
publish	Test and inspect the package	2026-10-07T08:20:32.4326611Z (pass) explicit in-band prompt-policy refusal stops a loop on its first pane [291.04ms]
publish	Test and inspect the package	2026-10-07T08:20:32.9547708Z (pass) v0.29.19: a real turn after errors clears the streak and measures normally [521.94ms]
publish	Test and inspect the package	2026-10-07T08:20:32.9563653Z (pass) v0.35.x: recoverable provider failures use the same durable recovery envelope [0.25ms]
publish	Test and inspect the package	2026-10-07T08:20:34.1780393Z (pass) v0.34.31: extended quota errors enter durable main-model recovery [1222.99ms]
publish	Test and inspect the package	2026-10-07T08:20:35.5266829Z (pass) v0.34.26: loop output-token exhaustion persists and notifies the compact recap [1348.53ms]
publish	Test and inspect the package	2026-10-07T08:20:36.0698852Z (pass) v0.29.19: 3 consecutive user aborts stop the loop — user aborts mean STOP [543.24ms]
publish	Test and inspect the package	2026-10-07T08:20:38.2470835Z (pass) v0.29.19: audit plateau with OPEN findings stands down (reprieve), then stops honestly when reprieves run out [2177.07ms]
publish	Test and inspect the package	2026-10-07T08:20:38.4205060Z [run-tests] progress: 510s elapsed · 0s since last output · 260 KiB of suite output
publish	Test and inspect the package	2026-10-07T08:20:38.6255275Z (pass) v0.29.20: a plain plateau stop is resumable (pre-gate false plateaus recover) [376.10ms]
publish	Test and inspect the package	2026-10-07T08:20:38.8175239Z (pass) v0.29.19: audit plateau with ZERO open findings stops normally — the well is dry [194.30ms]
publish	Test and inspect the package	2026-10-07T08:20:38.8175993Z 
publish	Test and inspect the package	2026-10-07T08:20:38.8176460Z ##[endgroup]
publish	Test and inspect the package	2026-10-07T08:20:38.8178951Z 
publish	Test and inspect the package	2026-10-07T08:20:38.8179515Z ##[group]tests/runtime-globals-contract.test.ts:
publish	Test and inspect the package	2026-10-07T08:20:39.1181206Z (pass) runtime global bridge has one typed declaration for every registration [3.89ms]
publish	Test and inspect the package	2026-10-07T08:20:39.1193596Z (pass) audit-2026-09-06: runtime globals register exactly once per process [0.45ms]
publish	Test and inspect the package	2026-10-07T08:20:39.1194324Z 
publish	Test and inspect the package	2026-10-07T08:20:39.1194869Z ##[endgroup]
publish	Test and inspect the package	2026-10-07T08:20:39.1195090Z 
publish	Test and inspect the package	2026-10-07T08:20:39.1195547Z ##[group]tests/objective-conflict.test.ts:
publish	Test and inspect the package	2026-10-07T08:20:39.6365147Z (pass) C7: declining the conflict confirm ends the update — no retry re-prompt [210.54ms]
publish	Test and inspect the package	2026-10-07T08:20:39.8074495Z (pass) C7 control: accepting the conflict confirm applies the whole-objective update [170.65ms]
publish	Test and inspect the package	2026-10-07T08:20:39.8075238Z 
publish	Test and inspect the package	2026-10-07T08:20:39.8075746Z ##[endgroup]
publish	Test and inspect the package	2026-10-07T08:20:39.8105859Z 
publish	Test and inspect the package	2026-10-07T08:20:39.8106694Z ##[group]tests/auditor-payload-escaping.test.ts:
publish	Test and inspect the package	2026-10-07T08:20:40.1044952Z (pass) auditor payload escaping keeps XML-like delimiters inside untrusted data [0.97ms]
publish	Test and inspect the package	2026-10-07T08:20:40.1067466Z 
publish	Test and inspect the package	2026-10-07T08:20:40.1074927Z ##[endgroup]
publish	Test and inspect the package	2026-10-07T08:20:40.1075193Z 
publish	Test and inspect the package	2026-10-07T08:20:40.1075537Z ##[group]tests/post-accept-hang-retry.test.ts:
publish	Test and inspect the package	2026-10-07T08:20:40.3976045Z (pass) v0.35.x zombieRetryDecision: repeated silence consumes the configured retry budget [0.56ms]
publish	Test and inspect the package	2026-10-07T08:20:40.3984723Z (pass) v0.35.x zombieRetryDecision: exhaustion refuses without a retry storm [0.12ms]
publish	Test and inspect the package	2026-10-07T08:20:40.3989178Z (pass) v0.35.x zombieRetryDecision: a different owner key always gets its own budget [0.05ms]
publish	Test and inspect the package	2026-10-07T08:20:40.3990329Z (pass) v0.35.x production retry defaults stay finite and bounded [0.25ms]
publish	Test and inspect the package	2026-10-07T08:20:40.3991874Z (pass) v0.35.17 source: the auto-retry is armed inside abortZombieRun behind the streak decision [0.41ms]
publish	Test and inspect the package	2026-10-07T08:20:40.3993680Z (pass) v0.35.17 source: the retry timer respects /glla pause and only clears ITS OWN park [0.20ms]
publish	Test and inspect the package	2026-10-07T08:20:40.3995401Z (pass) v0.35.x source: the user-facing copy announces the bounded retry budget [0.15ms]
publish	Test and inspect the package	2026-10-07T08:20:41.1022278Z (pass) v0.35.x behavioral: a hung post-accept turn aborts, parks, then AUTO-resumes within the budget [705.70ms]
publish	Test and inspect the package	2026-10-07T08:20:42.1527451Z (pass) v0.35.x behavioral: repeated zero-stream aborts retry until exhaustion, then stay parked [1050.45ms]
publish	Test and inspect the package	2026-10-07T08:20:42.4927960Z (pass) v0.35.17 behavioral: /glla pause during the waystation freezes the automatic retry [339.95ms]
publish	Test and inspect the package	2026-10-07T08:20:42.4928986Z 
publish	Test and inspect the package	2026-10-07T08:20:42.4929805Z ##[endgroup]
publish	Test and inspect the package	2026-10-07T08:20:42.4932197Z 
publish	Test and inspect the package	2026-10-07T08:20:42.4932781Z ##[group]tests/quota-park-reroute.test.ts:
publish	Test and inspect the package	2026-10-07T08:20:43.0969517Z (pass) quota evidence: a subagent 429 tool error is recorded on the goal [306.92ms]
publish	Test and inspect the package	2026-10-07T08:20:43.3670001Z (pass) quota reroute: blocked park with fresh evidence becomes a supervised wait [270.05ms]
publish	Test and inspect the package	2026-10-07T08:20:43.5161703Z (pass) quota reroute: quota wording in the reason needs no evidence [149.16ms]
publish	Test and inspect the package	2026-10-07T08:20:43.7144789Z (pass) quota reroute: ordinary and stale-evidence parks are untouched [197.85ms]
publish	Test and inspect the package	2026-10-07T08:20:43.7148480Z 
publish	Test and inspect the package	2026-10-07T08:20:43.7149172Z ##[endgroup]
publish	Test and inspect the package	2026-10-07T08:20:43.7149398Z 
publish	Test and inspect the package	2026-10-07T08:20:43.7149827Z ##[group]tests/settings-menu-complete.test.ts:
publish	Test and inspect the package	2026-10-07T08:20:44.0112648Z (pass) every row carries every required column field [1.93ms]
publish	Test and inspect the package	2026-10-07T08:20:44.0128189Z (pass) role-specific tabs keep each agent's model, thinking, and fallback controls together [0.17ms]
publish	Test and inspect the package	2026-10-07T08:20:44.0130736Z (pass) every row's section is one of the 8 known section ids (no orphans) [0.76ms]
publish	Test and inspect the package	2026-10-07T08:20:44.0132703Z (pass) main-agent tab starts with the runtime agent; drafter and subagent chains have their own tabs [0.92ms]
publish	Test and inspect the package	2026-10-07T08:20:44.0519075Z (pass) main fallback row explains ordered, deselectable selection [38.67ms]
publish	Test and inspect the package	2026-10-07T08:20:44.0526831Z (pass) role rows show each selected model with requested/effective thinking [0.90ms]
publish	Test and inspect the package	2026-10-07T08:20:44.0533528Z (pass) v0.36.0: unset auditor thinking mirrors the parent session and the fallback row uses the main shape [0.66ms]
publish	Test and inspect the package	2026-10-07T08:20:44.0538531Z (pass) inherited drafter and auditor model rows identify the session category [0.52ms]
publish	Test and inspect the package	2026-10-07T08:20:44.0543407Z (pass) all embedded subagent types expose editable fallback-chain rows [0.50ms]
publish	Test and inspect the package	2026-10-07T08:20:44.0549571Z (pass) key rows from v0.27.0 settings menu are all present (menu coverage contract) [0.59ms]
publish	Test and inspect the package	2026-10-07T08:20:44.0557428Z (pass) descriptions and values carry no version-tag chrome (v0.34.25) [0.78ms]
publish	Test and inspect the package	2026-10-07T08:20:44.0598440Z (pass) rows map 1:1 to dispatchable ids (every id can drive a handler) [4.08ms]
publish	Test and inspect the package	2026-10-07T08:20:44.0604258Z (pass) main fallback row shows the persisted numbered try order and truthful runtime semantics [0.60ms]
publish	Test and inspect the package	2026-10-07T08:20:44.0618613Z (pass) auditorAllowedExtensions valueText is a count — never joined absolute paths (screen-size crash) [1.35ms]
publish	Test and inspect the package	2026-10-07T08:20:44.0623808Z (pass) valueText derives from settings (effective values surface for each row) [0.55ms]
publish	Test and inspect the package	2026-10-07T08:20:44.0631939Z (pass) default fallbacks surface when settings + provenance both missing [0.77ms]
publish	Test and inspect the package	2026-10-07T08:20:44.0642815Z (pass) default fallbacks follow the effective aggressive matrix (explicit off → base values) [1.06ms]
publish	Test and inspect the package	2026-10-07T08:20:44.0649338Z (pass) effective resolution names the real session model for inherit-parent [0.69ms]
publish	Test and inspect the package	2026-10-07T08:20:44.0655249Z (pass) provenance flows into sourceText (project/global/default tags) [0.57ms]
publish	Test and inspect the package	2026-10-07T08:20:44.0660565Z (pass) haiku mention is dropped from any valueText / description / sourceText [0.52ms]
publish	Test and inspect the package	2026-10-07T08:20:44.0666681Z (pass) headless `/glla` fallback keeps stall brakes and the v0.34.127 sync list [0.58ms]
publish	Test and inspect the package	2026-10-07T08:20:44.0700133Z (pass) the legacy flat-row startsWith logic is removed (no more `──` section headers in code) [3.25ms]
publish	Test and inspect the package	2026-10-07T08:20:44.0704537Z (pass) /glla tooloverride still routes headlessly (regression: subsystems unchanged) [0.48ms]
publish	Test and inspect the package	2026-10-07T08:20:44.0707553Z (pass) postaudit and reviewer routes both open the reviewer menu (back-compat) [0.33ms]
publish	Test and inspect the package	2026-10-07T08:20:44.0713442Z (pass) stateRoot: one global-only row with the workingDir default [0.59ms]
publish	Test and inspect the package	2026-10-07T08:20:44.0719498Z (pass) v0.28.20: no bracket/paren chrome — VALUE and SOURCE render bare [0.57ms]
publish	Test and inspect the package	2026-10-07T08:20:44.0742383Z (pass) audit-2026-09-06: settings TUI tabs row is truncated to terminal width [2.25ms]
publish	Test and inspect the package	2026-10-07T08:20:44.0756531Z (pass) audit 2026-09-06: normalizeLoadedSettings resets junk numerics/enums/strings to unset [1.40ms]
publish	Test and inspect the package	2026-10-07T08:20:44.0811132Z (pass) settings provenance reports normalized effective values, not rejected raw junk [5.41ms]
publish	Test and inspect the package	2026-10-07T08:20:44.0819557Z (pass) audit 2026-09-06: legacy reviewer block migrates to postaudit [0.91ms]
publish	Test and inspect the package	2026-10-07T08:20:44.0822627Z (pass) audit 2026-09-07 (LOW, findings 392-394): quiet copy names the count line at every surface [0.28ms]
publish	Test and inspect the package	2026-10-07T08:20:44.0933129Z (pass) settings table fits narrow terminals with details both hidden and visible [10.38ms]
publish	Test and inspect the package	2026-10-07T08:20:44.0934537Z 
publish	Test and inspect the package	2026-10-07T08:20:44.0935054Z ##[endgroup]
publish	Test and inspect the package	2026-10-07T08:20:44.0935265Z 
publish	Test and inspect the package	2026-10-07T08:20:44.0935731Z ##[group]tests/mode-command-guidance.test.ts:
publish	Test and inspect the package	2026-10-07T08:20:44.4327284Z (pass) mode-aware helpers exist and route by policy [38.10ms]
publish	Test and inspect the package	2026-10-07T08:20:44.4482813Z (pass) no hardcoded /goal <cmd> literals remain in generated guidance (goal.ts) [15.54ms]
publish	Test and inspect the package	2026-10-07T08:20:44.4562581Z (pass) loop-policy recovery guidance interpolates recoverySurfaceCommand (v0.34.108) [7.79ms]
publish	Test and inspect the package	2026-10-07T08:20:44.4564129Z (pass) widget resume hints are mode-aware ternaries (display.ts) [0.15ms]
publish	Test and inspect the package	2026-10-07T08:20:44.6681649Z (pass) goal-policy pause notifies with /goal resume [209.06ms]
publish	Test and inspect the package	2026-10-07T08:20:44.8935160Z (pass) list-policy pause notifies with /list resume [222.89ms]
publish	Test and inspect the package	2026-10-07T08:20:44.8936979Z (pass) widget wait countdown is uniform auto-retrying (no manual resume hint — v0.34.64) [2.78ms]
publish	Test and inspect the package	2026-10-07T08:20:44.8938260Z (pass) widget no-verdict fallback action is mode-aware [0.56ms]
publish	Test and inspect the package	2026-10-07T08:20:44.8938914Z 
publish	Test and inspect the package	2026-10-07T08:20:44.8939558Z ##[endgroup]
publish	Test and inspect the package	2026-10-07T08:20:44.8939913Z 
publish	Test and inspect the package	2026-10-07T08:20:44.8940494Z ##[group]tests/zombie-subagent-tool-name.test.ts:
publish	Test and inspect the package	2026-10-07T08:20:45.2640615Z (pass) v0.35.26 #13: an in-flight 'subagent' call stands down the zombie abort until it settles [69.38ms]
publish	Test and inspect the package	2026-10-07T08:20:45.2746618Z (pass) v0.35.26 #13: the blocking 'subagent_wait' tool gets the same stand-down [11.60ms]
publish	Test and inspect the package	2026-10-07T08:20:45.2756328Z (pass) v0.35.26 #13: both watchdog sites consume the shared isSubagentWaitCall name set [0.34ms]
publish	Test and inspect the package	2026-10-07T08:20:45.2757097Z 
publish	Test and inspect the package	2026-10-07T08:20:45.2757703Z ##[endgroup]
publish	Test and inspect the package	2026-10-07T08:20:45.2758008Z 
publish	Test and inspect the package	2026-10-07T08:20:45.2758563Z ##[group]tests/loop-branch-ownership.test.ts:
publish	Test and inspect the package	2026-10-07T08:20:45.6293569Z Switched to a new branch 'pi-glla-loop/test'
publish	Test and inspect the package	2026-10-07T08:20:45.6398258Z Switched to branch 'main'
publish	Test and inspect the package	2026-10-07T08:20:45.6718952Z (pass) active branch loop parks before commit when HEAD moved to the user's branch [104.15ms]
publish	Test and inspect the package	2026-10-07T08:20:45.6915120Z Switched to a new branch 'pi-glla-loop/commit-fail'
publish	Test and inspect the package	2026-10-07T08:20:45.7307450Z (pass) terminal commit failure preserves the uncommitted iteration and skips destructive finish [57.79ms]
publish	Test and inspect the package	2026-10-07T08:20:45.7574526Z Switched to a new branch 'pi-glla-loop/reset-fail'
publish	Test and inspect the package	2026-10-07T08:20:45.8257920Z (pass) reset failure during finish keeps the terminal branch and never attempts checkout [93.43ms]
publish	Test and inspect the package	2026-10-07T08:20:45.8857877Z Switched to a new branch 'pi-glla-loop/stop-guard'
publish	Test and inspect the package	2026-10-07T08:20:45.8948871Z Switched to branch 'main'
publish	Test and inspect the package	2026-10-07T08:20:45.9366011Z (pass) /loop stop on a branch-mode loop parked on a foreign branch attempts no reset or checkout [111.99ms]
publish	Test and inspect the package	2026-10-07T08:20:46.0164773Z Switched to a new branch 'pi-glla-loop/stop-mid-tick'
publish	Test and inspect the package	2026-10-07T08:20:46.1405627Z Switched to branch 'main'
publish	Test and inspect the package	2026-10-07T08:20:46.1716090Z (pass) /loop stop mid-tick still restores the original branch (no false branch-changed park) [228.59ms]
publish	Test and inspect the package	2026-10-07T08:20:46.2464932Z Switched to a new branch 'pi-glla-loop/stop-commit-inflight'
publish	Test and inspect the package	2026-10-07T08:20:46.4334561Z Switched to branch 'main'
publish	Test and inspect the package	2026-10-07T08:20:46.4636439Z (pass) /loop stop mid-tick commits the in-flight iteration instead of resetting it away [298.20ms]
publish	Test and inspect the package	2026-10-07T08:20:46.4745439Z (pass) commitPendingTerminalWork is module scope and finishLoopGit commits before its reset (source pin) [0.43ms]
publish	Test and inspect the package	2026-10-07T08:20:46.4771754Z (pass) parkLoopOnWrongBranch consults HEAD before the in-flight tick guard (source pin) [0.30ms]
publish	Test and inspect the package	2026-10-07T08:20:46.5544658Z Switched to a new branch 'pi-glla-loop/resumable-park'
publish	Test and inspect the package	2026-10-07T08:20:46.5674461Z Switched to branch 'main'
publish	Test and inspect the package	2026-10-07T08:20:46.5784588Z Switched to branch 'pi-glla-loop/resumable-park'
publish	Test and inspect the package	2026-10-07T08:20:46.6475842Z (pass) a branch-changed park is resumable: /loop resume on the scratch branch keeps the loop's history [179.59ms]
publish	Test and inspect the package	2026-10-07T08:20:46.6538307Z (pass) v0.38.104: the branch-changed park names the loop surface and is in RESUMABLE_STOP (source pins) [0.53ms]
publish	Test and inspect the package	2026-10-07T08:20:46.6545603Z 
publish	Test and inspect the package	2026-10-07T08:20:46.6565606Z ##[endgroup]
publish	Test and inspect the package	2026-10-07T08:20:46.6565864Z 
publish	Test and inspect the package	2026-10-07T08:20:46.6566314Z ##[group]tests/tool-overrides.test.ts:
publish	Test and inspect the package	2026-10-07T08:20:47.1926465Z (pass) Settings type accepts toolOverrides (allow / hide / perToolConfig) [0.49ms]
publish	Test and inspect the package	2026-10-07T08:20:47.1927249Z (pass) SETTINGS_KEYS includes toolOverrides for provenance tracking [0.14ms]
publish	Test and inspect the package	2026-10-07T08:20:47.2307193Z (pass) goal.ts ensureAgentToolsActive applies toolOverrides.allow and .hide [40.95ms]
publish	Test and inspect the package	2026-10-07T08:20:47.2310749Z (pass) /glla tooloverride keyword routes to cmdToolOverride [0.51ms]
publish	Test and inspect the package	2026-10-07T08:20:47.2314244Z (pass) cmdToolOverride supports allow / hide / unallow / unhide / set / unset / list [0.31ms]
publish	Test and inspect the package	2026-10-07T08:20:47.2320232Z (pass) parseToolOverrideValue coerces booleans, numbers, JSON; else string [0.62ms]
publish	Test and inspect the package	2026-10-07T08:20:47.2321647Z (pass) reviewer 4-mode set (off | on | auto | aggressive) is the contract surface [0.15ms]
publish	Test and inspect the package	2026-10-07T08:20:47.2323897Z (pass) legacy 'default' and 'report' modes auto-migrate to 'on' in resolveReviewerConfig [0.15ms]
publish	Test and inspect the package	2026-10-07T08:20:47.2327747Z (pass) paused widget renders `awaiting first turn` for zero-telemetry (literal contract) [0.42ms]
publish	Test and inspect the package	2026-10-07T08:20:47.2329208Z (pass) auditor prompt (extensions/goal-loop-auditor.ts) carries the chunk-near-context-full hint [0.14ms]
publish	Test and inspect the package	2026-10-07T08:20:47.2329925Z 
publish	Test and inspect the package	2026-10-07T08:20:47.2330390Z ##[endgroup]
publish	Test and inspect the package	2026-10-07T08:20:47.2335219Z 
publish	Test and inspect the package	2026-10-07T08:20:47.2335989Z ##[group]tests/continuation-start-self-heal.test.ts:
publish	Test and inspect the package	2026-10-07T08:20:47.5474955Z (pass) v0.38.104: the self-heal cadence is bounded on both sides [0.85ms]
publish	Test and inspect the package	2026-10-07T08:20:48.2246481Z (pass) v0.38.104: an unacknowledged turn start self-heals instead of demanding a human [677.95ms]
publish	Test and inspect the package	2026-10-07T08:20:48.2249816Z (pass) v0.38.104: a turn-start proof resets the budget even when no timer is armed [0.48ms]
publish	Test and inspect the package	2026-10-07T08:20:48.2250542Z 
publish	Test and inspect the package	2026-10-07T08:20:48.2251194Z ##[endgroup]
publish	Test and inspect the package	2026-10-07T08:20:48.2255249Z 
publish	Test and inspect the package	2026-10-07T08:20:48.2255962Z ##[group]tests/approved-audit-settles.test.ts:
publish	Test and inspect the package	2026-10-07T08:20:49.3387286Z (pass) an approved stored claim settles and never falls into the residual-failure tail [800.21ms]
publish	Test and inspect the package	2026-10-07T08:20:49.3388804Z (pass) v0.38.104: the approval branch terminates after the settlement driver [0.32ms]
publish	Test and inspect the package	2026-10-07T08:20:49.3389587Z 
publish	Test and inspect the package	2026-10-07T08:20:49.3390383Z ##[endgroup]
publish	Test and inspect the package	2026-10-07T08:20:49.3393615Z 
publish	Test and inspect the package	2026-10-07T08:20:49.3396643Z ##[group]tests/glla-stale-context.test.ts:
publish	Test and inspect the package	2026-10-07T08:20:50.0987221Z (pass) v0.34.52: bare /glla on a stale handle is refused — standard recovery message, UI never opens, settings untouched [390.47ms]
publish	Test and inspect the package	2026-10-07T08:20:50.4582784Z (pass) v0.34.52: mutating /glla actions (wipe, cancel, resume, reviewer, postaudit, tooloverride) are all refused on a stale handle [359.65ms]
publish	Test and inspect the package	2026-10-07T08:20:50.9046690Z (pass) v0.34.52: /glla status, log, stats, audits stay usable on a stale handle (inspect, don't mutate) [446.29ms]
publish	Test and inspect the package	2026-10-07T08:20:51.4466034Z (pass) audit 2026-09-07 (LOW, finding 399): bare `/glla fallbacks` is a read-only display — allowed on a stale handle; `fallbacks clear` still mutates and is refused [541.81ms]
publish	Test and inspect the package	2026-10-07T08:20:52.1992043Z (pass) v0.34.52: the standard recovery — a fresh session reopens the settings UI and owns the next /glla [752.70ms]
publish	Test and inspect the package	2026-10-07T08:20:52.1998195Z (pass) v0.35.72: source — settings rechecks admission after the menu and before saves [0.78ms]
publish	Test and inspect the package	2026-10-07T08:20:52.2007458Z (pass) v0.34.52: source — cmdSettings captures the entry probe and gates the settings entry + mutating actions [0.91ms]
publish	Test and inspect the package	2026-10-07T08:20:52.2008021Z 
publish	Test and inspect the package	2026-10-07T08:20:52.2008369Z ##[endgroup]
publish	Test and inspect the package	2026-10-07T08:20:52.2012973Z 
publish	Test and inspect the package	2026-10-07T08:20:52.2013943Z ##[group]tests/objective-loss-lifecycle.test.ts:
publish	Test and inspect the package	2026-10-07T08:20:52.5635987Z (pass) production session_start registers the host session root before restore [58.04ms]
publish	Test and inspect the package	2026-10-07T08:20:52.6723659Z (pass) fresh processes reload session-root state across a cwd switch [108.76ms]
publish	Test and inspect the package	2026-10-07T08:20:52.6734065Z (pass) cancel and wipe defer safely while sessionDir is unresolved [1.19ms]
publish	Test and inspect the package	2026-10-07T08:20:52.7101842Z (pass) cancel and wipe archive live state under the registered session root [35.77ms]
publish	Test and inspect the package	2026-10-07T08:20:52.7102908Z 
publish	Test and inspect the package	2026-10-07T08:20:52.7103456Z ##[endgroup]
publish	Test and inspect the package	2026-10-07T08:20:52.7104555Z 
publish	Test and inspect the package	2026-10-07T08:20:52.7105091Z ##[group]tests/length-exhaustion-relentless.test.ts:
publish	Test and inspect the package	2026-10-07T08:20:53.0083763Z (pass) hot context with fallback refs rotates to a larger-context model [0.19ms]
publish	Test and inspect the package	2026-10-07T08:20:53.0104464Z (pass) hot context at the 90% boundary still rotates [0.05ms]
publish	Test and inspect the package	2026-10-07T08:20:53.0112416Z (pass) hot context without fallback refs defers to auto-compaction [0.05ms]
publish	Test and inspect the package	2026-10-07T08:20:53.0114281Z (pass) roomy context grants one fresh budget, never an immediate manual park [0.07ms]
publish	Test and inspect the package	2026-10-07T08:20:53.0116120Z (pass) exhaustion episodes: first wedge stays relentless, second parks [0.13ms]
publish	Test and inspect the package	2026-10-07T08:20:53.0117486Z (pass) exhaustion episodes degrade garbage to a fresh first episode [0.06ms]
publish	Test and inspect the package	2026-10-07T08:20:53.0118557Z (pass) unknown context heat degrades to fresh-budget, never rotate [0.06ms]
publish	Test and inspect the package	2026-10-07T08:20:53.0119114Z 
publish	Test and inspect the package	2026-10-07T08:20:53.0119570Z ##[endgroup]
publish	Test and inspect the package	2026-10-07T08:20:53.0119701Z 
publish	Test and inspect the package	2026-10-07T08:20:53.0119985Z ##[group]tests/subagent-host-boundary.test.ts:
publish	Test and inspect the package	2026-10-07T08:20:53.3847074Z (pass) v0.35.62: a worker cannot be the first claimant, while host telemetry still records Explore [68.16ms]
publish	Test and inspect the package	2026-10-07T08:20:53.3944217Z (pass) v0.35.62: foreign slash commands cannot mutate the host list [9.71ms]
publish	Test and inspect the package	2026-10-07T08:20:53.4097949Z (pass) v0.35.62: persistent workers cannot masquerade as silent host successors [14.02ms]
publish	Test and inspect the package	2026-10-07T08:20:53.4195108Z (pass) v0.35.72: state-root read-only denial hints at sessionDir via the MAIN-owner refusal [10.95ms]
publish	Test and inspect the package	2026-10-07T08:20:53.4217828Z 
publish	Test and inspect the package	2026-10-07T08:20:53.4218820Z ##[endgroup]
publish	Test and inspect the package	2026-10-07T08:20:53.4219080Z 
publish	Test and inspect the package	2026-10-07T08:20:53.4219505Z ##[group]tests/glla-version.test.ts:
publish	Test and inspect the package	2026-10-07T08:20:53.7207618Z (pass) /glla version reads the installed package metadata and exposes a registry check [0.65ms]
publish	Test and inspect the package	2026-10-07T08:20:53.7619901Z (pass) /glla version names staleness and the update path when the sidecar proves it [41.14ms]
publish	Test and inspect the package	2026-10-07T08:20:53.7621254Z (pass) package and lock metadata stay synchronized for version reporting [0.28ms]
publish	Test and inspect the package	2026-10-07T08:20:53.7626543Z (pass) /glla version is registered, autocompleted, and read-only routed [0.52ms]
publish	Test and inspect the package	2026-10-07T08:20:53.7633238Z (pass) unknown running version makes no staleness claim either way [0.57ms]
publish	Test and inspect the package	2026-10-07T08:20:53.7639283Z (pass) compareVersions is strictly numeric: prereleases never equal releases [0.13ms]
publish	Test and inspect the package	2026-10-07T08:20:53.7640336Z (pass) updateCheckPath defaults to the cwd state dir [0.11ms]
publish	Test and inspect the package	2026-10-07T08:20:53.7640803Z 
publish	Test and inspect the package	2026-10-07T08:20:53.7641288Z ##[endgroup]
publish	Test and inspect the package	2026-10-07T08:20:53.7641507Z 
publish	Test and inspect the package	2026-10-07T08:20:53.7641968Z ##[group]tests/finding-lead-contract.test.ts:
publish	Test and inspect the package	2026-10-07T08:20:54.0638641Z (pass) canonical and legacy Lead inputs render the same outcome/evidence [1.39ms]
publish	Test and inspect the package	2026-10-07T08:20:54.0640505Z (pass) legacy topical and semantic labels are not exposed as finding labels [0.80ms]
publish	Test and inspect the package	2026-10-07T08:20:54.0641961Z (pass) technical-only legacy claims stay out of default chat [0.91ms]
publish	Test and inspect the package	2026-10-07T08:20:54.0644851Z (pass) archive table uses outcome/evidence columns and keeps proof [0.63ms]
publish	Test and inspect the package	2026-10-07T08:20:54.1084203Z (pass) widget projects the normalized outcome without legacy Lead or technical labels [42.83ms]
publish	Test and inspect the package	2026-10-07T08:20:54.1097717Z (pass) terminal and archive human sections share the What Changed contract [2.51ms]
publish	Test and inspect the package	2026-10-07T08:20:54.1105412Z (pass) normalization is raw-preserving and does not split path/version colons [0.22ms]
publish	Test and inspect the package	2026-10-07T08:20:54.1106865Z (pass) normalization strips dash-separated label prefixes (Lead –/Tests –) [0.23ms]
publish	Test and inspect the package	2026-10-07T08:20:54.1108369Z (pass) archive preserves technical group findings and Verdict details as evidence instead of dropping them [0.27ms]
publish	Test and inspect the package	2026-10-07T08:20:54.1109258Z (pass) chat still suppresses technical findings after the archive-preservation fix [0.30ms]
publish	Test and inspect the package	2026-10-07T08:20:54.1109646Z 
publish	Test and inspect the package	2026-10-07T08:20:54.1109977Z ##[endgroup]
publish	Test and inspect the package	2026-10-07T08:20:54.1113010Z 
publish	Test and inspect the package	2026-10-07T08:20:54.1114348Z ##[group]tests/stats-outcomes.test.ts:
publish	Test and inspect the package	2026-10-07T08:20:54.4105807Z (pass) outcomes: completed/aborted/open counts with the run-to-done split [0.90ms]
publish	Test and inspect the package	2026-10-07T08:20:54.4128307Z (pass) outcomes: rounds, wall-clock, and tokens average over known data only [0.25ms]
publish	Test and inspect the package	2026-10-07T08:20:54.4129567Z (pass) outcomes: unknown archive statuses are ignored, empty ledgers are zeroed [0.24ms]
publish	Test and inspect the package	2026-10-07T08:20:54.4130637Z (pass) outcomes: table and JSON formats mirror the schema [1.76ms]
publish	Test and inspect the package	2026-10-07T08:20:54.4131127Z 
publish	Test and inspect the package	2026-10-07T08:20:54.4131692Z ##[endgroup]
publish	Test and inspect the package	2026-10-07T08:20:54.4552591Z 
publish	Test and inspect the package	2026-10-07T08:20:54.4553867Z ##[group]tests/completion-summary-lines.test.ts:
publish	Test and inspect the package	2026-10-07T08:20:54.7574749Z (pass) clip cuts at a word boundary, never mid-word [0.45ms]
publish	Test and inspect the package	2026-10-07T08:20:54.7580336Z (pass) clip hard-cuts only long tokens without spaces [0.16ms]
publish	Test and inspect the package	2026-10-07T08:20:54.7584101Z (pass) clip cuts at a clause boundary and never strands punctuation (field 2026-09-08) [0.31ms]
publish	Test and inspect the package	2026-10-07T08:20:54.7586513Z (pass) lines project one label per line, in order, word-bounded [0.42ms]
publish	Test and inspect the package	2026-10-07T08:20:54.7587904Z (pass) lines keep missing labels as not recorded and never mid-word cut [0.22ms]
publish	Test and inspect the package	2026-10-07T08:20:54.7589162Z (pass) compact stays one line but cuts at word boundaries now [0.24ms]
publish	Test and inspect the package	2026-10-07T08:20:54.7590426Z (pass) terminal lines resolve through the same facts as the compact recap [0.45ms]
publish	Test and inspect the package	2026-10-07T08:20:54.7591672Z (pass) v0.38.14: filler values inform nobody and are dropped [0.18ms]
publish	Test and inspect the package	2026-10-07T08:20:54.7592951Z (pass) v0.38.14: the briefing leads with the outcome and keeps only informing labels [0.55ms]
publish	Test and inspect the package	2026-10-07T08:20:54.7594602Z (pass) v0.38.14: terminal brief resolves through the same facts as the compact recap [0.39ms]
publish	Test and inspect the package	2026-10-07T08:20:54.7596432Z (pass) the ✓ done chat notifies use the line block; external keeps the single line [0.91ms]
publish	Test and inspect the package	2026-10-07T08:20:54.7599557Z (pass) audit-2026-09-06: completionSummaryLines honors the optional line-width budget [1.20ms]
publish	Test and inspect the package	2026-10-07T08:20:54.7601907Z (pass) recorded-facts fallback Next survives the stale-Next filter [0.19ms]
publish	Test and inspect the package	2026-10-07T08:20:54.7605208Z (pass) machine-path strip converges on nested groups, leaves no husk [0.15ms]
publish	Test and inspect the package	2026-10-07T08:20:54.7606357Z (pass) clip never splits a surrogate pair [0.18ms]
publish	Test and inspect the package	2026-10-07T08:20:54.8046216Z (pass) label named inside a value does not steal later segmentation [43.68ms]
publish	Test and inspect the package	2026-10-07T08:20:54.8048028Z (pass) D5: concrete work mentioning audit/review/settle/approval survives the stale-Next filter [0.36ms]
publish	Test and inspect the package	2026-10-07T08:20:54.8049448Z (pass) D7: recap projections sanitize control bytes and ANSI [0.27ms]
publish	Test and inspect the package	2026-10-07T08:20:54.8050461Z (pass) D8: an empty outcome says so instead of inventing done [0.14ms]
publish	Test and inspect the package	2026-10-07T08:20:54.8051661Z (pass) D7 audit: approval-chat lines sanitize their inputs at the trust boundary [0.14ms]
publish	Test and inspect the package	2026-10-07T08:20:54.8052916Z (pass) D7 audit: the counts line sanitizes the auditNote override at the source [0.16ms]
publish	Test and inspect the package	2026-10-07T08:20:54.8056582Z (pass) D7 audit (pin): manual-path extras route through the shared quoted builder [0.36ms]
publish	Test and inspect the package	2026-10-07T08:20:54.8057633Z 
publish	Test and inspect the package	2026-10-07T08:20:54.8058366Z ##[endgroup]
publish	Test and inspect the package	2026-10-07T08:20:54.8061733Z 
publish	Test and inspect the package	2026-10-07T08:20:54.8062290Z ##[group]tests/loop-refine-parity.test.ts:
publish	Test and inspect the package	2026-10-07T08:20:55.0954914Z (pass) parked loops are refinable on both surfaces [0.43ms]
publish	Test and inspect the package	2026-10-07T08:20:55.0957593Z (pass) terminal stops are refinable on neither surface [0.09ms]
publish	Test and inspect the package	2026-10-07T08:20:55.0972142Z (pass) broken measure is the deliberate divergence: tool fixes, slash will not resume [0.10ms]
publish	Test and inspect the package	2026-10-07T08:20:55.0972896Z 
publish	Test and inspect the package	2026-10-07T08:20:55.0973538Z ##[endgroup]
publish	Test and inspect the package	2026-10-07T08:20:55.0973782Z 
publish	Test and inspect the package	2026-10-07T08:20:55.0974202Z ##[group]tests/lifecycle-recovery.test.ts:
publish	Test and inspect the package	2026-10-07T08:20:55.8871074Z (pass) v0.35.x: a mutating /list command during handoff is replayed once by the successor [488.45ms]
publish	Test and inspect the package	2026-10-07T08:20:56.3371158Z (pass) v0.35.x: a mismatched handoff discards a deferred list command without replay [449.86ms]
publish	Test and inspect the package	2026-10-07T08:20:56.7407553Z (pass) v0.34.54: /list show before rebind — honest stale result: the recovery warning accompanies the read [403.61ms]
publish	Test and inspect the package	2026-10-07T08:20:57.3175783Z (pass) v0.34.54: settings before rebind — bare /glla refused, read-only /glla status usable, both honest [576.69ms]
publish	Test and inspect the package	2026-10-07T08:20:58.1016345Z (pass) v0.34.54: /list show after a fresh session_start — renders clean, zero stale residue [783.99ms]
publish	Test and inspect the package	2026-10-07T08:20:59.0291193Z (pass) v0.34.54: settings after a fresh session_start — the table opens AND a real write lands [927.56ms]
publish	Test and inspect the package	2026-10-07T08:20:59.0322769Z (pass) v0.34.54: source — read-only surfaces are never in the mutating sets; the gates are the honest refusal, not silence [3.31ms]
publish	Test and inspect the package	2026-10-07T08:20:59.0323942Z 
publish	Test and inspect the package	2026-10-07T08:20:59.0324458Z ##[endgroup]
publish	Test and inspect the package	2026-10-07T08:20:59.0328131Z 
publish	Test and inspect the package	2026-10-07T08:20:59.0328885Z ##[group]tests/glla-ui-command-audit.test.ts:
publish	Test and inspect the package	2026-10-07T08:20:59.4005080Z (pass) settings table reopens the tab and row that were edited [69.18ms]
publish	Test and inspect the package	2026-10-07T08:20:59.4160552Z (pass) forbidden substring patterns cannot disable configured fallback chains [13.85ms]
publish	Test and inspect the package	2026-10-07T08:20:59.4285134Z (pass) drafterModel refuses a forbidden primary pin [11.05ms]
publish	Test and inspect the package	2026-10-07T08:20:59.4475014Z (pass) compactorModel refuses a forbidden primary pin [19.91ms]
publish	Test and inspect the package	2026-10-07T08:20:59.4737222Z (pass) subagentModelOverrides.scout refuses a forbidden primary pin [23.97ms]
publish	Test and inspect the package	2026-10-07T08:20:59.5145355Z (pass) editing a role fallback preserves other roles saved while its picker was open [44.83ms]
publish	Test and inspect the package	2026-10-07T08:20:59.5456902Z (pass) audit health stays available but cleanup is refused on a stale host [29.09ms]
publish	Test and inspect the package	2026-10-07T08:20:59.5850866Z (pass) tool visibility commands replace conflicting overrides [30.70ms]
publish	Test and inspect the package	2026-10-07T08:20:59.6130753Z (pass) tool config accepts spaced JSON and refuses empty keys [36.16ms]
publish	Test and inspect the package	2026-10-07T08:20:59.6598517Z (pass) postaudit refuses a save after the host became stale in its dialog [49.11ms]
publish	Test and inspect the package	2026-10-07T08:20:59.7484862Z (pass) wipe revalidates its host after the confirmation dialog [80.89ms]
publish	Test and inspect the package	2026-10-07T08:20:59.8175234Z (pass) tool metadata editor preserves concurrent updates and names its execution limit [66.99ms]
publish	Test and inspect the package	2026-10-07T08:20:59.8786621Z (pass) compactor picker labels its clear choice as registry plan B [63.91ms]
publish	Test and inspect the package	2026-10-07T08:20:59.9714755Z (pass) /goal pause preserves a complete goal [94.03ms]
publish	Test and inspect the package	2026-10-07T08:21:00.0724773Z (pass) /goal verify preserves a complete goal [101.91ms]
publish	Test and inspect the package	2026-10-07T08:21:00.1944521Z (pass) /goal cancel preserves a complete goal [118.01ms]
publish	Test and inspect the package	2026-10-07T08:21:00.2416960Z (pass) /goal pause preserves a aborted goal [56.03ms]
publish	Test and inspect the package	2026-10-07T08:21:00.3204762Z (pass) /goal verify preserves a aborted goal [70.86ms]
publish	Test and inspect the package	2026-10-07T08:21:00.4058531Z (pass) /goal cancel preserves a aborted goal [93.01ms]
publish	Test and inspect the package	2026-10-07T08:21:00.4894947Z (pass) /goal verify refuses to write a new claim through a stale host [72.21ms]
publish	Test and inspect the package	2026-10-07T08:21:00.5857327Z (pass) /review refuses a stale host before producing follow-up artifacts [105.78ms]
publish	Test and inspect the package	2026-10-07T08:21:00.7206743Z (pass) /list resume admits an auditing head to the existing audit recovery path [127.29ms]
publish	Test and inspect the package	2026-10-07T08:21:00.8515106Z (pass) a decision picker cannot cancel a replacement goal [134.45ms]
publish	Test and inspect the package	2026-10-07T08:21:00.9844195Z (pass) a decision stays paused after stale during selection [110.35ms]
publish	Test and inspect the package	2026-10-07T08:21:01.0652820Z (pass) a decision stays paused after delivery-error during selection [108.76ms]
publish	Test and inspect the package	2026-10-07T08:21:01.2557405Z (pass) the list-cancel decision executes cancellation instead of resuming work [168.91ms]
publish	Test and inspect the package	2026-10-07T08:21:01.4054991Z (pass) /goal pause does not announce or dispatch an unpersisted transition [167.09ms]
publish	Test and inspect the package	2026-10-07T08:21:01.5748723Z (pass) /goal resume does not announce or dispatch an unpersisted transition [161.39ms]
publish	Test and inspect the package	2026-10-07T08:21:01.7205760Z (pass) /goal verify does not announce or dispatch an unpersisted transition [134.03ms]
publish	Test and inspect the package	2026-10-07T08:21:01.7275416Z 
publish	Test and inspect the package	2026-10-07T08:21:01.7302150Z ##[endgroup]
publish	Test and inspect the package	2026-10-07T08:21:01.7302609Z 
publish	Test and inspect the package	2026-10-07T08:21:01.7303256Z ##[group]tests/hourly-auditor-backstop.test.ts:
publish	Test and inspect the package	2026-10-07T08:21:02.1221796Z (pass) unified: the shared ticker arms for a parked auditor claim with no main recovery [40.57ms]
publish	Test and inspect the package	2026-10-07T08:21:02.1224948Z (pass) unified: the backstop fires past-due auditor retries and never touches models [0.13ms]
publish	Test and inspect the package	2026-10-07T08:21:02.1226125Z (pass) unified: the ladder arms the ticker as its backstop [0.33ms]
publish	Test and inspect the package	2026-10-07T08:21:02.1227015Z (pass) unified: one dead backend does not burn a launch per rung [0.19ms]
publish	Test and inspect the package	2026-10-07T08:21:02.3837738Z (pass) unified: executable runtime regression covers arming, past-due fire, guards, and opt-out [260.92ms]
publish	Test and inspect the package	2026-10-07T08:21:02.3838596Z 
publish	Test and inspect the package	2026-10-07T08:21:02.3839098Z ##[endgroup]
publish	Test and inspect the package	2026-10-07T08:21:02.3840850Z 
publish	Test and inspect the package	2026-10-07T08:21:02.3841428Z ##[group]tests/stale-continuation.test.ts:
publish	Test and inspect the package	2026-10-07T08:21:02.7367362Z (pass) helper: goal checkpoint with no active goal is stale [48.62ms]
publish	Test and inspect the package	2026-10-07T08:21:02.7370918Z (pass) helper: goal checkpoint with matching active goal is not stale [0.46ms]
publish	Test and inspect the package	2026-10-07T08:21:02.7372776Z (pass) helper: goal checkpoint with mismatched id is stale [0.24ms]
publish	Test and inspect the package	2026-10-07T08:21:02.7375464Z (pass) helper: goal checkpoint with paused goal is stale [0.25ms]
publish	Test and inspect the package	2026-10-07T08:21:02.7381331Z (pass) helper: goal checkpoint with already archived file is stale even if state still active [0.55ms]
publish	Test and inspect the package	2026-10-07T08:21:02.7382958Z (pass) helper: loop iteration with no active loop is stale [0.21ms]
publish	Test and inspect the package	2026-10-07T08:21:02.7385464Z (pass) helper: loop iteration with active loop is not stale [0.23ms]
publish	Test and inspect the package	2026-10-07T08:21:02.7387581Z (pass) helper: stall warning with no active goal is stale [0.16ms]
publish	Test and inspect the package	2026-10-07T08:21:02.7389313Z (pass) helper: stall warning with active goal is not stale [0.17ms]
publish	Test and inspect the package	2026-10-07T08:21:02.7392117Z (pass) helper: length continue delivers with live supervision, stale without (audit 2026-09-07) [0.24ms]
publish	Test and inspect the package	2026-10-07T08:21:02.7394277Z (pass) helper: generic goal-event with no supervision is stale [0.19ms]
publish	Test and inspect the package	2026-10-07T08:21:02.7395582Z (pass) helper: generic goal-event with active goal is not stale [0.19ms]
publish	Test and inspect the package	2026-10-07T08:21:02.7398547Z (pass) helper: raw continuation source is correctly identified as stale when archived [0.21ms]
publish	Test and inspect the package	2026-10-07T08:21:02.7398957Z 
publish	Test and inspect the package	2026-10-07T08:21:02.7399299Z ##[endgroup]
publish	Test and inspect the package	2026-10-07T08:21:02.7403777Z 
publish	Test and inspect the package	2026-10-07T08:21:03.0246476Z ##[group]tests/designer-drafter-policy.test.ts:
publish	Test and inspect the package	2026-10-07T08:21:03.0247303Z (pass) long-running judgment policy is default-decide and bans band-aid-vs-proper questions [0.50ms]
publish	Test and inspect the package	2026-10-07T08:21:03.0248604Z (pass) drafting gathers constraints upfront and active execution defers local choices [2.37ms]
publish	Test and inspect the package	2026-10-07T08:21:03.0250160Z (pass) explicit Designer declarations are consumed without changing ordinary design prose [0.19ms]
publish	Test and inspect the package	2026-10-07T08:21:03.0251564Z (pass) task plans preserve Designer routing and verification contracts and expose them on tasks [0.22ms]
publish	Test and inspect the package	2026-10-07T08:21:03.0700112Z (pass) Designer is a managed read-only role and remains available without a pin [45.71ms]
publish	Test and inspect the package	2026-10-07T08:21:03.0710068Z (pass) drafter resolution walks its own ordered chain and falls back to the session [1.13ms]
publish	Test and inspect the package	2026-10-07T08:21:03.0712922Z (pass) drafter resolution always retains one current-session last resort [0.32ms]
publish	Test and inspect the package	2026-10-07T08:21:03.0715200Z (pass) drafter resolution skips forbidden candidates without inspecting provider text [0.27ms]
publish	Test and inspect the package	2026-10-07T08:21:03.0722389Z (pass) audit 2026-09-06: drafter session-last-resort refuses a forbidden session model [0.63ms]
publish	Test and inspect the package	2026-10-07T08:21:03.0724119Z (pass) drafter keeps a configured current primary so its fallback remains reachable [0.22ms]
publish	Test and inspect the package	2026-10-07T08:21:03.0737078Z (pass) settings expose drafting-only primary and fallback controls [1.24ms]
publish	Test and inspect the package	2026-10-07T08:21:03.0741642Z (pass) drafting recovery stays on the dedicated chain and uses the existing interview [0.51ms]
publish	Test and inspect the package	2026-10-07T08:21:03.0743030Z (pass) continuation prompt names the explicit Designer hand-off syntax [0.15ms]
publish	Test and inspect the package	2026-10-07T08:21:03.0743695Z 
publish	Test and inspect the package	2026-10-07T08:21:03.0744043Z ##[endgroup]
publish	Test and inspect the package	2026-10-07T08:21:03.0747879Z 
publish	Test and inspect the package	2026-10-07T08:21:03.0748444Z ##[group]tests/loop-start-proof-fallback.test.ts:
publish	Test and inspect the package	2026-10-07T08:21:03.3750196Z (pass) v0.37.3 (issue #40) — start proof accepts agent_start fallback for followUp continuations [0.64ms]
publish	Test and inspect the package	2026-10-07T08:21:03.3752942Z (pass) v0.37.3 (issue #40) — retry backoff is env-configurable independently [0.17ms]
publish	Test and inspect the package	2026-10-07T08:21:03.3755081Z (pass) v0.37.3 (issue #40) — activation wires agent_start and turn_start fallbacks [0.39ms]
publish	Test and inspect the package	2026-10-07T08:21:03.3756010Z 
publish	Test and inspect the package	2026-10-07T08:21:03.3756894Z ##[endgroup]
publish	Test and inspect the package	2026-10-07T08:21:03.3757131Z 
publish	Test and inspect the package	2026-10-07T08:21:03.3757498Z ##[group]tests/reviewer-modes.test.ts:
publish	Test and inspect the package	2026-10-07T08:21:03.7276670Z (pass) E4: a failed proposal send is NOT counted or reported (phantom-reviewer hole closed) [47.84ms]
publish	Test and inspect the package	2026-10-07T08:21:03.7283938Z (pass) E4: clean-completion branch also gates on delivery — default AND aggressive modes [0.83ms]
publish	Test and inspect the package	2026-10-07T08:21:03.7291251Z (pass) auto mode: architectural findings enqueue to /list — proposeGoal NEVER called [0.77ms]
publish	Test and inspect the package	2026-10-07T08:21:03.7294553Z (pass) auto mode: clean completion enqueues the audit as a /list item (no Confirm) [0.36ms]
publish	Test and inspect the package	2026-10-07T08:21:03.7296489Z (pass) report mode: REMOVED in 0.27.9 (the 4-mode set `off | on | auto | aggressive` has no report branch) [0.21ms]
publish	Test and inspect the package	2026-10-07T08:21:03.7301258Z (pass) improvement-class extraction: 'consider adding X' / 'could be improved' enqueue without Confirm [0.44ms]
publish	Test and inspect the package	2026-10-07T08:21:03.7305863Z (pass) auto mode: refire window skipped for list-complete, enforced for goal-complete and in default mode [0.45ms]
publish	Test and inspect the package	2026-10-07T08:21:03.7308238Z (pass) auto mode: the per-day cap still bounds everything [0.25ms]
publish	Test and inspect the package	2026-10-07T08:21:03.7310506Z (pass) menu: Mode option lists the 4 modes (off, on, auto, aggressive) [0.22ms]
publish	Test and inspect the package	2026-10-07T08:21:03.7312748Z (pass) /review accepts all 4 modes and rejects unknown modes [0.18ms]
publish	Test and inspect the package	2026-10-07T08:21:03.7313961Z (pass) config: mode defaults to 'on' and merges from project settings [0.10ms]
publish	Test and inspect the package	2026-10-07T08:21:03.7315353Z (pass) config: legacy 'default' and 'report' modes auto-migrate to 'on' [0.07ms]
publish	Test and inspect the package	2026-10-07T08:21:03.7316727Z (pass) report-mode test removed: the 4-mode postaudit surface (`off | on | auto | aggressive`) has no report branch anymore (0.27.9) [0.23ms]
publish	Test and inspect the package	2026-10-07T08:21:03.7319125Z (pass) off mode: reviewer NEVER fires (equivalent to enabled=false, exposed via postaudit menu) [0.22ms]
publish	Test and inspect the package	2026-10-07T08:21:03.7325291Z (pass) aggressive mode: architectural findings enqueue AND the first one relaunches as /goal [0.54ms]
publish	Test and inspect the package	2026-10-07T08:21:03.7330101Z (pass) aggressive mode: clean completion → relaunch audit /goal (no Confirm) [0.50ms]
publish	Test and inspect the package	2026-10-07T08:21:03.7333625Z (pass) goal.ts fireReviewer opts.mode now accepts the 4-mode ReviewerMode union [0.36ms]
publish	Test and inspect the package	2026-10-07T08:21:03.7334250Z 
publish	Test and inspect the package	2026-10-07T08:21:03.7334579Z ##[endgroup]
publish	Test and inspect the package	2026-10-07T08:21:03.7338735Z 
publish	Test and inspect the package	2026-10-07T08:21:03.7339290Z ##[group]tests/repro-list-audit-activation.test.ts:
publish	Test and inspect the package	2026-10-07T08:21:04.1109930Z === ledger tail ===
publish	Test and inspect the package	2026-10-07T08:21:04.1113275Z session_rebound {"reason":"startup"}
publish	Test and inspect the package	2026-10-07T08:21:04.1114818Z session_shutdown {"reason":"resume"}
publish	Test and inspect the package	2026-10-07T08:21:04.1115722Z session_rebound {"reason":"resume"}
publish	Test and inspect the package	2026-10-07T08:21:04.1116815Z list_queue_disk_first {"source":"/list audit","count":1,"diskFirst":true}
publish	Test and inspect the package	2026-10-07T08:21:04.1118351Z (pass) repro: live sequence startup/shutdown(resume)/rebound(resume) then /list audit [84.96ms]
publish	Test and inspect the package	2026-10-07T08:21:04.1119174Z 
publish	Test and inspect the package	2026-10-07T08:21:04.1119981Z ##[endgroup]
publish	Test and inspect the package	2026-10-07T08:21:04.1121846Z state {"goal":null,"list":[{"id":"20261007082104-4fp1eh","objective":"[LIST-AUDIT-COLLECT] Run ONE project audit pass that COLLECTS work — the follow-up fix
publish	Test and inspect the package	2026-10-07T08:21:04.1127062Z 
publish	Test and inspect the package	2026-10-07T08:21:04.1135972Z ##[group]tests/auditor-polish.test.ts:
publish	Test and inspect the package	2026-10-07T08:21:04.1136696Z list_imported {"source":"/list audit","count":1}
publish	Test and inspect the package	2026-10-07T08:21:04.1138779Z state {"goal":{"id":"20261007082104-u7v8vg","objective":"[LIST-AUDIT-COLLECT] Run ONE project audit pass that COLLECTS work — the follow-up fixes are queued
publish	Test and inspect the package	2026-10-07T08:21:04.1141493Z goal_created {"goalId":"20261007082104-u7v8vg","objective":"[LIST-AUDIT-COLLECT] Run ONE project audit pass that COLLECTS work — the follow-up fixes are queued as 
publish	Test and inspect the package	2026-10-07T08:21:04.1143165Z === goals: [ "20261007082104-u7v8vg.md" ] | notify-activated: false
publish	Test and inspect the package	2026-10-07T08:21:04.1144667Z === last state list: []
publish	Test and inspect the package	2026-10-07T08:21:04.4178286Z (pass) stripThinkBlocks removes think bodies, fragments, and artifacts [0.27ms]
publish	Test and inspect the package	2026-10-07T08:21:04.4179729Z (pass) audit log: append + read round-trip, malformed lines skipped [1.89ms]
publish	Test and inspect the package	2026-10-07T08:21:04.4668268Z (pass) audit log bounded tail scans large records from the end [49.26ms]
publish	Test and inspect the package	2026-10-07T08:21:04.4673716Z (pass) formatAuditLog: one line per verdict with glyph, goal, model, first report line [0.64ms]
publish	Test and inspect the package	2026-10-07T08:21:04.4678817Z (pass) tail-aware excerpt: capped output keeps the Required-fixes tail [0.55ms]
publish	Test and inspect the package	2026-10-07T08:21:04.4683979Z (pass) audit feedback excerpts redact provider payloads before executor output [0.28ms]
publish	Test and inspect the package	2026-10-07T08:21:04.4712482Z (pass) disapproval feedback is surfaced even when the continuation turn never starts [3.01ms]
publish	Test and inspect the package	2026-10-07T08:21:04.4714109Z (pass) infra errors are transparent to the disapproval streak (not breakers) [0.16ms]
publish	Test and inspect the package	2026-10-07T08:21:04.4724591Z (pass) widget flags auditor-quiet stalls after 3 minutes [1.05ms]
publish	Test and inspect the package	2026-10-07T08:21:04.4726058Z (pass) auditor prompt requires the Required-fixes tail + no think blocks [0.20ms]
publish	Test and inspect the package	2026-10-07T08:21:04.4730109Z (pass) isRetriableInfraError: aborts and missing-model are NOT retried [0.38ms]
publish	Test and inspect the package	2026-10-07T08:21:04.4736344Z (pass) runWithInfraRetry: retriable infra failure retried exactly once [0.60ms]
publish	Test and inspect the package	2026-10-07T08:21:04.4739161Z (pass) runWithInfraRetry: provider Retry-After does not suppress the uniform backoff [0.28ms]
publish	Test and inspect the package	2026-10-07T08:21:04.4741881Z (pass) runWithInfraRetry: lifecycle guard prevents a second attempt [0.27ms]
publish	Test and inspect the package	2026-10-07T08:21:04.4746157Z (pass) formatGoalAuditHistory: one line per verdict with elapsed [0.40ms]
publish	Test and inspect the package	2026-10-07T08:21:04.4746532Z 
publish	Test and inspect the package	2026-10-07T08:21:04.4746854Z ##[endgroup]
publish	Test and inspect the package	2026-10-07T08:21:04.4750786Z 
publish	Test and inspect the package	2026-10-07T08:21:04.4751273Z ##[group]tests/respec-draft-phase.test.ts:
publish	Test and inspect the package	2026-10-07T08:21:05.0306511Z (pass) restored legacy missing-spec loop dispatches its dedicated draft and gates reconciliation [257.63ms]
publish	Test and inspect the package	2026-10-07T08:21:05.2835608Z (pass) legacy bootstrap loops recover into the draft phase, including an existing partial spec [251.35ms]
publish	Test and inspect the package	2026-10-07T08:21:05.6017242Z (pass) respec with an existing spec drafts intended requirements before building [317.91ms]
publish	Test and inspect the package	2026-10-07T08:21:05.6035227Z (pass) a draft completion marker cannot substitute for a missing or empty spec [0.67ms]
publish	Test and inspect the package	2026-10-07T08:21:05.8532090Z (pass) active legacy bootstrap loop recovers into draft on its next tick [252.60ms]
publish	Test and inspect the package	2026-10-07T08:21:06.0899530Z (pass) respec with a structurally incomplete spec enters draft instead of reconciling [235.37ms]
publish	Test and inspect the package	2026-10-07T08:21:06.5044213Z (pass) restored legacy sticky handoff: marker one turn, finished spec the next, still reconciles [415.11ms]
publish	Test and inspect the package	2026-10-07T08:21:06.5074962Z (pass) draft prompt carries the stuck-ladder intervention note [0.65ms]
publish	Test and inspect the package	2026-10-07T08:21:06.7222082Z (pass) draft phase without a spec file degrades instead of throwing [217.38ms]
publish	Test and inspect the package	2026-10-07T08:21:06.7229925Z (pass) respecSpecComplete: title plus nonempty Rules plus another section [0.74ms]
publish	Test and inspect the package	2026-10-07T08:21:06.7230606Z 
publish	Test and inspect the package	2026-10-07T08:21:06.7231100Z ##[endgroup]
publish	Test and inspect the package	2026-10-07T08:21:06.7235109Z 
publish	Test and inspect the package	2026-10-07T08:21:06.7235864Z ##[group]tests/stale-continuation-integration.test.ts:
publish	Test and inspect the package	2026-10-07T08:21:07.1007122Z (pass) integration: stale goal continuation is sanitized at message_end and ledgered, raw source dropped [74.28ms]
publish	Test and inspect the package	2026-10-07T08:21:07.1105807Z (pass) integration: a GLLA pause abort becomes an actionable assistant message [9.80ms]
publish	Test and inspect the package	2026-10-07T08:21:07.1216129Z (pass) integration: a marked pause without suggestedAction still replaces generic abort text [9.87ms]
publish	Test and inspect the package	2026-10-07T08:21:07.1397391Z (pass) integration: starting a later turn invalidates an unconsumed pause marker [18.62ms]
publish	Test and inspect the package	2026-10-07T08:21:07.1547915Z (pass) integration: a stale pause marker cannot rewrite a later unrelated abort [14.37ms]
publish	Test and inspect the package	2026-10-07T08:21:07.1697783Z (pass) integration: a later same-owner abort after a silent prior marker is not rewritten [12.26ms]
publish	Test and inspect the package	2026-10-07T08:21:07.1879780Z (pass) integration: an unrelated owner abort is not rewritten [20.64ms]
publish	Test and inspect the package	2026-10-07T08:21:07.2127524Z (pass) integration: a foreign assistant abort is not rewritten [26.12ms]
publish	Test and inspect the package	2026-10-07T08:21:07.2294878Z (pass) integration: fresh continuation for active goal is NOT sanitized [16.89ms]
publish	Test and inspect the package	2026-10-07T08:21:07.2537337Z (pass) integration: foreign ctx never sanitizes (subagent isolation) [24.14ms]
publish	Test and inspect the package	2026-10-07T08:21:07.2564218Z 
publish	Test and inspect the package	2026-10-07T08:21:07.2565296Z ##[endgroup]
publish	Test and inspect the package	2026-10-07T08:21:07.2565785Z 
publish	Test and inspect the package	2026-10-07T08:21:07.2566413Z ##[group]tests/loop-measure-fail-closed.test.ts:
publish	Test and inspect the package	2026-10-07T08:21:07.6409638Z (pass) a measure result with no exit code is a NULL measure, not a reading [74.94ms]
publish	Test and inspect the package	2026-10-07T08:21:07.6525759Z (pass) an empty result envelope is also a NULL measure [11.50ms]
publish	Test and inspect the package	2026-10-07T08:21:07.6709841Z (pass) a genuinely successful measure still records its number [11.40ms]
publish	Test and inspect the package	2026-10-07T08:21:07.6794713Z (pass) a nonzero exit code with a parseable number is still rejected [15.43ms]
publish	Test and inspect the package	2026-10-07T08:21:07.6811690Z 
publish	Test and inspect the package	2026-10-07T08:21:07.6825890Z ##[endgroup]
publish	Test and inspect the package	2026-10-07T08:21:07.6826353Z 
publish	Test and inspect the package	2026-10-07T08:21:07.6826922Z ##[group]tests/stall-handling.test.ts:
publish	Test and inspect the package	2026-10-07T08:21:08.0743617Z (pass) escalation gate: threshold semantics (0 = never, N = fire at streak N) [44.69ms]
publish	Test and inspect the package	2026-10-07T08:21:08.0746907Z (pass) send paths are ledgered: sent AND failed, loop and goal [0.54ms]
publish	Test and inspect the package	2026-10-07T08:21:08.0765311Z (pass) refire streak: incremented on refire, ledgered, reset only on REAL activity [1.83ms]
publish	Test and inspect the package	2026-10-07T08:21:08.0772459Z (pass) escalation: streak at threshold stops the loop / pauses the goal, loudly [0.70ms]
publish	Test and inspect the package	2026-10-07T08:21:08.0781245Z (pass) session_compact hook: re-arms the chain when idle with no timer pending [0.88ms]
publish	Test and inspect the package	2026-10-07T08:21:08.0787058Z (pass) widget + status surface the streak only while nonzero [0.57ms]
publish	Test and inspect the package	2026-10-07T08:21:08.0829486Z (pass) settings: stallEscalationRefires round-trips through save/load [4.16ms]
publish	Test and inspect the package	2026-10-07T08:21:08.0843793Z (pass) /glla surface: bare command opens settings; arguments are actions [1.45ms]
publish	Test and inspect the package	2026-10-07T08:21:08.0848872Z (pass) P1: graduated stall escalation entry before the brake (sender + wiring) [0.51ms]
publish	Test and inspect the package	2026-10-07T08:21:08.0850141Z (pass) P2: every continuation carries the unclosed-status block [0.14ms]
publish	Test and inspect the package	2026-10-07T08:21:08.0861191Z (pass) P3: post-restore grace — armed on restore resume, skips accounting, ledgered [1.05ms]
publish	Test and inspect the package	2026-10-07T08:21:08.0866887Z (pass) v0.28.24: session_compact resets the send-rearm storm streaks + opens the post-compaction grace [0.58ms]
publish	Test and inspect the package	2026-10-07T08:21:08.0886623Z (pass) v0.34.82: heartbeat refuses to refire a continuation while pi is context-starved (no compaction landing) [1.94ms]
publish	Test and inspect the package	2026-10-07T08:21:08.0892684Z (pass) v0.29.21: session_compact arms a SECOND settle refire at grace expiry [0.62ms]
publish	Test and inspect the package	2026-10-07T08:21:08.0933783Z (pass) v0.29.1: completion lifecycle survives the wedged-queue window (storm suppression + stranded recovery + brake cap) [4.03ms]
publish	Test and inspect the package	2026-10-07T08:21:08.0983560Z (pass) v0.29.9: hourly top-of-hour probe — the park keeps retrying on clock-hour boundaries [4.91ms]
publish	Test and inspect the package	2026-10-07T08:21:08.0984868Z (pass) v0.34.142: nextHourlyProbeMs selects the next :00:30 slot [0.18ms]
publish	Test and inspect the package	2026-10-07T08:21:08.1021212Z (pass) v0.29.1: zombie-twin guard — drafts/enqueues duplicating a goal completed <24h ago are refused loudly [3.53ms]
publish	Test and inspect the package	2026-10-07T08:21:08.1024888Z (pass) v0.29.2: git discipline law — no invented identities or branches, in every execution prompt [0.38ms]
publish	Test and inspect the package	2026-10-07T08:21:08.1059749Z (pass) v0.29.3/0.29.6: no empty allowlist warning; stacked states AUTO-ARBITRATE (picker superseded) [3.51ms]
publish	Test and inspect the package	2026-10-07T08:21:08.1100314Z (pass) v0.29.4: user aborts stand the chain down and never count toward stalls (the Esc-spam loop) [3.93ms]
publish	Test and inspect the package	2026-10-07T08:21:08.1144284Z (pass) v0.29.5: the stand-down survives the heartbeat + autoResume is GLOBAL-only [4.42ms]
publish	Test and inspect the package	2026-10-07T08:21:08.1147816Z (pass) audit 2026-09-07 HIGH: zombie retry routes on the abort owner, cycle-reset consumes budget and honors the horizon [0.34ms]
publish	Test and inspect the package	2026-10-07T08:21:08.1193812Z (pass) v0.35.x — zombie-run watchdog: busy + zero stream events gets bounded abort and recovery guidance [4.54ms]
publish	Test and inspect the package	2026-10-07T08:21:08.1195943Z (pass) v0.35.x — a rejected zombie cleanup does not consume the abort latch [0.16ms]
publish	Test and inspect the package	2026-10-07T08:21:08.1239954Z (pass) v0.32.1: post-compaction resume debt + deterministic resync (pi-goal-x's lesson) [4.49ms]
publish	Test and inspect the package	2026-10-07T08:21:08.1274464Z (pass) v0.34.5: wedge alert names a subagent wait when the in-flight call is one [3.44ms]
publish	Test and inspect the package	2026-10-07T08:21:08.1314324Z (pass) v0.34.11: unanswered-continuation watchdog (accepted send, no turn — hellhunter list-transition wedge) [3.86ms]
publish	Test and inspect the package	2026-10-07T08:21:08.1351274Z (pass) v0.34.12: eager continuation settles 2.5s past agent_end (hellhunter 60s-per-turn blackhole tax) [3.75ms]
publish	Test and inspect the package	2026-10-07T08:21:08.1388398Z (pass) v0.34.12 + v0.34.64: wait-pause status line counts down live + ticker survives the wait (pully field request) [3.74ms]
publish	Test and inspect the package	2026-10-07T08:21:08.1434203Z (pass) v0.34.16: wedges hand off through pi lifecycle — no terminal self-reload [4.52ms]
publish	Test and inspect the package	2026-10-07T08:21:08.1474656Z (pass) v0.34.14: /reload rebind resumes mid-work — the 'list is not continuing' fix (hellhunter) [4.04ms]
publish	Test and inspect the package	2026-10-07T08:21:08.1514896Z (pass) v0.34.51: the hanging-verification cause is named by the timeout branch (pully ssh/sudo stall) [4.01ms]
publish	Test and inspect the package	2026-10-07T08:21:08.1559081Z (pass) v0.34.15: errorBrakeStreak persists ON THE GOAL — the 6-brake park survives /reload (hegemon 429 churn) [4.36ms]
publish	Test and inspect the package	2026-10-07T08:21:08.1686766Z (pass) provider failures use one generic recovery card [6.31ms]
publish	Test and inspect the package	2026-10-07T08:21:08.1721284Z (pass) v0.34.16: queue-stuck probe — a send queued-without-a-turn is reported without terminal injection [4.79ms]
publish	Test and inspect the package	2026-10-07T08:21:08.1724477Z (pass) audit 2026-09-07 MEDIUM: fallback ack refuses when a user message arrived after the send [0.22ms]
publish	Test and inspect the package	2026-10-07T08:21:08.1725227Z 
publish	Test and inspect the package	2026-10-07T08:21:08.1725765Z ##[endgroup]
publish	Test and inspect the package	2026-10-07T08:21:08.1725988Z 
publish	Test and inspect the package	2026-10-07T08:21:08.1726500Z ##[group]tests/auditor-unmatched-telemetry.test.ts:
publish	Test and inspect the package	2026-10-07T08:21:08.4206495Z [run-tests] progress: 540s elapsed · 0s since last output · 291 KiB of suite output
publish	Test and inspect the package	2026-10-07T08:21:08.4798311Z (pass) v0.34.56: a serial id'd start+end pairs into toolCalls with zero unmatched facts [0.55ms]
publish	Test and inspect the package	2026-10-07T08:21:08.4800952Z (pass) v0.34.56: an end with the WRONG id never pairs — it is an explicit unmatched fact and the open start stays open [0.09ms]
publish	Test and inspect the package	2026-10-07T08:21:08.4801867Z (pass) v0.34.56: an end with an id can never close an ANONYMOUS start (missing-toolCallId shape) [0.07ms]
publish	Test and inspect the package	2026-10-07T08:21:08.4802722Z (pass) v0.34.56: an ANONYMOUS end can never close an id'd start (the id would be present on a true end) [0.07ms]
publish	Test and inspect the package	2026-10-07T08:21:08.4804088Z (pass) v0.34.56: a serial ANONYMOUS stream (both sides missing toolCallId) still pairs truthfully [0.06ms]
publish	Test and inspect the package	2026-10-07T08:21:08.4805796Z (pass) v0.34.56: an anonymous end closes the CURRENT anonymous start; a replaced anonymous start stays an explicit unmatched fact [0.08ms]
publish	Test and inspect the package	2026-10-07T08:21:08.4807462Z (pass) v0.34.56: a new start replacing an open start records the ORPHANED start explicitly (name, args, id preserved) [0.10ms]
publish	Test and inspect the package	2026-10-07T08:21:08.4809113Z (pass) v0.34.56: same-id restart updates the slot without an unmatched fact; an end with no open start is an unmatched end [0.08ms]
publish	Test and inspect the package	2026-10-07T08:21:08.4810589Z (pass) v0.34.56/0.34.108: the detached path forwards pairing data untouched (no inline slot mutation) [0.34ms]
publish	Test and inspect the package	2026-10-07T08:21:08.4812401Z (pass) v0.34.56: worker — anonymous ends pair only with the SOLE anonymous start; everything else is an explicit unmatched fact [0.18ms]
publish	Test and inspect the package	2026-10-07T08:21:08.4814303Z (pass) v0.34.56: worker — in-flight starts at session end become explicit unmatched starts (finish sweep) [0.11ms]
publish	Test and inspect the package	2026-10-07T08:21:08.4815765Z (pass) v0.34.56: progress file + asProgress + HUD mapping + display all carry the unmatched facts [0.33ms]
publish	Test and inspect the package	2026-10-07T08:21:08.4816435Z 
publish	Test and inspect the package	2026-10-07T08:21:08.4817049Z ##[endgroup]
publish	Test and inspect the package	2026-10-07T08:21:08.5317004Z 
publish	Test and inspect the package	2026-10-07T08:21:08.5318157Z ##[group]tests/owner-fence.test.ts:
publish	Test and inspect the package	2026-10-07T08:21:08.8955820Z (pass) v0.35.72: a live foreign process cannot claim the workingDir owner file [58.76ms]
publish	Test and inspect the package	2026-10-07T08:21:08.8958734Z (pass) v0.35.72: mutating goal and loop commands use the stale admission fence [0.92ms]
publish	Test and inspect the package	2026-10-07T08:21:08.9017272Z (pass) owner acquisition and refresh preserve malformed records for explicit repair [5.76ms]
publish	Test and inspect the package	2026-10-07T08:21:08.9045078Z (pass) takeover compares the complete record inside the owner mutation [2.72ms]
publish	Test and inspect the package	2026-10-07T08:21:08.9064698Z (pass) a stale instance refresh cannot overwrite a same-process successor [2.02ms]
publish	Test and inspect the package	2026-10-07T08:21:08.9065474Z 
publish	Test and inspect the package	2026-10-07T08:21:08.9066111Z ##[endgroup]
publish	Test and inspect the package	2026-10-07T08:21:08.9084224Z 
publish	Test and inspect the package	2026-10-07T08:21:08.9084769Z ##[group]tests/auditing-standstill.test.ts:
publish	Test and inspect the package	2026-10-07T08:21:10.0058253Z (pass) agent turns during a pending audit stay silent instead of escalating [793.35ms]
publish	Test and inspect the package	2026-10-07T08:21:10.0059773Z 
publish	Test and inspect the package	2026-10-07T08:21:10.0060605Z ##[endgroup]
publish	Test and inspect the package	2026-10-07T08:21:10.0069120Z 
publish	Test and inspect the package	2026-10-07T08:21:10.0069831Z ##[group]tests/durable-choice-ledger.test.ts:
publish	Test and inspect the package	2026-10-07T08:21:10.4065528Z (pass) durable-vs-defer judgment is an explicit bounded ledger choice [78.52ms]
publish	Test and inspect the package	2026-10-07T08:21:10.4075196Z (pass) durable-choice payload compacts model-authored rationale [0.11ms]
publish	Test and inspect the package	2026-10-07T08:21:10.4089788Z 
publish	Test and inspect the package	2026-10-07T08:21:10.4090607Z ##[endgroup]
publish	Test and inspect the package	2026-10-07T08:21:10.4091265Z 
publish	Test and inspect the package	2026-10-07T08:21:10.4092024Z ##[group]tests/audit-recovery-persistence.test.ts:
publish	Test and inspect the package	2026-10-07T08:21:10.7714006Z (pass) context-free audit recovery returns false and leaves restart state auditing when append fails [58.11ms]
publish	Test and inspect the package	2026-10-07T08:21:10.7714847Z 
publish	Test and inspect the package	2026-10-07T08:21:10.7715345Z ##[endgroup]
publish	Test and inspect the package	2026-10-07T08:21:10.7724282Z 
publish	Test and inspect the package	2026-10-07T08:21:10.7725937Z ##[group]tests/context-hygiene.test.ts:
publish	Test and inspect the package	2026-10-07T08:21:11.0776662Z (pass) predicate: error-only turns are droppable; tool-carrying, aborted, and healthy turns are not [0.44ms]
publish	Test and inspect the package	2026-10-07T08:21:11.0795539Z (pass) drop rule: keeps the most recent failed turn, drops older ones, preserves everything else [0.32ms]
publish	Test and inspect the package	2026-10-07T08:21:11.0797079Z (pass) drop rule: identity preserved when at or under the keep window; window is configurable [0.12ms]
publish	Test and inspect the package	2026-10-07T08:21:11.0799043Z (pass) drop rule: SEADED BLOAT — 60 failed turns collapse to the keep window; normal turns survive verbatim [0.37ms]
publish	Test and inspect the package	2026-10-07T08:21:11.0800491Z (pass) compaction pruning: reassigns both message arrays in place and counts drops [0.21ms]
publish	Test and inspect the package	2026-10-07T08:21:11.1381793Z (pass) wiring: the context event drops accumulated error turns and ledgeres the hygiene pass [60.96ms]
publish	Test and inspect the package	2026-10-07T08:21:11.1416198Z (pass) wiring: session_before_compact prunes and bounds the preparation the runner will summarize [3.39ms]
publish	Test and inspect the package	2026-10-07T08:21:11.1433804Z (pass) wiring: every default session_before_compact path receives the bounded projection and an undefined hook result [1.86ms]
publish	Test and inspect the package	2026-10-07T08:21:11.1435906Z (pass) failed GLLA probes shed their obsolete prompts with the error replies [0.29ms]
publish	Test and inspect the package	2026-10-07T08:21:11.1437316Z (pass) ordinary provider failures and unsupervised retries use the same hygiene rule [0.13ms]
publish	Test and inspect the package	2026-10-07T08:21:11.1441048Z (pass) failed-probe cleanup preserves user requests, tool pairs, aborts and unrelated controls [0.22ms]
publish	Test and inspect the package	2026-10-07T08:21:11.1447809Z (pass) both public context and compaction hooks remove obsolete failed dispatch pairs with checkpoint projection off [0.79ms]
publish	Test and inspect the package	2026-10-07T08:21:11.1448336Z 
publish	Test and inspect the package	2026-10-07T08:21:11.1448672Z ##[endgroup]
publish	Test and inspect the package	2026-10-07T08:21:11.1452377Z 
publish	Test and inspect the package	2026-10-07T08:21:11.1452948Z ##[group]tests/gettick-tool-visibility.test.ts:
publish	Test and inspect the package	2026-10-07T08:21:11.5320684Z (pass) v0.35.60: glla tools are reactivated at the pre-turn boundary [75.95ms]
publish	Test and inspect the package	2026-10-07T08:21:11.5321500Z 
publish	Test and inspect the package	2026-10-07T08:21:11.5322214Z ##[endgroup]
publish	Test and inspect the package	2026-10-07T08:21:11.5326965Z 
publish	Test and inspect the package	2026-10-07T08:21:11.5327583Z ##[group]tests/auditor-challenge.test.ts:
publish	Test and inspect the package	2026-10-07T08:21:12.1306649Z (pass) challenge: approval earns a falsification round; re-confirm preserves the verdict [288.14ms]
publish	Test and inspect the package	2026-10-07T08:21:12.3156792Z (pass) challenge: a challenge disapproval flips the verdict by final line [184.95ms]
publish	Test and inspect the package	2026-10-07T08:21:12.5438471Z (pass) challenge: round-1 disapprovals run single-round [228.29ms]
publish	Test and inspect the package	2026-10-07T08:21:12.7270672Z (pass) challenge: a failed challenge falls back to byte-identical round-1 output [183.13ms]
publish	Test and inspect the package	2026-10-07T08:21:12.9493708Z (pass) strict challenge: a failed falsification pass is infrastructure/no-verdict [222.29ms]
publish	Test and inspect the package	2026-10-07T08:21:13.1313827Z (pass) strict challenge: an explicit requirement overrides a policy skip [181.97ms]
publish	Test and inspect the package	2026-10-07T08:21:13.3078811Z (pass) challenge: a failed round 1 still fails without challenging [176.43ms]
publish	Test and inspect the package	2026-10-07T08:21:13.5304861Z (pass) challenge: a light-tier request skips round 2 and records the skip [222.60ms]
publish	Test and inspect the package	2026-10-07T08:21:13.7450734Z (pass) challenge: a rework-streak skip is NOT recorded as a light-tier audit (v0.38.104) [214.56ms]
publish	Test and inspect the package	2026-10-07T08:21:13.9247932Z (pass) challenge: a request with no reason keeps the light-tier default (v0.38.104) [179.72ms]
publish	Test and inspect the package	2026-10-07T08:21:13.9248519Z 
publish	Test and inspect the package	2026-10-07T08:21:13.9248891Z ##[endgroup]
publish	Test and inspect the package	2026-10-07T08:21:13.9252087Z 
publish	Test and inspect the package	2026-10-07T08:21:13.9252704Z ##[group]tests/rich-terminal-summary.test.ts:
publish	Test and inspect the package	2026-10-07T08:21:14.2470346Z (pass) card opens with the outcome, then a change-first account and compact verification [2.87ms]
publish	Test and inspect the package	2026-10-07T08:21:14.3039182Z (pass) chat hides verification by default; the archive retains the full table [56.90ms]
publish	Test and inspect the package	2026-10-07T08:21:14.3064705Z (pass) failed verification is archive-only unless explicitly requested [1.56ms]
publish	Test and inspect the package	2026-10-07T08:21:14.3075383Z (pass) REPORTED verification stays visible when explicitly requested — never upgraded to PASS [0.82ms]
publish	Test and inspect the package	2026-10-07T08:21:14.3076495Z (pass) commit hashes stay in the archive, while chat keeps explanations [1.66ms]
publish	Test and inspect the package	2026-10-07T08:21:14.3083102Z (pass) Next section carries the concrete action; stale self-reference still drops [1.18ms]
publish	Test and inspect the package	2026-10-07T08:21:14.3087542Z (pass) trailer contract holds: approval bullet, record pointer last [0.50ms]
publish	Test and inspect the package	2026-10-07T08:21:14.3097718Z (pass) change and next lines render uncapped [0.98ms]
publish	Test and inspect the package	2026-10-07T08:21:14.3103126Z (pass) no audit history means no Audit row, approval voice still closes [0.50ms]
publish	Test and inspect the package	2026-10-07T08:21:14.3110328Z (pass) archive section retains detailed findings and verification for complete, Aborted-headlined for aborted [0.69ms]
publish	Test and inspect the package	2026-10-07T08:21:14.3116379Z (pass) duration line rides under the headline; unknown facts stay absent [0.63ms]
publish	Test and inspect the package	2026-10-07T08:21:14.3121877Z (pass) fewer than four groups render as nested change subsections [0.56ms]
publish	Test and inspect the package	2026-10-07T08:21:14.3138201Z (pass) four or more groups render as an Area | Finding | Evidence table [1.56ms]
publish	Test and inspect the package	2026-10-07T08:21:14.3144107Z (pass) three groups stay nested — the table trigger is exactly four [0.55ms]
publish	Test and inspect the package	2026-10-07T08:21:14.3164787Z (pass) v0.38.55: render path respects the sanitize trust boundary [2.08ms]
publish	Test and inspect the package	2026-10-07T08:21:14.3166804Z (pass) extractEvidenceTokens moves tokens mechanically and never invents [0.23ms]
publish	Test and inspect the package	2026-10-07T08:21:14.3186416Z (pass) sanitizeFindingGroups bounds shape at the trust boundary [1.88ms]
publish	Test and inspect the package	2026-10-07T08:21:14.3189151Z (pass) v0.38.55: banner voices every audit outcome honestly [0.33ms]
publish	Test and inspect the package	2026-10-07T08:21:14.3192341Z (pass) v0.38.55: gate commands render a Command column; absent keeps 4 cols [0.32ms]
publish	Test and inspect the package	2026-10-07T08:21:14.3203249Z (pass) rich terminal projections remove ANSI, OSC, and control bytes from every field [1.04ms]
publish	Test and inspect the package	2026-10-07T08:21:14.4632138Z (pass) v0.38.55: final repository state closes the card when readable [142.75ms]
publish	Test and inspect the package	2026-10-07T08:21:14.4639210Z (pass) audit 2026-09-26: complete_goal accepts long free-prose values instead of refusing them [0.80ms]
publish	Test and inspect the package	2026-10-07T08:21:14.4645551Z (pass) v0.38.102 an inline enumeration renders as an indented list [0.65ms]
publish	Test and inspect the package	2026-10-07T08:21:14.4648550Z (pass) v0.38.102 a single (1) marker is prose, not a list, and is left intact [0.28ms]
publish	Test and inspect the package	2026-10-07T08:21:14.4651298Z (pass) v0.38.102 Next gets the same treatment as Remaining [0.25ms]
publish	Test and inspect the package	2026-10-07T08:21:14.4651879Z 
publish	Test and inspect the package	2026-10-07T08:21:14.4652378Z ##[endgroup]
publish	Test and inspect the package	2026-10-07T08:21:14.4656641Z 
publish	Test and inspect the package	2026-10-07T08:21:14.4657333Z ##[group]tests/provider-report-redaction-budget.test.ts:
publish	Test and inspect the package	2026-10-07T08:21:14.7726134Z (pass) v0.38.104 an auditor report survives sanitizing instead of being deleted [2.02ms]
publish	Test and inspect the package	2026-10-07T08:21:14.7727705Z (pass) v0.38.104 the required-fixes section is always recoverable [1.02ms]
publish	Test and inspect the package	2026-10-07T08:21:14.7728698Z (pass) v0.38.104 a genuine provider payload still redacts IN FULL [0.24ms]
publish	Test and inspect the package	2026-10-07T08:21:14.7729816Z (pass) v0.38.104 a payload-heavy blob redacts in full regardless of length [0.47ms]
publish	Test and inspect the package	2026-10-07T08:21:14.7730887Z (pass) v0.38.104 the budget is a real fraction with an absolute floor [0.06ms]
publish	Test and inspect the package	2026-10-07T08:21:14.8298262Z (pass) v0.38.104 a marked line is always redacted, even after the budget [58.88ms]
publish	Test and inspect the package	2026-10-07T08:21:14.8304391Z (pass) v0.38.104 a bare 5xx-shaped number is not a provider marker [0.69ms]
publish	Test and inspect the package	2026-10-07T08:21:14.8306488Z (pass) v0.38.104 a 5xx WITH http context still redacts [0.17ms]
publish	Test and inspect the package	2026-10-07T08:21:14.8307528Z 
publish	Test and inspect the package	2026-10-07T08:21:14.8308073Z ##[endgroup]
publish	Test and inspect the package	2026-10-07T08:21:14.8310836Z 
publish	Test and inspect the package	2026-10-07T08:21:14.8311355Z ##[group]tests/recovery-restore-after-restart.test.ts:
publish	Test and inspect the package	2026-10-07T08:21:16.2280401Z (pass) v0.34.63 — quit → blank startup → resume (new manager, same session id) restores the recovery probe [1096.05ms]
publish	Test and inspect the package	2026-10-07T08:21:16.2329668Z (pass) blank restart paints the durable list objective, recovery owner, and next action before transcript load [5.05ms]
publish	Test and inspect the package	2026-10-07T08:21:16.7918657Z (pass) v0.34.63 — a lifecycle start with a DIFFERENT session id stays refused while the barrier pends [558.67ms]
publish	Test and inspect the package	2026-10-07T08:21:16.7962197Z (pass) v0.34.63 — source guard: the barrier-completing resume gate is wired before the foreign-session return [4.44ms]
publish	Test and inspect the package	2026-10-07T08:21:16.7963044Z 
publish	Test and inspect the package	2026-10-07T08:21:16.7963834Z ##[endgroup]
publish	Test and inspect the package	2026-10-07T08:21:16.7966924Z 
publish	Test and inspect the package	2026-10-07T08:21:16.7967684Z ##[group]tests/settings-stale-save.test.ts:
publish	Test and inspect the package	2026-10-07T08:21:17.3799776Z (pass) C9: stale-probe refusal fails the save loudly — no false saved claim [267.91ms]
publish	Test and inspect the package	2026-10-07T08:21:17.5715077Z (pass) C9 control: healthy probe saves and reports normally [191.15ms]
publish	Test and inspect the package	2026-10-07T08:21:17.8007680Z (pass) settings save validates its own session after an overlapping editor [229.50ms]
publish	Test and inspect the package	2026-10-07T08:21:18.0558756Z (pass) similarity editor empty input restores the default; explicit zero stays zero [255.25ms]
publish	Test and inspect the package	2026-10-07T08:21:18.2582934Z (pass) auditor picker offers thinking for provider refs containing nested model ids [202.42ms]
publish	Test and inspect the package	2026-10-07T08:21:18.2584217Z 
publish	Test and inspect the package	2026-10-07T08:21:18.2584960Z ##[endgroup]
publish	Test and inspect the package	2026-10-07T08:21:18.2587284Z 
publish	Test and inspect the package	2026-10-07T08:21:18.2587760Z ##[group]tests/audit-glance-clarity.test.ts:
publish	Test and inspect the package	2026-10-07T08:21:18.6405717Z (pass) screenshot regression: live audit facts and user action fit before Pi's ten-row cut [64.93ms]
publish	Test and inspect the package	2026-10-07T08:21:18.6408138Z (pass) narrow footer starts with audit state and real freshness [0.50ms]
publish	Test and inspect the package	2026-10-07T08:21:18.6418042Z (pass) quiet, blocked, settlement and recovery do not claim no action is needed [1.78ms]
publish	Test and inspect the package	2026-10-07T08:21:18.6424367Z (pass) starting audit distinguishes waiting for first activity from recent activity [0.64ms]
publish	Test and inspect the package	2026-10-07T08:21:18.6430490Z (pass) current tool keeps elapsed time and timeout budget in the compact card [0.52ms]
publish	Test and inspect the package	2026-10-07T08:21:18.6448497Z (pass) Studio regression: a silent bounded tool retains its clock and explains the wait [1.69ms]
publish	Test and inspect the package	2026-10-07T08:21:18.6459963Z (pass) a tool past its deadline, a cancelled tool and skewed telemetry cannot claim a healthy wait [1.08ms]
publish	Test and inspect the package	2026-10-07T08:21:18.6461456Z 
publish	Test and inspect the package	2026-10-07T08:21:18.6462181Z ##[endgroup]
publish	Test and inspect the package	2026-10-07T08:21:18.6465847Z 
publish	Test and inspect the package	2026-10-07T08:21:18.6466640Z ##[group]tests/overcap-strategy.test.ts:
publish	Test and inspect the package	2026-10-07T08:21:18.9546651Z (pass) ladder skips the stale retry after a recent compact [0.65ms]
publish	Test and inspect the package	2026-10-07T08:21:19.3495432Z (pass) failed compact + configured chain rotates, no ladder [394.96ms]
publish	Test and inspect the package	2026-10-07T08:21:19.7045217Z (pass) failed compact + empty chain names rung 3, never claims a walk [354.90ms]
publish	Test and inspect the package	2026-10-07T08:21:19.7045878Z 
publish	Test and inspect the package	2026-10-07T08:21:19.7046354Z ##[endgroup]
publish	Test and inspect the package	2026-10-07T08:21:19.7074422Z 
publish	Test and inspect the package	2026-10-07T08:21:19.7076209Z ##[group]tests/hegemon-queue-unblock-evidence.test.ts:
publish	Test and inspect the package	2026-10-07T08:21:20.4561484Z (pass) REAL SHAPE: 12 empty head items block list activation exactly as in the hegemon ledger [441.02ms]
publish	Test and inspect the package	2026-10-07T08:21:20.8387202Z (pass) REAL SHAPE: the clean 31-item queue (empties removed) activates main-menu without any blocked event [383.52ms]
publish	Test and inspect the package	2026-10-07T08:21:20.8388433Z 
publish	Test and inspect the package	2026-10-07T08:21:20.8389270Z ##[endgroup]
publish	Test and inspect the package	2026-10-07T08:21:20.8389767Z 
publish	Test and inspect the package	2026-10-07T08:21:20.8390441Z ##[group]tests/repair-promotion-durability.test.ts:
publish	Test and inspect the package	2026-10-07T08:21:21.2194266Z (pass) a new repair item is durable at the head with target metadata in its first write [72.42ms]
publish	Test and inspect the package	2026-10-07T08:21:21.2266266Z (pass) list_activate hydrates a disk-only queue before resolving the requested position [7.25ms]
publish	Test and inspect the package	2026-10-07T08:21:21.2298204Z (pass) an equivalent repair already in the queue is promoted to the durable head [3.24ms]
publish	Test and inspect the package	2026-10-07T08:21:21.2299729Z 
publish	Test and inspect the package	2026-10-07T08:21:21.2300483Z ##[endgroup]
publish	Test and inspect the package	2026-10-07T08:21:21.2302402Z 
publish	Test and inspect the package	2026-10-07T08:21:21.2302979Z ##[group]tests/regression-shield.test.ts:
publish	Test and inspect the package	2026-10-07T08:21:21.5493146Z (pass) contractItems: strips the 'Done when:' marker line [0.35ms]
publish	Test and inspect the package	2026-10-07T08:21:21.5494841Z (pass) contractItems: handles inline single-line contracts [0.08ms]
publish	Test and inspect the package	2026-10-07T08:21:21.5495997Z (pass) contractItems: strips bullets and numbering [0.06ms]
publish	Test and inspect the package	2026-10-07T08:21:21.5496878Z (pass) contractItems: drops empty lines [0.05ms]
publish	Test and inspect the package	2026-10-07T08:21:21.5497938Z (pass) contractItems: skips wrapped prose preamble in list-shaped contracts [0.07ms]
publish	Test and inspect the package	2026-10-07T08:21:21.5499174Z (pass) contractItems: shapeless contracts keep every-line behavior [0.05ms]
publish	Test and inspect the package	2026-10-07T08:21:21.5500330Z (pass) contractItems: a Done-when criterion survives alongside bullets [0.10ms]
publish	Test and inspect the package	2026-10-07T08:21:21.5501437Z (pass) passes: preamble fragments are not required in evidence [0.32ms]
publish	Test and inspect the package	2026-10-07T08:21:21.5502470Z (pass) passes: evidence block present, all items referenced [0.14ms]
publish	Test and inspect the package	2026-10-07T08:21:21.5503603Z (pass) rejects: approval without an evidence block [0.11ms]
publish	Test and inspect the package	2026-10-07T08:21:21.5504304Z (pass) rejects: evidence block but an item is not addressed [0.09ms]
publish	Test and inspect the package	2026-10-07T08:21:21.5504849Z (pass) rejects: bamboozle-style empty evidence block [0.09ms]
publish	Test and inspect the package	2026-10-07T08:21:21.5505457Z (pass) rejects: contract prose outside evidence cannot satisfy the shield [0.11ms]
publish	Test and inspect the package	2026-10-07T08:21:21.5506451Z (pass) distinctive-token matching: references the item by a filename [0.10ms]
publish	Test and inspect the package	2026-10-07T08:21:21.5507258Z (pass) case-insensitive matching [0.09ms]
publish	Test and inspect the package	2026-10-07T08:21:21.5508017Z (pass) contractItems: excludes 'Out of scope' boundary lines [0.06ms]
publish	Test and inspect the package	2026-10-07T08:21:21.5509346Z (pass) compound tokens match via segments (left-cropped → left + cropped) [0.11ms]
publish	Test and inspect the package	2026-10-07T08:21:21.5510462Z (pass) prose punctuation glued to tokens does not break matching (file/element.) [0.09ms]
publish	Test and inspect the package	2026-10-07T08:21:21.5511516Z (pass) top-3 candidate matching tolerates contract-only vocabulary [0.09ms]
publish	Test and inspect the package	2026-10-07T08:21:21.5512584Z (pass) still rejects: bamboozle report that never touches the item's vocabulary [0.10ms]
publish	Test and inspect the package	2026-10-07T08:21:21.5514002Z (pass) CJK: a verbatim-quoted Chinese item passes (token is one CJK word, not delimiters) [1.27ms]
publish	Test and inspect the package	2026-10-07T08:21:21.6102018Z (pass) CJK: a quote that drops the trailing full-width colon still matches [60.47ms]
publish	Test and inspect the package	2026-10-07T08:21:21.6103583Z (pass) CJK: a Chinese line with no ASCII letters is one candidate token [0.20ms]
publish	Test and inspect the package	2026-10-07T08:21:21.6105072Z (pass) CJK: an English-only paraphrase of a Chinese item is still rejected (strict shield) [0.30ms]
publish	Test and inspect the package	2026-10-07T08:21:21.6106449Z (pass) CJK: mixed item matches on its ASCII token even when CJK words are not quoted [0.15ms]
publish	Test and inspect the package	2026-10-07T08:21:21.6111381Z (pass) ASCII behavior is unchanged: distinctive-token + compound matching still work [0.14ms]
publish	Test and inspect the package	2026-10-07T08:21:21.6112553Z (pass) contractItems: 'Done when ALL of the following are true:' preamble is dropped [0.10ms]
publish	Test and inspect the package	2026-10-07T08:21:21.6114004Z (pass) contractItems: preamble without trailing colon is also dropped [0.09ms]
publish	Test and inspect the package	2026-10-07T08:21:21.6115271Z (pass) shield passes a genuine approval that a preamble-only false positive used to block [0.14ms]
publish	Test and inspect the package	2026-10-07T08:21:21.8125612Z (pass) extractMechanicalCheckCommands: extracts backticked and raw shell commands [201.11ms]
publish	Test and inspect the package	2026-10-07T08:21:21.8676415Z (pass) extractMechanicalCheckCommands: skips commands under negation [55.01ms]
publish	Test and inspect the package	2026-10-07T08:21:21.8679547Z (pass) extractMechanicalCheckCommands: rejects never-exiting server commands [0.54ms]
publish	Test and inspect the package	2026-10-07T08:21:23.0974129Z (pass) v0.35.16: mechanical checks keep the TAIL of failed output and banner a timeout kill [1229.21ms]
publish	Test and inspect the package	2026-10-07T08:21:25.6019457Z (pass) mechanical checks stay async and kill descendant processes on timeout [2504.53ms]
publish	Test and inspect the package	2026-10-07T08:21:25.7710694Z (pass) mechanical checks stop a runaway process group before the wall timeout [169.14ms]
publish	Test and inspect the package	2026-10-07T08:21:25.8100744Z (pass) v0.35.18: resolveCanonicalRunnerCommand maps raw runners to their canonical package script [39.00ms]
publish	Test and inspect the package	2026-10-07T08:21:26.1295970Z (pass) v0.35.20: runMechanicalPreAuditChecks retries a transiently failing check exactly once, honestly bannered [319.43ms]
publish	Test and inspect the package	2026-10-07T08:21:26.1755746Z (pass) v0.38.23: mechanical checks resolve project-local node_modules/.bin (bare tsc ENOENT field fix) [46.00ms]
publish	Test and inspect the package	2026-10-07T08:21:26.1756412Z 
publish	Test and inspect the package	2026-10-07T08:21:26.1756807Z ##[endgroup]
publish	Test and inspect the package	2026-10-07T08:21:26.2156878Z 
publish	Test and inspect the package	2026-10-07T08:21:26.2157876Z ##[group]tests/resume-rekick.test.ts:
publish	Test and inspect the package	2026-10-07T08:21:26.6087640Z (pass) v0.34.3: /glla resume re-kicks an ACTIVE-but-idle goal instead of 'Nothing to resume' [0.70ms]
publish	Test and inspect the package	2026-10-07T08:21:26.6089179Z (pass) v0.34.3: /glla resume re-kicks an ACTIVE loop too [0.24ms]
publish	Test and inspect the package	2026-10-07T08:21:26.6102592Z (pass) v0.34.3: /goal resume (/list resume) re-kicks instead of silently returning [0.24ms]
publish	Test and inspect the package	2026-10-07T08:21:26.6104001Z (pass) v0.34.3: re-kicks are ledger-visible (resume_rekick) [0.13ms]
publish	Test and inspect the package	2026-10-07T08:21:26.6104489Z 
publish	Test and inspect the package	2026-10-07T08:21:26.6105003Z ##[endgroup]
publish	Test and inspect the package	2026-10-07T08:21:26.6105246Z 
publish	Test and inspect the package	2026-10-07T08:21:26.6105740Z ##[group]tests/compaction-live-verifier.test.mjs:
publish	Test and inspect the package	2026-10-07T08:21:27.0017820Z (pass) loads both local extension entrypoints and isolates Pi's agent directory [0.70ms]
publish	Test and inspect the package	2026-10-07T08:21:27.0019584Z (pass) accepts only ordered host compaction events plus persisted non-empty records [0.13ms]
publish	Test and inspect the package	2026-10-07T08:21:27.0022231Z (pass) exercises manual RPC compaction and both post-compaction continuations [0.19ms]
publish	Test and inspect the package	2026-10-07T08:21:27.0023941Z 
publish	Test and inspect the package	2026-10-07T08:21:27.0024533Z ##[endgroup]
publish	Test and inspect the package	2026-10-07T08:21:27.0024753Z 
publish	Test and inspect the package	2026-10-07T08:21:27.0025205Z ##[group]tests/zombie-resume.test.ts:
publish	Test and inspect the package	2026-10-07T08:21:27.7025698Z (pass) v0.35.25 #14: /loop resume honors the zero-stream abort park and preserves iteration/history [313.28ms]
publish	Test and inspect the package	2026-10-07T08:21:28.0049807Z (pass) v0.35.25 #14: control — a non-resumable stop reason is still refused [300.35ms]
publish	Test and inspect the package	2026-10-07T08:21:28.2966411Z (pass) /glla resume resumes a loop held for stopped: automatic zero-stream abort — no provider activity was observed after 30m (iteration 210 preserved; /loop resume to retry) [293.22ms]
publish	Test and inspect the package	2026-10-07T08:21:28.7864991Z (pass) /glla resume resumes a loop held for paused by user (/loop pause) [488.54ms]
publish	Test and inspect the package	2026-10-07T08:21:29.0160591Z (pass) /glla resume resumes a loop held for stalled: 5 continuation refires landed no turn [226.73ms]
publish	Test and inspect the package	2026-10-07T08:21:29.3322093Z (pass) /glla resume leaves a completed loop terminal [316.01ms]
publish	Test and inspect the package	2026-10-07T08:21:29.3325001Z 
publish	Test and inspect the package	2026-10-07T08:21:29.3325750Z ##[endgroup]
publish	Test and inspect the package	2026-10-07T08:21:29.3326237Z 
publish	Test and inspect the package	2026-10-07T08:21:29.3326868Z ##[group]tests/main-fallback-thinking.test.ts:
publish	Test and inspect the package	2026-10-07T08:21:29.7603638Z (pass) main fallback picker saves a distinct supported thinking level per model and displays it [57.85ms]
publish	Test and inspect the package	2026-10-07T08:21:29.7614821Z (pass) fallback thinking settings and primary restoration are bounded durable values [1.21ms]
publish	Test and inspect the package	2026-10-07T08:21:29.7652809Z (pass) thinking choices come from registered model capabilities and reject unsupported selections [3.77ms]
publish	Test and inspect the package	2026-10-07T08:21:29.7709190Z (pass) the global main fallback chain accepts the current session model in both picker and typed input [5.59ms]
publish	Test and inspect the package	2026-10-07T08:21:29.7766801Z (pass) adding Muse after M3.1 asks only for Muse and preserves existing pins on reorder/removal [5.68ms]
publish	Test and inspect the package	2026-10-07T08:21:29.7767295Z 
publish	Test and inspect the package	2026-10-07T08:21:29.7767648Z ##[endgroup]
publish	Test and inspect the package	2026-10-07T08:21:29.7771621Z 
publish	Test and inspect the package	2026-10-07T08:21:29.7772106Z ##[group]tests/pitfall-registry.test.ts:
publish	Test and inspect the package	2026-10-07T08:21:30.0996147Z (pass) pitfall registry: absent file reads as absent [1.02ms]
publish	Test and inspect the package	2026-10-07T08:21:30.0997378Z (pass) pitfall registry: present file is returned bounded [0.62ms]
publish	Test and inspect the package	2026-10-07T08:21:30.1000641Z (pass) pitfall registry: brief rides the continuation prompt [2.44ms]
publish	Test and inspect the package	2026-10-07T08:21:30.1497690Z (pass) pitfall registry: no brief means no section [49.47ms]
publish	Test and inspect the package	2026-10-07T08:21:30.1498260Z 
publish	Test and inspect the package	2026-10-07T08:21:30.1498648Z ##[endgroup]
publish	Test and inspect the package	2026-10-07T08:21:30.1501474Z 
publish	Test and inspect the package	2026-10-07T08:21:30.1502112Z ##[group]tests/objection-pinning.test.ts:
publish	Test and inspect the package	2026-10-07T08:21:32.2057538Z (pass) v0.38.21 two disapproval rounds: R1 retired with its objections attached, prompt argues R2 only [1732.54ms]
publish	Test and inspect the package	2026-10-07T08:21:32.2060877Z (pass) v0.38.21 appendAuditVerdict: clean approval clears the pin, shield-clear counts, errors never touch flags [0.52ms]
publish	Test and inspect the package	2026-10-07T08:21:32.2062050Z 
publish	Test and inspect the package	2026-10-07T08:21:32.2062670Z ##[endgroup]
publish	Test and inspect the package	2026-10-07T08:21:32.2065526Z 
publish	Test and inspect the package	2026-10-07T08:21:32.2066358Z ##[group]tests/auditor-blank-until-resume.test.ts:
publish	Test and inspect the package	2026-10-07T08:21:32.6218971Z (pass) cold auditor gate hides only the report, not the durable objective UI [5.54ms]
publish	Test and inspect the package	2026-10-07T08:21:33.0036939Z (pass) cold restore shows the objective and sends nothing until explicit resume [381.46ms]
publish	Test and inspect the package	2026-10-07T08:21:33.1856824Z (pass) rejected stale /goal resume leaves the auditor surface suppressed [181.11ms]
publish	Test and inspect the package	2026-10-07T08:21:33.5987226Z (pass) explicit /goal resume releases the auditor surface for admitted main-model recovery [414.15ms]
publish	Test and inspect the package	2026-10-07T08:21:33.9675282Z (pass) configured auto-resume is continuation consent and restores auditor context [368.73ms]
publish	Test and inspect the package	2026-10-07T08:21:33.9676247Z 
publish	Test and inspect the package	2026-10-07T08:21:33.9676990Z ##[endgroup]
publish	Test and inspect the package	2026-10-07T08:21:33.9681019Z 
publish	Test and inspect the package	2026-10-07T08:21:33.9681619Z ##[group]tests/audit-history-copy.test.ts:
publish	Test and inspect the package	2026-10-07T08:21:34.3818000Z (pass) A9 premise: appendAuditVerdict mutates the passed history in place (array + entries) [45.35ms]
publish	Test and inspect the package	2026-10-07T08:21:34.3822601Z (pass) A9 (pin): both apply paths copy auditHistory before appendAuditVerdict can touch it [0.60ms]
publish	Test and inspect the package	2026-10-07T08:21:34.3823680Z 
publish	Test and inspect the package	2026-10-07T08:21:34.3824078Z ##[endgroup]
publish	Test and inspect the package	2026-10-07T08:21:34.3827017Z 
publish	Test and inspect the package	2026-10-07T08:21:34.3827758Z ##[group]tests/pause-message-content.test.ts:
publish	Test and inspect the package	2026-10-07T08:21:34.7940160Z (pass) audit-cap pause message guides INVESTIGATION (item 20) [1.35ms]
publish	Test and inspect the package	2026-10-07T08:21:34.7948495Z (pass) pause message no longer leads with 'summarize and ask' (item 19) [0.97ms]
publish	Test and inspect the package	2026-10-07T08:21:34.7949226Z 
publish	Test and inspect the package	2026-10-07T08:21:34.7949752Z ##[endgroup]
publish	Test and inspect the package	2026-10-07T08:21:34.7953677Z 
publish	Test and inspect the package	2026-10-07T08:21:34.7954270Z ##[group]tests/auditor-timeout-settings.test.ts:
publish	Test and inspect the package	2026-10-07T08:21:35.1995903Z (pass) v0.37.0: escalatedAuditorTimeout doubles per prior attempt and saturates at 4x base [0.71ms]
publish	Test and inspect the package	2026-10-07T08:21:35.2032914Z (pass) v0.37.0: auditor timeout settings clamp into bounds on load [5.34ms]
publish	Test and inspect the package	2026-10-07T08:21:35.2096417Z (pass) v0.37.0: /glla editor accepts plain-ms and s/m/h duration input for both keys [6.30ms]
publish	Test and inspect the package	2026-10-07T08:21:35.2110110Z (pass) v0.37.0: settings menu exposes both auditor timeout rows in the auditor section [1.34ms]
publish	Test and inspect the package	2026-10-07T08:21:35.7639371Z (pass) v0.37.0: dispatch env reaches the worker process so parent and worker budgets agree [552.82ms]
publish	Test and inspect the package	2026-10-07T08:21:35.7640706Z (pass) v0.37.0: progress signature counts streamed report bytes [0.30ms]
publish	Test and inspect the package	2026-10-07T08:21:35.7642284Z (pass) v0.37.0: an in-budget live tool exempts the audit card from the quiet phase [0.18ms]
publish	Test and inspect the package	2026-10-07T08:21:35.7669680Z (pass) v0.37.0: durable claims preserve the timeout escalation index across loads [2.55ms]
publish	Test and inspect the package	2026-10-07T08:21:35.7679106Z (pass) v0.38.3: auditJobRetentionMs clamps into [0, 7d] on load [1.02ms]
publish	Test and inspect the package	2026-10-07T08:21:35.7730242Z (pass) v0.38.3: /glla editor accepts duration input for auditJobRetentionMs (0 is legal) [5.03ms]
publish	Test and inspect the package	2026-10-07T08:21:35.7740577Z (pass) v0.38.3: settings menu exposes the audit job retention row in the auditor section [1.11ms]
publish	Test and inspect the package	2026-10-07T08:21:35.7741100Z 
publish	Test and inspect the package	2026-10-07T08:21:35.7741438Z ##[endgroup]
publish	Test and inspect the package	2026-10-07T08:21:35.7745051Z 
publish	Test and inspect the package	2026-10-07T08:21:35.7745635Z ##[group]tests/zombie-user-input-standdown.test.ts:
publish	Test and inspect the package	2026-10-07T08:21:36.0904892Z (pass) user-input wait set covers glla dialogs and structured-question tools [0.25ms]
publish	Test and inspect the package	2026-10-07T08:21:36.0919773Z (pass) execution/reads/subagent tools are NOT user-input waits [0.10ms]
publish	Test and inspect the package	2026-10-07T08:21:36.0921023Z (pass) zombie branch stands down on human-input waits with its own ledger event [0.32ms]
publish	Test and inspect the package	2026-10-07T08:21:36.0922069Z (pass) stand-down ledger is latched per silent episode, not per tick [0.40ms]
publish	Test and inspect the package	2026-10-07T08:21:36.0922748Z (pass) the abort path is untouched when NO human-input tool is in flight [0.16ms]
publish	Test and inspect the package	2026-10-07T08:21:36.0923071Z 
publish	Test and inspect the package	2026-10-07T08:21:36.0924273Z ##[endgroup]
publish	Test and inspect the package	2026-10-07T08:21:36.0924425Z 
publish	Test and inspect the package	2026-10-07T08:21:36.0924706Z ##[group]tests/adaptive-wait.test.mjs:
publish	Test and inspect the package	2026-10-07T08:21:36.5088764Z (pass) estimateDurationFromHistory uses median with headroom and fallback bounds [0.68ms]
publish	Test and inspect the package	2026-10-07T08:21:36.5090517Z (pass) nextPollMs doubles each attempt capped at 1s [0.24ms]
publish	Test and inspect the package	2026-10-07T08:21:36.5094701Z (pass) waitForDurableEvent works with adaptive poll intervals [0.54ms]
publish	Test and inspect the package	2026-10-07T08:21:36.5105217Z (pass) smoke wait_for uses adaptive polling (check-if-done, 250->1000) [1.02ms]
publish	Test and inspect the package	2026-10-07T08:21:36.5106074Z 
publish	Test and inspect the package	2026-10-07T08:21:36.5106862Z ##[endgroup]
publish	Test and inspect the package	2026-10-07T08:21:36.5112040Z 
publish	Test and inspect the package	2026-10-07T08:21:36.5112648Z ##[group]tests/auditor-quota-identical.test.ts:
publish	Test and inspect the package	2026-10-07T08:21:36.8715225Z (pass) rate-limit and plan-quota walls are exempt from the identical park [0.27ms]
publish	Test and inspect the package	2026-10-07T08:21:36.8726688Z (pass) billing walls keep the park — retries cannot fix a paywall [0.05ms]
publish	Test and inspect the package	2026-10-07T08:21:36.8727719Z (pass) non-quota infra failures keep the identical park [0.05ms]
publish	Test and inspect the package	2026-10-07T08:21:36.8728636Z (pass) freshAuditorCycleClaim reseeds the dead chain and restarts the streak [0.20ms]
publish	Test and inspect the package	2026-10-07T08:21:36.8729009Z 
publish	Test and inspect the package	2026-10-07T08:21:36.8729356Z ##[endgroup]
publish	Test and inspect the package	2026-10-07T08:21:36.8729485Z 
publish	Test and inspect the package	2026-10-07T08:21:36.8729764Z ##[group]tests/defer-durable-ordering.test.ts:
publish	Test and inspect the package	2026-10-07T08:21:37.3002452Z (pass) defer vs durable — semantic recommendation ordering > v0.38.71: imperative fix verbs do not double against the plaque verb (field UI-SURVEY-2026-09-20) [0.50ms]
publish	Test and inspect the package	2026-10-07T08:21:37.3005135Z (pass) defer vs durable — semantic recommendation ordering > three defer recommendations still select the safe durable action first [0.19ms]
publish	Test and inspect the package	2026-10-07T08:21:37.3007158Z (pass) defer vs durable — semantic recommendation ordering > only an explicit blocked fact selects the reversible defer plaque [0.10ms]
publish	Test and inspect the package	2026-10-07T08:21:37.3009121Z (pass) defer vs durable — semantic recommendation ordering > the policy is generated from the same semantic three-defer path [0.20ms]
publish	Test and inspect the package	2026-10-07T08:21:37.3010016Z 
publish	Test and inspect the package	2026-10-07T08:21:37.3010524Z ##[endgroup]
publish	Test and inspect the package	2026-10-07T08:21:37.3010735Z 
publish	Test and inspect the package	2026-10-07T08:21:37.3011508Z ##[group]tests/settlement-boundary-faults.test.ts:
publish	Test and inspect the package	2026-10-07T08:21:37.7204072Z (pass) typed settlement refuses success before its intent can be persisted [7.87ms]
publish	Test and inspect the package	2026-10-07T08:21:37.7287886Z (pass) failed receipt transfer retains the terminal obligation across live-slot cleanup [8.40ms]
publish	Test and inspect the package	2026-10-07T08:21:37.7378106Z (pass) unreadable old outbox retains new archive intent until both summaries can be queued [9.00ms]
publish	Test and inspect the package	2026-10-07T08:21:37.7378864Z 
publish	Test and inspect the package	2026-10-07T08:21:37.7379367Z ##[endgroup]
publish	Test and inspect the package	2026-10-07T08:21:37.7382434Z 
publish	Test and inspect the package	2026-10-07T08:21:37.7382986Z ##[group]tests/task-list-persistence.test.ts:
publish	Test and inspect the package	2026-10-07T08:21:38.1153724Z (pass) normal task-list proposal reports failure and stores no task list [64.05ms]
publish	Test and inspect the package	2026-10-07T08:21:38.1192480Z (pass) repair proposal preserves the source sidecar and queue when the task list cannot persist [4.01ms]
publish	Test and inspect the package	2026-10-07T08:21:38.1193003Z 
publish	Test and inspect the package	2026-10-07T08:21:38.1193644Z ##[endgroup]
publish	Test and inspect the package	2026-10-07T08:21:38.1196616Z 
publish	Test and inspect the package	2026-10-07T08:21:38.1197179Z ##[group]tests/transient-retry-cadence.test.ts:
publish	Test and inspect the package	2026-10-07T08:21:38.4202762Z [run-tests] progress: 570s elapsed · 0s since last output · 312 KiB of suite output
publish	Test and inspect the package	2026-10-07T08:21:38.4359659Z (pass) transient weather hammers: 10 eager probes through the real classifier [1.30ms]
publish	Test and inspect the package	2026-10-07T08:21:38.4361617Z (pass) post-eager transient ladder: 1m base doubling to the 30m cap [0.21ms]
publish	Test and inspect the package	2026-10-07T08:21:38.4362816Z (pass) walls keep the historical ladder; a reset hint outranks the eager window [0.48ms]
publish	Test and inspect the package	2026-10-07T08:21:38.4364141Z (pass) v0.38.104: unclassified errors fail open to eager [0.26ms]
publish	Test and inspect the package	2026-10-07T08:21:38.4365110Z (pass) recovery probes use the kind-aware delay (the 300m park) [0.20ms]
publish	Test and inspect the package	2026-10-07T08:21:38.4366308Z (pass) describeSubagentTerminal: transient text is eager, walls and aborts are not [0.86ms]
publish	Test and inspect the package	2026-10-07T08:21:38.4367359Z (pass) subagentTerminalAlreadyRecorded: the nudge fires once per run [0.20ms]
publish	Test and inspect the package	2026-10-07T08:21:38.4367977Z (pass) audit: terminal precedence holds in every event order [0.26ms]
publish	Test and inspect the package	2026-10-07T08:21:38.4368888Z (pass) wiring: the process-terminal handler ledger-nudges eager child failures [0.64ms]
publish	Test and inspect the package	2026-10-07T08:21:38.4371651Z (pass) wiring: recovery probes route through the kind-aware delay [0.32ms]
publish	Test and inspect the package	2026-10-07T08:21:38.4372079Z 
publish	Test and inspect the package	2026-10-07T08:21:38.4372616Z ##[endgroup]
publish	Test and inspect the package	2026-10-07T08:21:38.4372743Z 
publish	Test and inspect the package	2026-10-07T08:21:38.4373115Z ##[group]tests/quota-horizon-exemption.test.ts:
publish	Test and inspect the package	2026-10-07T08:21:38.8452607Z (pass) quota wait survives the horizon instead of parking [2.34ms]
publish	Test and inspect the package	2026-10-07T08:21:38.8463207Z (pass) billing and non-quota failures still park at the horizon [1.17ms]
publish	Test and inspect the package	2026-10-07T08:21:38.8465776Z (pass) deterministic classifier: 400 markers hold, everything else passes through [0.10ms]
publish	Test and inspect the package	2026-10-07T08:21:38.8475331Z (pass) deterministic 400 holds even aggressive and fresh — identical retries cannot succeed [0.96ms]
publish	Test and inspect the package	2026-10-07T08:21:38.8478042Z (pass) deterministic hold names the fix directions [0.44ms]
publish	Test and inspect the package	2026-10-07T08:21:38.8486333Z (pass) transient wall still schedules under aggressive (control) [0.76ms]
publish	Test and inspect the package	2026-10-07T08:21:38.8487171Z 
publish	Test and inspect the package	2026-10-07T08:21:38.8487723Z ##[endgroup]
publish	Test and inspect the package	2026-10-07T08:21:38.8491419Z 
publish	Test and inspect the package	2026-10-07T08:21:38.8492005Z ##[group]tests/refine-spec-rebaseline.test.ts:
publish	Test and inspect the package	2026-10-07T08:21:39.2501800Z REFINE RESULT: Refinement confirmed and applied. Continue improving against the NEW spec — one small change per turn.
publish	Test and inspect the package	2026-10-07T08:21:39.2505846Z (pass) v0.35.43: a confirmed respec with newly checked boxes re-baselines specChecked — no unearned progress [83.13ms]
publish	Test and inspect the package	2026-10-07T08:21:39.2605479Z (pass) v0.35.x: recoverable bound-stopped loops accept a confirmed refinement without auto-starting [9.60ms]
publish	Test and inspect the package	2026-10-07T08:21:39.2607741Z 
publish	Test and inspect the package	2026-10-07T08:21:39.2608357Z ##[endgroup]
publish	Test and inspect the package	2026-10-07T08:21:39.2608566Z 
publish	Test and inspect the package	2026-10-07T08:21:39.2609094Z ##[group]tests/provider-retry-relentless.test.ts:
publish	Test and inspect the package	2026-10-07T08:21:39.5849186Z (pass) 200751: agent pause inside the brake episode does not kill the retry [0.28ms]
publish	Test and inspect the package	2026-10-07T08:21:39.5872719Z (pass) untouched brake pause still resumes [0.04ms]
publish	Test and inspect the package	2026-10-07T08:21:39.5873966Z (pass) untouched 6-brake park still probes [0.04ms]
publish	Test and inspect the package	2026-10-07T08:21:39.5874489Z (pass) explicit user pause stands the retry down [0.04ms]
publish	Test and inspect the package	2026-10-07T08:21:39.5874993Z (pass) pending decision picker stands the retry down [0.03ms]
publish	Test and inspect the package	2026-10-07T08:21:39.5875434Z (pass) active goal never resumes [0.03ms]
publish	Test and inspect the package	2026-10-07T08:21:39.5875806Z (pass) episode mismatch never resumes [0.03ms]
publish	Test and inspect the package	2026-10-07T08:21:39.5876200Z (pass) missing episode never resumes [0.09ms]
publish	Test and inspect the package	2026-10-07T08:21:39.5876412Z 
publish	Test and inspect the package	2026-10-07T08:21:39.5876748Z ##[endgroup]
publish	Test and inspect the package	2026-10-07T08:21:39.5876877Z 
publish	Test and inspect the package	2026-10-07T08:21:39.5877163Z ##[group]tests/terminal-completion-notice.test.ts:
publish	Test and inspect the package	2026-10-07T08:21:40.0291415Z (pass) v0.38.18 terminal notice: the done brief lands in the conversation exactly once [21.92ms]
publish	Test and inspect the package	2026-10-07T08:21:40.0292929Z (pass) v0.38.18 source: the detached-approval branch closes the transcript [0.28ms]
publish	Test and inspect the package	2026-10-07T08:21:40.0389825Z (pass) audit-2026-09-06: a stale-generation notice never fires into the successor session [9.06ms]
publish	Test and inspect the package	2026-10-07T08:21:40.0390681Z 
publish	Test and inspect the package	2026-10-07T08:21:40.0391336Z ##[endgroup]
publish	Test and inspect the package	2026-10-07T08:21:40.0391584Z 
publish	Test and inspect the package	2026-10-07T08:21:40.0392090Z ##[group]tests/auditor-thinking-display.test.ts:
publish	Test and inspect the package	2026-10-07T08:21:40.4428166Z (pass) headless /glla shows the effective auditor thinking level with its why [83.43ms]
publish	Test and inspect the package	2026-10-07T08:21:40.4713694Z (pass) headless /glla honors an explicit thinking setting and unknown models [28.48ms]
publish	Test and inspect the package	2026-10-07T08:21:40.4715406Z 
publish	Test and inspect the package	2026-10-07T08:21:40.4716412Z ##[endgroup]
publish	Test and inspect the package	2026-10-07T08:21:40.4718621Z 
publish	Test and inspect the package	2026-10-07T08:21:40.4719434Z ##[group]tests/auditor-screenshot-disapproval.test.ts:
publish	Test and inspect the package	2026-10-07T08:21:40.8017132Z (pass) screenshot-shaped non-literal Done when contract proof stays an actionable disapproval [0.91ms]
publish	Test and inspect the package	2026-10-07T08:21:40.8031208Z (pass) screenshot-shaped inverted title/score hierarchy stays an actionable disapproval [0.29ms]
publish	Test and inspect the package	2026-10-07T08:21:40.8031803Z 
publish	Test and inspect the package	2026-10-07T08:21:40.8032149Z ##[endgroup]
publish	Test and inspect the package	2026-10-07T08:21:40.8032283Z 
publish	Test and inspect the package	2026-10-07T08:21:40.8032980Z ##[group]tests/pause-anti-confabulation.test.ts:
publish	Test and inspect the package	2026-10-07T08:21:41.1163739Z (pass) claimed-missing matches absence language only [1.40ms]
publish	Test and inspect the package	2026-10-07T08:21:41.6639948Z (pass) pause claiming a missing tool is refused with a correction, goal stays active [547.62ms]
publish	Test and inspect the package	2026-10-07T08:21:42.0917722Z (pass) pause quoting pi's own not-found error is accepted as a genuine outage [427.67ms]
publish	Test and inspect the package	2026-10-07T08:21:42.5626754Z (pass) ordinary pauses are untouched by the guard [470.07ms]
publish	Test and inspect the package	2026-10-07T08:21:42.5627687Z 
publish	Test and inspect the package	2026-10-07T08:21:42.5628397Z ##[endgroup]
publish	Test and inspect the package	2026-10-07T08:21:42.5628768Z 
publish	Test and inspect the package	2026-10-07T08:21:42.5629361Z ##[group]tests/list-stall-reproduction.test.ts:
publish	Test and inspect the package	2026-10-07T08:21:43.2958178Z (pass) completed standalone goal automatically hands off to the waiting list [421.15ms]
publish	Test and inspect the package	2026-10-07T08:21:43.5855273Z (pass) /glla resume starts a waiting-only list instead of reporting nothing [289.88ms]
publish	Test and inspect the package	2026-10-07T08:21:43.9097137Z (pass) list-sourced completion promotes the successor and records the settle transition [323.12ms]
publish	Test and inspect the package	2026-10-07T08:21:43.9098431Z 
publish	Test and inspect the package	2026-10-07T08:21:43.9099222Z ##[endgroup]
publish	Test and inspect the package	2026-10-07T08:21:43.9661202Z 
publish	Test and inspect the package	2026-10-07T08:21:43.9662304Z ##[group]tests/vision-assist.test.ts:
publish	Test and inspect the package	2026-10-07T08:21:44.2802755Z (pass) VISION_ASSIST_GUIDANCE prefers native vision without assuming MMX [0.69ms]
publish	Test and inspect the package	2026-10-07T08:21:44.2804055Z (pass) docs/VISION-ASSIST.md documents native-first guidance and the preapproval gate [0.29ms]
publish	Test and inspect the package	2026-10-07T08:21:44.3440551Z (pass) visionDescribeCommand builds the exact mmx call [65.53ms]
publish	Test and inspect the package	2026-10-07T08:21:44.3441535Z (pass) routeVisionCheck: a forbidden target stays on the current model [0.16ms]
publish	Test and inspect the package	2026-10-07T08:21:44.3442742Z (pass) routeVisionCheck: confirmed MMX is an optional external fallback [0.13ms]
publish	Test and inspect the package	2026-10-07T08:21:44.3444113Z (pass) routeVisionCheck: native vision is the default and no external tool is assumed [0.09ms]
publish	Test and inspect the package	2026-10-07T08:21:44.3445404Z (pass) routeVisionCheck: known unavailable native vision fails closed [0.15ms]
publish	Test and inspect the package	2026-10-07T08:21:44.3446550Z (pass) routeVisionCheck: model switch requires explicit opt-in [0.13ms]
publish	Test and inspect the package	2026-10-07T08:21:44.3448135Z (pass) isForbiddenModel: v0.34.115 default is empty — no model is forbidden by default [0.13ms]
publish	Test and inspect the package	2026-10-07T08:21:44.3449311Z (pass) visionAssistLedger builds a native-model audit payload [0.14ms]
publish	Test and inspect the package	2026-10-07T08:21:44.5717413Z (pass) continuation prompts carry native-first VISION-ASSIST guidance by default [225.34ms]
publish	Test and inspect the package	2026-10-07T08:21:44.7564488Z (pass) visionAssist off → the directive is dropped from continuation prompts (gate still ships) [185.85ms]
publish	Test and inspect the package	2026-10-07T08:21:44.7591755Z (pass) a forbidden switch at runtime records the vision_assist routing entry [2.90ms]
publish	Test and inspect the package	2026-10-07T08:21:44.7611884Z (pass) visionAssist off → the forbidden switch records no vision_assist entry (gate still fires) [1.81ms]
publish	Test and inspect the package	2026-10-07T08:21:44.7644047Z 
publish	Test and inspect the package	2026-10-07T08:21:44.7648738Z ##[endgroup]
publish	Test and inspect the package	2026-10-07T08:21:44.7648990Z 
publish	Test and inspect the package	2026-10-07T08:21:44.7650049Z ##[group]tests/mid-objective-park-refusal.test.ts:
publish	Test and inspect the package	2026-10-07T08:21:45.3696316Z (pass) 200751-shape: blocked self-park while the brake retry is armed is refused, goal stays active [279.67ms]
publish	Test and inspect the package	2026-10-07T08:21:45.7867647Z (pass) kind error and kind-unset parks are refused while armed [417.20ms]
publish	Test and inspect the package	2026-10-07T08:21:46.0035135Z (pass) decision picker while armed is still allowed (user deliberating) [216.48ms]
publish	Test and inspect the package	2026-10-07T08:21:46.2287861Z (pass) time-gated wait while armed is still allowed (bounded by the clamp) [225.47ms]
publish	Test and inspect the package	2026-10-07T08:21:46.4827567Z (pass) blocked park with no armed recovery is still allowed (genuine blocker) [253.06ms]
publish	Test and inspect the package	2026-10-07T08:21:46.4828681Z 
publish	Test and inspect the package	2026-10-07T08:21:46.4829895Z ##[endgroup]
publish	Test and inspect the package	2026-10-07T08:21:46.4830167Z 
publish	Test and inspect the package	2026-10-07T08:21:46.4831091Z ##[group]tests/paused-owner-honesty.test.ts:
publish	Test and inspect the package	2026-10-07T08:21:46.8095154Z (pass) stale recovery remnant does not own a blocked pause [1.82ms]
publish	Test and inspect the package	2026-10-07T08:21:46.8096933Z (pass) live recovery timer still owns a blocked pause [0.55ms]
publish	Test and inspect the package	2026-10-07T08:21:46.8097471Z 
publish	Test and inspect the package	2026-10-07T08:21:46.8098006Z ##[endgroup]
publish	Test and inspect the package	2026-10-07T08:21:46.8098221Z 
publish	Test and inspect the package	2026-10-07T08:21:46.8098709Z ##[group]tests/blocked-pause-autoclear.test.ts:
publish	Test and inspect the package	2026-10-07T08:21:48.5047772Z (pass) v0.34.64 — blocked pause owned by recovery auto-clears when the probe succeeds [1352.22ms]
publish	Test and inspect the package	2026-10-07T08:21:49.6196364Z (pass) v0.34.64 — blocked pause with a NON-recovery reason stays blocked [1114.84ms]
publish	Test and inspect the package	2026-10-07T08:21:50.7566760Z (pass) v0.34.64 — wait pause owned by recovery still auto-clears [1137.02ms]
publish	Test and inspect the package	2026-10-07T08:21:50.7570833Z (pass) v0.34.64 — source guard: only main-model recovery owns the auto-clear [0.62ms]
publish	Test and inspect the package	2026-10-07T08:21:50.7571426Z 
publish	Test and inspect the package	2026-10-07T08:21:50.7571907Z ##[endgroup]
publish	Test and inspect the package	2026-10-07T08:21:50.7576847Z 
publish	Test and inspect the package	2026-10-07T08:21:50.7577611Z ##[group]tests/contained-child-platform.test.ts:
publish	Test and inspect the package	2026-10-07T08:21:52.3311368Z (pass) real linux cleanup stops a live owned Node tree and inherited pipes [1150.83ms]
publish	Test and inspect the package	2026-10-07T08:21:52.3312239Z 
publish	Test and inspect the package	2026-10-07T08:21:52.3312822Z ##[endgroup]
publish	Test and inspect the package	2026-10-07T08:21:52.3314593Z 
publish	Test and inspect the package	2026-10-07T08:21:52.3315095Z ##[group]tests/audit-change-scope.test.ts:
publish	Test and inspect the package	2026-10-07T08:21:52.7349182Z (pass) change-scope: extractor reads file_path/path and drops everything else [0.52ms]
publish	Test and inspect the package	2026-10-07T08:21:52.7365037Z (pass) change-scope: recorder keeps first-seen order, dedupes, and counts overflow [1.62ms]
publish	Test and inspect the package	2026-10-07T08:21:52.8777380Z (pass) change-scope: write tool calls record their paths on the active goal [140.36ms]
publish	Test and inspect the package	2026-10-07T08:21:53.1838523Z (pass) change-scope: reads, bash, junk, and inactive goals record nothing [305.92ms]
publish	Test and inspect the package	2026-10-07T08:21:53.1875934Z (pass) change-scope: the audit brief names the recorded paths first [3.04ms]
publish	Test and inspect the package	2026-10-07T08:21:53.1894848Z (pass) change-scope: the brief reports overflow and escapes paths as data [0.32ms]
publish	Test and inspect the package	2026-10-07T08:21:53.1896686Z (pass) change-scope: no recorded paths keeps the previous brief shape [0.32ms]
publish	Test and inspect the package	2026-10-07T08:21:53.2832628Z (pass) change-scope: the fallback summary names recorded paths, bounded [95.33ms]
publish	Test and inspect the package	2026-10-07T08:21:53.2834714Z (pass) change-scope: the audit brief caps the prompt list at 20 with an omission line [0.68ms]
publish	Test and inspect the package	2026-10-07T08:21:53.2836035Z 
publish	Test and inspect the package	2026-10-07T08:21:53.2836702Z ##[endgroup]
publish	Test and inspect the package	2026-10-07T08:21:53.2854338Z 
publish	Test and inspect the package	2026-10-07T08:21:53.2855168Z ##[group]tests/loops/goal.test.ts:
publish	Test and inspect the package	2026-10-07T08:21:54.0731804Z (pass) v0.34.57: a compaction inside the watchdog window pauses the watchdog instead of firing the unacknowledged warning [420.83ms]
publish	Test and inspect the package	2026-10-07T08:21:54.6111193Z (pass) v0.34.57: compaction rearm cap goes directly to unacknowledged without a retry [538.46ms]
publish	Test and inspect the package	2026-10-07T08:21:55.0654321Z (pass) v0.34.124: a recovery resume inside the watchdog window pauses the watchdog instead of firing the unacknowledged warning [454.20ms]
publish	Test and inspect the package	2026-10-07T08:21:55.0678718Z (pass) v0.34.124: recovery rearm counters clear when the dispatch watchdog settles [0.57ms]
publish	Test and inspect the package	2026-10-07T08:21:55.7284049Z (pass) v0.34.124: a recovery resume OUTSIDE the grace window does not pause the watchdog [661.89ms]
publish	Test and inspect the package	2026-10-07T08:21:56.3995620Z (pass) v0.34.57: a genuine stall (no compaction in the window) still fires the unacknowledged warning [671.06ms]
publish	Test and inspect the package	2026-10-07T08:21:56.3996364Z 
publish	Test and inspect the package	2026-10-07T08:21:56.3996812Z ##[endgroup]
publish	Test and inspect the package	2026-10-07T08:21:56.3997026Z 
publish	Test and inspect the package	2026-10-07T08:21:56.3997181Z 1 tests skipped:
publish	Test and inspect the package	2026-10-07T08:21:56.3997883Z (skip) commit survives the auto-committer daemon (item 32, env-gated watched repo)
publish	Test and inspect the package	2026-10-07T08:21:56.3998395Z 
publish	Test and inspect the package	2026-10-07T08:21:56.3998532Z  3300 pass
publish	Test and inspect the package	2026-10-07T08:21:56.3998820Z  1 skip
publish	Test and inspect the package	2026-10-07T08:21:56.3999545Z  0 fail
publish	Test and inspect the package	2026-10-07T08:21:56.3999941Z Ran 3301 tests across 351 files. [587.99s]
publish	Test and inspect the package	2026-10-07T08:21:56.9146950Z [run-tests] finished in 589s (exit 0)
publish	Test and inspect the package	2026-10-07T08:22:18.4734825Z TAP version 13
publish	Test and inspect the package	2026-10-07T08:22:18.4765072Z # Subtest: jiti: /list audit enqueues, persists the item, and ACTIVATES (state binding not split)
publish	Test and inspect the package	2026-10-07T08:22:18.4766911Z ok 1 - jiti: /list audit enqueues, persists the item, and ACTIVATES (state binding not split)
publish	Test and inspect the package	2026-10-07T08:22:18.4812285Z   ---
publish	Test and inspect the package	2026-10-07T08:22:18.4834495Z   duration_ms: 7576.926864
publish	Test and inspect the package	2026-10-07T08:22:18.4857696Z   type: 'test'
publish	Test and inspect the package	2026-10-07T08:22:18.4858386Z   ...
publish	Test and inspect the package	2026-10-07T08:22:18.9257142Z 1..1
publish	Test and inspect the package	2026-10-07T08:22:18.9257663Z # tests 1
publish	Test and inspect the package	2026-10-07T08:22:18.9258432Z # suites 0
publish	Test and inspect the package	2026-10-07T08:22:18.9260426Z # pass 1
publish	Test and inspect the package	2026-10-07T08:22:18.9261538Z # fail 0
publish	Test and inspect the package	2026-10-07T08:22:18.9265185Z # cancelled 0
publish	Test and inspect the package	2026-10-07T08:22:18.9265676Z # skipped 0
publish	Test and inspect the package	2026-10-07T08:22:18.9266392Z # todo 0
publish	Test and inspect the package	2026-10-07T08:22:18.9267098Z # duration_ms 8036.863467
publish	Test and inspect the package	2026-10-07T08:22:19.0640583Z npm warn Unknown user config "always-auth". This will stop working in the next major version of npm. See `npm help npmrc` for supported config options.
publish	Test and inspect the package	2026-10-07T08:22:19.0790540Z 
publish	Test and inspect the package	2026-10-07T08:22:19.0791356Z > pi-goal-list-loop-audit@0.39.15 test:auditor-extensions
publish	Test and inspect the package	2026-10-07T08:22:19.0792053Z > node scripts/verify-auditor-extensions-offline.mjs
publish	Test and inspect the package	2026-10-07T08:22:19.0792389Z 
publish	Test and inspect the package	2026-10-07T08:22:19.4306298Z OK: -e <resolved-path> registered 1 glla-auditor-fixture models offline (PI_OFFLINE=1)
publish	Test and inspect the package	2026-10-07T08:22:19.4309193Z OK: no temporary extension install directory created
publish	Test and inspect the package	2026-10-07T08:22:19.4311263Z VERIFIED offline auditor extension loading via resolved path: /home/runner/work/pi-goal-list-loop-audit/pi-goal-list-loop-audit/scripts/auditor-extension-fixture.mjs
publish	Test and inspect the package	2026-10-07T08:22:19.5335438Z npm warn Unknown user config "always-auth". This will stop working in the next major version of npm. See `npm help npmrc` for supported config options.
publish	Test and inspect the package	2026-10-07T08:22:19.5487059Z 
publish	Test and inspect the package	2026-10-07T08:22:19.5487815Z > pi-goal-list-loop-audit@0.39.15 check:inventory
publish	Test and inspect the package	2026-10-07T08:22:19.5488709Z > node scripts/generate-inventory.mjs --check
publish	Test and inspect the package	2026-10-07T08:22:19.5489133Z 
publish	Test and inspect the package	2026-10-07T08:22:20.9805115Z npm warn Unknown user config "always-auth". This will stop working in the next major version of npm. See `npm help npmrc` for supported config options.
publish	Test and inspect the package	2026-10-07T08:22:21.5037289Z npm notice
publish	Test and inspect the package	2026-10-07T08:22:21.5040241Z npm notice 📦  pi-goal-list-loop-audit@0.39.15
publish	Test and inspect the package	2026-10-07T08:22:21.5040886Z npm notice Tarball Contents
publish	Test and inspect the package	2026-10-07T08:22:21.5068249Z npm notice 643.9kB CHANGELOG.md
publish	Test and inspect the package	2026-10-07T08:22:21.5069110Z npm notice 11.3kB INSTALL.md
publish	Test and inspect the package	2026-10-07T08:22:21.5069689Z npm notice 34.6kB LICENSE
publish	Test and inspect the package	2026-10-07T08:22:21.5070346Z npm notice 5.0kB LIST-PHILOSOPHY.md
publish	Test and inspect the package	2026-10-07T08:22:21.5071063Z npm notice 20.1kB PLAN.md
publish	Test and inspect the package	2026-10-07T08:22:21.5071680Z npm notice 30.2kB README.md
publish	Test and inspect the package	2026-10-07T08:22:21.5072369Z npm notice 5.8kB docs/ARCHITECTURE.md
publish	Test and inspect the package	2026-10-07T08:22:21.5073125Z npm notice 4.0kB docs/COMPATIBILITY.md
publish	Test and inspect the package	2026-10-07T08:22:21.5074371Z npm notice 8.8kB docs/DESIGN-long-running-supervision.md
publish	Test and inspect the package	2026-10-07T08:22:21.5075407Z npm notice 5.5kB docs/DESIGN-subagent-visibility.md
publish	Test and inspect the package	2026-10-07T08:22:21.5076216Z npm notice 49.5kB docs/DESIGN.md
publish	Test and inspect the package	2026-10-07T08:22:21.5077215Z npm notice 12.8kB docs/GLLA-POSITIONING-AND-DECOMPOSITION-2026-08-08.md
publish	Test and inspect the package	2026-10-07T08:22:21.5078176Z npm notice 2.4kB docs/INDEX.md
publish	Test and inspect the package	2026-10-07T08:22:21.5078938Z npm notice 5.0kB docs/OWNERSHIP-AND-SETTLEMENT.md
publish	Test and inspect the package	2026-10-07T08:22:21.5079879Z npm notice 4.9kB docs/PROMOTION-CONTRACT.md
publish	Test and inspect the package	2026-10-07T08:22:21.5080542Z npm notice 11.0kB docs/RECOVERY.md
publish	Test and inspect the package	2026-10-07T08:22:21.5080955Z npm notice 3.2kB docs/RELEASING.md
publish	Test and inspect the package	2026-10-07T08:22:21.5081620Z npm notice 3.7kB docs/RELIABILITY-AND-MEASUREMENT.md
publish	Test and inspect the package	2026-10-07T08:22:21.5082177Z npm notice 1.9kB docs/RUNTIME-INVENTORY.md
publish	Test and inspect the package	2026-10-07T08:22:21.5082545Z npm notice 13.1kB docs/SETTINGS.md
publish	Test and inspect the package	2026-10-07T08:22:21.5082889Z npm notice 3.6kB docs/VISION-ASSIST.md
publish	Test and inspect the package	2026-10-07T08:22:21.5083753Z npm notice 5.0kB examples/example-objective.md
publish	Test and inspect the package	2026-10-07T08:22:21.5084390Z npm notice 10.0kB extensions/action-reminder.ts
publish	Test and inspect the package	2026-10-07T08:22:21.5085163Z npm notice 9.9kB extensions/approval-render-store.ts
publish	Test and inspect the package	2026-10-07T08:22:21.5085614Z npm notice 20.8kB extensions/audit-lifecycle.ts
publish	Test and inspect the package	2026-10-07T08:22:21.5086046Z npm notice 17.8kB extensions/auditor-extensions.ts
publish	Test and inspect the package	2026-10-07T08:22:21.5086465Z npm notice 904B extensions/auditor-thinking.ts
publish	Test and inspect the package	2026-10-07T08:22:21.5086884Z npm notice 2.8kB extensions/compaction-failure.ts
publish	Test and inspect the package	2026-10-07T08:22:21.5087302Z npm notice 39.6kB extensions/compaction-input.ts
publish	Test and inspect the package	2026-10-07T08:22:21.5087706Z npm notice 7.6kB extensions/compactor-model.ts
publish	Test and inspect the package	2026-10-07T08:22:21.5088127Z npm notice 80.2kB extensions/completion-summary.ts
publish	Test and inspect the package	2026-10-07T08:22:21.5088531Z npm notice 7.0kB extensions/confirm-draft.ts
publish	Test and inspect the package	2026-10-07T08:22:21.5089096Z npm notice 18.0kB extensions/context-checkpoint.ts
publish	Test and inspect the package	2026-10-07T08:22:21.5089505Z npm notice 13.4kB extensions/context-growth.ts
publish	Test and inspect the package	2026-10-07T08:22:21.5089903Z npm notice 6.4kB extensions/context-hygiene.ts
publish	Test and inspect the package	2026-10-07T08:22:21.5090342Z npm notice 7.4kB extensions/continuous-supervision.ts
publish	Test and inspect the package	2026-10-07T08:22:21.5090769Z npm notice 4.8kB extensions/drafter-model.ts
publish	Test and inspect the package	2026-10-07T08:22:21.5091168Z npm notice 3.4kB extensions/drafting-handoff.ts
publish	Test and inspect the package	2026-10-07T08:22:21.5091590Z npm notice 24.1kB extensions/drafting-interview.ts
publish	Test and inspect the package	2026-10-07T08:22:21.5092030Z npm notice 19.4kB extensions/faulty-objective-recovery.ts
publish	Test and inspect the package	2026-10-07T08:22:21.5092436Z npm notice 7.6kB extensions/finding-lead.ts
publish	Test and inspect the package	2026-10-07T08:22:21.5092817Z npm notice 5.9kB extensions/glla-state-root.ts
publish	Test and inspect the package	2026-10-07T08:22:21.5093205Z npm notice 5.0kB extensions/glla-update-check.ts
publish	Test and inspect the package	2026-10-07T08:22:21.5094025Z npm notice 5.5kB extensions/glla-version.ts
publish	Test and inspect the package	2026-10-07T08:22:21.5094706Z npm notice 21.1kB extensions/goal-agents-panel.ts
publish	Test and inspect the package	2026-10-07T08:22:21.5095207Z npm notice 187.5kB extensions/goal-commands.ts
publish	Test and inspect the package	2026-10-07T08:22:21.5095582Z npm notice 26.6kB extensions/goal-compactor.ts
publish	Test and inspect the package	2026-10-07T08:22:21.5095974Z npm notice 104.4kB extensions/goal-continuation.ts
publish	Test and inspect the package	2026-10-07T08:22:21.5096359Z npm notice 105.3kB extensions/goal-heartbeat.ts
publish	Test and inspect the package	2026-10-07T08:22:21.5096795Z npm notice 139.4kB extensions/goal-loop-auditor-process.ts
publish	Test and inspect the package	2026-10-07T08:22:21.5097226Z npm notice 22.2kB extensions/goal-loop-auditor.ts
publish	Test and inspect the package	2026-10-07T08:22:21.5097614Z npm notice 16.1kB extensions/goal-loop-backoff.ts
publish	Test and inspect the package	2026-10-07T08:22:21.5098001Z npm notice 238.7kB extensions/goal-loop-core.ts
publish	Test and inspect the package	2026-10-07T08:22:21.5098385Z npm notice 6.6kB extensions/goal-loop-dispatch.ts
publish	Test and inspect the package	2026-10-07T08:22:21.5098779Z npm notice 160.2kB extensions/goal-loop-display.ts
publish	Test and inspect the package	2026-10-07T08:22:21.5099167Z npm notice 49.2kB extensions/goal-loop-forever.ts
publish	Test and inspect the package	2026-10-07T08:22:21.5099576Z npm notice 15.0kB extensions/goal-loop-repetition.ts
publish	Test and inspect the package	2026-10-07T08:22:21.5099977Z npm notice 50.3kB extensions/goal-loop-shield.ts
publish	Test and inspect the package	2026-10-07T08:22:21.5100578Z npm notice 23.6kB extensions/goal-loop-stats.ts
publish	Test and inspect the package	2026-10-07T08:22:21.5101395Z npm notice 16.3kB extensions/goal-loop-subagents.ts
publish	Test and inspect the package	2026-10-07T08:22:21.5102165Z npm notice 100.6kB extensions/goal-loop.ts
publish	Test and inspect the package	2026-10-07T08:22:21.5102895Z npm notice 4.4kB extensions/goal-objective-conflict.ts
publish	Test and inspect the package	2026-10-07T08:22:21.5105243Z npm notice 93.0kB extensions/goal-recovery.ts
publish	Test and inspect the package	2026-10-07T08:22:21.5105746Z npm notice 52.2kB extensions/goal-settings.ts
publish	Test and inspect the package	2026-10-07T08:22:21.5106165Z npm notice 4.0kB extensions/goal-state.ts
publish	Test and inspect the package	2026-10-07T08:22:21.5106805Z npm notice 9.4kB extensions/length-continue.ts
publish	Test and inspect the package	2026-10-07T08:22:21.5107243Z npm notice 216.6kB extensions/loops/goal-activation.ts
publish	Test and inspect the package	2026-10-07T08:22:21.5107690Z npm notice 136.8kB extensions/loops/goal-auditor-hooks.ts
publish	Test and inspect the package	2026-10-07T08:22:21.5108138Z npm notice 1.3kB extensions/loops/goal-auditor-surface.ts
publish	Test and inspect the package	2026-10-07T08:22:21.5108572Z npm notice 48.0kB extensions/loops/goal-list-queue.ts
publish	Test and inspect the package	2026-10-07T08:22:21.5108992Z npm notice 72.6kB extensions/loops/goal-orchestrator.ts
publish	Test and inspect the package	2026-10-07T08:22:21.5109449Z npm notice 23.8kB extensions/loops/goal-runtime-globals.ts
publish	Test and inspect the package	2026-10-07T08:22:21.5109870Z npm notice 97.9kB extensions/loops/goal-session.ts
publish	Test and inspect the package	2026-10-07T08:22:21.5110282Z npm notice 101.9kB extensions/loops/goal-settings-ui.ts
publish	Test and inspect the package	2026-10-07T08:22:21.5110700Z npm notice 256.7kB extensions/loops/goal-tools.ts
publish	Test and inspect the package	2026-10-07T08:22:21.5111545Z npm notice 61.2kB extensions/loops/goal-ui.ts
publish	Test and inspect the package	2026-10-07T08:22:21.5112204Z npm notice 21.8kB extensions/loops/goal.ts
publish	Test and inspect the package	2026-10-07T08:22:21.5112885Z npm notice 837B extensions/main-fallback-thinking.ts
publish	Test and inspect the package	2026-10-07T08:22:21.5113834Z npm notice 26.9kB extensions/main-model-recovery.ts
publish	Test and inspect the package	2026-10-07T08:22:21.5114478Z npm notice 13.6kB extensions/model-picker.ts
publish	Test and inspect the package	2026-10-07T08:22:21.5115061Z npm notice 8.0kB extensions/model-selector.ts
publish	Test and inspect the package	2026-10-07T08:22:21.5115699Z npm notice 25.5kB extensions/multi-model-picker.ts
publish	Test and inspect the package	2026-10-07T08:22:21.5116336Z npm notice 5.7kB extensions/owner-file-protocol.ts
publish	Test and inspect the package	2026-10-07T08:22:21.5116941Z npm notice 8.1kB extensions/payload-guard.ts
publish	Test and inspect the package	2026-10-07T08:22:21.5117744Z npm notice 4.7kB extensions/proactive-pre-read.ts
publish	Test and inspect the package	2026-10-07T08:22:21.5118343Z npm notice 6.9kB extensions/prompt-layers.ts
publish	Test and inspect the package	2026-10-07T08:22:21.5118976Z npm notice 33.4kB extensions/quota-retry.ts
publish	Test and inspect the package	2026-10-07T08:22:21.5119587Z npm notice 1.7kB extensions/respec-builder-audit.ts
publish	Test and inspect the package	2026-10-07T08:22:21.5120265Z npm notice 3.5kB extensions/respec-builder-context.ts
publish	Test and inspect the package	2026-10-07T08:22:21.5120947Z npm notice 27.7kB extensions/respec-builder-runtime.ts
publish	Test and inspect the package	2026-10-07T08:22:21.5121586Z npm notice 8.3kB extensions/respec-builder-ui.ts
publish	Test and inspect the package	2026-10-07T08:22:21.5122191Z npm notice 11.1kB extensions/respec-builder.ts
publish	Test and inspect the package	2026-10-07T08:22:21.5122748Z npm notice 25.6kB extensions/reviewer.ts
publish	Test and inspect the package	2026-10-07T08:22:21.5123518Z npm notice 51.3kB extensions/settings-menu.ts
publish	Test and inspect the package	2026-10-07T08:22:21.5124102Z npm notice 18.9kB extensions/start-context.ts
publish	Test and inspect the package	2026-10-07T08:22:21.5124699Z npm notice 27.3kB extensions/state-root-owner.ts
publish	Test and inspect the package	2026-10-07T08:22:21.5125304Z npm notice 5.0kB extensions/summary-renderer.ts
publish	Test and inspect the package	2026-10-07T08:22:21.5125889Z npm notice 5.9kB extensions/task-batch.ts
publish	Test and inspect the package	2026-10-07T08:22:21.5126528Z npm notice 2.7kB extensions/terminal-summary-delivery.ts
publish	Test and inspect the package	2026-10-07T08:22:21.5127213Z npm notice 417B extensions/terminal-summary-limits.ts
publish	Test and inspect the package	2026-10-07T08:22:21.5127822Z npm notice 2.8kB extensions/tool-config.ts
publish	Test and inspect the package	2026-10-07T08:22:21.5128388Z npm notice 8.1kB extensions/vision-assist.ts
publish	Test and inspect the package	2026-10-07T08:22:21.5128939Z npm notice 159.0kB media/glla-icon.png
publish	Test and inspect the package	2026-10-07T08:22:21.5129456Z npm notice 159.0kB media/glla-thumb.png
publish	Test and inspect the package	2026-10-07T08:22:21.5129976Z npm notice 2.2kB media/glla-thumb.svg
publish	Test and inspect the package	2026-10-07T08:22:21.5130468Z npm notice 46.4kB media/glla2.png
publish	Test and inspect the package	2026-10-07T08:22:21.5130915Z npm notice 2.7kB package.json
publish	Test and inspect the package	2026-10-07T08:22:21.5131467Z npm notice 22.3kB prompts/goal-loop-continuation.md
publish	Test and inspect the package	2026-10-07T08:22:21.5132080Z npm notice 9.9kB prompts/goal-loop-draft.md
publish	Test and inspect the package	2026-10-07T08:22:21.5132692Z npm notice 6.0kB prompts/goal-loop-forever-draft.md
publish	Test and inspect the package	2026-10-07T08:22:21.5133545Z npm notice 3.3kB prompts/goal-loop-forever-metricless.md
publish	Test and inspect the package	2026-10-07T08:22:21.5134290Z npm notice 3.3kB prompts/goal-loop-forever.md
publish	Test and inspect the package	2026-10-07T08:22:21.5134953Z npm notice 1.5kB prompts/goal-loop-plan-loop.md
publish	Test and inspect the package	2026-10-07T08:22:21.5135592Z npm notice 4.8kB prompts/goal-loop-plan.md
publish	Test and inspect the package	2026-10-07T08:22:21.5136265Z npm notice 4.2kB prompts/goal-loop-respec-builder.md
publish	Test and inspect the package	2026-10-07T08:22:21.5136991Z npm notice 2.0kB prompts/goal-loop-respec-draft.md
publish	Test and inspect the package	2026-10-07T08:22:21.5137642Z npm notice 21.5kB schemas/goal.schema.json
publish	Test and inspect the package	2026-10-07T08:22:21.5138322Z npm notice 655B scripts/auditor-extension-fixture.mjs
publish	Test and inspect the package	2026-10-07T08:22:21.5139073Z npm notice 250B scripts/auditor-stderr-diagnostic.d.mts
publish	Test and inspect the package	2026-10-07T08:22:21.5139827Z npm notice 2.6kB scripts/auditor-stderr-diagnostic.mjs
publish	Test and inspect the package	2026-10-07T08:22:21.5140501Z npm notice 182B scripts/canary-budget.d.mts
publish	Test and inspect the package	2026-10-07T08:22:21.5141115Z npm notice 2.5kB scripts/canary-budget.mjs
publish	Test and inspect the package	2026-10-07T08:22:21.5141748Z npm notice 115B scripts/canary-extension.d.mts
publish	Test and inspect the package	2026-10-07T08:22:21.5142396Z npm notice 1.8kB scripts/canary-extension.mjs
publish	Test and inspect the package	2026-10-07T08:22:21.5143048Z npm notice 230B scripts/contained-child.d.mts
publish	Test and inspect the package	2026-10-07T08:22:21.5143853Z npm notice 1.9kB scripts/contained-child.mjs
publish	Test and inspect the package	2026-10-07T08:22:21.5144478Z npm notice 10.3kB scripts/durable-wait.mjs
publish	Test and inspect the package	2026-10-07T08:22:21.5145107Z npm notice 3.0kB scripts/generate-inventory.mjs
publish	Test and inspect the package	2026-10-07T08:22:21.5146148Z npm notice 525B scripts/goal-auditor-launch.d.mts
publish	Test and inspect the package	2026-10-07T08:22:21.5146835Z npm notice 4.3kB scripts/goal-auditor-launch.mjs
publish	Test and inspect the package	2026-10-07T08:22:21.5147509Z npm notice 57.3kB scripts/goal-auditor-worker.mjs
publish	Test and inspect the package	2026-10-07T08:22:21.5148212Z npm notice 4.8kB scripts/goal-compactor-worker.mjs
publish	Test and inspect the package	2026-10-07T08:22:21.5148915Z npm notice 3.6kB scripts/measure-context-growth.mjs
publish	Test and inspect the package	2026-10-07T08:22:21.5149587Z npm notice 7.9kB scripts/measure-runtime.mjs
publish	Test and inspect the package	2026-10-07T08:22:21.5150216Z npm notice 5.0kB scripts/real-host-canary.mjs
publish	Test and inspect the package	2026-10-07T08:22:21.5150872Z npm notice 8.9kB scripts/release-pack-smoke.mjs
publish	Test and inspect the package	2026-10-07T08:22:21.5151489Z npm notice 604B scripts/run-tests.d.mts
publish	Test and inspect the package	2026-10-07T08:22:21.5152064Z npm notice 9.8kB scripts/run-tests.mjs
publish	Test and inspect the package	2026-10-07T08:22:21.5152761Z npm notice 16.8kB scripts/smoke.sh
publish	Test and inspect the package	2026-10-07T08:22:21.5153519Z npm notice 375B scripts/test-process-registry.d.mts
publish	Test and inspect the package	2026-10-07T08:22:21.5154178Z npm notice 11.5kB scripts/test-process-registry.mjs
publish	Test and inspect the package	2026-10-07T08:22:21.5154900Z npm notice 3.0kB scripts/verify-auditor-extensions-offline.mjs
publish	Test and inspect the package	2026-10-07T08:22:21.5155652Z npm notice 42.9kB scripts/verify-compaction-live.mjs
publish	Test and inspect the package	2026-10-07T08:22:21.5156284Z npm notice 3.3kB skills/glla-delegate/SKILL.md
publish	Test and inspect the package	2026-10-07T08:22:21.5156786Z npm notice Tarball Details
publish	Test and inspect the package	2026-10-07T08:22:21.5157277Z npm notice name: pi-goal-list-loop-audit
publish	Test and inspect the package	2026-10-07T08:22:21.5157761Z npm notice version: 0.39.15
publish	Test and inspect the package	2026-10-07T08:22:21.5158333Z npm notice filename: pi-goal-list-loop-audit-0.39.15.tgz
publish	Test and inspect the package	2026-10-07T08:22:21.5158968Z npm notice package size: 1.5 MB
publish	Test and inspect the package	2026-10-07T08:22:21.5159431Z npm notice unpacked size: 4.7 MB
publish	Test and inspect the package	2026-10-07T08:22:21.5160033Z npm notice shasum: 1eedef15d4da015a75e91e40f8874f54198c1124
publish	Test and inspect the package	2026-10-07T08:22:21.5160800Z npm notice integrity: sha512-U9Fmb0Wl1zxU7[...]78NSFb1rAX/JA==
publish	Test and inspect the package	2026-10-07T08:22:21.5161382Z npm notice total files: 144
publish	Test and inspect the package	2026-10-07T08:22:21.5161757Z npm notice
publish	Test and inspect the package	2026-10-07T08:22:21.5162196Z pi-goal-list-loop-audit-0.39.15.tgz
publish	Test and inspect the package	2026-10-07T08:22:47.0377187Z OK: packed launcher loaded and worker completed its bounded RPC probe (challenge confirmed)
publish	Test and inspect the package	2026-10-07T08:22:47.0465688Z OK: packed glla-delegate skill loads with zero diagnostics
publish	Test and inspect the package	2026-10-07T08:22:47.0466596Z OK: installed and imported pi-goal-list-loop-audit@0.39.15 from its packed tarball
publish	Publish with npm trusted publishing	﻿2026-10-07T08:22:48.2269011Z ##[group]Run npm publish --provenance --access public
publish	Publish with npm trusted publishing	2026-10-07T08:22:48.2269800Z ^[[36;1mnpm publish --provenance --access public^[[0m
publish	Publish with npm trusted publishing	2026-10-07T08:22:48.2354785Z shell: /usr/bin/bash -e {0}
publish	Publish with npm trusted publishing	2026-10-07T08:22:48.2355270Z env:
publish	Publish with npm trusted publishing	2026-10-07T08:22:48.2355705Z   NPM_CONFIG_USERCONFIG: /home/runner/work/_temp/.npmrc
publish	Publish with npm trusted publishing	2026-10-07T08:22:48.2356313Z   NODE_AUTH_TOKEN: XXXXX-XXXXX-XXXXX-XXXXX
publish	Publish with npm trusted publishing	2026-10-07T08:22:48.2356789Z ##[endgroup]
publish	Publish with npm trusted publishing	2026-10-07T08:22:48.5132909Z npm warn Unknown user config "always-auth". This will stop working in the next major version of npm. See `npm help npmrc` for supported config options.
publish	Publish with npm trusted publishing	2026-10-07T08:22:49.0659820Z npm notice
publish	Publish with npm trusted publishing	2026-10-07T08:22:49.0662838Z npm notice 📦  pi-goal-list-loop-audit@0.39.15
publish	Publish with npm trusted publishing	2026-10-07T08:22:49.0663845Z npm notice Tarball Contents
publish	Publish with npm trusted publishing	2026-10-07T08:22:49.0690361Z npm notice 643.9kB CHANGELOG.md
publish	Publish with npm trusted publishing	2026-10-07T08:22:49.0691419Z npm notice 11.3kB INSTALL.md
publish	Publish with npm trusted publishing	2026-10-07T08:22:49.0692336Z npm notice 34.6kB LICENSE
publish	Publish with npm trusted publishing	2026-10-07T08:22:49.0693222Z npm notice 5.0kB LIST-PHILOSOPHY.md
publish	Publish with npm trusted publishing	2026-10-07T08:22:49.0694379Z npm notice 20.1kB PLAN.md
publish	Publish with npm trusted publishing	2026-10-07T08:22:49.0694949Z npm notice 30.2kB README.md
publish	Publish with npm trusted publishing	2026-10-07T08:22:49.0695588Z npm notice 5.8kB docs/ARCHITECTURE.md
publish	Publish with npm trusted publishing	2026-10-07T08:22:49.0696092Z npm notice 4.0kB docs/COMPATIBILITY.md
publish	Publish with npm trusted publishing	2026-10-07T08:22:49.0696695Z npm notice 8.8kB docs/DESIGN-long-running-supervision.md
publish	Publish with npm trusted publishing	2026-10-07T08:22:49.0697345Z npm notice 5.5kB docs/DESIGN-subagent-visibility.md
publish	Publish with npm trusted publishing	2026-10-07T08:22:49.0698099Z npm notice 49.5kB docs/DESIGN.md
publish	Publish with npm trusted publishing	2026-10-07T08:22:49.0699126Z npm notice 12.8kB docs/GLLA-POSITIONING-AND-DECOMPOSITION-2026-08-08.md
publish	Publish with npm trusted publishing	2026-10-07T08:22:49.0699912Z npm notice 2.4kB docs/INDEX.md
publish	Publish with npm trusted publishing	2026-10-07T08:22:49.0700535Z npm notice 5.0kB docs/OWNERSHIP-AND-SETTLEMENT.md
publish	Publish with npm trusted publishing	2026-10-07T08:22:49.0701234Z npm notice 4.9kB docs/PROMOTION-CONTRACT.md
publish	Publish with npm trusted publishing	2026-10-07T08:22:49.0702195Z npm notice 11.0kB docs/RECOVERY.md
publish	Publish with npm trusted publishing	2026-10-07T08:22:49.0702740Z npm notice 3.2kB docs/RELEASING.md
publish	Publish with npm trusted publishing	2026-10-07T08:22:49.0703588Z npm notice 3.7kB docs/RELIABILITY-AND-MEASUREMENT.md
publish	Publish with npm trusted publishing	2026-10-07T08:22:49.0704333Z npm notice 1.9kB docs/RUNTIME-INVENTORY.md
publish	Publish with npm trusted publishing	2026-10-07T08:22:49.0704952Z npm notice 13.1kB docs/SETTINGS.md
publish	Publish with npm trusted publishing	2026-10-07T08:22:49.0705505Z npm notice 3.6kB docs/VISION-ASSIST.md
publish	Publish with npm trusted publishing	2026-10-07T08:22:49.0706149Z npm notice 5.0kB examples/example-objective.md
publish	Publish with npm trusted publishing	2026-10-07T08:22:49.0706837Z npm notice 10.0kB extensions/action-reminder.ts
publish	Publish with npm trusted publishing	2026-10-07T08:22:49.0707417Z npm notice 9.9kB extensions/approval-render-store.ts
publish	Publish with npm trusted publishing	2026-10-07T08:22:49.0707864Z npm notice 20.8kB extensions/audit-lifecycle.ts
publish	Publish with npm trusted publishing	2026-10-07T08:22:49.0708290Z npm notice 17.8kB extensions/auditor-extensions.ts
publish	Publish with npm trusted publishing	2026-10-07T08:22:49.0708716Z npm notice 904B extensions/auditor-thinking.ts
publish	Publish with npm trusted publishing	2026-10-07T08:22:49.0709136Z npm notice 2.8kB extensions/compaction-failure.ts
publish	Publish with npm trusted publishing	2026-10-07T08:22:49.0709550Z npm notice 39.6kB extensions/compaction-input.ts
publish	Publish with npm trusted publishing	2026-10-07T08:22:49.0709939Z npm notice 7.6kB extensions/compactor-model.ts
publish	Publish with npm trusted publishing	2026-10-07T08:22:49.0710374Z npm notice 80.2kB extensions/completion-summary.ts
publish	Publish with npm trusted publishing	2026-10-07T08:22:49.0710761Z npm notice 7.0kB extensions/confirm-draft.ts
publish	Publish with npm trusted publishing	2026-10-07T08:22:49.0711158Z npm notice 18.0kB extensions/context-checkpoint.ts
publish	Publish with npm trusted publishing	2026-10-07T08:22:49.0711539Z npm notice 13.4kB extensions/context-growth.ts
publish	Publish with npm trusted publishing	2026-10-07T08:22:49.0711912Z npm notice 6.4kB extensions/context-hygiene.ts
publish	Publish with npm trusted publishing	2026-10-07T08:22:49.0712313Z npm notice 7.4kB extensions/continuous-supervision.ts
publish	Publish with npm trusted publishing	2026-10-07T08:22:49.0712713Z npm notice 4.8kB extensions/drafter-model.ts
publish	Publish with npm trusted publishing	2026-10-07T08:22:49.0713088Z npm notice 3.4kB extensions/drafting-handoff.ts
publish	Publish with npm trusted publishing	2026-10-07T08:22:49.0713745Z npm notice 24.1kB extensions/drafting-interview.ts
publish	Publish with npm trusted publishing	2026-10-07T08:22:49.0714179Z npm notice 19.4kB extensions/faulty-objective-recovery.ts
publish	Publish with npm trusted publishing	2026-10-07T08:22:49.0714588Z npm notice 7.6kB extensions/finding-lead.ts
publish	Publish with npm trusted publishing	2026-10-07T08:22:49.0714957Z npm notice 5.9kB extensions/glla-state-root.ts
publish	Publish with npm trusted publishing	2026-10-07T08:22:49.0715339Z npm notice 5.0kB extensions/glla-update-check.ts
publish	Publish with npm trusted publishing	2026-10-07T08:22:49.0715735Z npm notice 5.5kB extensions/glla-version.ts
publish	Publish with npm trusted publishing	2026-10-07T08:22:49.0716107Z npm notice 21.1kB extensions/goal-agents-panel.ts
publish	Publish with npm trusted publishing	2026-10-07T08:22:49.0716757Z npm notice 187.5kB extensions/goal-commands.ts
publish	Publish with npm trusted publishing	2026-10-07T08:22:49.0717122Z npm notice 26.6kB extensions/goal-compactor.ts
publish	Publish with npm trusted publishing	2026-10-07T08:22:49.0717509Z npm notice 104.4kB extensions/goal-continuation.ts
publish	Publish with npm trusted publishing	2026-10-07T08:22:49.0717891Z npm notice 105.3kB extensions/goal-heartbeat.ts
publish	Publish with npm trusted publishing	2026-10-07T08:22:49.0718329Z npm notice 139.4kB extensions/goal-loop-auditor-process.ts
publish	Publish with npm trusted publishing	2026-10-07T08:22:49.0718761Z npm notice 22.2kB extensions/goal-loop-auditor.ts
publish	Publish with npm trusted publishing	2026-10-07T08:22:49.0719159Z npm notice 16.1kB extensions/goal-loop-backoff.ts
publish	Publish with npm trusted publishing	2026-10-07T08:22:49.0719539Z npm notice 238.7kB extensions/goal-loop-core.ts
publish	Publish with npm trusted publishing	2026-10-07T08:22:49.0719924Z npm notice 6.6kB extensions/goal-loop-dispatch.ts
publish	Publish with npm trusted publishing	2026-10-07T08:22:49.0720320Z npm notice 160.2kB extensions/goal-loop-display.ts
publish	Publish with npm trusted publishing	2026-10-07T08:22:49.0720714Z npm notice 49.2kB extensions/goal-loop-forever.ts
publish	Publish with npm trusted publishing	2026-10-07T08:22:49.0721126Z npm notice 15.0kB extensions/goal-loop-repetition.ts
publish	Publish with npm trusted publishing	2026-10-07T08:22:49.0721530Z npm notice 50.3kB extensions/goal-loop-shield.ts
publish	Publish with npm trusted publishing	2026-10-07T08:22:49.0721923Z npm notice 23.6kB extensions/goal-loop-stats.ts
publish	Publish with npm trusted publishing	2026-10-07T08:22:49.0722316Z npm notice 16.3kB extensions/goal-loop-subagents.ts
publish	Publish with npm trusted publishing	2026-10-07T08:22:49.0722699Z npm notice 100.6kB extensions/goal-loop.ts
publish	Publish with npm trusted publishing	2026-10-07T08:22:49.0723093Z npm notice 4.4kB extensions/goal-objective-conflict.ts
publish	Publish with npm trusted publishing	2026-10-07T08:22:49.0723649Z npm notice 93.0kB extensions/goal-recovery.ts
publish	Publish with npm trusted publishing	2026-10-07T08:22:49.0724017Z npm notice 52.2kB extensions/goal-settings.ts
publish	Publish with npm trusted publishing	2026-10-07T08:22:49.0724369Z npm notice 4.0kB extensions/goal-state.ts
publish	Publish with npm trusted publishing	2026-10-07T08:22:49.0724724Z npm notice 9.4kB extensions/length-continue.ts
publish	Publish with npm trusted publishing	2026-10-07T08:22:49.0725125Z npm notice 216.6kB extensions/loops/goal-activation.ts
publish	Publish with npm trusted publishing	2026-10-07T08:22:49.0725552Z npm notice 136.8kB extensions/loops/goal-auditor-hooks.ts
publish	Publish with npm trusted publishing	2026-10-07T08:22:49.0726141Z npm notice 1.3kB extensions/loops/goal-auditor-surface.ts
publish	Publish with npm trusted publishing	2026-10-07T08:22:49.0726573Z npm notice 48.0kB extensions/loops/goal-list-queue.ts
publish	Publish with npm trusted publishing	2026-10-07T08:22:49.0726991Z npm notice 72.6kB extensions/loops/goal-orchestrator.ts
publish	Publish with npm trusted publishing	2026-10-07T08:22:49.0727439Z npm notice 23.8kB extensions/loops/goal-runtime-globals.ts
publish	Publish with npm trusted publishing	2026-10-07T08:22:49.0727855Z npm notice 97.9kB extensions/loops/goal-session.ts
publish	Publish with npm trusted publishing	2026-10-07T08:22:49.0728271Z npm notice 101.9kB extensions/loops/goal-settings-ui.ts
publish	Publish with npm trusted publishing	2026-10-07T08:22:49.0728672Z npm notice 256.7kB extensions/loops/goal-tools.ts
publish	Publish with npm trusted publishing	2026-10-07T08:22:49.0729046Z npm notice 61.2kB extensions/loops/goal-ui.ts
publish	Publish with npm trusted publishing	2026-10-07T08:22:49.0729392Z npm notice 21.8kB extensions/loops/goal.ts
publish	Publish with npm trusted publishing	2026-10-07T08:22:49.0729780Z npm notice 837B extensions/main-fallback-thinking.ts
publish	Publish with npm trusted publishing	2026-10-07T08:22:49.0730185Z npm notice 26.9kB extensions/main-model-recovery.ts
publish	Publish with npm trusted publishing	2026-10-07T08:22:49.0730563Z npm notice 13.6kB extensions/model-picker.ts
publish	Publish with npm trusted publishing	2026-10-07T08:22:49.0730930Z npm notice 8.0kB extensions/model-selector.ts
publish	Publish with npm trusted publishing	2026-10-07T08:22:49.0731314Z npm notice 25.5kB extensions/multi-model-picker.ts
publish	Publish with npm trusted publishing	2026-10-07T08:22:49.0731715Z npm notice 5.7kB extensions/owner-file-protocol.ts
publish	Publish with npm trusted publishing	2026-10-07T08:22:49.0732091Z npm notice 8.1kB extensions/payload-guard.ts
publish	Publish with npm trusted publishing	2026-10-07T08:22:49.0732473Z npm notice 4.7kB extensions/proactive-pre-read.ts
publish	Publish with npm trusted publishing	2026-10-07T08:22:49.0732842Z npm notice 6.9kB extensions/prompt-layers.ts
publish	Publish with npm trusted publishing	2026-10-07T08:22:49.0733194Z npm notice 33.4kB extensions/quota-retry.ts
publish	Publish with npm trusted publishing	2026-10-07T08:22:49.0733698Z npm notice 1.7kB extensions/respec-builder-audit.ts
publish	Publish with npm trusted publishing	2026-10-07T08:22:49.0734115Z npm notice 3.5kB extensions/respec-builder-context.ts
publish	Publish with npm trusted publishing	2026-10-07T08:22:49.0734536Z npm notice 27.7kB extensions/respec-builder-runtime.ts
publish	Publish with npm trusted publishing	2026-10-07T08:22:49.0734937Z npm notice 8.3kB extensions/respec-builder-ui.ts
publish	Publish with npm trusted publishing	2026-10-07T08:22:49.0735319Z npm notice 11.1kB extensions/respec-builder.ts
publish	Publish with npm trusted publishing	2026-10-07T08:22:49.0735669Z npm notice 25.6kB extensions/reviewer.ts
publish	Publish with npm trusted publishing	2026-10-07T08:22:49.0736026Z npm notice 51.3kB extensions/settings-menu.ts
publish	Publish with npm trusted publishing	2026-10-07T08:22:49.0736397Z npm notice 18.9kB extensions/start-context.ts
publish	Publish with npm trusted publishing	2026-10-07T08:22:49.0736766Z npm notice 27.3kB extensions/state-root-owner.ts
publish	Publish with npm trusted publishing	2026-10-07T08:22:49.0737143Z npm notice 5.0kB extensions/summary-renderer.ts
publish	Publish with npm trusted publishing	2026-10-07T08:22:49.0737654Z npm notice 5.9kB extensions/task-batch.ts
publish	Publish with npm trusted publishing	2026-10-07T08:22:49.0738053Z npm notice 2.7kB extensions/terminal-summary-delivery.ts
publish	Publish with npm trusted publishing	2026-10-07T08:22:49.0738490Z npm notice 417B extensions/terminal-summary-limits.ts
publish	Publish with npm trusted publishing	2026-10-07T08:22:49.0738864Z npm notice 2.8kB extensions/tool-config.ts
publish	Publish with npm trusted publishing	2026-10-07T08:22:49.0739210Z npm notice 8.1kB extensions/vision-assist.ts
publish	Publish with npm trusted publishing	2026-10-07T08:22:49.0739552Z npm notice 159.0kB media/glla-icon.png
publish	Publish with npm trusted publishing	2026-10-07T08:22:49.0739879Z npm notice 159.0kB media/glla-thumb.png
publish	Publish with npm trusted publishing	2026-10-07T08:22:49.0740207Z npm notice 2.2kB media/glla-thumb.svg
publish	Publish with npm trusted publishing	2026-10-07T08:22:49.0740519Z npm notice 46.4kB media/glla2.png
publish	Publish with npm trusted publishing	2026-10-07T08:22:49.0740807Z npm notice 2.7kB package.json
publish	Publish with npm trusted publishing	2026-10-07T08:22:49.0741167Z npm notice 22.3kB prompts/goal-loop-continuation.md
publish	Publish with npm trusted publishing	2026-10-07T08:22:49.0741563Z npm notice 9.9kB prompts/goal-loop-draft.md
publish	Publish with npm trusted publishing	2026-10-07T08:22:49.0741954Z npm notice 6.0kB prompts/goal-loop-forever-draft.md
publish	Publish with npm trusted publishing	2026-10-07T08:22:49.0742393Z npm notice 3.3kB prompts/goal-loop-forever-metricless.md
publish	Publish with npm trusted publishing	2026-10-07T08:22:49.0742815Z npm notice 3.3kB prompts/goal-loop-forever.md
publish	Publish with npm trusted publishing	2026-10-07T08:22:49.0743219Z npm notice 1.5kB prompts/goal-loop-plan-loop.md
publish	Publish with npm trusted publishing	2026-10-07T08:22:49.0743714Z npm notice 4.8kB prompts/goal-loop-plan.md
publish	Publish with npm trusted publishing	2026-10-07T08:22:49.0744109Z npm notice 4.2kB prompts/goal-loop-respec-builder.md
publish	Publish with npm trusted publishing	2026-10-07T08:22:49.0744532Z npm notice 2.0kB prompts/goal-loop-respec-draft.md
publish	Publish with npm trusted publishing	2026-10-07T08:22:49.0744905Z npm notice 21.5kB schemas/goal.schema.json
publish	Publish with npm trusted publishing	2026-10-07T08:22:49.0745303Z npm notice 655B scripts/auditor-extension-fixture.mjs
publish	Publish with npm trusted publishing	2026-10-07T08:22:49.0745736Z npm notice 250B scripts/auditor-stderr-diagnostic.d.mts
publish	Publish with npm trusted publishing	2026-10-07T08:22:49.0746187Z npm notice 2.6kB scripts/auditor-stderr-diagnostic.mjs
publish	Publish with npm trusted publishing	2026-10-07T08:22:49.0746576Z npm notice 182B scripts/canary-budget.d.mts
publish	Publish with npm trusted publishing	2026-10-07T08:22:49.0747067Z npm notice 2.5kB scripts/canary-budget.mjs
publish	Publish with npm trusted publishing	2026-10-07T08:22:49.0747434Z npm notice 115B scripts/canary-extension.d.mts
publish	Publish with npm trusted publishing	2026-10-07T08:22:49.0747809Z npm notice 1.8kB scripts/canary-extension.mjs
publish	Publish with npm trusted publishing	2026-10-07T08:22:49.0748191Z npm notice 230B scripts/contained-child.d.mts
publish	Publish with npm trusted publishing	2026-10-07T08:22:49.0748556Z npm notice 1.9kB scripts/contained-child.mjs
publish	Publish with npm trusted publishing	2026-10-07T08:22:49.0748912Z npm notice 10.3kB scripts/durable-wait.mjs
publish	Publish with npm trusted publishing	2026-10-07T08:22:49.0749277Z npm notice 3.0kB scripts/generate-inventory.mjs
publish	Publish with npm trusted publishing	2026-10-07T08:22:49.0749676Z npm notice 525B scripts/goal-auditor-launch.d.mts
publish	Publish with npm trusted publishing	2026-10-07T08:22:49.0750072Z npm notice 4.3kB scripts/goal-auditor-launch.mjs
publish	Publish with npm trusted publishing	2026-10-07T08:22:49.0750460Z npm notice 57.3kB scripts/goal-auditor-worker.mjs
publish	Publish with npm trusted publishing	2026-10-07T08:22:49.0750862Z npm notice 4.8kB scripts/goal-compactor-worker.mjs
publish	Publish with npm trusted publishing	2026-10-07T08:22:49.0751271Z npm notice 3.6kB scripts/measure-context-growth.mjs
publish	Publish with npm trusted publishing	2026-10-07T08:22:49.0751663Z npm notice 7.9kB scripts/measure-runtime.mjs
publish	Publish with npm trusted publishing	2026-10-07T08:22:49.0752034Z npm notice 5.0kB scripts/real-host-canary.mjs
publish	Publish with npm trusted publishing	2026-10-07T08:22:49.0752469Z npm notice 8.9kB scripts/release-pack-smoke.mjs
publish	Publish with npm trusted publishing	2026-10-07T08:22:49.0752838Z npm notice 604B scripts/run-tests.d.mts
publish	Publish with npm trusted publishing	2026-10-07T08:22:49.0753179Z npm notice 9.8kB scripts/run-tests.mjs
publish	Publish with npm trusted publishing	2026-10-07T08:22:49.0753620Z npm notice 16.8kB scripts/smoke.sh
publish	Publish with npm trusted publishing	2026-10-07T08:22:49.0753988Z npm notice 375B scripts/test-process-registry.d.mts
publish	Publish with npm trusted publishing	2026-10-07T08:22:49.0754399Z npm notice 11.5kB scripts/test-process-registry.mjs
publish	Publish with npm trusted publishing	2026-10-07T08:22:49.0754861Z npm notice 3.0kB scripts/verify-auditor-extensions-offline.mjs
publish	Publish with npm trusted publishing	2026-10-07T08:22:49.0755331Z npm notice 42.9kB scripts/verify-compaction-live.mjs
publish	Publish with npm trusted publishing	2026-10-07T08:22:49.0755733Z npm notice 3.3kB skills/glla-delegate/SKILL.md
publish	Publish with npm trusted publishing	2026-10-07T08:22:49.0756054Z npm notice Tarball Details
publish	Publish with npm trusted publishing	2026-10-07T08:22:49.0756375Z npm notice name: pi-goal-list-loop-audit
publish	Publish with npm trusted publishing	2026-10-07T08:22:49.0756693Z npm notice version: 0.39.15
publish	Publish with npm trusted publishing	2026-10-07T08:22:49.0757071Z npm notice filename: pi-goal-list-loop-audit-0.39.15.tgz
publish	Publish with npm trusted publishing	2026-10-07T08:22:49.0757463Z npm notice package size: 1.5 MB
publish	Publish with npm trusted publishing	2026-10-07T08:22:49.0757768Z npm notice unpacked size: 4.7 MB
publish	Publish with npm trusted publishing	2026-10-07T08:22:49.0758158Z npm notice shasum: 1eedef15d4da015a75e91e40f8874f54198c1124
publish	Publish with npm trusted publishing	2026-10-07T08:22:49.0758647Z npm notice integrity: sha512-U9Fmb0Wl1zxU7[...]78NSFb1rAX/JA==
publish	Publish with npm trusted publishing	2026-10-07T08:22:49.0759143Z npm notice total files: 144
publish	Publish with npm trusted publishing	2026-10-07T08:22:49.0759384Z npm notice
publish	Publish with npm trusted publishing	2026-10-07T08:22:50.1062182Z npm notice npm tokens that bypass 2FA are being restricted for account changes and direct publishing. Learn how to prepare: https://gh.io/npm-gat-bypass2fa-deprecation
publish	Publish with npm trusted publishing	2026-10-07T08:22:50.2556627Z npm notice Publishing to https://registry.npmjs.org/ with tag latest and public access
publish	Publish with npm trusted publishing	2026-10-07T08:22:51.1814796Z npm notice publish Signed provenance statement with source and build information from GitHub Actions
publish	Publish with npm trusted publishing	2026-10-07T08:22:51.1817157Z npm notice publish Provenance statement published to transparency log: https://search.sigstore.dev/?logIndex=3127223276
publish	Publish with npm trusted publishing	2026-10-07T08:22:53.9685957Z npm notice Your package is being processed and may take a few minutes to become available.
publish	Publish with npm trusted publishing	2026-10-07T08:22:53.9688771Z + pi-goal-list-loop-audit@0.39.15
publish	Post Install the test runner	﻿2026-10-07T08:22:53.9910816Z Post job cleanup.
publish	Post Set up Node.js	﻿2026-10-07T08:22:54.1796695Z Post job cleanup.
publish	Post Set up Node.js	2026-10-07T08:22:54.3170691Z (node:19846) [DEP0040] DeprecationWarning: The `punycode` module is deprecated. Please use a userland alternative instead.
publish	Post Set up Node.js	2026-10-07T08:22:54.3171837Z (Use `node --trace-deprecation ...` to show where the warning was created)
publish	Post Set up Node.js	2026-10-07T08:22:54.3175021Z Cache hit occurred on the primary key node-cache-Linux-x64-npm-e298ad4452bd76985054f651e11d30376ea19b7ddff762dc55a267d9725cadc9, not saving cache.
publish	Post Check out the released tag	﻿2026-10-07T08:22:54.3318603Z Post job cleanup.
publish	Post Check out the released tag	2026-10-07T08:22:54.4222273Z [command]/usr/bin/git version
publish	Post Check out the released tag	2026-10-07T08:22:54.4272520Z git version 2.55.0
publish	Post Check out the released tag	2026-10-07T08:22:54.4321430Z Temporarily overriding HOME='/home/runner/work/_temp/ac3fd2c3-b13f-4a74-8e91-0d9924b3d7e6' before making global git config changes
publish	Post Check out the released tag	2026-10-07T08:22:54.4322631Z Adding repository directory to the temporary git global config as a safe directory
publish	Post Check out the released tag	2026-10-07T08:22:54.4328595Z [command]/usr/bin/git config --global --add safe.directory /home/runner/work/pi-goal-list-loop-audit/pi-goal-list-loop-audit
publish	Post Check out the released tag	2026-10-07T08:22:54.4377714Z [command]/usr/bin/git config --local --name-only --get-regexp core\.sshCommand
publish	Post Check out the released tag	2026-10-07T08:22:54.4417741Z [command]/usr/bin/git submodule foreach --recursive sh -c "git config --local --name-only --get-regexp 'core\.sshCommand' && git config --local --unset-all 'core.sshCommand' || :"
publish	Post Check out the released tag	2026-10-07T08:22:54.4701184Z [command]/usr/bin/git config --local --name-only --get-regexp http\.https\:\/\/github\.com\/\.extraheader
publish	Post Check out the released tag	2026-10-07T08:22:54.4736711Z http.https://github.com/.extraheader
publish	Post Check out the released tag	2026-10-07T08:22:54.4752708Z [command]/usr/bin/git config --local --unset-all http.https://github.com/.extraheader
publish	Post Check out the released tag	2026-10-07T08:22:54.4795774Z [command]/usr/bin/git submodule foreach --recursive sh -c "git config --local --name-only --get-regexp 'http\.https\:\/\/github\.com\/\.extraheader' && git config --local --unset-all 'http.https://github.com/.extraheader' || :"
publish	Post Check out the released tag	2026-10-07T08:22:54.5082994Z [command]/usr/bin/git config --local --name-only --get-regexp ^includeIf\.gitdir:
publish	Post Check out the released tag	2026-10-07T08:22:54.5134772Z [command]/usr/bin/git submodule foreach --recursive git config --local --show-origin --name-only --get-regexp remote.origin.url
publish	Complete job	﻿2026-10-07T08:22:54.5602418Z Cleaning up orphan processes
publish	Complete job	2026-10-07T08:22:54.6242924Z ##[warning]Node.js 20 is deprecated. The following actions target Node.js 20 but are being forced to run on Node.js 24: actions/checkout@v4, actions/setup-node@v4. For more information see: https://github.blog/changelog/2025-09-19-deprecation-of-node-20-on-github-actions-runners/
