publish	Set up job	﻿2026-10-05T18:00:07.8300806Z Current runner version: '2.337.0'
publish	Set up job	2026-10-05T18:00:07.8318009Z ##[group]Runner Image Provisioner
publish	Set up job	2026-10-05T18:00:07.8318539Z Hosted Compute Agent
publish	Set up job	2026-10-05T18:00:07.8318928Z Version: 20260901.588
publish	Set up job	2026-10-05T18:00:07.8319337Z Commit: f88ec8081b781fac6c440065ac7ff9e710ce3d0b
publish	Set up job	2026-10-05T18:00:07.8319756Z Build Date: 2026-09-01T19:56:44Z
publish	Set up job	2026-10-05T18:00:07.8320212Z Worker ID: {333c9679-ba25-4208-926f-b414fb13efa3}
publish	Set up job	2026-10-05T18:00:07.8320616Z Azure Region: centralus
publish	Set up job	2026-10-05T18:00:07.8321008Z ##[endgroup]
publish	Set up job	2026-10-05T18:00:07.8321795Z ##[group]Operating System
publish	Set up job	2026-10-05T18:00:07.8322143Z Ubuntu
publish	Set up job	2026-10-05T18:00:07.8322717Z 24.04.5
publish	Set up job	2026-10-05T18:00:07.8323073Z LTS
publish	Set up job	2026-10-05T18:00:07.8323363Z ##[endgroup]
publish	Set up job	2026-10-05T18:00:07.8323749Z ##[group]Runner Image
publish	Set up job	2026-10-05T18:00:07.8324095Z Image: ubuntu-24.04
publish	Set up job	2026-10-05T18:00:07.8324445Z Version: 20260927.320.1
publish	Set up job	2026-10-05T18:00:07.8325039Z Included Software: https://github.com/actions/runner-images/blob/ubuntu24/20260927.320/images/ubuntu/Ubuntu2404-Readme.md
publish	Set up job	2026-10-05T18:00:07.8326066Z Image Release: https://github.com/actions/runner-images/releases/tag/ubuntu24%2F20260927.320
publish	Set up job	2026-10-05T18:00:07.8326598Z ##[endgroup]
publish	Set up job	2026-10-05T18:00:07.8327274Z ##[group]GITHUB_TOKEN Permissions
publish	Set up job	2026-10-05T18:00:07.8328732Z Contents: read
publish	Set up job	2026-10-05T18:00:07.8329179Z Metadata: read
publish	Set up job	2026-10-05T18:00:07.8329517Z ##[endgroup]
publish	Set up job	2026-10-05T18:00:07.8330771Z Secret source: Actions
publish	Set up job	2026-10-05T18:00:07.8331337Z Cache mode: write
publish	Set up job	2026-10-05T18:00:07.8331793Z Prepare workflow directory
publish	Set up job	2026-10-05T18:00:07.8527203Z Prepare all required actions
publish	Set up job	2026-10-05T18:00:07.8560174Z Getting action download info
publish	Set up job	2026-10-05T18:00:08.1411898Z Download action repository 'actions/checkout@v4' (SHA:11d5960a326750d5838078e36cf38b85af677262)
publish	Set up job	2026-10-05T18:00:08.2132055Z Download action repository 'actions/setup-node@v4' (SHA:49933ea5288caeca8642d1e84afbd3f7d6820020)
publish	Set up job	2026-10-05T18:00:08.3071820Z Download action repository 'oven-sh/setup-bun@v2' (SHA:0c5077e51419868618aeaa5fe8019c62421857d6)
publish	Set up job	2026-10-05T18:00:08.8190110Z Complete job name: publish
publish	Check out the released tag	﻿2026-10-05T18:00:08.8690652Z ##[group]Run actions/checkout@v4
publish	Check out the released tag	2026-10-05T18:00:08.8691123Z with:
publish	Check out the released tag	2026-10-05T18:00:08.8691387Z   ref: refs/tags/v0.39.8
publish	Check out the released tag	2026-10-05T18:00:08.8691679Z   fetch-depth: 0
publish	Check out the released tag	2026-10-05T18:00:08.8691987Z   repository: DraconDev/pi-goal-list-loop-audit
publish	Check out the released tag	2026-10-05T18:00:08.8694359Z   token: ***
publish	Check out the released tag	2026-10-05T18:00:08.8694619Z   ssh-strict: true
publish	Check out the released tag	2026-10-05T18:00:08.8694880Z   ssh-user: git
publish	Check out the released tag	2026-10-05T18:00:08.8695149Z   persist-credentials: true
publish	Check out the released tag	2026-10-05T18:00:08.8695444Z   clean: true
publish	Check out the released tag	2026-10-05T18:00:08.8695714Z   sparse-checkout-cone-mode: true
publish	Check out the released tag	2026-10-05T18:00:08.8696032Z   fetch-tags: false
publish	Check out the released tag	2026-10-05T18:00:08.8696302Z   show-progress: true
publish	Check out the released tag	2026-10-05T18:00:08.8696573Z   lfs: false
publish	Check out the released tag	2026-10-05T18:00:08.8696840Z   submodules: false
publish	Check out the released tag	2026-10-05T18:00:08.8697113Z   set-safe-directory: true
publish	Check out the released tag	2026-10-05T18:00:08.8697422Z   allow-unsafe-pr-checkout: false
publish	Check out the released tag	2026-10-05T18:00:08.8697818Z ##[endgroup]
publish	Check out the released tag	2026-10-05T18:00:08.9334431Z Syncing repository: DraconDev/pi-goal-list-loop-audit
publish	Check out the released tag	2026-10-05T18:00:08.9336015Z ##[group]Getting Git version info
publish	Check out the released tag	2026-10-05T18:00:08.9336574Z Working directory is '/home/runner/work/pi-goal-list-loop-audit/pi-goal-list-loop-audit'
publish	Check out the released tag	2026-10-05T18:00:08.9337235Z [command]/usr/bin/git version
publish	Check out the released tag	2026-10-05T18:00:08.9401893Z git version 2.55.0
publish	Check out the released tag	2026-10-05T18:00:08.9421639Z ##[endgroup]
publish	Check out the released tag	2026-10-05T18:00:08.9430838Z Temporarily overriding HOME='/home/runner/work/_temp/ca12f545-3814-490c-976e-4e8683462f63' before making global git config changes
publish	Check out the released tag	2026-10-05T18:00:08.9432188Z Adding repository directory to the temporary git global config as a safe directory
publish	Check out the released tag	2026-10-05T18:00:08.9434650Z [command]/usr/bin/git config --global --add safe.directory /home/runner/work/pi-goal-list-loop-audit/pi-goal-list-loop-audit
publish	Check out the released tag	2026-10-05T18:00:08.9475495Z Deleting the contents of '/home/runner/work/pi-goal-list-loop-audit/pi-goal-list-loop-audit'
publish	Check out the released tag	2026-10-05T18:00:08.9485410Z ##[group]Initializing the repository
publish	Check out the released tag	2026-10-05T18:00:08.9488935Z [command]/usr/bin/git init /home/runner/work/pi-goal-list-loop-audit/pi-goal-list-loop-audit
publish	Check out the released tag	2026-10-05T18:00:08.9589831Z hint: Using 'master' as the name for the initial branch. This default branch name
publish	Check out the released tag	2026-10-05T18:00:08.9590891Z hint: will change to "main" in Git 3.0. To configure the initial branch name
publish	Check out the released tag	2026-10-05T18:00:08.9591887Z hint: to use in all of your new repositories, which will suppress this warning,
publish	Check out the released tag	2026-10-05T18:00:08.9592672Z hint: call:
publish	Check out the released tag	2026-10-05T18:00:08.9593324Z hint:
publish	Check out the released tag	2026-10-05T18:00:08.9593761Z hint: 	git config --global init.defaultBranch <name>
publish	Check out the released tag	2026-10-05T18:00:08.9594324Z hint:
publish	Check out the released tag	2026-10-05T18:00:08.9595035Z hint: Names commonly chosen instead of 'master' are 'main', 'trunk' and
publish	Check out the released tag	2026-10-05T18:00:08.9596306Z hint: 'development'. The just-created branch can be renamed via this command:
publish	Check out the released tag	2026-10-05T18:00:08.9597097Z hint:
publish	Check out the released tag	2026-10-05T18:00:08.9597492Z hint: 	git branch -m <name>
publish	Check out the released tag	2026-10-05T18:00:08.9598068Z hint:
publish	Check out the released tag	2026-10-05T18:00:08.9598645Z hint: Disable this message with "git config set advice.defaultBranchName false"
publish	Check out the released tag	2026-10-05T18:00:08.9599794Z Initialized empty Git repository in /home/runner/work/pi-goal-list-loop-audit/pi-goal-list-loop-audit/.git/
publish	Check out the released tag	2026-10-05T18:00:08.9602789Z [command]/usr/bin/git remote add origin https://github.com/DraconDev/pi-goal-list-loop-audit
publish	Check out the released tag	2026-10-05T18:00:08.9681680Z ##[endgroup]
publish	Check out the released tag	2026-10-05T18:00:08.9682536Z ##[group]Disabling automatic garbage collection
publish	Check out the released tag	2026-10-05T18:00:08.9684286Z [command]/usr/bin/git config --local gc.auto 0
publish	Check out the released tag	2026-10-05T18:00:08.9713754Z ##[endgroup]
publish	Check out the released tag	2026-10-05T18:00:08.9714557Z ##[group]Setting up auth
publish	Check out the released tag	2026-10-05T18:00:08.9718734Z [command]/usr/bin/git config --local --name-only --get-regexp core\.sshCommand
publish	Check out the released tag	2026-10-05T18:00:08.9748223Z [command]/usr/bin/git submodule foreach --recursive sh -c "git config --local --name-only --get-regexp 'core\.sshCommand' && git config --local --unset-all 'core.sshCommand' || :"
publish	Check out the released tag	2026-10-05T18:00:09.0027585Z [command]/usr/bin/git config --local --name-only --get-regexp http\.https\:\/\/github\.com\/\.extraheader
publish	Check out the released tag	2026-10-05T18:00:09.0055285Z [command]/usr/bin/git submodule foreach --recursive sh -c "git config --local --name-only --get-regexp 'http\.https\:\/\/github\.com\/\.extraheader' && git config --local --unset-all 'http.https://github.com/.extraheader' || :"
publish	Check out the released tag	2026-10-05T18:00:09.0217809Z [command]/usr/bin/git config --local --name-only --get-regexp ^includeIf\.gitdir:
publish	Check out the released tag	2026-10-05T18:00:09.0244587Z [command]/usr/bin/git submodule foreach --recursive git config --local --show-origin --name-only --get-regexp remote.origin.url
publish	Check out the released tag	2026-10-05T18:00:09.0407714Z [command]/usr/bin/git config --local http.https://github.com/.extraheader AUTHORIZATION: basic ***
publish	Check out the released tag	2026-10-05T18:00:09.0439146Z ##[endgroup]
publish	Check out the released tag	2026-10-05T18:00:09.0439958Z ##[group]Fetching the repository
publish	Check out the released tag	2026-10-05T18:00:09.0445785Z [command]/usr/bin/git -c protocol.version=2 fetch --prune --no-recurse-submodules origin +refs/heads/*:refs/remotes/origin/* +refs/tags/*:refs/tags/*
publish	Check out the released tag	2026-10-05T18:00:27.5171639Z From https://github.com/DraconDev/pi-goal-list-loop-audit
publish	Check out the released tag	2026-10-05T18:00:27.5172440Z  * [new branch]        auditor-inspection   -> origin/auditor-inspection
publish	Check out the released tag	2026-10-05T18:00:27.5172884Z  * [new branch]        main                 -> origin/main
publish	Check out the released tag	2026-10-05T18:00:27.5173296Z  * [new tag]           backup-messy-history -> backup-messy-history
publish	Check out the released tag	2026-10-05T18:00:27.5173722Z  * [new tag]           cleanup-before-115   -> cleanup-before-115
publish	Check out the released tag	2026-10-05T18:00:27.5174085Z  * [new tag]           v0.34.100            -> v0.34.100
publish	Check out the released tag	2026-10-05T18:00:27.5174401Z  * [new tag]           v0.34.101            -> v0.34.101
publish	Check out the released tag	2026-10-05T18:00:27.5174638Z  * [new tag]           v0.34.102            -> v0.34.102
publish	Check out the released tag	2026-10-05T18:00:27.5174862Z  * [new tag]           v0.34.103            -> v0.34.103
publish	Check out the released tag	2026-10-05T18:00:27.5175124Z  * [new tag]           v0.34.104            -> v0.34.104
publish	Check out the released tag	2026-10-05T18:00:27.5175338Z  * [new tag]           v0.34.105            -> v0.34.105
publish	Check out the released tag	2026-10-05T18:00:27.5175568Z  * [new tag]           v0.34.106            -> v0.34.106
publish	Check out the released tag	2026-10-05T18:00:27.5175807Z  * [new tag]           v0.34.107            -> v0.34.107
publish	Check out the released tag	2026-10-05T18:00:27.5176268Z  * [new tag]           v0.34.108            -> v0.34.108
publish	Check out the released tag	2026-10-05T18:00:27.5176525Z  * [new tag]           v0.34.109            -> v0.34.109
publish	Check out the released tag	2026-10-05T18:00:27.5176767Z  * [new tag]           v0.34.110            -> v0.34.110
publish	Check out the released tag	2026-10-05T18:00:27.5176975Z  * [new tag]           v0.34.111            -> v0.34.111
publish	Check out the released tag	2026-10-05T18:00:27.5177246Z  * [new tag]           v0.34.112            -> v0.34.112
publish	Check out the released tag	2026-10-05T18:00:27.5177590Z  * [new tag]           v0.34.113            -> v0.34.113
publish	Check out the released tag	2026-10-05T18:00:27.5177804Z  * [new tag]           v0.34.114            -> v0.34.114
publish	Check out the released tag	2026-10-05T18:00:27.5178228Z  * [new tag]           v0.34.115            -> v0.34.115
publish	Check out the released tag	2026-10-05T18:00:27.5178564Z  * [new tag]           v0.34.116            -> v0.34.116
publish	Check out the released tag	2026-10-05T18:00:27.5178912Z  * [new tag]           v0.34.116-ship       -> v0.34.116-ship
publish	Check out the released tag	2026-10-05T18:00:27.5179136Z  * [new tag]           v0.34.117            -> v0.34.117
publish	Check out the released tag	2026-10-05T18:00:27.5179357Z  * [new tag]           v0.34.117-ship       -> v0.34.117-ship
publish	Check out the released tag	2026-10-05T18:00:27.5179614Z  * [new tag]           v0.34.118            -> v0.34.118
publish	Check out the released tag	2026-10-05T18:00:27.5179851Z  * [new tag]           v0.34.118-ship       -> v0.34.118-ship
publish	Check out the released tag	2026-10-05T18:00:27.5180079Z  * [new tag]           v0.34.119            -> v0.34.119
publish	Check out the released tag	2026-10-05T18:00:27.5180320Z  * [new tag]           v0.34.119-ship       -> v0.34.119-ship
publish	Check out the released tag	2026-10-05T18:00:27.5180699Z  * [new tag]           v0.34.120            -> v0.34.120
publish	Check out the released tag	2026-10-05T18:00:27.5180976Z  * [new tag]           v0.34.120-ship       -> v0.34.120-ship
publish	Check out the released tag	2026-10-05T18:00:27.5181208Z  * [new tag]           v0.34.121            -> v0.34.121
publish	Check out the released tag	2026-10-05T18:00:27.5181496Z  * [new tag]           v0.34.121-ship       -> v0.34.121-ship
publish	Check out the released tag	2026-10-05T18:00:27.5181716Z  * [new tag]           v0.34.134            -> v0.34.134
publish	Check out the released tag	2026-10-05T18:00:27.5182054Z  * [new tag]           v0.34.135            -> v0.34.135
publish	Check out the released tag	2026-10-05T18:00:27.5182265Z  * [new tag]           v0.34.136            -> v0.34.136
publish	Check out the released tag	2026-10-05T18:00:27.5182531Z  * [new tag]           v0.34.138            -> v0.34.138
publish	Check out the released tag	2026-10-05T18:00:27.5182893Z  * [new tag]           v0.34.139            -> v0.34.139
publish	Check out the released tag	2026-10-05T18:00:27.5183102Z  * [new tag]           v0.34.140            -> v0.34.140
publish	Check out the released tag	2026-10-05T18:00:27.5183327Z  * [new tag]           v0.34.141            -> v0.34.141
publish	Check out the released tag	2026-10-05T18:00:27.5183567Z  * [new tag]           v0.34.142            -> v0.34.142
publish	Check out the released tag	2026-10-05T18:00:27.5183801Z  * [new tag]           v0.34.20             -> v0.34.20
publish	Check out the released tag	2026-10-05T18:00:27.5184014Z  * [new tag]           v0.34.21             -> v0.34.21
publish	Check out the released tag	2026-10-05T18:00:27.5184253Z  * [new tag]           v0.34.22             -> v0.34.22
publish	Check out the released tag	2026-10-05T18:00:27.5184470Z  * [new tag]           v0.34.23             -> v0.34.23
publish	Check out the released tag	2026-10-05T18:00:27.5184689Z  * [new tag]           v0.34.24             -> v0.34.24
publish	Check out the released tag	2026-10-05T18:00:27.5184907Z  * [new tag]           v0.34.25             -> v0.34.25
publish	Check out the released tag	2026-10-05T18:00:27.5185206Z  * [new tag]           v0.34.26             -> v0.34.26
publish	Check out the released tag	2026-10-05T18:00:27.5185472Z  * [new tag]           v0.34.27             -> v0.34.27
publish	Check out the released tag	2026-10-05T18:00:27.5185703Z  * [new tag]           v0.34.28             -> v0.34.28
publish	Check out the released tag	2026-10-05T18:00:27.5186042Z  * [new tag]           v0.34.29             -> v0.34.29
publish	Check out the released tag	2026-10-05T18:00:27.5186336Z  * [new tag]           v0.34.30             -> v0.34.30
publish	Check out the released tag	2026-10-05T18:00:27.5186623Z  * [new tag]           v0.34.31             -> v0.34.31
publish	Check out the released tag	2026-10-05T18:00:27.5186844Z  * [new tag]           v0.34.32             -> v0.34.32
publish	Check out the released tag	2026-10-05T18:00:27.5187064Z  * [new tag]           v0.34.33             -> v0.34.33
publish	Check out the released tag	2026-10-05T18:00:27.5187314Z  * [new tag]           v0.34.34             -> v0.34.34
publish	Check out the released tag	2026-10-05T18:00:27.5187553Z  * [new tag]           v0.34.35             -> v0.34.35
publish	Check out the released tag	2026-10-05T18:00:27.5187773Z  * [new tag]           v0.34.36             -> v0.34.36
publish	Check out the released tag	2026-10-05T18:00:27.5188163Z  * [new tag]           v0.34.37             -> v0.34.37
publish	Check out the released tag	2026-10-05T18:00:27.5188425Z  * [new tag]           v0.34.38             -> v0.34.38
publish	Check out the released tag	2026-10-05T18:00:27.5188765Z  * [new tag]           v0.34.39             -> v0.34.39
publish	Check out the released tag	2026-10-05T18:00:27.5188987Z  * [new tag]           v0.34.40             -> v0.34.40
publish	Check out the released tag	2026-10-05T18:00:27.5189194Z  * [new tag]           v0.34.41             -> v0.34.41
publish	Check out the released tag	2026-10-05T18:00:27.5189402Z  * [new tag]           v0.34.42             -> v0.34.42
publish	Check out the released tag	2026-10-05T18:00:27.5189609Z  * [new tag]           v0.34.43             -> v0.34.43
publish	Check out the released tag	2026-10-05T18:00:27.5189828Z  * [new tag]           v0.34.44             -> v0.34.44
publish	Check out the released tag	2026-10-05T18:00:27.5190071Z  * [new tag]           v0.34.45             -> v0.34.45
publish	Check out the released tag	2026-10-05T18:00:27.5190281Z  * [new tag]           v0.34.46             -> v0.34.46
publish	Check out the released tag	2026-10-05T18:00:27.5190488Z  * [new tag]           v0.34.47             -> v0.34.47
publish	Check out the released tag	2026-10-05T18:00:27.5190697Z  * [new tag]           v0.34.48             -> v0.34.48
publish	Check out the released tag	2026-10-05T18:00:27.5190902Z  * [new tag]           v0.34.49             -> v0.34.49
publish	Check out the released tag	2026-10-05T18:00:27.5191108Z  * [new tag]           v0.34.50             -> v0.34.50
publish	Check out the released tag	2026-10-05T18:00:27.5191320Z  * [new tag]           v0.34.57             -> v0.34.57
publish	Check out the released tag	2026-10-05T18:00:27.5191534Z  * [new tag]           v0.34.79             -> v0.34.79
publish	Check out the released tag	2026-10-05T18:00:27.5191741Z  * [new tag]           v0.34.80             -> v0.34.80
publish	Check out the released tag	2026-10-05T18:00:27.5191951Z  * [new tag]           v0.34.92             -> v0.34.92
publish	Check out the released tag	2026-10-05T18:00:27.5192162Z  * [new tag]           v0.34.93             -> v0.34.93
publish	Check out the released tag	2026-10-05T18:00:27.5192375Z  * [new tag]           v0.34.94             -> v0.34.94
publish	Check out the released tag	2026-10-05T18:00:27.5192586Z  * [new tag]           v0.34.95             -> v0.34.95
publish	Check out the released tag	2026-10-05T18:00:27.5192797Z  * [new tag]           v0.34.96             -> v0.34.96
publish	Check out the released tag	2026-10-05T18:00:27.5193014Z  * [new tag]           v0.34.97             -> v0.34.97
publish	Check out the released tag	2026-10-05T18:00:27.5193223Z  * [new tag]           v0.34.98             -> v0.34.98
publish	Check out the released tag	2026-10-05T18:00:27.5193455Z  * [new tag]           v0.34.99             -> v0.34.99
publish	Check out the released tag	2026-10-05T18:00:27.5193703Z  * [new tag]           v0.35.0              -> v0.35.0
publish	Check out the released tag	2026-10-05T18:00:27.5193982Z  * [new tag]           v0.35.1              -> v0.35.1
publish	Check out the released tag	2026-10-05T18:00:27.5194316Z  * [new tag]           v0.35.10             -> v0.35.10
publish	Check out the released tag	2026-10-05T18:00:27.5194531Z  * [new tag]           v0.35.11             -> v0.35.11
publish	Check out the released tag	2026-10-05T18:00:27.5194745Z  * [new tag]           v0.35.12             -> v0.35.12
publish	Check out the released tag	2026-10-05T18:00:27.5194955Z  * [new tag]           v0.35.13             -> v0.35.13
publish	Check out the released tag	2026-10-05T18:00:27.5195168Z  * [new tag]           v0.35.14             -> v0.35.14
publish	Check out the released tag	2026-10-05T18:00:27.5195379Z  * [new tag]           v0.35.15             -> v0.35.15
publish	Check out the released tag	2026-10-05T18:00:27.5195594Z  * [new tag]           v0.35.16             -> v0.35.16
publish	Check out the released tag	2026-10-05T18:00:27.5195804Z  * [new tag]           v0.35.2              -> v0.35.2
publish	Check out the released tag	2026-10-05T18:00:27.5196020Z  * [new tag]           v0.35.3              -> v0.35.3
publish	Check out the released tag	2026-10-05T18:00:27.5196234Z  * [new tag]           v0.35.31             -> v0.35.31
publish	Check out the released tag	2026-10-05T18:00:27.5196446Z  * [new tag]           v0.35.32             -> v0.35.32
publish	Check out the released tag	2026-10-05T18:00:27.5196657Z  * [new tag]           v0.35.4              -> v0.35.4
publish	Check out the released tag	2026-10-05T18:00:27.5196882Z  * [new tag]           v0.35.5              -> v0.35.5
publish	Check out the released tag	2026-10-05T18:00:27.5197094Z  * [new tag]           v0.35.6              -> v0.35.6
publish	Check out the released tag	2026-10-05T18:00:27.5197306Z  * [new tag]           v0.35.64             -> v0.35.64
publish	Check out the released tag	2026-10-05T18:00:27.5197519Z  * [new tag]           v0.35.65             -> v0.35.65
publish	Check out the released tag	2026-10-05T18:00:27.5197729Z  * [new tag]           v0.35.66             -> v0.35.66
publish	Check out the released tag	2026-10-05T18:00:27.5198079Z  * [new tag]           v0.35.67             -> v0.35.67
publish	Check out the released tag	2026-10-05T18:00:27.5198291Z  * [new tag]           v0.35.68             -> v0.35.68
publish	Check out the released tag	2026-10-05T18:00:27.5252731Z  * [new tag]           v0.35.69             -> v0.35.69
publish	Check out the released tag	2026-10-05T18:00:27.5253275Z  * [new tag]           v0.35.7              -> v0.35.7
publish	Check out the released tag	2026-10-05T18:00:27.5253649Z  * [new tag]           v0.35.70             -> v0.35.70
publish	Check out the released tag	2026-10-05T18:00:27.5253949Z  * [new tag]           v0.35.71             -> v0.35.71
publish	Check out the released tag	2026-10-05T18:00:27.5254196Z  * [new tag]           v0.35.8              -> v0.35.8
publish	Check out the released tag	2026-10-05T18:00:27.5254578Z  * [new tag]           v0.35.9              -> v0.35.9
publish	Check out the released tag	2026-10-05T18:00:27.5254795Z  * [new tag]           v0.36.0              -> v0.36.0
publish	Check out the released tag	2026-10-05T18:00:27.5255011Z  * [new tag]           v0.36.1              -> v0.36.1
publish	Check out the released tag	2026-10-05T18:00:27.5255228Z  * [new tag]           v0.37.1              -> v0.37.1
publish	Check out the released tag	2026-10-05T18:00:27.5255438Z  * [new tag]           v0.37.2              -> v0.37.2
publish	Check out the released tag	2026-10-05T18:00:27.5255650Z  * [new tag]           v0.37.3              -> v0.37.3
publish	Check out the released tag	2026-10-05T18:00:27.5255862Z  * [new tag]           v0.38.0              -> v0.38.0
publish	Check out the released tag	2026-10-05T18:00:27.5256073Z  * [new tag]           v0.38.1              -> v0.38.1
publish	Check out the released tag	2026-10-05T18:00:27.5256288Z  * [new tag]           v0.38.10             -> v0.38.10
publish	Check out the released tag	2026-10-05T18:00:27.5256507Z  * [new tag]           v0.38.103            -> v0.38.103
publish	Check out the released tag	2026-10-05T18:00:27.5256728Z  * [new tag]           v0.38.104            -> v0.38.104
publish	Check out the released tag	2026-10-05T18:00:27.5256953Z  * [new tag]           v0.38.106            -> v0.38.106
publish	Check out the released tag	2026-10-05T18:00:27.5257181Z  * [new tag]           v0.38.107            -> v0.38.107
publish	Check out the released tag	2026-10-05T18:00:27.5257419Z  * [new tag]           v0.38.11             -> v0.38.11
publish	Check out the released tag	2026-10-05T18:00:27.5257636Z  * [new tag]           v0.38.113            -> v0.38.113
publish	Check out the released tag	2026-10-05T18:00:27.5257853Z  * [new tag]           v0.38.12             -> v0.38.12
publish	Check out the released tag	2026-10-05T18:00:27.5258224Z  * [new tag]           v0.38.13             -> v0.38.13
publish	Check out the released tag	2026-10-05T18:00:27.5258440Z  * [new tag]           v0.38.14             -> v0.38.14
publish	Check out the released tag	2026-10-05T18:00:27.5258650Z  * [new tag]           v0.38.15             -> v0.38.15
publish	Check out the released tag	2026-10-05T18:00:27.5258867Z  * [new tag]           v0.38.16             -> v0.38.16
publish	Check out the released tag	2026-10-05T18:00:27.5259085Z  * [new tag]           v0.38.17             -> v0.38.17
publish	Check out the released tag	2026-10-05T18:00:27.5259297Z  * [new tag]           v0.38.18             -> v0.38.18
publish	Check out the released tag	2026-10-05T18:00:27.5259513Z  * [new tag]           v0.38.19             -> v0.38.19
publish	Check out the released tag	2026-10-05T18:00:27.5259727Z  * [new tag]           v0.38.2              -> v0.38.2
publish	Check out the released tag	2026-10-05T18:00:27.5259947Z  * [new tag]           v0.38.20             -> v0.38.20
publish	Check out the released tag	2026-10-05T18:00:27.5260260Z  * [new tag]           v0.38.21             -> v0.38.21
publish	Check out the released tag	2026-10-05T18:00:27.5260471Z  * [new tag]           v0.38.22             -> v0.38.22
publish	Check out the released tag	2026-10-05T18:00:27.5260684Z  * [new tag]           v0.38.23             -> v0.38.23
publish	Check out the released tag	2026-10-05T18:00:27.5260900Z  * [new tag]           v0.38.24             -> v0.38.24
publish	Check out the released tag	2026-10-05T18:00:27.5261117Z  * [new tag]           v0.38.25             -> v0.38.25
publish	Check out the released tag	2026-10-05T18:00:27.5261329Z  * [new tag]           v0.38.26             -> v0.38.26
publish	Check out the released tag	2026-10-05T18:00:27.5261541Z  * [new tag]           v0.38.27             -> v0.38.27
publish	Check out the released tag	2026-10-05T18:00:27.5261754Z  * [new tag]           v0.38.28             -> v0.38.28
publish	Check out the released tag	2026-10-05T18:00:27.5262093Z  * [new tag]           v0.38.29             -> v0.38.29
publish	Check out the released tag	2026-10-05T18:00:27.5262429Z  * [new tag]           v0.38.3              -> v0.38.3
publish	Check out the released tag	2026-10-05T18:00:27.5262762Z  * [new tag]           v0.38.30             -> v0.38.30
publish	Check out the released tag	2026-10-05T18:00:27.5263099Z  * [new tag]           v0.38.31             -> v0.38.31
publish	Check out the released tag	2026-10-05T18:00:27.5263451Z  * [new tag]           v0.38.32             -> v0.38.32
publish	Check out the released tag	2026-10-05T18:00:27.5263789Z  * [new tag]           v0.38.33             -> v0.38.33
publish	Check out the released tag	2026-10-05T18:00:27.5264148Z  * [new tag]           v0.38.34             -> v0.38.34
publish	Check out the released tag	2026-10-05T18:00:27.5264494Z  * [new tag]           v0.38.35             -> v0.38.35
publish	Check out the released tag	2026-10-05T18:00:27.5264839Z  * [new tag]           v0.38.36             -> v0.38.36
publish	Check out the released tag	2026-10-05T18:00:27.5265172Z  * [new tag]           v0.38.37             -> v0.38.37
publish	Check out the released tag	2026-10-05T18:00:27.5265499Z  * [new tag]           v0.38.38             -> v0.38.38
publish	Check out the released tag	2026-10-05T18:00:27.5265842Z  * [new tag]           v0.38.39             -> v0.38.39
publish	Check out the released tag	2026-10-05T18:00:27.5266178Z  * [new tag]           v0.38.4              -> v0.38.4
publish	Check out the released tag	2026-10-05T18:00:27.5266518Z  * [new tag]           v0.38.40             -> v0.38.40
publish	Check out the released tag	2026-10-05T18:00:27.5266858Z  * [new tag]           v0.38.41             -> v0.38.41
publish	Check out the released tag	2026-10-05T18:00:27.5267376Z  * [new tag]           v0.38.42             -> v0.38.42
publish	Check out the released tag	2026-10-05T18:00:27.5267710Z  * [new tag]           v0.38.43             -> v0.38.43
publish	Check out the released tag	2026-10-05T18:00:27.5268177Z  * [new tag]           v0.38.44             -> v0.38.44
publish	Check out the released tag	2026-10-05T18:00:27.5268514Z  * [new tag]           v0.38.45             -> v0.38.45
publish	Check out the released tag	2026-10-05T18:00:27.5268842Z  * [new tag]           v0.38.46             -> v0.38.46
publish	Check out the released tag	2026-10-05T18:00:27.5269175Z  * [new tag]           v0.38.47             -> v0.38.47
publish	Check out the released tag	2026-10-05T18:00:27.5269512Z  * [new tag]           v0.38.48             -> v0.38.48
publish	Check out the released tag	2026-10-05T18:00:27.5269855Z  * [new tag]           v0.38.49             -> v0.38.49
publish	Check out the released tag	2026-10-05T18:00:27.5270189Z  * [new tag]           v0.38.5              -> v0.38.5
publish	Check out the released tag	2026-10-05T18:00:27.5270517Z  * [new tag]           v0.38.50             -> v0.38.50
publish	Check out the released tag	2026-10-05T18:00:27.5270845Z  * [new tag]           v0.38.51             -> v0.38.51
publish	Check out the released tag	2026-10-05T18:00:27.5271171Z  * [new tag]           v0.38.52             -> v0.38.52
publish	Check out the released tag	2026-10-05T18:00:27.5271510Z  * [new tag]           v0.38.53             -> v0.38.53
publish	Check out the released tag	2026-10-05T18:00:27.5271846Z  * [new tag]           v0.38.54             -> v0.38.54
publish	Check out the released tag	2026-10-05T18:00:27.5272177Z  * [new tag]           v0.38.55             -> v0.38.55
publish	Check out the released tag	2026-10-05T18:00:27.5272505Z  * [new tag]           v0.38.56             -> v0.38.56
publish	Check out the released tag	2026-10-05T18:00:27.5272836Z  * [new tag]           v0.38.57             -> v0.38.57
publish	Check out the released tag	2026-10-05T18:00:27.5273159Z  * [new tag]           v0.38.58             -> v0.38.58
publish	Check out the released tag	2026-10-05T18:00:27.5273480Z  * [new tag]           v0.38.59             -> v0.38.59
publish	Check out the released tag	2026-10-05T18:00:27.5273805Z  * [new tag]           v0.38.6              -> v0.38.6
publish	Check out the released tag	2026-10-05T18:00:27.5274131Z  * [new tag]           v0.38.60             -> v0.38.60
publish	Check out the released tag	2026-10-05T18:00:27.5274458Z  * [new tag]           v0.38.61             -> v0.38.61
publish	Check out the released tag	2026-10-05T18:00:27.5274789Z  * [new tag]           v0.38.62             -> v0.38.62
publish	Check out the released tag	2026-10-05T18:00:27.5275121Z  * [new tag]           v0.38.66             -> v0.38.66
publish	Check out the released tag	2026-10-05T18:00:27.5275501Z  * [new tag]           v0.38.67             -> v0.38.67
publish	Check out the released tag	2026-10-05T18:00:27.5276169Z  * [new tag]           v0.38.68             -> v0.38.68
publish	Check out the released tag	2026-10-05T18:00:27.5276486Z  * [new tag]           v0.38.69             -> v0.38.69
publish	Check out the released tag	2026-10-05T18:00:27.5276807Z  * [new tag]           v0.38.7              -> v0.38.7
publish	Check out the released tag	2026-10-05T18:00:27.5277052Z  * [new tag]           v0.38.70             -> v0.38.70
publish	Check out the released tag	2026-10-05T18:00:27.5277262Z  * [new tag]           v0.38.71             -> v0.38.71
publish	Check out the released tag	2026-10-05T18:00:27.5277470Z  * [new tag]           v0.38.8              -> v0.38.8
publish	Check out the released tag	2026-10-05T18:00:27.5277682Z  * [new tag]           v0.38.9              -> v0.38.9
publish	Check out the released tag	2026-10-05T18:00:27.5278165Z  * [new tag]           v0.38.91             -> v0.38.91
publish	Check out the released tag	2026-10-05T18:00:27.5278377Z  * [new tag]           v0.38.92             -> v0.38.92
publish	Check out the released tag	2026-10-05T18:00:27.5278587Z  * [new tag]           v0.38.93             -> v0.38.93
publish	Check out the released tag	2026-10-05T18:00:27.5278794Z  * [new tag]           v0.38.95             -> v0.38.95
publish	Check out the released tag	2026-10-05T18:00:27.5279016Z  * [new tag]           v0.38.96             -> v0.38.96
publish	Check out the released tag	2026-10-05T18:00:27.5279230Z  * [new tag]           v0.38.97             -> v0.38.97
publish	Check out the released tag	2026-10-05T18:00:27.5279440Z  * [new tag]           v0.38.98             -> v0.38.98
publish	Check out the released tag	2026-10-05T18:00:27.5279649Z  * [new tag]           v0.39.4              -> v0.39.4
publish	Check out the released tag	2026-10-05T18:00:27.5279857Z  * [new tag]           v0.39.8              -> v0.39.8
publish	Check out the released tag	2026-10-05T18:00:27.5280774Z ##[endgroup]
publish	Check out the released tag	2026-10-05T18:00:27.5281047Z ##[group]Determining the checkout info
publish	Check out the released tag	2026-10-05T18:00:27.5281316Z ##[endgroup]
publish	Check out the released tag	2026-10-05T18:00:27.5281537Z [command]/usr/bin/git sparse-checkout disable
publish	Check out the released tag	2026-10-05T18:00:27.5281996Z [command]/usr/bin/git config --local --unset-all extensions.worktreeConfig
publish	Check out the released tag	2026-10-05T18:00:27.5282552Z ##[group]Checking out the ref
publish	Check out the released tag	2026-10-05T18:00:27.5282780Z [command]/usr/bin/git checkout --progress --force refs/tags/v0.39.8
publish	Check out the released tag	2026-10-05T18:00:27.6512521Z Note: switching to 'refs/tags/v0.39.8'.
publish	Check out the released tag	2026-10-05T18:00:27.6512798Z 
publish	Check out the released tag	2026-10-05T18:00:27.6513153Z You are in 'detached HEAD' state. You can look around, make experimental
publish	Check out the released tag	2026-10-05T18:00:27.6513481Z changes and commit them, and you can discard any commits you make in this
publish	Check out the released tag	2026-10-05T18:00:27.6513788Z state without impacting any branches by switching back to a branch.
publish	Check out the released tag	2026-10-05T18:00:27.6513958Z 
publish	Check out the released tag	2026-10-05T18:00:27.6514094Z If you want to create a new branch to retain commits you create, you may
publish	Check out the released tag	2026-10-05T18:00:27.6514389Z do so (now or later) by using -c with the switch command. Example:
publish	Check out the released tag	2026-10-05T18:00:27.6514547Z 
publish	Check out the released tag	2026-10-05T18:00:27.6514633Z   git switch -c <new-branch-name>
publish	Check out the released tag	2026-10-05T18:00:27.6514748Z 
publish	Check out the released tag	2026-10-05T18:00:27.6514832Z Or undo this operation with:
publish	Check out the released tag	2026-10-05T18:00:27.6514940Z 
publish	Check out the released tag	2026-10-05T18:00:27.6515008Z   git switch -
publish	Check out the released tag	2026-10-05T18:00:27.6515093Z 
publish	Check out the released tag	2026-10-05T18:00:27.6515241Z Turn off this advice by setting config variable advice.detachedHead to false
publish	Check out the released tag	2026-10-05T18:00:27.6515424Z 
publish	Check out the released tag	2026-10-05T18:00:27.6515866Z HEAD is now at f56bfbdf 1 file(s) in audit/release-0.39.8-2026-10-05/tested-inputs.json DELTA:+513/-0 | EXT:json TEST:513 NEW:release-0.39.8-2026-10-05/tested-inputs.json TESTONLY:release-0.39.8-2026-10-05/tested-inputs.json
publish	Check out the released tag	2026-10-05T18:00:27.6536926Z ##[endgroup]
publish	Check out the released tag	2026-10-05T18:00:27.6581329Z [command]/usr/bin/git log -1 --format=%H
publish	Check out the released tag	2026-10-05T18:00:27.6604425Z f56bfbdfce284e1884875a9bd90f46df480e436a
publish	Set up Node.js	﻿2026-10-05T18:00:27.6789884Z ##[group]Run actions/setup-node@v4
publish	Set up Node.js	2026-10-05T18:00:27.6790080Z with:
publish	Set up Node.js	2026-10-05T18:00:27.6790227Z   node-version: 22.19.0
publish	Set up Node.js	2026-10-05T18:00:27.6790406Z   registry-url: https://registry.npmjs.org
publish	Set up Node.js	2026-10-05T18:00:27.6790604Z   cache: npm
publish	Set up Node.js	2026-10-05T18:00:27.6790743Z   always-auth: false
publish	Set up Node.js	2026-10-05T18:00:27.6790893Z   check-latest: false
publish	Set up Node.js	2026-10-05T18:00:27.6792333Z   token: ***
publish	Set up Node.js	2026-10-05T18:00:27.6792477Z ##[endgroup]
publish	Set up Node.js	2026-10-05T18:00:27.7633004Z Attempting to download 22.19.0...
publish	Set up Node.js	2026-10-05T18:00:27.7698469Z (node:2088) [DEP0040] DeprecationWarning: The `punycode` module is deprecated. Please use a userland alternative instead.
publish	Set up Node.js	2026-10-05T18:00:27.7699077Z (Use `node --trace-deprecation ...` to show where the warning was created)
publish	Set up Node.js	2026-10-05T18:00:28.5291359Z Acquiring 22.19.0 - x64 from https://github.com/actions/node-versions/releases/download/22.19.0-17311483029/node-22.19.0-linux-x64.tar.gz
publish	Set up Node.js	2026-10-05T18:00:28.9746284Z Extracting ...
publish	Set up Node.js	2026-10-05T18:00:28.9838456Z [command]/usr/bin/tar xz --strip 1 --warning=no-unknown-keyword --overwrite -C /home/runner/work/_temp/5f8433f1-786a-4e2b-9aa3-0fbe586dba2f -f /home/runner/work/_temp/3da4aeb0-283c-4b7e-b85a-31cdc2e3cf32
publish	Set up Node.js	2026-10-05T18:00:29.8314006Z Adding to the cache ...
publish	Set up Node.js	2026-10-05T18:00:31.5710030Z ##[group]Environment details
publish	Set up Node.js	2026-10-05T18:00:31.7076589Z node: v22.19.0
publish	Set up Node.js	2026-10-05T18:00:31.7076879Z npm: 10.9.3
publish	Set up Node.js	2026-10-05T18:00:31.7077035Z yarn: 1.22.22
publish	Set up Node.js	2026-10-05T18:00:31.7077560Z ##[endgroup]
publish	Set up Node.js	2026-10-05T18:00:31.7091370Z [command]/opt/hostedtoolcache/node/22.19.0/x64/bin/npm config get cache
publish	Set up Node.js	2026-10-05T18:00:31.7640362Z /home/runner/.npm
publish	Set up Node.js	2026-10-05T18:00:31.9348938Z Cache hit for: node-cache-Linux-x64-npm-5d9b08b3ca458dde2b4b8e8aaf15a0270a25e2969c33ac6cf36df96350ac14e9
publish	Set up Node.js	2026-10-05T18:00:31.9412392Z (node:2088) [DEP0169] DeprecationWarning: `url.parse()` behavior is not standardized and prone to errors that have security implications. Use the WHATWG URL API instead. CVEs are not issued for `url.parse()` vulnerabilities.
publish	Set up Node.js	2026-10-05T18:00:32.8800381Z Received 66353728 of 66353728 (100.0%), 79.2 MBs/sec
publish	Set up Node.js	2026-10-05T18:00:32.8800798Z Cache Size: ~63 MB (66353728 B)
publish	Set up Node.js	2026-10-05T18:00:32.8884353Z [command]/usr/bin/tar -xf /home/runner/work/_temp/14af0ee1-cd79-43d0-bdfc-9d2908e2dda7/cache.tzst -P -C /home/runner/work/pi-goal-list-loop-audit/pi-goal-list-loop-audit --use-compress-program unzstd
publish	Set up Node.js	2026-10-05T18:00:33.0546779Z Cache restored successfully
publish	Set up Node.js	2026-10-05T18:00:33.0579806Z Cache restored from key: node-cache-Linux-x64-npm-5d9b08b3ca458dde2b4b8e8aaf15a0270a25e2969c33ac6cf36df96350ac14e9
publish	Install the test runner	﻿2026-10-05T18:00:33.0749805Z ##[group]Run oven-sh/setup-bun@v2
publish	Install the test runner	2026-10-05T18:00:33.0749978Z with:
publish	Install the test runner	2026-10-05T18:00:33.0750248Z   bun-version: 1.3.14
publish	Install the test runner	2026-10-05T18:00:33.0750376Z   no-cache: false
publish	Install the test runner	2026-10-05T18:00:33.0751795Z   token: ***
publish	Install the test runner	2026-10-05T18:00:33.0751908Z env:
publish	Install the test runner	2026-10-05T18:00:33.0752051Z   NPM_CONFIG_USERCONFIG: /home/runner/work/_temp/.npmrc
publish	Install the test runner	2026-10-05T18:00:33.0752251Z   NODE_AUTH_TOKEN: XXXXX-XXXXX-XXXXX-XXXXX
publish	Install the test runner	2026-10-05T18:00:33.0752408Z ##[endgroup]
publish	Install the test runner	2026-10-05T18:00:33.3163571Z Cache hit for: bun-fR4r1tsFeXfPQkusQwkKD2kGnsE=
publish	Install the test runner	2026-10-05T18:00:34.1141770Z Received 33843768 of 33843768 (100.0%), 48.9 MBs/sec
publish	Install the test runner	2026-10-05T18:00:34.1142198Z Cache Size: ~32 MB (33843768 B)
publish	Install the test runner	2026-10-05T18:00:34.1162044Z [command]/usr/bin/tar -xf /home/runner/work/_temp/4be21fac-2580-49a6-bf8f-f1b179cffc71/cache.tzst -P -C /home/runner/work/pi-goal-list-loop-audit/pi-goal-list-loop-audit --use-compress-program unzstd
publish	Install the test runner	2026-10-05T18:00:34.2124844Z Cache restored successfully
publish	Install the test runner	2026-10-05T18:00:34.2144571Z [command]/home/runner/.bun/bin/bun --revision
publish	Install the test runner	2026-10-05T18:00:34.2179474Z 1.3.14+0d9b296af
publish	Install the test runner	2026-10-05T18:00:34.2189362Z Using a cached version of Bun: 1.3.14+0d9b296af
publish	Use the pinned trusted-publishing npm	﻿2026-10-05T18:00:34.2295900Z ##[group]Run npm install --global npm@11.12.1
publish	Use the pinned trusted-publishing npm	2026-10-05T18:00:34.2296133Z ^[[36;1mnpm install --global npm@11.12.1^[[0m
publish	Use the pinned trusted-publishing npm	2026-10-05T18:00:34.2632136Z shell: /usr/bin/bash -e {0}
publish	Use the pinned trusted-publishing npm	2026-10-05T18:00:34.2632300Z env:
publish	Use the pinned trusted-publishing npm	2026-10-05T18:00:34.2632446Z   NPM_CONFIG_USERCONFIG: /home/runner/work/_temp/.npmrc
publish	Use the pinned trusted-publishing npm	2026-10-05T18:00:34.2632643Z   NODE_AUTH_TOKEN: XXXXX-XXXXX-XXXXX-XXXXX
publish	Use the pinned trusted-publishing npm	2026-10-05T18:00:34.2632797Z ##[endgroup]
publish	Use the pinned trusted-publishing npm	2026-10-05T18:00:37.3369088Z 
publish	Use the pinned trusted-publishing npm	2026-10-05T18:00:37.3370059Z removed 73 packages, and changed 104 packages in 3s
publish	Use the pinned trusted-publishing npm	2026-10-05T18:00:37.3370352Z 
publish	Use the pinned trusted-publishing npm	2026-10-05T18:00:37.3370508Z 15 packages are looking for funding
publish	Use the pinned trusted-publishing npm	2026-10-05T18:00:37.3370805Z   run `npm fund` for details
publish	Verify the tag matches package.json	﻿2026-10-05T18:00:37.3791682Z ##[group]Run node --input-type=module - <<'NODE'
publish	Verify the tag matches package.json	2026-10-05T18:00:37.3791955Z ^[[36;1mnode --input-type=module - <<'NODE'^[[0m
publish	Verify the tag matches package.json	2026-10-05T18:00:37.3792128Z ^[[36;1mimport fs from "node:fs";^[[0m
publish	Verify the tag matches package.json	2026-10-05T18:00:37.3792356Z ^[[36;1mconst version = JSON.parse(fs.readFileSync("package.json", "utf8")).version;^[[0m
publish	Verify the tag matches package.json	2026-10-05T18:00:37.3792606Z ^[[36;1mconst expected = `v${version}`;^[[0m
publish	Verify the tag matches package.json	2026-10-05T18:00:37.3792789Z ^[[36;1mif (process.env.RELEASE_TAG !== expected) {^[[0m
publish	Verify the tag matches package.json	2026-10-05T18:00:37.3793078Z ^[[36;1m  throw new Error(`release tag ${process.env.RELEASE_TAG} does not match package.json ${expected}`);^[[0m
publish	Verify the tag matches package.json	2026-10-05T18:00:37.3793334Z ^[[36;1m}^[[0m
publish	Verify the tag matches package.json	2026-10-05T18:00:37.3793463Z ^[[36;1mNODE^[[0m
publish	Verify the tag matches package.json	2026-10-05T18:00:37.3845417Z shell: /usr/bin/bash -e {0}
publish	Verify the tag matches package.json	2026-10-05T18:00:37.3845563Z env:
publish	Verify the tag matches package.json	2026-10-05T18:00:37.3845708Z   NPM_CONFIG_USERCONFIG: /home/runner/work/_temp/.npmrc
publish	Verify the tag matches package.json	2026-10-05T18:00:37.3845900Z   NODE_AUTH_TOKEN: XXXXX-XXXXX-XXXXX-XXXXX
publish	Verify the tag matches package.json	2026-10-05T18:00:37.3846057Z   RELEASE_TAG: v0.39.8
publish	Verify the tag matches package.json	2026-10-05T18:00:37.3846181Z ##[endgroup]
publish	Install project dependencies	﻿2026-10-05T18:00:37.4096891Z ##[group]Run npm ci
publish	Install project dependencies	2026-10-05T18:00:37.4097035Z ^[[36;1mnpm ci^[[0m
publish	Install project dependencies	2026-10-05T18:00:37.4140281Z shell: /usr/bin/bash -e {0}
publish	Install project dependencies	2026-10-05T18:00:37.4140422Z env:
publish	Install project dependencies	2026-10-05T18:00:37.4140567Z   NPM_CONFIG_USERCONFIG: /home/runner/work/_temp/.npmrc
publish	Install project dependencies	2026-10-05T18:00:37.4140767Z   NODE_AUTH_TOKEN: XXXXX-XXXXX-XXXXX-XXXXX
publish	Install project dependencies	2026-10-05T18:00:37.4140927Z ##[endgroup]
publish	Install project dependencies	2026-10-05T18:00:37.5810747Z npm warn Unknown user config "always-auth". This will stop working in the next major version of npm. See `npm help npmrc` for supported config options.
publish	Install project dependencies	2026-10-05T18:00:39.3228877Z npm warn deprecated node-domexception@1.0.0: Use your platform's native DOMException instead
publish	Install project dependencies	2026-10-05T18:00:39.3233670Z npm warn deprecated node-domexception@1.0.0: Use your platform's native DOMException instead
publish	Install project dependencies	2026-10-05T18:00:42.6891713Z 
publish	Install project dependencies	2026-10-05T18:00:42.6892467Z added 253 packages, and audited 254 packages in 5s
publish	Install project dependencies	2026-10-05T18:00:42.6892726Z 
publish	Install project dependencies	2026-10-05T18:00:42.6892893Z 12 packages are looking for funding
publish	Install project dependencies	2026-10-05T18:00:42.6893159Z   run `npm fund` for details
publish	Install project dependencies	2026-10-05T18:00:42.6905009Z 
publish	Install project dependencies	2026-10-05T18:00:42.6905139Z 1 high severity vulnerability
publish	Install project dependencies	2026-10-05T18:00:42.6905292Z 
publish	Install project dependencies	2026-10-05T18:00:42.6905398Z To address all issues, run:
publish	Install project dependencies	2026-10-05T18:00:42.6905620Z   npm audit fix
publish	Install project dependencies	2026-10-05T18:00:42.6905976Z 
publish	Install project dependencies	2026-10-05T18:00:42.6906080Z Run `npm audit` for details.
publish	Test and inspect the package	﻿2026-10-05T18:00:42.7941328Z ##[group]Run npm run release:check
publish	Test and inspect the package	2026-10-05T18:00:42.7941538Z ^[[36;1mnpm run release:check^[[0m
publish	Test and inspect the package	2026-10-05T18:00:42.7992402Z shell: /usr/bin/bash -e {0}
publish	Test and inspect the package	2026-10-05T18:00:42.7992545Z env:
publish	Test and inspect the package	2026-10-05T18:00:42.7992691Z   NPM_CONFIG_USERCONFIG: /home/runner/work/_temp/.npmrc
publish	Test and inspect the package	2026-10-05T18:00:42.7992883Z   NODE_AUTH_TOKEN: XXXXX-XXXXX-XXXXX-XXXXX
publish	Test and inspect the package	2026-10-05T18:00:42.7993038Z ##[endgroup]
publish	Test and inspect the package	2026-10-05T18:00:42.8529586Z npm warn Unknown user config "always-auth". This will stop working in the next major version of npm. See `npm help npmrc` for supported config options.
publish	Test and inspect the package	2026-10-05T18:00:42.8611971Z 
publish	Test and inspect the package	2026-10-05T18:00:42.8612193Z > pi-goal-list-loop-audit@0.39.8 release:check
publish	Test and inspect the package	2026-10-05T18:00:42.8612676Z > npm run test:all && npm run check:inventory && npm pack --dry-run && node scripts/release-pack-smoke.mjs
publish	Test and inspect the package	2026-10-05T18:00:42.8612883Z 
publish	Test and inspect the package	2026-10-05T18:00:42.9175530Z npm warn Unknown user config "always-auth". This will stop working in the next major version of npm. See `npm help npmrc` for supported config options.
publish	Test and inspect the package	2026-10-05T18:00:42.9256986Z 
publish	Test and inspect the package	2026-10-05T18:00:42.9257664Z > pi-goal-list-loop-audit@0.39.8 test:all
publish	Test and inspect the package	2026-10-05T18:00:42.9258753Z > node scripts/run-tests.mjs --all && tsc --noEmit && node tests/repro-jiti-state-split.test.mjs && npm run test:auditor-extensions
publish	Test and inspect the package	2026-10-05T18:00:42.9259332Z 
publish	Test and inspect the package	2026-10-05T18:00:42.9468678Z [run-tests] mode=all slow_files=12 stall_timeout=180s heartbeat=30s
publish	Test and inspect the package	2026-10-05T18:00:42.9524336Z bun test v1.3.14 (0d9b296a) 1x PARALLEL
publish	Test and inspect the package	2026-10-05T18:00:42.9613569Z 
publish	Test and inspect the package	2026-10-05T18:00:42.9614221Z ##[group]tests/reviewer-source-curation.test.ts:
publish	Test and inspect the package	2026-10-05T18:00:43.2748815Z (pass) stripCodeSpans removes fenced blocks and inline spans [1.13ms]
publish	Test and inspect the package	2026-10-05T18:00:43.2749645Z (pass) the 4 junk lines from the 0.26.3 misfire extract NOTHING through the curated pipeline [0.42ms]
publish	Test and inspect the package	2026-10-05T18:00:43.2750398Z (pass) brace-led and quote-led lines are code-ish, never findings [0.09ms]
publish	Test and inspect the package	2026-10-05T18:00:43.2750998Z (pass) fireReviewer only mines disapproved/error audit reports, never approved ones [0.32ms]
publish	Test and inspect the package	2026-10-05T18:00:43.2751508Z (pass) v0.35.72: postaudit proposal counts only when safeSteerUser delivers [0.19ms]
publish	Test and inspect the package	2026-10-05T18:00:43.2751898Z (pass) automatic postaudit excludes archived objective/contract metadata; manual review retains it [0.08ms]
publish	Test and inspect the package	2026-10-05T18:00:43.2752517Z (pass) a DISAPPROVED report's required-fixes extract as findings; an APPROVED meta-report is inert [1.53ms]
publish	Test and inspect the package	2026-10-05T18:00:43.2753099Z (pass) superseded-disapproval curation: a disapproval answered by a later approval is NOT re-mined [0.18ms]
publish	Test and inspect the package	2026-10-05T18:00:43.2753567Z (pass) real prose findings still classify after curation [0.13ms]
publish	Test and inspect the package	2026-10-05T18:00:43.2753783Z 
publish	Test and inspect the package	2026-10-05T18:00:43.2754148Z ##[endgroup]
publish	Test and inspect the package	2026-10-05T18:00:43.2754224Z 
publish	Test and inspect the package	2026-10-05T18:00:43.2754474Z ##[group]tests/revision-counter.test.ts:
publish	Test and inspect the package	2026-10-05T18:00:43.4122647Z (pass) bumpGoalRevision increments revision by exactly 1 [0.16ms]
publish	Test and inspect the package	2026-10-05T18:00:43.4123404Z (pass) bumpGoalRevision treats undefined revision as 0 [0.02ms]
publish	Test and inspect the package	2026-10-05T18:00:43.4139100Z (pass) captureGoalRevision returns null for null goal [0.03ms]
publish	Test and inspect the package	2026-10-05T18:00:43.4139709Z (pass) captureGoalRevision tokens match by value, not identity [0.05ms]
publish	Test and inspect the package	2026-10-05T18:00:43.4140258Z (pass) isGoalRevisionCurrent: matches when revision is unchanged [0.03ms]
publish	Test and inspect the package	2026-10-05T18:00:43.4140796Z (pass) isGoalRevisionCurrent: refuses when revision bumped [0.03ms]
publish	Test and inspect the package	2026-10-05T18:00:43.4141297Z (pass) isGoalRevisionCurrent: refuses when goal replaced [0.04ms]
publish	Test and inspect the package	2026-10-05T18:00:43.4141798Z (pass) isGoalRevisionCurrent: refuses when current goal is null [0.02ms]
publish	Test and inspect the package	2026-10-05T18:00:43.4142373Z (pass) isGoalRevisionCurrent: null token passes through (legacy compat) [0.02ms]
publish	Test and inspect the package	2026-10-05T18:00:43.4143184Z (pass) end-to-end: capture → mutate → refuse [0.08ms]
publish	Test and inspect the package	2026-10-05T18:00:43.4143640Z (pass) GoalRevisionToken shape carries only goalId+revision [0.03ms]
publish	Test and inspect the package	2026-10-05T18:00:43.4143878Z 
publish	Test and inspect the package	2026-10-05T18:00:43.4144304Z ##[endgroup]
publish	Test and inspect the package	2026-10-05T18:00:43.4144809Z 
publish	Test and inspect the package	2026-10-05T18:00:43.4145115Z ##[group]tests/compactor-worker-lifecycle.test.ts:
publish	Test and inspect the package	2026-10-05T18:00:43.6288526Z (pass) compactor cleans its Pi tree on SIGTERM, including inherited pipes and TERM-ignoring children [84.31ms]
publish	Test and inspect the package	2026-10-05T18:00:46.6569526Z (pass) compactor cleans its Pi tree on timeout, including inherited pipes and TERM-ignoring children [3028.13ms]
publish	Test and inspect the package	2026-10-05T18:00:47.0989535Z (pass) compactor cleans its Pi tree on normal, including inherited pipes and TERM-ignoring children [442.04ms]
publish	Test and inspect the package	2026-10-05T18:00:47.5406548Z (pass) compactor cleans its Pi tree on result-write-failure, including inherited pipes and TERM-ignoring children [441.65ms]
publish	Test and inspect the package	2026-10-05T18:00:47.5407166Z 
publish	Test and inspect the package	2026-10-05T18:00:47.5407624Z ##[endgroup]
publish	Test and inspect the package	2026-10-05T18:00:47.5421663Z 
publish	Test and inspect the package	2026-10-05T18:00:47.5422150Z ##[group]tests/terminal-approval-render.test.ts:
publish	Test and inspect the package	2026-10-05T18:00:47.6936848Z (pass) skipped challenges are disclosed in chat, transcript, and archive evidence [5.18ms]
publish	Test and inspect the package	2026-10-05T18:00:47.6939373Z (pass) canonical render folds a lone approval with the verdict count, model-free [0.58ms]
publish	Test and inspect the package	2026-10-05T18:00:47.6946348Z (pass) standalone audit bullet survives only with news [0.67ms]
publish	Test and inspect the package	2026-10-05T18:00:47.6948846Z (pass) counts line proofs the audit verdict from durable state only [0.27ms]
publish	Test and inspect the package	2026-10-05T18:00:47.6949582Z (pass) buildApprovalChatLines stays backward compatible without counts [0.12ms]
publish	Test and inspect the package	2026-10-05T18:00:47.6960060Z (pass) v0.38.37 posted summary carries verifiable-result bullets plus the deliberate non-do [0.98ms]
publish	Test and inspect the package	2026-10-05T18:00:47.7040892Z (pass) idle-persisted render replays once on the next live contact [8.09ms]
publish	Test and inspect the package	2026-10-05T18:00:47.7058107Z (pass) render with confirmed delivery never replays [1.70ms]
publish	Test and inspect the package	2026-10-05T18:00:47.7061701Z (pass) corrupt store degrades to zero replays, never throws [0.34ms]
publish	Test and inspect the package	2026-10-05T18:00:47.7065676Z (pass) v0.38.39 chat brief strips machine paths but the archive keeps them [0.41ms]
publish	Test and inspect the package	2026-10-05T18:00:47.7066142Z (pass) v0.38.39 clause cut respects +-joined lists [0.10ms]
publish	Test and inspect the package	2026-10-05T18:00:47.7099698Z (pass) second approval for the same goal after delivery queues a fresh render [3.30ms]
publish	Test and inspect the package	2026-10-05T18:00:47.7101881Z (pass) error-only audit history renders an honest archive banner with no review row [0.24ms]
publish	Test and inspect the package	2026-10-05T18:00:47.7136846Z (pass) unreadable outbox refuses enqueue without replacing an earlier pending render [3.46ms]
publish	Test and inspect the package	2026-10-05T18:00:47.7174709Z (pass) malformed and partially invalid stores preserve bytes and refuse mutations [3.76ms]
publish	Test and inspect the package	2026-10-05T18:00:47.7207299Z (pass) delivery callback enqueue survives acknowledgement and replays on next contact [3.27ms]
publish	Test and inspect the package	2026-10-05T18:00:47.7240218Z (pass) nested replay neither repeats the in-flight render nor restores acknowledged entries [3.26ms]
publish	Test and inspect the package	2026-10-05T18:00:47.7405192Z (pass) refusal rotation preserves callback enqueues and makes them reachable next contact [16.48ms]
publish	Test and inspect the package	2026-10-05T18:00:47.7405487Z 
publish	Test and inspect the package	2026-10-05T18:00:47.7405876Z ##[endgroup]
publish	Test and inspect the package	2026-10-05T18:00:47.7408473Z 
publish	Test and inspect the package	2026-10-05T18:00:47.7408746Z ##[group]tests/goal-timeline.test.ts:
publish	Test and inspect the package	2026-10-05T18:00:47.8778789Z (pass) timeline: routes as a goal subcommand with optional count [0.33ms]
publish	Test and inspect the package	2026-10-05T18:00:47.8779817Z (pass) timeline: merges ledger events and verdicts in time order, humanized [1.02ms]
publish	Test and inspect the package	2026-10-05T18:00:47.8780405Z (pass) timeline: unknown types render compactly, noise and foreign goals excluded [0.21ms]
publish	Test and inspect the package	2026-10-05T18:00:47.8780912Z (pass) timeline: honors the limit with a truncation note [0.10ms]
publish	Test and inspect the package	2026-10-05T18:00:47.8781336Z (pass) timeline: next action derives from live state [0.27ms]
publish	Test and inspect the package	2026-10-05T18:00:48.0272733Z (pass) timeline: /goal timeline renders the live goal end to end [150.36ms]
publish	Test and inspect the package	2026-10-05T18:00:48.0273108Z 
publish	Test and inspect the package	2026-10-05T18:00:48.0273492Z ##[endgroup]
publish	Test and inspect the package	2026-10-05T18:00:48.0273990Z 
publish	Test and inspect the package	2026-10-05T18:00:48.0274279Z ##[group]tests/list-invisible-restart.test.ts:
publish	Test and inspect the package	2026-10-05T18:00:48.3536829Z (pass) v0.35.21: session_start converges a disk-sidecar queue the state ledger lost, and the widget renders it [187.67ms]
publish	Test and inspect the package	2026-10-05T18:00:48.5283337Z (pass) v0.35.61: a waiting-only queue is visible and startable without a reload [174.51ms]
publish	Test and inspect the package	2026-10-05T18:00:48.6931031Z (pass) v0.35.61: silent host replacement rehydrates a sidecar-only waiting queue before repaint [164.50ms]
publish	Test and inspect the package	2026-10-05T18:00:48.8516355Z (pass) v0.35.72: a newer known sidecar reconciles the in-memory queue item [158.95ms]
publish	Test and inspect the package	2026-10-05T18:00:49.0088373Z (pass) v0.35.72: activation refuses when the durable sidecar cannot be removed [157.07ms]
publish	Test and inspect the package	2026-10-05T18:00:49.1662968Z (pass) v0.35.21: convergence is idempotent — an item present in BOTH state and sidecar is not duplicated [157.41ms]
publish	Test and inspect the package	2026-10-05T18:00:49.1663430Z 
publish	Test and inspect the package	2026-10-05T18:00:49.1663799Z ##[endgroup]
publish	Test and inspect the package	2026-10-05T18:00:49.1665878Z 
publish	Test and inspect the package	2026-10-05T18:00:49.1666177Z ##[group]tests/no-provider-smoke.test.mjs:
publish	Test and inspect the package	2026-10-05T18:00:49.6578944Z (pass) GLLA loads without the optional pi-subagents provider [352.66ms]
publish	Test and inspect the package	2026-10-05T18:00:49.6579344Z 
publish	Test and inspect the package	2026-10-05T18:00:49.6580001Z ##[endgroup]
publish	Test and inspect the package	2026-10-05T18:00:49.6580966Z 
publish	Test and inspect the package	2026-10-05T18:00:49.6581298Z ##[group]tests/context-overflow-recovery.test.ts:
publish	Test and inspect the package	2026-10-05T18:00:49.7959479Z (pass) v0.34.116: classifyMainModelFailure accepts an isContextOverflow override [0.19ms]
publish	Test and inspect the package	2026-10-05T18:00:49.7960574Z (pass) v0.34.116: context-overflow override routes to a context-overflow kind, not non-recoverable [0.07ms]
publish	Test and inspect the package	2026-10-05T18:00:49.7964397Z (pass) v0.34.116: helper isContextOverflowError covers the same surface as the legacy non-recoverable regex [0.06ms]
publish	Test and inspect the package	2026-10-05T18:00:49.7965410Z (pass) v0.34.116: recoverFromContextOverflow is exported and routes through tryMainModelFallback [0.11ms]
publish	Test and inspect the package	2026-10-05T18:00:49.7966276Z (pass) v0.34.116: observeCompactFailure is the one-liner surface (notify + ledger) [0.09ms]
publish	Test and inspect the package	2026-10-05T18:00:49.7967130Z (pass) v0.34.116: tryMainModelFallback opens context-overflow (it is the only rotation kind beyond provider failures) [0.08ms]
publish	Test and inspect the package	2026-10-05T18:00:49.7968136Z (pass) v0.34.116: agent_end context-starved branch detects recent compaction and walks the chain [0.53ms]
publish	Test and inspect the package	2026-10-05T18:00:49.7968568Z 
publish	Test and inspect the package	2026-10-05T18:00:49.7969036Z ##[endgroup]
publish	Test and inspect the package	2026-10-05T18:00:49.8012891Z 
publish	Test and inspect the package	2026-10-05T18:00:49.8013470Z ##[group]tests/completion-communication.test.ts:
publish	Test and inspect the package	2026-10-05T18:00:51.0659919Z (pass) pending is nonterminal; approval delivers durable concrete summary (idle=true) [1132.00ms]
publish	Test and inspect the package	2026-10-05T18:00:52.1018851Z (pass) pending is nonterminal; approval delivers durable concrete summary (idle=false) [1035.87ms]
publish	Test and inspect the package	2026-10-05T18:00:53.1716532Z (pass) complete_goal leftOut renders the deliberate-non-do bullet end to end [1069.81ms]
publish	Test and inspect the package	2026-10-05T18:00:54.3129110Z (pass) complete_goal findingGroups ride the claim into the grouped terminal render [1141.09ms]
publish	Test and inspect the package	2026-10-05T18:00:55.1258537Z (pass) disapproval remains unfinished, no final success is posted [813.07ms]
publish	Test and inspect the package	2026-10-05T18:00:56.6279516Z (pass) archive write failure never emits a terminal success [1502.07ms]
publish	Test and inspect the package	2026-10-05T18:01:12.6489848Z (pass) approval summary does not replace independent next-item continuation [16020.96ms]
publish	Test and inspect the package	2026-10-05T18:01:12.9506661Z [run-tests] progress: 30s elapsed · 0s since last output · 6 KiB of suite output
publish	Test and inspect the package	2026-10-05T18:01:13.7752988Z (pass) outbox write failure warns without claiming summary delivery [1126.31ms]
publish	Test and inspect the package	2026-10-05T18:01:13.7753297Z 
publish	Test and inspect the package	2026-10-05T18:01:13.7753603Z ##[endgroup]
publish	Test and inspect the package	2026-10-05T18:01:13.7755825Z 
publish	Test and inspect the package	2026-10-05T18:01:13.7756140Z ##[group]tests/stale-api-terminal.test.ts:
publish	Test and inspect the package	2026-10-05T18:01:13.9429330Z (pass) isStaleApiError matches pi's exact stale signature, rejects everything else [0.67ms]
publish	Test and inspect the package	2026-10-05T18:01:13.9478817Z (pass) both autonomous send paths detect staleness and auto-recover before terminal [0.36ms]
publish	Test and inspect the package	2026-10-05T18:01:13.9508951Z (pass) terminal path: ledger event, single-fire, goal ACTIVE+marker / loop stop with restart guidance [0.44ms]
publish	Test and inspect the package	2026-10-05T18:01:13.9522929Z (pass) v0.29.11 — heartbeat PROBES staleness before burning stall refires [0.23ms]
publish	Test and inspect the package	2026-10-05T18:01:13.9524295Z (pass) v0.30.0 — rebind-first survival: session_shutdown attribution, session_start rebind, zombie stand-down [1.78ms]
publish	Test and inspect the package	2026-10-05T18:01:13.9538898Z (pass) v0.35.72: pause and low-level activity cannot settle unrelated automatic dispatches [0.17ms]
publish	Test and inspect the package	2026-10-05T18:01:13.9550005Z (pass) v0.29.11 — stale/stall-stopped loops HOLD on next load (resume, not restart-from-scratch) [1.12ms]
publish	Test and inspect the package	2026-10-05T18:01:13.9551154Z (pass) v0.29.12 — /glla resume is stale-aware (the zombie must not say 'Nothing to resume') [0.28ms]
publish	Test and inspect the package	2026-10-05T18:01:13.9551913Z (pass) v0.34.16 — lifecycle handoff replaces terminal keystroke recovery [1.02ms]
publish	Test and inspect the package	2026-10-05T18:01:13.9552655Z (pass) v0.34.16 — lifecycle recovery has no multiplexer dependency [1.06ms]
publish	Test and inspect the package	2026-10-05T18:01:13.9553285Z (pass) v0.34.16 — stale paths never inject terminal input [0.91ms]
publish	Test and inspect the package	2026-10-05T18:01:13.9553888Z (pass) send paths short-circuit once stale (no retry-into-the-void) [0.07ms]
publish	Test and inspect the package	2026-10-05T18:01:13.9554551Z (pass) only an admitted host session claims the API and resets session state [0.37ms]
publish	Test and inspect the package	2026-10-05T18:01:13.9555314Z (pass) v0.32.0: audit-opportunistic fix batch — dispose, keys, caps, message [4.22ms]
publish	Test and inspect the package	2026-10-05T18:01:13.9556036Z (pass) v0.34.94: heartbeat only self-heals when the API and context are fresh [0.36ms]
publish	Test and inspect the package	2026-10-05T18:01:13.9556831Z (pass) v0.38.104: the preserved heartbeat releases its handle and re-arms across a generation bump [0.12ms]
publish	Test and inspect the package	2026-10-05T18:01:13.9557346Z 
publish	Test and inspect the package	2026-10-05T18:01:13.9557843Z ##[endgroup]
publish	Test and inspect the package	2026-10-05T18:01:13.9558224Z 
publish	Test and inspect the package	2026-10-05T18:01:13.9558596Z ##[group]tests/glla-status-ux.test.ts:
publish	Test and inspect the package	2026-10-05T18:01:14.5272376Z (pass) v0.35.15: auditing footer carries a distinct phase glyph AND an activity meter element for every auditor phase [0.60ms]
publish	Test and inspect the package	2026-10-05T18:01:14.5273265Z (pass) v0.35.15: activity meter drains as worker silence grows (full at fresh, empty past the quiet threshold) [0.14ms]
publish	Test and inspect the package	2026-10-05T18:01:14.5275723Z (pass) v0.35.15: ⏸ supervisor chip leads the footer in every lifecycle branch when paused [0.31ms]
publish	Test and inspect the package	2026-10-05T18:01:14.5281950Z (pass) v0.35.15: a recently ended quiet stretch shows 'silent Xm then resumed' in the widget; stale stretches stay hidden [0.70ms]
publish	Test and inspect the package	2026-10-05T18:01:14.5293526Z (pass) v0.35.15: quiet watcher notifies EXACTLY ONCE on entering the quiet phase, records the stretch on resume [1.18ms]
publish	Test and inspect the package	2026-10-05T18:01:14.5298789Z (pass) v0.35.15: quiet watcher stays silent while the supervisor is paused (it IS automatic machinery) [0.51ms]
publish	Test and inspect the package	2026-10-05T18:01:14.6531407Z (pass) v0.35.15: every automatic dispatch point gates on supervisorPaused [122.30ms]
publish	Test and inspect the package	2026-10-05T18:01:15.1306480Z (pass) v0.35.15: /glla pause persists a durable flag, leaves the active goal untouched, and survives a disk reload [478.19ms]
publish	Test and inspect the package	2026-10-05T18:01:15.4461603Z (pass) v0.35.15: /glla resume clears the freeze, reports the frozen duration, and never lies 'Nothing to resume' [315.53ms]
publish	Test and inspect the package	2026-10-05T18:01:15.4469268Z (pass) v0.38.104: the working-card tool argument is cut cell-aware, never mid-surrogate [0.88ms]
publish	Test and inspect the package	2026-10-05T18:01:15.4469539Z 
publish	Test and inspect the package	2026-10-05T18:01:15.4470121Z ##[endgroup]
publish	Test and inspect the package	2026-10-05T18:01:15.4478108Z 
publish	Test and inspect the package	2026-10-05T18:01:15.4478766Z ##[group]tests/audit-tier-record.test.ts:
publish	Test and inspect the package	2026-10-05T18:01:16.0250553Z (pass) tier-record: a small quiet claim audits light and records the tier [416.76ms]
publish	Test and inspect the package	2026-10-05T18:01:16.4161498Z (pass) tier-record: spot-check rate 1 forces full and marks the verdict [391.10ms]
publish	Test and inspect the package	2026-10-05T18:01:16.8192588Z (pass) tier-record: complete_goal requestFullAudit escalates one claim [403.06ms]
publish	Test and inspect the package	2026-10-05T18:01:16.9719777Z (pass) tier-record: draft consent sets fullAudit, shows the notice, ledgers consent [151.24ms]
publish	Test and inspect the package	2026-10-05T18:01:17.1207011Z (pass) tier-record: batch drafts refuse fullAudit instead of dropping it [148.24ms]
publish	Test and inspect the package	2026-10-05T18:01:17.2568983Z (pass) tier-record: single list drafts refuse fullAudit instead of dropping it [137.89ms]
publish	Test and inspect the package	2026-10-05T18:01:17.2581151Z 
publish	Test and inspect the package	2026-10-05T18:01:17.2582510Z ##[endgroup]
publish	Test and inspect the package	2026-10-05T18:01:17.2582810Z 
publish	Test and inspect the package	2026-10-05T18:01:17.2583238Z ##[group]tests/stats-challenges.test.ts:
publish	Test and inspect the package	2026-10-05T18:01:17.4164340Z (pass) challenges: confirmed/flipped/skipped counts over all verdicts, legacy ignored [0.93ms]
publish	Test and inspect the package	2026-10-05T18:01:17.4165714Z (pass) challenges: empty ledgers zero out, flip rate renders em-dash without challenged runs [0.35ms]
publish	Test and inspect the package	2026-10-05T18:01:17.4166724Z (pass) challenges: table and JSON formats mirror the schema [0.26ms]
publish	Test and inspect the package	2026-10-05T18:01:17.4167385Z (pass) challenges: light-tier verdicts and spot-check flips count separately [0.18ms]
publish	Test and inspect the package	2026-10-05T18:01:17.4167672Z 
publish	Test and inspect the package	2026-10-05T18:01:17.4168183Z ##[endgroup]
publish	Test and inspect the package	2026-10-05T18:01:17.4170269Z 
publish	Test and inspect the package	2026-10-05T18:01:17.4170651Z ##[group]tests/auditor-stderr-diagnostic.test.ts:
publish	Test and inspect the package	2026-10-05T18:01:17.5614665Z (pass) a lone BEL flush contributes nothing (field bug: 90+ errors recorded only BEL) [0.23ms]
publish	Test and inspect the package	2026-10-05T18:01:17.5658608Z (pass) stderr chunks accumulate in order [0.09ms]
publish	Test and inspect the package	2026-10-05T18:01:17.5664704Z (pass) OSC sequences and control bytes are stripped, printable text kept [0.06ms]
publish	Test and inspect the package	2026-10-05T18:01:17.5688407Z (pass) tab, LF, and CR survive; other C0 controls do not [0.03ms]
publish	Test and inspect the package	2026-10-05T18:01:17.5724568Z (pass) accumulation is bounded, keeping the tail [0.67ms]
publish	Test and inspect the package	2026-10-05T18:01:17.5748088Z 
publish	Test and inspect the package	2026-10-05T18:01:17.5748570Z ##[endgroup]
publish	Test and inspect the package	2026-10-05T18:01:17.5748690Z 
publish	Test and inspect the package	2026-10-05T18:01:17.5748975Z ##[group]tests/glla-table-menu.test.ts:
publish	Test and inspect the package	2026-10-05T18:01:17.7369328Z (pass) render: title row [4.08ms]
publish	Test and inspect the package	2026-10-05T18:01:17.7369937Z (pass) grouped entry points can open a specific settings section [0.56ms]
publish	Test and inspect the package	2026-10-05T18:01:17.7370411Z (pass) render: tabs row lists all 8 sections [0.56ms]
publish	Test and inspect the package	2026-10-05T18:01:17.7374358Z (pass) main agent tab starts with the current agent and drills in [0.57ms]
publish	Test and inspect the package	2026-10-05T18:01:17.7378340Z (pass) render: at width=120, the keep-going section renders its rows (v0.28.23: +decisionPopup) [0.38ms]
publish	Test and inspect the package	2026-10-05T18:01:17.7384126Z (pass) render: active row uses a full-width selected background [0.61ms]
publish	Test and inspect the package	2026-10-05T18:01:17.7387750Z (pass) render: compact header row has KEY, VALUE, SOURCE columns [0.36ms]
publish	Test and inspect the package	2026-10-05T18:01:17.7390986Z (pass) render: compact mode never exceeds terminal width even with a long VALUE in another section [0.33ms]
publish	Test and inspect the package	2026-10-05T18:01:17.7394182Z (pass) render: footer pin includes the optional details toggle [0.32ms]
publish	Test and inspect the package	2026-10-05T18:01:17.7394833Z (pass) nav: Enter on the first row emits that row's id [0.08ms]
publish	Test and inspect the package	2026-10-05T18:01:17.7395922Z (pass) nav: Down arrow moves to the next visible row [0.09ms]
publish	Test and inspect the package	2026-10-05T18:01:17.7400212Z (pass) nav: Down wrapping at the end of a section wraps to 0 [0.10ms]
publish	Test and inspect the package	2026-10-05T18:01:17.7400604Z (pass) nav: Esc emits undefined (close) [0.05ms]
publish	Test and inspect the package	2026-10-05T18:01:17.7400870Z (pass) nav: Tab advances to the next section [0.05ms]
publish	Test and inspect the package	2026-10-05T18:01:17.7401134Z (pass) nav: Back-tab (\x1b[Z) retreats to the previous section [0.04ms]
publish	Test and inspect the package	2026-10-05T18:01:17.7401416Z (pass) nav: Right-arrow CSI sequence (\x1b[C) advances section [0.04ms]
publish	Test and inspect the package	2026-10-05T18:01:17.7401695Z (pass) nav: Left-arrow CSI sequence (\x1b[D) retreats section [0.02ms]
publish	Test and inspect the package	2026-10-05T18:01:17.7412612Z (pass) details toggle: narrow descriptions are readable in a wrapped pane [1.18ms]
publish	Test and inspect the package	2026-10-05T18:01:17.7421628Z (pass) details toggle: at width=120 the description column shows most of the row text [0.97ms]
publish	Test and inspect the package	2026-10-05T18:01:17.7427139Z (pass) cache: identical renders at the same width return the same array reference [0.38ms]
publish	Test and inspect the package	2026-10-05T18:01:17.7434321Z (pass) cache: state change invalidates cache (move → next render produces new lines) [0.83ms]
publish	Test and inspect the package	2026-10-05T18:01:17.7439912Z (pass) compact view expands VALUE so model + thinking are visible [0.63ms]
publish	Test and inspect the package	2026-10-05T18:01:17.7440690Z (pass) structural: Class implements Component (has render + invalidate + handleInput) [0.04ms]
publish	Test and inspect the package	2026-10-05T18:01:17.7443190Z (pass) structural: buildSettingsRows returns ≥20 rows across all 8 sections (coverage) [0.26ms]
publish	Test and inspect the package	2026-10-05T18:01:17.7447556Z (pass) render: tab bar is color-only (v0.28.19: brackets dropped), all sections present [0.44ms]
publish	Test and inspect the package	2026-10-05T18:01:17.7455403Z (pass) render: a header rule with ┼ junctions follows the header row [0.75ms]
publish	Test and inspect the package	2026-10-05T18:01:17.7460222Z (pass) render: column separators align across header, rule, and every row (prefix counted) [0.51ms]
publish	Test and inspect the package	2026-10-05T18:01:17.7464730Z (pass) render: a too-long VALUE is truncated with … — it must NOT break the grid [0.40ms]
publish	Test and inspect the package	2026-10-05T18:01:17.7477151Z (pass) render: column widths are stable across tab switches (no grid reflow) [1.27ms]
publish	Test and inspect the package	2026-10-05T18:01:17.7477604Z 
publish	Test and inspect the package	2026-10-05T18:01:17.7478324Z ##[endgroup]
publish	Test and inspect the package	2026-10-05T18:01:17.7480858Z 
publish	Test and inspect the package	2026-10-05T18:01:17.7481159Z ##[group]tests/overdue-backstop.test.ts:
publish	Test and inspect the package	2026-10-05T18:01:18.2928257Z (pass) S9 (continuation route): overdue agent wait resumes exactly once — park-clear lands, then latch + ledger [399.35ms]
publish	Test and inspect the package	2026-10-05T18:01:18.6682570Z (pass) S9 (probe route): probe no-op releases the overdue latch so the next tick retries [375.49ms]
publish	Test and inspect the package	2026-10-05T18:01:19.0455468Z (pass) S9: failed durable resume leaves the wait retriable on the next heartbeat [377.29ms]
publish	Test and inspect the package	2026-10-05T18:01:19.0455751Z 
publish	Test and inspect the package	2026-10-05T18:01:19.0456050Z ##[endgroup]
publish	Test and inspect the package	2026-10-05T18:01:19.0458018Z 
publish	Test and inspect the package	2026-10-05T18:01:19.0458242Z ##[group]tests/glla-update-check.test.ts:
publish	Test and inspect the package	2026-10-05T18:01:19.2094393Z (pass) compareVersions orders semver-ish strings and shrugs at garbage [0.22ms]
publish	Test and inspect the package	2026-10-05T18:01:19.2095095Z (pass) staleUpdateNudge fires only when the cache proves the registry is ahead [0.06ms]
publish	Test and inspect the package	2026-10-05T18:01:19.2095792Z (pass) buildVersionTail always names the running version, nudges only when stale [0.04ms]
publish	Test and inspect the package	2026-10-05T18:01:19.2096292Z (pass) readUpdateCheck returns null for missing, malformed, and future-dated caches [0.61ms]
publish	Test and inspect the package	2026-10-05T18:01:19.2096635Z (pass) refreshUpdateCheck skips spawn while the cache is within TTL [0.21ms]
publish	Test and inspect the package	2026-10-05T18:01:19.2097091Z (pass) refreshUpdateCheck shells npm view when stale and caches the latest [0.47ms]
publish	Test and inspect the package	2026-10-05T18:01:19.2097677Z (pass) refreshUpdateCheck never throws and never writes on registry failure [0.36ms]
publish	Test and inspect the package	2026-10-05T18:01:19.2098392Z (pass) async spawn error is swallowed, never crashes, never writes [0.26ms]
publish	Test and inspect the package	2026-10-05T18:01:19.2098875Z (pass) non-version npm stdout never poisons the sidecar [0.23ms]
publish	Test and inspect the package	2026-10-05T18:01:19.2161301Z (pass) future-dated cache suppresses the spawn instead of causing one per contact [6.76ms]
publish	Test and inspect the package	2026-10-05T18:01:19.2161570Z 
publish	Test and inspect the package	2026-10-05T18:01:19.2161868Z ##[endgroup]
publish	Test and inspect the package	2026-10-05T18:01:19.2164015Z 
publish	Test and inspect the package	2026-10-05T18:01:19.2164223Z ##[group]tests/quota-sleep-until-reset.test.ts:
publish	Test and inspect the package	2026-10-05T18:01:19.3681384Z (pass) quota sleep-until-reset: explicit upstream hint sleeps to reset, on the FIRST attempt too (v0.38.104) [1.51ms]
publish	Test and inspect the package	2026-10-05T18:01:19.3686047Z (pass) quota sleep-until-reset: hint never widens the 5h envelope [0.04ms]
publish	Test and inspect the package	2026-10-05T18:01:19.3687642Z (pass) quota sleep-until-reset: hintless quota failures keep the blind ladder [0.25ms]
publish	Test and inspect the package	2026-10-05T18:01:19.3690117Z (pass) quota sleep-until-reset: non-quota signals ignore hints [0.17ms]
publish	Test and inspect the package	2026-10-05T18:01:19.3690727Z 
publish	Test and inspect the package	2026-10-05T18:01:19.3693504Z ##[endgroup]
publish	Test and inspect the package	2026-10-05T18:01:19.3694883Z 
publish	Test and inspect the package	2026-10-05T18:01:19.3695358Z ##[group]tests/model-selector-parity.test.ts:
publish	Test and inspect the package	2026-10-05T18:01:19.5216172Z (pass) model selector parity — fallback set and ordering > subagent-like raw chains are normalized like main (cap 10, case-insensitive dedup, order retained) [0.20ms]
publish	Test and inspect the package	2026-10-05T18:01:19.5239348Z (pass) model selector parity — fallback set and ordering > selectors share fallback ordering and forbidden/unregistered walk [0.30ms]
publish	Test and inspect the package	2026-10-05T18:01:19.5268487Z 
publish	Test and inspect the package	2026-10-05T18:01:19.5298705Z ##[endgroup]
publish	Test and inspect the package	2026-10-05T18:01:19.5299213Z 
publish	Test and inspect the package	2026-10-05T18:01:19.5328796Z ##[group]tests/list-audit-state-root.test.ts:
publish	Test and inspect the package	2026-10-05T18:01:19.7279315Z (pass) list-audit fan-out reads findings from the configured sessionDir root [14.84ms]
publish	Test and inspect the package	2026-10-05T18:01:19.7279729Z 
publish	Test and inspect the package	2026-10-05T18:01:19.7280101Z ##[endgroup]
publish	Test and inspect the package	2026-10-05T18:01:19.7284874Z 
publish	Test and inspect the package	2026-10-05T18:01:19.7286026Z ##[group]tests/subagent-session-ledger.test.ts:
publish	Test and inspect the package	2026-10-05T18:01:20.2059542Z (pass) guard: a spawn observed before any session binds writes nothing [319.69ms]
publish	Test and inspect the package	2026-10-05T18:01:20.5209304Z (pass) Agent-tool spawn appends subagent_session (id + summary) to the ledger [315.00ms]
publish	Test and inspect the package	2026-10-05T18:01:21.1420920Z (pass) the reference survives a restart: the ledger entry persists across a /reload [621.13ms]
publish	Test and inspect the package	2026-10-05T18:01:21.4512973Z (pass) every spawn appends — re-observation of an id (resume/re-run) adds fresh evidence [309.14ms]
publish	Test and inspect the package	2026-10-05T18:01:21.7599087Z (pass) malformed payloads are dropped, not crashy [308.62ms]
publish	Test and inspect the package	2026-10-05T18:01:21.7599331Z 
publish	Test and inspect the package	2026-10-05T18:01:21.7599945Z ##[endgroup]
publish	Test and inspect the package	2026-10-05T18:01:21.7601853Z 
publish	Test and inspect the package	2026-10-05T18:01:21.7602133Z ##[group]tests/prompt-daemon-investigation.test.ts:
publish	Test and inspect the package	2026-10-05T18:01:21.9196016Z (pass) continuation prompt has the DETACHED COMMIT DETECTION section (item 30) [0.31ms]
publish	Test and inspect the package	2026-10-05T18:01:21.9196973Z (pass) daemon guidance includes the filter-branch inspection command [0.04ms]
publish	Test and inspect the package	2026-10-05T18:01:21.9197454Z 
publish	Test and inspect the package	2026-10-05T18:01:21.9198071Z ##[endgroup]
publish	Test and inspect the package	2026-10-05T18:01:21.9198368Z 
publish	Test and inspect the package	2026-10-05T18:01:21.9198737Z ##[group]tests/loop-pause.test.ts:
publish	Test and inspect the package	2026-10-05T18:01:22.0870807Z (pass) v0.38.27: /loop pause is routed in cmdLoop and clears the tick [7.54ms]
publish	Test and inspect the package	2026-10-05T18:01:22.0871557Z (pass) v0.38.27: /loop pause is registered in the help completions [0.11ms]
publish	Test and inspect the package	2026-10-05T18:01:22.0872182Z (pass) v0.38.27: RESUMABLE_STOP matches the pause stopReason so /loop resume picks it up [0.03ms]
publish	Test and inspect the package	2026-10-05T18:01:22.0872576Z 
publish	Test and inspect the package	2026-10-05T18:01:22.0873191Z ##[endgroup]
publish	Test and inspect the package	2026-10-05T18:01:22.0874441Z 
publish	Test and inspect the package	2026-10-05T18:01:22.0874713Z ##[group]tests/list-stale-context.test.ts:
publish	Test and inspect the package	2026-10-05T18:01:22.5581296Z (pass) v0.34.51: /list add on a stale handle is refused — honest recovery result, zero state mutation [324.98ms]
publish	Test and inspect the package	2026-10-05T18:01:22.9233320Z (pass) v0.34.51: /list remove, clear, cancel, next, tweak, pause, resume are all refused on a stale handle [365.18ms]
publish	Test and inspect the package	2026-10-05T18:01:23.2306697Z (pass) v0.34.51: the natural-language dump fallthrough is refused on a stale handle — drafting never starts [307.32ms]
publish	Test and inspect the package	2026-10-05T18:01:23.5528348Z (pass) v0.34.51: /list show and /list depth stay usable on a stale handle (inspect, don't mutate) [322.15ms]
publish	Test and inspect the package	2026-10-05T18:01:24.1768194Z (pass) v0.34.51: the honest recovery result — the refreshed session owns the command and the add lands [623.90ms]
publish	Test and inspect the package	2026-10-05T18:01:24.3344138Z (pass) v0.34.51: list_add and list_activate tools return the stale-context recovery result without mutating [156.72ms]
publish	Test and inspect the package	2026-10-05T18:01:24.3349206Z (pass) v0.34.51: source — cmdList captures the entry probe and gates every mutating path [0.96ms]
publish	Test and inspect the package	2026-10-05T18:01:24.3349663Z 
publish	Test and inspect the package	2026-10-05T18:01:24.3350123Z ##[endgroup]
publish	Test and inspect the package	2026-10-05T18:01:24.3350329Z 
publish	Test and inspect the package	2026-10-05T18:01:24.3350681Z ##[group]tests/contract-text-semantics.test.ts:
publish	Test and inspect the package	2026-10-05T18:01:24.5964899Z (pass) parser: supplied clause yields replacement data [66.89ms]
publish	Test and inspect the package	2026-10-05T18:01:24.5965491Z (pass) parser: omitted clause yields no contract and no clear signal [6.83ms]
publish	Test and inspect the package	2026-10-05T18:01:24.5965957Z (pass) parser: bare line-marker is an explicit clear [0.10ms]
publish	Test and inspect the package	2026-10-05T18:01:24.5966490Z (pass) parser: bare inline marker is an explicit clear and is stripped from the objective [0.09ms]
publish	Test and inspect the package	2026-10-05T18:01:24.5967085Z (pass) parser: bare marker followed by content still captures the contract block [0.06ms]
publish	Test and inspect the package	2026-10-05T18:01:24.8809837Z (pass) goal tweak: supplied clause replaces the stored contract [289.01ms]
publish	Test and inspect the package	2026-10-05T18:01:25.0445514Z (pass) goal tweak: omitted clause preserves the stored contract [162.33ms]
publish	Test and inspect the package	2026-10-05T18:01:25.2061917Z (pass) goal tweak: bare 'Done when:' clears the stored contract [161.42ms]
publish	Test and inspect the package	2026-10-05T18:01:25.3937166Z (pass) list tweak: supplied clause replaces the stored contract [188.85ms]
publish	Test and inspect the package	2026-10-05T18:01:25.5643019Z (pass) list tweak: omitted clause preserves the stored contract [169.76ms]
publish	Test and inspect the package	2026-10-05T18:01:25.7332234Z (pass) list tweak: bare 'Done when:' clears the stored contract [168.99ms]
publish	Test and inspect the package	2026-10-05T18:01:25.7359046Z 
publish	Test and inspect the package	2026-10-05T18:01:25.7361473Z ##[endgroup]
publish	Test and inspect the package	2026-10-05T18:01:25.7371430Z 
publish	Test and inspect the package	2026-10-05T18:01:25.7371830Z ##[group]tests/compaction-settled-boundary.test.ts:
publish	Test and inspect the package	2026-10-05T18:01:26.0666685Z (pass) idle loop dispatch checks the threshold without agent_settled (failure=false) [177.50ms]
publish	Test and inspect the package	2026-10-05T18:01:26.2339671Z (pass) idle loop dispatch checks the threshold without agent_settled (failure=true) [166.88ms]
publish	Test and inspect the package	2026-10-05T18:01:26.2459420Z (pass) settled and idle-send compaction preserve paused [9.94ms]
publish	Test and inspect the package	2026-10-05T18:01:26.2637269Z (pass) settled and idle-send compaction preserve auditing [20.15ms]
publish	Test and inspect the package	2026-10-05T18:01:26.2889522Z (pass) settled and idle-send compaction preserve frozen [21.77ms]
publish	Test and inspect the package	2026-10-05T18:01:26.3069387Z (pass) settled and idle-send compaction preserve aborted [17.58ms]
publish	Test and inspect the package	2026-10-05T18:01:26.4647779Z (pass) idle list advancement checks compaction before dispatching the next task [156.83ms]
publish	Test and inspect the package	2026-10-05T18:01:26.9256603Z (pass) busy agent_end defers the 200k trigger to agent_settled, then work resumes after compaction [454.60ms]
publish	Test and inspect the package	2026-10-05T18:01:26.9268391Z 
publish	Test and inspect the package	2026-10-05T18:01:26.9289785Z ##[endgroup]
publish	Test and inspect the package	2026-10-05T18:01:26.9290091Z 
publish	Test and inspect the package	2026-10-05T18:01:26.9290757Z ##[group]tests/confirm-draft.test.ts:
publish	Test and inspect the package	2026-10-05T18:01:27.0805161Z (pass) buildConfirmDraftMarkdown: title is the H1, body follows [0.21ms]
publish	Test and inspect the package	2026-10-05T18:01:27.0923590Z (pass) ConfirmDraftComponent renders the title, body, and all three choices [13.06ms]
publish	Test and inspect the package	2026-10-05T18:01:27.0939458Z (pass) ConfirmDraftComponent: first choice selected, no-throw on input/invalidate [1.49ms]
publish	Test and inspect the package	2026-10-05T18:01:27.2572808Z (pass) custom path: Yes accepts the draft and the dialog is captured [163.16ms]
publish	Test and inspect the package	2026-10-05T18:01:27.4179102Z (pass) custom path: No rejects the draft [160.29ms]
publish	Test and inspect the package	2026-10-05T18:01:27.5835914Z (pass) custom path: a stale error returns stale (NOT-a-rejection) [165.73ms]
publish	Test and inspect the package	2026-10-05T18:01:27.7570443Z (pass) fallback: no custom shard → plain select path still accepts (Yes) [172.31ms]
publish	Test and inspect the package	2026-10-05T18:01:27.9243828Z (pass) fallback: a stale select error still returns stale [167.33ms]
publish	Test and inspect the package	2026-10-05T18:01:28.1071874Z (pass) list batch confirmation resolves paused carryover before activating the head [182.77ms]
publish	Test and inspect the package	2026-10-05T18:01:28.2735404Z (pass) RPC stub (custom present, factory never invoked): the select fallback fires and accepts [166.28ms]
publish	Test and inspect the package	2026-10-05T18:01:28.4429041Z (pass) v0.34.82: the custom-path factory is INVOKED and returns a ConfirmDraftComponent that renders the body + all three choices [170.18ms]
publish	Test and inspect the package	2026-10-05T18:01:28.6129427Z (pass) RPC stub: a select 'No' still declines, and a stale select error returns stale [165.86ms]
publish	Test and inspect the package	2026-10-05T18:01:28.6129985Z 
publish	Test and inspect the package	2026-10-05T18:01:28.6130493Z ##[endgroup]
publish	Test and inspect the package	2026-10-05T18:01:28.6130630Z 
publish	Test and inspect the package	2026-10-05T18:01:28.6131028Z ##[group]tests/respec-builder-ui.test.ts:
publish	Test and inspect the package	2026-10-05T18:01:28.7649013Z (pass) live telemetry is claim-fenced and missing telemetry never implies a running worker [2.34ms]
publish	Test and inspect the package	2026-10-05T18:01:28.7650312Z (pass) completion summary requires proof and includes acceptance, shipped capability and evidence [0.65ms]
publish	Test and inspect the package	2026-10-05T18:01:28.7971448Z (pass) actual project summaries render semantic headings, bold and no italics in both themes [32.30ms]
publish	Test and inspect the package	2026-10-05T18:01:28.8091664Z (pass) large project summaries stay within the shared receipt transport and disclose omissions [10.91ms]
publish	Test and inspect the package	2026-10-05T18:01:28.8092136Z 
publish	Test and inspect the package	2026-10-05T18:01:28.8092604Z ##[endgroup]
publish	Test and inspect the package	2026-10-05T18:01:28.8092725Z 
publish	Test and inspect the package	2026-10-05T18:01:28.8092996Z ##[group]tests/terminal-summary-delivery.test.ts:
publish	Test and inspect the package	2026-10-05T18:01:28.9601133Z (pass) visible summary persists without an LLM turn (idle=true) [1.10ms]
publish	Test and inspect the package	2026-10-05T18:01:28.9601567Z (pass) visible summary persists without an LLM turn (idle=false) [0.14ms]
publish	Test and inspect the package	2026-10-05T18:01:28.9602008Z (pass) branch-before-persist failure stays pending, suppresses duplicate, later persistence confirms [0.24ms]
publish	Test and inspect the package	2026-10-05T18:01:28.9602748Z (pass) no-file session never acknowledges but does not repeat the visible summary [0.08ms]
publish	Test and inspect the package	2026-10-05T18:01:28.9725733Z (pass) outbox survives failed delivery and restart; acknowledged render never replays [12.76ms]
publish	Test and inspect the package	2026-10-05T18:01:28.9743183Z (pass) failed outbox acknowledgement does not duplicate an existing persisted branch summary [1.90ms]
publish	Test and inspect the package	2026-10-05T18:01:28.9746523Z (pass) confirmation requires exact identity/content and complete JSONL, tolerates malformed tail [0.39ms]
publish	Test and inspect the package	2026-10-05T18:01:28.9786888Z (pass) bounded confirmation fails conservatively when receipt is outside tail [4.01ms]
publish	Test and inspect the package	2026-10-05T18:01:28.9885392Z (pass) maximum supported outbox receipt is acknowledged ("x") [9.82ms]
publish	Test and inspect the package	2026-10-05T18:01:29.0212264Z (pass) maximum supported outbox receipt is acknowledged ("😀") [32.47ms]
publish	Test and inspect the package	2026-10-05T18:01:29.0562395Z (pass) maximum supported outbox receipt is acknowledged ("\u0000") [35.00ms]
publish	Test and inspect the package	2026-10-05T18:01:29.0723597Z (pass) maximum supported outbox receipt is acknowledged ("\\") [16.22ms]
publish	Test and inspect the package	2026-10-05T18:01:29.0790293Z (pass) failed outbox acknowledgement write retries without resending the visible message [6.54ms]
publish	Test and inspect the package	2026-10-05T18:01:29.0995347Z (pass) current settlement is not starved by older unconfirmed renders [20.53ms]
publish	Test and inspect the package	2026-10-05T18:01:29.1118861Z (pass) persistently unconfirmed head rotates so a later render is attempted [12.45ms]
publish	Test and inspect the package	2026-10-05T18:01:29.1155680Z (pass) host sendMessage reentrant enqueue remains pending after confirmed session delivery [3.68ms]
publish	Test and inspect the package	2026-10-05T18:01:29.1155913Z 
publish	Test and inspect the package	2026-10-05T18:01:29.1156195Z ##[endgroup]
publish	Test and inspect the package	2026-10-05T18:01:29.1159769Z 
publish	Test and inspect the package	2026-10-05T18:01:29.1159993Z ##[group]tests/revision-bound-audit.test.ts:
publish	Test and inspect the package	2026-10-05T18:01:29.3714603Z (pass) v0.34.60: /goal tweak bumps the goal revision (a contract change) [8.56ms]
publish	Test and inspect the package	2026-10-05T18:01:29.6725622Z (pass) v0.34.60: complete_goal with newObjective bumps the revision and audits the new contract in the same call [301.14ms]
publish	Test and inspect the package	2026-10-05T18:01:29.6799742Z (pass) v0.35.36: complete_goal newObjective does NOT launder the agent-authored objective into userSeeds [7.55ms]
publish	Test and inspect the package	2026-10-05T18:01:29.6828112Z (pass) repair replan bumps the contract revision and invalidates an older approval [2.84ms]
publish	Test and inspect the package	2026-10-05T18:01:29.6837045Z (pass) v0.34.60: complete_goal REJECTS when the contract revision moved past the last audited revision [0.92ms]
publish	Test and inspect the package	2026-10-05T18:01:30.2463140Z (pass) direct complete_goal refuses an approval when the contract revision changes during the detached audit [562.37ms]
publish	Test and inspect the package	2026-10-05T18:01:30.5177562Z (pass) v0.34.60: complete_goal passes when the last audit matches the current revision [271.45ms]
publish	Test and inspect the package	2026-10-05T18:01:30.7932035Z (pass) v0.34.60: legacy audit entries without a revision never trip the gate [275.43ms]
publish	Test and inspect the package	2026-10-05T18:01:31.3429827Z (pass) v0.34.61: a settled audit never invalidates its own verdict — a second complete_goal on the same contract proceeds [549.67ms]
publish	Test and inspect the package	2026-10-05T18:01:31.7462963Z (pass) v0.34.61: the documented escape works — tweak, then /goal verify, then complete_goal proceeds [403.33ms]
publish	Test and inspect the package	2026-10-05T18:01:32.0164855Z (pass) v0.34.60: the gate skips when the call itself carries newObjective (its audit covers the new contract) [270.23ms]
publish	Test and inspect the package	2026-10-05T18:01:32.0210104Z (pass) v0.34.96: complete_goal routes to aborted when completionSummary says 'already shipped' [4.66ms]
publish	Test and inspect the package	2026-10-05T18:01:32.0240220Z (pass) v0.34.96: already-shipped abort binds the version attached to the claim [3.04ms]
publish	Test and inspect the package	2026-10-05T18:01:32.0252121Z (pass) v0.35.x: already-shipped completion honors an existing archive fence [1.20ms]
publish	Test and inspect the package	2026-10-05T18:01:32.0275104Z (pass) v0.35.x: archiveCurrentGoal preserves a same-id archive on cancel [2.26ms]
publish	Test and inspect the package	2026-10-05T18:01:32.3356015Z (pass) v0.34.128: a version-less 'no new work shipped' claim routes to the NORMAL audit and completes on approval [307.90ms]
publish	Test and inspect the package	2026-10-05T18:01:32.6054111Z (pass) v0.34.128: a version-less 'already shipped' claim disapproved by the auditor leaves the finding queued (no abort) [269.78ms]
publish	Test and inspect the package	2026-10-05T18:01:32.8823866Z (pass) v0.34.96: a NORMAL completionSummary still runs the auditor (no false-positive abort) [276.94ms]
publish	Test and inspect the package	2026-10-05T18:01:32.8839955Z (pass) v0.38.104: an unpersistable newObjective refuses the claim and never advances the revision [1.81ms]
publish	Test and inspect the package	2026-10-05T18:01:32.8840357Z 
publish	Test and inspect the package	2026-10-05T18:01:32.8840716Z ##[endgroup]
publish	Test and inspect the package	2026-10-05T18:01:32.8843884Z 
publish	Test and inspect the package	2026-10-05T18:01:32.8844324Z ##[group]tests/respec-builder-display.test.ts:
publish	Test and inspect the package	2026-10-05T18:01:33.0541542Z (pass) a stopped project audit exposes its hold reason instead of implying a running auditor [1.11ms]
publish	Test and inspect the package	2026-10-05T18:01:33.0572415Z (pass) project cards expose phase, unfinished coverage and recorded blockers within narrow widths [1.70ms]
publish	Test and inspect the package	2026-10-05T18:01:33.0573232Z (pass) an explicitly stopped project audit does not advertise an unavailable resume [0.41ms]
publish	Test and inspect the package	2026-10-05T18:01:33.0573883Z (pass) completed project dismisses both live UI surfaces while preserving other work [0.39ms]
publish	Test and inspect the package	2026-10-05T18:01:33.0574737Z 
publish	Test and inspect the package	2026-10-05T18:01:33.0575104Z ##[endgroup]
publish	Test and inspect the package	2026-10-05T18:01:33.0575379Z 
publish	Test and inspect the package	2026-10-05T18:01:33.0575650Z ##[group]tests/auditor-chunk-hint.test.ts:
publish	Test and inspect the package	2026-10-05T18:01:33.2092986Z (pass) auditor prompt carries the chunk-near-context-full hint (item 7) [0.39ms]
publish	Test and inspect the package	2026-10-05T18:01:33.2094151Z (pass) reviewer.ts has no inline prompt to add the hint to (post-audit surfaces only review reports, not prompts) [0.05ms]
publish	Test and inspect the package	2026-10-05T18:01:33.2094665Z 
publish	Test and inspect the package	2026-10-05T18:01:33.2095187Z ##[endgroup]
publish	Test and inspect the package	2026-10-05T18:01:33.2095321Z 
publish	Test and inspect the package	2026-10-05T18:01:33.2095734Z ##[group]tests/compactor-handoff.test.ts:
publish	Test and inspect the package	2026-10-05T18:01:33.3639332Z (pass) plan B picks verified free big-context, largest first, max two [0.45ms]
publish	Test and inspect the package	2026-10-05T18:01:33.3640248Z (pass) plan B disqualifies unknown metadata, paid, unauthed, forbidden, stuck [0.24ms]
publish	Test and inspect the package	2026-10-05T18:01:33.3642169Z (pass) plan B returns [] when the registry throws [0.09ms]
publish	Test and inspect the package	2026-10-05T18:01:33.3758884Z (pass) compactor chain normalizes and caps 0-10 exactly like drafter [11.51ms]
publish	Test and inspect the package	2026-10-05T18:01:33.3760637Z (pass) compactor chain never leases the stuck session model [0.38ms]
publish	Test and inspect the package	2026-10-05T18:01:33.3761143Z (pass) refuse transition fires exactly once per episode [0.07ms]
publish	Test and inspect the package	2026-10-05T18:01:33.3784258Z (pass) audit 2026-09-06: compactor one-shot survives a restart mid-episode [2.19ms]
publish	Test and inspect the package	2026-10-05T18:01:33.3786080Z (pass) audit 2026-09-06: worker timeout escalates SIGTERM to SIGKILL [0.28ms]
publish	Test and inspect the package	2026-10-05T18:01:33.3788190Z (pass) brief scope: packet bounded, sections present, worker tool-less [0.21ms]
publish	Test and inspect the package	2026-10-05T18:01:33.3789339Z (pass) resync carries the brief excerpt only when present [0.12ms]
publish	Test and inspect the package	2026-10-05T18:01:33.3791126Z (pass) recovery banner quotes the handoff excerpt [0.17ms]
publish	Test and inspect the package	2026-10-05T18:01:33.9294357Z (pass) refuse engages the compactor once with the chain model + packet scope [550.09ms]
publish	Test and inspect the package	2026-10-05T18:01:34.2717026Z (pass) chain empty falls back to the verified free registry model [342.24ms]
publish	Test and inspect the package	2026-10-05T18:01:34.9108784Z (pass) no model anywhere skips silently with ledger, ladder still paints [639.14ms]
publish	Test and inspect the package	2026-10-05T18:01:35.2380909Z (pass) notifyCmd off keeps the brief, drops the page [327.16ms]
publish	Test and inspect the package	2026-10-05T18:01:35.3666063Z (pass) reload with a brief on disk quotes the handoff in the banner [127.23ms]
publish	Test and inspect the package	2026-10-05T18:01:35.3666504Z (pass) resolveCompactorModel end to end prefers chain over plan B [0.78ms]
publish	Test and inspect the package	2026-10-05T18:01:35.3666684Z 
publish	Test and inspect the package	2026-10-05T18:01:35.3666942Z ##[endgroup]
publish	Test and inspect the package	2026-10-05T18:01:35.3667012Z 
publish	Test and inspect the package	2026-10-05T18:01:35.3667184Z ##[group]tests/loop-measure-probe-exit.test.ts:
publish	Test and inspect the package	2026-10-05T18:01:35.5274134Z (pass) propose_loop_draft rejects non-zero measure output even when stdout is numeric [3.77ms]
publish	Test and inspect the package	2026-10-05T18:01:35.5407031Z (pass) propose_loop_refine rejects non-zero measure output and leaves the live loop unchanged [13.77ms]
publish	Test and inspect the package	2026-10-05T18:01:35.5407493Z 
publish	Test and inspect the package	2026-10-05T18:01:35.5407757Z ##[endgroup]
publish	Test and inspect the package	2026-10-05T18:01:35.5409255Z 
publish	Test and inspect the package	2026-10-05T18:01:35.5409497Z ##[group]tests/model-switch.test.ts:
publish	Test and inspect the package	2026-10-05T18:01:35.7020050Z (pass) v0.34.57: persistState carries lastModelRef on the state line for a fresh process to restore [15.77ms]
publish	Test and inspect the package	2026-10-05T18:01:35.7039906Z (pass) v0.34.57: a fresh process with a changed default model ledgeres turn-boundary drift (cross-session detection) [1.56ms]
publish	Test and inspect the package	2026-10-05T18:01:35.7040973Z (pass) v0.34.57: modelSwitch() builds the canonical ledger payload [0.16ms]
publish	Test and inspect the package	2026-10-05T18:01:35.7041865Z (pass) v0.34.57: isForbiddenModel matches refs, case-insensitively; v0.34.115: empty default forbids nothing [0.17ms]
publish	Test and inspect the package	2026-10-05T18:01:35.7042723Z (pass) v0.34.57: the model_select hook ledgeres every provider/model change [0.83ms]
publish	Test and inspect the package	2026-10-05T18:01:35.7062574Z (pass) v0.34.57: the turn-boundary check ledgeres drift that arrives without a model_select event [1.85ms]
publish	Test and inspect the package	2026-10-05T18:01:35.7126641Z (pass) v0.34.57: the forbidden gate blocks a forbidden selection, emits forbidden_model_switch, and reverts [6.39ms]
publish	Test and inspect the package	2026-10-05T18:01:35.7133648Z (pass) v0.34.57: blockForbiddenModelSwitches off allows the switch but records the violation [0.72ms]
publish	Test and inspect the package	2026-10-05T18:01:35.7135212Z (pass) v0.34.93: isForbiddenModel flags sonnet/opus/gpt-5.5 refs the gate must skip [0.12ms]
publish	Test and inspect the package	2026-10-05T18:01:35.7136544Z (pass) v0.34.93: empty / undefined ref is never forbidden (the empty-list semantic); v0.34.115: default is empty [0.07ms]
publish	Test and inspect the package	2026-10-05T18:01:35.7139392Z (pass) v0.34.93: a forbidden candidate is silently skipped by the recovery gate (the recovery-envelope gate skips the candidate without rotation or verdict change) [0.11ms]
publish	Test and inspect the package	2026-10-05T18:01:35.7150871Z (pass) v0.34.57: turn-boundary drift into a forbidden model records the violation without blocking [1.26ms]
publish	Test and inspect the package	2026-10-05T18:01:35.7195453Z (pass) v0.34.57: /glla switchlog renders the last N entries of the model-switch trail [3.45ms]
publish	Test and inspect the package	2026-10-05T18:01:35.7318083Z (pass) model selection preserves visible resumable loop work (pending recovery=true) [12.41ms]
publish	Test and inspect the package	2026-10-05T18:01:35.7552900Z (pass) model selection preserves visible resumable loop work (pending recovery=false) [22.38ms]
publish	Test and inspect the package	2026-10-05T18:01:35.7553899Z 
publish	Test and inspect the package	2026-10-05T18:01:35.7554431Z ##[endgroup]
publish	Test and inspect the package	2026-10-05T18:01:35.7558456Z 
publish	Test and inspect the package	2026-10-05T18:01:35.7558994Z ##[group]tests/audit-lifecycle-surfaces.test.ts:
publish	Test and inspect the package	2026-10-05T18:01:41.2653407Z (pass) durable: an ordinary complete_goal records phase running + lastActivityAt before the verdict [5360.20ms]
publish	Test and inspect the package	2026-10-05T18:01:41.2659515Z (pass) durable phase beats a worker-complete snapshot on the widget card and the status line [0.79ms]
publish	Test and inspect the package	2026-10-05T18:01:41.2661519Z (pass) a live worker still refines a running claim (the HUD stays the richer truth) [0.25ms]
publish	Test and inspect the package	2026-10-05T18:01:41.2663182Z (pass) durable phase with no live worker says so, and names the durable age [0.16ms]
publish	Test and inspect the package	2026-10-05T18:01:41.2664661Z (pass) the durable projection is the single source for all three surfaces [0.15ms]
publish	Test and inspect the package	2026-10-05T18:01:41.2668478Z (pass) a paused goal that still owes a settlement names it on card and status line [0.31ms]
publish	Test and inspect the package	2026-10-05T18:01:41.2670894Z (pass) a paused parked claim names recovery-needed on card and status line [0.24ms]
publish	Test and inspect the package	2026-10-05T18:01:41.2671773Z (pass) a list item names its own resume command, never /goal resume [0.13ms]
publish	Test and inspect the package	2026-10-05T18:01:41.2672019Z 
publish	Test and inspect the package	2026-10-05T18:01:41.2672364Z ##[endgroup]
publish	Test and inspect the package	2026-10-05T18:01:41.2676239Z 
publish	Test and inspect the package	2026-10-05T18:01:41.2676536Z ##[group]tests/goal-loop-display.test.ts:
publish	Test and inspect the package	2026-10-05T18:01:41.4258776Z (pass) active goal card pins primary, ordered fallbacks, skipped forbidden refs, and handled models [1.31ms]
publish	Test and inspect the package	2026-10-05T18:01:41.4259904Z (pass) v0.38.28: duplicate handled-turn provenance is omitted; lone inherited row is dropped [0.15ms]
publish	Test and inspect the package	2026-10-05T18:01:41.4260699Z (pass) v0.38.29: active recovery is a compact model row, not a duplicate report [0.34ms]
publish	Test and inspect the package	2026-10-05T18:01:41.4363057Z (pass) v0.38.29: settled recovery does not leave Markdown noise in the head [10.27ms]
publish	Test and inspect the package	2026-10-05T18:01:41.4369936Z (pass) card head cuts the objective at a clause boundary, never mid-word [0.35ms]
publish	Test and inspect the package	2026-10-05T18:01:41.4371237Z (pass) truncateObjective keeps clause boundaries with emoji and CJK prefixes [0.50ms]
publish	Test and inspect the package	2026-10-05T18:01:41.4371996Z (pass) truncateObjective falls back to a character cut with no usable boundary [0.06ms]
publish	Test and inspect the package	2026-10-05T18:01:41.4372667Z (pass) active card with an action row closes the tree [0.31ms]
publish	Test and inspect the package	2026-10-05T18:01:41.4373634Z (pass) v0.38.104: objective truncation never splits a surrogate pair [0.26ms]
publish	Test and inspect the package	2026-10-05T18:01:41.4378173Z (pass) v0.38.105: recovery banner shows the loop target for loop-only state [0.15ms]
publish	Test and inspect the package	2026-10-05T18:01:41.4380070Z (pass) v0.38.105: loop surfaces show the cadence countdown during the gap [0.38ms]
publish	Test and inspect the package	2026-10-05T18:01:41.4388084Z (pass) v0.38.105: no countdown once the gap elapsed or cadence unset [0.09ms]
publish	Test and inspect the package	2026-10-05T18:01:41.4389047Z (pass) v0.38.105: recovery selector preserves goal and list precedence [0.07ms]
publish	Test and inspect the package	2026-10-05T18:01:41.4389500Z 
publish	Test and inspect the package	2026-10-05T18:01:41.4390258Z ##[endgroup]
publish	Test and inspect the package	2026-10-05T18:01:41.4390395Z 
publish	Test and inspect the package	2026-10-05T18:01:41.4390679Z ##[group]tests/durable-defer-production-ui.test.ts:
publish	Test and inspect the package	2026-10-05T18:01:41.6186109Z (pass) production record_goal_judgment persists facts and refreshUI renders durable first [14.68ms]
publish	Test and inspect the package	2026-10-05T18:01:41.6186829Z 
publish	Test and inspect the package	2026-10-05T18:01:41.6187174Z ##[endgroup]
publish	Test and inspect the package	2026-10-05T18:01:41.6188499Z 
publish	Test and inspect the package	2026-10-05T18:01:41.6189000Z ##[group]tests/stale-self-heal.test.ts:
publish	Test and inspect the package	2026-10-05T18:01:41.7949364Z (pass) v0.34.62 — debounce + self-heal wiring (source guards) [7.17ms]
publish	Test and inspect the package	2026-10-05T18:01:41.9721292Z (pass) v0.34.62 — ONE heartbeat probe failure must NOT park a live session [177.03ms]
publish	Test and inspect the package	2026-10-05T18:01:42.2189855Z (pass) v0.34.62 — debounced park, then a same-session command self-heals (autoResume resumes the goal) [243.96ms]
publish	Test and inspect the package	2026-10-05T18:01:42.4295052Z (pass) v0.34.62 — a genuinely dead handle stays parked (no heal) [210.45ms]
publish	Test and inspect the package	2026-10-05T18:01:42.9211463Z (pass) v0.35.12 — a healthy context cannot revive a stale ExtensionAPI [494.55ms]
publish	Test and inspect the package	2026-10-05T18:01:42.9521497Z [run-tests] progress: 60s elapsed · 0s since last output · 30 KiB of suite output
publish	Test and inspect the package	2026-10-05T18:01:43.0819789Z (pass) v0.34.62 — a DIFFERENT session's command is not self-healed (successor absorption owns that path) [160.76ms]
publish	Test and inspect the package	2026-10-05T18:01:43.0907021Z (pass) v0.34.62 — the rebind window (session_shutdown) still refuses a same-session heal [8.87ms]
publish	Test and inspect the package	2026-10-05T18:01:43.0997819Z (pass) v0.34.62 — a stale-stopped loop stays held after a heal (user resumes explicitly) [8.92ms]
publish	Test and inspect the package	2026-10-05T18:01:43.1009352Z 
publish	Test and inspect the package	2026-10-05T18:01:43.1010361Z ##[endgroup]
publish	Test and inspect the package	2026-10-05T18:01:43.1010492Z 
publish	Test and inspect the package	2026-10-05T18:01:43.1010740Z ##[group]tests/prompt-layers.test.ts:
publish	Test and inspect the package	2026-10-05T18:01:43.2510069Z (pass) full assembly of goal-loop-continuation.md is byte-identical to source minus markers [0.98ms]
publish	Test and inspect the package	2026-10-05T18:01:43.2513883Z (pass) full assembly of goal-loop-forever.md is byte-identical to source minus markers [0.22ms]
publish	Test and inspect the package	2026-10-05T18:01:43.2514969Z (pass) full assembly of goal-loop-forever-metricless.md is byte-identical to source minus markers [0.18ms]
publish	Test and inspect the package	2026-10-05T18:01:43.2515867Z (pass) full assembly of goal-loop-draft.md is byte-identical to source minus markers [0.32ms]
publish	Test and inspect the package	2026-10-05T18:01:43.2516711Z (pass) full assembly of goal-loop-forever-draft.md is byte-identical to source minus markers [0.17ms]
publish	Test and inspect the package	2026-10-05T18:01:43.2517563Z (pass) full assembly of goal-loop-plan.md is byte-identical to source minus markers [0.16ms]
publish	Test and inspect the package	2026-10-05T18:01:43.2518529Z (pass) full assembly of goal-loop-plan-loop.md is byte-identical to source minus markers [0.09ms]
publish	Test and inspect the package	2026-10-05T18:01:43.2519930Z (pass) continuation declares exactly the three conditional details [0.22ms]
publish	Test and inspect the package	2026-10-05T18:01:43.2631909Z (pass) the other six prompts are skeleton-only (whole file is the skeleton) [11.27ms]
publish	Test and inspect the package	2026-10-05T18:01:43.2636840Z (pass) missing prompt file fails loudly, never lean [0.65ms]
publish	Test and inspect the package	2026-10-05T18:01:43.2639408Z (pass) unknown detail id fails loudly [0.28ms]
publish	Test and inspect the package	2026-10-05T18:01:43.2641232Z (pass) parser defects fail loudly [0.19ms]
publish	Test and inspect the package	2026-10-05T18:01:43.2645717Z (pass) assembly order is file order regardless of request order (same every turn) [0.43ms]
publish	Test and inspect the package	2026-10-05T18:01:43.2658341Z (pass) normal-turn render omits all three details; token cost lower by the deferred bodies [1.22ms]
publish	Test and inspect the package	2026-10-05T18:01:43.2669398Z (pass) survey-pivot delta is EXACTLY the deferred body (equal-length objectives) [1.11ms]
publish	Test and inspect the package	2026-10-05T18:01:43.2677629Z (pass) session-restart delta is EXACTLY the deferred body (opts flag only) [0.80ms]
publish	Test and inspect the package	2026-10-05T18:01:43.2682172Z (pass) autoResumedAt goals get the restart detail without opts [0.45ms]
publish	Test and inspect the package	2026-10-05T18:01:43.2690795Z (pass) live disapproval loads the auditor playbook detail [0.87ms]
publish	Test and inspect the package	2026-10-05T18:01:43.2691504Z (pass) padRight helper keeps fixture objectives length-neutral [0.03ms]
publish	Test and inspect the package	2026-10-05T18:01:43.2693109Z (pass) v0.38.104 the leading `//` author comment is stripped at assembly [0.20ms]
publish	Test and inspect the package	2026-10-05T18:01:43.2693573Z (pass) v0.38.104 a `//` line in the BODY is never stripped [0.03ms]
publish	Test and inspect the package	2026-10-05T18:01:43.2693788Z 
publish	Test and inspect the package	2026-10-05T18:01:43.2694135Z ##[endgroup]
publish	Test and inspect the package	2026-10-05T18:01:43.2698140Z 
publish	Test and inspect the package	2026-10-05T18:01:43.2698479Z ##[group]tests/resume-goal-tool.test.ts:
publish	Test and inspect the package	2026-10-05T18:01:43.5640139Z (pass) resume_goal reactivates a paused goal and clears every pause marker [147.84ms]
publish	Test and inspect the package	2026-10-05T18:01:43.8571741Z (pass) resume_goal on an already-active goal answers instead of churning state [293.17ms]
publish	Test and inspect the package	2026-10-05T18:01:43.9931593Z (pass) resume_goal with no goal answers instead of swallowing the verb [135.95ms]
publish	Test and inspect the package	2026-10-05T18:01:44.1459527Z (pass) a held-on-restore loop does not block resume_goal (only a LIVE loop does) [152.74ms]
publish	Test and inspect the package	2026-10-05T18:01:44.4539795Z (pass) resume_goal refuses while the supervisor is frozen [308.10ms]
publish	Test and inspect the package	2026-10-05T18:01:44.7483723Z (pass) resume_goal probes pending main-model recovery inline instead of bouncing (124544) [294.34ms]
publish	Test and inspect the package	2026-10-05T18:01:44.8821072Z (pass) resume_goal refuses a terminal goal with the real recovery path [133.67ms]
publish	Test and inspect the package	2026-10-05T18:01:44.8822406Z (pass) resume_goal keeps its live-loop refusal (source-pinned defense-in-depth) [0.36ms]
publish	Test and inspect the package	2026-10-05T18:01:46.2499802Z (pass) paused → resume_goal → complete_goal flows without a manual resume [1367.49ms]
publish	Test and inspect the package	2026-10-05T18:01:47.4555230Z (pass) resume_goal re-fires a stored completion claim through the agent origin [1205.57ms]
publish	Test and inspect the package	2026-10-05T18:01:47.4555540Z 
publish	Test and inspect the package	2026-10-05T18:01:47.4555802Z ##[endgroup]
publish	Test and inspect the package	2026-10-05T18:01:47.4557604Z 
publish	Test and inspect the package	2026-10-05T18:01:47.4557794Z ##[group]tests/list-audit.test.ts:
publish	Test and inspect the package	2026-10-05T18:01:47.6237642Z (pass) parseAuditFindingsForFanout: open boxes actionable, [?] boxes decisions, checked boxes ignored [11.94ms]
publish	Test and inspect the package	2026-10-05T18:01:47.6239016Z (pass) parseAuditFindingsForFanout: tolerates the /loop audit format (no FIX: prefix) [0.15ms]
publish	Test and inspect the package	2026-10-05T18:01:47.6239863Z (pass) parseAuditFindingsForFanout: accepts aligned open checkbox spacing [0.06ms]
publish	Test and inspect the package	2026-10-05T18:01:47.6240626Z (pass) parseAuditFindingsForFanout: empty / missing content yields nothing [0.02ms]
publish	Test and inspect the package	2026-10-05T18:01:47.6241430Z (pass) listAuditFanoutItemText: checkable Done when tied to the findings file [0.15ms]
publish	Test and inspect the package	2026-10-05T18:01:47.6242605Z (pass) listAuditCollectTarget: collect-only — marker, no-fix law, honest-empty law, Done when [0.23ms]
publish	Test and inspect the package	2026-10-05T18:01:47.6243370Z (pass) /list audit route: builds the collect target and enqueues it [0.12ms]
publish	Test and inspect the package	2026-10-05T18:01:47.6246181Z (pass) completion fan-out: collect items fan out + suppress the list-complete noise [0.46ms]
publish	Test and inspect the package	2026-10-05T18:01:47.6254820Z (pass) fan-out: canonical dedupe, cap accounting, optional auto-accept, and decline keeps findings open [0.86ms]
publish	Test and inspect the package	2026-10-05T18:01:47.6256757Z (pass) fan-out dedupe round-trip: stored form matches, prefix collisions do not [0.18ms]
publish	Test and inspect the package	2026-10-05T18:01:47.6259102Z (pass) help surface: /list audit appears in the command description + completions [0.25ms]
publish	Test and inspect the package	2026-10-05T18:01:47.6262071Z (pass) markers: the built targets still contain what the guards match on [0.26ms]
publish	Test and inspect the package	2026-10-05T18:01:47.6262738Z (pass) /loop audit warns when a one-shot audit goal exists (paused or active) [0.11ms]
publish	Test and inspect the package	2026-10-05T18:01:47.6263892Z (pass) /goal audit + /list audit warn when an audit loop is already running [0.11ms]
publish	Test and inspect the package	2026-10-05T18:01:47.6269455Z (pass) restore-hold names the supersession in the widget surface [0.54ms]
publish	Test and inspect the package	2026-10-05T18:01:47.6270683Z (pass) v0.33.3: one-shot audit raises DECIDE findings as questions before completing [0.06ms]
publish	Test and inspect the package	2026-10-05T18:01:47.6270884Z 
publish	Test and inspect the package	2026-10-05T18:01:47.6271137Z ##[endgroup]
publish	Test and inspect the package	2026-10-05T18:01:47.6274314Z 
publish	Test and inspect the package	2026-10-05T18:01:47.7749552Z ##[group]tests/recovery-status-format.test.ts:
publish	Test and inspect the package	2026-10-05T18:01:47.7750175Z (pass) trajectory: attempts and failing-since render when present [0.37ms]
publish	Test and inspect the package	2026-10-05T18:01:47.7754723Z (pass) trajectory: absent counters render no row [0.07ms]
publish	Test and inspect the package	2026-10-05T18:01:47.7755236Z (pass) cause: deterministic class is named, transients stay unlabeled [0.08ms]
publish	Test and inspect the package	2026-10-05T18:01:47.7755670Z (pass) existing rows keep their shape [0.07ms]
publish	Test and inspect the package	2026-10-05T18:01:47.7755858Z 
publish	Test and inspect the package	2026-10-05T18:01:47.7756081Z ##[endgroup]
publish	Test and inspect the package	2026-10-05T18:01:47.7756183Z 
publish	Test and inspect the package	2026-10-05T18:01:47.7756413Z ##[group]tests/failover-primary-probe.test.ts:
publish	Test and inspect the package	2026-10-05T18:01:47.9388648Z (pass) failover stamps the primary reset while fallback-chain work proceeds [15.36ms]
publish	Test and inspect the package	2026-10-05T18:01:47.9394110Z (pass) hintless primary failure stamps no reset [0.78ms]
publish	Test and inspect the package	2026-10-05T18:01:47.9403267Z (pass) background primary probe fires at reset, not on the generic cadence [0.88ms]
publish	Test and inspect the package	2026-10-05T18:01:47.9406692Z (pass) no reset keeps the generic probe cadence [0.39ms]
publish	Test and inspect the package	2026-10-05T18:01:47.9407118Z 
publish	Test and inspect the package	2026-10-05T18:01:47.9407457Z ##[endgroup]
publish	Test and inspect the package	2026-10-05T18:01:47.9458307Z 
publish	Test and inspect the package	2026-10-05T18:01:47.9468498Z ##[group]tests/load-wait-bound.test.ts:
publish	Test and inspect the package	2026-10-05T18:01:48.3017130Z (pass) 153404: a 4.5h load wait is clamped to the hourly horizon with a re-check notice [152.81ms]
publish	Test and inspect the package	2026-10-05T18:01:48.4406576Z (pass) 153404: a short wait inside the horizon is stored as requested [138.86ms]
publish	Test and inspect the package	2026-10-05T18:01:48.4406930Z 
publish	Test and inspect the package	2026-10-05T18:01:48.4407255Z ##[endgroup]
publish	Test and inspect the package	2026-10-05T18:01:48.4408766Z 
publish	Test and inspect the package	2026-10-05T18:01:48.4409256Z ##[group]tests/session-rpc-rebind.test.ts:
publish	Test and inspect the package	2026-10-05T18:01:48.7566615Z (pass) S6: a claim-raised session generation re-binds the subagent RPC host [153.72ms]
publish	Test and inspect the package	2026-10-05T18:01:48.7566960Z 
publish	Test and inspect the package	2026-10-05T18:01:48.7567235Z ##[endgroup]
publish	Test and inspect the package	2026-10-05T18:01:48.7571230Z 
publish	Test and inspect the package	2026-10-05T18:01:48.7571613Z ##[group]tests/quota-retry.test.ts:
publish	Test and inspect the package	2026-10-05T18:01:48.9287171Z (pass) structured HTTP status is normalized before provider classification [8.43ms]
publish	Test and inspect the package	2026-10-05T18:01:48.9288007Z (pass) provider-wall copy separates safe display/action text from durable diagnostics [0.24ms]
publish	Test and inspect the package	2026-10-05T18:01:48.9289089Z (pass) non-sensitive provider text projects a bounded display while staying redaction-capable [0.16ms]
publish	Test and inspect the package	2026-10-05T18:01:48.9290000Z (pass) bare 403 provider payloads are sensitive diagnostics, not raw display copy [0.10ms]
publish	Test and inspect the package	2026-10-05T18:01:48.9295087Z (pass) full auditor reports redact raw provider payload lines while preserving safe findings [0.41ms]
publish	Test and inspect the package	2026-10-05T18:01:48.9298987Z (pass) multiline provider markers redact the following arbitrary JSON payload [0.13ms]
publish	Test and inspect the package	2026-10-05T18:01:48.9299568Z (pass) audit history projections sanitize provider diagnostics [0.36ms]
publish	Test and inspect the package	2026-10-05T18:01:48.9302126Z (pass) scheduleQuotaRetry deduplicates one notice key within an episode [0.24ms]
publish	Test and inspect the package	2026-10-05T18:01:48.9303125Z (pass) parseQuotaError: 429 with Retry-After: 5 → retryAfterSec 5 (item 12 test 1) [0.07ms]
publish	Test and inspect the package	2026-10-05T18:01:48.9307842Z (pass) parseQuotaError: 429 without hint → default 3600 (item 12 test 2) [0.05ms]
publish	Test and inspect the package	2026-10-05T18:01:48.9308575Z (pass) parseQuotaError: prose hints (retry in 2m / retry after 30 seconds) [0.07ms]
publish	Test and inspect the package	2026-10-05T18:01:48.9309281Z (pass) v0.34.125: temporary-window prose is honored — no give-up until the bigger reset [0.35ms]
publish	Test and inspect the package	2026-10-05T18:01:48.9310039Z (pass) v0.34.125: 'temporarily over quota' is a retryable rate-limit, plain 'temporarily unavailable' stays ambiguous [0.09ms]
publish	Test and inspect the package	2026-10-05T18:01:48.9310749Z (pass) quota classification stays conservative around ambiguous provider errors [0.14ms]
publish	Test and inspect the package	2026-10-05T18:01:48.9311362Z (pass) every explicit 429/rate-limit marker stays a retryable request-rate wall [0.03ms]
publish	Test and inspect the package	2026-10-05T18:01:48.9311982Z (pass) plan wording without a 429 remains distinct, while 429 Token Plan text is rate-limit [0.04ms]
publish	Test and inspect the package	2026-10-05T18:01:48.9312606Z (pass) parseQuotaError: JSON reset fields and HTTP-date reset are understood [0.08ms]
publish	Test and inspect the package	2026-10-05T18:01:48.9313242Z (pass) parseQuotaError: digit-leading Retry-After ISO date is not truncated as seconds [0.04ms]
publish	Test and inspect the package	2026-10-05T18:01:48.9313846Z (pass) quota retry cadence caps at five hours instead of retrying for a week [0.05ms]
publish	Test and inspect the package	2026-10-05T18:01:48.9314275Z (pass) isQuotaError: wild-caught shapes [0.03ms]
publish	Test and inspect the package	2026-10-05T18:01:50.2393813Z (pass) scheduleQuotaRetry: fires the callback after the window (item 12 test 3 core) [1307.79ms]
publish	Test and inspect the package	2026-10-05T18:01:51.5398318Z (pass) cancelQuotaRetry: a pending retry does not fire (item 12 test 4 core) [1300.45ms]
publish	Test and inspect the package	2026-10-05T18:01:51.5400389Z (pass) selectQuotaWaitReroute: reason wording wins with its parsed hint [0.34ms]
publish	Test and inspect the package	2026-10-05T18:01:51.5401441Z (pass) selectQuotaWaitReroute: absolute reset survives only while future [0.12ms]
publish	Test and inspect the package	2026-10-05T18:01:51.5402928Z (pass) selectQuotaWaitReroute: fresh evidence supplies the cause; stale never does [0.13ms]
publish	Test and inspect the package	2026-10-05T18:01:51.5403973Z (pass) subagentQuotaEvidenceFrom: quota payloads become evidence, plain errors do not [0.11ms]
publish	Test and inspect the package	2026-10-05T18:01:51.5404285Z 
publish	Test and inspect the package	2026-10-05T18:01:51.5404838Z ##[endgroup]
publish	Test and inspect the package	2026-10-05T18:01:51.5409183Z 
publish	Test and inspect the package	2026-10-05T18:01:51.5409640Z ##[group]tests/process-registration-faults.test.ts:
publish	Test and inspect the package	2026-10-05T18:01:51.7397339Z (pass) process registration first-write failure is visible and stops the owned child [45.95ms]
publish	Test and inspect the package	2026-10-05T18:01:51.7735157Z (pass) process registration rename failure is visible and stops the owned child [33.80ms]
publish	Test and inspect the package	2026-10-05T18:01:52.6036674Z (pass) process registration owner-loss failure is visible and stops the owned child [830.23ms]
publish	Test and inspect the package	2026-10-05T18:01:53.4347440Z (pass) process registration refresh failure is visible and stops the owned child [831.03ms]
publish	Test and inspect the package	2026-10-05T18:01:53.5850963Z (pass) process registration primary-loss failure is visible and stops the owned child [150.28ms]
publish	Test and inspect the package	2026-10-05T18:01:53.6161856Z (pass) process registration obligation-write failure is visible and stops the owned child [31.08ms]
publish	Test and inspect the package	2026-10-05T18:01:53.7659270Z (pass) process registration obligation-owner-loss failure is visible and stops the owned child [149.72ms]
publish	Test and inspect the package	2026-10-05T18:01:53.7965425Z (pass) process registration initial-owner-loss failure is visible and stops the owned child [30.60ms]
publish	Test and inspect the package	2026-10-05T18:01:53.8264843Z (pass) process registration stat-denied failure is visible and stops the owned child [29.95ms]
publish	Test and inspect the package	2026-10-05T18:01:53.8579839Z (pass) process registration stat-malformed failure is visible and stops the owned child [31.49ms]
publish	Test and inspect the package	2026-10-05T18:01:53.8891320Z (pass) process registration stat-missing failure is visible and stops the owned child [31.14ms]
publish	Test and inspect the package	2026-10-05T18:01:53.9267852Z (pass) proven already-exited child retires its declaration without a cleanup failure [37.64ms]
publish	Test and inspect the package	2026-10-05T18:01:53.9643783Z (pass) proven proc-disappeared child retires its declaration without a cleanup failure [37.56ms]
publish	Test and inspect the package	2026-10-05T18:01:53.9901125Z (pass) proven suite-group child retires its declaration without a cleanup failure [25.76ms]
publish	Test and inspect the package	2026-10-05T18:01:53.9901470Z 
publish	Test and inspect the package	2026-10-05T18:01:53.9901929Z ##[endgroup]
publish	Test and inspect the package	2026-10-05T18:01:53.9905113Z 
publish	Test and inspect the package	2026-10-05T18:01:53.9905372Z ##[group]tests/seed-sufficiency.test.ts:
publish	Test and inspect the package	2026-10-05T18:01:54.1430217Z (pass) rich seed alone is sufficient with no session context [0.76ms]
publish	Test and inspect the package	2026-10-05T18:01:54.1430935Z (pass) thin seed with no context still drafts [0.40ms]
publish	Test and inspect the package	2026-10-05T18:01:54.1432665Z (pass) thin seed plus rich related context is sufficient [0.24ms]
publish	Test and inspect the package	2026-10-05T18:01:54.1433341Z (pass) thin seed plus unrelated context still drafts [0.08ms]
publish	Test and inspect the package	2026-10-05T18:01:54.1433951Z (pass) assistant monologue never supplies the missing detail [0.04ms]
publish	Test and inspect the package	2026-10-05T18:01:54.1434616Z (pass) question-only, vague, and chatter seeds still draft [0.11ms]
publish	Test and inspect the package	2026-10-05T18:01:54.1435222Z (pass) multi-task seed still drafts so scope is confirmed first [0.03ms]
publish	Test and inspect the package	2026-10-05T18:01:54.1435846Z (pass) slash commands and overlong seeds fail closed to drafting [0.04ms]
publish	Test and inspect the package	2026-10-05T18:01:54.1436513Z (pass) unreadable session context fails closed without throwing [0.17ms]
publish	Test and inspect the package	2026-10-05T18:01:54.1437108Z (pass) countDetailAnchors counts distinct evidence classes, not repeats [0.04ms]
publish	Test and inspect the package	2026-10-05T18:01:54.1437680Z (pass) cmdSet consults the sufficiency gate before drafting [0.16ms]
publish	Test and inspect the package	2026-10-05T18:01:54.1438353Z (pass) seeded grill message promises a dynamic-length interview [0.15ms]
publish	Test and inspect the package	2026-10-05T18:01:54.1438509Z 
publish	Test and inspect the package	2026-10-05T18:01:54.1438847Z ##[endgroup]
publish	Test and inspect the package	2026-10-05T18:01:54.1548932Z 
publish	Test and inspect the package	2026-10-05T18:01:54.1550070Z ##[group]tests/goal-route.test.ts:
publish	Test and inspect the package	2026-10-05T18:01:54.3025378Z (pass) empty args → draft [0.15ms]
publish	Test and inspect the package	2026-10-05T18:01:54.3036101Z (pass) exact subcommands route [0.08ms]
publish	Test and inspect the package	2026-10-05T18:01:54.3036762Z (pass) subcommands are case-insensitive [0.02ms]
publish	Test and inspect the package	2026-10-05T18:01:54.3037458Z (pass) tweak takes args [0.02ms]
publish	Test and inspect the package	2026-10-05T18:01:54.3037821Z (pass) archive routes with or without args [0.01ms]
publish	Test and inspect the package	2026-10-05T18:01:54.3038863Z (pass) CRITICAL: objective starting with 'pause' is a goal, not a subcommand [0.02ms]
publish	Test and inspect the package	2026-10-05T18:01:54.3040306Z (pass) CRITICAL: objective starting with 'status' is a goal [0.02ms]
publish	Test and inspect the package	2026-10-05T18:01:54.3040944Z (pass) objective starting with 'cancel' is a goal [0.01ms]
publish	Test and inspect the package	2026-10-05T18:01:54.3041722Z (pass) plain objectives set [0.01ms]
publish	Test and inspect the package	2026-10-05T18:01:54.3042165Z (pass) quoted objectives set (quote stripping happens downstream) [0.01ms]
publish	Test and inspect the package	2026-10-05T18:01:54.3042825Z (pass) goalArgsNeedDrafting: vague objective needs drafting [0.07ms]
publish	Test and inspect the package	2026-10-05T18:01:54.3043352Z (pass) goalArgsNeedDrafting: explicit contract activates instantly [0.02ms]
publish	Test and inspect the package	2026-10-05T18:01:54.3043881Z (pass) goalArgsNeedDrafting: empty is the no-args drafting path [0.02ms]
publish	Test and inspect the package	2026-10-05T18:01:54.3044448Z (pass) buildSeedGrillMessage: seed + tool + gate notice + grilling protocol [0.23ms]
publish	Test and inspect the package	2026-10-05T18:01:54.3045211Z (pass) draftProposalBlock: 0 replies → block with instructions, ≥1 → null [0.09ms]
publish	Test and inspect the package	2026-10-05T18:01:54.3045794Z (pass) draftProposalBlock: escape hatch after 3 blocked proposals (v0.15.1) [0.08ms]
publish	Test and inspect the package	2026-10-05T18:01:54.3046400Z (pass) askUserQuestionAnswered: answered dialog counts, cancel/esc does not (v0.15.1) [0.07ms]
publish	Test and inspect the package	2026-10-05T18:01:54.3047043Z (pass) /goal start routes as a subcommand with the objective as rest (v0.16.0) [0.04ms]
publish	Test and inspect the package	2026-10-05T18:01:54.3047667Z (pass) normalizeDraftContract: drops bare 'Done when:' introducer lines [0.06ms]
publish	Test and inspect the package	2026-10-05T18:01:54.3048404Z (pass) normalizeDraftContract: drops 'Done when ALL of the following are true:' preamble [0.02ms]
publish	Test and inspect the package	2026-10-05T18:01:54.3049005Z (pass) normalizeDraftContract: strips glued 'Done when: ' prefix on content line [0.01ms]
publish	Test and inspect the package	2026-10-05T18:01:54.3049597Z (pass) normalizeDraftContract: renumbers mixed bullets and existing numbers sequentially [0.08ms]
publish	Test and inspect the package	2026-10-05T18:01:54.3050172Z (pass) normalizeDraftContract: prose lines pass through untouched [0.02ms]
publish	Test and inspect the package	2026-10-05T18:01:54.3050650Z (pass) draftContractItemCount counts numbered items only [0.04ms]
publish	Test and inspect the package	2026-10-05T18:01:54.3051140Z (pass) classifySessionCtx: no owner yet → claim [0.02ms]
publish	Test and inspect the package	2026-10-05T18:01:54.3051685Z (pass) classifySessionCtx: owner stale → claim (session replaced via /new) [0.02ms]
publish	Test and inspect the package	2026-10-05T18:01:54.3052369Z (pass) classifySessionCtx: same sessionManager → refresh (main session event) [0.01ms]
publish	Test and inspect the package	2026-10-05T18:01:54.3053077Z (pass) classifySessionCtx: different sessionManager → foreign (subagent session) [0.02ms]
publish	Test and inspect the package	2026-10-05T18:01:54.3053386Z 
publish	Test and inspect the package	2026-10-05T18:01:54.3053728Z ##[endgroup]
publish	Test and inspect the package	2026-10-05T18:01:54.3053838Z 
publish	Test and inspect the package	2026-10-05T18:01:54.3054021Z ##[group]tests/draft-staging.test.ts:
publish	Test and inspect the package	2026-10-05T18:01:54.4531688Z (pass) v0.38.53: proposal stages stale and interview gates before Confirm [0.24ms]
publish	Test and inspect the package	2026-10-05T18:01:54.4541566Z (pass) v0.38.53: list batch conflict handling follows confirmation and precedes enqueue [0.08ms]
publish	Test and inspect the package	2026-10-05T18:01:54.4542642Z (pass) v0.38.53: single list confirmation precedes post-confirm conflict handling [0.08ms]
publish	Test and inspect the package	2026-10-05T18:01:54.4543723Z (pass) v0.38.53: prompt construction precedes the drafting gate, then model lease and steering [0.04ms]
publish	Test and inspect the package	2026-10-05T18:01:54.4543965Z 
publish	Test and inspect the package	2026-10-05T18:01:54.4544357Z ##[endgroup]
publish	Test and inspect the package	2026-10-05T18:01:54.4544430Z 
publish	Test and inspect the package	2026-10-05T18:01:54.4544653Z ##[group]tests/policy-self-heal.test.ts:
publish	Test and inspect the package	2026-10-05T18:01:54.6196199Z (pass) parseGoalPolicyFromMd reads the durable marker, undefined when absent [14.52ms]
publish	Test and inspect the package	2026-10-05T18:01:54.6200820Z (pass) healCorruptedGoalPolicy repairs a corrupted policy from the durable .md and ledgers it [0.67ms]
publish	Test and inspect the package	2026-10-05T18:01:54.6202856Z (pass) healCorruptedGoalPolicy leaves healthy policies and null goals untouched [0.23ms]
publish	Test and inspect the package	2026-10-05T18:01:54.6206724Z (pass) healCorruptedGoalPolicy with no durable source records heal_failed and does not fake a mode [0.38ms]
publish	Test and inspect the package	2026-10-05T18:01:54.6217049Z (pass) healed state persists — the next readState sees the fixed policy (no restart needed) [0.94ms]
publish	Test and inspect the package	2026-10-05T18:01:54.7861166Z (pass) bug 1.7: /list pause with a corrupted in-memory policy heals at the gate instead of refusing [164.12ms]
publish	Test and inspect the package	2026-10-05T18:01:54.9655852Z (pass) bug 1.7: /goal pause with a corrupted in-memory policy heals to goal and proceeds [179.55ms]
publish	Test and inspect the package	2026-10-05T18:01:55.1358926Z (pass) S10: unhealable corruption names the true cause instead of failing over to a misleading refusal [170.34ms]
publish	Test and inspect the package	2026-10-05T18:01:55.1361368Z 
publish	Test and inspect the package	2026-10-05T18:01:55.1361759Z ##[endgroup]
publish	Test and inspect the package	2026-10-05T18:01:55.1362318Z 
publish	Test and inspect the package	2026-10-05T18:01:55.1362616Z ##[group]tests/auditor-fallback-thinking.test.ts:
publish	Test and inspect the package	2026-10-05T18:01:55.3227826Z (pass) non-empty fallback save is followed by the auditor thinking select [24.36ms]
publish	Test and inspect the package	2026-10-05T18:01:55.3278467Z (pass) typing the session model into the fallback input names the slot-0 exclusion [4.77ms]
publish	Test and inspect the package	2026-10-05T18:01:55.3288381Z (pass) clearing the fallback chain skips the thinking prompt [1.51ms]
publish	Test and inspect the package	2026-10-05T18:01:55.3318060Z 
publish	Test and inspect the package	2026-10-05T18:01:55.3348433Z ##[endgroup]
publish	Test and inspect the package	2026-10-05T18:01:55.3378089Z 
publish	Test and inspect the package	2026-10-05T18:01:55.3378445Z ##[group]tests/task-atomicity-gate.test.ts:
publish	Test and inspect the package	2026-10-05T18:01:55.5532977Z (pass) batch validation accepts a well-formed multi-update batch [0.63ms]
publish	Test and inspect the package	2026-10-05T18:01:55.5533561Z (pass) batch validation rejects unknown ids naming the offender [0.19ms]
publish	Test and inspect the package	2026-10-05T18:01:55.5533859Z (pass) batch validation rejects duplicate ids and empty batches [0.07ms]
publish	Test and inspect the package	2026-10-05T18:01:55.5534395Z (pass) batch apply copies: the input list object is never mutated [0.14ms]
publish	Test and inspect the package	2026-10-05T18:01:55.5537800Z (pass) withTaskStatus replaces one status on a copy [0.32ms]
publish	Test and inspect the package	2026-10-05T18:01:55.5539413Z (pass) open-task collection skips complete and deferred tasks, keeps BFS order [0.13ms]
publish	Test and inspect the package	2026-10-05T18:01:55.5540678Z (pass) refusal text names every open task with id, title, and status [0.16ms]
publish	Test and inspect the package	2026-10-05T18:01:55.5702314Z (pass) batch tool applies several updates in one write and reports them [15.97ms]
publish	Test and inspect the package	2026-10-05T18:01:55.5794629Z (pass) batch tool rejects an unknown id with state byte-identical [9.16ms]
publish	Test and inspect the package	2026-10-05T18:01:55.6535739Z (pass) batch milestone failure leaves the whole batch unapplied (mid-batch kill) [72.04ms]
publish	Test and inspect the package	2026-10-05T18:01:55.6558583Z (pass) milestone failure text: a failed gate names the red command [0.13ms]
publish	Test and inspect the package	2026-10-05T18:01:55.6588519Z (pass) milestone failure text: an inconclusive gate never claims FAILED [0.12ms]
publish	Test and inspect the package	2026-10-05T18:01:55.6700799Z (pass) single tools keep their pinned messages on the copy-swap path [17.22ms]
publish	Test and inspect the package	2026-10-05T18:01:55.6829723Z (pass) already-complete and same-status moves report state instead of not found [12.86ms]
publish	Test and inspect the package	2026-10-05T18:01:55.7219328Z (pass) deferred judgment with a real taskId stamps the exemption durably [36.59ms]
publish	Test and inspect the package	2026-10-05T18:01:55.7592855Z (pass) judgment with an unknown taskId records nothing [32.62ms]
publish	Test and inspect the package	2026-10-05T18:01:55.7889591Z (pass) inline judgment with a taskId is refused — no exemption by accident [30.99ms]
publish	Test and inspect the package	2026-10-05T18:01:55.8263168Z (pass) claim with open committed tasks is refused naming each one, auditor untouched [44.03ms]
publish	Test and inspect the package	2026-10-05T18:01:55.9889822Z (pass) claim passes the gate when open tasks are finished and the rest deferred [157.24ms]
publish	Test and inspect the package	2026-10-05T18:01:55.9928990Z (pass) zzz successor-plane reset (file hygiene, keep last) [0.05ms]
publish	Test and inspect the package	2026-10-05T18:01:55.9929492Z 
publish	Test and inspect the package	2026-10-05T18:01:55.9929884Z ##[endgroup]
publish	Test and inspect the package	2026-10-05T18:01:55.9930117Z 
publish	Test and inspect the package	2026-10-05T18:01:55.9930523Z ##[group]tests/context-growth-measurement.test.ts:
publish	Test and inspect the package	2026-10-05T18:01:56.1754293Z (pass) fixture: repeated real continuation payloads grow context linearly and are isolated [15.57ms]
publish	Test and inspect the package	2026-10-05T18:01:56.1797304Z (pass) reported checkpoint shape stays pinned across all probe sizes [4.52ms]
publish	Test and inspect the package	2026-10-05T18:01:56.1798136Z (pass) provider capture preserves exact pi-ai usage and rejects partial data [0.07ms]
publish	Test and inspect the package	2026-10-05T18:01:56.1805043Z (pass) measurement: failed turns and ordinary conversation remain separate from GLLA payload bytes [0.69ms]
publish	Test and inspect the package	2026-10-05T18:01:56.1811923Z 
publish	Test and inspect the package	2026-10-05T18:01:56.1812438Z ##[endgroup]
publish	Test and inspect the package	2026-10-05T18:01:56.1815462Z 
publish	Test and inspect the package	2026-10-05T18:01:56.1815726Z ##[group]tests/state-root-consumers.test.ts:
publish	Test and inspect the package	2026-10-05T18:01:56.3652352Z (pass) resolved consumers follow the selected root — dispatch, stats, audit findings [20.92ms]
publish	Test and inspect the package	2026-10-05T18:01:56.3660283Z (pass) pending sessionDir defers dispatch, reviewer, and audit writes — no cwd fallback tree [1.18ms]
publish	Test and inspect the package	2026-10-05T18:01:56.3664217Z (pass) workingDir fallback and PI_SESSION_FILE fallback behave correctly [0.43ms]
publish	Test and inspect the package	2026-10-05T18:01:56.3673289Z (pass) source pins: raw cwd/.pi-glla hardcodings are gone from consumers [0.79ms]
publish	Test and inspect the package	2026-10-05T18:01:56.3675727Z 
publish	Test and inspect the package	2026-10-05T18:01:56.3676070Z ##[endgroup]
publish	Test and inspect the package	2026-10-05T18:01:56.3677224Z 
publish	Test and inspect the package	2026-10-05T18:01:56.3677589Z ##[group]tests/pause-informativeness.test.ts:
publish	Test and inspect the package	2026-10-05T18:01:56.5490774Z (pass) wrap: short text stays one line; long text wraps at width; cap ellipsizes [0.94ms]
publish	Test and inspect the package	2026-10-05T18:01:56.5516631Z (pass) paused card wraps the reason over multiple lines instead of truncating at 60 [1.73ms]
publish	Test and inspect the package	2026-10-05T18:01:56.5517385Z (pass) paused card answers 'did I lose the work?' with a saved line [0.89ms]
publish	Test and inspect the package	2026-10-05T18:01:56.5695149Z (pass) paused card wraps the suggested action and closes the branch on its last line [18.10ms]
publish	Test and inspect the package	2026-10-05T18:01:56.5722378Z (pass) pause_goal tool notification carries the FULL reason AND suggested action [2.83ms]
publish	Test and inspect the package	2026-10-05T18:01:56.5789965Z (pass) pause_goal tool: structured kind/options/recommended/resumeAt persist to the goal (v0.28.22) [4.92ms]
publish	Test and inspect the package	2026-10-05T18:01:56.5794565Z (pass) pause_goal description: teaches the real command surface + no-id vocabulary (v0.28.24) [0.64ms]
publish	Test and inspect the package	2026-10-05T18:01:56.5795546Z (pass) late pause calls cannot overwrite a paused or auditing lifecycle [0.25ms]
publish	Test and inspect the package	2026-10-05T18:01:56.5811816Z (pass) v0.28.30: pause/abort notifies name the policy (List item vs Goal) via goalNoun [3.38ms]
publish	Test and inspect the package	2026-10-05T18:01:56.5851261Z (pass) v0.34.98: long-wait pause (> 6h) surfaces a tweak-prompt notification + ledger entry [3.92ms]
publish	Test and inspect the package	2026-10-05T18:01:56.5885233Z (pass) v0.34.98: short-wait pause (≤ 6h) does NOT trigger the tweak offer [3.37ms]
publish	Test and inspect the package	2026-10-05T18:01:56.5885639Z 
publish	Test and inspect the package	2026-10-05T18:01:56.5886154Z ##[endgroup]
publish	Test and inspect the package	2026-10-05T18:01:56.5889991Z 
publish	Test and inspect the package	2026-10-05T18:01:56.5890310Z ##[group]tests/start-context.test.ts:
publish	Test and inspect the package	2026-10-05T18:01:56.7816185Z (pass) bare-start inference accepts one clear current request [0.62ms]
publish	Test and inspect the package	2026-10-05T18:01:56.7816914Z (pass) bare-start inference ignores assistant text and generic acknowledgements [0.13ms]
publish	Test and inspect the package	2026-10-05T18:01:56.7817487Z (pass) bare-start inference deduplicates a repeated request [0.15ms]
publish	Test and inspect the package	2026-10-05T18:01:56.7818104Z (pass) bare-start inference fails closed for two distinct requests [0.25ms]
publish	Test and inspect the package	2026-10-05T18:01:56.7818639Z (pass) bare-start inference falls back for vague or command-only context [0.10ms]
publish	Test and inspect the package	2026-10-05T18:01:56.7819101Z (pass) bare-start inference marks a multi-task request ambiguous [0.04ms]
publish	Test and inspect the package	2026-10-05T18:01:56.7819587Z (pass) bare-start inference preserves multiline task boundaries [0.04ms]
publish	Test and inspect the package	2026-10-05T18:01:56.7820017Z (pass) session reader uses only a bounded active-branch tail [0.44ms]
publish	Test and inspect the package	2026-10-05T18:01:56.7820540Z (pass) session reader fails closed when the host branch cannot be read [0.05ms]
publish	Test and inspect the package	2026-10-05T18:01:56.7823739Z (pass) field 2026-09-16: chatter shapes divert, real objectives pass through [0.09ms]
publish	Test and inspect the package	2026-10-05T18:01:56.7824375Z (pass) field 2026-09-16: tweak chatter resolves to the discussed objective (VidPro replay) [0.13ms]
publish	Test and inspect the package	2026-10-05T18:01:56.7825001Z (pass) audit 2026-09-16: explicit compound tweak never substitutes an older request [0.04ms]
publish	Test and inspect the package	2026-10-05T18:01:56.7825700Z (pass) field 2026-09-16: tweak chatter with no discussed objective is unresolvable, never verbatim [0.04ms]
publish	Test and inspect the package	2026-10-05T18:01:56.7826380Z (pass) field 2026-09-16: tweak chatter over competing requests surfaces candidates [0.12ms]
publish	Test and inspect the package	2026-10-05T18:01:56.7826710Z 
publish	Test and inspect the package	2026-10-05T18:01:56.7827050Z ##[endgroup]
publish	Test and inspect the package	2026-10-05T18:01:56.7827165Z 
publish	Test and inspect the package	2026-10-05T18:01:56.7827425Z ##[group]tests/last-outcome-retention.test.ts:
publish	Test and inspect the package	2026-10-05T18:01:56.9351925Z (pass) v0.35.72: a legacy approved lastOutcome never repaints a completed row [0.19ms]
publish	Test and inspect the package	2026-10-05T18:01:56.9364688Z (pass) v0.35.72: a legacy aborted lastOutcome also stays hidden [0.07ms]
publish	Test and inspect the package	2026-10-05T18:01:56.9365291Z (pass) v0.35.72: a live goal remains the only rendered surface [0.38ms]
publish	Test and inspect the package	2026-10-05T18:01:56.9366134Z (pass) v0.35.72: source pins — slot close clears lastOutcome; wipe remains a clean slate [0.19ms]
publish	Test and inspect the package	2026-10-05T18:01:56.9506020Z (pass) v0.35.34: lastOutcome round-trips through persistStateLine → readState (durable across restarts) [14.87ms]
publish	Test and inspect the package	2026-10-05T18:01:56.9523402Z (pass) v0.35.34: corrupt lastOutcome lines degrade to absent, never throw [1.92ms]
publish	Test and inspect the package	2026-10-05T18:01:56.9523841Z 
publish	Test and inspect the package	2026-10-05T18:01:56.9524093Z ##[endgroup]
publish	Test and inspect the package	2026-10-05T18:01:56.9527467Z 
publish	Test and inspect the package	2026-10-05T18:01:56.9527702Z ##[group]tests/repro-jiti-state-split.test.mjs:
publish	Test and inspect the package	2026-10-05T18:01:57.1539282Z (pass) jiti: /list audit enqueues, persists the item, and ACTIVATES (state binding not split) [31.22ms]
publish	Test and inspect the package	2026-10-05T18:01:57.1539701Z 
publish	Test and inspect the package	2026-10-05T18:01:57.1540043Z ##[endgroup]
publish	Test and inspect the package	2026-10-05T18:01:57.1540918Z 
publish	Test and inspect the package	2026-10-05T18:01:57.1541325Z ##[group]tests/fresh-session-auto-recovery.test.ts:
publish	Test and inspect the package	2026-10-05T18:01:57.3100099Z (pass) attemptFreshSessionRecovery: helper checks the actual context capability, not ExtensionAPI [0.33ms]
publish	Test and inspect the package	2026-10-05T18:01:57.3100988Z (pass) attemptFreshSessionRecovery: returns false when the event context lacks newSession [0.06ms]
publish	Test and inspect the package	2026-10-05T18:01:57.3101729Z (pass) runtime: current event-shaped context skips because pi does not expose newSession there [0.52ms]
publish	Test and inspect the package	2026-10-05T18:01:57.3102434Z (pass) runtime: a future command-capable host context is actually invoked and ledgered [0.41ms]
publish	Test and inspect the package	2026-10-05T18:01:57.3103084Z (pass) runtime: rejected or callback-free async recovery fails closed [0.80ms]
publish	Test and inspect the package	2026-10-05T18:01:57.3103815Z (pass) every stale-ctx send site routes through attemptFreshSessionRecovery before falling back to goStaleTerminal [0.18ms]
publish	Test and inspect the package	2026-10-05T18:01:57.3242854Z (pass) stale display guidance names /new, not /reload, for the actual cached-ctx wedge [14.27ms]
publish	Test and inspect the package	2026-10-05T18:01:57.3243152Z 
publish	Test and inspect the package	2026-10-05T18:01:57.3243428Z ##[endgroup]
publish	Test and inspect the package	2026-10-05T18:01:57.3245324Z 
publish	Test and inspect the package	2026-10-05T18:01:57.3245591Z ##[group]tests/reviewer.test.ts:
publish	Test and inspect the package	2026-10-05T18:01:57.4772168Z (pass) fires on goal-complete + list-complete; NOT on aborted/paused [0.90ms]
publish	Test and inspect the package	2026-10-05T18:01:57.4772897Z (pass) leverage: bug/TODO findings enqueue to /list WITHOUT any Confirm (no proposeGoal) [0.61ms]
publish	Test and inspect the package	2026-10-05T18:01:57.4773520Z (pass) architectural findings are proposed as /goal (Confirm path) [0.45ms]
publish	Test and inspect the package	2026-10-05T18:01:57.4774104Z (pass) classification order: strategic > architectural > bug > refactor [0.07ms]
publish	Test and inspect the package	2026-10-05T18:01:57.4922053Z (pass) clean completion fires the audit step; strategic-only notifies [14.76ms]
publish	Test and inspect the package	2026-10-05T18:01:57.4922774Z (pass) runaway prevention: a reviewer fire in the last 5 minutes suppresses re-firing [0.21ms]
publish	Test and inspect the package	2026-10-05T18:01:57.4924723Z (pass) per-day cap: the 21st fire is suppressed with a ledger entry [0.24ms]
publish	Test and inspect the package	2026-10-05T18:01:57.4927072Z (pass) manual /review bypasses the trigger gates [0.26ms]
publish	Test and inspect the package	2026-10-05T18:01:57.4931071Z (pass) review report written to .pi-glla/reviews/<goal-id>-<timestamp>.md [0.38ms]
publish	Test and inspect the package	2026-10-05T18:01:57.4932261Z (pass) menu options reflect the config [0.14ms]
publish	Test and inspect the package	2026-10-05T18:01:57.4950209Z (pass) no /loop triggering: the loop stop path never calls runReviewer [1.78ms]
publish	Test and inspect the package	2026-10-05T18:01:57.4950825Z (pass) config block: partial project settings merge over defaults [0.07ms]
publish	Test and inspect the package	2026-10-05T18:01:57.4956185Z (pass) v0.28.16 duplicate-scan dedupe: completing a regression scan does NOT propose another scan (report-only) [0.48ms]
publish	Test and inspect the package	2026-10-05T18:01:57.4956575Z 
publish	Test and inspect the package	2026-10-05T18:01:57.4956832Z ##[endgroup]
publish	Test and inspect the package	2026-10-05T18:01:57.4959931Z 
publish	Test and inspect the package	2026-10-05T18:01:57.4960184Z ##[group]tests/drafting-handoff.test.ts:
publish	Test and inspect the package	2026-10-05T18:02:00.4928162Z (pass) draft-only handoff: a real question waits without an autonomous retry [2847.66ms]
publish	Test and inspect the package	2026-10-05T18:02:06.1135411Z (pass) field screenshot: answered promise-only draft delivers exactly one corrective follow-up [5620.70ms]
publish	Test and inspect the package	2026-10-05T18:02:08.9255313Z (pass) cancelled or missing answer suppresses stale handoff evidence: {"cancelled":true,"answers":[]} [2812.00ms]
publish	Test and inspect the package	2026-10-05T18:02:11.7442521Z (pass) cancelled or missing answer suppresses stale handoff evidence: {} [2818.68ms]
publish	Test and inspect the package	2026-10-05T18:02:12.9533417Z [run-tests] progress: 90s elapsed · 1s since last output · 51 KiB of suite output
publish	Test and inspect the package	2026-10-05T18:02:14.5552897Z (pass) cancelled or missing answer suppresses stale handoff evidence: {"cancelled":false,"answers":[]} [2811.01ms]
publish	Test and inspect the package	2026-10-05T18:02:17.3657179Z (pass) pending draft correction stands down on cancel [2810.45ms]
publish	Test and inspect the package	2026-10-05T18:02:20.1838439Z (pass) pending draft correction stands down on user [2818.03ms]
publish	Test and inspect the package	2026-10-05T18:02:23.0016821Z (pass) pending draft correction stands down on busy [2817.83ms]
publish	Test and inspect the package	2026-10-05T18:02:25.8125816Z (pass) pending draft correction stands down on pending [2810.94ms]
publish	Test and inspect the package	2026-10-05T18:02:28.6237219Z (pass) pending draft correction stands down on shutdown [2811.08ms]
publish	Test and inspect the package	2026-10-05T18:02:31.4345653Z (pass) pending draft correction stands down on new-draft [2810.80ms]
publish	Test and inspect the package	2026-10-05T18:02:31.4345899Z 
publish	Test and inspect the package	2026-10-05T18:02:31.4346157Z ##[endgroup]
publish	Test and inspect the package	2026-10-05T18:02:31.4348344Z 
publish	Test and inspect the package	2026-10-05T18:02:31.4348603Z ##[group]tests/completed-audit-recovery.test.ts:
publish	Test and inspect the package	2026-10-05T18:02:31.7640399Z (pass) legacy parked claim without phase consumes saved approved on the first restore [174.13ms]
publish	Test and inspect the package	2026-10-05T18:02:31.9023677Z (pass) legacy parked claim without phase consumes saved disapproved on the first restore [137.40ms]
publish	Test and inspect the package	2026-10-05T18:02:32.2294088Z (pass) healthy host heartbeat reconciles an unarmed orphan: approved [327.67ms]
publish	Test and inspect the package	2026-10-05T18:02:32.5348161Z (pass) healthy host heartbeat reconciles an unarmed orphan: disapproved [305.66ms]
publish	Test and inspect the package	2026-10-05T18:02:32.8213885Z (pass) healthy host heartbeat reconciles an unarmed orphan: missing [286.53ms]
publish	Test and inspect the package	2026-10-05T18:02:33.0989068Z (pass) heartbeat orphan recovery respects in-flight [276.77ms]
publish	Test and inspect the package	2026-10-05T18:02:33.4414131Z (pass) heartbeat orphan recovery respects recent [343.27ms]
publish	Test and inspect the package	2026-10-05T18:02:33.7114105Z (pass) heartbeat orphan recovery respects frozen [269.94ms]
publish	Test and inspect the package	2026-10-05T18:02:33.9776247Z (pass) heartbeat orphan recovery respects cold-held [266.24ms]
publish	Test and inspect the package	2026-10-05T18:02:34.3971375Z (pass) finished real worker, lost parent: restart applies approved exactly once without re-auditing [419.25ms]
publish	Test and inspect the package	2026-10-05T18:02:34.7567337Z (pass) finished real worker, lost parent: restart applies disapproved exactly once without re-auditing [359.30ms]
publish	Test and inspect the package	2026-10-05T18:02:35.0200988Z (pass) manual resume consumes a completed parked claim instead of launching another auditor [263.74ms]
publish	Test and inspect the package	2026-10-05T18:02:35.3183555Z (pass) agent resume consumes a completed parked claim instead of launching another auditor [297.88ms]
publish	Test and inspect the package	2026-10-05T18:02:35.7299356Z (pass) silent file-backed successor applies a finished verdict from the dead generation [411.50ms]
publish	Test and inspect the package	2026-10-05T18:02:35.7314776Z (pass) legacy completed jobs bind the original goal, contract, and claim without new metadata [1.77ms]
publish	Test and inspect the package	2026-10-05T18:02:35.7324492Z (pass) newer unfinished candidate prevents replay of an older completed result [0.98ms]
publish	Test and inspect the package	2026-10-05T18:02:35.7332505Z (pass) saved result refuses unsafe recovery: revision [0.78ms]
publish	Test and inspect the package	2026-10-05T18:02:35.7338272Z (pass) saved result refuses unsafe recovery: claim [0.59ms]
publish	Test and inspect the package	2026-10-05T18:02:35.7343822Z (pass) saved result refuses unsafe recovery: structured-claim [0.55ms]
publish	Test and inspect the package	2026-10-05T18:02:35.7350315Z (pass) saved result refuses unsafe recovery: hash [0.65ms]
publish	Test and inspect the package	2026-10-05T18:02:35.7356263Z (pass) saved result refuses unsafe recovery: result-identity [0.58ms]
publish	Test and inspect the package	2026-10-05T18:02:35.7364228Z (pass) saved result refuses unsafe recovery: cancelled-tool [0.76ms]
publish	Test and inspect the package	2026-10-05T18:02:35.7370321Z (pass) saved result refuses unsafe recovery: strict-challenge [0.63ms]
publish	Test and inspect the package	2026-10-05T18:02:35.7376085Z (pass) saved result refuses unsafe recovery: unsupported-tool [0.57ms]
publish	Test and inspect the package	2026-10-05T18:02:35.7383528Z (pass) corrupt final progress identity refuses recovery without consuming the claim [0.72ms]
publish	Test and inspect the package	2026-10-05T18:02:35.7391698Z (pass) saved approval still enforces the audit-tool floor and regression shield [0.81ms]
publish	Test and inspect the package	2026-10-05T18:02:35.7396963Z (pass) second audit pass remains visible through thinking, tools, and report generation [0.50ms]
publish	Test and inspect the package	2026-10-05T18:02:36.0094416Z (pass) days-old auditing orphan with a saved verdict recovers via heartbeat (SEO field case) [269.54ms]
publish	Test and inspect the package	2026-10-05T18:02:36.2760678Z (pass) workerless in-flight claim with a saved verdict reconciles without launching [266.56ms]
publish	Test and inspect the package	2026-10-05T18:02:36.6798317Z (pass) S5: workerless in-flight claim parks under the stale latch via stale-latch-workerless [403.73ms]
publish	Test and inspect the package	2026-10-05T18:02:36.9525332Z (pass) workerless in-flight claim without a verdict parks via workerless-in-flight [272.77ms]
publish	Test and inspect the package	2026-10-05T18:02:36.9885746Z (pass) auditorWorkerLiveForAttempt: only a matching live worker counts [35.98ms]
publish	Test and inspect the package	2026-10-05T18:02:36.9897134Z (pass) unreadable saved transcript returns null but ledgers the reason [1.33ms]
publish	Test and inspect the package	2026-10-05T18:02:37.0153648Z (pass) workerProcessMatches darwin branch reads identity via ps [25.55ms]
publish	Test and inspect the package	2026-10-05T18:02:37.2747501Z (pass) auditing claim stuck in starting with no worker parks for recovery via heartbeat [259.26ms]
publish	Test and inspect the package	2026-10-05T18:02:37.5387290Z (pass) S7: stranded recovery measures real activity, not the heartbeat's own refire notes [263.97ms]
publish	Test and inspect the package	2026-10-05T18:02:37.8068973Z (pass) workerless park drops the dead attempt's auditor cursor so recovery re-walks (clean-web field) [268.08ms]
publish	Test and inspect the package	2026-10-05T18:02:37.8079704Z (pass) reconcile names its rejecting gate in the ledger [1.32ms]
publish	Test and inspect the package	2026-10-05T18:02:37.8079927Z 
publish	Test and inspect the package	2026-10-05T18:02:37.8080249Z ##[endgroup]
publish	Test and inspect the package	2026-10-05T18:02:37.8084291Z 
publish	Test and inspect the package	2026-10-05T18:02:37.8084827Z ##[group]tests/model-selector.test.ts:
publish	Test and inspect the package	2026-10-05T18:02:37.9761933Z (pass) chainFor returns the configured chain for a scope [0.25ms]
publish	Test and inspect the package	2026-10-05T18:02:37.9763772Z (pass) selectNext walks the chain in order and skips current + attempted [0.17ms]
publish	Test and inspect the package	2026-10-05T18:02:37.9764471Z (pass) selectNextValid returns the first registered, non-forbidden ref in chain order [0.17ms]
publish	Test and inspect the package	2026-10-05T18:02:37.9765035Z (pass) selectNextValid skips refs already in the attempted list [0.08ms]
publish	Test and inspect the package	2026-10-05T18:02:37.9765629Z (pass) selectNextValid also skips current when it would otherwise be a candidate [0.03ms]
publish	Test and inspect the package	2026-10-05T18:02:37.9766369Z (pass) selectNextValid does not mutate the caller's attempted list [0.07ms]
publish	Test and inspect the package	2026-10-05T18:02:37.9767082Z (pass) selectNextValid skips forbidden refs and records each rejection [0.07ms]
publish	Test and inspect the package	2026-10-05T18:02:37.9767745Z (pass) selectNextValid records forbidden rejections until a valid ref is found [0.05ms]
publish	Test and inspect the package	2026-10-05T18:02:37.9768764Z (pass) selectNextValid skips refs missing from the resolver and records each rejection [0.05ms]
publish	Test and inspect the package	2026-10-05T18:02:37.9779659Z (pass) selectNextValid records forbidden before unregistered when both fail [0.03ms]
publish	Test and inspect the package	2026-10-05T18:02:37.9780306Z (pass) selectNextValid returns reason=exhausted when the chain runs out [0.03ms]
publish	Test and inspect the package	2026-10-05T18:02:37.9780908Z (pass) selectNextValid returns exhausted when every ref is forbidden [0.05ms]
publish	Test and inspect the package	2026-10-05T18:02:37.9781472Z (pass) selectNextValid returns exhausted on an empty chain [0.03ms]
publish	Test and inspect the package	2026-10-05T18:02:37.9782052Z (pass) selectNextValid records one event per ref visited plus a final outcome [0.07ms]
publish	Test and inspect the package	2026-10-05T18:02:37.9782619Z (pass) selectNextValid tags subagent scope on every recorded event [0.06ms]
publish	Test and inspect the package	2026-10-05T18:02:37.9783172Z (pass) selectNextValid does not throw when no recorder is supplied [0.04ms]
publish	Test and inspect the package	2026-10-05T18:02:37.9783733Z (pass) canUseRef is true only when a ref is not forbidden and resolves [0.05ms]
publish	Test and inspect the package	2026-10-05T18:02:37.9784691Z (pass) classifyFailure is scope-agnostic — same input returns same output for any scope [0.08ms]
publish	Test and inspect the package	2026-10-05T18:02:37.9785336Z (pass) retryDelayMs returns the same value as mainModelFailureDelayMs (default base) [0.24ms]
publish	Test and inspect the package	2026-10-05T18:02:37.9785990Z (pass) audit 2026-09-06: retryDelayMs honors the injected retry base minutes [0.08ms]
publish	Test and inspect the package	2026-10-05T18:02:37.9786718Z (pass) selectNextValid composes nextUntriedModelRef — manual loop yields the same answer [0.12ms]
publish	Test and inspect the package	2026-10-05T18:02:37.9787098Z 
publish	Test and inspect the package	2026-10-05T18:02:37.9787550Z ##[endgroup]
publish	Test and inspect the package	2026-10-05T18:02:37.9787670Z 
publish	Test and inspect the package	2026-10-05T18:02:37.9788090Z ##[group]tests/repository-receipts.test.ts:
publish	Test and inspect the package	2026-10-05T18:02:38.1491129Z (pass) repository-only findings are archive-only, without empty chat groups [1.67ms]
publish	Test and inspect the package	2026-10-05T18:02:38.1492926Z (pass) repository receipt stays archival while substantive ledger fixes remain visible [0.37ms]
publish	Test and inspect the package	2026-10-05T18:02:38.1493623Z (pass) flat receipts are archive-only while limitations remain visible [0.54ms]
publish	Test and inspect the package	2026-10-05T18:02:38.1640697Z (pass) mixed receipt vocabulary never deletes repairs or unperformed checks [14.94ms]
publish	Test and inspect the package	2026-10-05T18:02:38.1647308Z (pass) archive keeps unknown proof; chat keeps the detailed narrative focused [0.95ms]
publish	Test and inspect the package	2026-10-05T18:02:38.1648484Z 
publish	Test and inspect the package	2026-10-05T18:02:38.1649059Z ##[endgroup]
publish	Test and inspect the package	2026-10-05T18:02:38.1652110Z 
publish	Test and inspect the package	2026-10-05T18:02:38.1652338Z ##[group]tests/metric-never-moved-resumable.test.ts:
publish	Test and inspect the package	2026-10-05T18:02:38.5189848Z (pass) behavioral: a loop parked by 'metric never moved' resumes via /loop resume — history kept, counters re-armed [188.56ms]
publish	Test and inspect the package	2026-10-05T18:02:38.8532986Z (pass) v0.35.x: time and token bound stops resume as fresh windows without discarding history [334.58ms]
publish	Test and inspect the package	2026-10-05T18:02:39.3512029Z (pass) v0.35.x: metricless cadence delays automatic re-wakes but explicit start is urgent [497.70ms]
publish	Test and inspect the package	2026-10-05T18:02:39.4781006Z (pass) negative pin: a bounded stop ('max iterations reached') is still not resumable [126.68ms]
publish	Test and inspect the package	2026-10-05T18:02:39.4781283Z 
publish	Test and inspect the package	2026-10-05T18:02:39.4781565Z ##[endgroup]
publish	Test and inspect the package	2026-10-05T18:02:39.4782483Z 
publish	Test and inspect the package	2026-10-05T18:02:39.4782722Z ##[group]tests/last-wins.test.ts:
publish	Test and inspect the package	2026-10-05T18:02:39.8346583Z (pass) last-wins: a main host steals a live root — the old owner is never signaled [189.04ms]
publish	Test and inspect the package	2026-10-05T18:02:39.9540034Z (pass) last-wins: a worker contact never steals — the main session keeps the root [119.34ms]
publish	Test and inspect the package	2026-10-05T18:02:39.9647169Z (pass) last-wins: quiet paths still reclaim without supersede noise [10.89ms]
publish	Test and inspect the package	2026-10-05T18:02:40.1940645Z (pass) last-wins: the dethroned session stands down once, then recovers when the holder dies [229.14ms]
publish	Test and inspect the package	2026-10-05T18:02:40.2031521Z (pass) last-wins wiring: session_start supersedes under hostLifecycleStart, agent_end notes standing [9.27ms]
publish	Test and inspect the package	2026-10-05T18:02:40.5403399Z (pass) last-wins: an archive fence no longer refuses the new objective — old is ledgered, new starts [336.97ms]
publish	Test and inspect the package	2026-10-05T18:02:40.8830158Z (pass) last-wins control: without a fence the old objective still archives honestly [342.71ms]
publish	Test and inspect the package	2026-10-05T18:02:40.8919775Z (pass) last-wins source pins: setGoal preserves-then-proceeds, refusal text gone [9.11ms]
publish	Test and inspect the package	2026-10-05T18:02:41.0041247Z (pass) audit-2026-09-06: same-session lineage reclaims quietly — no steal event [111.92ms]
publish	Test and inspect the package	2026-10-05T18:02:41.1230910Z (pass) audit-2026-09-06: anonymous claimant cannot dethrone a live owner [119.00ms]
publish	Test and inspect the package	2026-10-05T18:02:41.1231349Z 
publish	Test and inspect the package	2026-10-05T18:02:41.1231689Z ##[endgroup]
publish	Test and inspect the package	2026-10-05T18:02:41.1234744Z 
publish	Test and inspect the package	2026-10-05T18:02:41.1235180Z ##[group]tests/auditor-session-mirror.test.ts:
publish	Test and inspect the package	2026-10-05T18:02:41.3040228Z (pass) sessionMirrorExtensionSpecs returns raw user settings package specs [1.18ms]
publish	Test and inspect the package	2026-10-05T18:02:41.3042053Z (pass) sessionMirrorExtensionSpecs appends project settings specs, deduped [0.43ms]
publish	Test and inspect the package	2026-10-05T18:02:41.3043986Z (pass) sessionMirrorExtensionSpecs never mirrors GLLA itself [0.22ms]
publish	Test and inspect the package	2026-10-05T18:02:41.3044837Z (pass) mergeAuditorAllowedExtensions unions user allowlist first, then mirror [0.08ms]
publish	Test and inspect the package	2026-10-05T18:02:41.3045606Z (pass) mergeAuditorAllowedExtensions with mirror off keeps the user allowlist alone [0.02ms]
publish	Test and inspect the package	2026-10-05T18:02:41.3046349Z (pass) mergeAuditorAllowedExtensions with mirror on and empty user list yields the mirror [0.06ms]
publish	Test and inspect the package	2026-10-05T18:02:41.3048361Z (pass) unresolvable mirror entries still drop fail-closed at resolve time [0.25ms]
publish	Test and inspect the package	2026-10-05T18:02:41.3109711Z (pass) settings round-trip: mirror opt-out persists, on clears, junk normalizes [6.05ms]
publish	Test and inspect the package	2026-10-05T18:02:41.3110062Z 
publish	Test and inspect the package	2026-10-05T18:02:41.3110408Z ##[endgroup]
publish	Test and inspect the package	2026-10-05T18:02:41.3113810Z 
publish	Test and inspect the package	2026-10-05T18:02:41.3114204Z ##[group]tests/state-root-failure.test.ts:
publish	Test and inspect the package	2026-10-05T18:02:41.5044163Z (pass) known session root remains readable and mutations defer on permission [17.38ms]
publish	Test and inspect the package	2026-10-05T18:02:41.5062975Z (pass) known session root remains readable and mutations defer on malformed [2.10ms]
publish	Test and inspect the package	2026-10-05T18:02:41.5082395Z (pass) known session root remains readable and mutations defer on invalid-selector [1.90ms]
publish	Test and inspect the package	2026-10-05T18:02:41.5090243Z (pass) cold unreadable selector does not authorize a fallback root [0.83ms]
publish	Test and inspect the package	2026-10-05T18:02:41.5093541Z (pass) cold invalid-json selector does not authorize a fallback root [0.31ms]
publish	Test and inspect the package	2026-10-05T18:02:41.5101138Z (pass) absent selector uses the default, while a persistence operation pins a validated root [0.76ms]
publish	Test and inspect the package	2026-10-05T18:02:41.5101705Z 
publish	Test and inspect the package	2026-10-05T18:02:41.5102072Z ##[endgroup]
publish	Test and inspect the package	2026-10-05T18:02:41.5105680Z 
publish	Test and inspect the package	2026-10-05T18:02:41.5105956Z ##[group]tests/stale-delayed-context.test.ts:
publish	Test and inspect the package	2026-10-05T18:02:41.6945383Z (pass) v0.34.20: registered agent tools resolve the invocation context [13.88ms]
publish	Test and inspect the package	2026-10-05T18:02:41.6952878Z (pass) v0.34.20: provider retry timers have one session-boundary adapter [0.99ms]
publish	Test and inspect the package	2026-10-05T18:02:41.6956846Z (pass) v0.34.20: detached fan-out revalidates after user confirmation [0.40ms]
publish	Test and inspect the package	2026-10-05T18:02:41.6966229Z (pass) v0.34.22: detached completion audits persist lifecycle claims and stop applying after replacement [0.93ms]
publish	Test and inspect the package	2026-10-05T18:02:41.6967969Z (pass) v0.34.20: generic infra retry supports a lifecycle guard before and after backoff [0.17ms]
publish	Test and inspect the package	2026-10-05T18:02:41.6969333Z (pass) v0.34.20: manual resume consumes a stored completion claim directly [0.13ms]
publish	Test and inspect the package	2026-10-05T18:02:41.6972869Z (pass) v0.34.20: loop measurement and branch cleanup rebind after async work [0.34ms]
publish	Test and inspect the package	2026-10-05T18:02:41.6973079Z 
publish	Test and inspect the package	2026-10-05T18:02:41.6973337Z ##[endgroup]
publish	Test and inspect the package	2026-10-05T18:02:41.6977243Z 
publish	Test and inspect the package	2026-10-05T18:02:41.6977445Z ##[group]tests/hourly-quota-probe.test.ts:
publish	Test and inspect the package	2026-10-05T18:02:41.8821005Z (pass) v0.34.92: nextHourlyProbeMs returns :00:30 of the NEXT hour [0.43ms]
publish	Test and inspect the package	2026-10-05T18:02:41.8821643Z (pass) v0.34.92: nextHourlyProbeMs at :00:29 jumps to THIS hour's :00:30 [0.03ms]
publish	Test and inspect the package	2026-10-05T18:02:41.8822134Z (pass) v0.34.92: nextHourlyProbeMs at :00:31 jumps to NEXT hour [0.07ms]
publish	Test and inspect the package	2026-10-05T18:02:41.8822554Z (pass) v0.34.92: nextHourlyProbeMs strictly > now [0.16ms]
publish	Test and inspect the package	2026-10-05T18:02:41.8823426Z (pass) v0.34.92: nextHourlyPromptMs (legacy) still returns :00:00 — kept for callers that pin it [0.05ms]
publish	Test and inspect the package	2026-10-05T18:02:41.8824332Z (pass) v0.34.92: scheduleHourlyProbe / fireHourlyProbe / cancelHourlyProbe are wired in goal-recovery.ts [0.27ms]
publish	Test and inspect the package	2026-10-05T18:02:41.8825168Z (pass) v0.34.92: parkMainModelAfterFailure schedules the hourly ticker alongside the recovery timer [0.09ms]
publish	Test and inspect the package	2026-10-05T18:02:41.8825801Z (pass) v0.34.92: mainModelRecoverySucceeded cancels the hourly ticker [0.05ms]
publish	Test and inspect the package	2026-10-05T18:02:41.8826375Z (pass) v0.34.92: clearMainModelRecoveryTimer cancels the hourly ticker in lockstep [0.03ms]
publish	Test and inspect the package	2026-10-05T18:02:41.8827816Z (pass) v0.34.131: a failed hourly probe re-arms only after the async recovery settles [0.18ms]
publish	Test and inspect the package	2026-10-05T18:02:41.9913880Z (pass) v0.34.132: executable runtime regression covers failure re-arm, opt-out, and generation fencing [108.34ms]
publish	Test and inspect the package	2026-10-05T18:02:41.9914641Z (pass) v0.34.92: session_start re-arms the hourly ticker when recovery is parked [0.27ms]
publish	Test and inspect the package	2026-10-05T18:02:41.9915377Z (pass) fresh pause fences cover the hourly auditor backstop too [0.11ms]
publish	Test and inspect the package	2026-10-05T18:02:41.9915871Z (pass) v0.34.142: hourlyRetryProbe setting exists and defaults to ON [0.05ms]
publish	Test and inspect the package	2026-10-05T18:02:41.9920696Z (pass) v0.34.142: the /glla menu exposes hourlyRetryProbe with on/off options [0.46ms]
publish	Test and inspect the package	2026-10-05T18:02:41.9969094Z (pass) v0.34.92: v0.34.58/v0.34.90 quota-prompt machinery is REMOVED from goal.ts and core.ts [4.81ms]
publish	Test and inspect the package	2026-10-05T18:02:41.9969725Z (pass) v0.34.92: nextHourlyProbeMs is exported from goal-loop-core.ts [0.05ms]
publish	Test and inspect the package	2026-10-05T18:02:41.9970005Z 
publish	Test and inspect the package	2026-10-05T18:02:41.9970304Z ##[endgroup]
publish	Test and inspect the package	2026-10-05T18:02:41.9974179Z 
publish	Test and inspect the package	2026-10-05T18:02:41.9974494Z ##[group]tests/list-import.test.ts:
publish	Test and inspect the package	2026-10-05T18:02:42.1620608Z (pass) markdown checklist [0.27ms]
publish	Test and inspect the package	2026-10-05T18:02:42.1621178Z (pass) bullets of all flavors [0.05ms]
publish	Test and inspect the package	2026-10-05T18:02:42.1621526Z (pass) numbered items [0.03ms]
publish	Test and inspect the package	2026-10-05T18:02:42.1621805Z (pass) plain lines pass through [0.02ms]
publish	Test and inspect the package	2026-10-05T18:02:42.1622373Z (pass) headings, blanks, comments, hr rules are skipped [0.02ms]
publish	Test and inspect the package	2026-10-05T18:02:42.1622976Z (pass) a sisyphus-style plan file imports clean [0.03ms]
publish	Test and inspect the package	2026-10-05T18:02:42.1624331Z (pass) whitespace-only and empty content yields nothing [0.07ms]
publish	Test and inspect the package	2026-10-05T18:02:42.1625039Z (pass) items with inline contracts survive intact [0.02ms]
publish	Test and inspect the package	2026-10-05T18:02:42.1625697Z (pass) resolveImportFile: detects a real file by bare name [0.39ms]
publish	Test and inspect the package	2026-10-05T18:02:42.1763917Z (pass) resolveImportFile: detects paths with separators and ./ [14.20ms]
publish	Test and inspect the package	2026-10-05T18:02:42.1766139Z (pass) resolveImportFile: objective text is NOT a file [0.41ms]
publish	Test and inspect the package	2026-10-05T18:02:42.1768083Z (pass) resolveImportFile: directories are not importable [0.19ms]
publish	Test and inspect the package	2026-10-05T18:02:42.1770465Z (pass) routeListText: file path wins over everything [0.25ms]
publish	Test and inspect the package	2026-10-05T18:02:42.1773080Z (pass) routeListText: field 2026-09-16 — plain lines are a paragraph, not a batch [0.23ms]
publish	Test and inspect the package	2026-10-05T18:02:42.1773605Z (pass) routeListText: field 2026-09-16 — marked structure still batches [0.09ms]
publish	Test and inspect the package	2026-10-05T18:02:42.1774168Z (pass) hasExplicitListStructure: two marked lines, one marked line, none [0.04ms]
publish	Test and inspect the package	2026-10-05T18:02:42.1776354Z (pass) routeListText: field 2026-09-16 — explicit add keeps contracted lines batched (v0.34.81 subtasks) [0.21ms]
publish	Test and inspect the package	2026-10-05T18:02:42.1777141Z (pass) routeListText: field 2026-09-16 — explicit add with contract-less prose still drafts [0.04ms]
publish	Test and inspect the package	2026-10-05T18:02:42.1777810Z (pass) routeListText: field 2026-09-16 — explicit add batches mixed contracted lines [0.03ms]
publish	Test and inspect the package	2026-10-05T18:02:42.1778488Z (pass) audit 2026-09-16: bare list preserves independently contracted records [0.04ms]
publish	Test and inspect the package	2026-10-05T18:02:42.1779035Z (pass) audit 2026-09-16: add preserves a paragraph with a standalone contract [0.03ms]
publish	Test and inspect the package	2026-10-05T18:02:42.1779600Z (pass) routeListText: pasted bullets preserve item wording and contracts [0.03ms]
publish	Test and inspect the package	2026-10-05T18:02:42.1780195Z (pass) routeListText: a one-record paste remains eligible for item-level clarification [0.02ms]
publish	Test and inspect the package	2026-10-05T18:02:42.1780780Z (pass) routeListText: 'Done when:' clause adds directly, no interview [0.02ms]
publish	Test and inspect the package	2026-10-05T18:02:42.1781250Z (pass) routeListText: vague dump goes to conversational drafting [0.02ms]
publish	Test and inspect the package	2026-10-05T18:02:42.1781546Z (pass) routeListText: nonexistent file-ish text is not a file [0.04ms]
publish	Test and inspect the package	2026-10-05T18:02:42.1781834Z (pass) listMutationBlocked: only during list drafting sessions [0.12ms]
publish	Test and inspect the package	2026-10-05T18:02:42.1781998Z 
publish	Test and inspect the package	2026-10-05T18:02:42.1782252Z ##[endgroup]
publish	Test and inspect the package	2026-10-05T18:02:42.1785338Z 
publish	Test and inspect the package	2026-10-05T18:02:42.1785717Z ##[group]tests/outcome-first-chat.test.ts:
publish	Test and inspect the package	2026-10-05T18:02:42.3362117Z (pass) whole-work recap takes precedence for every plain/structured repair combination [4.49ms]
publish	Test and inspect the package	2026-10-05T18:02:42.3524948Z (pass) four-area chat is outcome-first and grouped; archive retains detailed evidence [16.26ms]
publish	Test and inspect the package	2026-10-05T18:02:42.3525357Z 
publish	Test and inspect the package	2026-10-05T18:02:42.3525689Z ##[endgroup]
publish	Test and inspect the package	2026-10-05T18:02:42.3527305Z 
publish	Test and inspect the package	2026-10-05T18:02:42.3527598Z ##[group]tests/stuck-audit-latch.test.ts:
publish	Test and inspect the package	2026-10-05T18:02:42.5373357Z (pass) Fix A: the apply gate defers + parks instead of silently dropping a completed verdict [11.22ms]
publish	Test and inspect the package	2026-10-05T18:02:42.5374157Z (pass) Fix B: the stale-latch stranded park runs BEFORE the extensionApiStale early return [0.27ms]
publish	Test and inspect the package	2026-10-05T18:02:42.5376678Z (pass) Fix B: the park requires the stuck signature (auditing, claim, 90s silence; in-flight only when workerless) [0.29ms]
publish	Test and inspect the package	2026-10-05T18:02:42.5378067Z (pass) audit 2026-09-25: stranded_audit_recovered is ledgered only after the park lands [0.15ms]
publish	Test and inspect the package	2026-10-05T18:02:42.5378737Z (pass) S9 (continuation route): the overdue backstop latches only after the park-clear lands [0.05ms]
publish	Test and inspect the package	2026-10-05T18:02:42.5379409Z (pass) S9 (probe route): the overdue backstop releases the latch at settle when the wait is still parked [0.05ms]
publish	Test and inspect the package	2026-10-05T18:02:42.5379813Z 
publish	Test and inspect the package	2026-10-05T18:02:42.5380140Z ##[endgroup]
publish	Test and inspect the package	2026-10-05T18:02:42.5383645Z 
publish	Test and inspect the package	2026-10-05T18:02:42.5383983Z ##[group]tests/mechanical-pipeline.test.ts:
publish	Test and inspect the package	2026-10-05T18:02:42.6941866Z (pass) parseMechanicalPipeline: accepts the narrow pipeline shape [0.30ms]
publish	Test and inspect the package	2026-10-05T18:02:42.6944362Z (pass) parseMechanicalPipeline: rejects everything outside the shape [0.17ms]
publish	Test and inspect the package	2026-10-05T18:02:42.6945033Z (pass) extraction delivers the field pipeline string to the runner [0.15ms]
publish	Test and inspect the package	2026-10-05T18:02:42.7329898Z (pass) pipeline runs shell-free: green head passes, evidence truncated [43.00ms]
publish	Test and inspect the package	2026-10-05T18:02:42.7991110Z (pass) pipeline exit follows the head, never the filter [66.15ms]
publish	Test and inspect the package	2026-10-05T18:02:42.7992864Z (pass) unsafe pipeline stages never execute: 126 with no side effects [0.38ms]
publish	Test and inspect the package	2026-10-05T18:02:42.8311453Z (pass) grep filter reads stdin only: no file operand, no leak [31.61ms]
publish	Test and inspect the package	2026-10-05T18:02:42.8311710Z 
publish	Test and inspect the package	2026-10-05T18:02:42.8311972Z ##[endgroup]
publish	Test and inspect the package	2026-10-05T18:02:42.8313764Z 
publish	Test and inspect the package	2026-10-05T18:02:42.8314056Z ##[group]tests/objective-loss-state-root.test.ts:
publish	Test and inspect the package	2026-10-05T18:02:42.9539528Z [run-tests] progress: 120s elapsed · 0s since last output · 66 KiB of suite output
publish	Test and inspect the package	2026-10-05T18:02:42.9910123Z (pass) workingDir default: cwd switch makes old objective invisible from new cwd (expected) [1.97ms]
publish	Test and inspect the package	2026-10-05T18:02:43.0077476Z (pass) sessionDir opt-in: same cwd switch keeps objective visible via shared sessionDir [17.06ms]
publish	Test and inspect the package	2026-10-05T18:02:43.0085772Z (pass) evidence: no destructive migration and pending defers writes — Wez crash / version switch does not delete old root [1.01ms]
publish	Test and inspect the package	2026-10-05T18:02:43.0086037Z 
publish	Test and inspect the package	2026-10-05T18:02:43.0086349Z ##[endgroup]
publish	Test and inspect the package	2026-10-05T18:02:43.0090004Z 
publish	Test and inspect the package	2026-10-05T18:02:43.0090393Z ##[group]tests/long-running-discipline.test.ts:
publish	Test and inspect the package	2026-10-05T18:02:43.1718168Z (pass) long-running supervision is event-driven with 250ms→15s fallback, not duration-guessed [0.46ms]
publish	Test and inspect the package	2026-10-05T18:02:43.1719207Z (pass) monitor goals are display-only — scheduling is event-driven for every plane [0.46ms]
publish	Test and inspect the package	2026-10-05T18:02:43.1719880Z (pass) drafting batches 2–4 questions up front via one ask_user_question picker [0.17ms]
publish	Test and inspect the package	2026-10-05T18:02:43.1720254Z (pass) long-running policies compensate zero mid-run questions with more upfront [0.12ms]
publish	Test and inspect the package	2026-10-05T18:02:43.1720622Z (pass) continuation prompt carries both policies so active execution sees them [1.32ms]
publish	Test and inspect the package	2026-10-05T18:02:43.1720806Z 
publish	Test and inspect the package	2026-10-05T18:02:43.1721071Z ##[endgroup]
publish	Test and inspect the package	2026-10-05T18:02:43.1721144Z 
publish	Test and inspect the package	2026-10-05T18:02:43.1721316Z ##[group]tests/persistence-recovery.test.ts:
publish	Test and inspect the package	2026-10-05T18:02:43.3672064Z (pass) archive summary obligation survives every projection boundary and outbox failure [29.96ms]
publish	Test and inspect the package	2026-10-05T18:02:44.3165955Z (pass) SIGKILL before outbox transfer recovers the summary in a cold Node process [949.41ms]
publish	Test and inspect the package	2026-10-05T18:02:44.3184122Z (pass) archive intent prevents a published archive from resurrecting its active goal [1.94ms]
publish	Test and inspect the package	2026-10-05T18:02:44.3191007Z (pass) a prepared archive intent without an archive is safe to discard [0.73ms]
publish	Test and inspect the package	2026-10-05T18:02:44.3204481Z (pass) ledger rotation keeps a bounded active snapshot and retains forensic history [1.31ms]
publish	Test and inspect the package	2026-10-05T18:02:44.3208639Z (pass) readState recovers when a process dies after segment rename but before active rewrite [0.43ms]
publish	Test and inspect the package	2026-10-05T18:02:44.3214920Z (pass) queue deletion distinguishes absent sidecars from failed destructive cleanup [0.62ms]
publish	Test and inspect the package	2026-10-05T18:02:44.3226898Z (pass) audit-job health reports proven-dead workers and preserves ambiguous scratch [1.17ms]
publish	Test and inspect the package	2026-10-05T18:02:44.3227236Z 
publish	Test and inspect the package	2026-10-05T18:02:44.3227576Z ##[endgroup]
publish	Test and inspect the package	2026-10-05T18:02:44.3232543Z 
publish	Test and inspect the package	2026-10-05T18:02:44.3232918Z ##[group]tests/list-draft-handoff.test.ts:
publish	Test and inspect the package	2026-10-05T18:02:50.1369448Z (pass) 125335: fresh commentary-only draft end delivers exactly one bounded correction [5655.79ms]
publish	Test and inspect the package	2026-10-05T18:02:52.9498781Z (pass) stated next dependent question is a legal drafting end: no correction [2812.87ms]
publish	Test and inspect the package	2026-10-05T18:02:55.7625545Z (pass) short ack without a question is not commentary: no correction [2812.62ms]
publish	Test and inspect the package	2026-10-05T18:02:55.7626193Z (pass) tool-unavailable fallback: the correction directs prose asking [0.32ms]
publish	Test and inspect the package	2026-10-05T18:02:58.6188285Z (pass) confirmation gate untouched: correction never earns a proposal [2855.94ms]
publish	Test and inspect the package	2026-10-05T18:02:58.6188556Z 
publish	Test and inspect the package	2026-10-05T18:02:58.6188823Z ##[endgroup]
publish	Test and inspect the package	2026-10-05T18:02:58.6190537Z 
publish	Test and inspect the package	2026-10-05T18:02:58.6190759Z ##[group]tests/audit-lifecycle.test.ts:
publish	Test and inspect the package	2026-10-05T18:02:58.7893187Z (pass) lifecycle: a fresh claim is STARTING, not running — the launch window is represented [0.43ms]
publish	Test and inspect the package	2026-10-05T18:02:58.7917348Z (pass) lifecycle: the launch window is reported as no-first-event once it passes the window [0.14ms]
publish	Test and inspect the package	2026-10-05T18:02:58.7918867Z (pass) lifecycle: a starting claim that HAS produced worker activity is running, with the worker's own stamp [0.09ms]
publish	Test and inspect the package	2026-10-05T18:02:58.7919578Z (pass) lifecycle: a park is a park, not worker activity [0.10ms]
publish	Test and inspect the package	2026-10-05T18:02:58.7919908Z (pass) lifecycle: a settling claim reports the applied verdict, not a worker event [0.11ms]
publish	Test and inspect the package	2026-10-05T18:02:58.7920287Z (pass) lifecycle: running with last activity, and a quiet one reported as no progress [0.11ms]
publish	Test and inspect the package	2026-10-05T18:02:58.7920683Z (pass) lifecycle: the activity heartbeat is throttled, so a chatty auditor cannot flood the ledger [0.08ms]
publish	Test and inspect the package	2026-10-05T18:02:58.7921226Z (pass) lifecycle: an applied approval awaiting its archive is SETTLING — never terminal [0.07ms]
publish	Test and inspect the package	2026-10-05T18:02:58.7921608Z (pass) lifecycle: approved is a SETTLEMENT state, and only the settlement may claim it [0.10ms]
publish	Test and inspect the package	2026-10-05T18:02:58.7922003Z (pass) lifecycle: an interrupted or unknown claim is RECOVERY NEEDED with a real next action [0.13ms]
publish	Test and inspect the package	2026-10-05T18:02:58.7922376Z (pass) lifecycle: a retry-waiting claim is distinct, and names the armed retry [0.07ms]
publish	Test and inspect the package	2026-10-05T18:02:58.7922707Z (pass) lifecycle: phase migration and attempt ownership stay explicit [0.06ms]
publish	Test and inspect the package	2026-10-05T18:02:58.7923035Z (pass) lifecycle: a claim with no usable timestamp never invents an age [0.05ms]
publish	Test and inspect the package	2026-10-05T18:02:58.7923378Z (pass) lifecycle: a future activity stamp clamps instead of rendering a negative age [0.04ms]
publish	Test and inspect the package	2026-10-05T18:02:58.7923722Z (pass) settlement: an unresolved claim can never reach a terminal render [0.09ms]
publish	Test and inspect the package	2026-10-05T18:02:58.7924053Z (pass) settlement: a failed write or archive parks instead of claiming success [0.06ms]
publish	Test and inspect the package	2026-10-05T18:02:58.7924364Z (pass) lifecycle: the age formatter is the shared vocabulary [0.02ms]
publish	Test and inspect the package	2026-10-05T18:02:58.7924514Z 
publish	Test and inspect the package	2026-10-05T18:02:58.7924773Z ##[endgroup]
publish	Test and inspect the package	2026-10-05T18:02:58.7924846Z 
publish	Test and inspect the package	2026-10-05T18:02:58.7925007Z ##[group]tests/auditor-extensions.test.ts:
publish	Test and inspect the package	2026-10-05T18:02:58.9566219Z (pass) normalizeAuditorAllowedExtensions is bounded, deduped, deterministic [0.31ms]
publish	Test and inspect the package	2026-10-05T18:02:58.9716507Z (pass) discovery resolves settings packages/extensions to concrete install paths [15.32ms]
publish	Test and inspect the package	2026-10-05T18:02:58.9724248Z (pass) resolveAuditorExtensionSpec maps npm/git/local specs to existing paths [0.87ms]
publish	Test and inspect the package	2026-10-05T18:02:58.9729112Z (pass) resolveAuditorAllowedExtensions drops unresolvable entries fail-closed [0.52ms]
publish	Test and inspect the package	2026-10-05T18:02:58.9732545Z (pass) v0.35.72: project-relative auditor extensions resolve from the project settings base [0.38ms]
publish	Test and inspect the package	2026-10-05T18:02:58.9736236Z (pass) request allowedExtensions rides the hashed payload with resolved paths [0.33ms]
publish	Test and inspect the package	2026-10-05T18:02:58.9738642Z (pass) auditorExtensionArgs only emits args for a non-empty allowlist [0.24ms]
publish	Test and inspect the package	2026-10-05T18:02:58.9739447Z (pass) audit 2026-09-06: auditorExtensionArgs drops raw npm: specs fail-closed [0.10ms]
publish	Test and inspect the package	2026-10-05T18:02:58.9740013Z (pass) audit 2026-09-06: allowlist normalize dedups case-insensitively [0.02ms]
publish	Test and inspect the package	2026-10-05T18:02:58.9741739Z (pass) v0.35.72: offline auditor validation uses Node timeout support, not POSIX timeout [0.19ms]
publish	Test and inspect the package	2026-10-05T18:02:59.1862735Z (pass) mandatory hermetic auditor-extension validation loads the resolved allowlist path [211.79ms]
publish	Test and inspect the package	2026-10-05T18:02:59.1925964Z (pass) settings round-trip: menu pick persists, load normalizes, clear removes [6.40ms]
publish	Test and inspect the package	2026-10-05T18:02:59.1931686Z (pass) saveSettings writes the allowlist and hand-edited junk is normalized on load [0.73ms]
publish	Test and inspect the package	2026-10-05T18:02:59.1932036Z 
publish	Test and inspect the package	2026-10-05T18:02:59.1932373Z ##[endgroup]
publish	Test and inspect the package	2026-10-05T18:02:59.1935879Z 
publish	Test and inspect the package	2026-10-05T18:02:59.1936181Z ##[group]tests/heartbeat.test.ts:
publish	Test and inspect the package	2026-10-05T18:02:59.3551741Z (pass) fires: supervising + idle + no timer + quiet long enough [0.11ms]
publish	Test and inspect the package	2026-10-05T18:02:59.3553356Z (pass) does not fire when not supervising [0.02ms]
publish	Test and inspect the package	2026-10-05T18:02:59.3555487Z (pass) does not fire when session is busy [0.01ms]
publish	Test and inspect the package	2026-10-05T18:02:59.3555805Z (pass) does not fire when a continuation is already scheduled [0.01ms]
publish	Test and inspect the package	2026-10-05T18:02:59.3556067Z (pass) does not fire before the stall threshold [0.01ms]
publish	Test and inspect the package	2026-10-05T18:02:59.3556697Z (pass) custom stall threshold is honored [0.01ms]
publish	Test and inspect the package	2026-10-05T18:02:59.3556989Z (pass) shouldWedgeAlert: fires when supervising + busy + silent past threshold [0.03ms]
publish	Test and inspect the package	2026-10-05T18:02:59.3557435Z (pass) shouldWedgeAlert: silent below threshold does not fire [0.01ms]
publish	Test and inspect the package	2026-10-05T18:02:59.3557740Z (pass) shouldWedgeAlert: idle session is the heartbeat's job, not ours [0.01ms]
publish	Test and inspect the package	2026-10-05T18:02:59.3558250Z (pass) shouldWedgeAlert: not supervising never fires [0.01ms]
publish	Test and inspect the package	2026-10-05T18:02:59.3558532Z (pass) shouldWedgeAlert: throttled to once per threshold interval [0.01ms]
publish	Test and inspect the package	2026-10-05T18:02:59.3558794Z (pass) shouldWedgeAlert: threshold 0 disables [0.04ms]
publish	Test and inspect the package	2026-10-05T18:02:59.3559107Z (pass) timing defaults: wedge 30m, measure 10m, auditor inactivity 10m, no process wall [0.11ms]
publish	Test and inspect the package	2026-10-05T18:02:59.3559455Z (pass) auditor watchdog: confirmed inactivity aborts only without a tool [0.05ms]
publish	Test and inspect the package	2026-10-05T18:02:59.3560130Z (pass) v0.28.25: stall refires space exponentially — 1m, 2m, 4m, 8m cap (junk-runner 5-in-4-minutes fix) [0.06ms]
publish	Test and inspect the package	2026-10-05T18:02:59.3560353Z 
publish	Test and inspect the package	2026-10-05T18:02:59.3560602Z ##[endgroup]
publish	Test and inspect the package	2026-10-05T18:02:59.3560683Z 
publish	Test and inspect the package	2026-10-05T18:02:59.3560838Z ##[group]tests/multi-model-picker.test.ts:
publish	Test and inspect the package	2026-10-05T18:02:59.5199361Z (pass) multi-model-picker: items-build integration — session/manual still render as non-toggleable rows [0.48ms]
publish	Test and inspect the package	2026-10-05T18:02:59.5206951Z (pass) multi-model-picker: explicit inherit choice is distinct from session/manual rows [1.39ms]
publish	Test and inspect the package	2026-10-05T18:02:59.5360223Z (pass) multi-model-picker: typing fuzzy-filters the list; backspace widens [15.09ms]
publish	Test and inspect the package	2026-10-05T18:02:59.5362267Z (pass) multi-model-picker: ↑/↓ move the selection (wrap at ends) [0.15ms]
publish	Test and inspect the package	2026-10-05T18:02:59.5363096Z (pass) multi-model-picker: space toggles the highlighted model in/out of the selection [0.09ms]
publish	Test and inspect the package	2026-10-05T18:02:59.5363950Z (pass) multi-model-picker: selection order matches toggle order, not list order [0.11ms]
publish	Test and inspect the package	2026-10-05T18:02:59.5364700Z (pass) multi-model-picker: enter confirms with the refs in selection order [0.08ms]
publish	Test and inspect the package	2026-10-05T18:02:59.5389611Z (pass) multi-model-picker: brackets reorder the configured try sequence [0.57ms]
publish	Test and inspect the package	2026-10-05T18:02:59.5390966Z (pass) multi-model-picker: current session model is slot 0 and cannot be added as its own backup [0.32ms]
publish	Test and inspect the package	2026-10-05T18:02:59.5391866Z (pass) multi-model-picker: configured unavailable and blocked refs remain visible with reasons [0.38ms]
publish	Test and inspect the package	2026-10-05T18:02:59.5392641Z (pass) multi-model-picker: tab enters order mode; enter still confirms [0.08ms]
publish	Test and inspect the package	2026-10-05T18:02:59.5394015Z (pass) multi-model-picker: order mode — ↑/↓ moves the chain row and the cursor follows [0.07ms]
publish	Test and inspect the package	2026-10-05T18:02:59.5395412Z (pass) multi-model-picker: order mode — tab returns to browse without confirming; space is suspended [0.05ms]
publish	Test and inspect the package	2026-10-05T18:02:59.5396328Z (pass) multi-model-picker: order mode — empty chain is a no-op and esc still cancels [0.03ms]
publish	Test and inspect the package	2026-10-05T18:02:59.5397096Z (pass) multi-model-picker: render truncates a long title to the terminal width [0.44ms]
publish	Test and inspect the package	2026-10-05T18:02:59.5398211Z (pass) multi-model-picker: order mode — the active chain row is highlighted and the footer switches [0.47ms]
publish	Test and inspect the package	2026-10-05T18:02:59.5399069Z (pass) multi-model-picker: empty selection confirms as an empty array (not undefined) [0.04ms]
publish	Test and inspect the package	2026-10-05T18:02:59.5399841Z (pass) multi-model-picker: esc cancels with undefined (regardless of selection) [0.02ms]
publish	Test and inspect the package	2026-10-05T18:02:59.5400649Z (pass) multi-model-picker: session row is not toggleable — space is a no-op [0.04ms]
publish	Test and inspect the package	2026-10-05T18:02:59.5401443Z (pass) multi-model-picker: manual row is not toggleable — space is a no-op [0.08ms]
publish	Test and inspect the package	2026-10-05T18:02:59.5402168Z (pass) multi-model-picker: main backup cap refuses the 11th selection [0.52ms]
publish	Test and inspect the package	2026-10-05T18:02:59.5402917Z (pass) multi-model-picker: initialSelected preserves stale refs for explicit cleanup [0.09ms]
publish	Test and inspect the package	2026-10-05T18:02:59.5403891Z (pass) multi-model-picker: render — title, search, marked rows, and footer hint are all present [0.24ms]
publish	Test and inspect the package	2026-10-05T18:02:59.5404963Z (pass) multi-model-picker: render — highlighted row uses the available width for selection [0.31ms]
publish	Test and inspect the package	2026-10-05T18:02:59.5407025Z (pass) multi-model-picker: render — selected row keeps its rank even when not highlighted [0.27ms]
publish	Test and inspect the package	2026-10-05T18:02:59.5409676Z (pass) multi-model-picker set mode: rows render as [X]/[ ] with no positional digits [0.37ms]
publish	Test and inspect the package	2026-10-05T18:02:59.5410356Z (pass) multi-model-picker set mode: selection order is invariant under toggle sequence [0.25ms]
publish	Test and inspect the package	2026-10-05T18:02:59.5411020Z (pass) multi-model-picker set mode: tab is a no-op and never enters order mode [0.08ms]
publish	Test and inspect the package	2026-10-05T18:02:59.5411624Z (pass) multi-model-picker set mode: brackets are a no-op (no reordering) [0.04ms]
publish	Test and inspect the package	2026-10-05T18:02:59.5413500Z (pass) audit 2026-09-06: capped initialSelected names the omitted refs [0.27ms]
publish	Test and inspect the package	2026-10-05T18:02:59.5414126Z (pass) multi-model-picker set mode: initial selection is canonicalized to item order [0.04ms]
publish	Test and inspect the package	2026-10-05T18:02:59.5422463Z (pass) narrow model pickers bound every rendered line [0.84ms]
publish	Test and inspect the package	2026-10-05T18:02:59.5422845Z 
publish	Test and inspect the package	2026-10-05T18:02:59.5423295Z ##[endgroup]
publish	Test and inspect the package	2026-10-05T18:02:59.5427520Z 
publish	Test and inspect the package	2026-10-05T18:02:59.5428253Z ##[group]tests/list-settings-route.test.ts:
publish	Test and inspect the package	2026-10-05T18:03:00.0435954Z (pass) v0.34.53: /list settings redirects to /glla explicitly — no drafting, no state mutation [340.81ms]
publish	Test and inspect the package	2026-10-05T18:03:00.3734644Z (pass) v0.34.53: /list settings is read-only — it still redirects on a stale extension handle [329.82ms]
publish	Test and inspect the package	2026-10-05T18:03:00.7059927Z (pass) v0.34.53: /list add settings… still adds a literal item — the explicit verb is the only way in [332.45ms]
publish	Test and inspect the package	2026-10-05T18:03:00.7088564Z (pass) v0.34.53: source — /list help documents /glla as the settings command and the branch precedes the dump fallthrough [3.06ms]
publish	Test and inspect the package	2026-10-05T18:03:01.1969416Z (pass) C5: /list add of a just-finished objective is skipped, not resurrected [487.87ms]
publish	Test and inspect the package	2026-10-05T18:03:01.1969700Z 
publish	Test and inspect the package	2026-10-05T18:03:01.1969973Z ##[endgroup]
publish	Test and inspect the package	2026-10-05T18:03:01.1972866Z 
publish	Test and inspect the package	2026-10-05T18:03:01.1973084Z ##[group]tests/autoresume-default.test.ts:
publish	Test and inspect the package	2026-10-05T18:03:01.3716199Z (pass) /glla settings persists explicit auto-resume off (tri-state, not undefined) [0.65ms]
publish	Test and inspect the package	2026-10-05T18:03:01.3720521Z (pass) settings table shows the tri-state honestly [0.29ms]
publish	Test and inspect the package	2026-10-05T18:03:01.3723410Z (pass) hold-on-load text offers the explicit resume + the on opt-in [0.44ms]
publish	Test and inspect the package	2026-10-05T18:03:01.3724063Z 
publish	Test and inspect the package	2026-10-05T18:03:01.3724348Z ##[endgroup]
publish	Test and inspect the package	2026-10-05T18:03:01.3880375Z 
publish	Test and inspect the package	2026-10-05T18:03:01.3881594Z ##[group]tests/prompt-subagent-retry-guidance.test.ts:
publish	Test and inspect the package	2026-10-05T18:03:01.6749239Z (pass) continuation prompt treats provider wording as generic retryable failure (item 38) [0.61ms]
publish	Test and inspect the package	2026-10-05T18:03:01.6750336Z (pass) continuation prompt resumes or retries a failed subagent without a reset wait [0.06ms]
publish	Test and inspect the package	2026-10-05T18:03:01.6750811Z 
publish	Test and inspect the package	2026-10-05T18:03:01.6751339Z ##[endgroup]
publish	Test and inspect the package	2026-10-05T18:03:01.6752371Z 
publish	Test and inspect the package	2026-10-05T18:03:01.6752651Z ##[group]tests/summary-purpose.test.ts:
publish	Test and inspect the package	2026-10-05T18:03:01.9154667Z (pass) chat summary leads with durable change facts and hides verification by default [2.48ms]
publish	Test and inspect the package	2026-10-05T18:03:01.9162095Z (pass) explicit verification opt-in adds one aggregate tail, not a gate table [1.07ms]
publish	Test and inspect the package	2026-10-05T18:03:01.9169445Z (pass) behavioral limitation belongs under Remaining, not a second technical Next [0.73ms]
publish	Test and inspect the package	2026-10-05T18:03:01.9170435Z 
publish	Test and inspect the package	2026-10-05T18:03:01.9171116Z ##[endgroup]
publish	Test and inspect the package	2026-10-05T18:03:01.9175118Z 
publish	Test and inspect the package	2026-10-05T18:03:01.9175425Z ##[group]tests/completion-trailing-space.test.ts:
publish	Test and inspect the package	2026-10-05T18:03:02.1046227Z (pass) subcommand items get a trailing space in value, label stays clean [0.81ms]
publish	Test and inspect the package	2026-10-05T18:03:02.1047528Z (pass) key=value items get NO trailing space (user types the value right after the =) [0.39ms]
publish	Test and inspect the package	2026-10-05T18:03:02.1048949Z (pass) mixed list (bare commands + key=value) — the asymmetric rule [0.65ms]
publish	Test and inspect the package	2026-10-05T18:03:02.1049591Z (pass) filter still prefix-based (no other behavior change) [0.40ms]
publish	Test and inspect the package	2026-10-05T18:03:02.1063586Z (pass) registerCommand: /goal, /glla, /list, /loop all use the shared factory [1.52ms]
publish	Test and inspect the package	2026-10-05T18:03:02.1067256Z (pass) /glla completions stay concise: actions only; settings live in the table [0.42ms]
publish	Test and inspect the package	2026-10-05T18:03:02.1067575Z 
publish	Test and inspect the package	2026-10-05T18:03:02.1068316Z ##[endgroup]
publish	Test and inspect the package	2026-10-05T18:03:02.1211391Z 
publish	Test and inspect the package	2026-10-05T18:03:02.1212653Z ##[group]tests/goal-loop-core.test.ts:
publish	Test and inspect the package	2026-10-05T18:03:02.3194432Z (pass) piGlaDir returns the canonical path [0.53ms]
publish	Test and inspect the package	2026-10-05T18:03:02.3194940Z (pass) newGoalId format [0.20ms]
publish	Test and inspect the package	2026-10-05T18:03:02.3195666Z (pass) v0.36.0: repeated identical auditor objections are a state-based no-progress signal [0.13ms]
publish	Test and inspect the package	2026-10-05T18:03:02.3196256Z (pass) statusLabel covers all states [0.04ms]
publish	Test and inspect the package	2026-10-05T18:03:02.3206344Z (pass) audit display classification keeps semantic verdicts separate from infra and shield outcomes [1.00ms]
publish	Test and inspect the package	2026-10-05T18:03:02.3207036Z (pass) list policy and aborted status remain separate display facts [0.10ms]
publish	Test and inspect the package	2026-10-05T18:03:02.3207773Z (pass) findNextPendingTask BFSes subtasks [0.12ms]
publish	Test and inspect the package	2026-10-05T18:03:02.3208417Z (pass) findNextPendingTask returns subtask when no sibling pending [0.04ms]
publish	Test and inspect the package	2026-10-05T18:03:02.3208980Z (pass) buildTaskSummary counts complete [0.07ms]
publish	Test and inspect the package	2026-10-05T18:03:02.3209563Z (pass) renderGoalMarkdown renders sections [0.06ms]
publish	Test and inspect the package	2026-10-05T18:03:02.3210539Z (pass) v0.34.91: renderGoalMarkdown includes the completion recap section [0.06ms]
publish	Test and inspect the package	2026-10-05T18:03:02.3217535Z (pass) writeGoalMd persists + readGoalMd returns [0.63ms]
publish	Test and inspect the package	2026-10-05T18:03:02.3221345Z (pass) readState returns default when no ledger [0.41ms]
publish	Test and inspect the package	2026-10-05T18:03:02.3229871Z (pass) appendLedger + readState roundtrip [0.84ms]
publish	Test and inspect the package	2026-10-05T18:03:02.3238366Z (pass) readState sanitizes a saved main-model recovery without dropping its retry plan [0.80ms]
publish	Test and inspect the package	2026-10-05T18:03:02.3239196Z (pass) sumNewAssistantTokens accumulates assistant usage only [0.06ms]
publish	Test and inspect the package	2026-10-05T18:03:02.3239921Z (pass) sumNewAssistantTokens dedupes replayed messages [0.05ms]
publish	Test and inspect the package	2026-10-05T18:03:02.3240469Z (pass) sumNewAssistantTokens ignores zero/negative/invalid usage [0.04ms]
publish	Test and inspect the package	2026-10-05T18:03:02.3240932Z (pass) mergeSettings: later layers win per key [0.05ms]
publish	Test and inspect the package	2026-10-05T18:03:02.3241312Z (pass) mergeSettings: undefined in a layer means 'not set here' [0.03ms]
publish	Test and inspect the package	2026-10-05T18:03:02.3241608Z (pass) mergeSettings: null/missing layers are skipped [0.02ms]
publish	Test and inspect the package	2026-10-05T18:03:02.3241861Z (pass) mergeSettings: does not mutate the base [0.03ms]
publish	Test and inspect the package	2026-10-05T18:03:02.3243384Z (pass) auditFeedbackExcerpt: bounds executor feedback at the configured character count [0.22ms]
publish	Test and inspect the package	2026-10-05T18:03:02.3244556Z (pass) auditFeedbackExcerpt: zero returns the full auditor report [0.05ms]
publish	Test and inspect the package	2026-10-05T18:03:02.3247065Z (pass) ensureDirs creates the .pi-glla tree [0.32ms]
publish	Test and inspect the package	2026-10-05T18:03:02.3248060Z (pass) sumNewAssistantTokens counts input+output, not cache reads (v0.12.0) [0.05ms]
publish	Test and inspect the package	2026-10-05T18:03:02.3248744Z (pass) sumNewAssistantTokens falls back to totalTokens when no split [0.03ms]
publish	Test and inspect the package	2026-10-05T18:03:02.3249584Z (pass) DEFAULT_TOKEN_LIMIT is 0 — the guard is opt-in (v0.12.0) [0.02ms]
publish	Test and inspect the package	2026-10-05T18:03:02.3253185Z (pass) piGlaDir migrates a legacy .pi-gla dir exactly once (v0.17.0) [0.47ms]
publish	Test and inspect the package	2026-10-05T18:03:02.3254325Z (pass) restore gate (v0.28.21 default): NOTHING auto-resumes on session load — the item loads HELD [0.12ms]
publish	Test and inspect the package	2026-10-05T18:03:02.3255070Z (pass) restore gate: autoresume=on auto-resumes everywhere (unattended rigs) [0.03ms]
publish	Test and inspect the package	2026-10-05T18:03:02.3255674Z (pass) restore gate: autoresume=off never auto-resumes [0.03ms]
publish	Test and inspect the package	2026-10-05T18:03:02.3256511Z (pass) v0.24.5 missingGllaTools: empty active set returns all glla tool names [0.07ms]
publish	Test and inspect the package	2026-10-05T18:03:02.3257352Z (pass) v0.24.5 missingGllaTools: only glla tool names are tracked (no false positives on base tools) [0.05ms]
publish	Test and inspect the package	2026-10-05T18:03:02.3258264Z (pass) v0.24.5 missingGllaTools: modlist-snapshot example (the real bug) [0.03ms]
publish	Test and inspect the package	2026-10-05T18:03:02.3259072Z (pass) v0.24.5 missingGllaTools: all tools present → empty missing list [0.02ms]
publish	Test and inspect the package	2026-10-05T18:03:02.3259794Z (pass) v0.24.5 missingGllaTools: missing just one tool → that single name [0.04ms]
publish	Test and inspect the package	2026-10-05T18:03:02.3260234Z 
publish	Test and inspect the package	2026-10-05T18:03:02.3260716Z ##[endgroup]
publish	Test and inspect the package	2026-10-05T18:03:02.3262314Z 
publish	Test and inspect the package	2026-10-05T18:03:02.3262583Z ##[group]tests/starvation-ladder.test.ts:
publish	Test and inspect the package	2026-10-05T18:03:02.5078792Z (pass) compact-first band sits below the starvation line [0.35ms]
publish	Test and inspect the package	2026-10-05T18:03:02.5079314Z (pass) ladder message names all three recoveries plus the backstop [0.27ms]
publish	Test and inspect the package	2026-10-05T18:03:02.5079613Z (pass) compact-first nudge fires once per episode [0.06ms]
publish	Test and inspect the package	2026-10-05T18:03:02.5079874Z (pass) refuse stays sticky while physically over cap [0.11ms]
publish	Test and inspect the package	2026-10-05T18:03:02.5080154Z (pass) sendContinuation consults the starvation choke point [0.17ms]
publish	Test and inspect the package	2026-10-05T18:03:02.6655332Z (pass) starved boot refuses the automatic send instead of truncating [159.26ms]
publish	Test and inspect the package	2026-10-05T18:03:02.6655620Z 
publish	Test and inspect the package	2026-10-05T18:03:02.6655906Z ##[endgroup]
publish	Test and inspect the package	2026-10-05T18:03:02.6664154Z 
publish	Test and inspect the package	2026-10-05T18:03:02.6664833Z ##[group]tests/glla-bug-capture.test.ts:
publish	Test and inspect the package	2026-10-05T18:03:03.1973139Z (pass) /glla bug writes to dedicated bugs artifact and leaves durable goal state untouched [356.97ms]
publish	Test and inspect the package	2026-10-05T18:03:03.5269736Z (pass) /glla bug without message still captures and does not mutate state [329.69ms]
publish	Test and inspect the package	2026-10-05T18:03:03.5272767Z (pass) source: cmdGllaBug exists and writes to bugs/ without persistState [0.51ms]
publish	Test and inspect the package	2026-10-05T18:03:03.5274266Z (pass) source: /glla bug is registered in completions and handler [0.15ms]
publish	Test and inspect the package	2026-10-05T18:03:03.5274518Z 
publish	Test and inspect the package	2026-10-05T18:03:03.5274862Z ##[endgroup]
publish	Test and inspect the package	2026-10-05T18:03:03.5283949Z 
publish	Test and inspect the package	2026-10-05T18:03:03.5284386Z ##[group]tests/continuation-retry-persistence.test.ts:
publish	Test and inspect the package	2026-10-05T18:03:04.7299061Z (pass) v0.38.104 a retry that cannot be persisted is reported, not recorded as durable [1038.27ms]
publish	Test and inspect the package	2026-10-05T18:03:04.9916755Z (pass) v0.38.104 a persistable retry still records retryCount durably [261.86ms]
publish	Test and inspect the package	2026-10-05T18:03:04.9917250Z 
publish	Test and inspect the package	2026-10-05T18:03:04.9918193Z ##[endgroup]
publish	Test and inspect the package	2026-10-05T18:03:04.9921173Z 
publish	Test and inspect the package	2026-10-05T18:03:04.9921769Z ##[group]tests/pause-auto-commit.test.ts:
publish	Test and inspect the package	2026-10-05T18:03:05.1598075Z (pass) pauseAutoCommit writes the sentinel; isAutoCommitPaused sees it (item 31) [0.80ms]
publish	Test and inspect the package	2026-10-05T18:03:05.1604387Z (pass) resumeAutoCommit removes the sentinel (item 31) [0.36ms]
publish	Test and inspect the package	2026-10-05T18:03:05.1604801Z 
publish	Test and inspect the package	2026-10-05T18:03:05.1605298Z ##[endgroup]
publish	Test and inspect the package	2026-10-05T18:03:05.1605410Z 
publish	Test and inspect the package	2026-10-05T18:03:05.1605673Z ##[group]tests/completion-density-lint.test.ts:
publish	Test and inspect the package	2026-10-05T18:03:05.3212744Z (pass) density lint: evidence tokens in the summary pass [0.22ms]
publish	Test and inspect the package	2026-10-05T18:03:05.3215679Z (pass) density lint: tokens inside finding groups count [0.07ms]
publish	Test and inspect the package	2026-10-05T18:03:05.3216177Z (pass) density lint: gate rows count as density without tokens [0.03ms]
publish	Test and inspect the package	2026-10-05T18:03:05.3218083Z (pass) density lint: zero tokens and zero gates is annotated [0.20ms]
publish	Test and inspect the package	2026-10-05T18:03:05.3218385Z 
publish	Test and inspect the package	2026-10-05T18:03:05.3218743Z ##[endgroup]
publish	Test and inspect the package	2026-10-05T18:03:05.3218860Z 
publish	Test and inspect the package	2026-10-05T18:03:05.3219124Z ##[group]tests/approval-notify.test.ts:
publish	Test and inspect the package	2026-10-05T18:03:05.4846443Z (pass) v0.38.20 approval chat drops the stale pre-verdict Next line [0.33ms]
publish	Test and inspect the package	2026-10-05T18:03:05.4848001Z (pass) approval chat keeps every informing detail (Tests + meaningful Unresolved preserved) [0.05ms]
publish	Test and inspect the package	2026-10-05T18:03:05.4848921Z (pass) v0.38.39 withoutStaleNext keeps one concrete next action, still strips stale ones [0.04ms]
publish	Test and inspect the package	2026-10-05T18:03:05.4849590Z (pass) A10: the kept-session command quotes the worker-reported path [0.04ms]
publish	Test and inspect the package	2026-10-05T18:03:05.4849850Z 
publish	Test and inspect the package	2026-10-05T18:03:05.4850189Z ##[endgroup]
publish	Test and inspect the package	2026-10-05T18:03:05.4850296Z 
publish	Test and inspect the package	2026-10-05T18:03:05.4850565Z ##[group]tests/heartbeat-suppression-rework.test.ts:
publish	Test and inspect the package	2026-10-05T18:03:05.6770039Z (pass) lastShippedAtMs ignores the state-file mtime (the self-sustaining term) [3.62ms]
publish	Test and inspect the package	2026-10-05T18:03:05.6770722Z (pass) lastShippedAtMs source has no active.jsonl mtime term [0.17ms]
publish	Test and inspect the package	2026-10-05T18:03:05.6775643Z (pass) heartbeat never calls the suppression check; audit-in-flight flag guards the only real window [0.61ms]
publish	Test and inspect the package	2026-10-05T18:03:05.6776351Z (pass) the deprecated pure fn remains exported (API compat) but marked deprecated [0.05ms]
publish	Test and inspect the package	2026-10-05T18:03:05.6781039Z (pass) no heartbeat_suppressed ledger writes remain in the heartbeat path [0.49ms]
publish	Test and inspect the package	2026-10-05T18:03:05.6782024Z (pass) project auditor dispatch is protected before counting failed main-session continuations [0.09ms]
publish	Test and inspect the package	2026-10-05T18:03:05.6782669Z 
publish	Test and inspect the package	2026-10-05T18:03:05.6783069Z ##[endgroup]
publish	Test and inspect the package	2026-10-05T18:03:05.6786000Z 
publish	Test and inspect the package	2026-10-05T18:03:05.6786338Z ##[group]tests/auditor-thinking.test.ts:
publish	Test and inspect the package	2026-10-05T18:03:05.8365923Z (pass) supported requested level is used verbatim [0.18ms]
publish	Test and inspect the package	2026-10-05T18:03:05.8366483Z (pass) unsupported xhigh/max fall downwards; mapped nulls are skipped [0.07ms]
publish	Test and inspect the package	2026-10-05T18:03:05.8366961Z (pass) non-reasoning and unknown requests degrade safely [0.03ms]
publish	Test and inspect the package	2026-10-05T18:03:05.8367185Z 
publish	Test and inspect the package	2026-10-05T18:03:05.8367524Z ##[endgroup]
publish	Test and inspect the package	2026-10-05T18:03:05.8367627Z 
publish	Test and inspect the package	2026-10-05T18:03:05.8368046Z ##[group]tests/objection-attached-retries.test.ts:
publish	Test and inspect the package	2026-10-05T18:03:05.9967701Z (pass) objection-attached retries: objection bullets extracted [0.29ms]
publish	Test and inspect the package	2026-10-05T18:03:05.9968338Z (pass) objection-attached retries: no extractable objections still yields one TODO [0.05ms]
publish	Test and inspect the package	2026-10-05T18:03:05.9968746Z (pass) objection-attached retries: both disapproval sites attach unconditionally [0.47ms]
publish	Test and inspect the package	2026-10-05T18:03:05.9969111Z 
publish	Test and inspect the package	2026-10-05T18:03:05.9969448Z ##[endgroup]
publish	Test and inspect the package	2026-10-05T18:03:05.9969563Z 
publish	Test and inspect the package	2026-10-05T18:03:05.9969843Z ##[group]tests/never-streamed-standdown.test.ts:
publish	Test and inspect the package	2026-10-05T18:03:06.1793076Z (pass) v0.38.18 zombieRetryDecision: a turn that never streamed refuses at once [19.48ms]
publish	Test and inspect the package	2026-10-05T18:03:06.1804656Z (pass) v0.38.18 rearm milestone: an open-but-silent turn is named, not denied [1.40ms]
publish	Test and inspect the package	2026-10-05T18:03:06.1809812Z (pass) v0.38.18 rearm milestone: with no open turn the legacy wording stays [0.49ms]
publish	Test and inspect the package	2026-10-05T18:03:06.5098514Z (pass) v0.38.18 behavioral: a never-streamed turn aborts once and stays parked [328.68ms]
publish	Test and inspect the package	2026-10-05T18:03:06.5098919Z 
publish	Test and inspect the package	2026-10-05T18:03:06.5099320Z ##[endgroup]
publish	Test and inspect the package	2026-10-05T18:03:06.5101597Z 
publish	Test and inspect the package	2026-10-05T18:03:06.5101904Z ##[group]tests/completion-recap-shape.test.ts:
publish	Test and inspect the package	2026-10-05T18:03:06.7020001Z (pass) structured completion recap survives archive rendering and the terminal widget [1.54ms]
publish	Test and inspect the package	2026-10-05T18:03:06.7020759Z (pass) auditor receives completionSummary and verificationSummary independently [0.21ms]
publish	Test and inspect the package	2026-10-05T18:03:06.7021303Z (pass) complete_goal tool schema references the six-label policy [0.18ms]
publish	Test and inspect the package	2026-10-05T18:03:06.7021520Z 
publish	Test and inspect the package	2026-10-05T18:03:06.7021788Z ##[endgroup]
publish	Test and inspect the package	2026-10-05T18:03:06.7028865Z 
publish	Test and inspect the package	2026-10-05T18:03:06.7031050Z ##[group]tests/loop-held-start.test.ts:
publish	Test and inspect the package	2026-10-05T18:03:07.0399098Z (pass) held loop: the load-hold warning names /loop resume [149.83ms]
publish	Test and inspect the package	2026-10-05T18:03:07.1839091Z (pass) held loop: the load-hold warning is byte-identical when no loop is held [144.02ms]
publish	Test and inspect the package	2026-10-05T18:03:07.3179362Z (pass) fresh start over a held loop offers resume and preserves the loop [131.63ms]
publish	Test and inspect the package	2026-10-05T18:03:07.4622387Z (pass) fresh start over a held loop: dismiss keeps the held loop untouched [146.62ms]
publish	Test and inspect the package	2026-10-05T18:03:07.6016095Z (pass) fresh start over a held loop: headless refuses instead of discarding [139.00ms]
publish	Test and inspect the package	2026-10-05T18:03:07.7681639Z (pass) fresh start over an explicitly stopped loop keeps today's silent behavior [163.03ms]
publish	Test and inspect the package	2026-10-05T18:03:07.7682033Z 
publish	Test and inspect the package	2026-10-05T18:03:07.7682408Z ##[endgroup]
publish	Test and inspect the package	2026-10-05T18:03:07.7682511Z 
publish	Test and inspect the package	2026-10-05T18:03:07.7682744Z ##[group]tests/audit-tier.test.ts:
publish	Test and inspect the package	2026-10-05T18:03:07.9419270Z (pass) tier: a small quiet claim with no history audits light [0.23ms]
publish	Test and inspect the package	2026-10-05T18:03:07.9423509Z (pass) tier: draft-time full-audit consent escalates [0.22ms]
publish	Test and inspect the package	2026-10-05T18:03:07.9423985Z (pass) tier: the agent's own full-audit request escalates [0.06ms]
publish	Test and inspect the package	2026-10-05T18:03:07.9424476Z (pass) tier: any prior disapproval escalates (rework proved risky once) [0.06ms]
publish	Test and inspect the package	2026-10-05T18:03:07.9425044Z (pass) tier: missing telemetry escalates (unknown activity, conservative floor) [0.05ms]
publish	Test and inspect the package	2026-10-05T18:03:07.9425602Z (pass) tier: activity above any ceiling escalates, at-ceiling stays light [0.08ms]
publish	Test and inspect the package	2026-10-05T18:03:07.9426104Z (pass) tier: high-stakes language escalates and names the match [0.11ms]
publish	Test and inspect the package	2026-10-05T18:03:07.9426474Z (pass) tier: ordinary objectives do not trip the keyword list [0.05ms]
publish	Test and inspect the package	2026-10-05T18:03:07.9427174Z (pass) tier: spot-check rate 1 escalates every light claim and marks it [0.06ms]
publish	Test and inspect the package	2026-10-05T18:03:07.9427605Z (pass) tier: spot-check never marks a claim that was already full [0.03ms]
publish	Test and inspect the package	2026-10-05T18:03:07.9428077Z (pass) tier: injected random decides the draw (seeded, no flakes) [0.06ms]
publish	Test and inspect the package	2026-10-05T18:03:07.9428571Z (pass) tier: rates clamp to [0, 1]; junk restores the default [0.06ms]
publish	Test and inspect the package	2026-10-05T18:03:07.9429111Z (pass) tier: spot-check rate ships at 0.1 and normalizes junk to default [0.37ms]
publish	Test and inspect the package	2026-10-05T18:03:07.9429656Z (pass) tier: claim mapper counts disapprovals and carries both escalation flags [0.15ms]
publish	Test and inspect the package	2026-10-05T18:03:07.9430277Z (pass) tier: settings menu exposes the spot-check rate row in the auditor section [0.79ms]
publish	Test and inspect the package	2026-10-05T18:03:07.9430600Z 
publish	Test and inspect the package	2026-10-05T18:03:07.9430959Z ##[endgroup]
publish	Test and inspect the package	2026-10-05T18:03:07.9577770Z 
publish	Test and inspect the package	2026-10-05T18:03:07.9579986Z ##[group]tests/migrate-on-read.test.ts:
publish	Test and inspect the package	2026-10-05T18:03:08.1420319Z (pass) v0.38.32: legacy disapprovals settled by a later approval are never live again [0.44ms]
publish	Test and inspect the package	2026-10-05T18:03:08.1420793Z (pass) v0.38.32: later legacy disapproval supersedes the earlier round only [0.03ms]
publish	Test and inspect the package	2026-10-05T18:03:08.1421129Z (pass) v0.38.32: lone legacy disapproval stays live [0.03ms]
publish	Test and inspect the package	2026-10-05T18:03:08.1421389Z (pass) v0.38.32: error entries neither settle nor get settled [0.03ms]
publish	Test and inspect the package	2026-10-05T18:03:08.1421688Z (pass) v0.38.32: backfill is idempotent and a no-op on flagged histories [0.05ms]
publish	Test and inspect the package	2026-10-05T18:03:08.1421857Z 
publish	Test and inspect the package	2026-10-05T18:03:08.1422114Z ##[endgroup]
publish	Test and inspect the package	2026-10-05T18:03:08.1423548Z 
publish	Test and inspect the package	2026-10-05T18:03:08.1423817Z ##[group]tests/auditor-dispatch-horizon.test.ts:
publish	Test and inspect the package	2026-10-05T18:03:08.3519240Z (pass) expired stored horizon blocks automatic dispatch without a launch [17.33ms]
publish	Test and inspect the package	2026-10-05T18:03:08.3593626Z (pass) expired dispatch preserves the exhausted-chain diagnostic [8.42ms]
publish	Test and inspect the package	2026-10-05T18:03:08.3594552Z (pass) hourly backstop skips blocked capped claims before dispatch [0.12ms]
publish	Test and inspect the package	2026-10-05T18:03:08.3595045Z 
publish	Test and inspect the package	2026-10-05T18:03:08.3595653Z ##[endgroup]
publish	Test and inspect the package	2026-10-05T18:03:08.3598132Z 
publish	Test and inspect the package	2026-10-05T18:03:08.3598550Z ##[group]tests/auditor-retry-callback.test.ts:
publish	Test and inspect the package	2026-10-05T18:03:12.9537650Z [run-tests] progress: 150s elapsed · 5s since last output · 86 KiB of suite output
publish	Test and inspect the package	2026-10-05T18:03:24.8220860Z (pass) manual audit exhaustion retries through timer with fresh candidates and unchanged envelope [16261.49ms]
publish	Test and inspect the package	2026-10-05T18:03:24.8221370Z 
publish	Test and inspect the package	2026-10-05T18:03:24.8221734Z ##[endgroup]
publish	Test and inspect the package	2026-10-05T18:03:24.8223169Z 
publish	Test and inspect the package	2026-10-05T18:03:24.8223506Z ##[group]tests/ui-experience-audit.test.ts:
publish	Test and inspect the package	2026-10-05T18:03:25.0412289Z (pass) settings keep the active final tab visible on narrow terminals [1.53ms]
publish	Test and inspect the package	2026-10-05T18:03:25.0423833Z (pass) narrow settings show both the focused setting and its effective value [0.83ms]
publish	Test and inspect the package	2026-10-05T18:03:25.0424400Z (pass) reopened settings focus the edited row and each tab remembers its cursor [0.24ms]
publish	Test and inspect the package	2026-10-05T18:03:25.0425148Z (pass) settings window keeps the cursor, navigation and details within a short terminal [1.24ms]
publish	Test and inspect the package	2026-10-05T18:03:25.0426151Z (pass) settings search finds rows across sections and Esc clears search before closing [0.67ms]
publish	Test and inspect the package	2026-10-05T18:03:25.0599844Z (pass) settings details allow reading the full long value [17.50ms]
publish	Test and inspect the package	2026-10-05T18:03:25.0612746Z (pass) single picker respects terminal height and keeps the selected model visible [1.41ms]
publish	Test and inspect the package	2026-10-05T18:03:25.0626442Z (pass) large unordered selections fit a short multi-picker without hiding its cursor [1.39ms]
publish	Test and inspect the package	2026-10-05T18:03:25.0629541Z (pass) picker backspace deletes a complete Unicode character [0.34ms]
publish	Test and inspect the package	2026-10-05T18:03:25.0720069Z (pass) long draft reviews scroll while their decisions remain visible [8.82ms]
publish	Test and inspect the package	2026-10-05T18:03:25.0737734Z (pass) ordered pickers fit short terminals with current, inherit and cap notices [1.88ms]
publish	Test and inspect the package	2026-10-05T18:03:25.0744539Z (pass) settings sanitize terminal controls without changing saved strings [0.74ms]
publish	Test and inspect the package	2026-10-05T18:03:25.1305821Z (pass) settings details and all tab windows fit very short terminals [55.82ms]
publish	Test and inspect the package	2026-10-05T18:03:25.1430998Z (pass) lifecycle cards and status rows fit every explicit terminal width [12.60ms]
publish	Test and inspect the package	2026-10-05T18:03:25.1523507Z (pass) draft review keeps project consent readable and uses the supplied keybindings [9.19ms]
publish	Test and inspect the package	2026-10-05T18:03:25.1533689Z (pass) untrusted picker labels and draft bodies cannot emit terminal commands [1.18ms]
publish	Test and inspect the package	2026-10-05T18:03:25.1539326Z (pass) settling cards identify the approved archive owed and its recovery action [0.57ms]
publish	Test and inspect the package	2026-10-05T18:03:25.1555855Z (pass) single picker resizes through short and narrow terminals without losing focus [1.60ms]
publish	Test and inspect the package	2026-10-05T18:03:25.1565582Z (pass) truncated selected rows keep their background across values, source and padding [0.98ms]
publish	Test and inspect the package	2026-10-05T18:03:25.1578151Z (pass) settings search exposes details without treating a typed d as a command [1.24ms]
publish	Test and inspect the package	2026-10-05T18:03:25.1578401Z 
publish	Test and inspect the package	2026-10-05T18:03:25.1578679Z ##[endgroup]
publish	Test and inspect the package	2026-10-05T18:03:25.1582495Z 
publish	Test and inspect the package	2026-10-05T18:03:25.1582803Z ##[group]tests/auditor-ladder-discipline.test.ts:
publish	Test and inspect the package	2026-10-05T18:03:25.3644247Z (pass) v0.38.103 nothing configured: session model, and NO ladder to exhaust [0.90ms]
publish	Test and inspect the package	2026-10-05T18:03:25.3645678Z (pass) v0.38.103 an explicit auditor is tried FIRST and the session model is the last resort [1.30ms]
publish	Test and inspect the package	2026-10-05T18:03:25.3818726Z (pass) v0.38.103 a configured auditor with no fallbacks still keeps the session model reachable [17.11ms]
publish	Test and inspect the package	2026-10-05T18:03:25.3830152Z (pass) v0.38.103 an unavailable primary escalates immediately and still ends at the session model [0.84ms]
publish	Test and inspect the package	2026-10-05T18:03:25.3833380Z (pass) v0.38.103 same-session-swap does not change the ordering contract [0.84ms]
publish	Test and inspect the package	2026-10-05T18:03:25.3836227Z (pass) v0.38.103 an auditor pinned to the session model is the session model, with no invented ladder [0.31ms]
publish	Test and inspect the package	2026-10-05T18:03:25.3839704Z (pass) v0.38.103 with no session model and nothing configured, the error stays actionable [0.35ms]
publish	Test and inspect the package	2026-10-05T18:03:25.3840876Z (pass) v0.38.103 a mechanical fast-fail verdict is not an auditor round [0.09ms]
publish	Test and inspect the package	2026-10-05T18:03:25.3841544Z (pass) v0.38.103 the streak passes THROUGH a mechanical gate rather than stopping [0.04ms]
publish	Test and inspect the package	2026-10-05T18:03:25.3842069Z (pass) v0.38.103 an approval still ends the comparable streak [0.02ms]
publish	Test and inspect the package	2026-10-05T18:03:25.3842514Z (pass) v0.38.103 infrastructure entries stay transparent [0.03ms]
publish	Test and inspect the package	2026-10-05T18:03:25.3849027Z (pass) v0.38.103 a grader fallback RE-BASELINES the streak instead of pinning [0.07ms]
publish	Test and inspect the package	2026-10-05T18:03:25.3849556Z (pass) v0.38.103 the challenge-round limit is a small, finite number [0.08ms]
publish	Test and inspect the package	2026-10-05T18:03:25.3849899Z (pass) v0.38.103 streak counting is what the challenge gate reads [0.04ms]
publish	Test and inspect the package	2026-10-05T18:03:25.3850529Z (pass) ladder tests never write to the repo ledger: no ctx cwd points at process.cwd() [0.09ms]
publish	Test and inspect the package	2026-10-05T18:03:25.3850849Z 
publish	Test and inspect the package	2026-10-05T18:03:25.3851209Z ##[endgroup]
publish	Test and inspect the package	2026-10-05T18:03:25.3851330Z 
publish	Test and inspect the package	2026-10-05T18:03:25.3851600Z ##[group]tests/recap-preservation.test.ts:
publish	Test and inspect the package	2026-10-05T18:03:27.0699940Z (pass) repair re-claim preserves the whole-work recap in the approved render [1487.20ms]
publish	Test and inspect the package	2026-10-05T18:03:27.0700400Z 
publish	Test and inspect the package	2026-10-05T18:03:27.0700771Z ##[endgroup]
publish	Test and inspect the package	2026-10-05T18:03:27.0702542Z 
publish	Test and inspect the package	2026-10-05T18:03:27.0702879Z ##[group]tests/audit-verdict.test.ts:
publish	Test and inspect the package	2026-10-05T18:03:27.2896818Z (pass) parseAuditorVerdict: approved [0.42ms]
publish	Test and inspect the package	2026-10-05T18:03:27.2897561Z (pass) parseAuditorVerdict: disapproved [0.07ms]
publish	Test and inspect the package	2026-10-05T18:03:27.2898989Z (pass) parseAuditorVerdict: impossible with reason [0.04ms]
publish	Test and inspect the package	2026-10-05T18:03:27.2899595Z (pass) parseAuditorVerdict: verdict read from the LAST block that mentions a tag [0.02ms]
publish	Test and inspect the package	2026-10-05T18:03:27.2900188Z (pass) parseAuditorVerdict: impossible reason clipped to 300 chars [0.10ms]
publish	Test and inspect the package	2026-10-05T18:03:27.2900735Z (pass) parseAuditorVerdict: contradictory terminal tags never approve [0.03ms]
publish	Test and inspect the package	2026-10-05T18:03:27.2901270Z (pass) countTrailingDisapprovals: empty and all-clean histories [0.06ms]
publish	Test and inspect the package	2026-10-05T18:03:27.2901811Z (pass) countTrailingDisapprovals: counts only the trailing streak [0.03ms]
publish	Test and inspect the package	2026-10-05T18:03:27.2902363Z (pass) countTrailingDisapprovals: shield-blocked approval breaks the streak [0.03ms]
publish	Test and inspect the package	2026-10-05T18:03:27.2903493Z (pass) countTrailingDisapprovals: impossible is its own verdict, not a disapproval [0.02ms]
publish	Test and inspect the package	2026-10-05T18:03:27.2903968Z 
publish	Test and inspect the package	2026-10-05T18:03:27.2904328Z ##[endgroup]
publish	Test and inspect the package	2026-10-05T18:03:27.2904448Z 
publish	Test and inspect the package	2026-10-05T18:03:27.2905016Z ##[group]tests/compaction-failed-recovery.test.ts:
publish	Test and inspect the package	2026-10-05T18:03:27.7179844Z (pass) host-owned failed compaction retries without model rotation, park, or competing continuation [234.54ms]
publish	Test and inspect the package	2026-10-05T18:03:27.8976905Z (pass) terminal prompt overflow rotates once and arms durable post-compact resume debt [179.78ms]
publish	Test and inspect the package	2026-10-05T18:03:28.1094913Z (pass) same-session startup restores fallback debt, while a new session discards it [210.81ms]
publish	Test and inspect the package	2026-10-05T18:03:28.1989012Z (pass) terminal output-cap failure parks instead of misclassifying it as context overflow [90.37ms]
publish	Test and inspect the package	2026-10-05T18:03:28.3150960Z (pass) failed compaction without a usable fallback parks an active goal durably [115.30ms]
publish	Test and inspect the package	2026-10-05T18:03:28.4364854Z (pass) failed compaction parks a branch loop instead of leaving it active [122.26ms]
publish	Test and inspect the package	2026-10-05T18:03:28.5582778Z (pass) a failed debt-discharge append keeps RAM debt instead of diverging from disk [120.15ms]
publish	Test and inspect the package	2026-10-05T18:03:31.3791316Z (pass) opportunistic output-cap failure keeps work active and resumes once (event first) [2821.19ms]
publish	Test and inspect the package	2026-10-05T18:03:34.1848702Z (pass) opportunistic output-cap failure keeps work active and resumes once (callback first) [2806.66ms]
publish	Test and inspect the package	2026-10-05T18:03:37.0014717Z (pass) optional compaction resumes a branch loop (event without callback) [2816.51ms]
publish	Test and inspect the package	2026-10-05T18:03:39.8080437Z (pass) optional compaction resumes a branch loop (synchronous callback) [2806.53ms]
publish	Test and inspect the package	2026-10-05T18:03:39.8080805Z 
publish	Test and inspect the package	2026-10-05T18:03:39.8081109Z ##[endgroup]
publish	Test and inspect the package	2026-10-05T18:03:39.8082999Z 
publish	Test and inspect the package	2026-10-05T18:03:39.8083236Z ##[group]tests/session-identity-refusal.test.ts:
publish	Test and inspect the package	2026-10-05T18:03:40.1736163Z (pass) 195237: same session id on a new manager object is the owner, not a subagent [170.74ms]
publish	Test and inspect the package	2026-10-05T18:03:40.3165143Z (pass) v0.38.92: a dethroned main is told about the lost root, never called a subagent [143.04ms]
publish	Test and inspect the package	2026-10-05T18:03:40.4495982Z (pass) 195237: a genuinely different session is still refused [131.14ms]
publish	Test and inspect the package	2026-10-05T18:03:40.4496503Z 
publish	Test and inspect the package	2026-10-05T18:03:40.4497212Z ##[endgroup]
publish	Test and inspect the package	2026-10-05T18:03:40.4497356Z 
publish	Test and inspect the package	2026-10-05T18:03:40.4498265Z ##[group]tests/replace-resume-intent.test.ts:
publish	Test and inspect the package	2026-10-05T18:03:40.6612700Z (pass) v0.34.103 (issue #6 Defect A): replacing a wait goal with a scheduled resume warns + ledgers the cancellation [10.86ms]
publish	Test and inspect the package	2026-10-05T18:03:40.6613473Z (pass) v0.36.0: every plain replacement includes the archived recap [0.16ms]
publish	Test and inspect the package	2026-10-05T18:03:40.6614060Z (pass) v0.34.103 (issue #6 Defect B): /goal resume answers terminal (complete/aborted) goals explicitly [0.20ms]
publish	Test and inspect the package	2026-10-05T18:03:40.6614909Z (pass) v0.34.103 (issue #6 Defect B): resume with NO goal at all answers instead of swallowing the verb [0.09ms]
publish	Test and inspect the package	2026-10-05T18:03:40.6617165Z (pass) v0.34.103 (issue #6): the ledger key survives in goal-loop-core round-trips [0.20ms]
publish	Test and inspect the package	2026-10-05T18:03:40.6617531Z 
publish	Test and inspect the package	2026-10-05T18:03:40.6617825Z ##[endgroup]
publish	Test and inspect the package	2026-10-05T18:03:40.6622078Z 
publish	Test and inspect the package	2026-10-05T18:03:40.6622333Z ##[group]tests/between-tasks-compaction.test.ts:
publish	Test and inspect the package	2026-10-05T18:03:40.8419503Z (pass) v0.38.104 the 200k rule is a token threshold, and it is distinct from the model-size hint [0.15ms]
publish	Test and inspect the package	2026-10-05T18:03:40.8420601Z (pass) v0.38.104 compaction is due past the threshold, not below it [0.07ms]
publish	Test and inspect the package	2026-10-05T18:03:40.8422335Z (pass) v0.38.104 a token count, not a percentage — the same goal on a 1M window still fires at 200k [0.14ms]
publish	Test and inspect the package	2026-10-05T18:03:40.8423109Z (pass) v0.38.104 it fires ONCE per episode and re-arms as the goal grows back [0.03ms]
publish	Test and inspect the package	2026-10-05T18:03:40.8423703Z (pass) v0.38.104 an unknown context count never compacts blindly [0.11ms]
publish	Test and inspect the package	2026-10-05T18:03:40.8424064Z (pass) v0.38.104 the threshold is overridable but must be positive [0.04ms]
publish	Test and inspect the package	2026-10-05T18:03:40.9636850Z (pass) v0.38.105 the boundary fires ctx.compact past 200k and ledgers it [123.45ms]
publish	Test and inspect the package	2026-10-05T18:03:41.0761367Z (pass) v0.38.105 one firing per episode; a shrunk transcript re-arms [112.40ms]
publish	Test and inspect the package	2026-10-05T18:03:41.0771055Z (pass) v0.38.105 quiet boundaries: below threshold, busy, unsupervised, audit, paused, unknown, no trigger [1.22ms]
publish	Test and inspect the package	2026-10-05T18:03:41.0775518Z (pass) v0.38.105 the boundary never re-arms the starvation path's brief one-shot [0.43ms]
publish	Test and inspect the package	2026-10-05T18:03:41.1888397Z (pass) a synchronous compact throw releases the boundary for ordinary continuation [111.00ms]
publish	Test and inspect the package	2026-10-05T18:03:41.1889079Z 
publish	Test and inspect the package	2026-10-05T18:03:41.1889592Z ##[endgroup]
publish	Test and inspect the package	2026-10-05T18:03:41.1891432Z 
publish	Test and inspect the package	2026-10-05T18:03:41.1892991Z ##[group]tests/closed-goal-clears-waiting.test.ts:
publish	Test and inspect the package	2026-10-05T18:03:41.4459368Z (pass) v0.38.19 live auditing still projects awaiting-verdict (no live-path regression) [31.52ms]
publish	Test and inspect the package	2026-10-05T18:03:41.4666555Z (pass) v0.38.19 a closed goal clears awaiting-verdict even with a stale complete progress [19.62ms]
publish	Test and inspect the package	2026-10-05T18:03:41.4673034Z 
publish	Test and inspect the package	2026-10-05T18:03:41.4673854Z ##[endgroup]
publish	Test and inspect the package	2026-10-05T18:03:41.4674044Z 
publish	Test and inspect the package	2026-10-05T18:03:41.6496962Z ##[group]tests/goal-loop-stats.test.ts:
publish	Test and inspect the package	2026-10-05T18:03:41.6498079Z (pass) empty rig: no .pi-glla anywhere → empty discovery + no rollup [1.07ms]
publish	Test and inspect the package	2026-10-05T18:03:41.6498640Z (pass) single project with one approved goal: all counters correct [0.93ms]
publish	Test and inspect the package	2026-10-05T18:03:41.6499218Z (pass) premature-success detection fires on low turns + 0 writes + few bash [0.07ms]
publish	Test and inspect the package	2026-10-05T18:03:41.6661572Z (pass) JSON output schema matches the table columns [16.14ms]
publish	Test and inspect the package	2026-10-05T18:03:41.6662137Z (pass) premature filter: only flagged projects, ratio-sorted [0.22ms]
publish	Test and inspect the package	2026-10-05T18:03:41.6679371Z (pass) discovery finds nested projects and dedupes via cwd [0.92ms]
publish	Test and inspect the package	2026-10-05T18:03:41.6681272Z (pass) parseLedgerEntries skips malformed lines [0.19ms]
publish	Test and inspect the package	2026-10-05T18:03:41.6681536Z 
publish	Test and inspect the package	2026-10-05T18:03:41.6681902Z ##[endgroup]
publish	Test and inspect the package	2026-10-05T18:03:41.6682027Z 
publish	Test and inspect the package	2026-10-05T18:03:41.6682326Z ##[group]tests/auditor-shift-acceptance.test.ts:
publish	Test and inspect the package	2026-10-05T18:03:41.8474888Z (pass) auditor prompt treats completion summaries as untrusted scope claims [0.28ms]
publish	Test and inspect the package	2026-10-05T18:03:41.8475377Z (pass) scope changes require the durable objective and contract [0.10ms]
publish	Test and inspect the package	2026-10-05T18:03:41.8475576Z 
publish	Test and inspect the package	2026-10-05T18:03:41.8475849Z ##[endgroup]
publish	Test and inspect the package	2026-10-05T18:03:41.8475926Z 
publish	Test and inspect the package	2026-10-05T18:03:41.8476102Z ##[group]tests/tweak-procedural-tail.test.ts:
publish	Test and inspect the package	2026-10-05T18:03:42.0311159Z (pass) 184316: trailing filing instruction with embedded command is stripped [0.27ms]
publish	Test and inspect the package	2026-10-05T18:03:42.0311953Z (pass) single-sentence input passes through untouched [0.06ms]
publish	Test and inspect the package	2026-10-05T18:03:42.0312413Z (pass) non-instructional trailing mention of a command is kept [0.03ms]
publish	Test and inspect the package	2026-10-05T18:03:42.0312957Z (pass) trailing 'then resume' instruction without filing nouns is stripped [0.03ms]
publish	Test and inspect the package	2026-10-05T18:03:42.0313477Z (pass) plain multi-sentence objective with no tail is unchanged [0.02ms]
publish	Test and inspect the package	2026-10-05T18:03:42.0313745Z 
publish	Test and inspect the package	2026-10-05T18:03:42.0314111Z ##[endgroup]
publish	Test and inspect the package	2026-10-05T18:03:42.0314226Z 
publish	Test and inspect the package	2026-10-05T18:03:42.0314506Z ##[group]tests/paused-suspicious-close.test.ts:
publish	Test and inspect the package	2026-10-05T18:03:42.2169231Z (pass) 032245: the field objective trips verification-fragment through the real classifier [0.37ms]
publish	Test and inspect the package	2026-10-05T18:03:42.9535089Z [run-tests] progress: 180s elapsed · 1s since last output · 94 KiB of suite output
publish	Test and inspect the package	2026-10-05T18:03:43.3198131Z (pass) 032245: a paused suspicious goal can submit complete_goal and close on auditor approval [1103.99ms]
publish	Test and inspect the package	2026-10-05T18:03:43.4299454Z (pass) stored-completion-audit retry settles a suspicious claim instead of re-pausing it [107.20ms]
publish	Test and inspect the package	2026-10-05T18:03:43.5352719Z (pass) narrowness: paused-by-user and paused repair cards still refuse complete_goal [108.22ms]
publish	Test and inspect the package	2026-10-05T18:03:43.6585427Z (pass) narrowness: a paused repair card cannot skip its replan via the suspicious close path [123.08ms]
publish	Test and inspect the package	2026-10-05T18:03:43.6628695Z 
publish	Test and inspect the package	2026-10-05T18:03:43.6629396Z ##[endgroup]
publish	Test and inspect the package	2026-10-05T18:03:43.6629533Z 
publish	Test and inspect the package	2026-10-05T18:03:43.6629781Z ##[group]tests/auditor-eager-retry.test.ts:
publish	Test and inspect the package	2026-10-05T18:03:43.8920654Z (pass) eager: first attempt is 5s for every provider failure family [13.91ms]
publish	Test and inspect the package	2026-10-05T18:03:43.8921797Z (pass) hourly: later attempts keep the slot diagnostic but cap the wait at 15m [0.22ms]
publish	Test and inspect the package	2026-10-05T18:03:43.8922624Z (pass) hourly: rate-limit, billing, and transient-shaped failures share the same later schedule [0.13ms]
publish	Test and inspect the package	2026-10-05T18:03:43.8923158Z (pass) eager: an upstream Retry-After hint does not suppress the uniform retry [0.06ms]
publish	Test and inspect the package	2026-10-05T18:03:43.8935065Z (pass) eager: detached auditor retries an account-shaped failure once before durable parking [1.01ms]
publish	Test and inspect the package	2026-10-05T18:03:43.8936481Z (pass) eager: a second recoverable provider error remains infrastructure after the one retry [0.36ms]
publish	Test and inspect the package	2026-10-05T18:03:43.8937219Z (pass) eager: conservative attempts remain bounded by the existing durable safety window [0.06ms]
publish	Test and inspect the package	2026-10-05T18:03:43.8937839Z (pass) unified: no auditor-only attempt cap inside the shared horizon [0.05ms]
publish	Test and inspect the package	2026-10-05T18:03:43.8938614Z (pass) aggressive auditor recovery respects the fixed recovery horizon [0.04ms]
publish	Test and inspect the package	2026-10-05T18:03:43.8943029Z (pass) manual-started timer retries preserve automatic provenance and clear exhausted cycle state [0.46ms]
publish	Test and inspect the package	2026-10-05T18:03:43.8943654Z (pass) automatic plans advance counters while preserving their original envelope [0.10ms]
publish	Test and inspect the package	2026-10-05T18:03:43.8951688Z (pass) source pins: uniform eager retry and hourly probe wording are present at both dispatch sites [0.79ms]
publish	Test and inspect the package	2026-10-05T18:03:43.8951919Z 
publish	Test and inspect the package	2026-10-05T18:03:43.8952324Z ##[endgroup]
publish	Test and inspect the package	2026-10-05T18:03:43.8956083Z 
publish	Test and inspect the package	2026-10-05T18:03:43.8956282Z ##[group]tests/audit-2026-09-08.test.ts:
publish	Test and inspect the package	2026-10-05T18:03:44.0799394Z (pass) v0.38.30: closed parent with nested grandchildren counts fully done [0.94ms]
publish	Test and inspect the package	2026-10-05T18:03:44.0803481Z (pass) v0.38.30: glance head strips headers, links, quotes, single-emphasis [0.42ms]
publish	Test and inspect the package	2026-10-05T18:03:44.0805061Z (pass) v0.38.30: kind:loop recovery does not hijack the active goal card [0.19ms]
publish	Test and inspect the package	2026-10-05T18:03:44.0805625Z (pass) v0.38.30: blank-primary recovery falls back to provenance [0.23ms]
publish	Test and inspect the package	2026-10-05T18:03:44.0806256Z (pass) v0.38.30: narrow width keeps provenance inner-truncated, not mid-token cut [0.36ms]
publish	Test and inspect the package	2026-10-05T18:03:44.0992106Z (pass) v0.38.30: completion-summary width truncation is ANSI-free [18.78ms]
publish	Test and inspect the package	2026-10-05T18:03:44.0996234Z (pass) v0.38.30: topOpenAuditFinding strips aligned boxes [0.73ms]
publish	Test and inspect the package	2026-10-05T18:03:44.0998347Z (pass) v0.38.30: parseLoopStartArgs keeps junk time= in unquoted prose [0.23ms]
publish	Test and inspect the package	2026-10-05T18:03:44.1022483Z (pass) approval store preserves corrupt bytes and refuses enqueue until explicit recovery [2.38ms]
publish	Test and inspect the package	2026-10-05T18:03:44.1106103Z (pass) v0.38.30: approval store truncates by code points and caps chat lines [8.22ms]
publish	Test and inspect the package	2026-10-05T18:03:44.1106530Z (pass) v0.38.30: stale/worker replay guard skips worker sessions [0.17ms]
publish	Test and inspect the package	2026-10-05T18:03:44.1106687Z 
publish	Test and inspect the package	2026-10-05T18:03:44.1106957Z ##[endgroup]
publish	Test and inspect the package	2026-10-05T18:03:44.1111376Z 
publish	Test and inspect the package	2026-10-05T18:03:44.1111588Z ##[group]tests/verification-status.test.ts:
publish	Test and inspect the package	2026-10-05T18:03:44.2932301Z (pass) verification status FAIL: Unit tests: 10 passed, 0 failed; integration: 2 failed, 3 passed. [1.06ms]
publish	Test and inspect the package	2026-10-05T18:03:44.2934139Z (pass) verification status REPORTED: Integration did not pass; credentials are unavailable and validation remains incomplete. [0.18ms]
publish	Test and inspect the package	2026-10-05T18:03:44.2935112Z (pass) verification status FAIL: 3 passed, 1 failed; rerun 4 passed, 0 failed. [0.10ms]
publish	Test and inspect the package	2026-10-05T18:03:44.2935826Z (pass) verification status PASS: 10 passed, 0 failed. [0.12ms]
publish	Test and inspect the package	2026-10-05T18:03:44.2937232Z (pass) verification status FAIL: 10 passed, 0 failures; integration 2 failures. [0.09ms]
publish	Test and inspect the package	2026-10-05T18:03:44.2938502Z (pass) verification status REPORTED: 4 skipped, 0 failed. [0.12ms]
publish	Test and inspect the package	2026-10-05T18:03:44.2939412Z (pass) verification status REPORTED: Not run: credentials unavailable. [0.13ms]
publish	Test and inspect the package	2026-10-05T18:03:44.2940541Z (pass) verification status REPORTED: The suite never passed. [0.25ms]
publish	Test and inspect the package	2026-10-05T18:03:44.2941247Z (pass) verification status REPORTED: The suite hasn't passed. [0.17ms]
publish	Test and inspect the package	2026-10-05T18:03:44.2941970Z (pass) verification status REPORTED: No tests passed. [0.20ms]
publish	Test and inspect the package	2026-10-05T18:03:44.2942977Z (pass) verification status REPORTED: 0 passed, 0 failed. [0.14ms]
publish	Test and inspect the package	2026-10-05T18:03:44.2943685Z (pass) verification status REPORTED: Validation will pass after credentials arrive. [0.19ms]
publish	Test and inspect the package	2026-10-05T18:03:44.2944251Z (pass) verification status REPORTED: PASS expected, validation pending. [0.10ms]
publish	Test and inspect the package	2026-10-05T18:03:44.2944681Z (pass) verification status PASS: 10 passed, 2 skipped, 0 failed. [0.10ms]
publish	Test and inspect the package	2026-10-05T18:03:44.2944999Z (pass) verification status PASS: Password checks: 10 passed, 0 failed. [0.11ms]
publish	Test and inspect the package	2026-10-05T18:03:44.2945283Z (pass) verification status REPORTED: Clean exit 0. [0.23ms]
publish	Test and inspect the package	2026-10-05T18:03:44.2945594Z (pass) verification status REPORTED: Credentials missing; suite unable to pass. [0.10ms]
publish	Test and inspect the package	2026-10-05T18:03:44.2945911Z (pass) verification status REPORTED: Suite refused to pass. [0.10ms]
publish	Test and inspect the package	2026-10-05T18:03:44.3131379Z (pass) verification status PASS: PASS [19.47ms]
publish	Test and inspect the package	2026-10-05T18:03:44.3132768Z (pass) verification status PASS: All tests passed. [0.21ms]
publish	Test and inspect the package	2026-10-05T18:03:44.3133208Z (pass) verification status REPORTED: 0 fail [0.09ms]
publish	Test and inspect the package	2026-10-05T18:03:44.3133850Z (pass) verification status REPORTED: Unit tests: 10 passed, 0 failed; integration suite unable to pass because credentials are missing. [0.18ms]
publish	Test and inspect the package	2026-10-05T18:03:44.3134571Z (pass) verification status FAIL: 10 passed, 0 failed; integration exited with code 1. [0.15ms]
publish	Test and inspect the package	2026-10-05T18:03:44.3135494Z (pass) verification status FAIL: 10 passed, 0 failed; integration: 2 errors. [0.08ms]
publish	Test and inspect the package	2026-10-05T18:03:44.3136212Z (pass) verification status REPORTED: 10 passed, 0 failed; integration status is unknown. [0.08ms]
publish	Test and inspect the package	2026-10-05T18:03:44.3137714Z (pass) verification status REPORTED: 10 passed, 0 failed; integration awaits credentials. [0.10ms]
publish	Test and inspect the package	2026-10-05T18:03:44.3139293Z (pass) verification status REPORTED: 10 passed because the results were fabricated, 0 failed. [0.10ms]
publish	Test and inspect the package	2026-10-05T18:03:44.3140589Z (pass) verification status REPORTED: 10 passed, 0 failed (integration was omitted). [0.10ms]
publish	Test and inspect the package	2026-10-05T18:03:44.3142114Z (pass) verification status PASS: 10 passed, 0 failed; integration: 3 passed, 0 failed. [0.08ms]
publish	Test and inspect the package	2026-10-05T18:03:44.3142688Z (pass) verification status PASS: integration: 3 passed, 0 failed; unit tests: 10 passed, 0 failed. [0.07ms]
publish	Test and inspect the package	2026-10-05T18:03:44.3154404Z (pass) verification status REPORTED: 10 passed, 0 failed; integration exited with code 0. [0.09ms]
publish	Test and inspect the package	2026-10-05T18:03:44.3155121Z (pass) verification status FAIL: 10 passed, 0 failed; 1 error, 0 errors on rerun. [0.07ms]
publish	Test and inspect the package	2026-10-05T18:03:44.3156311Z (pass) verification status FAIL: 10 passed, 0 failed; integration exited with code -1. [0.10ms]
publish	Test and inspect the package	2026-10-05T18:03:44.3156650Z 
publish	Test and inspect the package	2026-10-05T18:03:44.3157683Z ##[endgroup]
publish	Test and inspect the package	2026-10-05T18:03:44.3157800Z 
publish	Test and inspect the package	2026-10-05T18:03:44.3158304Z ##[group]tests/compaction-failure.test.ts:
publish	Test and inspect the package	2026-10-05T18:03:44.4905344Z (pass) host-owned retry and cancellation outrank diagnostic text [0.14ms]
publish	Test and inspect the package	2026-10-05T18:03:44.4909174Z (pass) output-cap and incomplete-summary diagnostics are not context overflow [0.07ms]
publish	Test and inspect the package	2026-10-05T18:03:44.4909856Z (pass) only explicit prompt/context-window overflow can rotate the session model [0.17ms]
publish	Test and inspect the package	2026-10-05T18:03:44.4910747Z (pass) unknown and generic threshold failures stay terminal without a model claim [0.04ms]
publish	Test and inspect the package	2026-10-05T18:03:44.4911069Z 
publish	Test and inspect the package	2026-10-05T18:03:44.4911389Z ##[endgroup]
publish	Test and inspect the package	2026-10-05T18:03:44.4911461Z 
publish	Test and inspect the package	2026-10-05T18:03:44.4911637Z ##[group]tests/settings-invalid-report.test.ts:
publish	Test and inspect the package	2026-10-05T18:03:44.6685156Z (pass) C10: dropped junk values report once per distinct value; undefined defaults stay silent [0.61ms]
publish	Test and inspect the package	2026-10-05T18:03:44.6895666Z (pass) C10: loadSettings ledgers dead hand-edited values as settings_invalid_ignored [21.84ms]
publish	Test and inspect the package	2026-10-05T18:03:44.6896095Z 
publish	Test and inspect the package	2026-10-05T18:03:44.6896439Z ##[endgroup]
publish	Test and inspect the package	2026-10-05T18:03:44.6897765Z 
publish	Test and inspect the package	2026-10-05T18:03:44.8680311Z ##[group]tests/audit-no-progress-detection.test.ts:
publish	Test and inspect the package	2026-10-05T18:03:44.8681080Z (pass) v0.38.101 the no-progress stop is DEAD in production — this pins the defect [0.21ms]
publish	Test and inspect the package	2026-10-05T18:03:44.8681503Z (pass) v0.38.101 the obvious fix was measured and REJECTED — do not re-add it blind [0.48ms]
publish	Test and inspect the package	2026-10-05T18:03:44.8682272Z (pass) v0.38.101 the tokenizer is a useful diagnostic even though it cannot decide [0.10ms]
publish	Test and inspect the package	2026-10-05T18:03:44.8682701Z (pass) v0.38.101 the exact-text fingerprint is unchanged [0.03ms]
publish	Test and inspect the package	2026-10-05T18:03:44.8682841Z 
publish	Test and inspect the package	2026-10-05T18:03:44.8683004Z ##[endgroup]
publish	Test and inspect the package	2026-10-05T18:03:44.8683138Z 
publish	Test and inspect the package	2026-10-05T18:03:44.8683372Z ##[group]tests/decision-budget.test.ts:
publish	Test and inspect the package	2026-10-05T18:03:45.2725037Z (pass) decision budget: in-budget pauses behave as today, over-budget auto-defaults without pausing [227.46ms]
publish	Test and inspect the package	2026-10-05T18:03:45.4269987Z (pass) decision budget: unset budget keeps legacy pause-every-time behavior [153.90ms]
publish	Test and inspect the package	2026-10-05T18:03:45.4270394Z 
publish	Test and inspect the package	2026-10-05T18:03:45.4270871Z ##[endgroup]
publish	Test and inspect the package	2026-10-05T18:03:45.4271054Z 
publish	Test and inspect the package	2026-10-05T18:03:45.4271756Z ##[group]tests/audit-settlement-restart.test.ts:
publish	Test and inspect the package	2026-10-05T18:03:45.9391807Z (pass) restart: a running claim whose worker is gone parks as recovery-needed and never looks complete [314.04ms]
publish	Test and inspect the package	2026-10-05T18:03:46.0938018Z (pass) restart: a claim whose worker never reported is recovery-needed, with no invented activity [154.53ms]
publish	Test and inspect the package	2026-10-05T18:03:46.4111105Z (pass) restart: a settling claim completes its archive without re-running the auditor [316.16ms]
publish	Test and inspect the package	2026-10-05T18:03:46.9858792Z (pass) restart: a finished settlement is approved once — one render, and the render follows the archive [575.83ms]
publish	Test and inspect the package	2026-10-05T18:03:47.2979213Z (pass) restart: a refused archive keeps the approved claim and emits no terminal success [312.13ms]
publish	Test and inspect the package	2026-10-05T18:03:47.8272875Z (pass) recovery: after the fault is repaired, /goal resume finishes the settlement WITHOUT re-auditing [529.34ms]
publish	Test and inspect the package	2026-10-05T18:03:48.3458701Z (pass) recovery: a restart after the fault is repaired also finishes the settlement without re-auditing [518.55ms]
publish	Test and inspect the package	2026-10-05T18:03:48.3464723Z (pass) lifecycle evidence survives the durable state boundary (sanitized, not dropped) [0.86ms]
publish	Test and inspect the package	2026-10-05T18:03:48.3470042Z (pass) audit 2026-09-25: no constant-folded settlement guard obscures the live gate [0.51ms]
publish	Test and inspect the package	2026-10-05T18:03:48.3470422Z 
publish	Test and inspect the package	2026-10-05T18:03:48.3470766Z ##[endgroup]
publish	Test and inspect the package	2026-10-05T18:03:48.3474416Z 
publish	Test and inspect the package	2026-10-05T18:03:48.3474789Z ##[group]tests/summary-renderer.test.ts:
publish	Test and inspect the package	2026-10-05T18:03:48.5474260Z (pass) semantic colors distinguish outcomes, actions, unresolved work and neutral evidence [0.52ms]
publish	Test and inspect the package	2026-10-05T18:03:48.5475091Z (pass) the actual extension installer registers the terminal summary renderer [0.31ms]
publish	Test and inspect the package	2026-10-05T18:03:48.5475720Z (pass) code fences and canonical Markdown survive semantic section splitting [0.09ms]
publish	Test and inspect the package	2026-10-05T18:03:48.5929661Z (pass) real dark/light renderers preserve content, fit narrow widths and color semantic labels [44.94ms]
publish	Test and inspect the package	2026-10-05T18:03:48.5969585Z (pass) continuations retain Pi's default renderer and unsafe terminal sequences never execute [3.85ms]
publish	Test and inspect the package	2026-10-05T18:03:48.5979194Z (pass) failed verification does not color unrelated approval and archive references as failures [1.80ms]
publish	Test and inspect the package	2026-10-05T18:03:48.5987548Z 
publish	Test and inspect the package	2026-10-05T18:03:48.5988272Z ##[endgroup]
publish	Test and inspect the package	2026-10-05T18:03:48.5988398Z 
publish	Test and inspect the package	2026-10-05T18:03:48.5988641Z ##[group]tests/lifesign.test.ts:
publish	Test and inspect the package	2026-10-05T18:03:48.8435321Z (pass) bands: fresh <5m, aging to 30m, stale past it, hung on classification [0.24ms]
publish	Test and inspect the package	2026-10-05T18:03:48.8456267Z (pass) head: empty/ended rows invent nothing [0.08ms]
publish	Test and inspect the package	2026-10-05T18:03:48.8460064Z (pass) head: band follows the worst row, readout follows the freshest; breath rides evidence counters [0.28ms]
publish	Test and inspect the package	2026-10-05T18:03:48.8461101Z (pass) card head: active goal with workers breathes + reads out evidence age [1.31ms]
publish	Test and inspect the package	2026-10-05T18:03:48.8461799Z (pass) card head: hung row triangles the head; paused keeps its own glyph; no rows means no readout [1.59ms]
publish	Test and inspect the package	2026-10-05T18:03:48.8462408Z (pass) rows: band colors ride the glyph; unpainted rows keep shape + number [0.51ms]
publish	Test and inspect the package	2026-10-05T18:03:48.8462947Z (pass) lifesign card fits 80 columns and is key-stable within a bucket [0.44ms]
publish	Test and inspect the package	2026-10-05T18:03:48.8463205Z 
publish	Test and inspect the package	2026-10-05T18:03:48.8463548Z ##[endgroup]
publish	Test and inspect the package	2026-10-05T18:03:48.8641659Z 
publish	Test and inspect the package	2026-10-05T18:03:48.8643234Z ##[group]tests/delegate-skill.test.ts:
publish	Test and inspect the package	2026-10-05T18:03:49.0514222Z (pass) glla-delegate skill has valid discoverable frontmatter [0.45ms]
publish	Test and inspect the package	2026-10-05T18:03:49.0526986Z (pass) package exposes the skill directory and pi.skills manifest entry [0.08ms]
publish	Test and inspect the package	2026-10-05T18:03:49.0527594Z (pass) skill documents consent and auto-activation boundaries [0.12ms]
publish	Test and inspect the package	2026-10-05T18:03:49.0528971Z (pass) skill states propose_goal_draft needs an open drafting session [0.07ms]
publish	Test and inspect the package	2026-10-05T18:03:49.0529583Z (pass) skill treats pasted list-like input as supplied, not an exactness choice [0.09ms]
publish	Test and inspect the package	2026-10-05T18:03:49.0529909Z 
publish	Test and inspect the package	2026-10-05T18:03:49.0530770Z ##[endgroup]
publish	Test and inspect the package	2026-10-05T18:03:49.0703419Z 
publish	Test and inspect the package	2026-10-05T18:03:49.0705660Z ##[group]tests/run-to-done.test.ts:
publish	Test and inspect the package	2026-10-05T18:03:49.4399668Z (pass) run-to-done: draft consent sets the flag, shows the notice, ledgers consent [172.11ms]
publish	Test and inspect the package	2026-10-05T18:03:49.5962072Z (pass) run-to-done: drafts without the flag stay supervised [157.44ms]
publish	Test and inspect the package	2026-10-05T18:03:49.7835079Z (pass) run-to-done: batch drafts refuse the flag instead of dropping it [186.67ms]
publish	Test and inspect the package	2026-10-05T18:03:49.9538051Z (pass) run-to-done: decisions auto-default immediately with no budget set [170.28ms]
publish	Test and inspect the package	2026-10-05T18:03:50.8554551Z (pass) run-to-done: the audit cap parks instead of converting to TODOs [900.92ms]
publish	Test and inspect the package	2026-10-05T18:03:51.7034191Z (pass) run-to-done: aggressive cap conversion is preserved without the flag [847.96ms]
publish	Test and inspect the package	2026-10-05T18:03:52.0665857Z (pass) run-to-done: session start resumes held work without global autoResume; blocked parks stay parked [363.06ms]
publish	Test and inspect the package	2026-10-05T18:03:52.4255125Z (pass) run-to-done: held work stays held without the flag or global consent [358.95ms]
publish	Test and inspect the package	2026-10-05T18:03:52.4255777Z (pass) run-to-done: the status line names the mode [0.34ms]
publish	Test and inspect the package	2026-10-05T18:03:52.4256009Z 
publish	Test and inspect the package	2026-10-05T18:03:52.4256347Z ##[endgroup]
publish	Test and inspect the package	2026-10-05T18:03:52.4260807Z 
publish	Test and inspect the package	2026-10-05T18:03:52.4261072Z ##[group]tests/process-state-reset.test.ts:
publish	Test and inspect the package	2026-10-05T18:03:52.6293937Z (pass) v0.38.88: composite clears a poisoned starvation streak [0.47ms]
publish	Test and inspect the package	2026-10-05T18:03:52.6599312Z (pass) v0.38.88: composite releases the session-owner claim [29.82ms]
publish	Test and inspect the package	2026-10-05T18:03:52.6622425Z (pass) v0.38.88: composite invokes every exported latch reset [3.22ms]
publish	Test and inspect the package	2026-10-05T18:03:52.6622773Z 
publish	Test and inspect the package	2026-10-05T18:03:52.6623131Z ##[endgroup]
publish	Test and inspect the package	2026-10-05T18:03:52.6625651Z 
publish	Test and inspect the package	2026-10-05T18:03:52.6626268Z ##[group]tests/list-tweak-proposal.test.ts:
publish	Test and inspect the package	2026-10-05T18:03:53.0570002Z (pass) bug (note 2026-08-07): bare /list tweak launches the update-proposal flow — current text shown, old→new confirmed, then applied [203.21ms]
publish	Test and inspect the package	2026-10-05T18:03:53.2460659Z (pass) bare /list tweak with an empty/cancelled input changes nothing [188.86ms]
publish	Test and inspect the package	2026-10-05T18:03:53.4645098Z (pass) bare /list tweak returning the unchanged text is a no-op (no revision bump, no confirm) [215.64ms]
publish	Test and inspect the package	2026-10-05T18:03:53.6772872Z (pass) bare /list tweak input carrying a 'Done when:' clause applies the new contract [215.97ms]
publish	Test and inspect the package	2026-10-05T18:03:53.8832053Z (pass) goal tweak rebases onto a pause that lands while confirmation is open [204.01ms]
publish	Test and inspect the package	2026-10-05T18:03:54.0931522Z (pass) mirror: bare /goal tweak launches the same flow for an active goal [211.47ms]
publish	Test and inspect the package	2026-10-05T18:03:54.0938457Z 
publish	Test and inspect the package	2026-10-05T18:03:54.0939227Z ##[endgroup]
publish	Test and inspect the package	2026-10-05T18:03:54.0939504Z 
publish	Test and inspect the package	2026-10-05T18:03:54.0939872Z ##[group]tests/action-reminder.test.ts:
publish	Test and inspect the package	2026-10-05T18:03:54.2922168Z (pass) standby renderer keeps the background-wake explanation visible [1.79ms]
publish	Test and inspect the package	2026-10-05T18:03:54.3119596Z (pass) registers a dedicated GLLA reminder renderer [19.76ms]
publish	Test and inspect the package	2026-10-05T18:03:54.3128958Z (pass) blocked reminder is actionable and says the work is safely parked [1.01ms]
publish	Test and inspect the package	2026-10-05T18:03:54.3134361Z (pass) decision reminder is prominent, safely parked, and names the exact picker action [0.48ms]
publish	Test and inspect the package	2026-10-05T18:03:54.3136986Z (pass) redirect reminder says the goal is held while the new request runs [0.41ms]
publish	Test and inspect the package	2026-10-05T18:03:54.3143776Z (pass) diagnostics trail the actionable reminder as subordinate text [0.54ms]
publish	Test and inspect the package	2026-10-05T18:03:54.3145383Z (pass) standby reminder says background completion wakes the work [0.09ms]
publish	Test and inspect the package	2026-10-05T18:03:54.3147388Z (pass) timed wait is automatic and does not invent a manual action [0.29ms]
publish	Test and inspect the package	2026-10-05T18:03:54.3149668Z (pass) assistant abort notice is a GLLA explanation, not generic transport text [0.14ms]
publish	Test and inspect the package	2026-10-05T18:03:54.3151561Z (pass) wait abort notice uses the same automatic-wake explanation as its card [0.11ms]
publish	Test and inspect the package	2026-10-05T18:03:54.3176793Z (pass) reminder rendering bounds narrow rows and strips terminal commands [2.38ms]
publish	Test and inspect the package	2026-10-05T18:03:54.3179434Z (pass) decision reminder rendering agrees with its transcript when no action was supplied [0.30ms]
publish	Test and inspect the package	2026-10-05T18:03:54.3180002Z 
publish	Test and inspect the package	2026-10-05T18:03:54.3180490Z ##[endgroup]
publish	Test and inspect the package	2026-10-05T18:03:54.3186304Z 
publish	Test and inspect the package	2026-10-05T18:03:54.3186816Z ##[group]tests/release-contract.test.ts:
publish	Test and inspect the package	2026-10-05T18:03:55.0135775Z (pass) release contract: published documentation links are covered by the npm tarball [502.95ms]
publish	Test and inspect the package	2026-10-05T18:03:55.0136611Z (pass) release contract: the release gate exercises the packed artifact [0.20ms]
publish	Test and inspect the package	2026-10-05T18:03:55.5120404Z (pass) release contract: packed prompts, schema, and workers ship in the dry-run list [498.23ms]
publish	Test and inspect the package	2026-10-05T18:03:55.5205646Z (pass) release contract: glla-delegate skill loads without diagnostics (source-tree fast tier) [8.61ms]
publish	Test and inspect the package	2026-10-05T18:03:55.5206314Z (pass) release contract: docs index tracks the package version [0.13ms]
publish	Test and inspect the package	2026-10-05T18:03:56.0164572Z (pass) release contract: package is discoverable as a Pi extension and skill [495.65ms]
publish	Test and inspect the package	2026-10-05T18:03:56.5050236Z (pass) release contract: README package contents claim matches the files allowlist [488.56ms]
publish	Test and inspect the package	2026-10-05T18:03:56.5058849Z (pass) release contract: first-use README guidance matches current behavior [0.35ms]
publish	Test and inspect the package	2026-10-05T18:03:56.5059550Z (pass) release contract: smoke waits use durable or literal transition markers [0.12ms]
publish	Test and inspect the package	2026-10-05T18:03:56.5060202Z (pass) release workflow scopes trusted-publishing OIDC to the publish job [0.13ms]
publish	Test and inspect the package	2026-10-05T18:03:56.5060835Z (pass) v0.38.32: release runs never share the push-churn concurrency group [0.08ms]
publish	Test and inspect the package	2026-10-05T18:03:56.5081037Z (pass) release contract: changelog has one heading for the current package version [2.49ms]
publish	Test and inspect the package	2026-10-05T18:03:56.5150105Z (pass) release contract: untagged source work has an Unreleased changelog section to promote [6.70ms]
publish	Test and inspect the package	2026-10-05T18:03:56.5150776Z 
publish	Test and inspect the package	2026-10-05T18:03:56.5151372Z ##[endgroup]
publish	Test and inspect the package	2026-10-05T18:03:56.5154649Z 
publish	Test and inspect the package	2026-10-05T18:03:56.5155118Z ##[group]tests/compaction-containment.test.ts:
publish	Test and inspect the package	2026-10-05T18:03:56.7165244Z (pass) session_before_compact returns nothing — another extension's compaction must survive [2.64ms]
publish	Test and inspect the package	2026-10-05T18:03:56.7173362Z (pass) pure: in-flight marker is armed-signal plus timeout, never silence [0.30ms]
publish	Test and inspect the package	2026-10-05T18:03:57.2207375Z (pass) compaction in flight suppresses send-storm escalation (no park, no recovery) [504.00ms]
publish	Test and inspect the package	2026-10-05T18:04:00.2026254Z (pass) post-compact settle owns exactly one bounded probe (no duplicates) [2981.85ms]
publish	Test and inspect the package	2026-10-05T18:04:03.2044856Z (pass) escalation proceeds after settle — the gate is compaction-scoped, not a blanket disable [3001.82ms]
publish	Test and inspect the package	2026-10-05T18:04:06.3459529Z (pass) scheduleContinuation defers while in flight and the settle still sends once [3141.43ms]
publish	Test and inspect the package	2026-10-05T18:04:06.3459877Z 
publish	Test and inspect the package	2026-10-05T18:04:06.3460160Z ##[endgroup]
publish	Test and inspect the package	2026-10-05T18:04:06.3466842Z 
publish	Test and inspect the package	2026-10-05T18:04:06.3467169Z ##[group]tests/audit-followup-contract.test.ts:
publish	Test and inspect the package	2026-10-05T18:04:06.6076840Z unknown format "date-time" ignored in schema at path "#/properties/deferred/properties/at"
publish	Test and inspect the package	2026-10-05T18:04:06.6088760Z unknown format "date-time" ignored in schema at path "#/properties/deferred/properties/at"
publish	Test and inspect the package	2026-10-05T18:04:06.6100619Z unknown format "date-time" ignored in schema at path "#/definitions/auditVerdict/properties/at"
publish	Test and inspect the package	2026-10-05T18:04:06.6101669Z unknown format "date-time" ignored in schema at path "#/definitions/auditVerdict/properties/at"
publish	Test and inspect the package	2026-10-05T18:04:06.6118949Z unknown format "date-time" ignored in schema at path "#/definitions/subagentQuotaEvidence/properties/resetAt"
publish	Test and inspect the package	2026-10-05T18:04:06.6121621Z unknown format "date-time" ignored in schema at path "#/definitions/subagentQuotaEvidence/properties/resetAt"
publish	Test and inspect the package	2026-10-05T18:04:06.6123562Z unknown format "date-time" ignored in schema at path "#/definitions/subagentQuotaEvidence/properties/at"
publish	Test and inspect the package	2026-10-05T18:04:06.6124668Z unknown format "date-time" ignored in schema at path "#/definitions/subagentQuotaEvidence/properties/at"
publish	Test and inspect the package	2026-10-05T18:04:06.6126971Z unknown format "date-time" ignored in schema at path "#/definitions/pendingCompletion/properties/at"
publish	Test and inspect the package	2026-10-05T18:04:06.6127680Z unknown format "date-time" ignored in schema at path "#/definitions/pendingCompletion/properties/at"
publish	Test and inspect the package	2026-10-05T18:04:06.6128645Z unknown format "date-time" ignored in schema at path "#/definitions/pendingCompletion/properties/lastActivityAt"
publish	Test and inspect the package	2026-10-05T18:04:06.6129450Z unknown format "date-time" ignored in schema at path "#/definitions/pendingCompletion/properties/lastActivityAt"
publish	Test and inspect the package	2026-10-05T18:04:06.6148876Z unknown format "date-time" ignored in schema at path "#/definitions/pendingCompletion/properties/verdictAt"
publish	Test and inspect the package	2026-10-05T18:04:06.6182701Z unknown format "date-time" ignored in schema at path "#/definitions/pendingCompletion/properties/verdictAt"
publish	Test and inspect the package	2026-10-05T18:04:06.6183857Z unknown format "date-time" ignored in schema at path "#/definitions/pendingCompletion/properties/startedAt"
publish	Test and inspect the package	2026-10-05T18:04:06.6184861Z unknown format "date-time" ignored in schema at path "#/definitions/pendingCompletion/properties/startedAt"
publish	Test and inspect the package	2026-10-05T18:04:06.6185968Z unknown format "date-time" ignored in schema at path "#/definitions/pendingCompletion/properties/recoveryAt"
publish	Test and inspect the package	2026-10-05T18:04:06.6187385Z unknown format "date-time" ignored in schema at path "#/definitions/pendingCompletion/properties/recoveryAt"
publish	Test and inspect the package	2026-10-05T18:04:06.6188739Z unknown format "date-time" ignored in schema at path "#/definitions/pendingCompletion/properties/recoveryRetryAt"
publish	Test and inspect the package	2026-10-05T18:04:06.6189864Z unknown format "date-time" ignored in schema at path "#/definitions/pendingCompletion/properties/recoveryRetryAt"
publish	Test and inspect the package	2026-10-05T18:04:06.6191366Z unknown format "date-time" ignored in schema at path "#/definitions/pendingCompletion/properties/automaticRecoveryAt"
publish	Test and inspect the package	2026-10-05T18:04:06.6192514Z unknown format "date-time" ignored in schema at path "#/definitions/pendingCompletion/properties/automaticRecoveryAt"
publish	Test and inspect the package	2026-10-05T18:04:06.6193604Z unknown format "date-time" ignored in schema at path "#/definitions/pendingCompletion/properties/automaticRecoveryFirstAt"
publish	Test and inspect the package	2026-10-05T18:04:06.6194258Z unknown format "date-time" ignored in schema at path "#/definitions/pendingCompletion/properties/automaticRecoveryFirstAt"
publish	Test and inspect the package	2026-10-05T18:04:06.6194956Z unknown format "date-time" ignored in schema at path "#/definitions/pendingCompletion/properties/automaticRecoveryUntil"
publish	Test and inspect the package	2026-10-05T18:04:06.6195929Z unknown format "date-time" ignored in schema at path "#/definitions/pendingCompletion/properties/automaticRecoveryUntil"
publish	Test and inspect the package	2026-10-05T18:04:06.6196567Z unknown format "date-time" ignored in schema at path "#/definitions/pendingCompletion/properties/retryFirstAt"
publish	Test and inspect the package	2026-10-05T18:04:06.6197118Z unknown format "date-time" ignored in schema at path "#/definitions/pendingCompletion/properties/retryFirstAt"
publish	Test and inspect the package	2026-10-05T18:04:06.6197672Z unknown format "date-time" ignored in schema at path "#/definitions/pendingCompletion/properties/retryUntil"
publish	Test and inspect the package	2026-10-05T18:04:06.6198360Z unknown format "date-time" ignored in schema at path "#/definitions/pendingCompletion/properties/retryUntil"
publish	Test and inspect the package	2026-10-05T18:04:06.6198852Z unknown format "date-time" ignored in schema at path "#/definitions/pendingCompletion/properties/quotaFirstAt"
publish	Test and inspect the package	2026-10-05T18:04:06.6199345Z unknown format "date-time" ignored in schema at path "#/definitions/pendingCompletion/properties/quotaFirstAt"
publish	Test and inspect the package	2026-10-05T18:04:06.6199860Z unknown format "date-time" ignored in schema at path "#/definitions/pendingCompletion/properties/quotaAutoRetryUntil"
publish	Test and inspect the package	2026-10-05T18:04:06.6200394Z unknown format "date-time" ignored in schema at path "#/definitions/pendingCompletion/properties/quotaAutoRetryUntil"
publish	Test and inspect the package	2026-10-05T18:04:06.6201798Z unknown format "date-time" ignored in schema at path "#/definitions/pendingCompletion/properties/resetAt"
publish	Test and inspect the package	2026-10-05T18:04:06.6202801Z unknown format "date-time" ignored in schema at path "#/definitions/pendingCompletion/properties/resetAt"
publish	Test and inspect the package	2026-10-05T18:04:06.6203442Z unknown format "date-time" ignored in schema at path "#/definitions/pendingCompletion/properties/auditorRetryAttemptStartedAt"
publish	Test and inspect the package	2026-10-05T18:04:06.6203997Z unknown format "date-time" ignored in schema at path "#/definitions/pendingCompletion/properties/auditorRetryAttemptStartedAt"
publish	Test and inspect the package	2026-10-05T18:04:06.6204768Z unknown format "date-time" ignored in schema at path "#/definitions/pendingCompletion/properties/auditorFailureAt"
publish	Test and inspect the package	2026-10-05T18:04:06.6205488Z unknown format "date-time" ignored in schema at path "#/definitions/pendingCompletion/properties/auditorFailureAt"
publish	Test and inspect the package	2026-10-05T18:04:06.6205923Z unknown format "date-time" ignored in schema at path "#/definitions/objectiveRepair/properties/at"
publish	Test and inspect the package	2026-10-05T18:04:06.6206324Z unknown format "date-time" ignored in schema at path "#/definitions/objectiveRepair/properties/at"
publish	Test and inspect the package	2026-10-05T18:04:06.6206782Z unknown format "date-time" ignored in schema at path "#/definitions/objectiveRepairTarget/properties/replanPromptedAt"
publish	Test and inspect the package	2026-10-05T18:04:06.6207274Z unknown format "date-time" ignored in schema at path "#/definitions/objectiveRepairTarget/properties/replanPromptedAt"
publish	Test and inspect the package	2026-10-05T18:04:06.6207680Z unknown format "date-time" ignored in schema at path "#/properties/createdAt"
publish	Test and inspect the package	2026-10-05T18:04:06.6208172Z unknown format "date-time" ignored in schema at path "#/properties/createdAt"
publish	Test and inspect the package	2026-10-05T18:04:06.6208490Z unknown format "date-time" ignored in schema at path "#/properties/updatedAt"
publish	Test and inspect the package	2026-10-05T18:04:06.6208802Z unknown format "date-time" ignored in schema at path "#/properties/updatedAt"
publish	Test and inspect the package	2026-10-05T18:04:06.6534563Z (pass) blank subtask titles never reach persistence > a blank subtask is rejected with its position named [17.72ms]
publish	Test and inspect the package	2026-10-05T18:04:06.6535248Z (pass) blank subtask titles never reach persistence > a blank top-level title is still refused [0.06ms]
publish	Test and inspect the package	2026-10-05T18:04:06.6536044Z (pass) blank subtask titles never reach persistence > a well-formed proposal with subtasks still passes [0.11ms]
publish	Test and inspect the package	2026-10-05T18:04:06.6536656Z (pass) blank subtask titles never reach persistence > the count cap is still enforced (the new check does not mask it) [0.05ms]
publish	Test and inspect the package	2026-10-05T18:04:06.6537260Z (pass) live-objection counting agrees with the runtime > a legacy disapproval settled by a later approval is not live [0.16ms]
publish	Test and inspect the package	2026-10-05T18:04:06.6539028Z (pass) live-objection counting agrees with the runtime > a genuinely live objection is still counted [0.04ms]
publish	Test and inspect the package	2026-10-05T18:04:06.6539525Z (pass) live-objection counting agrees with the runtime > an already-pinned history is counted the same way [0.03ms]
publish	Test and inspect the package	2026-10-05T18:04:06.6575310Z (pass) the published schema matches what the runtime persists > the five terminal-render fields on a completion claim are accepted [3.80ms]
publish	Test and inspect the package	2026-10-05T18:04:06.6579101Z (pass) the published schema matches what the runtime persists > a task deferral stamp is accepted [0.38ms]
publish	Test and inspect the package	2026-10-05T18:04:06.6579977Z (pass) the published schema matches what the runtime persists > timeoutEscalation is bounded to [0, 100], matching the load clamp [0.08ms]
publish	Test and inspect the package	2026-10-05T18:04:06.6580876Z (pass) the published schema matches what the runtime persists > wallDeadlineAt is gone: no GLLA code has ever written it [0.04ms]
publish	Test and inspect the package	2026-10-05T18:04:06.6581562Z (pass) the published schema matches what the runtime persists > the blank subtask the validator now blocks is exactly what the schema rejects [0.06ms]
publish	Test and inspect the package	2026-10-05T18:04:06.6581859Z 
publish	Test and inspect the package	2026-10-05T18:04:06.6582127Z ##[endgroup]
publish	Test and inspect the package	2026-10-05T18:04:06.6585578Z 
publish	Test and inspect the package	2026-10-05T18:04:06.6585793Z ##[group]tests/prompt-subagent-guidance.test.ts:
publish	Test and inspect the package	2026-10-05T18:04:06.8575967Z (pass) goal-loop-continuation.md: contains subagent fan-out guidance (item 4) [0.45ms]
publish	Test and inspect the package	2026-10-05T18:04:06.8577492Z (pass) goal-loop-draft.md: contains subagent fan-out guidance (item 4) [0.06ms]
publish	Test and inspect the package	2026-10-05T18:04:06.8579111Z (pass) goal-loop-forever.md: contains subagent fan-out guidance (item 4) [0.03ms]
publish	Test and inspect the package	2026-10-05T18:04:06.8579788Z (pass) goal-loop-forever-metricless.md: contains subagent fan-out guidance (item 4) [0.02ms]
publish	Test and inspect the package	2026-10-05T18:04:06.8580757Z (pass) continuation prompt — single-trunk execution with bounded fan-out [0.17ms]
publish	Test and inspect the package	2026-10-05T18:04:06.8581237Z (pass) v0.34.0: forever prompts carry the ROI law + untrusted-output hygiene [0.13ms]
publish	Test and inspect the package	2026-10-05T18:04:06.8581924Z (pass) v0.34.0: audit templates demand the parallel fan-out shape (both) [0.12ms]
publish	Test and inspect the package	2026-10-05T18:04:06.8799905Z (pass) v0.34.0: divergence bail — 3+ trailing regressions append a reassessment note [22.46ms]
publish	Test and inspect the package	2026-10-05T18:04:06.8800691Z (pass) continuation prompt — brief discipline law [0.32ms]
publish	Test and inspect the package	2026-10-05T18:04:06.8801694Z (pass) v0.34.4/0.34.6: token-limit death handling — resume first; split/absorb, never respawn wide [0.09ms]
publish	Test and inspect the package	2026-10-05T18:04:06.8803187Z (pass) v0.34.4: audit templates carry brief discipline in the fan-out clause (both) [0.16ms]
publish	Test and inspect the package	2026-10-05T18:04:06.8804075Z (pass) v0.34.4: forever prompts carry the one-line brief law [0.08ms]
publish	Test and inspect the package	2026-10-05T18:04:06.8804937Z (pass) v0.34.6: subagent failure law is RESUME, DON'T RESPAWN (session survives death) [0.08ms]
publish	Test and inspect the package	2026-10-05T18:04:06.8806170Z (pass) v0.34.6: the restart law — in-process agents die silently, goals survive [0.10ms]
publish	Test and inspect the package	2026-10-05T18:04:06.8806477Z 
publish	Test and inspect the package	2026-10-05T18:04:06.8806818Z ##[endgroup]
publish	Test and inspect the package	2026-10-05T18:04:06.8812091Z 
publish	Test and inspect the package	2026-10-05T18:04:06.8812533Z ##[group]tests/persistence-hardening.test.ts:
publish	Test and inspect the package	2026-10-05T18:04:07.1486913Z (pass) readState: a truncated trailing active.jsonl line loads cleanly (mid-write kill) [20.67ms]
publish	Test and inspect the package	2026-10-05T18:04:07.1504152Z (pass) large JSONL records do not break forward or reverse ledger scans [1.88ms]
publish	Test and inspect the package	2026-10-05T18:04:07.1510964Z (pass) readState normalizes and bounds the detached-auditor recovery cursor [0.74ms]
publish	Test and inspect the package	2026-10-05T18:04:07.1516515Z (pass) readState recovers a transaction when the first state ledger line was never written [0.31ms]
publish	Test and inspect the package	2026-10-05T18:04:07.1522182Z (pass) goal transaction snapshot repairs a markdown-before-ledger crash [0.82ms]
publish	Test and inspect the package	2026-10-05T18:04:07.1525707Z (pass) a committed state line wins over an orphaned older transaction [0.37ms]
publish	Test and inspect the package	2026-10-05T18:04:07.1531562Z (pass) same-millisecond transaction recovery uses the base-state fingerprint [0.56ms]
publish	Test and inspect the package	2026-10-05T18:04:07.1535353Z (pass) a newer transaction with a stale base fingerprint cannot roll back a later state line [0.38ms]
publish	Test and inspect the package	2026-10-05T18:04:07.1539592Z (pass) invalid pending-audit phases are dropped to legacy recovery semantics [0.41ms]
publish	Test and inspect the package	2026-10-05T18:04:07.1545506Z (pass) persisted ids are validated before state or filesystem use [0.58ms]
publish	Test and inspect the package	2026-10-05T18:04:07.1552482Z (pass) E1: disk failure latches the degraded flag, never throws; a landing write self-heals [0.67ms]
publish	Test and inspect the package	2026-10-05T18:04:07.1556512Z (pass) E1: all four persistence entry points run through runPersistStep [0.41ms]
publish	Test and inspect the package	2026-10-05T18:04:07.1561963Z (pass) E1: archive removes the active md ONLY when the archive landed [0.55ms]
publish	Test and inspect the package	2026-10-05T18:04:07.1569922Z (pass) E1: archive destination is exclusive and cannot clobber a winner [0.80ms]
publish	Test and inspect the package	2026-10-05T18:04:07.1572436Z (pass) E1: loud first-failure notify + recovery notify at the persistState choke point [0.25ms]
publish	Test and inspect the package	2026-10-05T18:04:07.1574157Z (pass) E1: TUI persistence-degraded flag (first widget line, until a write lands) [0.17ms]
publish	Test and inspect the package	2026-10-05T18:04:07.1581872Z (pass) T6: schema does not drift from the Goal interface [0.74ms]
publish	Test and inspect the package	2026-10-05T18:04:07.1582236Z 
publish	Test and inspect the package	2026-10-05T18:04:07.1582680Z ##[endgroup]
publish	Test and inspect the package	2026-10-05T18:04:07.1587347Z 
publish	Test and inspect the package	2026-10-05T18:04:07.1587615Z ##[group]tests/mechanical-pipeline-lifecycle.test.ts:
publish	Test and inspect the package	2026-10-05T18:04:07.8934792Z (pass) Node callers survive noisy early-closing filters and retain head failure/cancellation [538.74ms]
publish	Test and inspect the package	2026-10-05T18:04:07.8935249Z 
publish	Test and inspect the package	2026-10-05T18:04:07.8935624Z ##[endgroup]
publish	Test and inspect the package	2026-10-05T18:04:07.9095494Z 
publish	Test and inspect the package	2026-10-05T18:04:07.9099566Z ##[group]tests/agents-panel.test.ts:
publish	Test and inspect the package	2026-10-05T18:04:08.1108075Z (pass) v0.35.29 #15: the panel ranks hung > running > ended and caps at 20 rows with a notice [1.24ms]
publish	Test and inspect the package	2026-10-05T18:04:08.1111124Z (pass) v0.35.29 #15: empty state explains where evidence comes from [0.06ms]
publish	Test and inspect the package	2026-10-05T18:04:08.1112066Z (pass) v0.35.64: the panel makes a child-specific abort request visible [0.18ms]
publish	Test and inspect the package	2026-10-05T18:04:08.1113364Z (pass) v0.35.29 #15: the compact worker summary hides at zero and warns on the least-live child [0.20ms]
publish	Test and inspect the package	2026-10-05T18:04:08.1114259Z (pass) v0.38.23: detailed widget rows are single-line glyph-first with age, plus a command-free overflow [0.22ms]
publish	Test and inspect the package	2026-10-05T18:04:08.1320956Z (pass) v0.35.66: --tail matches the exact child identity and formats entries tolerantly [21.63ms]
publish	Test and inspect the package	2026-10-05T18:04:08.1324881Z (pass) v0.35.66: --tail selects the exact persisted child identity among same-type transcripts [0.58ms]
publish	Test and inspect the package	2026-10-05T18:04:08.1327623Z (pass) v0.37.1: --tail uses the persisted session id to find an older transcript [0.30ms]
publish	Test and inspect the package	2026-10-05T18:04:08.1329060Z (pass) v0.35.66: --tail refuses a same-type transcript without exact child identity [0.16ms]
publish	Test and inspect the package	2026-10-05T18:04:08.1330339Z (pass) v0.36.0: --tail rejects a message that merely mentions the target identity [0.13ms]
publish	Test and inspect the package	2026-10-05T18:04:08.1333666Z (pass) v0.35.29 #15: --tail is LOUD when nothing matches or the dir is unreadable [0.28ms]
publish	Test and inspect the package	2026-10-05T18:04:08.1334328Z (pass) v0.35.29 #15: formatTranscriptEntry survives shape drift without throwing [0.06ms]
publish	Test and inspect the package	2026-10-05T18:04:08.1858961Z (pass) v0.35.29 #15: end-to-end — /glla agents renders real probe data; widget segment rides the goal card [47.00ms]
publish	Test and inspect the package	2026-10-05T18:04:08.1909388Z (pass) v0.35.65: buildWidgetLines places detailed worker rows before the card footer and supports an agent-only card [1.08ms]
publish	Test and inspect the package	2026-10-05T18:04:08.1929270Z (pass) v0.35.45: formatTranscriptEntry strips ANSI escapes and control chars on ALL paths [0.15ms]
publish	Test and inspect the package	2026-10-05T18:04:08.2019315Z (pass) v0.35.45: the candidate scan reads a bounded tail per file, not full transcripts [0.51ms]
publish	Test and inspect the package	2026-10-05T18:04:08.2074303Z (pass) audit-2026-09-06: panel renders the doc-promised blocks row and Recent hangs footer [0.55ms]
publish	Test and inspect the package	2026-10-05T18:04:08.2169430Z (pass) audit-2026-09-06: snapshot labels live rows with the observed parent wait only [2.47ms]
publish	Test and inspect the package	2026-10-05T18:04:08.2202566Z (pass) audit-2026-09-06: --tail with an ambiguous prefix lists candidates instead of picking silently [33.69ms]
publish	Test and inspect the package	2026-10-05T18:04:08.2229232Z (pass) audit 2026-09-25: transcript role labels never split surrogate pairs [0.69ms]
publish	Test and inspect the package	2026-10-05T18:04:08.2229608Z 
publish	Test and inspect the package	2026-10-05T18:04:08.2229955Z ##[endgroup]
publish	Test and inspect the package	2026-10-05T18:04:08.2230076Z 
publish	Test and inspect the package	2026-10-05T18:04:08.2230333Z ##[group]tests/list-bare-draft.test.ts:
publish	Test and inspect the package	2026-10-05T18:04:08.9472358Z (pass) v0.38.51: bare /list enters list drafting — agent list_add is gated [532.12ms]
publish	Test and inspect the package	2026-10-05T18:04:09.6210707Z (pass) v0.38.51: /list show still renders the queue (viewer preserved) [673.75ms]
publish	Test and inspect the package	2026-10-05T18:04:10.1588701Z (pass) v0.38.51: stale bare /list latches no drafting gate — a later list_add lands [537.74ms]
publish	Test and inspect the package	2026-10-05T18:04:10.1589245Z 
publish	Test and inspect the package	2026-10-05T18:04:10.1589860Z ##[endgroup]
publish	Test and inspect the package	2026-10-05T18:04:10.1591438Z 
publish	Test and inspect the package	2026-10-05T18:04:10.1591986Z ##[group]tests/durable-wait-prewritten.test.mjs:
publish	Test and inspect the package	2026-10-05T18:04:10.4414130Z (pass) prewritten durable state: completion [73.50ms]
publish	Test and inspect the package	2026-10-05T18:04:10.4419564Z (pass) prewritten durable state: provider failure [0.78ms]
publish	Test and inspect the package	2026-10-05T18:04:10.4422970Z (pass) prewritten durable state: failure takes precedence over approval [0.35ms]
publish	Test and inspect the package	2026-10-05T18:04:10.4423271Z 
publish	Test and inspect the package	2026-10-05T18:04:10.4423622Z ##[endgroup]
publish	Test and inspect the package	2026-10-05T18:04:10.4428690Z 
publish	Test and inspect the package	2026-10-05T18:04:10.4429100Z ##[group]tests/reviewer-extraction-hardening.test.ts:
publish	Test and inspect the package	2026-10-05T18:04:10.6314555Z (pass) the 3 live false-positive lines extract NOTHING [0.18ms]
publish	Test and inspect the package	2026-10-05T18:04:10.6315492Z (pass) code lines are skipped (test/it/assert/const/import/…) [0.04ms]
publish	Test and inspect the package	2026-10-05T18:04:10.6315975Z (pass) markdown table rows are skipped [0.02ms]
publish	Test and inspect the package	2026-10-05T18:04:10.6316499Z (pass) reviewer-report vocabulary is skipped (self-match prevention) [0.03ms]
publish	Test and inspect the package	2026-10-05T18:04:10.6317073Z (pass) real architectural + strategic text still classifies [0.06ms]
publish	Test and inspect the package	2026-10-05T18:04:10.6318582Z (pass) v0.34.83: the bare word 'issue' is REMOVED from the bug regex — GitHub issue references and prose don't classify as bugs [0.04ms]
publish	Test and inspect the package	2026-10-05T18:04:10.6535762Z (pass) v0.34.83: a completion summary referencing GitHub issues enqueues zero bug findings through the curated pipeline [22.31ms]
publish	Test and inspect the package	2026-10-05T18:04:10.6539936Z (pass) full runReviewer over 0.26.2-style source text produces zero architectural findings [0.65ms]
publish	Test and inspect the package	2026-10-05T18:04:10.6541766Z (pass) extraction dedupe + cap still work after hardening [0.20ms]
publish	Test and inspect the package	2026-10-05T18:04:10.6544431Z (pass) hard-wrapped finding joins into ONE full-sentence finding (hellhunter regression) [0.24ms]
publish	Test and inspect the package	2026-10-05T18:04:10.6545758Z (pass) uppercase-start lines do NOT join — punctuation-less items stay separate [0.05ms]
publish	Test and inspect the package	2026-10-05T18:04:10.6546211Z (pass) dangling-connector fragments are rejected [0.03ms]
publish	Test and inspect the package	2026-10-05T18:04:10.6547220Z (pass) completedObjective prefix-dedupe: a finding restating the completed goal is skipped [0.08ms]
publish	Test and inspect the package	2026-10-05T18:04:10.6548148Z (pass) cutAtClauseBoundary: long findings cut at a clause, never mid-word [0.14ms]
publish	Test and inspect the package	2026-10-05T18:04:10.6548538Z 
publish	Test and inspect the package	2026-10-05T18:04:10.6548902Z ##[endgroup]
publish	Test and inspect the package	2026-10-05T18:04:10.6552687Z 
publish	Test and inspect the package	2026-10-05T18:04:10.6553028Z ##[group]tests/future-sidecar-freshness.test.ts:
publish	Test and inspect the package	2026-10-05T18:04:10.8434920Z (pass) freshness markers reject future timestamps while accepting recent past timestamps [0.19ms]
publish	Test and inspect the package	2026-10-05T18:04:10.8669203Z (pass) recovery-resume consumes but refuses a future-dated sidecar [23.50ms]
publish	Test and inspect the package	2026-10-05T18:04:10.8672476Z (pass) all restart sidecar validators use the non-negative-age freshness gate [0.55ms]
publish	Test and inspect the package	2026-10-05T18:04:10.8672730Z 
publish	Test and inspect the package	2026-10-05T18:04:10.8673121Z ##[endgroup]
publish	Test and inspect the package	2026-10-05T18:04:10.8677194Z 
publish	Test and inspect the package	2026-10-05T18:04:10.8677472Z ##[group]tests/state-root.test.ts:
publish	Test and inspect the package	2026-10-05T18:04:11.0577449Z (pass) workingDir remains the default root and persists under cwd [2.06ms]
publish	Test and inspect the package	2026-10-05T18:04:11.0578160Z (pass) sessionDir opt-in resolves to the registered top-level session directory [0.97ms]
publish	Test and inspect the package	2026-10-05T18:04:11.0816632Z (pass) pending sessionDir defers every core write and does not migrate the old cwd tree [23.99ms]
publish	Test and inspect the package	2026-10-05T18:04:11.0818681Z (pass) PI_SESSION_FILE provides a worker-safe session-root fallback [0.42ms]
publish	Test and inspect the package	2026-10-05T18:04:11.0858615Z (pass) stateRoot is typed/global-only and project settings cannot override it [3.88ms]
publish	Test and inspect the package	2026-10-05T18:04:11.0859013Z 
publish	Test and inspect the package	2026-10-05T18:04:11.0859360Z ##[endgroup]
publish	Test and inspect the package	2026-10-05T18:04:11.0862627Z 
publish	Test and inspect the package	2026-10-05T18:04:11.0863020Z ##[group]tests/faulty-objective-recovery.test.ts:
publish	Test and inspect the package	2026-10-05T18:04:11.2848695Z (pass) detects archive-derived and verification-fragment objectives [0.45ms]
publish	Test and inspect the package	2026-10-05T18:04:11.2849842Z (pass) detects reviewer prose, headings, numbered audit text, and dangling fragments [0.23ms]
publish	Test and inspect the package	2026-10-05T18:04:11.2850874Z (pass) valid imperative objectives are not flagged [0.07ms]
publish	Test and inspect the package	2026-10-05T18:04:11.2851511Z (pass) valid imperative objectives may mention auditor and verification machinery [0.07ms]
publish	Test and inspect the package	2026-10-05T18:04:11.2852301Z (pass) imperative implementation requests mentioning audit, verification, or regression stay valid [0.12ms]
publish	Test and inspect the package	2026-10-05T18:04:11.2853255Z (pass) queue items that merely name the auditor role are not verification-fragments (2026-08-16 field regression) [0.08ms]
publish	Test and inspect the package	2026-10-05T18:04:11.2854040Z (pass) auditor/reviewer verdict-shaped text is still a verification-fragment [0.08ms]
publish	Test and inspect the package	2026-10-05T18:04:11.2854633Z (pass) explicit reviewer and evidence fragments are rejected [0.09ms]
publish	Test and inspect the package	2026-10-05T18:04:11.2855213Z (pass) the screenshot reviewer fragment records the exact saved-intent repair [0.37ms]
publish	Test and inspect the package	2026-10-05T18:04:11.2855859Z (pass) recover is a valid imperative for the exact queued detached-auditor item [0.04ms]
publish	Test and inspect the package	2026-10-05T18:04:11.2856425Z (pass) normalization is an automatic provenance repair [0.12ms]
publish	Test and inspect the package	2026-10-05T18:04:11.2857067Z (pass) durable original provenance wins over reviewer prose and supplies the saved contract [0.25ms]
publish	Test and inspect the package	2026-10-05T18:04:11.2857658Z (pass) unverified completion prose is never promoted [0.09ms]
publish	Test and inspect the package	2026-10-05T18:04:11.2858389Z (pass) approved completion context from an older revision cannot resurrect saved intent [0.09ms]
publish	Test and inspect the package	2026-10-05T18:04:11.2859392Z (pass) audit history contributes only an actionable required-fix line [0.17ms]
publish	Test and inspect the package	2026-10-05T18:04:11.3101233Z (pass) all direct continuation and stored-audit paths retain the final gate [24.87ms]
publish	Test and inspect the package	2026-10-05T18:04:11.3102090Z (pass) durable pending task is preferred when the objective cannot be normalized [0.36ms]
publish	Test and inspect the package	2026-10-05T18:04:11.3103516Z (pass) irrecoverable suspicious objectives produce a non-suspicious queued repair task [0.15ms]
publish	Test and inspect the package	2026-10-05T18:04:11.4276087Z (pass) session_start auto-resume blocks a suspicious active objective and queues repair [116.90ms]
publish	Test and inspect the package	2026-10-05T18:04:11.6617729Z (pass) manual resume blocks a suspicious paused objective before dispatch [234.09ms]
publish	Test and inspect the package	2026-10-05T18:04:12.0786805Z (pass) list activation blocks a suspicious queued objective and leaves its repair task actionable [416.96ms]
publish	Test and inspect the package	2026-10-05T18:04:12.1704126Z (pass) repair cards require a concrete replan objective and clear the latch only after confirmation [91.71ms]
publish	Test and inspect the package	2026-10-05T18:04:12.4019712Z (pass) exact queued detached-auditor objective activates without a repair task [230.00ms]
publish	Test and inspect the package	2026-10-05T18:04:12.5002415Z (pass) provenance-backed repair auto-applies before dispatch [99.05ms]
publish	Test and inspect the package	2026-10-05T18:04:12.6849362Z (pass) direct continuation dispatch rechecks the suspicious objective [184.70ms]
publish	Test and inspect the package	2026-10-05T18:04:12.8508976Z (pass) a canceled goal and stale continuation attempt are hard fences [166.38ms]
publish	Test and inspect the package	2026-10-05T18:04:12.9418408Z (pass) an archived goal id is a hard fence against stale resurrection [90.92ms]
publish	Test and inspect the package	2026-10-05T18:04:12.9425740Z (pass) an active goal with an interrupted terminal stopReason is not dispatched [0.93ms]
publish	Test and inspect the package	2026-10-05T18:04:12.9436838Z (pass) an explicit /goal start objective is dispatched even when the heuristic flags it [1.06ms]
publish	Test and inspect the package	2026-10-05T18:04:12.9448202Z (pass) v0.35.35: seed trust survives a Done when: clause and @role in the raw seed (createGoal stores raw vs cleaned) [1.15ms]
publish	Test and inspect the package	2026-10-05T18:04:12.9484764Z (pass) v0.35.35: normalization does not widen trust to agent-authored seeds [3.38ms]
publish	Test and inspect the package	2026-10-05T18:04:12.9540549Z [run-tests] progress: 210s elapsed · 0s since last output · 125 KiB of suite output
publish	Test and inspect the package	2026-10-05T18:04:13.0431511Z (pass) agent-authored suspicious objectives still pause — the trust is user-seed only [94.12ms]
publish	Test and inspect the package	2026-10-05T18:04:13.1639027Z (pass) replan confirmation consumes the source queue fragment and its sidecar [121.26ms]
publish	Test and inspect the package	2026-10-05T18:04:13.3162636Z (pass) audit-2026-09-06: archivedPath outside the archive dir is an anomaly, not a goal-nulling probe [152.29ms]
publish	Test and inspect the package	2026-10-05T18:04:13.4516339Z (pass) audit-2026-09-06: archivedPath inside the archive dir still fences [134.29ms]
publish	Test and inspect the package	2026-10-05T18:04:13.4517046Z (pass) v0.38.101 a title-like heading is an objective, not a pasted report [0.38ms]
publish	Test and inspect the package	2026-10-05T18:04:13.4517580Z (pass) v0.38.101 a pasted report still trips the heading heuristic [0.12ms]
publish	Test and inspect the package	2026-10-05T18:04:13.4517844Z 
publish	Test and inspect the package	2026-10-05T18:04:13.4518384Z ##[endgroup]
publish	Test and inspect the package	2026-10-05T18:04:13.4548635Z 
publish	Test and inspect the package	2026-10-05T18:04:13.4549860Z ##[group]tests/list-philosophy.test.ts:
publish	Test and inspect the package	2026-10-05T18:04:13.6567000Z (pass) contract 1+2: /goal+/list draft prompt has short-item AND multi-hour framing [0.45ms]
publish	Test and inspect the package	2026-10-05T18:04:13.6571436Z (pass) contract 3: /loop draft prompt has metric-driven framing [0.09ms]
publish	Test and inspect the package	2026-10-05T18:04:13.6572419Z (pass) contract 4: all draft prompts open with a Long-running philosophy block [0.19ms]
publish	Test and inspect the package	2026-10-05T18:04:13.6573239Z (pass) contract 5: LIST-PHILOSOPHY.md exists with the three-mode table [0.08ms]
publish	Test and inspect the package	2026-10-05T18:04:13.6814736Z (pass) contract 6: INSTALL.md references LIST-PHILOSOPHY.md in a Modes section [24.40ms]
publish	Test and inspect the package	2026-10-05T18:04:13.6820149Z (pass) contract 7: /list depth headline format [0.77ms]
publish	Test and inspect the package	2026-10-05T18:04:13.6821571Z (pass) contract 8+11: cross-recommend catches the 76-weak-points wrapper seed [0.12ms]
publish	Test and inspect the package	2026-10-05T18:04:13.6822140Z (pass) contract 12: cross-recommend catches the 40-findings tasklist seed [0.05ms]
publish	Test and inspect the package	2026-10-05T18:04:13.6823900Z (pass) contract 8: multi-hour seed in /list mode suggests /goal or break-up [0.19ms]
publish	Test and inspect the package	2026-10-05T18:04:13.6824934Z (pass) contract 8: five-minute seed in /goal mode suggests /list [0.09ms]
publish	Test and inspect the package	2026-10-05T18:04:13.6825976Z (pass) contract 8: open-ended seed in /goal or /list mode suggests /loop [0.12ms]
publish	Test and inspect the package	2026-10-05T18:04:13.6826746Z (pass) contract 8: bounded-until beats recurring vocabulary (still a goal) [0.04ms]
publish	Test and inspect the package	2026-10-05T18:04:13.6829027Z (pass) contract 8: aggregate beats recurring (per-item work wins) [0.06ms]
publish	Test and inspect the package	2026-10-05T18:04:13.6829705Z (pass) contract 8: recurring beats five-minute (cadence changes the loop) [0.04ms]
publish	Test and inspect the package	2026-10-05T18:04:13.6829993Z 
publish	Test and inspect the package	2026-10-05T18:04:13.6830319Z ##[endgroup]
publish	Test and inspect the package	2026-10-05T18:04:13.6833817Z 
publish	Test and inspect the package	2026-10-05T18:04:13.6834140Z ##[group]tests/behavioral-orchestrator.test.ts:
publish	Test and inspect the package	2026-10-05T18:04:13.9584283Z (pass) T3a: active goal + human load (startup) + default settings → HELD for explicit resume [38.27ms]
publish	Test and inspect the package	2026-10-05T18:04:14.7863646Z (pass) v0.34.18: blank startup waits for the transcript before autoresume, while explicit resume and loaded history still work [828.05ms]
publish	Test and inspect the package	2026-10-05T18:04:14.7901886Z (pass) v0.34.121: blank startup closes a legacy terminal slot when its archive exists [3.93ms]
publish	Test and inspect the package	2026-10-05T18:04:15.1452498Z (pass) T3c (v0.28.21): interrupted goal HELDS by default — the 0.28.3 exemption is superseded; autoresume=on auto-resumes [354.73ms]
publish	Test and inspect the package	2026-10-05T18:04:15.4914006Z (pass) T3b (v0.28.21): active goal + reload → HELD by default; autoresume=on → auto-resumes [346.28ms]
publish	Test and inspect the package	2026-10-05T18:04:15.6732627Z (pass) v0.35.x: list cancel archives the active item, does not relabel it as active, and preserves its audit history [179.86ms]
publish	Test and inspect the package	2026-10-05T18:04:15.7070808Z (pass) v0.36.0: /goal cancel archives a standalone goal with a compact six-label recap [35.71ms]
publish	Test and inspect the package	2026-10-05T18:04:15.9723177Z (pass) v0.36.0: /list next archives the skipped active item with a compact recap [256.36ms]
publish	Test and inspect the package	2026-10-05T18:04:16.0148786Z (pass) v0.36.1: bare /goal start uses one clear active-branch request [47.22ms]
publish	Test and inspect the package	2026-10-05T18:04:16.0649352Z (pass) v0.36.1: bare /list start activates the hydrated queue head [52.16ms]
publish	Test and inspect the package	2026-10-05T18:04:16.1133376Z (pass) v0.36.1: bare /loop start infers only a target and uses the metricless path [48.85ms]
publish	Test and inspect the package	2026-10-05T18:04:17.2981241Z (pass) v0.36.0: aborted detached audit can complete without audit only after archive success [1186.21ms]
publish	Test and inspect the package	2026-10-05T18:04:17.4825495Z (pass) v0.34.119: /glla cancel archives the active list item and drops the waiting objective queue [184.41ms]
publish	Test and inspect the package	2026-10-05T18:04:17.4920452Z (pass) v0.34.121: /glla cancel stops an active loop before touching an unrelated waiting queue [8.26ms]
publish	Test and inspect the package	2026-10-05T18:04:17.7569680Z (pass) v0.34.119: /glla cancel also aborts an auditing list objective and clears its waiting queue [265.97ms]
publish	Test and inspect the package	2026-10-05T18:04:17.7999525Z (pass) v0.35.0 (v0.38.12 last-wins): /goal start replaces without dialog; plain /goal still offers update/cancel [42.09ms]
publish	Test and inspect the package	2026-10-05T18:04:17.8329454Z (pass) v0.35.x: same-mode list conflict updates the whole objective, never individual tasks [28.29ms]
publish	Test and inspect the package	2026-10-05T18:04:17.8839893Z (pass) v0.35.x: auditing list conflict cancels the stale audit before whole-objective update [53.67ms]
publish	Test and inspect the package	2026-10-05T18:04:17.9389046Z (pass) v0.35.x: list_activate uses the same whole-objective conflict update [56.65ms]
publish	Test and inspect the package	2026-10-05T18:04:17.9900258Z (pass) C7: declined list conflict update preserves work without retrying the editor [48.99ms]
publish	Test and inspect the package	2026-10-05T18:04:18.0629877Z (pass) v0.35.0: a cross-mode replacement confirms before replacing a live loop [70.05ms]
publish	Test and inspect the package	2026-10-05T18:04:18.2399601Z Switched to a new branch 'pi-glla-loop/20261005180418-refusal-target'
publish	Test and inspect the package	2026-10-05T18:04:18.2639452Z cat: /definitely-not-here-xyz: No such file or directory
publish	Test and inspect the package	2026-10-05T18:04:18.2792679Z Switched to branch 'main'
publish	Test and inspect the package	2026-10-05T18:04:18.3121968Z (pass) v0.35.4: a refused branch-mode loop start restores the original branch [255.09ms]
publish	Test and inspect the package	2026-10-05T18:04:18.3948567Z (pass) v0.35.0: a direct /loop start also confirms before replacing a live goal [65.11ms]
publish	Test and inspect the package	2026-10-05T18:04:18.4649484Z (pass) C2: an explicit /goal start stops the active loop instead of stacking two live things [83.52ms]
publish	Test and inspect the package	2026-10-05T18:04:18.6585346Z (pass) v0.34.121: one confirmed /glla wipe clears recovery and dispatch artifacts too [196.34ms]
publish	Test and inspect the package	2026-10-05T18:04:19.3509356Z (pass) v0.35.x: /list tweak amends a paused list item without activating it or changing waiting entries [692.23ms]
publish	Test and inspect the package	2026-10-05T18:04:20.0361354Z (pass) field 2026-09-16 (VidPro park): /goal tweak amends a paused goal without waking it [683.77ms]
publish	Test and inspect the package	2026-10-05T18:04:20.3460050Z (pass) field 2026-09-16: /goal tweak with no goal names the real path [311.97ms]
publish	Test and inspect the package	2026-10-05T18:04:20.5889762Z (pass) field 2026-09-16 (VidPro replay): tweak chatter adopts the discussed objective, never the chatter [242.14ms]
publish	Test and inspect the package	2026-10-05T18:04:20.7876278Z (pass) audit 2026-09-16: inferred tweak rejection leaves objective and ledger unchanged [200.21ms]
publish	Test and inspect the package	2026-10-05T18:04:20.9829738Z (pass) field 2026-09-16: tweak chatter with no discussed objective guides and changes nothing [192.20ms]
publish	Test and inspect the package	2026-10-05T18:04:21.1769768Z (pass) field 2026-09-16: plain-/goal update with an explicit contract stays verbatim (explicit intent wins) [193.21ms]
publish	Test and inspect the package	2026-10-05T18:04:21.3593036Z (pass) field 2026-09-16: chatter typed into the bare-tweak dialog guides, never adopts [185.29ms]
publish	Test and inspect the package	2026-10-05T18:04:21.5911865Z (pass) field 2026-09-16: a typed paragraph drafts as one thing, never an import-or-nothing [229.04ms]
publish	Test and inspect the package	2026-10-05T18:04:21.7849848Z (pass) audit 2026-09-16: bare list keeps separately contracted objectives in separate queue records [193.20ms]
publish	Test and inspect the package	2026-10-05T18:04:22.0899387Z (pass) field 2026-09-16 (loop sweep): /loop refine on a held loop queues the hint and resumes [307.56ms]
publish	Test and inspect the package	2026-10-05T18:04:22.3631917Z (pass) audit 2026-09-23: failed loop dispatch preserves every one-shot directive [273.13ms]
publish	Test and inspect the package	2026-10-05T18:04:22.7275754Z (pass) audit 2026-09-16: held-loop refine respects wrong-branch guard [364.63ms]
publish	Test and inspect the package	2026-10-05T18:04:22.8895542Z (pass) field 2026-09-16 (loop sweep): held-loop refine over an active goal queues but stays held [161.01ms]
publish	Test and inspect the package	2026-10-05T18:04:23.1195818Z (pass) field 2026-09-16 (loop sweep): refine on a user-stopped loop refuses with the honest path [226.44ms]
publish	Test and inspect the package	2026-10-05T18:04:23.2911793Z (pass) field 2026-09-16 (loop sweep): refine on a measure-broken loop points at the agent repair path [174.23ms]
publish	Test and inspect the package	2026-10-05T18:04:23.5589483Z (pass) field 2026-09-16 (loop sweep): refine on an active loop keeps today's behavior [268.75ms]
publish	Test and inspect the package	2026-10-05T18:04:23.5749831Z (pass) T3d: active loop + human load → HELD_ON_RESTORE (loop deactivated loudly, not silently dropped) [16.45ms]
publish	Test and inspect the package	2026-10-05T18:04:23.6569235Z (pass) v0.35.x: a successor auto-resumes lifecycle-held loops intact but preserves deliberate stops [73.21ms]
publish	Test and inspect the package	2026-10-05T18:04:23.6930571Z (pass) v0.29.14: live audit loop on open-count/min migrates to closed-count/max on load (discovery no longer reads as regression) [29.67ms]
publish	Test and inspect the package	2026-10-05T18:04:23.7149429Z (pass) v0.29.18: live audit loop on the audit-every-iteration target migrates to FIX-FIRST on load [30.61ms]
publish	Test and inspect the package	2026-10-05T18:04:24.6261574Z (pass) v0.34.16: lifecycle handoff resumes same-process replacement but quit does not bypass restore consent [911.56ms]
publish	Test and inspect the package	2026-10-05T18:04:25.4960468Z (pass) stale list work survives invalidation and resumes only through a fresh file-backed session [872.73ms]
publish	Test and inspect the package	2026-10-05T18:04:25.8591351Z (pass) v0.34.49: fresh MAIN session_start resets stale state and rejects the old dispatch generation [361.38ms]
publish	Test and inspect the package	2026-10-05T18:04:26.2076905Z (pass) v0.34.49: a handoff is one-shot and only matching predecessor identity can resume [350.14ms]
publish	Test and inspect the package	2026-10-05T18:04:26.8712512Z (pass) v0.34.23: host replacement with a new SessionManager is not rejected as foreign [663.56ms]
publish	Test and inspect the package	2026-10-05T18:04:27.2393298Z (pass) v0.34.20: registered tools use the replacement invocation context without session_shutdown [367.98ms]
publish	Test and inspect the package	2026-10-05T18:04:27.5824466Z (pass) T3e (v0.28.21): no active goal + queued list + reload → NOT activated by default; autoresume=on → head activates [343.19ms]
publish	Test and inspect the package	2026-10-05T18:04:27.7715044Z (pass) v0.34.24: continuation dispatch waits for owner start proof and clears its sidecar [186.77ms]
publish	Test and inspect the package	2026-10-05T18:04:30.4254941Z (pass) v0.34.36: compaction releases a timed-out dispatch for one fresh resync attempt [2656.24ms]
publish	Test and inspect the package	2026-10-05T18:04:31.1996715Z (pass) v0.34.36: a loop missing start proof stops durably and /loop resume re-arms it exactly once [774.13ms]
publish	Test and inspect the package	2026-10-05T18:04:31.9819419Z (pass) v0.34.48: /list resume releases an unacknowledged dispatch exactly once [782.26ms]
publish	Test and inspect the package	2026-10-05T18:04:32.7650779Z (pass) v0.34.24: missing start proof stands down durably and explicit resume sends one fresh attempt [783.10ms]
publish	Test and inspect the package	2026-10-05T18:04:33.1144925Z (pass) v0.34.88: a transient no-turn-start miss self-heals with exactly ONE verbatim retry [349.45ms]
publish	Test and inspect the package	2026-10-05T18:04:33.7814726Z (pass) v0.34.88: a genuine stall fires unacknowledged after the retry backoff — exactly one retry, then re-sends stop [666.94ms]
publish	Test and inspect the package	2026-10-05T18:04:34.6809644Z (pass) v0.34.88: a goal paused inside the watchdog window is never blind-retried [899.40ms]
publish	Test and inspect the package	2026-10-05T18:04:34.6848456Z (pass) T5: mutating tools refuse a foreign (subagent) session ctx [4.05ms]
publish	Test and inspect the package	2026-10-05T18:04:34.6852719Z (pass) T5: guard coverage pin — every mutating tool routes through foreignToolGuard [0.43ms]
publish	Test and inspect the package	2026-10-05T18:04:34.6967141Z (pass) v0.36.3: live activity is scoped across lost results, host replacement, timestamps, timers, and pending dispatch [11.23ms]
publish	Test and inspect the package	2026-10-05T18:04:34.9248461Z (pass) v0.36.4: /glla resume behaviorally re-kicks an ACTIVE-but-idle goal [227.19ms]
publish	Test and inspect the package	2026-10-05T18:04:35.2948292Z (pass) T2: a stale send on agent_end continuation → goal ACTIVE + interrupt marker + loud notify [370.57ms]
publish	Test and inspect the package	2026-10-05T18:04:37.8335059Z (pass) T2b: stale before compaction → no late rebind, refire, or misleading active UI [2538.71ms]
publish	Test and inspect the package	2026-10-05T18:04:37.9503942Z (pass) v0.35.x: stale terminal keeps a recovery probe and self-heals without reload [115.82ms]
publish	Test and inspect the package	2026-10-05T18:04:40.3374592Z (pass) v0.34.48: host-session loss without replacement session_start parks durably and rejects late callbacks [2388.12ms]
publish	Test and inspect the package	2026-10-05T18:04:40.5102489Z (pass) v0.35.x: host loss keeps durable auditor disapproval feedback visible [172.69ms]
publish	Test and inspect the package	2026-10-05T18:04:41.7465931Z (pass) v0.35.x: full auditor reports and required-fixes tails survive lifecycle boundaries [1236.35ms]
publish	Test and inspect the package	2026-10-05T18:04:42.6066842Z (pass) S3: a mid-session absorb publishes the owner file, so the shutdown handoff still validates [860.08ms]
publish	Test and inspect the package	2026-10-05T18:04:42.9533745Z [run-tests] progress: 240s elapsed · 0s since last output · 134 KiB of suite output
publish	Test and inspect the package	2026-10-05T18:04:43.1706176Z (pass) v0.34.25: silent swap — live file-backed successor is absorbed via a tool call and the work auto-resumes [563.89ms]
publish	Test and inspect the package	2026-10-05T18:04:43.4959010Z (pass) v0.34.25: silent swap — in-memory (subagent) ctx is still refused and the park stays honest [325.25ms]
publish	Test and inspect the package	2026-10-05T18:04:44.0191763Z (pass) v0.34.25: the field ordering — stale before compaction, then the successor's compact event absorbs in place [523.18ms]
publish	Test and inspect the package	2026-10-05T18:04:44.2032041Z (pass) v0.34.25: dead owner + ephemeral ctx cannot claim the plane (subagent lockout fix) [184.04ms]
publish	Test and inspect the package	2026-10-05T18:04:44.2127675Z (pass) S4: a transient lastCtx probe glitch fails one tool call closed without dropping the context [8.47ms]
publish	Test and inspect the package	2026-10-05T18:04:48.1213054Z (pass) v0.34.27: stale host recovery absorbs the first replacement contact across lifecycle and stream boundaries [3909.62ms]
publish	Test and inspect the package	2026-10-05T18:04:48.5261087Z (pass) v0.34.27: plain startup from a dead file-backed successor is not rejected as a subagent [404.86ms]
publish	Test and inspect the package	2026-10-05T18:04:49.3398488Z (pass) v0.38.68 reviewer P1: compact-defer settles without kicking a turn into the hot window [813.62ms]
publish	Test and inspect the package	2026-10-05T18:04:51.0814783Z (pass) manual pause+resume between exhaustion episodes restarts the relentless cycle [1741.67ms]
publish	Test and inspect the package	2026-10-05T18:04:52.8334813Z (pass) v0.34.26: repeated output-token truncation pauses the goal durably with re-scope guidance and a fresh resume budget [1752.05ms]
publish	Test and inspect the package	2026-10-05T18:04:53.3215815Z (pass) v0.34.26: output-token-limit provider errors pause with the named wall, not generic provider-error text [488.01ms]
publish	Test and inspect the package	2026-10-05T18:04:53.3259722Z (pass) goal draft rejects whitespace-only objectives before Confirm or activation [4.57ms]
publish	Test and inspect the package	2026-10-05T18:04:53.5043142Z (pass) task-list Confirm discloses milestone verification commands [177.55ms]
publish	Test and inspect the package	2026-10-05T18:04:53.5144675Z (pass) T1a: stale Confirm in propose_goal_draft → NOT-a-rejection guidance, no goal created [10.71ms]
publish	Test and inspect the package	2026-10-05T18:04:53.5270263Z (pass) T1b: stale /goal start → goal persisted to .pi-glla with honest notify [11.75ms]
publish	Test and inspect the package	2026-10-05T18:04:53.8374014Z (pass) drafting state is not left behind by a stale seed, and old confirmations cannot mutate a replacement session [311.08ms]
publish	Test and inspect the package	2026-10-05T18:04:53.8742462Z (pass) auto-accept escape hatch: ALWAYS choice persists project autoAcceptDrafts and accepts the draft [30.48ms]
publish	Test and inspect the package	2026-10-05T18:04:53.9119716Z (pass) escape hatch: a later draft skips the dialog entirely once autoAcceptDrafts landed [38.82ms]
publish	Test and inspect the package	2026-10-05T18:04:53.9349492Z (pass) source pin: all five draft-class dialogs route through confirmDraft with the 3-choice ALWAYS option [15.22ms]
publish	Test and inspect the package	2026-10-05T18:04:54.7529208Z (pass) quota error turns enter durable main-model recovery instead of a resend storm [830.99ms]
publish	Test and inspect the package	2026-10-05T18:04:55.2694659Z (pass) main-model recovery external notices are deduplicated per provider episode [516.51ms]
publish	Test and inspect the package	2026-10-05T18:04:55.6136048Z (pass) request-rate prose uses the generic fallback chain [344.14ms]
publish	Test and inspect the package	2026-10-05T18:04:55.9503977Z (pass) explicit 429-shaped errors use the generic fallback chain [336.71ms]
publish	Test and inspect the package	2026-10-05T18:04:56.8096367Z (pass) a successful core retry clears generic provider recovery and resumes the parked goal [859.20ms]
publish	Test and inspect the package	2026-10-05T18:04:57.6513498Z (pass) v0.35.x: a successful main-model recovery gives a parked audit its one automatic retry [841.72ms]
publish	Test and inspect the package	2026-10-05T18:04:58.1554764Z (pass) a user-aborted agent_end does not falsely clear main-model recovery [504.17ms]
publish	Test and inspect the package	2026-10-05T18:04:58.4915155Z (pass) recoverable error turns enter generic recovery before stall accounting [336.00ms]
publish	Test and inspect the package	2026-10-05T18:04:59.0928810Z (pass) explicit prompt-policy rejection pauses the owning goal without retrying [601.29ms]
publish	Test and inspect the package	2026-10-05T18:04:59.2672486Z (pass) carryover pause (default): new goal over stale paused goal+list+held loop → ONE summary, goal archived, list+loop kept [173.48ms]
publish	Test and inspect the package	2026-10-05T18:04:59.4581864Z (pass) carryover=clear: new goal drops the queue, dismisses the held loop, archives the paused goal [191.74ms]
publish	Test and inspect the package	2026-10-05T18:04:59.6456369Z (pass) v0.35.4: a recovered sidecar is hydrated before list mutations [185.61ms]
publish	Test and inspect the package	2026-10-05T18:04:59.8387042Z (pass) /loop cancel: first-class alias stops the loop (stopReason recorded) [194.67ms]
publish	Test and inspect the package	2026-10-05T18:04:59.9966357Z (pass) /loop finish persists and notifies the complete six-label recap [157.89ms]
publish	Test and inspect the package	2026-10-05T18:05:00.0309622Z (pass) one-active-thing tool guards: list_activate + propose_loop_draft + propose_goal_draft refuse over the wrong active kind [27.41ms]
publish	Test and inspect the package	2026-10-05T18:05:00.2529824Z (pass) one-active-thing: /goal resume guard remains; the load-time combo is auto-arbitrated (v0.29.6) [225.98ms]
publish	Test and inspect the package	2026-10-05T18:05:00.6121453Z (pass) v0.29.6: stacked state at load is AUTO-ARBITRATED — most recent activity keeps the slot, loser archived (supersedes the 0.28.21 picker) [360.39ms]
publish	Test and inspect the package	2026-10-05T18:05:00.7999860Z (pass) carryover via /list next (pause): summary fires BEFORE the stale item activates; paused goal archived, held loop kept [187.81ms]
publish	Test and inspect the package	2026-10-05T18:05:00.9863366Z (pass) carryover via /list next (clear): the stale queue is dropped BEFORE activation — nothing activates [185.91ms]
publish	Test and inspect the package	2026-10-05T18:05:01.1720379Z (pass) carryover=resume: legacy silent stacking — no summary, queue + held loop untouched [182.93ms]
publish	Test and inspect the package	2026-10-05T18:05:01.3839001Z (pass) /list audit: queues a collect-only audit item with the restart-safe marker [211.64ms]
publish	Test and inspect the package	2026-10-05T18:05:01.8534167Z (pass) /goal decide: content pick → decision sent to the agent + goal resumes [470.43ms]
publish	Test and inspect the package	2026-10-05T18:05:02.1958738Z (pass) /goal decide: Escape (undefined) → goal stays paused, nothing sent [342.42ms]
publish	Test and inspect the package	2026-10-05T18:05:02.5390744Z (pass) /goal decide: command option (/goal cancel) runs the command, not a message [343.22ms]
publish	Test and inspect the package	2026-10-05T18:05:02.6955228Z (pass) /goal decide: no pending decision → notify, no picker [156.33ms]
publish	Test and inspect the package	2026-10-05T18:05:02.8869563Z (pass) /goal status + /goal pause: no goal id in user-facing text (v0.28.24) [188.80ms]
publish	Test and inspect the package	2026-10-05T18:05:02.8875569Z (pass) goal-start notify has no (id: …) suffix (v0.28.24 source pin) [3.02ms]
publish	Test and inspect the package	2026-10-05T18:05:03.0934570Z (pass) v0.34.21 lifecycle: completion audit from a replaced generation leaves the stored claim intact [203.12ms]
publish	Test and inspect the package	2026-10-05T18:05:03.9643418Z (pass) v0.34.119: impossible completion counts reach the durable auditor claim before the worker starts [873.75ms]
publish	Test and inspect the package	2026-10-05T18:05:04.5033443Z (pass) v0.34.22: complete_goal returns while a detached auditor finishes and archives approval [539.00ms]
publish	Test and inspect the package	2026-10-05T18:05:10.0892556Z (pass) v0.35.x: provider-wall diagnostics stay durable while completion surfaces remain sanitized and deduplicated [5585.89ms]
publish	Test and inspect the package	2026-10-05T18:05:10.0982326Z (pass) v0.35.x: /glla audits full sanitizes active and global reports [8.20ms]
publish	Test and inspect the package	2026-10-05T18:05:10.4423734Z (pass) v0.35.x: bare 403 main recovery sanitizes live surfaces while retaining diagnostics [344.89ms]
publish	Test and inspect the package	2026-10-05T18:05:12.9540559Z [run-tests] progress: 270s elapsed · 3s since last output · 140 KiB of suite output
publish	Test and inspect the package	2026-10-05T18:05:16.1493842Z (pass) v0.35.x: bare 403 completion diagnostics stay durable while completion surfaces remain sanitized [5706.63ms]
publish	Test and inspect the package	2026-10-05T18:05:16.4003276Z (pass) v0.34.119: auditor-approved list completion archives the item and activates exactly the next queue item [250.90ms]
publish	Test and inspect the package	2026-10-05T18:05:16.9569224Z (pass) v0.36.2: approved standalone completion automatically activates a pre-queued list head [556.51ms]
publish	Test and inspect the package	2026-10-05T18:05:17.4849130Z (pass) v0.34.91: detached approval notify carries the agent's completion recap, not process boilerplate [527.98ms]
publish	Test and inspect the package	2026-10-05T18:05:17.6562574Z (pass) v0.34.87: complete_goal on a paused item names the pause + resume verb, not a flat 'No active goal' [171.31ms]
publish	Test and inspect the package	2026-10-05T18:05:18.0233144Z (pass) v0.34.22: detached disapproval resumes the goal with a durable report [367.08ms]
publish	Test and inspect the package	2026-10-05T18:05:18.3662831Z (pass) v0.35.x: a detached approval blocked by the regression shield is not relabeled [342.99ms]
publish	Test and inspect the package	2026-10-05T18:05:19.4645249Z (pass) v0.34.22: an old detached result cannot archive after session replacement [1098.15ms]
publish	Test and inspect the package	2026-10-05T18:05:19.6241394Z (pass) v0.34.21 lifecycle: cold startup holds a recovered claim until explicit resume [159.69ms]
publish	Test and inspect the package	2026-10-05T18:05:20.3928084Z (pass) v0.35.x: validated session handoff auto-retries a parked completion audit [768.56ms]
publish	Test and inspect the package	2026-10-05T18:05:21.0952482Z (pass) v0.35.x: explicit Auto-resume retries a parked claim on cold startup [702.43ms]
publish	Test and inspect the package	2026-10-05T18:05:21.8211923Z (pass) v0.35.x: manual /list resume retries a parked list completion claim directly [725.93ms]
publish	Test and inspect the package	2026-10-05T18:05:21.9341014Z (pass) v0.35.x: one automatic parked-audit retry is durable across repeated lifecycle events [111.19ms]
publish	Test and inspect the package	2026-10-05T18:05:22.8661712Z (pass) v0.35.x: stale host replacement session_start auto-recovers the parked audit [933.83ms]
publish	Test and inspect the package	2026-10-05T18:05:23.6409162Z (pass) v0.35.x: healthy same-session heartbeat recovers a parked completion audit without manual resume [774.61ms]
publish	Test and inspect the package	2026-10-05T18:05:29.3615429Z (pass) v0.36.0: exhausted no-verdict auditor chain enters the shared ladder with an automatic retry timer [5720.63ms]
publish	Test and inspect the package	2026-10-05T18:05:35.0678093Z (pass) bounded recovery: initial aggressive completion preserves its horizon and exhausted chain [5706.23ms]
publish	Test and inspect the package	2026-10-05T18:05:40.9111889Z (pass) v0.35.x: stale host loss releases an in-flight completion audit without a verdict [5843.36ms]
publish	Test and inspect the package	2026-10-05T18:05:40.9183531Z (pass) v0.34.29: audit fan-out honors autoAcceptDrafts without opening confirmation [7.19ms]
publish	Test and inspect the package	2026-10-05T18:05:40.9269360Z (pass) v0.34.129: fan-out dedupe does not drop a finding whose prefix appears inside another queue item [7.01ms]
publish	Test and inspect the package	2026-10-05T18:05:40.9423643Z (pass) v0.34.129: fan-out reports cap-deferred findings separately from true queue dedupes [16.97ms]
publish	Test and inspect the package	2026-10-05T18:05:40.9650583Z (pass) v0.34.20 lifecycle: fan-out confirmation from the old generation cannot queue into its replacement [21.19ms]
publish	Test and inspect the package	2026-10-05T18:05:41.0845458Z (pass) v0.34.20 lifecycle: loop measurement abandons the old generation after replacement [119.19ms]
publish	Test and inspect the package	2026-10-05T18:05:41.0890198Z (pass) v0.34.25: a resolved auditor model failure advances to the session fallback without a verdict [0.75ms]
publish	Test and inspect the package	2026-10-05T18:05:41.5772189Z (pass) v0.35.x: zero-stream zombie auto-aborts and parks a list item without a retry storm [493.14ms]
publish	Test and inspect the package	2026-10-05T18:05:41.5909407Z (pass) v0.35.x: zero-stream loop termination preserves and notifies its recap [10.48ms]
publish	Test and inspect the package	2026-10-05T18:05:41.6069888Z (pass) v0.35.4: zombie watchdog stands down while a subagent wait is in flight [16.83ms]
publish	Test and inspect the package	2026-10-05T18:05:41.6229650Z (pass) v0.35.64: a stale subagent probe no longer shields unrelated parent cleanup [17.17ms]
publish	Test and inspect the package	2026-10-05T18:05:41.6389311Z (pass) v0.35.4: context-starved warning is one-shot per refusal episode [14.39ms]
publish	Test and inspect the package	2026-10-05T18:05:41.6450160Z (pass) audit-2026-09-06: measure test-run dialogs disclose the pre-confirm exec [0.40ms]
publish	Test and inspect the package	2026-10-05T18:05:42.0508013Z (pass) tweak carries its revision bump inside the durable patch (no phantom revision) [408.64ms]
publish	Test and inspect the package	2026-10-05T18:05:42.0539277Z (pass) resetContinuationDispatchState clears the in-memory pending ref (S2 audit) [0.52ms]
publish	Test and inspect the package	2026-10-05T18:05:42.0539634Z 
publish	Test and inspect the package	2026-10-05T18:05:42.0539969Z ##[endgroup]
publish	Test and inspect the package	2026-10-05T18:05:42.0540079Z 
publish	Test and inspect the package	2026-10-05T18:05:42.0540309Z ##[group]tests/task-list.test.ts:
publish	Test and inspect the package	2026-10-05T18:05:42.2239414Z (pass) accepts a reasonable breakdown [0.23ms]
publish	Test and inspect the package	2026-10-05T18:05:42.2240177Z (pass) rejects empty list [0.14ms]
publish	Test and inspect the package	2026-10-05T18:05:42.2241336Z (pass) rejects too many top-level tasks [0.07ms]
publish	Test and inspect the package	2026-10-05T18:05:42.2241985Z (pass) rejects too many subtasks (the anti-drift cap) [0.06ms]
publish	Test and inspect the package	2026-10-05T18:05:42.2242394Z (pass) accepts exactly at the cap [0.05ms]
publish	Test and inspect the package	2026-10-05T18:05:42.2242698Z (pass) rejects empty titles [0.03ms]
publish	Test and inspect the package	2026-10-05T18:05:42.2243103Z (pass) assigns hierarchical ids and pending statuses [0.13ms]
publish	Test and inspect the package	2026-10-05T18:05:42.2243488Z (pass) trims titles [0.03ms]
publish	Test and inspect the package	2026-10-05T18:05:42.2243641Z 
publish	Test and inspect the package	2026-10-05T18:05:42.2243991Z ##[endgroup]
publish	Test and inspect the package	2026-10-05T18:05:42.2244117Z 
publish	Test and inspect the package	2026-10-05T18:05:42.2244363Z ##[group]tests/goal-state.test.ts:
publish	Test and inspect the package	2026-10-05T18:05:42.4261532Z (pass) goal-state.ts owns the state singleton (single source of truth) [14.39ms]
publish	Test and inspect the package	2026-10-05T18:05:42.4286299Z (pass) wholesale state replacement goes through replaceState() only [2.64ms]
publish	Test and inspect the package	2026-10-05T18:05:42.4288384Z (pass) the persistence core lives in goal-state.ts (persistStateLine) [0.29ms]
publish	Test and inspect the package	2026-10-05T18:05:42.4291920Z (pass) replaceState is used at the moved wholesale sites [0.35ms]
publish	Test and inspect the package	2026-10-05T18:05:42.4292154Z 
publish	Test and inspect the package	2026-10-05T18:05:42.4292512Z ##[endgroup]
publish	Test and inspect the package	2026-10-05T18:05:42.4296439Z 
publish	Test and inspect the package	2026-10-05T18:05:42.4296709Z ##[group]tests/second-gemini-gap.test.ts:
publish	Test and inspect the package	2026-10-05T18:05:42.5959976Z (pass) v0.38.52: gate rows widen the verification table with derived statuses [1.11ms]
publish	Test and inspect the package	2026-10-05T18:05:42.5961186Z (pass) v0.38.52: without gates the 3-col mechanical table is byte-identical [0.46ms]
publish	Test and inspect the package	2026-10-05T18:05:42.5962230Z (pass) v0.38.52: nested findings render Test Results sub-bullets aligned by index [0.49ms]
publish	Test and inspect the package	2026-10-05T18:05:42.5962790Z (pass) v0.38.52: table-mode findings ride test proof in the Evidence cell [0.33ms]
publish	Test and inspect the package	2026-10-05T18:05:42.5963275Z (pass) v0.38.52: sanitizeGateRows drops garbage, clips, caps [0.29ms]
publish	Test and inspect the package	2026-10-05T18:05:42.6151648Z (pass) v0.38.52: sanitizeFindingGroups parses parallel tests [18.73ms]
publish	Test and inspect the package	2026-10-05T18:05:42.6153859Z (pass) v0.38.52: old claims without tests render byte-identical to v0.38.50 [0.43ms]
publish	Test and inspect the package	2026-10-05T18:05:42.9533424Z [run-tests] progress: 300s elapsed · 0s since last output · 144 KiB of suite output
publish	Test and inspect the package	2026-10-05T18:05:43.8247344Z (pass) v0.38.52: complete_goal gateRows + tests ride the claim into the chat render [1209.08ms]
publish	Test and inspect the package	2026-10-05T18:05:43.8247852Z 
publish	Test and inspect the package	2026-10-05T18:05:43.8248559Z ##[endgroup]
publish	Test and inspect the package	2026-10-05T18:05:43.8251183Z 
publish	Test and inspect the package	2026-10-05T18:05:43.8251582Z ##[group]tests/truthful-pause-labels.test.ts:
publish	Test and inspect the package	2026-10-05T18:05:44.0024912Z (pass) deliberate user wait is never labeled supervised recovery [1.70ms]
publish	Test and inspect the package	2026-10-05T18:05:44.0026000Z (pass) deliberate wait transitions stay truthful with absent, due, or overdue timers [0.60ms]
publish	Test and inspect the package	2026-10-05T18:05:44.0027043Z (pass) internal retry pauses keep the supervised recovery labels [0.38ms]
publish	Test and inspect the package	2026-10-05T18:05:44.0028102Z (pass) queued healthz implementation never claims a monitor or next check [0.21ms]
publish	Test and inspect the package	2026-10-05T18:05:44.0028851Z (pass) age alone never earns the monitoring label on a queued goal [0.14ms]
publish	Test and inspect the package	2026-10-05T18:05:44.0029260Z 
publish	Test and inspect the package	2026-10-05T18:05:44.0029900Z ##[endgroup]
publish	Test and inspect the package	2026-10-05T18:05:44.0030152Z 
publish	Test and inspect the package	2026-10-05T18:05:44.0030547Z ##[group]tests/compaction-target-settings.test.ts:
publish	Test and inspect the package	2026-10-05T18:05:44.1876197Z (pass) /glla token-target editor persists shorthand, cancellation, validation, and reset [10.77ms]
publish	Test and inspect the package	2026-10-05T18:05:44.1903782Z (pass) global-only target, defaults, provenance and menu describe the effective policy [2.22ms]
publish	Test and inspect the package	2026-10-05T18:05:44.2930421Z (pass) configured target reaches the actual trigger, idle guard, and hysteresis [103.13ms]
publish	Test and inspect the package	2026-10-05T18:05:44.4114087Z (pass) hand-edited invalid targets safely fall back at runtime [117.93ms]
publish	Test and inspect the package	2026-10-05T18:05:44.4265754Z (pass) headless /glla exposes the chosen token target and source [15.21ms]
publish	Test and inspect the package	2026-10-05T18:05:44.4266350Z 
publish	Test and inspect the package	2026-10-05T18:05:44.4267090Z ##[endgroup]
publish	Test and inspect the package	2026-10-05T18:05:44.4269115Z 
publish	Test and inspect the package	2026-10-05T18:05:44.4269481Z ##[group]tests/completion-summary-quality.test.ts:
publish	Test and inspect the package	2026-10-05T18:05:44.6114346Z (pass) completion summary quality: validator requires six labels [0.44ms]
publish	Test and inspect the package	2026-10-05T18:05:44.6236061Z (pass) completion summary quality: generic prose and missing labels ledger and NOTE [12.16ms]
publish	Test and inspect the package	2026-10-05T18:05:44.6284799Z (pass) completion summary quality: valid six-label recap passes without missing-label ledger [5.00ms]
publish	Test and inspect the package	2026-10-05T18:05:44.6291232Z (pass) v0.36.0: every terminal outcome gets a six-label recorded-facts fallback [0.40ms]
publish	Test and inspect the package	2026-10-05T18:05:44.6292014Z (pass) v0.36.0: validation annotations cannot satisfy recap-label validation [0.17ms]
publish	Test and inspect the package	2026-10-05T18:05:44.6292796Z (pass) v0.36.0: valid recap is preserved while generic prose is replaced [0.10ms]
publish	Test and inspect the package	2026-10-05T18:05:44.6293510Z (pass) gate and projectors share last-occurrence segmentation on stolen labels [0.21ms]
publish	Test and inspect the package	2026-10-05T18:05:44.6294644Z (pass) v0.36.0: compact recap projection keeps the five human labels and bounds each value [0.18ms]
publish	Test and inspect the package	2026-10-05T18:05:44.6297224Z (pass) v0.36.0: terminal notification projection resolves generic claims from durable facts [0.22ms]
publish	Test and inspect the package	2026-10-05T18:05:44.6306337Z (pass) v0.36.0: fallback never invents changed files or test results [0.12ms]
publish	Test and inspect the package	2026-10-05T18:05:44.6378481Z (pass) v0.36.0: archive boundary replaces a validator annotation with recorded facts [7.93ms]
publish	Test and inspect the package	2026-10-05T18:05:44.6437485Z (pass) v0.36.0: archiveCurrentGoal writes a recap for complete and abort-derived terminal paths [5.93ms]
publish	Test and inspect the package	2026-10-05T18:05:44.6439240Z (pass) completion summary audit doc exists and inventories archives [0.11ms]
publish	Test and inspect the package	2026-10-05T18:05:44.6440526Z (pass) v0.38.104: the recorded-facts archive summary never emits a lone surrogate [0.20ms]
publish	Test and inspect the package	2026-10-05T18:05:44.6441020Z 
publish	Test and inspect the package	2026-10-05T18:05:44.6441561Z ##[endgroup]
publish	Test and inspect the package	2026-10-05T18:05:44.6445229Z 
publish	Test and inspect the package	2026-10-05T18:05:44.6445563Z ##[group]tests/auditor-fallback-unification.test.ts:
publish	Test and inspect the package	2026-10-05T18:05:44.8281568Z (pass) auditor ordered fallback refs retain order and use the main normalizer [2.00ms]
publish	Test and inspect the package	2026-10-05T18:05:44.8474135Z (pass) auditor keeps all ten fallback slots after a pinned primary [19.49ms]
publish	Test and inspect the package	2026-10-05T18:05:44.8483060Z (pass) auditor forbidden refs are skipped silently and recorded [1.10ms]
publish	Test and inspect the package	2026-10-05T18:05:44.8491468Z (pass) a forbidden auditor primary is skipped before the configured fallback and remains silent [0.81ms]
publish	Test and inspect the package	2026-10-05T18:05:44.8503019Z (pass) auditor retries the same ref, then walks the next untried ref with bounded shared backoff [1.12ms]
publish	Test and inspect the package	2026-10-05T18:05:44.8506130Z (pass) auditor forbidden and duplicate refs are skipped before retry ordering [0.33ms]
publish	Test and inspect the package	2026-10-05T18:05:44.8507334Z (pass) an all-forbidden auditor chain does not launch a forbidden worker [0.16ms]
publish	Test and inspect the package	2026-10-05T18:05:44.8509044Z (pass) non-recoverable auditor failures stop without retrying or advancing [0.16ms]
publish	Test and inspect the package	2026-10-05T18:05:44.8511942Z (pass) auditor wall timeouts and watchdog stalls walk the fallback chain [0.26ms]
publish	Test and inspect the package	2026-10-05T18:05:44.8514884Z (pass) a restarted retry cursor spends the second call once, then advances [0.29ms]
publish	Test and inspect the package	2026-10-05T18:05:44.8517516Z (pass) a crash after launching the retry consumes that retry and advances without a third call [0.25ms]
publish	Test and inspect the package	2026-10-05T18:05:44.8518313Z (pass) infrastructure errors cannot survive as semantic auditor verdicts [0.08ms]
publish	Test and inspect the package	2026-10-05T18:05:44.8520513Z (pass) partial semantic flags cannot bypass fallback recovery [0.19ms]
publish	Test and inspect the package	2026-10-05T18:05:44.8522995Z (pass) same-provider rungs collapse after a provider-class failure [0.25ms]
publish	Test and inspect the package	2026-10-05T18:05:44.8525558Z (pass) cross-provider rungs still walk the full chain [0.24ms]
publish	Test and inspect the package	2026-10-05T18:05:44.8527327Z (pass) account-throttle wording collapses same-provider rungs [0.19ms]
publish	Test and inspect the package	2026-10-05T18:05:44.8531000Z (pass) ambiguous worker death still walks the chain [0.26ms]
publish	Test and inspect the package	2026-10-05T18:05:44.8532646Z (pass) cursor persistence failure fails closed before a retry or fallback [0.24ms]
publish	Test and inspect the package	2026-10-05T18:05:44.8536530Z (pass) auditor and drafter source paths name the shared policy primitives [0.37ms]
publish	Test and inspect the package	2026-10-05T18:05:44.9158681Z (pass) A8: a host abort interrupts the ladder delay instead of stranding the claim in it [59.47ms]
publish	Test and inspect the package	2026-10-05T18:05:44.9685386Z (pass) A7: a cursor-callback refusal while live stays a persistence failure [55.11ms]
publish	Test and inspect the package	2026-10-05T18:05:44.9719938Z (pass) A7: a cursor-callback refusal after a generation handoff stops quietly on the in-hand result [0.32ms]
publish	Test and inspect the package	2026-10-05T18:05:44.9723146Z 
publish	Test and inspect the package	2026-10-05T18:05:44.9726210Z ##[endgroup]
publish	Test and inspect the package	2026-10-05T18:05:44.9745843Z 
publish	Test and inspect the package	2026-10-05T18:05:44.9746505Z ##[group]tests/goal.schema.test.ts:
publish	Test and inspect the package	2026-10-05T18:05:45.1879646Z unknown format "date-time" ignored in schema at path "#/properties/deferred/properties/at"
publish	Test and inspect the package	2026-10-05T18:05:45.1881629Z unknown format "date-time" ignored in schema at path "#/properties/deferred/properties/at"
publish	Test and inspect the package	2026-10-05T18:05:45.1891734Z unknown format "date-time" ignored in schema at path "#/definitions/auditVerdict/properties/at"
publish	Test and inspect the package	2026-10-05T18:05:45.1892519Z unknown format "date-time" ignored in schema at path "#/definitions/auditVerdict/properties/at"
publish	Test and inspect the package	2026-10-05T18:05:45.1905278Z unknown format "date-time" ignored in schema at path "#/definitions/subagentQuotaEvidence/properties/resetAt"
publish	Test and inspect the package	2026-10-05T18:05:45.1905996Z unknown format "date-time" ignored in schema at path "#/definitions/subagentQuotaEvidence/properties/resetAt"
publish	Test and inspect the package	2026-10-05T18:05:45.1906545Z unknown format "date-time" ignored in schema at path "#/definitions/subagentQuotaEvidence/properties/at"
publish	Test and inspect the package	2026-10-05T18:05:45.1907047Z unknown format "date-time" ignored in schema at path "#/definitions/subagentQuotaEvidence/properties/at"
publish	Test and inspect the package	2026-10-05T18:05:45.1909556Z unknown format "date-time" ignored in schema at path "#/definitions/pendingCompletion/properties/at"
publish	Test and inspect the package	2026-10-05T18:05:45.1910163Z unknown format "date-time" ignored in schema at path "#/definitions/pendingCompletion/properties/at"
publish	Test and inspect the package	2026-10-05T18:05:45.1910851Z unknown format "date-time" ignored in schema at path "#/definitions/pendingCompletion/properties/lastActivityAt"
publish	Test and inspect the package	2026-10-05T18:05:45.1911523Z unknown format "date-time" ignored in schema at path "#/definitions/pendingCompletion/properties/lastActivityAt"
publish	Test and inspect the package	2026-10-05T18:05:45.1912119Z unknown format "date-time" ignored in schema at path "#/definitions/pendingCompletion/properties/verdictAt"
publish	Test and inspect the package	2026-10-05T18:05:45.1912834Z unknown format "date-time" ignored in schema at path "#/definitions/pendingCompletion/properties/verdictAt"
publish	Test and inspect the package	2026-10-05T18:05:45.1913558Z unknown format "date-time" ignored in schema at path "#/definitions/pendingCompletion/properties/startedAt"
publish	Test and inspect the package	2026-10-05T18:05:45.1920775Z unknown format "date-time" ignored in schema at path "#/definitions/pendingCompletion/properties/startedAt"
publish	Test and inspect the package	2026-10-05T18:05:45.1921246Z unknown format "date-time" ignored in schema at path "#/definitions/pendingCompletion/properties/recoveryAt"
publish	Test and inspect the package	2026-10-05T18:05:45.1921917Z unknown format "date-time" ignored in schema at path "#/definitions/pendingCompletion/properties/recoveryAt"
publish	Test and inspect the package	2026-10-05T18:05:45.1922465Z unknown format "date-time" ignored in schema at path "#/definitions/pendingCompletion/properties/recoveryRetryAt"
publish	Test and inspect the package	2026-10-05T18:05:45.1922914Z unknown format "date-time" ignored in schema at path "#/definitions/pendingCompletion/properties/recoveryRetryAt"
publish	Test and inspect the package	2026-10-05T18:05:45.1923388Z unknown format "date-time" ignored in schema at path "#/definitions/pendingCompletion/properties/automaticRecoveryAt"
publish	Test and inspect the package	2026-10-05T18:05:45.1924141Z unknown format "date-time" ignored in schema at path "#/definitions/pendingCompletion/properties/automaticRecoveryAt"
publish	Test and inspect the package	2026-10-05T18:05:45.1924819Z unknown format "date-time" ignored in schema at path "#/definitions/pendingCompletion/properties/automaticRecoveryFirstAt"
publish	Test and inspect the package	2026-10-05T18:05:45.1925602Z unknown format "date-time" ignored in schema at path "#/definitions/pendingCompletion/properties/automaticRecoveryFirstAt"
publish	Test and inspect the package	2026-10-05T18:05:45.1926149Z unknown format "date-time" ignored in schema at path "#/definitions/pendingCompletion/properties/automaticRecoveryUntil"
publish	Test and inspect the package	2026-10-05T18:05:45.1926815Z unknown format "date-time" ignored in schema at path "#/definitions/pendingCompletion/properties/automaticRecoveryUntil"
publish	Test and inspect the package	2026-10-05T18:05:45.1927417Z unknown format "date-time" ignored in schema at path "#/definitions/pendingCompletion/properties/retryFirstAt"
publish	Test and inspect the package	2026-10-05T18:05:45.1928043Z unknown format "date-time" ignored in schema at path "#/definitions/pendingCompletion/properties/retryFirstAt"
publish	Test and inspect the package	2026-10-05T18:05:45.1928587Z unknown format "date-time" ignored in schema at path "#/definitions/pendingCompletion/properties/retryUntil"
publish	Test and inspect the package	2026-10-05T18:05:45.1929121Z unknown format "date-time" ignored in schema at path "#/definitions/pendingCompletion/properties/retryUntil"
publish	Test and inspect the package	2026-10-05T18:05:45.1929768Z unknown format "date-time" ignored in schema at path "#/definitions/pendingCompletion/properties/quotaFirstAt"
publish	Test and inspect the package	2026-10-05T18:05:45.1930191Z unknown format "date-time" ignored in schema at path "#/definitions/pendingCompletion/properties/quotaFirstAt"
publish	Test and inspect the package	2026-10-05T18:05:45.1930634Z unknown format "date-time" ignored in schema at path "#/definitions/pendingCompletion/properties/quotaAutoRetryUntil"
publish	Test and inspect the package	2026-10-05T18:05:45.1931088Z unknown format "date-time" ignored in schema at path "#/definitions/pendingCompletion/properties/quotaAutoRetryUntil"
publish	Test and inspect the package	2026-10-05T18:05:45.1931513Z unknown format "date-time" ignored in schema at path "#/definitions/pendingCompletion/properties/resetAt"
publish	Test and inspect the package	2026-10-05T18:05:45.1931918Z unknown format "date-time" ignored in schema at path "#/definitions/pendingCompletion/properties/resetAt"
publish	Test and inspect the package	2026-10-05T18:05:45.1932373Z unknown format "date-time" ignored in schema at path "#/definitions/pendingCompletion/properties/auditorRetryAttemptStartedAt"
publish	Test and inspect the package	2026-10-05T18:05:45.1933180Z unknown format "date-time" ignored in schema at path "#/definitions/pendingCompletion/properties/auditorRetryAttemptStartedAt"
publish	Test and inspect the package	2026-10-05T18:05:45.1934209Z unknown format "date-time" ignored in schema at path "#/definitions/pendingCompletion/properties/auditorFailureAt"
publish	Test and inspect the package	2026-10-05T18:05:45.1935329Z unknown format "date-time" ignored in schema at path "#/definitions/pendingCompletion/properties/auditorFailureAt"
publish	Test and inspect the package	2026-10-05T18:05:45.1943422Z unknown format "date-time" ignored in schema at path "#/definitions/objectiveRepair/properties/at"
publish	Test and inspect the package	2026-10-05T18:05:45.1944163Z unknown format "date-time" ignored in schema at path "#/definitions/objectiveRepair/properties/at"
publish	Test and inspect the package	2026-10-05T18:05:45.1951447Z unknown format "date-time" ignored in schema at path "#/definitions/objectiveRepairTarget/properties/replanPromptedAt"
publish	Test and inspect the package	2026-10-05T18:05:45.1952363Z unknown format "date-time" ignored in schema at path "#/definitions/objectiveRepairTarget/properties/replanPromptedAt"
publish	Test and inspect the package	2026-10-05T18:05:45.1959933Z unknown format "date-time" ignored in schema at path "#/properties/createdAt"
publish	Test and inspect the package	2026-10-05T18:05:45.1960578Z unknown format "date-time" ignored in schema at path "#/properties/createdAt"
publish	Test and inspect the package	2026-10-05T18:05:45.1961346Z unknown format "date-time" ignored in schema at path "#/properties/updatedAt"
publish	Test and inspect the package	2026-10-05T18:05:45.1961853Z unknown format "date-time" ignored in schema at path "#/properties/updatedAt"
publish	Test and inspect the package	2026-10-05T18:05:45.2268077Z (pass) schema accepts active goal and queued-list goal fixtures [18.99ms]
publish	Test and inspect the package	2026-10-05T18:05:45.2268658Z (pass) schema rejects invalid status and missing required usage [0.28ms]
publish	Test and inspect the package	2026-10-05T18:05:45.2270667Z (pass) schema validates nested task and audit-verdict required fields [0.23ms]
publish	Test and inspect the package	2026-10-05T18:05:45.2276683Z 
publish	Test and inspect the package	2026-10-05T18:05:45.2277089Z ##[endgroup]
publish	Test and inspect the package	2026-10-05T18:05:45.2277242Z 
publish	Test and inspect the package	2026-10-05T18:05:45.2277550Z ##[group]tests/host-session-lost.test.ts:
publish	Test and inspect the package	2026-10-05T18:05:45.4244599Z (pass) classifySessionHandleInvalidation: each mechanism maps to its reason [14.36ms]
publish	Test and inspect the package	2026-10-05T18:05:45.6046717Z (pass) host loss without any lifecycle shutdown classifies silent_handle_death [180.19ms]
publish	Test and inspect the package	2026-10-05T18:05:45.9449086Z (pass) fresh session_start consumes the stale arm and re-arms the goal continuation [340.27ms]
publish	Test and inspect the package	2026-10-05T18:05:46.1184718Z (pass) completed idle state does not probe a disposed session handle [173.51ms]
publish	Test and inspect the package	2026-10-05T18:05:46.2752132Z (pass) paused idle state does not probe a disposed session handle [156.74ms]
publish	Test and inspect the package	2026-10-05T18:05:46.4630774Z (pass) held loop does not probe a disposed session handle [187.76ms]
publish	Test and inspect the package	2026-10-05T18:05:46.6341897Z (pass) ended subagent probes do not keep idle state probing a disposed handle [171.17ms]
publish	Test and inspect the package	2026-10-05T18:05:46.8151191Z (pass) stale-recovery debt still probes for same-process self-heal [180.92ms]
publish	Test and inspect the package	2026-10-05T18:05:46.9765849Z (pass) parked completion-audit recovery debt does not become an unprobed idle plane [161.45ms]
publish	Test and inspect the package	2026-10-05T18:05:47.1486273Z (pass) a normal fresh session does not fabricate stale continuation debt [172.03ms]
publish	Test and inspect the package	2026-10-05T18:05:47.3218587Z (pass) an explicit reload boundary is durable and does not masquerade as host loss [173.14ms]
publish	Test and inspect the package	2026-10-05T18:05:47.4964569Z (pass) a replacement window absorbs a handle swap before invalidation [174.60ms]
publish	Test and inspect the package	2026-10-05T18:05:47.6744420Z (pass) a lifecycle shutdown suppresses the terminal entirely — no loss event [177.97ms]
publish	Test and inspect the package	2026-10-05T18:05:47.6765543Z (pass) source pin: the emission classifies the reason instead of hardcoding unknown [2.30ms]
publish	Test and inspect the package	2026-10-05T18:05:47.6784854Z (pass) source pin: the classifier and its enum are exported [1.93ms]
publish	Test and inspect the package	2026-10-05T18:05:47.8535883Z (pass) note.md screenshot repro — live update_task_status self-heals a stale park and clears host session lost banner [174.83ms]
publish	Test and inspect the package	2026-10-05T18:05:48.1970360Z (pass) live session_compact event self-heals a stale park in place [343.46ms]
publish	Test and inspect the package	2026-10-05T18:05:48.1970666Z 
publish	Test and inspect the package	2026-10-05T18:05:48.1971034Z ##[endgroup]
publish	Test and inspect the package	2026-10-05T18:05:48.1973615Z 
publish	Test and inspect the package	2026-10-05T18:05:48.1973888Z ##[group]tests/auditor-picker-parity.test.ts:
publish	Test and inspect the package	2026-10-05T18:05:48.3998280Z (pass) v0.35.24: the auditor picker persists its selection where resolveAuditorModel reads it [24.52ms]
publish	Test and inspect the package	2026-10-05T18:05:48.4004182Z (pass) v0.35.24: a typed forbidden ref is REFUSED by the auditor picker, never persisted [0.75ms]
publish	Test and inspect the package	2026-10-05T18:05:48.4008263Z (pass) v0.36.0: the ordered auditor fallback picker applies the same filtering [0.43ms]
publish	Test and inspect the package	2026-10-05T18:05:48.4023820Z (pass) v0.36.0: the ordered auditor fallback picker keeps the first ten refs in typed order [1.50ms]
publish	Test and inspect the package	2026-10-05T18:05:48.4026183Z (pass) v0.35.24: buildModelPickItems excludes forbidden refs for the auditor slot (list-level filter) [0.30ms]
publish	Test and inspect the package	2026-10-05T18:05:48.4026539Z 
publish	Test and inspect the package	2026-10-05T18:05:48.4026873Z ##[endgroup]
publish	Test and inspect the package	2026-10-05T18:05:48.4031402Z 
publish	Test and inspect the package	2026-10-05T18:05:48.4031788Z ##[group]tests/compaction-input.test.ts:
publish	Test and inspect the package	2026-10-05T18:05:48.5766699Z (pass) bounds successful assistant, tool-call, and tool-result content while preserving pairing [1.92ms]
publish	Test and inspect the package	2026-10-05T18:05:48.5768300Z (pass) retains the newest goal payload and marks older payloads without changing message order [0.31ms]
publish	Test and inspect the package	2026-10-05T18:05:48.5768981Z (pass) replaces image blocks while retaining the surrounding message structure [0.16ms]
publish	Test and inspect the package	2026-10-05T18:05:48.5769780Z (pass) keeps the total bounded for a tiny caller budget with a previous summary [0.20ms]
publish	Test and inspect the package	2026-10-05T18:05:48.5770500Z (pass) bounds a previous compaction summary without changing the preparation contract [0.13ms]
publish	Test and inspect the package	2026-10-05T18:05:48.5973335Z (pass) leaves preparation metadata and fileOps untouched [20.27ms]
publish	Test and inspect the package	2026-10-05T18:05:48.5979670Z (pass) applies one coordinated budget to summarize and turn-prefix arrays [0.72ms]
publish	Test and inspect the package	2026-10-05T18:05:48.5980510Z (pass) returns no compaction result and tolerates a missing preparation [0.07ms]
publish	Test and inspect the package	2026-10-05T18:05:48.5981680Z (pass) preserves both preparation-array identities when projection is a no-op [0.14ms]
publish	Test and inspect the package	2026-10-05T18:05:48.5982736Z (pass) preserves the untouched half when only one preparation array needs projection [0.14ms]
publish	Test and inspect the package	2026-10-05T18:05:48.5994039Z (pass) bounds every supported preparation shape and preserves pairing/order [1.11ms]
publish	Test and inspect the package	2026-10-05T18:05:48.5995543Z (pass) second projection is idempotent [0.17ms]
publish	Test and inspect the package	2026-10-05T18:05:48.5997313Z (pass) contains malformed preparation records without changing their positions [0.17ms]
publish	Test and inspect the package	2026-10-05T18:05:48.6006063Z (pass) keeps malformed interleaved tool results paired with their calls [0.76ms]
publish	Test and inspect the package	2026-10-05T18:05:49.5199120Z (pass) enforces a hard bound for arbitrarily many tiny messages [918.99ms]
publish	Test and inspect the package	2026-10-05T18:05:49.5590937Z (pass) keeps complete tool groups when high message counts force omission [39.15ms]
publish	Test and inspect the package	2026-10-05T18:05:49.5594297Z 
publish	Test and inspect the package	2026-10-05T18:05:49.5594995Z ##[endgroup]
publish	Test and inspect the package	2026-10-05T18:05:49.5595124Z 
publish	Test and inspect the package	2026-10-05T18:05:49.5595387Z ##[group]tests/pending-claim-lifecycle.test.ts:
publish	Test and inspect the package	2026-10-05T18:05:50.0890798Z (pass) /goal verify on a healthy pending audit reports the awaiting state without touching the claim [308.12ms]
publish	Test and inspect the package	2026-10-05T18:05:50.4457510Z (pass) /goal verify on an approved-but-unarchived claim settles it instead of re-auditing [356.69ms]
publish	Test and inspect the package	2026-10-05T18:05:50.7488521Z (pass) a durable pending audit survives cold reload parked with its identity and no submission [303.01ms]
publish	Test and inspect the package	2026-10-05T18:05:51.1089503Z (pass) /goal verify on a recovery-pending claim resumes it instead of overwriting the cursor [356.76ms]
publish	Test and inspect the package	2026-10-05T18:05:51.4225469Z (pass) A2: a retry rotates the attempt but keeps priorAttemptId lineage and reaps the old job dir [316.92ms]
publish	Test and inspect the package	2026-10-05T18:05:51.4233896Z 
publish	Test and inspect the package	2026-10-05T18:05:51.4238667Z ##[endgroup]
publish	Test and inspect the package	2026-10-05T18:05:51.4239192Z 
publish	Test and inspect the package	2026-10-05T18:05:51.4239562Z ##[group]tests/mechanical-inconclusive.test.ts:
publish	Test and inspect the package	2026-10-05T18:05:51.6111484Z (pass) loadScaledTimeoutMs: 1× at or under cpu count [0.14ms]
publish	Test and inspect the package	2026-10-05T18:05:51.6140790Z (pass) loadScaledTimeoutMs: linear past cpu count, capped at 2× [0.02ms]
publish	Test and inspect the package	2026-10-05T18:05:51.6141477Z (pass) loadScaledTimeoutMs: unusable inputs degrade to base, never unbounded [0.06ms]
publish	Test and inspect the package	2026-10-05T18:05:51.6142218Z (pass) scaledMechanicalTimeoutMs: live-load wrapper stays within [base, 2×base] [0.19ms]
publish	Test and inspect the package	2026-10-05T18:05:51.6142769Z (pass) containmentReason: maps flags in timeout-first order [0.06ms]
publish	Test and inspect the package	2026-10-05T18:05:51.6143328Z (pass) mechanicalPreAuditVerdict: fail keeps the historical fast-fail shape [0.09ms]
publish	Test and inspect the package	2026-10-05T18:05:51.6144117Z (pass) mechanicalPreAuditVerdict: inconclusive becomes infra error, never disapproval [0.05ms]
publish	Test and inspect the package	2026-10-05T18:05:51.6409512Z (pass) mechanical run: green command passes [29.50ms]
publish	Test and inspect the package	2026-10-05T18:05:51.7010983Z (pass) mechanical run: red command fails (not inconclusive) [60.13ms]
publish	Test and inspect the package	2026-10-05T18:05:51.7183820Z (pass) mechanical run: unsafe syntax fails (not inconclusive) [17.29ms]
publish	Test and inspect the package	2026-10-05T18:05:51.8412025Z (pass) mechanical run: killed gate is inconclusive with reason [122.76ms]
publish	Test and inspect the package	2026-10-05T18:05:51.8412595Z (pass) mechanical run: empty command list passes [0.13ms]
publish	Test and inspect the package	2026-10-05T18:05:51.8412807Z 
publish	Test and inspect the package	2026-10-05T18:05:51.8413148Z ##[endgroup]
publish	Test and inspect the package	2026-10-05T18:05:51.8415988Z 
publish	Test and inspect the package	2026-10-05T18:05:51.8416341Z ##[group]tests/disk-first-queue.test.ts:
publish	Test and inspect the package	2026-10-05T18:05:52.0089794Z (pass) writeQueueItemFile: atomic, lands in .pi-glla/goals/<id>.queue.json [0.69ms]
publish	Test and inspect the package	2026-10-05T18:05:52.0105439Z (pass) writeQueueItemFile: idempotent on retry (no overwrite) [0.32ms]
publish	Test and inspect the package	2026-10-05T18:05:52.0106361Z (pass) writeQueueItemFile: refuses to follow symlinks (symlink-safety) [0.23ms]
publish	Test and inspect the package	2026-10-05T18:05:52.0106937Z (pass) writeQueueItemFile: survives an existing temp residual [0.34ms]
publish	Test and inspect the package	2026-10-05T18:05:52.0107674Z (pass) deleteQueueItemFile: returns true when present, false when missing [0.43ms]
publish	Test and inspect the package	2026-10-05T18:05:52.0108961Z (pass) clearQueueItemFiles: removes orphaned sidecars and is idempotent [0.74ms]
publish	Test and inspect the package	2026-10-05T18:05:52.0110220Z (pass) readQueueFromDisk: returns queue items, in id order, skipping garbage [0.60ms]
publish	Test and inspect the package	2026-10-05T18:05:52.0110823Z (pass) readQueueFromDisk: excludeIds removes ids that are active or archived [0.45ms]
publish	Test and inspect the package	2026-10-05T18:05:52.0111405Z (pass) readQueueFromDisk: missing goals/ dir returns [] (not throw) [0.13ms]
publish	Test and inspect the package	2026-10-05T18:05:52.0315628Z (pass) round-trip: write then read returns identical items [22.04ms]
publish	Test and inspect the package	2026-10-05T18:05:52.0316328Z (pass) queueItemPath: stable relative shape [0.19ms]
publish	Test and inspect the package	2026-10-05T18:05:52.0317198Z (pass) v0.34.61: addSingleItem is disk-first (sidecar before state mutation) [0.22ms]
publish	Test and inspect the package	2026-10-05T18:05:52.0318841Z (pass) v0.34.61: list-draft path is disk-first (sidecar before state mutation) [0.17ms]
publish	Test and inspect the package	2026-10-05T18:05:52.0323711Z (pass) v0.35.0: remove/clear/cancel/glla_wipe clear queue sidecars [0.46ms]
publish	Test and inspect the package	2026-10-05T18:05:52.0328066Z (pass) v0.34.61: crash-simulation — sidecar survives state death and reload finds it [0.36ms]
publish	Test and inspect the package	2026-10-05T18:05:52.0333555Z (pass) v0.35.4: queue metadata round-trips and recovery uses durable order [0.58ms]
publish	Test and inspect the package	2026-10-05T18:05:52.0336295Z (pass) v0.35.4: failed sidecar writes are reported without leaving temp files [0.27ms]
publish	Test and inspect the package	2026-10-05T18:05:52.0339485Z (pass) v0.35.4: queue recovery and carryover clear use durable sidecars [0.32ms]
publish	Test and inspect the package	2026-10-05T18:05:52.0339772Z 
publish	Test and inspect the package	2026-10-05T18:05:52.0340042Z ##[endgroup]
publish	Test and inspect the package	2026-10-05T18:05:52.0343557Z 
publish	Test and inspect the package	2026-10-05T18:05:52.0343837Z ##[group]tests/auditor-challenge-record.test.ts:
publish	Test and inspect the package	2026-10-05T18:05:52.8656351Z (pass) challenge-record: a confirmed approval records challenge=confirmed on the verdict [672.81ms]
publish	Test and inspect the package	2026-10-05T18:05:53.5482532Z (pass) challenge-record: a single-round disapproval records challenge=not-applicable [682.62ms]
publish	Test and inspect the package	2026-10-05T18:05:53.5483023Z 
publish	Test and inspect the package	2026-10-05T18:05:53.5483455Z ##[endgroup]
publish	Test and inspect the package	2026-10-05T18:05:53.5485556Z 
publish	Test and inspect the package	2026-10-05T18:05:53.5485770Z ##[group]tests/subagent-hang-detection.test.ts:
publish	Test and inspect the package	2026-10-05T18:05:53.7412437Z (pass) v0.35.65: snapshots use live manager counters and expose honest phase/elapsed data [0.45ms]
publish	Test and inspect the package	2026-10-05T18:05:53.7414602Z (pass) v0.35.65: queued manager records stay queued and do not masquerade as active work [0.18ms]
publish	Test and inspect the package	2026-10-05T18:05:54.2714116Z (pass) current pi-subagents async lifecycle and status.json drive live counters [531.11ms]
publish	Test and inspect the package	2026-10-05T18:05:54.7901849Z (pass) current v1 stop RPC is selected after the status artifact proves top-level ownership [518.72ms]
publish	Test and inspect the package	2026-10-05T18:05:54.7902603Z (pass) classify: a running subagent with no new progress for 5m is hung [0.21ms]
publish	Test and inspect the package	2026-10-05T18:05:54.7903234Z (pass) classify: sub-5m silence is not hung (5m floor, shorter than the auditor's 10m) [0.04ms]
publish	Test and inspect the package	2026-10-05T18:05:54.7903858Z (pass) classify: a NEW tool use refreshes the streak (working, not wedged) [0.07ms]
publish	Test and inspect the package	2026-10-05T18:05:54.7904418Z (pass) classify: NEW output tokens refresh the streak (long think, still alive) [0.04ms]
publish	Test and inspect the package	2026-10-05T18:05:54.7904960Z (pass) classify: ended / non-running records are not hung (watch stops) [0.06ms]
publish	Test and inspect the package	2026-10-05T18:05:54.7905622Z (pass) v0.34.102: a vanished/unreachable record falls back to event-only evidence (field: pully 118m wedge) [0.07ms]
publish	Test and inspect the package	2026-10-05T18:05:55.2830196Z (pass) hang detection surfaces ui.notify + ledger `subagent_hang_detected` via the heartbeat scan [492.26ms]
publish	Test and inspect the package	2026-10-05T18:05:55.9452627Z (pass) hang warning is throttled — one alert per 5m streak window, not per tick [662.32ms]
publish	Test and inspect the package	2026-10-05T18:05:56.6128835Z (pass) long frozen tracked child requests one bounded child-specific abort after the warning window [667.48ms]
publish	Test and inspect the package	2026-10-05T18:05:57.1395076Z (pass) progress arriving before escalation cancels the action and starts a fresh episode [526.64ms]
publish	Test and inspect the package	2026-10-05T18:05:57.7823319Z (pass) event-only child reaches an honest unavailable-action record, never a guessed abort [642.81ms]
publish	Test and inspect the package	2026-10-05T18:05:58.3093072Z (pass) nested child is not eligible for top-level automatic abort [526.32ms]
publish	Test and inspect the package	2026-10-05T18:05:58.8330306Z (pass) v0.35.65: an old-generation child cannot receive a stop RPC after host rebind [524.23ms]
publish	Test and inspect the package	2026-10-05T18:05:59.3501707Z (pass) host rebind retires healthy event-only evidence and admits fresh same-generation progress [517.07ms]
publish	Test and inspect the package	2026-10-05T18:05:59.8424312Z (pass) v0.34.102: event-only hang surfaces `subagent_hang_detected` with evidence=event-only when no manager record exists [492.26ms]
publish	Test and inspect the package	2026-10-05T18:06:00.5061035Z (pass) completed/failed events end the watch — no hang alert after completion [663.66ms]
publish	Test and inspect the package	2026-10-05T18:06:01.1513148Z (pass) compacted/steered events refresh the streak (secondary progress evidence) [645.21ms]
publish	Test and inspect the package	2026-10-05T18:06:01.4807080Z (pass) malformed hang inputs are dropped, not crashy [326.26ms]
publish	Test and inspect the package	2026-10-05T18:06:01.4834827Z (pass) source pins: constants, watchdog wiring, and ledger key [5.13ms]
publish	Test and inspect the package	2026-10-05T18:06:02.5046464Z (pass) v0.34.105: hang scan runs during main-model recovery (quota wall blinds the watchdog before the fix) [1021.65ms]
publish	Test and inspect the package	2026-10-05T18:06:02.5047392Z (pass) v0.34.105 source pin: subagent scan precedes the main-model-recovery early return in heartbeatTick [0.25ms]
publish	Test and inspect the package	2026-10-05T18:06:02.5049160Z (pass) v0.38.104 releasing the RPC host unsubscribes the readiness listeners it installed [0.30ms]
publish	Test and inspect the package	2026-10-05T18:06:02.5049498Z 
publish	Test and inspect the package	2026-10-05T18:06:02.5049836Z ##[endgroup]
publish	Test and inspect the package	2026-10-05T18:06:02.5054257Z 
publish	Test and inspect the package	2026-10-05T18:06:02.5054640Z ##[group]tests/structured-summary.test.ts:
publish	Test and inspect the package	2026-10-05T18:06:02.7099643Z (pass) renderer removes empty evidence parentheses without losing the finding [3.93ms]
publish	Test and inspect the package	2026-10-05T18:06:02.7326583Z (pass) headline echo uses the Outcome lead paragraph, never flattened headers [22.77ms]
publish	Test and inspect the package	2026-10-05T18:06:02.7327576Z (pass) detector: two ##/### headers earn the structured path, one does not [0.08ms]
publish	Test and inspect the package	2026-10-05T18:06:02.7328465Z (pass) extractor preserves newlines and tables, segments other labels [0.15ms]
publish	Test and inspect the package	2026-10-05T18:06:02.7329072Z (pass) extractor: last line-anchored restatement wins [0.07ms]
publish	Test and inspect the package	2026-10-05T18:06:02.7334250Z (pass) card: structured Outcome renders a full ### Summary section, headline stays short [0.65ms]
publish	Test and inspect the package	2026-10-05T18:06:02.7343389Z (pass) card: unstructured summaries keep today's shape — no Summary section [0.35ms]
publish	Test and inspect the package	2026-10-05T18:06:02.7344260Z (pass) card: one-action Next survives the structured body [0.47ms]
publish	Test and inspect the package	2026-10-05T18:06:02.7347075Z (pass) card: machine paths stay archive-only inside structured lines [0.42ms]
publish	Test and inspect the package	2026-10-05T18:06:02.7385630Z (pass) guard: pathological structured values end with an honest pointer [3.82ms]
publish	Test and inspect the package	2026-10-05T18:06:02.7394647Z (pass) doctrine: horizon lives in Summary, Next names only the immediate move [0.53ms]
publish	Test and inspect the package	2026-10-05T18:06:02.7395854Z (pass) archive human layer carries the same Summary section [0.50ms]
publish	Test and inspect the package	2026-10-05T18:06:02.7396262Z 
publish	Test and inspect the package	2026-10-05T18:06:02.7396802Z ##[endgroup]
publish	Test and inspect the package	2026-10-05T18:06:02.7402311Z 
publish	Test and inspect the package	2026-10-05T18:06:02.7402770Z ##[group]tests/list-subtasks.test.ts:
publish	Test and inspect the package	2026-10-05T18:06:02.9376092Z (pass) v0.35.72: visible hierarchical positions map to flat queue indexes [0.51ms]
publish	Test and inspect the package	2026-10-05T18:06:02.9384771Z (pass) v0.34.81: SUBTASK_MARKER is line-start + case-insensitive [0.19ms]
publish	Test and inspect the package	2026-10-05T18:06:02.9385918Z (pass) v0.34.81: extractSubtaskParent — no marker → undefined parent [0.07ms]
publish	Test and inspect the package	2026-10-05T18:06:02.9386696Z (pass) v0.34.81: extractSubtaskParent — em-dash splits parent/child [0.17ms]
publish	Test and inspect the package	2026-10-05T18:06:02.9387449Z (pass) v0.34.81: extractSubtaskParent — en-dash and hyphen-separator both work [0.09ms]
publish	Test and inspect the package	2026-10-05T18:06:02.9388409Z (pass) v0.34.81: extractSubtaskParent — hyphen WITHOUT spaces does NOT split [0.04ms]
publish	Test and inspect the package	2026-10-05T18:06:02.9389205Z (pass) v0.34.81: extractSubtaskParent — no separator captures parent only, empty child [0.05ms]
publish	Test and inspect the package	2026-10-05T18:06:02.9390092Z (pass) v0.34.81: extractSubtaskParent — multi-line child objective survives marker strip [0.08ms]
publish	Test and inspect the package	2026-10-05T18:06:02.9390887Z (pass) v0.34.81: parseListItemDeclaration — child objective keeps its own Parallel + Done when [0.23ms]
publish	Test and inspect the package	2026-10-05T18:06:02.9391496Z (pass) v0.34.81: parseListItemDeclaration — no marker means parentObjective is undefined [0.12ms]
publish	Test and inspect the package	2026-10-05T18:06:02.9615154Z (pass) v0.34.81: parentId round-trips through writeQueueItemFile → readQueueFromDisk [22.99ms]
publish	Test and inspect the package	2026-10-05T18:06:02.9618101Z (pass) v0.34.81: readQueueFromDisk ignores malformed parentId (non-string) [0.51ms]
publish	Test and inspect the package	2026-10-05T18:06:02.9642393Z (pass) v0.34.81: wiring — parse in core, resolve/refuse/cascade in goal.ts [2.43ms]
publish	Test and inspect the package	2026-10-05T18:06:03.1599458Z (pass) v0.34.81 (behavioral): list_add with a subtask binds parentId to the matching queue item [194.63ms]
publish	Test and inspect the package	2026-10-05T18:06:03.3631249Z (pass) v0.34.81 (behavioral): unresolved parent refuses that child, other items still land [203.94ms]
publish	Test and inspect the package	2026-10-05T18:06:03.6824625Z (pass) v0.34.81 (behavioral): explicit pick on a group refuses loudly (no silent jump) [319.36ms]
publish	Test and inspect the package	2026-10-05T18:06:03.8758158Z (pass) v0.34.81 (behavioral): auto-advance skips a head group and lands on its first open child [193.21ms]
publish	Test and inspect the package	2026-10-05T18:06:04.0766199Z (pass) audit-2026-09-06: auto-advance head-group skip is ledgered, not silent [200.89ms]
publish	Test and inspect the package	2026-10-05T18:06:04.0998605Z (pass) v0.38.104: list_activate accepts the dotted child label the queue prints [22.98ms]
publish	Test and inspect the package	2026-10-05T18:06:04.1027557Z (pass) v0.38.104 (schema pin): list_activate's `n` accepts the child-label string form [2.83ms]
publish	Test and inspect the package	2026-10-05T18:06:04.3086059Z (pass) C4 (behavioral): /list remove on a group cascades to its queued children [203.52ms]
publish	Test and inspect the package	2026-10-05T18:06:04.6761138Z (pass) C4 (behavioral): /list remove on a group with a live child is refused [369.33ms]
publish	Test and inspect the package	2026-10-05T18:06:04.6764253Z 
publish	Test and inspect the package	2026-10-05T18:06:04.6764796Z ##[endgroup]
publish	Test and inspect the package	2026-10-05T18:06:04.6765085Z 
publish	Test and inspect the package	2026-10-05T18:06:04.6765459Z ##[group]tests/prompt-pivot-detection.test.ts:
publish	Test and inspect the package	2026-10-05T18:06:04.8988910Z (pass) continuation prompt has the PIVOT DETECTION section (item 26) [16.82ms]
publish	Test and inspect the package	2026-10-05T18:06:04.8989346Z (pass) isFullAuditObjective classifies survey pivots (item 28) [0.07ms]
publish	Test and inspect the package	2026-10-05T18:06:04.8989721Z (pass) orchestrator injects the FULL-AUDIT directive conditionally (item 28) [0.15ms]
publish	Test and inspect the package	2026-10-05T18:06:04.8990878Z (pass) continuation prompt includes the latest auditor report verbatim [0.24ms]
publish	Test and inspect the package	2026-10-05T18:06:04.8993162Z (pass) stale-approval directive mirrors the numeric-revision gate, never legacy entries [0.22ms]
publish	Test and inspect the package	2026-10-05T18:06:04.8993481Z 
publish	Test and inspect the package	2026-10-05T18:06:04.8993754Z ##[endgroup]
publish	Test and inspect the package	2026-10-05T18:06:04.8997508Z 
publish	Test and inspect the package	2026-10-05T18:06:04.8997770Z ##[group]tests/ui-command-view-audit.test.ts:
publish	Test and inspect the package	2026-10-05T18:06:05.1112715Z (pass) held loop status preserves its meaning and names the actual resume command [28.99ms]
publish	Test and inspect the package	2026-10-05T18:06:05.1132015Z (pass) compact settling status reports archive debt instead of worker silence [2.21ms]
publish	Test and inspect the package	2026-10-05T18:06:05.1155751Z (pass) paused goal status includes its saved next action without inventing one [1.94ms]
publish	Test and inspect the package	2026-10-05T18:06:05.1156665Z 
publish	Test and inspect the package	2026-10-05T18:06:05.1157107Z ##[endgroup]
publish	Test and inspect the package	2026-10-05T18:06:05.1157257Z 
publish	Test and inspect the package	2026-10-05T18:06:05.1157541Z ##[group]tests/stuck-detection-rework.test.ts:
publish	Test and inspect the package	2026-10-05T18:06:05.3358272Z (pass) trigramSimilarity: identity = 1, disjoint = 0, empties [17.73ms]
publish	Test and inspect the package	2026-10-05T18:06:05.3358930Z (pass) trigramSimilarity: similar but not identical [0.14ms]
publish	Test and inspect the package	2026-10-05T18:06:05.3359642Z (pass) isNudgeTurn: tool use resets the brake even on empty text [0.03ms]
publish	Test and inspect the package	2026-10-05T18:06:05.3360136Z (pass) isNudgeTurn: short no-tool turn is always a nudge [0.08ms]
publish	Test and inspect the package	2026-10-05T18:06:05.3364959Z (pass) isNudgeTurn: substantive paragraph (≥15 words, novel) is NOT a nudge (the polis incident) [0.63ms]
publish	Test and inspect the package	2026-10-05T18:06:05.3366291Z (pass) isNudgeTurn: long + repetitive text IS a nudge [0.20ms]
publish	Test and inspect the package	2026-10-05T18:06:05.3367515Z (pass) isNudgeTurn: long text with no prior (first turn in a streak) is NOT a nudge [0.10ms]
publish	Test and inspect the package	2026-10-05T18:06:05.3375958Z (pass) isNudgeTurn: tunable thresholds [0.16ms]
publish	Test and inspect the package	2026-10-05T18:06:05.3376671Z (pass) accountTurnForNudgesRich: three substantive no-tool turns → stays 0 (the fix) [0.27ms]
publish	Test and inspect the package	2026-10-05T18:06:05.3377788Z (pass) accountTurnForNudgesRich: three short repetitive replies → reaches max [0.04ms]
publish	Test and inspect the package	2026-10-05T18:06:05.3378437Z (pass) defaults [0.02ms]
publish	Test and inspect the package	2026-10-05T18:06:05.3378575Z 
publish	Test and inspect the package	2026-10-05T18:06:05.3378897Z ##[endgroup]
publish	Test and inspect the package	2026-10-05T18:06:05.3379006Z 
publish	Test and inspect the package	2026-10-05T18:06:05.3379250Z ##[group]tests/rich-summary-dedup.test.ts:
publish	Test and inspect the package	2026-10-05T18:06:05.5197159Z (pass) 172705: exact-duplicate details render once per bucket [0.43ms]
publish	Test and inspect the package	2026-10-05T18:06:05.5197841Z (pass) 2026-10-02: same-label restatement in next/remaining collapses to first [0.27ms]
publish	Test and inspect the package	2026-10-05T18:06:05.5198593Z (pass) 2026-10-02: problem and action across labels always both render [0.12ms]
publish	Test and inspect the package	2026-10-05T18:06:05.5199083Z (pass) 2026-10-02: distinct same-label next steps both render [0.08ms]
publish	Test and inspect the package	2026-10-05T18:06:05.5199581Z (pass) 172705: zero turns omitted, elapsed and audits kept [0.30ms]
publish	Test and inspect the package	2026-10-05T18:06:05.5199775Z 
publish	Test and inspect the package	2026-10-05T18:06:05.5200065Z ##[endgroup]
publish	Test and inspect the package	2026-10-05T18:06:05.5200144Z 
publish	Test and inspect the package	2026-10-05T18:06:05.5200323Z ##[group]tests/auditor-stall-watchdog.test.ts:
publish	Test and inspect the package	2026-10-05T18:06:10.7991885Z (pass) stall: worker that never emits a first event is failed fast, not left for the wall [5091.94ms]
publish	Test and inspect the package	2026-10-05T18:06:12.9532122Z [run-tests] progress: 330s elapsed · 2s since last output · 168 KiB of suite output
publish	Test and inspect the package	2026-10-05T18:06:17.3105275Z (pass) stall: first-event budget starts after successful spawn, not pre-spawn setup [6511.29ms]
publish	Test and inspect the package	2026-10-05T18:06:18.5471910Z (pass) stall: worker whose single boot heartbeat goes stale is failed fast, not left for the wall [1236.66ms]
publish	Test and inspect the package	2026-10-05T18:06:18.8119045Z (pass) progress: a live auditor outlives the legacy wall metadata and settles on its result [264.65ms]
publish	Test and inspect the package	2026-10-05T18:06:19.6734941Z (pass) stall: a running auditor tool is exempt — the per-tool timeout owns that axis [861.63ms]
publish	Test and inspect the package	2026-10-05T18:06:19.7675218Z (pass) stall: a silent-past-bound attempt fails fast WITH its cost record (controlled clock) [93.99ms]
publish	Test and inspect the package	2026-10-05T18:06:19.8439071Z (pass) stall: a worker-reported brake is reclassified with the same evidence [76.38ms]
publish	Test and inspect the package	2026-10-05T18:06:19.9879441Z (pass) stall: an open in-budget tool is not silence — the no-progress bound spares it [143.88ms]
publish	Test and inspect the package	2026-10-05T18:06:22.5102636Z (pass) v0.38.99: an over-budget tool is NOT fatal — the worker cancels it, resumes, and its result still lands [2522.35ms]
publish	Test and inspect the package	2026-10-05T18:06:24.0336693Z (pass) v0.38.99 approval guard: an approving verdict from a verification-incomplete attempt is refused, not applied [1523.44ms]
publish	Test and inspect the package	2026-10-05T18:06:24.5120750Z (pass) v0.38.99: a genuinely wedged tool still fails fast once the grace expires [478.40ms]
publish	Test and inspect the package	2026-10-05T18:06:24.5121151Z 
publish	Test and inspect the package	2026-10-05T18:06:24.5121494Z ##[endgroup]
publish	Test and inspect the package	2026-10-05T18:06:24.5125531Z 
publish	Test and inspect the package	2026-10-05T18:06:24.5125943Z ##[group]tests/audit-convergence-breaker.test.ts:
publish	Test and inspect the package	2026-10-05T18:06:25.7293743Z (pass) audit-convergence-breaker — hard cap > hard cap pauses even under aggressive keep-going [1033.45ms]
publish	Test and inspect the package	2026-10-05T18:06:26.6059657Z (pass) audit-convergence-breaker — hard cap > below the hard cap, aggressive keep-going is preserved [876.45ms]
publish	Test and inspect the package	2026-10-05T18:06:27.0938736Z (pass) audit-convergence-breaker — hard cap > hard cap binds the detached settlement path [487.97ms]
publish	Test and inspect the package	2026-10-05T18:06:27.9063167Z (pass) audit-convergence-breaker — hard cap > soft-cap pause offers accept-with-followups first [812.42ms]
publish	Test and inspect the package	2026-10-05T18:06:28.7376105Z (pass) audit-convergence-breaker — hard cap > severity census lands on the objections ledger event [831.28ms]
publish	Test and inspect the package	2026-10-05T18:06:28.7377363Z (pass) audit-convergence-breaker — severity extraction > tags parse per item; missing section yields nothing [0.27ms]
publish	Test and inspect the package	2026-10-05T18:06:28.7378668Z (pass) audit-convergence-breaker — severity extraction > only leading tags count; buried tags and bare items are untagged [0.08ms]
publish	Test and inspect the package	2026-10-05T18:06:28.7381196Z (pass) audit-convergence-breaker — severity extraction > auditor brief mandates severity tags [0.39ms]
publish	Test and inspect the package	2026-10-05T18:06:28.7381960Z (pass) audit-convergence-breaker — settings > hard-cap default is 8 (soft 5 + three grace rounds) [0.05ms]
publish	Test and inspect the package	2026-10-05T18:06:28.7385265Z (pass) audit-convergence-breaker — settings > normalize keeps valid values, drops garbage [0.37ms]
publish	Test and inspect the package	2026-10-05T18:06:28.7388725Z (pass) audit-convergence-breaker — settings > v0.38.104: mainModelRetryMinutes and auditFeedbackChars drop junk instead of displaying a dead value [0.31ms]
publish	Test and inspect the package	2026-10-05T18:06:28.7393692Z (pass) audit-convergence-breaker — settings > v0.38.104: drafter/auditor thinking levels are pruned against the one ladder [0.50ms]
publish	Test and inspect the package	2026-10-05T18:06:28.7401407Z (pass) audit-convergence-breaker — settings > menu rows exist for both keys [0.74ms]
publish	Test and inspect the package	2026-10-05T18:06:28.7401914Z 
publish	Test and inspect the package	2026-10-05T18:06:28.7402516Z ##[endgroup]
publish	Test and inspect the package	2026-10-05T18:06:28.7406283Z 
publish	Test and inspect the package	2026-10-05T18:06:28.7406616Z ##[group]tests/false-repair-card.test.ts:
publish	Test and inspect the package	2026-10-05T18:06:28.9385254Z (pass) parser: the field 'Verify the shipped ...' item keeps its intent in the OBJECTIVE [0.44ms]
publish	Test and inspect the package	2026-10-05T18:06:28.9386371Z (pass) parser: short-marker forms still parse as contract-only declarations [0.17ms]
publish	Test and inspect the package	2026-10-05T18:06:28.9387217Z (pass) derivation: the field contract yields its leading imperative sentence; junk yields null [0.30ms]
publish	Test and inspect the package	2026-10-05T18:06:29.1651114Z (pass) behavioral: a legacy empty-objective item with a clean contract activates with the derived objective [226.10ms]
publish	Test and inspect the package	2026-10-05T18:06:29.3742770Z (pass) behavioral: a legacy empty-objective item with NO contract still takes the true repair path [209.12ms]
publish	Test and inspect the package	2026-10-05T18:06:29.5704304Z (pass) behavioral: a fresh batch item written from the field text activates directly — the writer fix end-to-end [195.88ms]
publish	Test and inspect the package	2026-10-05T18:06:29.5705912Z 
publish	Test and inspect the package	2026-10-05T18:06:29.5706418Z ##[endgroup]
publish	Test and inspect the package	2026-10-05T18:06:29.5729050Z 
publish	Test and inspect the package	2026-10-05T18:06:29.5729510Z ##[group]tests/length-continue.test.ts:
publish	Test and inspect the package	2026-10-05T18:06:29.7857207Z (pass) tracker: fires up to MAX consecutive, gives up once, resets on a normal turn [16.27ms]
publish	Test and inspect the package	2026-10-05T18:06:29.7858023Z (pass) continue text carries the root-cause mitigation (split large writes) [0.21ms]
publish	Test and inspect the package	2026-10-05T18:06:29.7858663Z (pass) v0.34.19: tiny-output length at a nearly full context is context starvation, not a real output cap [0.12ms]
publish	Test and inspect the package	2026-10-05T18:06:29.7860336Z (pass) v0.38.36: explicit provider context-overflow errors (stopReason=error) are context starvation when context usage >= 90% [0.21ms]
publish	Test and inspect the package	2026-10-05T18:06:29.7864919Z (pass) agent_end: length path runs BEFORE nudge accounting, telemetry, and goal gating [0.46ms]
publish	Test and inspect the package	2026-10-05T18:06:29.7871947Z (pass) sendLengthContinue: stale-api terminal guard + admitted-session reset [0.70ms]
publish	Test and inspect the package	2026-10-05T18:06:29.7873757Z (pass) sendLengthContinue: active goals get completion-aware recovery guidance [0.18ms]
publish	Test and inspect the package	2026-10-05T18:06:29.7873944Z 
publish	Test and inspect the package	2026-10-05T18:06:29.7874194Z ##[endgroup]
publish	Test and inspect the package	2026-10-05T18:06:29.7880008Z 
publish	Test and inspect the package	2026-10-05T18:06:29.7880422Z ##[group]tests/subagent-polish.test.ts:
publish	Test and inspect the package	2026-10-05T18:06:30.0091835Z (pass) current pi-subagents roles expose complete model-pin definitions [0.99ms]
publish	Test and inspect the package	2026-10-05T18:06:30.0099395Z (pass) strategy-driven sync writes only the GLLA-owned Designer role [0.91ms]
publish	Test and inspect the package	2026-10-05T18:06:30.0103665Z (pass) managed sync rejects path traversal from settings and corrupt sync state [0.43ms]
publish	Test and inspect the package	2026-10-05T18:06:30.0109611Z (pass) repair detection: externally deleted/altered Designer files are re-written and flagged [0.58ms]
publish	Test and inspect the package	2026-10-05T18:06:30.0110529Z (pass) effective resolution: per-type pin > inherit-parent > current agent default [0.05ms]
publish	Test and inspect the package	2026-10-05T18:06:30.0111301Z (pass) subagent provider failure: any failed Agent payload, without classification [0.05ms]
publish	Test and inspect the package	2026-10-05T18:06:30.0112056Z (pass) v0.38.16: failed current-tool spawns take the provider-failure path too [0.02ms]
publish	Test and inspect the package	2026-10-05T18:06:30.0113457Z (pass) v0.38.16: model-facing text speaks the current subagent dialect [0.29ms]
publish	Test and inspect the package	2026-10-05T18:06:30.0113721Z 
publish	Test and inspect the package	2026-10-05T18:06:30.0114043Z ##[endgroup]
publish	Test and inspect the package	2026-10-05T18:06:30.0118582Z 
publish	Test and inspect the package	2026-10-05T18:06:30.0118942Z ##[group]tests/screenshot-completion.test.ts:
publish	Test and inspect the package	2026-10-05T18:06:30.2227521Z (pass) screenshot-derived GLLA keeps explanations and truthful checks [27.40ms]
publish	Test and inspect the package	2026-10-05T18:06:30.2248415Z (pass) screenshot-derived Deathrun keeps explanations and truthful checks [2.29ms]
publish	Test and inspect the package	2026-10-05T18:06:30.2263857Z (pass) screenshot-derived Neonbreak keeps explanations and truthful checks [1.59ms]
publish	Test and inspect the package	2026-10-05T18:06:30.2265104Z (pass) multi-line citation extraction consumes the complete reference, not just its first line [0.16ms]
publish	Test and inspect the package	2026-10-05T18:06:30.2265442Z 
publish	Test and inspect the package	2026-10-05T18:06:30.2265749Z ##[endgroup]
publish	Test and inspect the package	2026-10-05T18:06:30.2269279Z 
publish	Test and inspect the package	2026-10-05T18:06:30.2269576Z ##[group]tests/audit-stuck-batch.test.ts:
publish	Test and inspect the package	2026-10-05T18:06:30.4381581Z (pass) 124541: model-not-found shapes are unresolvable auditor refs [0.50ms]
publish	Test and inspect the package	2026-10-05T18:06:30.4388696Z (pass) 124541: walker does not spend the same-ref retry on an unresolvable ref [0.88ms]
publish	Test and inspect the package	2026-10-05T18:06:30.9705404Z (pass) 124544: resume_goal probes pending main-model recovery inline, no user bounce [531.38ms]
publish	Test and inspect the package	2026-10-05T18:06:30.9706114Z (pass) identical infra failures count toward a bounded identical-park threshold [0.25ms]
publish	Test and inspect the package	2026-10-05T18:06:30.9714440Z (pass) identical-failure counters survive a state round-trip sanitized [0.89ms]
publish	Test and inspect the package	2026-10-05T18:06:30.9720744Z (pass) splitParkedQueueDuplicates coalesces queued + batch-internal duplicates [0.41ms]
publish	Test and inspect the package	2026-10-05T18:06:31.3818386Z (pass) 124536: re-adding a queued objective while parked coalesces, no pile-up [409.71ms]
publish	Test and inspect the package	2026-10-05T18:06:31.6556426Z (pass) 124536: hourly auditor backstop stands down on an identical-parked head [273.81ms]
publish	Test and inspect the package	2026-10-05T18:06:31.6557131Z (pass) 124541: re-seed filters evicted refs so the next episode starts live [0.26ms]
publish	Test and inspect the package	2026-10-05T18:06:31.6632573Z (pass) v0.38.104: the identical-failure park arms a bounded self-healing probe, never a dead end [7.46ms]
publish	Test and inspect the package	2026-10-05T18:06:31.6639723Z (pass) v0.38.104: no operator-facing string promises the auditor stopped for good [0.79ms]
publish	Test and inspect the package	2026-10-05T18:06:31.6641342Z 
publish	Test and inspect the package	2026-10-05T18:06:31.6641758Z ##[endgroup]
publish	Test and inspect the package	2026-10-05T18:06:31.6644394Z 
publish	Test and inspect the package	2026-10-05T18:06:31.6644661Z ##[group]tests/continuous-supervision.test.ts:
publish	Test and inspect the package	2026-10-05T18:06:31.8506929Z (pass) v0.36.0: activeSupervisionPlanes covers every GLLA work plane without inventing activity [0.26ms]
publish	Test and inspect the package	2026-10-05T18:06:31.8508162Z (pass) v0.36.0: checker reacts to durable transitions across every work plane [0.42ms]
publish	Test and inspect the package	2026-10-05T18:06:31.8508949Z (pass) v0.36.0: lifecycle signals route immediately for every declared plane [0.33ms]
publish	Test and inspect the package	2026-10-05T18:06:31.8509670Z (pass) v0.36.0: a child and recovery transition are durable signals, not guessed waits [0.26ms]
publish	Test and inspect the package	2026-10-05T18:06:31.8510350Z (pass) v0.36.0: fallback polling adapts from 250ms to the 15s safety cadence [0.08ms]
publish	Test and inspect the package	2026-10-05T18:06:31.8511095Z (pass) v0.36.0: a real event resets fallback backoff instead of waiting for the old slot [0.07ms]
publish	Test and inspect the package	2026-10-05T18:06:31.8511826Z (pass) v0.36.0: loop terminal outcomes receive a durable user-facing recap [0.34ms]
publish	Test and inspect the package	2026-10-05T18:06:31.8512730Z (pass) v0.36.0: production heartbeat is event-first with adaptive timeout fallback [0.43ms]
publish	Test and inspect the package	2026-10-05T18:06:31.8513464Z (pass) respec audit phase and register changes are observed without inventing a worker [0.16ms]
publish	Test and inspect the package	2026-10-05T18:06:31.8513806Z 
publish	Test and inspect the package	2026-10-05T18:06:31.8514172Z ##[endgroup]
publish	Test and inspect the package	2026-10-05T18:06:31.8731425Z 
publish	Test and inspect the package	2026-10-05T18:06:31.8733121Z ##[group]tests/cmd-review.test.ts:
publish	Test and inspect the package	2026-10-05T18:06:32.2194615Z (pass) C8: ambiguous substring id refuses with the candidates instead of reviewing the first match [176.70ms]
publish	Test and inspect the package	2026-10-05T18:06:32.3789757Z (pass) C8 control: exact id fires the review [156.53ms]
publish	Test and inspect the package	2026-10-05T18:06:32.3798618Z 
publish	Test and inspect the package	2026-10-05T18:06:32.3799342Z ##[endgroup]
publish	Test and inspect the package	2026-10-05T18:06:32.3799573Z 
publish	Test and inspect the package	2026-10-05T18:06:32.3799957Z ##[group]tests/settings-editors.test.ts:
publish	Test and inspect the package	2026-10-05T18:06:32.5997264Z (pass) T4: select editor — stateRoot writes the global workingDir/sessionDir choice [23.82ms]
publish	Test and inspect the package	2026-10-05T18:06:32.6022741Z (pass) T4: select editor — autoResume writes on/off/default with the right key [2.77ms]
publish	Test and inspect the package	2026-10-05T18:06:32.6041624Z (pass) T4: select editor — auditorInspection is opt-in on (writes true), off clears to default [1.90ms]
publish	Test and inspect the package	2026-10-05T18:06:32.6043920Z (pass) removed request-rate fallback setting has no editor or persistence path [0.25ms]
publish	Test and inspect the package	2026-10-05T18:06:32.6053487Z (pass) T4: select editor — aggressiveMode writes the boolean + notifies [0.95ms]
publish	Test and inspect the package	2026-10-05T18:06:32.6073597Z (pass) T4: select editor — contextCheckpointProjection writes true, off removes the key (v0.38.54) [1.97ms]
publish	Test and inspect the package	2026-10-05T18:06:32.6102608Z (pass) T4: select editor — carryover writes clear/resume, pause removes the key (v0.34.25) [2.91ms]
publish	Test and inspect the package	2026-10-05T18:06:32.6106095Z (pass) T4: select options stay concise — rationale lives in the title, not the option rows (v0.34.25) [0.34ms]
publish	Test and inspect the package	2026-10-05T18:06:32.6117723Z (pass) main recovery settings are global-only and project copies cannot create a UI/runtime mismatch [1.16ms]
publish	Test and inspect the package	2026-10-05T18:06:32.6147278Z (pass) scope-aware settings editing updates a project override instead of a hidden global baseline [2.95ms]
publish	Test and inspect the package	2026-10-05T18:06:32.6160033Z (pass) forbidden-model editing excludes drafter and auditor fallback chains [1.26ms]
publish	Test and inspect the package	2026-10-05T18:06:32.6161948Z (pass) numeric settings reject malformed integer prefixes instead of truncating them [0.23ms]
publish	Test and inspect the package	2026-10-05T18:06:32.6173420Z (pass) RPC custom stub falls back to typed main-backup editing instead of silently canceling [1.09ms]
publish	Test and inspect the package	2026-10-05T18:06:32.6189647Z (pass) main failback policy and primary-probe cadence are global settings [1.64ms]
publish	Test and inspect the package	2026-10-05T18:06:32.6218076Z (pass) T4: input editor — main model backups preserve order and retry cadence [2.79ms]
publish	Test and inspect the package	2026-10-05T18:06:32.6228819Z (pass) main backup editor refuses the 11th typed model and keeps the first ten in order [1.08ms]
publish	Test and inspect the package	2026-10-05T18:06:32.6248631Z (pass) main-model fallback reload preserves explicit order and does not reintroduce a cleared key [1.96ms]
publish	Test and inspect the package	2026-10-05T18:06:32.6268254Z (pass) v0.34.118: backup and forbidden editors enforce mutual exclusion even in headless input mode [1.95ms]
publish	Test and inspect the package	2026-10-05T18:06:32.6287158Z (pass) T4: input editor — auditorModel set / cleared on empty [1.91ms]
publish	Test and inspect the package	2026-10-05T18:06:32.6310428Z (pass) v0.36.0: auditor fallback editor preserves ordered refs, caps at ten, and clears [2.31ms]
publish	Test and inspect the package	2026-10-05T18:06:32.6323970Z (pass) v0.36.0: the singular auditor fallback setting migrates to the ordered chain [1.31ms]
publish	Test and inspect the package	2026-10-05T18:06:32.6351449Z (pass) drafter agent picker immediately offers model-specific thinking and persists both choices [2.77ms]
publish	Test and inspect the package	2026-10-05T18:06:32.6371691Z (pass) T4: input editor validation — auditCap rejects garbage loudly, accepts integers, clears on empty [1.97ms]
publish	Test and inspect the package	2026-10-05T18:06:32.6396148Z (pass) v0.35.64: subagent hang action accepts warning-only/long thresholds and rejects unsafe values [2.49ms]
publish	Test and inspect the package	2026-10-05T18:06:32.6413263Z (pass) v0.35.x: zero-stream retry budget persists and rejects values outside 0..10 [1.70ms]
publish	Test and inspect the package	2026-10-05T18:06:32.6416009Z (pass) v0.35.x: hand-edited zero-stream retry budgets normalize to the safe default [0.29ms]
publish	Test and inspect the package	2026-10-05T18:06:32.6419278Z (pass) T4: a dismissed editor (Esc → undefined) writes NOTHING [0.30ms]
publish	Test and inspect the package	2026-10-05T18:06:32.6423935Z (pass) settings editor failures notify loudly and return to the menu [0.48ms]
publish	Test and inspect the package	2026-10-05T18:06:32.6425724Z (pass) T4: the switch has no confirm-class editors (select + input only) [0.19ms]
publish	Test and inspect the package	2026-10-05T18:06:32.6448517Z (pass) v0.28.34: notify folds a default IN — auto-detect notify-send/osascript, 'off' silences, custom overrides [2.21ms]
publish	Test and inspect the package	2026-10-05T18:06:32.6450117Z (pass) audit-2026-09-06: headless /glla fallback shows compactor + display-richness rows [0.20ms]
publish	Test and inspect the package	2026-10-05T18:06:32.6453410Z (pass) audit 2026-09-06: docs/SETTINGS.md covers every SETTINGS_KEYS entry [0.31ms]
publish	Test and inspect the package	2026-10-05T18:06:32.6499012Z (pass) audit 2026-09-07 (LOW, finding 400): typing the displayed `auto` in the notify editor round-trips to unset, not a literal shell command [4.18ms]
publish	Test and inspect the package	2026-10-05T18:06:32.6529527Z (pass) audit 2026-09-25: decisionPauseBudget is visible on every operator surface [3.35ms]
publish	Test and inspect the package	2026-10-05T18:06:32.6552131Z (pass) audit 2026-09-26: subagent thinking editor pins, inherits, and rejects garbage [2.27ms]
publish	Test and inspect the package	2026-10-05T18:06:32.6555248Z (pass) audit 2026-09-26: headless /glla fallback covers every SETTINGS_KEYS entry [0.34ms]
publish	Test and inspect the package	2026-10-05T18:06:32.6560646Z (pass) v0.38.104: the audit-dir retention row renders a legal 0 instead of the unknown-value '?' [0.52ms]
publish	Test and inspect the package	2026-10-05T18:06:32.6565185Z (pass) v0.38.104: the main-recovery row does not promise a 24h stop the default mode removes [0.45ms]
publish	Test and inspect the package	2026-10-05T18:06:32.6568713Z (pass) v0.38.104: every 'Global-only.' annotation in docs/SETTINGS.md is true in code [0.35ms]
publish	Test and inspect the package	2026-10-05T18:06:32.6570439Z (pass) v0.38.104: the superseded DESIGN.md table does not mark files that do not exist as shipped [0.18ms]
publish	Test and inspect the package	2026-10-05T18:06:32.6572829Z (pass) v0.38.104: the auditor model path carries no dead settings placeholders [0.24ms]
publish	Test and inspect the package	2026-10-05T18:06:32.6573110Z 
publish	Test and inspect the package	2026-10-05T18:06:32.6573406Z ##[endgroup]
publish	Test and inspect the package	2026-10-05T18:06:32.6577048Z 
publish	Test and inspect the package	2026-10-05T18:06:32.6577294Z ##[group]tests/repetition.test.ts:
publish	Test and inspect the package	2026-10-05T18:06:32.8320375Z (pass) normalizeForPrint strips ANSI, collapses whitespace, lowercases [0.13ms]
publish	Test and inspect the package	2026-10-05T18:06:32.8320818Z (pass) textFingerprint is stable and case/whitespace-insensitive [0.15ms]
publish	Test and inspect the package	2026-10-05T18:06:32.8321457Z (pass) trigramSimilarity: identical texts → 1, disjoint → 0, near-dup → high [0.22ms]
publish	Test and inspect the package	2026-10-05T18:06:32.8322064Z (pass) trigramSimilarity: digits are volatile — 'port 8081' ≈ 'port 8082' [0.10ms]
publish	Test and inspect the package	2026-10-05T18:06:32.8322617Z (pass) pushCapped keeps the window at cap, most recent last [0.07ms]
publish	Test and inspect the package	2026-10-05T18:06:32.8323138Z (pass) findDegenerateRepeat: repeated sentence inside one reply [0.12ms]
publish	Test and inspect the package	2026-10-05T18:06:32.8323611Z (pass) findDegenerateRepeat: repeated single word run [0.48ms]
publish	Test and inspect the package	2026-10-05T18:06:32.8324022Z (pass) findDegenerateRepeat: normal prose passes [0.04ms]
publish	Test and inspect the package	2026-10-05T18:06:32.8324464Z (pass) findDegenerateRepeat: short text is never degenerate [0.02ms]
publish	Test and inspect the package	2026-10-05T18:06:32.8324970Z (pass) detectLoopStuck: healthy iteration → undefined [0.06ms]
publish	Test and inspect the package	2026-10-05T18:06:32.8325389Z (pass) detectLoopStuck: narration-only streak [0.02ms]
publish	Test and inspect the package	2026-10-05T18:06:32.8325842Z (pass) detectLoopStuck: exact repeat of previous iteration [0.04ms]
publish	Test and inspect the package	2026-10-05T18:06:32.8326341Z (pass) detectLoopStuck: near-duplicate of previous iteration [0.08ms]
publish	Test and inspect the package	2026-10-05T18:06:32.8326809Z (pass) detectLoopStuck: A-B-A-B window repetition [0.06ms]
publish	Test and inspect the package	2026-10-05T18:06:32.8327364Z (pass) repeated in-band provider pane is distinct from ordinary repeated tool output [0.11ms]
publish	Test and inspect the package	2026-10-05T18:06:32.8328067Z (pass) detectLoopStuck: same tool error three times [0.05ms]
publish	Test and inspect the package	2026-10-05T18:06:32.8328538Z (pass) detectLoopStuck: same tool result (no new information) [0.03ms]
publish	Test and inspect the package	2026-10-05T18:06:32.8329210Z (pass) detectLoopStuck: first hit wins — narration beats everything (most certain) [0.03ms]
publish	Test and inspect the package	2026-10-05T18:06:32.8329857Z (pass) loopInterventionDirective: rotates strategy per consecutive count [0.08ms]
publish	Test and inspect the package	2026-10-05T18:06:32.8330497Z (pass) loopInterventionDirective: hard reset from rung 3 with banned openings [0.07ms]
publish	Test and inspect the package	2026-10-05T18:06:32.8331124Z (pass) loopInterventionDirective: rotation wraps after all strategies [0.02ms]
publish	Test and inspect the package	2026-10-05T18:06:32.8331653Z (pass) continueVariant: rotates by iteration, never empty [0.04ms]
publish	Test and inspect the package	2026-10-05T18:06:32.8331882Z 
publish	Test and inspect the package	2026-10-05T18:06:32.8332229Z ##[endgroup]
publish	Test and inspect the package	2026-10-05T18:06:32.8332360Z 
publish	Test and inspect the package	2026-10-05T18:06:32.8332646Z ##[group]tests/extract-verification.test.ts:
publish	Test and inspect the package	2026-10-05T18:06:33.0145438Z (pass) inline one-liner: 'Done when:' mid-line is extracted [0.17ms]
publish	Test and inspect the package	2026-10-05T18:06:33.0145920Z (pass) inline one-liner: trailing period stripped from objective [0.05ms]
publish	Test and inspect the package	2026-10-05T18:06:33.0146288Z (pass) ordinary verify imperative before Done when is not mistaken for a marker [0.04ms]
publish	Test and inspect the package	2026-10-05T18:06:33.0146610Z (pass) no marker anywhere returns full text as objective [0.02ms]
publish	Test and inspect the package	2026-10-05T18:06:33.0146904Z (pass) line-based extraction wins over inline when both present [0.09ms]
publish	Test and inspect the package	2026-10-05T18:06:33.0147246Z (pass) multi-line verification contract preserved [0.07ms]
publish	Test and inspect the package	2026-10-05T18:06:33.0147631Z (pass) line marker: 'Done when ALL of the following are true:' starts the contract [0.03ms]
publish	Test and inspect the package	2026-10-05T18:06:33.0148183Z (pass) inline marker: 'Done when ALL of the following are true:' mid-line [0.02ms]
publish	Test and inspect the package	2026-10-05T18:06:33.0148635Z (pass) goalArgsNeedDrafting: 'Done when ALL of the following' counts as a contract (no interview) [0.02ms]
publish	Test and inspect the package	2026-10-05T18:06:33.0149415Z (pass) round-trip: normalized draft survives storage and yields clean shield items [0.21ms]
publish	Test and inspect the package	2026-10-05T18:06:33.0149848Z 
publish	Test and inspect the package	2026-10-05T18:06:33.0150187Z ##[endgroup]
publish	Test and inspect the package	2026-10-05T18:06:33.0150302Z 
publish	Test and inspect the package	2026-10-05T18:06:33.0150583Z ##[group]tests/execution-discipline.test.ts:
publish	Test and inspect the package	2026-10-05T18:06:33.1926482Z (pass) mid-run question steps are violations, naming the step [0.32ms]
publish	Test and inspect the package	2026-10-05T18:06:33.1927123Z (pass) ask_user_question subtasks are violations too [0.05ms]
publish	Test and inspect the package	2026-10-05T18:06:33.1927656Z (pass) manual-check steps are violations unless the contract mandates them [0.05ms]
publish	Test and inspect the package	2026-10-05T18:06:33.1928362Z (pass) contract-mandated gates are exempt, not violations [0.07ms]
publish	Test and inspect the package	2026-10-05T18:06:33.1928812Z (pass) clean plans pass with no violations [0.09ms]
publish	Test and inspect the package	2026-10-05T18:06:33.1929272Z (pass) propose_task_list validation refuses mid-run steps [0.08ms]
publish	Test and inspect the package	2026-10-05T18:06:33.1929940Z (pass) goal/list drafting prompt pins never-schedule-mid-run plus manual-only-when-mandatory [0.15ms]
publish	Test and inspect the package	2026-10-05T18:06:33.1930731Z (pass) plan prompt pins milestone shape: no mid-run question or manual-check milestones [0.06ms]
publish	Test and inspect the package	2026-10-05T18:06:33.1931112Z 
publish	Test and inspect the package	2026-10-05T18:06:33.1931476Z ##[endgroup]
publish	Test and inspect the package	2026-10-05T18:06:33.1931590Z 
publish	Test and inspect the package	2026-10-05T18:06:33.1931874Z ##[group]tests/quota-wall-engagement.test.ts:
publish	Test and inspect the package	2026-10-05T18:06:33.4169582Z (pass) send-storm escalation has one generic threshold [0.31ms]
publish	Test and inspect the package	2026-10-05T18:06:33.4173338Z (pass) quota-shaped provider text is opaque and still recoverable [0.41ms]
publish	Test and inspect the package	2026-10-05T18:06:33.4181831Z (pass) source contains no reason-specific send-storm policy [1.11ms]
publish	Test and inspect the package	2026-10-05T18:06:33.4182466Z (pass) send-rearm escalation still funnels into the generic recovery envelope [0.05ms]
publish	Test and inspect the package	2026-10-05T18:06:33.4182770Z 
publish	Test and inspect the package	2026-10-05T18:06:33.4183103Z ##[endgroup]
publish	Test and inspect the package	2026-10-05T18:06:33.4186957Z 
publish	Test and inspect the package	2026-10-05T18:06:33.4187169Z ##[group]tests/paused-status-action-first.test.ts:
publish	Test and inspect the package	2026-10-05T18:06:33.5965181Z (pass) blocked status leads with the resume command [0.61ms]
publish	Test and inspect the package	2026-10-05T18:06:33.5965807Z (pass) decision status leads with the decision path [0.11ms]
publish	Test and inspect the package	2026-10-05T18:06:33.5966278Z (pass) error status leads with the manual path [0.19ms]
publish	Test and inspect the package	2026-10-05T18:06:33.5966706Z (pass) manual recovery hold leads with resume [0.10ms]
publish	Test and inspect the package	2026-10-05T18:06:33.5967188Z (pass) supervised waits keep lifecycle-first order (nobody's move) [0.10ms]
publish	Test and inspect the package	2026-10-05T18:06:33.5967469Z 
publish	Test and inspect the package	2026-10-05T18:06:33.5967806Z ##[endgroup]
publish	Test and inspect the package	2026-10-05T18:06:33.5968154Z 
publish	Test and inspect the package	2026-10-05T18:06:33.5968405Z ##[group]tests/plan-mode.test.ts:
publish	Test and inspect the package	2026-10-05T18:06:33.7792319Z (pass) v0.35.33: /goal plan routes as a sub with the seed as rest [0.19ms]
publish	Test and inspect the package	2026-10-05T18:06:33.7792998Z (pass) v0.35.33: plain objectives are NOT captured by the plan verb [0.07ms]
publish	Test and inspect the package	2026-10-05T18:06:33.7793897Z (pass) v0.35.33: draftingTemplateFile swaps prompts per target × depth [0.04ms]
publish	Test and inspect the package	2026-10-05T18:06:33.7795679Z (pass) v0.35.33: both plan prompt files exist, carry the drafting markers, and mandate Confirm-gated proposals [0.39ms]
publish	Test and inspect the package	2026-10-05T18:06:33.8057827Z (pass) v0.35.44: source pins — the draftingDepth dead-state global is GONE (audit fix) [26.57ms]
publish	Test and inspect the package	2026-10-05T18:06:33.8058862Z (pass) v0.35.33: source pins — all three verbs dispatch with depth plan [0.24ms]
publish	Test and inspect the package	2026-10-05T18:06:33.8059450Z (pass) v0.35.33: /list plan is gated as a mutating subcommand on stale handles [0.03ms]
publish	Test and inspect the package	2026-10-05T18:06:33.8060014Z (pass) v0.35.33: completions advertise the plan verb on all three commands [0.17ms]
publish	Test and inspect the package	2026-10-05T18:06:34.0244737Z (pass) v0.35.45: the plan-mode seeded hint separates the plan note from the label [218.29ms]
publish	Test and inspect the package	2026-10-05T18:06:34.0268993Z 
publish	Test and inspect the package	2026-10-05T18:06:34.0308442Z ##[endgroup]
publish	Test and inspect the package	2026-10-05T18:06:34.0308939Z 
publish	Test and inspect the package	2026-10-05T18:06:34.0309366Z ##[group]tests/proactive-pre-read.test.ts:
publish	Test and inspect the package	2026-10-05T18:06:34.2417460Z (pass) gatherProactivePreRead surfaces bounded file evidence and seed excerpt before questioning [29.74ms]
publish	Test and inspect the package	2026-10-05T18:06:34.2418426Z (pass) gatherProactivePreRead notes image references without assuming an external tool [0.20ms]
publish	Test and inspect the package	2026-10-05T18:06:34.2419083Z (pass) gatherProactivePreRead still emits a seed-excerpt block when no files match [0.09ms]
publish	Test and inspect the package	2026-10-05T18:06:34.2545798Z (pass) drafting injects proactive pre-read before the first question [12.44ms]
publish	Test and inspect the package	2026-10-05T18:06:34.2547104Z (pass) constants retain bounded shape (max 3 files, 800 chars each) [0.07ms]
publish	Test and inspect the package	2026-10-05T18:06:34.2547500Z 
publish	Test and inspect the package	2026-10-05T18:06:34.2547857Z ##[endgroup]
publish	Test and inspect the package	2026-10-05T18:06:34.2549251Z 
publish	Test and inspect the package	2026-10-05T18:06:34.2549596Z ##[group]tests/stale-interrupt-resume.test.ts:
publish	Test and inspect the package	2026-10-05T18:06:34.4924085Z (pass) Goal type + schema carry the interrupt marker fields [22.95ms]
publish	Test and inspect the package	2026-10-05T18:06:34.4924652Z (pass) S3 probe: side-effect-free getSessionName() probe caches the positive [0.08ms]
publish	Test and inspect the package	2026-10-05T18:06:34.4925027Z (pass) S3 warn helper: honest 'state is safe' messaging + ledger [0.13ms]
publish	Test and inspect the package	2026-10-05T18:06:34.4926377Z (pass) S3: probes wired at cmdSet / cmdResume / cmdList / propose_goal_draft entry [0.27ms]
publish	Test and inspect the package	2026-10-05T18:06:34.4927342Z (pass) S3: stale creation marks the interrupt and tells the truth (no 'starting now' lie) [0.09ms]
publish	Test and inspect the package	2026-10-05T18:06:34.4928597Z (pass) S1: stale resume persists active+marker, skips the misleading notify and the doomed send [0.04ms]
publish	Test and inspect the package	2026-10-05T18:06:34.4931674Z (pass) S2: restore gate clears the marker on auto-resume and names the recovery [0.36ms]
publish	Test and inspect the package	2026-10-05T18:06:34.4938854Z (pass) S2 (v0.28.21): the 0.28.3 interrupt exemption is SUPERSEDED — only autoresume=on auto-resumes [0.68ms]
publish	Test and inspect the package	2026-10-05T18:06:34.4939600Z (pass) S1/S2: widget surfaces the interrupt on ACTIVE goals [0.12ms]
publish	Test and inspect the package	2026-10-05T18:06:34.4941992Z (pass) E6: drafting-seed send failure is loud and stale-aware (was silent) [0.22ms]
publish	Test and inspect the package	2026-10-05T18:06:34.4945795Z (pass) T1: stale Confirm is NOT a rejection — both single and batch paths [0.37ms]
publish	Test and inspect the package	2026-10-05T18:06:34.4947186Z (pass) v0.28.27: stale handle silences ALL stall machinery — refiring into a dead process misleads, and the stall escalation would PAUSE an interrupted goal (killing restart auto-resume) [0.08ms]
publish	Test and inspect the package	2026-10-05T18:06:34.4951502Z (pass) v0.28.27/0.29.8: /goal verify (renamed from /goal audit) — manual auditor invocation with a synthesized claim, wired into the pendingCompletion machinery [0.44ms]
publish	Test and inspect the package	2026-10-05T18:06:34.4952888Z (pass) v0.29.8: /goal audit [focus] — the one-shot project audit; /glla status — the unified view [0.17ms]
publish	Test and inspect the package	2026-10-05T18:06:34.4953800Z (pass) v0.34.2: cmdResume clears interruptedAt/interruptedReason on a fresh-session resume [0.09ms]
publish	Test and inspect the package	2026-10-05T18:06:34.4968922Z (pass) v0.34.7: safeSteerUser wraps every orchestrator sendUserMessage (darklord crash) [1.45ms]
publish	Test and inspect the package	2026-10-05T18:06:34.4989522Z (pass) v0.34.7: the fan-out float carries a catch (rejection ≠ process exit) [2.08ms]
publish	Test and inspect the package	2026-10-05T18:06:34.4991235Z (pass) v0.34.7: re-kick clears the stale-handle marker (banner must not survive a working session) [0.16ms]
publish	Test and inspect the package	2026-10-05T18:06:34.4991523Z 
publish	Test and inspect the package	2026-10-05T18:06:34.4991796Z ##[endgroup]
publish	Test and inspect the package	2026-10-05T18:06:34.4996329Z 
publish	Test and inspect the package	2026-10-05T18:06:34.4996540Z ##[group]tests/id-invalidation.test.ts:
publish	Test and inspect the package	2026-10-05T18:06:34.6858572Z (pass) classifyIdInvalidationReason: each mechanism maps to its reason [0.19ms]
publish	Test and inspect the package	2026-10-05T18:06:34.9002861Z (pass) forced rewrite: a fresh session with a different sidecar id ledgeres id_invalidation [216.09ms]
publish	Test and inspect the package	2026-10-05T18:06:35.0917016Z (pass) clean shutdown: the sidecar shutdownReason flows into the event [191.50ms]
publish	Test and inspect the package	2026-10-05T18:06:35.2922862Z (pass) same id (plain reload): no id_invalidation [200.59ms]
publish	Test and inspect the package	2026-10-05T18:06:35.4724328Z (pass) first boot (no sidecar): no id_invalidation [180.09ms]
publish	Test and inspect the package	2026-10-05T18:06:35.4745433Z (pass) successor absorption also emits id_invalidation (source-level pin) [2.26ms]
publish	Test and inspect the package	2026-10-05T18:06:35.6612203Z (pass) unknown-session ids are not emitted (the mock default has no getSessionId) [186.43ms]
publish	Test and inspect the package	2026-10-05T18:06:35.6612527Z 
publish	Test and inspect the package	2026-10-05T18:06:35.6612813Z ##[endgroup]
publish	Test and inspect the package	2026-10-05T18:06:35.6615789Z 
publish	Test and inspect the package	2026-10-05T18:06:35.6616122Z ##[group]tests/drafting-questionnaire.test.ts:
publish	Test and inspect the package	2026-10-05T18:06:35.9116340Z (pass) seeded drafting requires tool-first choices and a concrete next handoff [0.34ms]
publish	Test and inspect the package	2026-10-05T18:06:35.9117429Z (pass) goal-loop-draft.md: carries the roadmap-then-stages rule [0.23ms]
publish	Test and inspect the package	2026-10-05T18:06:35.9118605Z (pass) goal-loop-draft.md: carries the rich-option standard [0.08ms]
publish	Test and inspect the package	2026-10-05T18:06:35.9119300Z (pass) goal-loop-draft.md: invites the Esc correction explicitly [0.08ms]
publish	Test and inspect the package	2026-10-05T18:06:35.9119861Z (pass) goal-loop-forever-draft.md: carries the roadmap-then-stages rule [0.05ms]
publish	Test and inspect the package	2026-10-05T18:06:35.9120414Z (pass) goal-loop-forever-draft.md: carries the rich-option standard [0.05ms]
publish	Test and inspect the package	2026-10-05T18:06:35.9120965Z (pass) goal-loop-forever-draft.md: invites the Esc correction explicitly [0.02ms]
publish	Test and inspect the package	2026-10-05T18:06:35.9121475Z (pass) goal-loop-plan.md: carries the roadmap-then-stages rule [0.03ms]
publish	Test and inspect the package	2026-10-05T18:06:35.9121772Z (pass) goal-loop-plan.md: carries the rich-option standard [0.03ms]
publish	Test and inspect the package	2026-10-05T18:06:35.9122083Z (pass) goal-loop-plan.md: invites the Esc correction explicitly [0.08ms]
publish	Test and inspect the package	2026-10-05T18:06:35.9122481Z (pass) goal-loop-draft.md: pasted list-like seeds use supplied wording without an exactness choice [0.13ms]
publish	Test and inspect the package	2026-10-05T18:06:35.9122941Z (pass) goal-loop-plan.md: pasted list-like seeds use supplied wording without an exactness choice [0.03ms]
publish	Test and inspect the package	2026-10-05T18:06:35.9123193Z 
publish	Test and inspect the package	2026-10-05T18:06:35.9123483Z ##[endgroup]
publish	Test and inspect the package	2026-10-05T18:06:35.9123561Z 
publish	Test and inspect the package	2026-10-05T18:06:35.9123742Z ##[group]tests/subagent-display-richness.test.ts:
publish	Test and inspect the package	2026-10-05T18:06:36.1032663Z (pass) audit 2026-09-07 richness defaults to quiet (exceptions-only) and normalizes junk [0.37ms]
publish	Test and inspect the package	2026-10-05T18:06:36.1042475Z (pass) v0.38.23 rich assembles single-line glyph rows, no header; compact keeps the line; quiet hides healthy workers [0.74ms]
publish	Test and inspect the package	2026-10-05T18:06:36.1043570Z (pass) v0.38.22 detailed lines bucket silence — identical output seconds apart [0.15ms]
publish	Test and inspect the package	2026-10-05T18:06:36.1044434Z (pass) v0.38.22 hasHungWorker covers hung + aborting, ignores ended [0.07ms]
publish	Test and inspect the package	2026-10-05T18:06:36.1046046Z (pass) audit 2026-09-07 count line flags trouble on ANY child, not just the stalest [0.09ms]
publish	Test and inspect the package	2026-10-05T18:06:36.1047031Z (pass) v0.38.23 every rich line is width-safe; long summaries truncate cell-aware [0.13ms]
publish	Test and inspect the package	2026-10-05T18:06:36.1047824Z 
publish	Test and inspect the package	2026-10-05T18:06:36.1048423Z ##[endgroup]
publish	Test and inspect the package	2026-10-05T18:06:36.1048689Z 
publish	Test and inspect the package	2026-10-05T18:06:36.1050216Z ##[group]tests/delta-only-continuation.test.ts:
publish	Test and inspect the package	2026-10-05T18:06:36.2997731Z (pass) marker is tiny and carries the dispatch marker [0.35ms]
publish	Test and inspect the package	2026-10-05T18:06:36.3008602Z (pass) clean goal needs no full — repair/recovery/audit/designer do [1.56ms]
publish	Test and inspect the package	2026-10-05T18:06:36.3315599Z (pass) builder: steady-state marker, resync+marker, dirty full [30.53ms]
publish	Test and inspect the package	2026-10-05T18:06:36.7324135Z (pass) v0.38.94: consecutive sends go full once, then marker (field: 909 full sends) [400.83ms]
publish	Test and inspect the package	2026-10-05T18:06:37.3253492Z (pass) v0.38.94: rebind reset re-arms the one full brief (fresh context) [592.89ms]
publish	Test and inspect the package	2026-10-05T18:06:37.3257483Z (pass) sendContinuation wires the delta-only branch with kind ledger [0.65ms]
publish	Test and inspect the package	2026-10-05T18:06:37.3258146Z 
publish	Test and inspect the package	2026-10-05T18:06:37.3258672Z ##[endgroup]
publish	Test and inspect the package	2026-10-05T18:06:37.3264531Z 
publish	Test and inspect the package	2026-10-05T18:06:37.3264874Z ##[group]tests/tool-config-execution.test.ts:
publish	Test and inspect the package	2026-10-05T18:06:37.6533198Z (pass) project optional arguments override supplied values and apply to later calls [17.04ms]
publish	Test and inspect the package	2026-10-05T18:06:37.6627538Z (pass) invalid options block atomically: {"timeout":"bad"} [8.63ms]
publish	Test and inspect the package	2026-10-05T18:06:37.6739090Z (pass) invalid options block atomically: {"unsupported":true} [11.08ms]
publish	Test and inspect the package	2026-10-05T18:06:37.6824292Z (pass) invalid options block atomically: {"command":"replace the operation"} [7.89ms]
publish	Test and inspect the package	2026-10-05T18:06:37.6998471Z (pass) a stale host cannot rewrite tool arguments [17.33ms]
publish	Test and inspect the package	2026-10-05T18:06:37.7366215Z (pass) the real Pi tool pipeline executes bash with the configured timeout [35.10ms]
publish	Test and inspect the package	2026-10-05T18:06:37.7378209Z (pass) invalid merged options leave every input field unchanged [0.53ms]
publish	Test and inspect the package	2026-10-05T18:06:37.7379027Z (pass) nested overrides belong to each call, and optional zero remains valid [0.92ms]
publish	Test and inspect the package	2026-10-05T18:06:37.7379824Z (pass) unconfigured calls do not need a registry; missing or unsupported schemas block configured calls [0.29ms]
publish	Test and inspect the package	2026-10-05T18:06:37.7380690Z 
publish	Test and inspect the package	2026-10-05T18:06:37.7381166Z ##[endgroup]
publish	Test and inspect the package	2026-10-05T18:06:37.7381446Z 
publish	Test and inspect the package	2026-10-05T18:06:37.7381873Z ##[group]tests/image1-list-stall-and-count-fix.test.ts:
publish	Test and inspect the package	2026-10-05T18:06:37.9418411Z (pass) v0.34.104 [Image-#1] Problem 1: LIST_COMPLETION_SETTLE_MS constant + flag exist [0.35ms]
publish	Test and inspect the package	2026-10-05T18:06:37.9423138Z (pass) v0.34.104 [Image-#1] Problem 1: archiveCurrentGoal arms the settle window BEFORE activating the next item [0.21ms]
publish	Test and inspect the package	2026-10-05T18:06:37.9675590Z (pass) v0.34.104 [Image-#1] Problem 1: scheduleContinuation honours the settle window [25.29ms]
publish	Test and inspect the package	2026-10-05T18:06:37.9676489Z (pass) v0.34.104 [Image-#1] Problem 1: agent activity during settle cancels the deferred send [0.26ms]
publish	Test and inspect the package	2026-10-05T18:06:37.9677274Z (pass) v0.34.104 [Image-#1] Problem 1: sendContinuation honors an early settle callback [0.11ms]
publish	Test and inspect the package	2026-10-05T18:06:37.9686346Z (pass) v0.34.104 [Image-#1] Problem 2: validateCompletionSummary exists and is wired into complete_goal capture [0.91ms]
publish	Test and inspect the package	2026-10-05T18:06:37.9687176Z (pass) v0.34.104 [Image-#1] Problem 2: impossible X/Y pass counts match the field regex (29/28) [0.10ms]
publish	Test and inspect the package	2026-10-05T18:06:37.9689671Z (pass) v0.34.104 [Image-#1] Problem 2: ledger event `completion_summary_impossible_count` is the canonical key [0.22ms]
publish	Test and inspect the package	2026-10-05T18:06:37.9690730Z (pass) v0.34.104 [Image-#1] Problem 2: clean input early-returns before any ledger work [0.13ms]
publish	Test and inspect the package	2026-10-05T18:06:37.9691097Z 
publish	Test and inspect the package	2026-10-05T18:06:37.9691537Z ##[endgroup]
publish	Test and inspect the package	2026-10-05T18:06:37.9695965Z 
publish	Test and inspect the package	2026-10-05T18:06:37.9696317Z ##[group]tests/ui-polish.test.ts:
publish	Test and inspect the package	2026-10-05T18:06:38.2045679Z (pass) v0.38.89: unknownStatsArg strips the known stats tokens [0.52ms]
publish	Test and inspect the package	2026-10-05T18:06:38.2046398Z (pass) v0.38.89: stats header and unknown-arg usage share the /glla prefix [0.30ms]
publish	Test and inspect the package	2026-10-05T18:06:38.2047069Z (pass) v0.38.91: tool descriptions enumerate plan/audit/verify/add [0.16ms]
publish	Test and inspect the package	2026-10-05T18:06:38.2114666Z (pass) v0.38.89: /goal status card points at /goal timeline [6.59ms]
publish	Test and inspect the package	2026-10-05T18:06:38.2114963Z 
publish	Test and inspect the package	2026-10-05T18:06:38.2115223Z ##[endgroup]
publish	Test and inspect the package	2026-10-05T18:06:38.2118592Z 
publish	Test and inspect the package	2026-10-05T18:06:38.2118884Z ##[group]tests/long-running-modes-parked.test.ts:
publish	Test and inspect the package	2026-10-05T18:06:38.4158898Z (pass) fireReviewer emits a SECOND notify with the review file path after the cascade [0.28ms]
publish	Test and inspect the package	2026-10-05T18:06:38.4159781Z (pass) surface-notify branch is preceded by the existing manual-suppressed notify [0.15ms]
publish	Test and inspect the package	2026-10-05T18:06:38.4160608Z (pass) postaudit settings key takes precedence over legacy reviewer key (fireReviewer) [0.15ms]
publish	Test and inspect the package	2026-10-05T18:06:38.4161306Z (pass) Settings type accepts both reviewer and postaudit keys [0.20ms]
publish	Test and inspect the package	2026-10-05T18:06:38.4161868Z (pass) SETTINGS_KEYS includes postaudit and toolOverrides [0.04ms]
publish	Test and inspect the package	2026-10-05T18:06:38.4162408Z (pass) /glla postaudit opens the same menu as /glla reviewer (no behavioral split) [0.05ms]
publish	Test and inspect the package	2026-10-05T18:06:38.4162886Z (pass) /glla routes reviewer (legacy) and postaudit (new) without completion rows [0.17ms]
publish	Test and inspect the package	2026-10-05T18:06:38.4163538Z (pass) resolveReviewerConfig: postaudit and reviewer blocks merge equivalently [0.10ms]
publish	Test and inspect the package	2026-10-05T18:06:38.4164272Z (pass) goal-loop-continuation prompt carries the 0.27.5 chunk-near-context-full hint [0.10ms]
publish	Test and inspect the package	2026-10-05T18:06:38.4164648Z 
publish	Test and inspect the package	2026-10-05T18:06:38.4164995Z ##[endgroup]
publish	Test and inspect the package	2026-10-05T18:06:38.4414211Z 
publish	Test and inspect the package	2026-10-05T18:06:38.4415881Z ##[group]tests/answered-question-dispatch.test.ts:
publish	Test and inspect the package	2026-10-05T18:06:39.2175519Z (pass) v0.38.19 answered ask_user_question dispatches a continuation turn from a phantom-busy session [541.45ms]
publish	Test and inspect the package	2026-10-05T18:06:39.7274515Z (pass) v0.38.19 fresh stream keeps the wait path: no bypass into live thinking [509.90ms]
publish	Test and inspect the package	2026-10-05T18:06:40.3060220Z (pass) v0.38.19 a loaded followUp queue keeps the wait path even when silent [578.49ms]
publish	Test and inspect the package	2026-10-05T18:06:40.3060731Z 
publish	Test and inspect the package	2026-10-05T18:06:40.3061138Z ##[endgroup]
publish	Test and inspect the package	2026-10-05T18:06:40.3067363Z 
publish	Test and inspect the package	2026-10-05T18:06:40.3068061Z ##[group]tests/loop-write-signal.test.ts:
publish	Test and inspect the package	2026-10-05T18:06:40.5534538Z (pass) item 3: write/edit/multi_edit/write_file are the write-signal tools [0.38ms]
publish	Test and inspect the package	2026-10-05T18:06:40.5535437Z (pass) item 3: the tool_result handler bumps fileWrites via isLoopWriteTool [0.44ms]
publish	Test and inspect the package	2026-10-05T18:06:40.5537085Z (pass) item 2: the stuck dispatch calls isActuallyStuck (not detectLoopStuck directly) [0.16ms]
publish	Test and inspect the package	2026-10-05T18:06:40.5538160Z (pass) item 4: git commits are counted once per iteration from HEAD advance [0.06ms]
publish	Test and inspect the package	2026-10-05T18:06:40.5538782Z (pass) item 6: spec_item_progress events are counted from the ledger since iteration start [0.06ms]
publish	Test and inspect the package	2026-10-05T18:06:40.5539122Z 
publish	Test and inspect the package	2026-10-05T18:06:40.5539466Z ##[endgroup]
publish	Test and inspect the package	2026-10-05T18:06:40.5544070Z 
publish	Test and inspect the package	2026-10-05T18:06:40.5544676Z ##[group]tests/respec-builder-wiring.test.ts:
publish	Test and inspect the package	2026-10-05T18:06:40.9645631Z (pass) actual respec command and tools persist intended scope, batch and audit claim [166.01ms]
publish	Test and inspect the package	2026-10-05T18:06:40.9929335Z (pass) declining intended scope leaves the project drafting with no adopted requirements [30.28ms]
publish	Test and inspect the package	2026-10-05T18:06:41.0525064Z (pass) registered blocker and refinement tools preserve work and require consent to change scope [58.81ms]
publish	Test and inspect the package	2026-10-05T18:06:41.0548752Z 
publish	Test and inspect the package	2026-10-05T18:06:41.0553392Z ##[endgroup]
publish	Test and inspect the package	2026-10-05T18:06:41.0553644Z 
publish	Test and inspect the package	2026-10-05T18:06:41.0554033Z ##[group]tests/state-root-owner.test.ts:
publish	Test and inspect the package	2026-10-05T18:06:41.2895263Z (pass) normalizeOwnerAt tolerates number and ISO, rejects garbage [39.07ms]
publish	Test and inspect the package	2026-10-05T18:06:41.2997564Z (pass) looksLikePi admits pi hosts, refuses sleep, abstains on unknown [10.32ms]
publish	Test and inspect the package	2026-10-05T18:06:41.3092783Z (pass) classifyOwner covers the full matrix [9.52ms]
publish	Test and inspect the package	2026-10-05T18:06:41.3189651Z (pass) describeOwner returns null for self, shape for foreign [9.62ms]
publish	Test and inspect the package	2026-10-05T18:06:41.3327088Z (pass) takeover with no record claims silently [13.73ms]
publish	Test and inspect the package	2026-10-05T18:06:41.3440260Z (pass) takeover of a dead owner reclaims without signaling [11.32ms]
publish	Test and inspect the package	2026-10-05T18:06:41.3548388Z (pass) takeover of self reclaims (same-process sessions always win) [10.75ms]
publish	Test and inspect the package	2026-10-05T18:06:41.4902365Z (pass) live owner without confirm returns needs-confirm and touches nothing [135.34ms]
publish	Test and inspect the package	2026-10-05T18:06:41.6277486Z (pass) confirmed takeover of a non-pi process is refused, survivor unclaimed [137.50ms]
publish	Test and inspect the package	2026-10-05T18:06:42.1073842Z (pass) confirmed takeover SIGTERMs a pi-shaped owner, verifies exit, claims [479.60ms]
publish	Test and inspect the package	2026-10-05T18:06:42.6469474Z (pass) owner surviving SIGTERM is never claimed [539.54ms]
publish	Test and inspect the package	2026-10-05T18:06:42.7893125Z (pass) recycled pid is unlinked without signaling the innocent occupant [142.34ms]
publish	Test and inspect the package	2026-10-05T18:06:42.9537037Z [run-tests] progress: 360s elapsed · 0s since last output · 194 KiB of suite output
publish	Test and inspect the package	2026-10-05T18:06:42.9612850Z (pass) heartbeat refresh is throttled and owner-scoped [172.08ms]
publish	Test and inspect the package	2026-10-05T18:06:43.2200429Z (pass) /glla owner reports unclaimed / self / live holder [258.68ms]
publish	Test and inspect the package	2026-10-05T18:06:43.2321909Z (pass) /glla takeover end to end reclaims a dead root via command [12.12ms]
publish	Test and inspect the package	2026-10-05T18:06:43.3670890Z (pass) /glla takeover aborts on dismissed confirm without signaling [134.77ms]
publish	Test and inspect the package	2026-10-05T18:06:43.3769579Z (pass) source pins the new escape hatches on both read-only warnings [9.95ms]
publish	Test and inspect the package	2026-10-05T18:06:43.5121981Z (pass) audit-2026-09-06: takeover re-verifies the occupant at signal time [135.18ms]
publish	Test and inspect the package	2026-10-05T18:06:43.5122400Z 
publish	Test and inspect the package	2026-10-05T18:06:43.5126586Z ##[endgroup]
publish	Test and inspect the package	2026-10-05T18:06:43.5126732Z 
publish	Test and inspect the package	2026-10-05T18:06:43.5126997Z ##[group]tests/retry-bounds.test.ts:
publish	Test and inspect the package	2026-10-05T18:06:43.7727092Z (pass) E2: persisted auditInfraStreak field (type + schema) [23.90ms]
publish	Test and inspect the package	2026-10-05T18:06:43.7736318Z (pass) E2: auditor infra errors enter the durable bounded retry plan (v0.34.51 — no 3-strike stop) [1.12ms]
publish	Test and inspect the package	2026-10-05T18:06:43.7784098Z (pass) main recovery remains unbounded but auditor retries retain their fixed horizon [4.81ms]
publish	Test and inspect the package	2026-10-05T18:06:43.7789999Z (pass) v0.36.0: aggressive auditor disapprovals become durable TODOs and stop on repeated no-progress [0.61ms]
publish	Test and inspect the package	2026-10-05T18:06:43.7792015Z (pass) E3: send-retry re-arms counted, ledgered, escalated [0.21ms]
publish	Test and inspect the package	2026-10-05T18:06:43.7794157Z (pass) v0.28.29: busy-retry cadence backs off (no more flat 50ms spins) [0.18ms]
publish	Test and inspect the package	2026-10-05T18:06:43.7799338Z (pass) v0.28.29: escalation is TIME-based and ACTIVITY-gated (busy ≠ wedged — the polis false positive) [0.50ms]
publish	Test and inspect the package	2026-10-05T18:06:43.7805676Z (pass) E3: provider-held send storms enter durable main-model recovery [0.67ms]
publish	Test and inspect the package	2026-10-05T18:06:43.7818798Z (pass) E8: the error brake carries the REAL error text, not stopReason [1.28ms]
publish	Test and inspect the package	2026-10-05T18:06:43.7825394Z (pass) v0.34.26: output-token-limit provider errors are classified as a deterministic wall, not a flake [0.67ms]
publish	Test and inspect the package	2026-10-05T18:06:43.7826420Z (pass) v0.34.36: a loop whose continuation never starts is durably stopped and resumable [0.07ms]
publish	Test and inspect the package	2026-10-05T18:06:43.7828597Z (pass) v0.34.51: stored-claim auditor retries enter the durable plan on ANY infra error [0.26ms]
publish	Test and inspect the package	2026-10-05T18:06:43.7836164Z (pass) v0.34.26: length-continue exhaustion is a durable paused state, not a transient notify [0.75ms]
publish	Test and inspect the package	2026-10-05T18:06:43.7844542Z (pass) E8: user aborts braked SEPARATELY — honest message, no auto-resume [0.83ms]
publish	Test and inspect the package	2026-10-05T18:06:43.7855021Z (pass) E8: provider-error brake gets ONE capped escalating auto-resume with reason re-check (v0.28.25) [1.04ms]
publish	Test and inspect the package	2026-10-05T18:06:43.7862092Z (pass) v0.28.25: inter-error retries ride an exponential ladder, not the immediate continuation [0.70ms]
publish	Test and inspect the package	2026-10-05T18:06:43.7876116Z (pass) v0.28.26: quota-blocked audits store the claim + the retry re-runs the AUDITOR directly (no agent turn) [1.39ms]
publish	Test and inspect the package	2026-10-05T18:06:43.7878181Z (pass) v0.28.26: pendingCompletion typed + schematized [0.22ms]
publish	Test and inspect the package	2026-10-05T18:06:43.7878427Z 
publish	Test and inspect the package	2026-10-05T18:06:43.7878778Z ##[endgroup]
publish	Test and inspect the package	2026-10-05T18:06:43.7883539Z 
publish	Test and inspect the package	2026-10-05T18:06:43.7883825Z ##[group]tests/goal-loop-dispatch.test.ts:
publish	Test and inspect the package	2026-10-05T18:06:43.9859427Z (pass) dispatch starts prepared and only accepted records can time out [0.17ms]
publish	Test and inspect the package	2026-10-05T18:06:43.9862911Z (pass) start proof is generation/owner-bound and prompt matching is exact to the attempt marker [0.07ms]
publish	Test and inspect the package	2026-10-05T18:06:43.9863688Z (pass) dispatch sidecar is atomic and recoverable across a session boundary [0.77ms]
publish	Test and inspect the package	2026-10-05T18:06:43.9864007Z (pass) corrupt or unknown sidecar records are ignored [0.23ms]
publish	Test and inspect the package	2026-10-05T18:06:43.9864191Z 
publish	Test and inspect the package	2026-10-05T18:06:43.9864460Z ##[endgroup]
publish	Test and inspect the package	2026-10-05T18:06:44.0144493Z 
publish	Test and inspect the package	2026-10-05T18:06:44.0145805Z ##[group]tests/respec-builder.test.ts:
publish	Test and inspect the package	2026-10-05T18:06:44.2041983Z (pass) replanning receives the missing contract evidence when semantic approval is rejected [0.59ms]
publish	Test and inspect the package	2026-10-05T18:06:44.2043706Z (pass) task completion is only a claim; approving one batch leaves the project unfinished [0.25ms]
publish	Test and inspect the package	2026-10-05T18:06:44.2047578Z (pass) failed, contradictory and infrastructure verdicts cannot close requirements [0.13ms]
publish	Test and inspect the package	2026-10-05T18:06:44.2048297Z (pass) stale worker results and incomplete batches cannot trigger settlement [0.48ms]
publish	Test and inspect the package	2026-10-05T18:06:44.2048989Z (pass) blocked requirements stay unfinished and visible through planning and serialization [0.27ms]
publish	Test and inspect the package	2026-10-05T18:06:44.2049593Z (pass) draft adoption rejects empty criteria and ignores supplied agent verification status [0.13ms]
publish	Test and inspect the package	2026-10-05T18:06:44.2346065Z (pass) increment audits carry acceptance criteria and regressions into the production auditor prompt [29.57ms]
publish	Test and inspect the package	2026-10-05T18:06:44.2346810Z (pass) scope refinement invalidates in-flight claims and records explicit removals [0.24ms]
publish	Test and inspect the package	2026-10-05T18:06:44.2348639Z (pass) blocking a batch retains its work and unblocking requires a concrete reason [0.18ms]
publish	Test and inspect the package	2026-10-05T18:06:44.2350362Z (pass) a negative regression audit reopens earlier capabilities instead of displaying stale verification [0.16ms]
publish	Test and inspect the package	2026-10-05T18:06:44.2350728Z 
publish	Test and inspect the package	2026-10-05T18:06:44.2351070Z ##[endgroup]
publish	Test and inspect the package	2026-10-05T18:06:44.2355378Z 
publish	Test and inspect the package	2026-10-05T18:06:44.2355667Z ##[group]tests/loop-forever.test.ts:
publish	Test and inspect the package	2026-10-05T18:06:44.4288647Z (pass) isLifecycleHeldLoopReason separates recoverable lifecycle holds from deliberate/safety stops [0.21ms]
publish	Test and inspect the package	2026-10-05T18:06:44.4289450Z (pass) parseMetric: plain integer [0.04ms]
publish	Test and inspect the package	2026-10-05T18:06:44.4290116Z (pass) parseMetric: number inside text [0.02ms]
publish	Test and inspect the package	2026-10-05T18:06:44.4290717Z (pass) parseMetric: negative + scientific [0.01ms]
publish	Test and inspect the package	2026-10-05T18:06:44.4291781Z (pass) parseMetric: no number → null (broken measure is a stall, not a crash) [0.01ms]
publish	Test and inspect the package	2026-10-05T18:06:44.4292731Z (pass) parseMetric: takes the FIRST number
publish	Test and inspect the package	2026-10-05T18:06:44.4293131Z (pass) isImprovement: first value is always baseline [0.03ms]
publish	Test and inspect the package	2026-10-05T18:06:44.4293375Z (pass) isImprovement: min direction [0.01ms]
publish	Test and inspect the package	2026-10-05T18:06:44.4293584Z (pass) isImprovement: max direction [0.02ms]
publish	Test and inspect the package	2026-10-05T18:06:44.4294025Z (pass) v0.29.10 — applyMeasurement: null best (deferred audit baseline) seeds on first real measurement [0.32ms]
publish	Test and inspect the package	2026-10-05T18:06:44.4294604Z (pass) v0.35.31 exemption pin — audit flats count toward plateau from the start; non-audit pre-movement flats stay free [0.30ms]
publish	Test and inspect the package	2026-10-05T18:06:44.4596099Z (pass) v0.35.31 exemption pin — an audit loop never gets the 'metric never moved' stop [30.07ms]
publish	Test and inspect the package	2026-10-05T18:06:44.4620819Z (pass) v0.29.10 — audit loop source pins: deferred baseline, true-regression note, live-loop reseed migration [2.62ms]
publish	Test and inspect the package	2026-10-05T18:06:44.4621661Z (pass) applyMeasurement: improvement resets stall, records best [0.08ms]
publish	Test and inspect the package	2026-10-05T18:06:44.4622311Z (pass) applyMeasurement: non-improvement increments stall [0.04ms]
publish	Test and inspect the package	2026-10-05T18:06:44.4623017Z (pass) applyMeasurement: broken measure (null) is NOT a stall — tracked separately (E5) [0.04ms]
publish	Test and inspect the package	2026-10-05T18:06:44.4623748Z (pass) applyMeasurement: a numeric value resets the null streak (E5) [0.03ms]
publish	Test and inspect the package	2026-10-05T18:06:44.4624541Z (pass) applyMeasurement: plateauWindow consecutive nulls stop with 'measure command broken', NOT plateau (E5) [0.15ms]
publish	Test and inspect the package	2026-10-05T18:06:44.4625304Z (pass) applyMeasurement: an interleaved null does not move the real stall count (E5) [0.06ms]
publish	Test and inspect the package	2026-10-05T18:06:44.4625886Z (pass) applyMeasurement: plateau stops the loop [0.03ms]
publish	Test and inspect the package	2026-10-05T18:06:44.4627178Z (pass) v0.35.31 — a never-moved zero baseline does not false-plateau a working min loop [0.22ms]
publish	Test and inspect the package	2026-10-05T18:06:44.4628437Z (pass) v0.35.31 — the never-moved grace is bounded by a loud distinct stop [0.11ms]
publish	Test and inspect the package	2026-10-05T18:06:44.4629318Z (pass) v0.35.31 — a resumed run whose best differs from its first reading still plateaus honestly [0.04ms]
publish	Test and inspect the package	2026-10-05T18:06:44.4630397Z (pass) applyMeasurement: max iterations stops the loop [0.09ms]
publish	Test and inspect the package	2026-10-05T18:06:44.4630968Z (pass) applyMeasurement: plateau wins over cap when both hit [0.05ms]
publish	Test and inspect the package	2026-10-05T18:06:44.4634296Z (pass) applyMeasurement: history is capped at 200 [0.11ms]
publish	Test and inspect the package	2026-10-05T18:06:44.4634766Z (pass) parseLoopStartArgs: full form [0.16ms]
publish	Test and inspect the package	2026-10-05T18:06:44.4635242Z (pass) parseLoopStartArgs: defaults for window and max [0.06ms]
publish	Test and inspect the package	2026-10-05T18:06:44.4635685Z (pass) parseLoopStartArgs: unquoted target works [0.03ms]
publish	Test and inspect the package	2026-10-05T18:06:44.4636299Z (pass) parseLoopStartArgs: bare start (no measure=) is the infinite metricless form (v0.23.6) [0.04ms]
publish	Test and inspect the package	2026-10-05T18:06:44.4639313Z (pass) parseLoopStartArgs: direction= without a measure throws [0.48ms]
publish	Test and inspect the package	2026-10-05T18:06:44.4640030Z (pass) parseLoopStartArgs: missing direction throws [0.08ms]
publish	Test and inspect the package	2026-10-05T18:06:44.4640703Z (pass) parseLoopStartArgs: missing target throws [0.06ms]
publish	Test and inspect the package	2026-10-05T18:06:44.4641392Z (pass) parseLoopStartArgs: measure with pipes/quotes survives [0.06ms]
publish	Test and inspect the package	2026-10-05T18:06:44.4641973Z (pass) parseLoopStartArgs: branch flag off by default [0.04ms]
publish	Test and inspect the package	2026-10-05T18:06:44.4642579Z (pass) parseLoopStartArgs: branch=1 / branch=true enable branch mode [0.08ms]
publish	Test and inspect the package	2026-10-05T18:06:44.4643558Z (pass) applyMeasurement: time bound stops when elapsed hours exceeded [0.10ms]
publish	Test and inspect the package	2026-10-05T18:06:44.4644195Z (pass) applyMeasurement: time bound does not stop before the limit [0.05ms]
publish	Test and inspect the package	2026-10-05T18:06:44.4646416Z (pass) applyMeasurement: token budget stops when exhausted [0.19ms]
publish	Test and inspect the package	2026-10-05T18:06:44.4647032Z (pass) applyMeasurement: no bound = process never 'completes' (v0.15.0) [0.03ms]
publish	Test and inspect the package	2026-10-05T18:06:44.4647788Z (pass) parseLoopStartArgs: done= throws a teaching error (v0.15.0) [0.13ms]
publish	Test and inspect the package	2026-10-05T18:06:44.4650004Z (pass) parseLoopStartArgs: time=, tokens=, and cadence= parse as bounded controls [0.18ms]
publish	Test and inspect the package	2026-10-05T18:06:44.4650874Z (pass) parseLoopStartArgs: force flag off by default, on with 1/true [0.09ms]
publish	Test and inspect the package	2026-10-05T18:06:44.4651864Z (pass) loopBranchName: format is pi-glla-loop/<timestamp>-<slug> [0.06ms]
publish	Test and inspect the package	2026-10-05T18:06:44.4652680Z (pass) loopBranchName: empty slug falls back to 'loop' [0.05ms]
publish	Test and inspect the package	2026-10-05T18:06:44.4653188Z (pass) loopBranchName: slug is capped at 30 chars [0.07ms]
publish	Test and inspect the package	2026-10-05T18:06:44.4653737Z (pass) applyRefinement: target-only change keeps baseline and stall state [0.10ms]
publish	Test and inspect the package	2026-10-05T18:06:44.4654230Z (pass) applyRefinement: measure change re-baselines and resets stall [0.05ms]
publish	Test and inspect the package	2026-10-05T18:06:44.4654896Z (pass) parseLoopStartArgs: measure=none yields a metricless config [0.07ms]
publish	Test and inspect the package	2026-10-05T18:06:44.4655622Z (pass) parseLoopStartArgs: measure=NONE is case-insensitive [0.07ms]
publish	Test and inspect the package	2026-10-05T18:06:44.4656357Z (pass) parseLoopStartArgs: direction with measure=none throws [0.07ms]
publish	Test and inspect the package	2026-10-05T18:06:44.4657008Z (pass) parseLoopStartArgs: explicit max= caps even a metricless loop [0.04ms]
publish	Test and inspect the package	2026-10-05T18:06:44.4658106Z (pass) parseLoopStartArgs: max=0 = truly unbounded; absent max = 50 [0.04ms]
publish	Test and inspect the package	2026-10-05T18:06:44.4659188Z (pass) applyMetriclessTick: iterates without plateau and never improves [0.12ms]
publish	Test and inspect the package	2026-10-05T18:06:44.4661646Z (pass) applyMetriclessTick: max iterations still stops the loop [0.27ms]
publish	Test and inspect the package	2026-10-05T18:06:44.4662994Z (pass) applyMetriclessTick: time and token bounds still stop the loop [0.13ms]
publish	Test and inspect the package	2026-10-05T18:06:44.4665665Z (pass) v0.35.72: all loop measure entry points are bounded and reject failed numeric output [0.25ms]
publish	Test and inspect the package	2026-10-05T18:06:44.4669520Z (pass) applyMeasurement: max=0 = no iteration cap for measured loops either [0.10ms]
publish	Test and inspect the package	2026-10-05T18:06:44.4671177Z (pass) resolveSpecFile: finds SPEC.md in root, prefers it over spec.md [0.42ms]
publish	Test and inspect the package	2026-10-05T18:06:44.4674213Z (pass) resolveSpecFile: spec.md fallback; null when absent; root only (no subdir crawl) [0.29ms]
publish	Test and inspect the package	2026-10-05T18:06:44.4675787Z (pass) respecTarget: names the spec, Rules binding, rest follows code, rotates implement/audit [0.16ms]
publish	Test and inspect the package	2026-10-05T18:06:44.4676568Z (pass) respecTarget bootstrapping: big draft first, then reconcile [0.06ms]
publish	Test and inspect the package	2026-10-05T18:06:44.4679925Z (pass) resolveSpecFiles: returns all root specs in priority order (v0.24.4) [0.32ms]
publish	Test and inspect the package	2026-10-05T18:06:44.4680770Z (pass) parseLoopStartArgs: toolsamerepeat=N parses; 0 disables the legacy check [0.11ms]
publish	Test and inspect the package	2026-10-05T18:06:44.4709867Z (pass) v0.29.0: /loop audit — metric loop over open findings; plateau = the well is dry [2.84ms]
publish	Test and inspect the package	2026-10-05T18:06:44.4746114Z (pass) v0.35.4: auditMeasureCmd counts closed FIX findings only (DECIDED/DEFERRED excluded) [3.61ms]
publish	Test and inspect the package	2026-10-05T18:06:44.4750500Z (pass) v0.35.4: countOpenAuditFindings/topOpenAuditFinding tolerate aligned open boxes [0.46ms]
publish	Test and inspect the package	2026-10-05T18:06:44.4778239Z (pass) v0.38.33: indented boxes count and queue identically across all four readers [2.67ms]
publish	Test and inspect the package	2026-10-05T18:06:44.4782146Z (pass) v0.38.33: topOpenAuditFinding strips the indent, never the text [0.46ms]
publish	Test and inspect the package	2026-10-05T18:06:44.4784957Z (pass) L7: countCheckedSpecItems counts indented boxes like its siblings [0.29ms]
publish	Test and inspect the package	2026-10-05T18:06:44.4786014Z (pass) L6 (pin): a fired loop timer clears its handle before any early return [0.11ms]
publish	Test and inspect the package	2026-10-05T18:06:44.4786747Z (pass) L5 (pin): the loop-turn send and retry payload share one prompt build [0.09ms]
publish	Test and inspect the package	2026-10-05T18:06:44.4788383Z (pass) v0.35.4: parseLoopStartArgs keeps =-bearing text inside quotes and restores unknown keys [0.13ms]
publish	Test and inspect the package	2026-10-05T18:06:44.4790393Z (pass) v0.35.42 — the flat-reading grace applies in a NEW measure era despite old-era improvements [0.18ms]
publish	Test and inspect the package	2026-10-05T18:06:44.4791369Z (pass) v0.35.42 — a dead NEW metric still earns its never-moved stop after a refine [0.12ms]
publish	Test and inspect the package	2026-10-05T18:06:44.4791658Z 
publish	Test and inspect the package	2026-10-05T18:06:44.4791999Z ##[endgroup]
publish	Test and inspect the package	2026-10-05T18:06:44.4796790Z 
publish	Test and inspect the package	2026-10-05T18:06:44.4797221Z ##[group]tests/audit-unsettled-treadmill-cap.test.ts:
publish	Test and inspect the package	2026-10-05T18:06:44.6767107Z (pass) countTrailingUnsettledRounds — all verdict classes > counts disapprovals, and an approval breaks the streak [0.34ms]
publish	Test and inspect the package	2026-10-05T18:06:44.6768154Z (pass) countTrailingUnsettledRounds — all verdict classes > counts a regression-shield block, which the disapproval cap cannot see [0.09ms]
publish	Test and inspect the package	2026-10-05T18:06:44.6769591Z (pass) countTrailingUnsettledRounds — all verdict classes > counts an IMPOSSIBLE(partial) verdict [0.07ms]
publish	Test and inspect the package	2026-10-05T18:06:44.6770825Z (pass) countTrailingUnsettledRounds — all verdict classes > an infra error is transparent; a clean approval of a shielded round is NOT [0.05ms]
publish	Test and inspect the package	2026-10-05T18:06:44.6771921Z (pass) countTrailingUnsettledRounds — all verdict classes > a mechanical pre-audit gate row stays transparent [0.10ms]
publish	Test and inspect the package	2026-10-05T18:06:44.6772854Z (pass) grader alternation no longer defeats the hard cap > an alternating primary/fallback streak is detected as unstable [0.07ms]
publish	Test and inspect the package	2026-10-05T18:06:44.6773726Z (pass) grader alternation no longer defeats the hard cap > a single-grader streak is still reported stable [0.04ms]
publish	Test and inspect the package	2026-10-05T18:06:45.3352980Z (pass) regression shield — the branch the cap could not see > shield blocks pause at the hard cap instead of re-continuing forever [659.40ms]
publish	Test and inspect the package	2026-10-05T18:06:45.3353499Z 
publish	Test and inspect the package	2026-10-05T18:06:45.3353878Z ##[endgroup]
publish	Test and inspect the package	2026-10-05T18:06:45.3354942Z 
publish	Test and inspect the package	2026-10-05T18:06:45.3355235Z ##[group]tests/post-drafting-stuck.test.ts:
publish	Test and inspect the package	2026-10-05T18:06:45.5727056Z (pass) post-drafting: complete_goal storage failure returns an error, never a wait narrative [48.93ms]
publish	Test and inspect the package	2026-10-05T18:06:45.7320250Z (pass) post-drafting: resume_goal resumes a paused auditor-retry list item [158.37ms]
publish	Test and inspect the package	2026-10-05T18:06:45.7695080Z (pass) post-drafting: auditor retry waits after the eager probe are capped at 15 minutes [39.83ms]
publish	Test and inspect the package	2026-10-05T18:06:45.7696945Z (pass) post-drafting: recovery-wait surfaces name resume_goal as the agent path [0.36ms]
publish	Test and inspect the package	2026-10-05T18:06:45.7697272Z 
publish	Test and inspect the package	2026-10-05T18:06:45.7697620Z ##[endgroup]
publish	Test and inspect the package	2026-10-05T18:06:45.7697734Z 
publish	Test and inspect the package	2026-10-05T18:06:45.7729356Z ##[group]tests/test-split.test.ts:
publish	Test and inspect the package	2026-10-05T18:06:45.9940518Z (pass) test-split: every slow-listed file exists and is a test file [30.44ms]
publish	Test and inspect the package	2026-10-05T18:06:45.9943267Z (pass) test-split: fast mode excludes via one ignore pattern per slow file [0.31ms]
publish	Test and inspect the package	2026-10-05T18:06:45.9943813Z (pass) test-split: explicit paths drop the ignore patterns [0.07ms]
publish	Test and inspect the package	2026-10-05T18:06:45.9944143Z (pass) test-split: slow mode names the files; all mode passes through [0.10ms]
publish	Test and inspect the package	2026-10-05T18:06:45.9944471Z (pass) runner: the stall window is bounded and overridable [0.10ms]
publish	Test and inspect the package	2026-10-05T18:06:45.9944788Z (pass) runner: silence past the window stalls, progress resets the clock [0.06ms]
publish	Test and inspect the package	2026-10-05T18:06:45.9945109Z (pass) runner: the wrapper owns its child (no orphan on abort) [0.19ms]
publish	Test and inspect the package	2026-10-05T18:06:45.9945448Z (pass) runner: the hand-written .d.mts declares every runtime export (drift guard) [0.31ms]
publish	Test and inspect the package	2026-10-05T18:06:46.0471825Z (pass) v0.38.104: the suite child is detached so the documented group-kill is real [52.84ms]
publish	Test and inspect the package	2026-10-05T18:06:46.1553622Z (pass) v0.38.104: the release gate runs the hardened runner, and CI bounds both jobs [108.19ms]
publish	Test and inspect the package	2026-10-05T18:06:46.1604864Z (pass) v0.38.104: no test gates itself on the removed @tintinweb fork [5.19ms]
publish	Test and inspect the package	2026-10-05T18:06:46.1605494Z (pass) v0.38.104: tests/README.md does not claim npm test runs the whole suite [0.20ms]
publish	Test and inspect the package	2026-10-05T18:06:46.1605826Z 
publish	Test and inspect the package	2026-10-05T18:06:46.1606172Z ##[endgroup]
publish	Test and inspect the package	2026-10-05T18:06:46.1610772Z 
publish	Test and inspect the package	2026-10-05T18:06:46.1611351Z ##[group]tests/repair-source-consume-durability.test.ts:
publish	Test and inspect the package	2026-10-05T18:06:46.3883826Z (pass) failed repair-source deletion restores the durable repair link [41.05ms]
publish	Test and inspect the package	2026-10-05T18:06:46.3884226Z 
publish	Test and inspect the package	2026-10-05T18:06:46.3884582Z ##[endgroup]
publish	Test and inspect the package	2026-10-05T18:06:46.3885939Z 
publish	Test and inspect the package	2026-10-05T18:06:46.3886272Z ##[group]tests/owner-file-protocol.test.ts:
publish	Test and inspect the package	2026-10-05T18:06:46.6087380Z (pass) Windows replacement retries a sharing violation without unlinking the previous owner [19.15ms]
publish	Test and inspect the package	2026-10-05T18:06:47.7082663Z (pass) competing Node processes serialize owner mutations and publish only complete records [1099.56ms]
publish	Test and inspect the package	2026-10-05T18:06:47.8322403Z (pass) a live mutation times out contenders; SIGKILL recovery never removes a successor lock [123.64ms]
publish	Test and inspect the package	2026-10-05T18:06:47.8612587Z (pass) Windows participant read retries denial but preserves malformed-record refusal [29.23ms]
publish	Test and inspect the package	2026-10-05T18:06:47.8613774Z 
publish	Test and inspect the package	2026-10-05T18:06:47.8614360Z ##[endgroup]
publish	Test and inspect the package	2026-10-05T18:06:47.8618267Z 
publish	Test and inspect the package	2026-10-05T18:06:47.8618495Z ##[group]tests/repair-card-loop-block.test.ts:
publish	Test and inspect the package	2026-10-05T18:06:48.3301166Z (pass) v0.35.22: activating a queued item under a LIVE loop refuses LOUDLY — warning names the queued item and the way out [262.28ms]
publish	Test and inspect the package	2026-10-05T18:06:48.7742634Z (pass) v0.35.22: when the loop ends, the blocked item becomes startable — /loop stop advances the queue [444.03ms]
publish	Test and inspect the package	2026-10-05T18:06:49.0766385Z (pass) v0.35.41: the stuck-ladder stop also announces queued-list resumption [302.52ms]
publish	Test and inspect the package	2026-10-05T18:06:50.2650366Z (pass) v0.35.41: the provider-error cap stop also announces queued-list resumption [1188.37ms]
publish	Test and inspect the package	2026-10-05T18:06:50.2650768Z 
publish	Test and inspect the package	2026-10-05T18:06:50.2651108Z ##[endgroup]
publish	Test and inspect the package	2026-10-05T18:06:50.2653169Z 
publish	Test and inspect the package	2026-10-05T18:06:50.2653540Z ##[group]tests/draft-template-failure.test.ts:
publish	Test and inspect the package	2026-10-05T18:06:50.4503721Z (pass) drafting gate is claimed only after prompt construction [0.35ms]
publish	Test and inspect the package	2026-10-05T18:06:50.4504579Z (pass) the post-claim model failure still clears drafting state before rethrow [0.13ms]
publish	Test and inspect the package	2026-10-05T18:06:50.4504921Z 
publish	Test and inspect the package	2026-10-05T18:06:50.4505393Z ##[endgroup]
publish	Test and inspect the package	2026-10-05T18:06:50.4825754Z 
publish	Test and inspect the package	2026-10-05T18:06:50.4827041Z ##[group]tests/main-model-recovery.test.ts:
publish	Test and inspect the package	2026-10-05T18:06:50.6719238Z (pass) main model refs preserve order, dedupe, and support nested model ids [0.24ms]
publish	Test and inspect the package	2026-10-05T18:06:50.6724285Z (pass) main model fallback candidates are ordered and never retried in a cycle [0.13ms]
publish	Test and inspect the package	2026-10-05T18:06:50.6724820Z (pass) main fallback settings dedupe case-insensitively and cap the chain at ten [0.14ms]
publish	Test and inspect the package	2026-10-05T18:06:50.7087784Z (pass) runtime fallback walk uses one supervised model at a time and preserves left-to-right order [37.47ms]
publish	Test and inspect the package	2026-10-05T18:06:50.7112371Z (pass) successful fallback turns keep the preferred primary and fail back after a supervised probe [2.58ms]
publish	Test and inspect the package	2026-10-05T18:06:50.7116599Z (pass) sticky failback preserves the old fallback-settles behavior [0.47ms]
publish	Test and inspect the package	2026-10-05T18:06:50.7118551Z (pass) in-band provider output is recognized only for strong repeated-pane markers [0.18ms]
publish	Test and inspect the package	2026-10-05T18:06:50.7120244Z (pass) the explicit Codex prompt-policy event is terminal, while lookalike text remains generic [0.19ms]
publish	Test and inspect the package	2026-10-05T18:06:50.7121372Z (pass) main model errors stay opaque to the recovery policy [0.12ms]
publish	Test and inspect the package	2026-10-05T18:06:50.7124089Z (pass) main model recovery backs off without giving up [0.26ms]
publish	Test and inspect the package	2026-10-05T18:06:50.7124678Z (pass) main recovery requirements are generic across provider wording [0.04ms]
publish	Test and inspect the package	2026-10-05T18:06:50.7125004Z 
publish	Test and inspect the package	2026-10-05T18:06:50.7125467Z ##[endgroup]
publish	Test and inspect the package	2026-10-05T18:06:50.7129742Z 
publish	Test and inspect the package	2026-10-05T18:06:50.7130107Z ##[group]tests/respec-builder-audit-runtime.test.ts:
publish	Test and inspect the package	2026-10-05T18:06:50.9359571Z (pass) a stale audit wake does not resolve a model or launch a worker [37.83ms]
publish	Test and inspect the package	2026-10-05T18:06:50.9809293Z (pass) a time bound cancels an in-flight worker and retains unfinished requirements [44.20ms]
publish	Test and inspect the package	2026-10-05T18:06:51.0529570Z (pass) real detached protocol approval archives the intended project before terminal handoff [69.88ms]
publish	Test and inspect the package	2026-10-05T18:06:51.0999878Z (pass) real detached disapproval carries findings into a durable unfinished next cycle [48.21ms]
publish	Test and inspect the package	2026-10-05T18:06:51.1539335Z (pass) a semantic approval rejected by the regression shield reports needs work [53.83ms]
publish	Test and inspect the package	2026-10-05T18:06:51.4342625Z (pass) completed job is recovered after reloading an unsettled claim without another spawn [282.08ms]
publish	Test and inspect the package	2026-10-05T18:06:51.5607625Z (pass) pausing during an actual worker run prevents late approval from settling the project [126.46ms]
publish	Test and inspect the package	2026-10-05T18:06:51.6708787Z (pass) archive failure preserves approval evidence for settlement retry instead of launching another audit [110.05ms]
publish	Test and inspect the package	2026-10-05T18:06:51.8816873Z (pass) concurrent wake paths dispatch only one worker for the exact durable claim [210.84ms]
publish	Test and inspect the package	2026-10-05T18:06:52.2132497Z (pass) respec uses the shared bounded retry/fallback policy and journals its candidate cursor [331.55ms]
publish	Test and inspect the package	2026-10-05T18:06:52.2140761Z (pass) an exhausted token bound holds the project before spawning an auditor or claiming completion [1.00ms]
publish	Test and inspect the package	2026-10-05T18:06:54.0452462Z (pass) actual project lifecycle reaches detached verification through agent_end [1830.84ms]
publish	Test and inspect the package	2026-10-05T18:06:55.9988857Z (pass) actual project lifecycle reaches detached verification through /glla resume of a stalled audit [1953.70ms]
publish	Test and inspect the package	2026-10-05T18:06:56.1977658Z (pass) terminal summary delivery failure preserves a replayable durable summary [198.92ms]
publish	Test and inspect the package	2026-10-05T18:06:56.1990154Z (pass) a failed builder journal commit restores the complete prior RAM state [1.42ms]
publish	Test and inspect the package	2026-10-05T18:06:56.1996241Z (pass) a supervisor freeze prevents a new project audit dispatch [0.61ms]
publish	Test and inspect the package	2026-10-05T18:06:56.4349062Z (pass) rapid pause/resume discards the cancelled worker result and rearms the saved claim [235.00ms]
publish	Test and inspect the package	2026-10-05T18:06:56.5451719Z (pass) an undelivered project summary survives replacement by a new project [110.27ms]
publish	Test and inspect the package	2026-10-05T18:06:56.6518274Z (pass) freezing supervision between auditor attempts prevents retry and fallback dispatch [106.60ms]
publish	Test and inspect the package	2026-10-05T18:06:56.7644801Z (pass) a corrupt summary outbox prevents terminal handoff and retains approved job evidence [112.66ms]
publish	Test and inspect the package	2026-10-05T18:06:56.7645142Z 
publish	Test and inspect the package	2026-10-05T18:06:56.7645421Z ##[endgroup]
publish	Test and inspect the package	2026-10-05T18:06:56.7647483Z 
publish	Test and inspect the package	2026-10-05T18:06:56.7647781Z ##[group]tests/audit-loop-state-root.test.ts:
publish	Test and inspect the package	2026-10-05T18:06:57.0032957Z (pass) sessionDir audit target, measure, and findings helper name the selected file [32.55ms]
publish	Test and inspect the package	2026-10-05T18:06:57.0033736Z 
publish	Test and inspect the package	2026-10-05T18:06:57.0034242Z ##[endgroup]
publish	Test and inspect the package	2026-10-05T18:06:57.0035315Z 
publish	Test and inspect the package	2026-10-05T18:06:57.0035646Z ##[group]tests/subagent-model-override.test.ts:
publish	Test and inspect the package	2026-10-05T18:06:57.2381497Z (pass) current package roles are the model override surface [0.40ms]
publish	Test and inspect the package	2026-10-05T18:06:57.2385914Z (pass) build: current scout definition is preserved and uses current frontmatter names [0.60ms]
publish	Test and inspect the package	2026-10-05T18:06:57.2391228Z (pass) build: an explicit worker pin preserves its complete upstream definition [0.50ms]
publish	Test and inspect the package	2026-10-05T18:06:57.2394567Z (pass) build: unknown agent name throws [0.40ms]
publish	Test and inspect the package	2026-10-05T18:06:57.2401025Z (pass) sync: no upstream model pin means only the GLLA Designer role is created [0.59ms]
publish	Test and inspect the package	2026-10-05T18:06:57.2407270Z (pass) sync: explicit current-role pin wins over strategy and is idempotent [0.63ms]
publish	Test and inspect the package	2026-10-05T18:06:57.2412711Z (pass) sync: clearing a current-role pin removes only GLLA-owned content [0.52ms]
publish	Test and inspect the package	2026-10-05T18:06:57.2416819Z (pass) sync: user-owned current role is never overwritten [0.42ms]
publish	Test and inspect the package	2026-10-05T18:06:57.2420986Z (pass) sync: legacy managed files are cleaned only when marked [0.40ms]
publish	Test and inspect the package	2026-10-05T18:06:57.2425948Z (pass) sync: missing or altered Designer definitions are repaired and flagged [0.50ms]
publish	Test and inspect the package	2026-10-05T18:06:57.2426936Z (pass) defaultAgentDir follows PI_CODING_AGENT_DIR when the host overrides it [0.11ms]
publish	Test and inspect the package	2026-10-05T18:06:57.2428845Z (pass) drift: every current built-in ships without a hidden model pin [0.20ms]
publish	Test and inspect the package	2026-10-05T18:06:57.2434478Z (pass) build+sync: a thinking pin writes a thinking-only override that inherits the model [0.52ms]
publish	Test and inspect the package	2026-10-05T18:06:57.2434818Z 
publish	Test and inspect the package	2026-10-05T18:06:57.2435094Z ##[endgroup]
publish	Test and inspect the package	2026-10-05T18:06:57.2438943Z 
publish	Test and inspect the package	2026-10-05T18:06:57.2439208Z ##[group]tests/retry-armed-display.test.ts:
publish	Test and inspect the package	2026-10-05T18:06:57.4498537Z (pass) 151113: supervised auditor wait with armed retry renders recovering, not paused [1.60ms]
publish	Test and inspect the package	2026-10-05T18:06:57.4499277Z (pass) 151113: status line keeps the auto-retrying countdown for the armed wait [0.30ms]
publish	Test and inspect the package	2026-10-05T18:06:57.4499886Z (pass) 151113: bare user wait with no armed retry still renders paused, never recovering [0.53ms]
publish	Test and inspect the package	2026-10-05T18:06:57.4500197Z 
publish	Test and inspect the package	2026-10-05T18:06:57.4500474Z ##[endgroup]
publish	Test and inspect the package	2026-10-05T18:06:57.4500551Z 
publish	Test and inspect the package	2026-10-05T18:06:57.4500720Z ##[group]tests/stats-reliability.test.ts:
publish	Test and inspect the package	2026-10-05T18:06:57.6966013Z (pass) reliability derives an open failure episode and elapsed audit cost without counting repeated snapshots [1.02ms]
publish	Test and inspect the package	2026-10-05T18:06:57.6966921Z (pass) successful semantic review or terminal archive resolves failure age; missing samples stay unknown [0.18ms]
publish	Test and inspect the package	2026-10-05T18:06:57.6968039Z (pass) recovery-only state preserves failure age and future/malformed timestamps remain unknown [0.18ms]
publish	Test and inspect the package	2026-10-05T18:06:57.6968433Z 
publish	Test and inspect the package	2026-10-05T18:06:57.6968946Z ##[endgroup]
publish	Test and inspect the package	2026-10-05T18:06:57.6971969Z 
publish	Test and inspect the package	2026-10-05T18:06:57.6972259Z ##[group]tests/transcript-replay.test.ts:
publish	Test and inspect the package	2026-10-05T18:06:57.9345767Z (pass) replay transcript 1: NEW detector says NOT stuck (item 11) [0.30ms]
publish	Test and inspect the package	2026-10-05T18:06:57.9346372Z (pass) replay transcript 2: NEW detector says NOT stuck (item 11) [0.01ms]
publish	Test and inspect the package	2026-10-05T18:06:57.9348831Z (pass) replay transcripts: OLD detector WOULD have flagged both (the false positive being fixed) [0.56ms]
publish	Test and inspect the package	2026-10-05T18:06:57.9350481Z (pass) replay transcripts without the shipped work: narrate-but-don't-ship is still stuck [0.15ms]
publish	Test and inspect the package	2026-10-05T18:06:57.9350806Z 
publish	Test and inspect the package	2026-10-05T18:06:57.9351094Z ##[endgroup]
publish	Test and inspect the package	2026-10-05T18:06:57.9354811Z 
publish	Test and inspect the package	2026-10-05T18:06:57.9355075Z ##[group]tests/stale-event-context.test.ts:
publish	Test and inspect the package	2026-10-05T18:06:58.1860593Z (pass) late agent_settled events with stale contexts are ignored safely [3.31ms]
publish	Test and inspect the package	2026-10-05T18:06:58.1860984Z 
publish	Test and inspect the package	2026-10-05T18:06:58.1861366Z ##[endgroup]
publish	Test and inspect the package	2026-10-05T18:06:58.1863082Z 
publish	Test and inspect the package	2026-10-05T18:06:58.1863447Z ##[group]tests/same-process-successor-resume.test.ts:
publish	Test and inspect the package	2026-10-05T18:06:58.7527010Z (pass) same-process successor resumes a held ACTIVE goal — the list/goal asymmetry fix [368.23ms]
publish	Test and inspect the package	2026-10-05T18:06:59.1107207Z (pass) same-process successor auto-retries a parked completion-audit claim — auditor consent parity [358.03ms]
publish	Test and inspect the package	2026-10-05T18:06:59.4508667Z (pass) different-pid crash successor still HOLDS the goal — the cold-load law stands [340.00ms]
publish	Test and inspect the package	2026-10-05T18:06:59.4509273Z 
publish	Test and inspect the package	2026-10-05T18:06:59.4509795Z ##[endgroup]
publish	Test and inspect the package	2026-10-05T18:06:59.4763604Z 
publish	Test and inspect the package	2026-10-05T18:06:59.4765004Z ##[group]tests/postaudit-surface.test.ts:
publish	Test and inspect the package	2026-10-05T18:06:59.6993203Z (pass) fireReviewer emits a SECOND notify with the review file path after the cascade [24.22ms]
publish	Test and inspect the package	2026-10-05T18:06:59.6994005Z (pass) surface-notify branch is preceded by the existing manual-suppressed notify [0.10ms]
publish	Test and inspect the package	2026-10-05T18:06:59.6994728Z (pass) postaudit settings key takes precedence over legacy reviewer key (fireReviewer) [0.17ms]
publish	Test and inspect the package	2026-10-05T18:06:59.6995643Z (pass) Settings type accepts both reviewer and postaudit keys [0.20ms]
publish	Test and inspect the package	2026-10-05T18:06:59.6996334Z (pass) SETTINGS_KEYS includes postaudit and toolOverrides [0.05ms]
publish	Test and inspect the package	2026-10-05T18:06:59.6996844Z (pass) /glla postaudit opens the same menu as /glla reviewer (no behavioral split) [0.05ms]
publish	Test and inspect the package	2026-10-05T18:06:59.6998512Z (pass) /glla routes reviewer (legacy) and postaudit (new) without completion rows [0.16ms]
publish	Test and inspect the package	2026-10-05T18:06:59.6999958Z (pass) resolveReviewerConfig: postaudit and reviewer blocks merge equivalently [0.15ms]
publish	Test and inspect the package	2026-10-05T18:06:59.7001215Z (pass) goal-loop-continuation prompt carries the 0.27.5 chunk-near-context-full hint [0.12ms]
publish	Test and inspect the package	2026-10-05T18:06:59.7001911Z 
publish	Test and inspect the package	2026-10-05T18:06:59.7002299Z ##[endgroup]
publish	Test and inspect the package	2026-10-05T18:06:59.7007210Z 
publish	Test and inspect the package	2026-10-05T18:06:59.7007541Z ##[group]tests/active-liveness.test.ts:
publish	Test and inspect the package	2026-10-05T18:06:59.9391268Z (pass) headLifesign falls back to host stream silence with the same bands [0.45ms]
publish	Test and inspect the package	2026-10-05T18:06:59.9391708Z (pass) tracked rows win over the stream fallback [0.10ms]
publish	Test and inspect the package	2026-10-05T18:06:59.9396278Z (pass) active head shows main-model stream age without tracked rows [0.67ms]
publish	Test and inspect the package	2026-10-05T18:06:59.9399477Z (pass) stale main-model stream paints the head error, aging paints warning [0.32ms]
publish	Test and inspect the package	2026-10-05T18:06:59.9400255Z (pass) future or missing stream evidence invents no head readout [0.11ms]
publish	Test and inspect the package	2026-10-05T18:06:59.9407325Z (pass) stamped last action carries bucketed recency [0.64ms]
publish	Test and inspect the package	2026-10-05T18:06:59.9413248Z (pass) unstamped or future-stamped actions carry no recency [0.32ms]
publish	Test and inspect the package	2026-10-05T18:06:59.9413750Z 
publish	Test and inspect the package	2026-10-05T18:06:59.9414334Z ##[endgroup]
publish	Test and inspect the package	2026-10-05T18:06:59.9415990Z 
publish	Test and inspect the package	2026-10-05T18:06:59.9416358Z ##[group]tests/real-host-canary.test.ts:
publish	Test and inspect the package	2026-10-05T18:07:00.1872263Z (pass) real-host canary reports an explicit skip without opt-in or spawning Pi [52.13ms]
publish	Test and inspect the package	2026-10-05T18:07:00.2511452Z (pass) opt-in canary installs its request guard and records bounded host evidence (stub host) [64.01ms]
publish	Test and inspect the package	2026-10-05T18:07:00.8146049Z (pass) generated canary uses actual Pi dispatcher and allowed transport behavior [563.37ms]
publish	Test and inspect the package	2026-10-05T18:07:01.3478589Z (pass) generated canary uses actual Pi dispatcher and unknown-price transport behavior [533.23ms]
publish	Test and inspect the package	2026-10-05T18:07:01.8627452Z (pass) generated canary uses actual Pi dispatcher and over-budget transport behavior [514.90ms]
publish	Test and inspect the package	2026-10-05T18:07:02.3869936Z (pass) generated canary uses actual Pi dispatcher and unsupported-cap transport behavior [524.20ms]
publish	Test and inspect the package	2026-10-05T18:07:02.9150405Z (pass) generated canary uses actual Pi dispatcher and oversized transport behavior [528.02ms]
publish	Test and inspect the package	2026-10-05T18:07:03.4563383Z (pass) generated canary uses actual Pi dispatcher and second-request transport behavior [541.30ms]
publish	Test and inspect the package	2026-10-05T18:07:03.6516564Z (pass) generated canary uses actual Pi dispatcher and receipt-write transport behavior [195.29ms]
publish	Test and inspect the package	2026-10-05T18:07:03.6517014Z 
publish	Test and inspect the package	2026-10-05T18:07:03.6521706Z ##[endgroup]
publish	Test and inspect the package	2026-10-05T18:07:03.6521855Z 
publish	Test and inspect the package	2026-10-05T18:07:03.6522109Z ##[group]tests/session-visibility.test.ts:
publish	Test and inspect the package	2026-10-05T18:07:03.8525014Z (pass) tally classifies like auditVerdictLabel [0.43ms]
publish	Test and inspect the package	2026-10-05T18:07:03.8525700Z (pass) tally segment stays silent with no verdicts [0.24ms]
publish	Test and inspect the package	2026-10-05T18:07:03.8526188Z (pass) recovery banner pins objective, next task, audits, resume [0.28ms]
publish	Test and inspect the package	2026-10-05T18:07:03.8526912Z (pass) v0.38.55: auditing status line is liveness-only — the tally lives on the card (Screenshot 20260914) [0.97ms]
publish	Test and inspect the package	2026-10-05T18:07:04.0703402Z (pass) reload with a held goal paints the recovery banner from disk [218.16ms]
publish	Test and inspect the package	2026-10-05T18:07:04.0723072Z (pass) future verdict timestamp suppresses the age instead of printing 0s ago [0.35ms]
publish	Test and inspect the package	2026-10-05T18:07:04.0723391Z 
publish	Test and inspect the package	2026-10-05T18:07:04.0725755Z ##[endgroup]
publish	Test and inspect the package	2026-10-05T18:07:04.0725890Z 
publish	Test and inspect the package	2026-10-05T18:07:04.0726499Z ##[group]tests/durable-defer-ui-fixture.test.ts:
publish	Test and inspect the package	2026-10-05T18:07:04.3150805Z (pass) deterministic goal-card fixture keeps the durable plaque first after three defers [28.01ms]
publish	Test and inspect the package	2026-10-05T18:07:04.3151544Z 
publish	Test and inspect the package	2026-10-05T18:07:04.3152100Z ##[endgroup]
publish	Test and inspect the package	2026-10-05T18:07:04.3152675Z 
publish	Test and inspect the package	2026-10-05T18:07:04.3152899Z ##[group]tests/list-queue.test.ts:
publish	Test and inspect the package	2026-10-05T18:07:04.5062764Z (pass) readState restores an empty list when no state exists [0.80ms]
publish	Test and inspect the package	2026-10-05T18:07:04.5066857Z (pass) readState restores list from the latest state event [1.08ms]
publish	Test and inspect the package	2026-10-05T18:07:04.5404341Z (pass) latest state event wins for the list [33.61ms]
publish	Test and inspect the package	2026-10-05T18:07:04.5410557Z (pass) list events (list_added etc.) do not corrupt state restore [0.74ms]
publish	Test and inspect the package	2026-10-05T18:07:04.5415277Z (pass) state event without a list field restores as empty list (v0.1.0 compat) [0.52ms]
publish	Test and inspect the package	2026-10-05T18:07:04.5415934Z (pass) takeAt: head is the FIFO default [0.08ms]
publish	Test and inspect the package	2026-10-05T18:07:04.5416319Z (pass) takeAt: middle item [0.03ms]
publish	Test and inspect the package	2026-10-05T18:07:04.5416593Z (pass) takeAt: last item [0.02ms]
publish	Test and inspect the package	2026-10-05T18:07:04.5416975Z (pass) takeAt: out of range returns null [0.02ms]
publish	Test and inspect the package	2026-10-05T18:07:04.5438401Z (pass) v0.28.28: unsolicited enqueue (reviewer) does not auto-start the head unless autoResume is on [2.11ms]
publish	Test and inspect the package	2026-10-05T18:07:04.5465950Z (pass) v0.29.4: auto-accepted drafts START (supersedes the 0.28.28 autoResume hold) [2.77ms]
publish	Test and inspect the package	2026-10-05T18:07:04.5469869Z (pass) v0.28.28: goal provenance — setGoal threads `via` into the record + goal_created ledger [0.33ms]
publish	Test and inspect the package	2026-10-05T18:07:04.5471771Z (pass) v0.28.28: /glla log [N] — human-readable ledger tail, noise-filtered [0.24ms]
publish	Test and inspect the package	2026-10-05T18:07:04.5476184Z (pass) v0.28.33: /glla wipe — renamed from reset (too close to /glla resume); reset redirects without acting [0.42ms]
publish	Test and inspect the package	2026-10-05T18:07:04.5481256Z (pass) v0.34.119: /glla cancel cancels the whole list objective, while standalone goals/loops keep their own paths [0.51ms]
publish	Test and inspect the package	2026-10-05T18:07:04.5481642Z 
publish	Test and inspect the package	2026-10-05T18:07:04.5482019Z ##[endgroup]
publish	Test and inspect the package	2026-10-05T18:07:04.5486491Z 
publish	Test and inspect the package	2026-10-05T18:07:04.5486898Z ##[group]tests/auditor-scope-guard.test.ts:
publish	Test and inspect the package	2026-10-05T18:07:04.7395233Z (pass) auditor scope guard — project at hand only > auditor prompt contains outside-scope guard [0.40ms]
publish	Test and inspect the package	2026-10-05T18:07:04.7396661Z (pass) auditor scope guard — project at hand only > outside-scope findings are recorded but not auto-queued [0.93ms]
publish	Test and inspect the package	2026-10-05T18:07:04.7398219Z (pass) auditor convergence contract — the change, not the repository > brief bounds blocking objections to the change and defines a reachable approval bar [0.28ms]
publish	Test and inspect the package	2026-10-05T18:07:04.7399331Z (pass) auditor convergence contract — the change, not the repository > a first round carries no rework framing [0.08ms]
publish	Test and inspect the package	2026-10-05T18:07:04.7400348Z (pass) auditor convergence contract — the change, not the repository > a rework round asks whether the PRIOR objections are closed [0.22ms]
publish	Test and inspect the package	2026-10-05T18:07:04.7400835Z 
publish	Test and inspect the package	2026-10-05T18:07:04.7401181Z ##[endgroup]
publish	Test and inspect the package	2026-10-05T18:07:04.7401293Z 
publish	Test and inspect the package	2026-10-05T18:07:04.7401566Z ##[group]tests/paused-overdue-display.test.ts:
publish	Test and inspect the package	2026-10-05T18:07:04.9356858Z (pass) v0.38.31: overdue wait names the recovery timer, never resuming now [1.53ms]
publish	Test and inspect the package	2026-10-05T18:07:04.9357583Z (pass) v0.38.31: overdue wait status bar reads retry overdue [0.20ms]
publish	Test and inspect the package	2026-10-05T18:07:04.9698894Z (pass) v0.38.31: in-grace wait keeps resuming now [34.13ms]
publish	Test and inspect the package	2026-10-05T18:07:04.9707116Z (pass) v0.38.31: future wait keeps the countdown [1.03ms]
publish	Test and inspect the package	2026-10-05T18:07:04.9723181Z (pass) v0.38.31: wait card drops the generic tail and closes the tree [0.38ms]
publish	Test and inspect the package	2026-10-05T18:07:04.9746663Z (pass) v0.38.31: error pause keeps suggested action and saved tail [0.61ms]
publish	Test and inspect the package	2026-10-05T18:07:04.9747242Z 
publish	Test and inspect the package	2026-10-05T18:07:04.9748895Z ##[endgroup]
publish	Test and inspect the package	2026-10-05T18:07:04.9749116Z 
publish	Test and inspect the package	2026-10-05T18:07:04.9749476Z ##[group]tests/pause-decision-interrupt.test.ts:
publish	Test and inspect the package	2026-10-05T18:07:05.7824417Z (pass) decision pause persists options AND aborts the turn so the picker owns an idle surface [571.56ms]
publish	Test and inspect the package	2026-10-05T18:07:06.1566492Z (pass) options without kind are inferred as decision — no silently dropped picker [374.46ms]
publish	Test and inspect the package	2026-10-05T18:07:07.2201116Z (pass) every agent-authored pause ends the turn (blocked/error/wait), not just decisions [1063.52ms]
publish	Test and inspect the package	2026-10-05T18:07:07.5779266Z (pass) impossible-drop auto-advance does NOT abort — the next item's continuation owns the turn [357.71ms]
publish	Test and inspect the package	2026-10-05T18:07:07.5781079Z (pass) source pins: decision picker wiring + abort ordering survive refactors [0.50ms]
publish	Test and inspect the package	2026-10-05T18:07:07.5781390Z 
publish	Test and inspect the package	2026-10-05T18:07:07.5781685Z ##[endgroup]
publish	Test and inspect the package	2026-10-05T18:07:07.5787718Z 
publish	Test and inspect the package	2026-10-05T18:07:07.5788072Z ##[group]tests/tui-density.test.ts:
publish	Test and inspect the package	2026-10-05T18:07:07.7765597Z (pass) widget carries the audits row only with history [1.38ms]
publish	Test and inspect the package	2026-10-05T18:07:07.7766112Z (pass) widget fits 80 columns at width 80 [0.41ms]
publish	Test and inspect the package	2026-10-05T18:07:07.7766462Z (pass) paused status carries the tally [0.36ms]
publish	Test and inspect the package	2026-10-05T18:07:07.7766800Z (pass) ladder is one recovery per line [0.25ms]
publish	Test and inspect the package	2026-10-05T18:07:07.7767152Z (pass) settings tab labels carry row counts [0.07ms]
publish	Test and inspect the package	2026-10-05T18:07:07.7767353Z 
publish	Test and inspect the package	2026-10-05T18:07:07.7767686Z ##[endgroup]
publish	Test and inspect the package	2026-10-05T18:07:07.7767762Z 
publish	Test and inspect the package	2026-10-05T18:07:07.7768097Z ##[group]tests/canary-budget.test.ts:
publish	Test and inspect the package	2026-10-05T18:07:08.0092841Z (pass) canary bounds output and requests, removes tools, and preserves the caller payload [23.26ms]
publish	Test and inspect the package	2026-10-05T18:07:08.0093791Z (pass) canary refuses unsupported caps, unknown prices, oversized input, and excessive estimated spend before sending [0.19ms]
publish	Test and inspect the package	2026-10-05T18:07:08.0094214Z 
publish	Test and inspect the package	2026-10-05T18:07:08.0094566Z ##[endgroup]
publish	Test and inspect the package	2026-10-05T18:07:08.0097479Z 
publish	Test and inspect the package	2026-10-05T18:07:08.0098016Z ##[group]tests/uniform-provider-retry.test.ts:
publish	Test and inspect the package	2026-10-05T18:07:08.2528026Z (pass) the first provider retry is eager for every failure family [0.64ms]
publish	Test and inspect the package	2026-10-05T18:07:08.2528635Z (pass) later provider retries use one bounded configured ladder [0.12ms]
publish	Test and inspect the package	2026-10-05T18:07:08.2539934Z (pass) main-model recovery has no quota-derived policy branch [1.43ms]
publish	Test and inspect the package	2026-10-05T18:07:08.2559495Z (pass) the auditor durable plan is generic and keeps safe diagnostic copy [1.95ms]
publish	Test and inspect the package	2026-10-05T18:07:08.2561605Z (pass) display surfaces identify generic recovery, not a guessed quota state [0.22ms]
publish	Test and inspect the package	2026-10-05T18:07:08.2562197Z 
publish	Test and inspect the package	2026-10-05T18:07:08.2562454Z ##[endgroup]
publish	Test and inspect the package	2026-10-05T18:07:08.2566870Z 
publish	Test and inspect the package	2026-10-05T18:07:08.2567084Z ##[group]tests/pause-redirect.test.ts:
publish	Test and inspect the package	2026-10-05T18:07:08.6546884Z (pass) redirect parks the goal but keeps the turn alive for the user's new task [163.67ms]
publish	Test and inspect the package	2026-10-05T18:07:08.8159384Z (pass) control: a plain pause still aborts the turn (v0.35.15 contract) [161.13ms]
publish	Test and inspect the package	2026-10-05T18:07:08.8160069Z 
publish	Test and inspect the package	2026-10-05T18:07:08.8160569Z ##[endgroup]
publish	Test and inspect the package	2026-10-05T18:07:08.8160857Z 
publish	Test and inspect the package	2026-10-05T18:07:08.8161403Z ##[group]tests/tool-cap-inventory.test.ts:
publish	Test and inspect the package	2026-10-05T18:07:09.0221284Z (pass) cap inventory: no tool schema refuses past the documented guard [0.46ms]
publish	Test and inspect the package	2026-10-05T18:07:09.0222333Z (pass) darklord replay: oversized gate notes are accepted and preserved [0.14ms]
publish	Test and inspect the package	2026-10-05T18:07:09.0222990Z (pass) judgment and resume values clip at handlers instead of refusing [0.41ms]
publish	Test and inspect the package	2026-10-05T18:07:09.0223631Z (pass) cap audit gaps: judgment record and group titles clip clause-aware [0.33ms]
publish	Test and inspect the package	2026-10-05T18:07:09.0224001Z 
publish	Test and inspect the package	2026-10-05T18:07:09.0224415Z ##[endgroup]
publish	Test and inspect the package	2026-10-05T18:07:09.0224529Z 
publish	Test and inspect the package	2026-10-05T18:07:09.0224796Z ##[group]tests/loop-refine-transaction.test.ts:
publish	Test and inspect the package	2026-10-05T18:07:09.3013646Z (pass) failed spec refinement leaves loop state unchanged [7.20ms]
publish	Test and inspect the package	2026-10-05T18:07:09.3013935Z 
publish	Test and inspect the package	2026-10-05T18:07:09.3014214Z ##[endgroup]
publish	Test and inspect the package	2026-10-05T18:07:09.3015923Z 
publish	Test and inspect the package	2026-10-05T18:07:09.3016234Z ##[group]tests/activity-first-status.test.ts:
publish	Test and inspect the package	2026-10-05T18:07:09.5093722Z (pass) activity-first: lead rows follow the head and precede all historical rows [2.23ms]
publish	Test and inspect the package	2026-10-05T18:07:09.5095089Z (pass) activity-first: quiet card leads with phase, age, last tool, model, thinking, next action [0.83ms]
publish	Test and inspect the package	2026-10-05T18:07:09.5106192Z (pass) activity-first: awaiting-verdict card and footer agree on the phase words [0.58ms]
publish	Test and inspect the package	2026-10-05T18:07:09.5107015Z (pass) activity-first: blocked card and footer agree on the blocked label [0.50ms]
publish	Test and inspect the package	2026-10-05T18:07:09.5455420Z (pass) activity-first: live running card carries tool elapsed/budget in the lead [34.57ms]
publish	Test and inspect the package	2026-10-05T18:07:09.5456619Z (pass) activity-first: legacy claim without thinking/model omits the segments, never invents [0.36ms]
publish	Test and inspect the package	2026-10-05T18:07:09.5461831Z (pass) activity-first: phase colour wraps the words (quiet warns, live succeeds, queued stays neutral) [0.82ms]
publish	Test and inspect the package	2026-10-05T18:07:09.5462860Z (pass) activity-first: footer monitoring and awaiting labels agree with the card head [0.13ms]
publish	Test and inspect the package	2026-10-05T18:07:09.5464094Z (pass) D2: the loop status line folds watching into QUEUED like the goal head [0.07ms]
publish	Test and inspect the package	2026-10-05T18:07:09.5466481Z (pass) D4: the auditor session row is sanitized and bounded [0.18ms]
publish	Test and inspect the package	2026-10-05T18:07:09.5467072Z (pass) stampAuditorAttemptThinking stamps only the owning attempt and sanitizes [0.09ms]
publish	Test and inspect the package	2026-10-05T18:07:09.5467439Z 
publish	Test and inspect the package	2026-10-05T18:07:09.5467794Z ##[endgroup]
publish	Test and inspect the package	2026-10-05T18:07:09.5471673Z 
publish	Test and inspect the package	2026-10-05T18:07:09.5472015Z ##[group]tests/loop-finish.test.ts:
publish	Test and inspect the package	2026-10-05T18:07:09.7581639Z (pass) loopFinishStopReason: cmdLoop('finish audit clean') → 'completed: audit clean' (item 7) [0.27ms]
publish	Test and inspect the package	2026-10-05T18:07:09.7582306Z (pass) /loop finish is routed in cmdLoop and registered in completions (item 7) [0.32ms]
publish	Test and inspect the package	2026-10-05T18:07:09.7582680Z (pass) branch-mode resume refuses to commit from the original branch [0.08ms]
publish	Test and inspect the package	2026-10-05T18:07:09.7582854Z 
publish	Test and inspect the package	2026-10-05T18:07:09.7583120Z ##[endgroup]
publish	Test and inspect the package	2026-10-05T18:07:09.7883514Z 
publish	Test and inspect the package	2026-10-05T18:07:09.7884575Z ##[group]tests/empty-provider-response.test.ts:
publish	Test and inspect the package	2026-10-05T18:07:10.0411585Z (pass) v0.38.104 the field error is recognised as an empty response [0.41ms]
publish	Test and inspect the package	2026-10-05T18:07:10.0412276Z (pass) v0.38.104 a message that merely CONTAINS 'empty' is not a provider glitch [0.05ms]
publish	Test and inspect the package	2026-10-05T18:07:10.0412971Z (pass) v0.38.104 an empty response is neither a quota wall nor a deterministic client error [0.05ms]
publish	Test and inspect the package	2026-10-05T18:07:10.0416756Z (pass) v0.38.104 an empty response retries EAGERLY, not on the 15-minute ladder [0.34ms]
publish	Test and inspect the package	2026-10-05T18:07:10.0418137Z (pass) v0.38.104 the eager window is bounded, then the normal ladder takes over [0.18ms]
publish	Test and inspect the package	2026-10-05T18:07:10.0419399Z (pass) v0.38.104 other failures keep the historical ladder untouched [0.08ms]
publish	Test and inspect the package	2026-10-05T18:07:10.0420261Z (pass) v0.38.104 a quota wall still wins over the eager empty-response path [0.07ms]
publish	Test and inspect the package	2026-10-05T18:07:10.0421055Z (pass) v0.38.104 the FIRST attempt honours the upstream reset hint too (no 5s probe of a named wall) [0.13ms]
publish	Test and inspect the package	2026-10-05T18:07:10.0421519Z 
publish	Test and inspect the package	2026-10-05T18:07:10.0421992Z ##[endgroup]
publish	Test and inspect the package	2026-10-05T18:07:10.0423651Z 
publish	Test and inspect the package	2026-10-05T18:07:10.0423914Z ##[group]tests/compaction-survival.test.ts:
publish	Test and inspect the package	2026-10-05T18:07:11.3280438Z (pass) compaction survival: three mid-run compacts, then the goal still completes approved [1039.14ms]
publish	Test and inspect the package	2026-10-05T18:07:11.8202727Z (pass) compaction survival: a compact around an in-flight audit still completes [492.19ms]
publish	Test and inspect the package	2026-10-05T18:07:11.8203020Z 
publish	Test and inspect the package	2026-10-05T18:07:11.8203290Z ##[endgroup]
publish	Test and inspect the package	2026-10-05T18:07:11.8205423Z 
publish	Test and inspect the package	2026-10-05T18:07:11.8205732Z ##[group]tests/auditor-error-paths.test.ts:
publish	Test and inspect the package	2026-10-05T18:07:12.0682517Z (pass) catch block never returns disapproved: true [0.47ms]
publish	Test and inspect the package	2026-10-05T18:07:12.0684873Z (pass) infra-flavored returns (no model / aborted) are not disapprovals [0.46ms]
publish	Test and inspect the package	2026-10-05T18:07:12.0688712Z (pass) auditor watchdog exits are infrastructure failures, never verdicts [0.35ms]
publish	Test and inspect the package	2026-10-05T18:07:12.0689916Z (pass) worker stream failures accumulate onto stderr, never overwrite it [0.12ms]
publish	Test and inspect the package	2026-10-05T18:07:12.0690851Z (pass) semantic verdict-quality failures and shield blocks keep distinct categories [0.13ms]
publish	Test and inspect the package	2026-10-05T18:07:12.0761802Z (pass) audit 2026-09-25: the reverted wall-clock bound leaves no dead classification branches [6.99ms]
publish	Test and inspect the package	2026-10-05T18:07:12.0762142Z 
publish	Test and inspect the package	2026-10-05T18:07:12.0762414Z ##[endgroup]
publish	Test and inspect the package	2026-10-05T18:07:12.0765872Z 
publish	Test and inspect the package	2026-10-05T18:07:12.0766135Z ##[group]tests/auditor-process.test.ts:
publish	Test and inspect the package	2026-10-05T18:07:12.2733578Z (pass) compiled Pi hosts fall back to a JavaScript runtime while explicit commands remain available [1.02ms]
publish	Test and inspect the package	2026-10-05T18:07:12.2735068Z (pass) v0.35.27 (PR #17): bare tokens pass unquoted for .CMD shims, unsafe-arg gate still covers EVERY arg [0.19ms]
publish	Test and inspect the package	2026-10-05T18:07:12.2735835Z (pass) Windows worker shutdown kills the cmd/pi process tree [0.57ms]
publish	Test and inspect the package	2026-10-05T18:07:12.3040254Z (pass) Windows atomic protocol retries transient rename locks without unlinking the old snapshot [30.21ms]
publish	Test and inspect the package	2026-10-05T18:07:12.9541423Z [run-tests] progress: 390s elapsed · 1s since last output · 224 KiB of suite output
publish	Test and inspect the package	2026-10-05T18:07:13.6648415Z (pass) transport failures carry an explicit no-verdict classification [1360.84ms]
publish	Test and inspect the package	2026-10-05T18:07:13.6651649Z (pass) fake worker setup stays in per-test temp storage [0.53ms]
publish	Test and inspect the package	2026-10-05T18:07:13.7963389Z (pass) detached parent accepts an identity-checked result and applies regression_shield [130.93ms]
publish	Test and inspect the package	2026-10-05T18:07:13.9281514Z (pass) detached parent keeps a regression-shield block distinct from disapproval and infrastructure [131.74ms]
publish	Test and inspect the package	2026-10-05T18:07:14.0604251Z (pass) detached parent forwards live worker telemetry to its progress callback [132.33ms]
publish	Test and inspect the package	2026-10-05T18:07:14.3658778Z (pass) v0.34.57: heartbeat-without-progress watchdog emits auditor_stalled and cancels the detached job [305.40ms]
publish	Test and inspect the package	2026-10-05T18:07:15.4973239Z (pass) parent abort escalates a detached TERM-ignoring worker and removes its job [1131.47ms]
publish	Test and inspect the package	2026-10-05T18:07:15.9970778Z (pass) the real worker forwards ordered tool and report phases to the parent [499.70ms]
publish	Test and inspect the package	2026-10-05T18:07:16.0912897Z (pass) real worker preserves structured HTTP 429 diagnostics for the parent [94.19ms]
publish	Test and inspect the package	2026-10-05T18:07:16.2080337Z (pass) real worker persists the auditor session when inspection is enabled (spawn spec + progress shape) [116.72ms]
publish	Test and inspect the package	2026-10-05T18:07:16.2080903Z (pass) detached auditor env keeps runtime necessities and selected provider auth, not unrelated secrets [0.16ms]
publish	Test and inspect the package	2026-10-05T18:07:16.3191305Z (pass) real worker keeps the original --no-session spawn when inspection is unset (default unchanged) [110.88ms]
publish	Test and inspect the package	2026-10-05T18:07:16.4854737Z (pass) worker assembles streamed report fragments into cumulative display lines without changing the exact result [166.41ms]
publish	Test and inspect the package	2026-10-05T18:07:16.6138149Z (pass) parent rejects a result that reports an unsupported tool [128.25ms]
publish	Test and inspect the package	2026-10-05T18:07:16.7403839Z (pass) approval without an audit tool is a semantic disapproval [126.59ms]
publish	Test and inspect the package	2026-10-05T18:07:16.9095413Z (pass) a verdict marker inside a think block is not accepted [169.14ms]
publish	Test and inspect the package	2026-10-05T18:07:16.9117383Z (pass) failed setup preserves a pre-existing attempt directory it does not own [2.24ms]
publish	Test and inspect the package	2026-10-05T18:07:17.2460793Z (pass) detached retry identities remain unique while completed job dirs persist for the retention window [334.17ms]
publish	Test and inspect the package	2026-10-05T18:07:17.2528291Z (pass) cancel keeps a finished audit's transcript dir but reaps incomplete scratch [6.80ms]
publish	Test and inspect the package	2026-10-05T18:07:17.3959503Z (pass) a mismatched result hash fails closed as infrastructure [143.03ms]
publish	Test and inspect the package	2026-10-05T18:07:17.3960228Z (pass) request hashing is stable and excludes no runtime secret or API key field [0.32ms]
publish	Test and inspect the package	2026-10-05T18:07:17.5023311Z (pass) EOF before exit preserves process and stream diagnostics without accepting a partial verdict [106.13ms]
publish	Test and inspect the package	2026-10-05T18:07:17.8491769Z (pass) EOF from a live RPC child gets a bounded close grace then TERM-to-KILL cleanup [346.81ms]
publish	Test and inspect the package	2026-10-05T18:07:17.9833917Z (pass) detached worker treats silent provider time as infrastructure, not a verdict [134.23ms]
publish	Test and inspect the package	2026-10-05T18:07:18.0967664Z (pass) parent tool watchdog cancels a tool with no follow-up RPC events [113.31ms]
publish	Test and inspect the package	2026-10-05T18:07:18.2000041Z (pass) worker aborts an unsupported tool event instead of treating it as an audit tool [103.23ms]
publish	Test and inspect the package	2026-10-05T18:07:19.8439020Z (pass) worker-side tool timeout cancels a tool that never emits an end event, and still fails fast [1643.86ms]
publish	Test and inspect the package	2026-10-05T18:07:19.8439512Z (pass) effective tool budget honors a granted timeout above the base [0.14ms]
publish	Test and inspect the package	2026-10-05T18:07:20.2694547Z (pass) parent tool watchdog honors the worker-armed granted budget [425.42ms]
publish	Test and inspect the package	2026-10-05T18:07:20.6166411Z (pass) worker honors a bash call's granted timeout past the base budget [347.14ms]
publish	Test and inspect the package	2026-10-05T18:07:22.5731945Z (pass) real worker stops a runaway RPC process group before it becomes a storm [1956.55ms]
publish	Test and inspect the package	2026-10-05T18:07:22.7045275Z (pass) worker launches pi with the exact auditor RPC contract and one LF JSONL prompt [131.28ms]
publish	Test and inspect the package	2026-10-05T18:07:23.0442228Z (pass) worker force-kills a wedged RPC child before it exits [339.67ms]
publish	Test and inspect the package	2026-10-05T18:07:23.1819958Z (pass) v0.36.0: allow-listed extensions load via --extension while isolation flags stay intact [137.72ms]
publish	Test and inspect the package	2026-10-05T18:07:23.5635041Z (pass) v0.36.0: the process layer resolves raw specs to install paths before the worker sees them [381.61ms]
publish	Test and inspect the package	2026-10-05T18:07:23.6912154Z (pass) v0.36.0: a malformed allowedExtensions request fails closed as an identity error [127.62ms]
publish	Test and inspect the package	2026-10-05T18:07:23.8918591Z (pass) v0.38.80: the worker's challenge outcome threads through to the auditor result [200.54ms]
publish	Test and inspect the package	2026-10-05T18:07:24.0832889Z (pass) v0.38.80: an absent challenge stays undefined for legacy workers [191.45ms]
publish	Test and inspect the package	2026-10-05T18:07:24.5031852Z (pass) strict challenge: the parent refuses a legacy or skipped approval [419.93ms]
publish	Test and inspect the package	2026-10-05T18:07:24.6520289Z (pass) v0.38.81: the dispatch-decided tier stamps onto the result [148.77ms]
publish	Test and inspect the package	2026-10-05T18:07:24.9212264Z (pass) v0.38.81: spot-check stamps true; legacy callers see no tier fields [269.21ms]
publish	Test and inspect the package	2026-10-05T18:07:24.9217136Z (pass) slow-audit hardening: attempt cost summarizes prompt, tools, vision, and elapsed [0.71ms]
publish	Test and inspect the package	2026-10-05T18:07:24.9219007Z (pass) audit-tool floor: no-tool approval is a disapproval, not infrastructure [0.20ms]
publish	Test and inspect the package	2026-10-05T18:07:24.9221504Z (pass) A2 (pin): the crash-safe pre-dispatch reap covers the rotated-away attempt [0.24ms]
publish	Test and inspect the package	2026-10-05T18:07:25.3123405Z (pass) A5: an abandoned challenge preserves its prose beside the byte-exact round-1 output [389.91ms]
publish	Test and inspect the package	2026-10-05T18:07:25.3124197Z (pass) A10: the detached worker does not inherit NODE_OPTIONS [0.22ms]
publish	Test and inspect the package	2026-10-05T18:07:25.3124501Z 
publish	Test and inspect the package	2026-10-05T18:07:25.3124847Z ##[endgroup]
publish	Test and inspect the package	2026-10-05T18:07:25.3129629Z 
publish	Test and inspect the package	2026-10-05T18:07:25.3129979Z ##[group]tests/commit-survival-e2e.test.ts:
publish	Test and inspect the package	2026-10-05T18:07:25.5199261Z (skip) commit survives the auto-committer daemon (item 32, env-gated watched repo)
publish	Test and inspect the package	2026-10-05T18:07:25.5206561Z 
publish	Test and inspect the package	2026-10-05T18:07:25.5207453Z ##[endgroup]
publish	Test and inspect the package	2026-10-05T18:07:25.5207640Z 
publish	Test and inspect the package	2026-10-05T18:07:25.5208153Z ##[group]tests/list-parallel.test.ts:
publish	Test and inspect the package	2026-10-05T18:07:25.7134425Z (pass) extractParallelFlag: truthy values mark the item parallel-safe [0.30ms]
publish	Test and inspect the package	2026-10-05T18:07:25.7138569Z (pass) extractParallelFlag: falsy values explicitly opt out [0.10ms]
publish	Test and inspect the package	2026-10-05T18:07:25.7139824Z (pass) extractParallelFlag: no marker → undefined (unknown, not false) [0.03ms]
publish	Test and inspect the package	2026-10-05T18:07:25.7140535Z (pass) extractParallelFlag: inline marker mid-line, case-insensitive [0.02ms]
publish	Test and inspect the package	2026-10-05T18:07:25.7141247Z (pass) parseListItemDeclaration: marker stripped BEFORE the contract split [0.16ms]
publish	Test and inspect the package	2026-10-05T18:07:25.7142033Z (pass) parseListItemDeclaration: a parallel marker after Done when: still strips cleanly [0.12ms]
publish	Test and inspect the package	2026-10-05T18:07:25.7142869Z (pass) parseListItemDeclaration: parallel marker inside a multi-line objective is consumed [0.04ms]
publish	Test and inspect the package	2026-10-05T18:07:25.7143608Z (pass) queue sidecar round-trips the parallelSafe flag [1.21ms]
publish	Test and inspect the package	2026-10-05T18:07:25.9169380Z (pass) list_add parses the declaration into the queue state + disk + status [202.16ms]
publish	Test and inspect the package	2026-10-05T18:07:26.3196812Z (pass) a declared item activating into a goal carries the CLEAN objective (no marker leak) [404.03ms]
publish	Test and inspect the package	2026-10-05T18:07:26.3197109Z 
publish	Test and inspect the package	2026-10-05T18:07:26.3197380Z ##[endgroup]
publish	Test and inspect the package	2026-10-05T18:07:26.3200043Z 
publish	Test and inspect the package	2026-10-05T18:07:26.3200245Z ##[group]tests/aggressive-mode.test.ts:
publish	Test and inspect the package	2026-10-05T18:07:26.5090701Z (pass) aggressiveMode persists through the settings file (item 8) [2.00ms]
publish	Test and inspect the package	2026-10-05T18:07:26.5091858Z (pass) effective settings: aggressiveMode ON flips the defaults (items 5+7) [0.05ms]
publish	Test and inspect the package	2026-10-05T18:07:26.5092451Z (pass) effective settings: missing aggressiveMode uses the production keep-going default [0.05ms]
publish	Test and inspect the package	2026-10-05T18:07:26.5092969Z (pass) effective settings: explicit OFF keeps base defaults; auditCap base is 5 [0.03ms]
publish	Test and inspect the package	2026-10-05T18:07:26.5093484Z (pass) explicit per-key settings WIN over aggressiveMode (advisor semantics) [0.03ms]
publish	Test and inspect the package	2026-10-05T18:07:26.5362486Z (pass) autoResume is global-only in the effective settings and provenance [27.48ms]
publish	Test and inspect the package	2026-10-05T18:07:26.5364035Z (pass) obsolete quota policy files cannot change the generic retry settings [0.42ms]
publish	Test and inspect the package	2026-10-05T18:07:26.5364218Z 
publish	Test and inspect the package	2026-10-05T18:07:26.5364491Z ##[endgroup]
publish	Test and inspect the package	2026-10-05T18:07:26.5368958Z 
publish	Test and inspect the package	2026-10-05T18:07:26.5369194Z ##[group]tests/payload-guard.test.ts:
publish	Test and inspect the package	2026-10-05T18:07:26.7351105Z (pass) payload guard: under-budget histories pass through with the SAME identity [0.48ms]
publish	Test and inspect the package	2026-10-05T18:07:26.7352383Z (pass) payload guard: over-budget histories evict OLDEST first and keep the newest two [1.55ms]
publish	Test and inspect the package	2026-10-05T18:07:26.7610624Z (pass) payload guard: the keep-recent floor holds even when the budget cannot be met [25.63ms]
publish	Test and inspect the package	2026-10-05T18:07:26.7614620Z (pass) payload guard: projection is idempotent and never touches non-image content [0.54ms]
publish	Test and inspect the package	2026-10-05T18:07:26.7621443Z (pass) payload guard: image count is clamped even when bytes fit the budget [0.68ms]
publish	Test and inspect the package	2026-10-05T18:07:26.7623941Z (pass) payload guard: the count cap defaults to the observed provider limit [0.27ms]
publish	Test and inspect the package	2026-10-05T18:07:26.7626155Z (pass) payload guard: the keep-recent floor wins over the count cap (best effort) [0.21ms]
publish	Test and inspect the package	2026-10-05T18:07:26.7763666Z (pass) wiring: the context event projects bloated histories before EVERY LLM call and ledgeres the eviction [13.62ms]
publish	Test and inspect the package	2026-10-05T18:07:26.7911038Z (pass) wiring: identical repeat evictions are deduped; changed values re-arm [14.60ms]
publish	Test and inspect the package	2026-10-05T18:07:26.7911775Z (pass) classifyMainModelFailure: 413 payload-size texts are transient, not unknown [0.19ms]
publish	Test and inspect the package	2026-10-05T18:07:26.7912100Z 
publish	Test and inspect the package	2026-10-05T18:07:26.7912363Z ##[endgroup]
publish	Test and inspect the package	2026-10-05T18:07:26.7917256Z 
publish	Test and inspect the package	2026-10-05T18:07:26.7917572Z ##[group]tests/unsupervised-error-retry.test.ts:
publish	Test and inspect the package	2026-10-05T18:07:27.2102728Z (pass) empty provider response with no goal schedules and dispatches a retry [231.78ms]
publish	Test and inspect the package	2026-10-05T18:07:27.5619447Z (pass) consecutive errors advance the streak; a clean turn clears it [351.62ms]
publish	Test and inspect the package	2026-10-05T18:07:27.5730350Z (pass) composite isolation clears a poisoned unsupervised retry streak, timer, and override [8.81ms]
publish	Test and inspect the package	2026-10-05T18:07:27.7634002Z (pass) user aborts never retry [191.24ms]
publish	Test and inspect the package	2026-10-05T18:07:27.9605527Z (pass) policy refusals, auth, billing, and deterministic 400s refuse with a reason [198.51ms]
publish	Test and inspect the package	2026-10-05T18:07:28.1520998Z (pass) context overflow compacts instead of retrying [191.54ms]
publish	Test and inspect the package	2026-10-05T18:07:28.1570676Z (pass) hinted quota sleeps until the provider reset; hintless quota ladders [5.05ms]
publish	Test and inspect the package	2026-10-05T18:07:28.3494097Z (pass) an active goal owns error turns — the unsupervised lane stays silent [192.19ms]
publish	Test and inspect the package	2026-10-05T18:07:28.5286679Z (pass) a load-held session refuses instead of promising a retry it cannot send [179.22ms]
publish	Test and inspect the package	2026-10-05T18:07:28.7078724Z (pass) a fresh turn stands down the pending retry [179.23ms]
publish	Test and inspect the package	2026-10-05T18:07:28.8900729Z (pass) a busy session at fire time stands down instead of double-driving [182.26ms]
publish	Test and inspect the package	2026-10-05T18:07:28.8901148Z 
publish	Test and inspect the package	2026-10-05T18:07:28.8901959Z ##[endgroup]
publish	Test and inspect the package	2026-10-05T18:07:28.8905980Z 
publish	Test and inspect the package	2026-10-05T18:07:28.8906308Z ##[group]tests/interrupt-didnt-continue.test.ts:
publish	Test and inspect the package	2026-10-05T18:07:29.1163191Z (pass) FIX A: a never-set revision (undefined) + captured 0 is CURRENT, not stale [21.69ms]
publish	Test and inspect the package	2026-10-05T18:07:29.1163666Z (pass) FIX A: captured 0 against a genuinely bumped goal is still refused [0.06ms]
publish	Test and inspect the package	2026-10-05T18:07:29.1163984Z (pass) FIX A: equal non-zero revisions stay current; bumps refuse [0.03ms]
publish	Test and inspect the package	2026-10-05T18:07:29.1198854Z (pass) FIX A pin: the refusal guard uses isGoalRevisionCurrent, not raw !== on undefined [3.65ms]
publish	Test and inspect the package	2026-10-05T18:07:29.1221750Z (pass) FIX B pin: the refusal branch restores status active so the loop continues [2.36ms]
publish	Test and inspect the package	2026-10-05T18:07:29.1242402Z (pass) behavior preserved: a GENUINE orphaned audit still parks with the same message [2.08ms]
publish	Test and inspect the package	2026-10-05T18:07:29.1242635Z 
publish	Test and inspect the package	2026-10-05T18:07:29.1242898Z ##[endgroup]
publish	Test and inspect the package	2026-10-05T18:07:29.1247131Z 
publish	Test and inspect the package	2026-10-05T18:07:29.1247337Z ##[group]tests/telemetry-event-shapes.test.ts:
publish	Test and inspect the package	2026-10-05T18:07:29.3949571Z (pass) name-shaped write results count fileWrites on goal telemetry [43.10ms]
publish	Test and inspect the package	2026-10-05T18:07:29.5215111Z (pass) name-shaped write results count fileWrites on loop iterMetrics [126.58ms]
publish	Test and inspect the package	2026-10-05T18:07:29.5215734Z 
publish	Test and inspect the package	2026-10-05T18:07:29.5216188Z ##[endgroup]
publish	Test and inspect the package	2026-10-05T18:07:29.5218883Z 
publish	Test and inspect the package	2026-10-05T18:07:29.5219240Z ##[group]tests/audit-job-retention.test.ts:
publish	Test and inspect the package	2026-10-05T18:07:29.7214207Z (pass) retention refuses cleanup when the durable claim journal cannot be read [2.03ms]
publish	Test and inspect the package	2026-10-05T18:07:29.7547862Z (pass) retention keeps unresolved goal and held project evidence until their claims settle [33.75ms]
publish	Test and inspect the package	2026-10-05T18:07:29.7555785Z (pass) retention: pre-convention finished dirs (no lock, result on file) reap past the window [1.04ms]
publish	Test and inspect the package	2026-10-05T18:07:29.7562409Z (pass) retention: lockless UNFINISHED dirs stay ambiguous (interrupted creation) [0.64ms]
publish	Test and inspect the package	2026-10-05T18:07:29.7568751Z (pass) retention: corrupt (present-but-unparseable) locks stay ambiguous [0.65ms]
publish	Test and inspect the package	2026-10-05T18:07:29.7577769Z (pass) retention: crash before worker ownership reaps only when the parent is dead [0.87ms]
publish	Test and inspect the package	2026-10-05T18:07:29.7584995Z (pass) retention: proven-dead workers reap past the window, live pids never reap [0.75ms]
publish	Test and inspect the package	2026-10-05T18:07:29.7594760Z (pass) retention: aged lockless dirs with neither request nor result reap as unowned debris [0.92ms]
publish	Test and inspect the package	2026-10-05T18:07:29.7600751Z (pass) retention: unowned debris younger than the identity-free floor stays ambiguous [0.63ms]
publish	Test and inspect the package	2026-10-05T18:07:29.7607643Z (pass) v0.38.104 retention: a finished result settles a LIVE parent lock (PID reuse no longer pins it) [0.68ms]
publish	Test and inspect the package	2026-10-05T18:07:29.7614623Z (pass) v0.38.104 retention: a LIVE parent lock with no result is still ambiguous (unchanged) [0.66ms]
publish	Test and inspect the package	2026-10-05T18:07:29.7615172Z 
publish	Test and inspect the package	2026-10-05T18:07:29.7615641Z ##[endgroup]
publish	Test and inspect the package	2026-10-05T18:07:29.7620120Z 
publish	Test and inspect the package	2026-10-05T18:07:29.7620441Z ##[group]tests/model-picker.test.ts:
publish	Test and inspect the package	2026-10-05T18:07:29.9548133Z (pass) model-picker items: session row first, manual row last, models sorted by provider/id [0.41ms]
publish	Test and inspect the package	2026-10-05T18:07:29.9549061Z (pass) v0.34.118 backup picker: excludes forbidden refs before rendering [0.13ms]
publish	Test and inspect the package	2026-10-05T18:07:29.9549602Z (pass) model-picker exclusion honors case-insensitive substring policy entries [0.06ms]
publish	Test and inspect the package	2026-10-05T18:07:29.9550305Z (pass) model-picker: typing fuzzy-filters the list; enter returns the highlighted model [0.73ms]
publish	Test and inspect the package	2026-10-05T18:07:29.9551079Z (pass) model-picker: slash-token fuzzy match (provider/model style), nav wraps, backspace edits [0.18ms]
publish	Test and inspect the package	2026-10-05T18:07:29.9551801Z (pass) model-picker: up/down moves the selection; esc cancels with undefined [0.07ms]
publish	Test and inspect the package	2026-10-05T18:07:29.9552556Z (pass) model-picker: selecting the session row clears the override; manual row is the typed escape hatch [0.05ms]
publish	Test and inspect the package	2026-10-05T18:07:29.9553266Z (pass) model-picker: render stays within width and shows the filter hint [0.57ms]
publish	Test and inspect the package	2026-10-05T18:07:29.9553890Z (pass) model-picker: active model row uses the available width for selection [0.43ms]
publish	Test and inspect the package	2026-10-05T18:07:29.9858608Z (pass) v0.29.17 wiring: model-valued settings use the fuzzy picker; unavailable auditor models fall back LOUDLY to the session model [31.98ms]
publish	Test and inspect the package	2026-10-05T18:07:29.9887364Z (pass) v0.36.0: auditor thinking inherits the parent dial unless explicitly overridden [3.10ms]
publish	Test and inspect the package	2026-10-05T18:07:29.9938779Z (pass) v0.36.0: the auditor chain — pinned primary → ordered fallbacks → session LAST; same-as-session auto-swap [4.73ms]
publish	Test and inspect the package	2026-10-05T18:07:29.9968593Z (pass) v0.31.6: same-model swap toggle — default ON, off = same-model audits stand [3.35ms]
publish	Test and inspect the package	2026-10-05T18:07:29.9995056Z (pass) v0.31.8: thinking options come from the PICKED MODEL — xhigh/max only when the model maps them [2.66ms]
publish	Test and inspect the package	2026-10-05T18:07:29.9996395Z (pass) v0.31.9: fork-bomb lesson is prompt-law — auditor reject-class + executor hard rule [0.16ms]
publish	Test and inspect the package	2026-10-05T18:07:30.0014933Z (pass) narrow model pickers bound every rendered line [1.14ms]
publish	Test and inspect the package	2026-10-05T18:07:30.0015221Z 
publish	Test and inspect the package	2026-10-05T18:07:30.0015620Z ##[endgroup]
publish	Test and inspect the package	2026-10-05T18:07:30.0015742Z 
publish	Test and inspect the package	2026-10-05T18:07:30.0016015Z ##[group]tests/remaining-next-pairing.test.ts:
publish	Test and inspect the package	2026-10-05T18:07:30.1944718Z (pass) pairing: resolving action rides inline under its problem [1.15ms]
publish	Test and inspect the package	2026-10-05T18:07:30.1945507Z (pass) pairing: standalone actions stay in ### Next [0.49ms]
publish	Test and inspect the package	2026-10-05T18:07:30.1945981Z (pass) pairing: fully paired card omits an empty ### Next [0.25ms]
publish	Test and inspect the package	2026-10-05T18:07:30.1946472Z (pass) pairing: unrelated problem and action do not pair [0.21ms]
publish	Test and inspect the package	2026-10-05T18:07:30.2227061Z (pass) pairing: Left out never pairs, even on shared words [28.15ms]
publish	Test and inspect the package	2026-10-05T18:07:30.2228197Z (pass) pairing: several actions can resolve one problem [0.30ms]
publish	Test and inspect the package	2026-10-05T18:07:30.2228691Z 
publish	Test and inspect the package	2026-10-05T18:07:30.2229226Z ##[endgroup]
publish	Test and inspect the package	2026-10-05T18:07:30.2232992Z 
publish	Test and inspect the package	2026-10-05T18:07:30.2233417Z ##[group]tests/waiting-on-subagent-pause.test.ts:
publish	Test and inspect the package	2026-10-05T18:07:30.4610087Z (pass) 021655: standby pause does not render 'waiting for manual action' [2.87ms]
publish	Test and inspect the package	2026-10-05T18:07:30.4610895Z (pass) 021655: standby pause names the background agent as owner, not manual action [0.72ms]
publish	Test and inspect the package	2026-10-05T18:07:30.4611416Z (pass) 021655: standby status line waits instead of demanding action [0.33ms]
publish	Test and inspect the package	2026-10-05T18:07:30.4611996Z (pass) v0.38.90: standby reason renders dim (monitoring narration, not a call to action) [0.48ms]
publish	Test and inspect the package	2026-10-05T18:07:30.4612625Z (pass) v0.38.90: standby reason caps at 2 wrapped rows like decisions/waits [0.76ms]
publish	Test and inspect the package	2026-10-05T18:07:30.4617461Z (pass) 021655: neighboring kinds keep their action rendering [0.40ms]
publish	Test and inspect the package	2026-10-05T18:07:30.4617729Z 
publish	Test and inspect the package	2026-10-05T18:07:30.4618265Z ##[endgroup]
publish	Test and inspect the package	2026-10-05T18:07:30.4622480Z 
publish	Test and inspect the package	2026-10-05T18:07:30.4622702Z ##[group]tests/eager-continuation-core.test.ts:
publish	Test and inspect the package	2026-10-05T18:07:30.6551400Z (pass) extractPendingTasks: pulls objection bullets, skips evidence (item 22) [0.34ms]
publish	Test and inspect the package	2026-10-05T18:07:30.6552050Z (pass) extractPendingTasks: caps at 5 and dedupes [0.08ms]
publish	Test and inspect the package	2026-10-05T18:07:30.6552658Z (pass) classifyImpossibleReason: partial vs full (item 23) [0.11ms]
publish	Test and inspect the package	2026-10-05T18:07:30.6560542Z (pass) audit-cap branch: aggressiveMode keeps ACTIVE + pendingTasks; OFF pauses (item 24 tests 1-2) [1.10ms]
publish	Test and inspect the package	2026-10-05T18:07:30.6564980Z (pass) IMPOSSIBLE branch: aggressive partial continues, full terminalizes (item 24 tests 3-4) [0.45ms]
publish	Test and inspect the package	2026-10-05T18:07:30.6855175Z (pass) shouldSuppressHeartbeatForRecentShip: recent ship suppresses, stale does not (item 27) [28.76ms]
publish	Test and inspect the package	2026-10-05T18:07:30.6855957Z (pass) heartbeat ship-suppression was removed in v0.26.6 (self-sustaining via ledger mtime) [0.31ms]
publish	Test and inspect the package	2026-10-05T18:07:30.6856298Z 
publish	Test and inspect the package	2026-10-05T18:07:30.6856637Z ##[endgroup]
publish	Test and inspect the package	2026-10-05T18:07:30.6861092Z 
publish	Test and inspect the package	2026-10-05T18:07:30.6861500Z ##[group]tests/prompt-disagreement-guidance.test.ts:
publish	Test and inspect the package	2026-10-05T18:07:30.9280035Z (pass) continuation prompt has the WHEN THE AUDITOR DISAPPROVES section (item 18) [0.53ms]
publish	Test and inspect the package	2026-10-05T18:07:30.9280709Z (pass) disagreement guidance names the audit history as the source [0.03ms]
publish	Test and inspect the package	2026-10-05T18:07:30.9280965Z 
publish	Test and inspect the package	2026-10-05T18:07:30.9281306Z ##[endgroup]
publish	Test and inspect the package	2026-10-05T18:07:30.9282972Z 
publish	Test and inspect the package	2026-10-05T18:07:30.9283635Z ##[group]tests/visual-auditor-fresh.test.ts:
publish	Test and inspect the package	2026-10-05T18:07:31.1846571Z (pass) isVisualGoal detects UI/screenshot/visual goals [0.43ms]
publish	Test and inspect the package	2026-10-05T18:07:31.1848183Z (pass) visual auditor prompt injects fresh native/external capture guidance before verdict [0.39ms]
publish	Test and inspect the package	2026-10-05T18:07:31.1849918Z (pass) non-visual goals keep the original prompt without fresh capture [0.18ms]
publish	Test and inspect the package	2026-10-05T18:07:31.1851158Z (pass) visual prompt fixture does not assume an external vision command [0.14ms]
publish	Test and inspect the package	2026-10-05T18:07:31.1851430Z 
publish	Test and inspect the package	2026-10-05T18:07:31.1851771Z ##[endgroup]
publish	Test and inspect the package	2026-10-05T18:07:31.1856095Z 
publish	Test and inspect the package	2026-10-05T18:07:31.1856462Z ##[group]tests/wait-overdue-backstop.test.ts:
publish	Test and inspect the package	2026-10-05T18:07:31.6408861Z (pass) v0.35.28 #16: a wait 30min past its pauseResumeAt is resumed by the heartbeat backstop [203.77ms]
publish	Test and inspect the package	2026-10-05T18:07:31.8458522Z (pass) v0.35.28 #16: not-yet-due and already-fired waits do not double-dispatch [203.56ms]
publish	Test and inspect the package	2026-10-05T18:07:32.0129999Z (pass) v0.35.28 #16: under the load hold (stock consent-less boot) an overdue wait stays frozen [168.58ms]
publish	Test and inspect the package	2026-10-05T18:07:32.0158169Z (pass) v0.35.28 #16: manual /goal resume clears the recovery stamp (user-driven, no notice needed) [2.94ms]
publish	Test and inspect the package	2026-10-05T18:07:32.0159559Z (pass) v0.35.28 #16: the pause_goal wait copy is now backed by machinery (source pin) [0.24ms]
publish	Test and inspect the package	2026-10-05T18:07:32.2260991Z (pass) v0.35.28 #16: once consent exists on reload, the overdue wait resumes through the backstop [209.78ms]
publish	Test and inspect the package	2026-10-05T18:07:32.4110166Z (pass) v0.35.48: the backstop stays parked during a session handoff window [184.97ms]
publish	Test and inspect the package	2026-10-05T18:07:32.6079215Z (pass) v0.35.48: an agent-authored wait stays parked while main-model recovery is active [196.86ms]
publish	Test and inspect the package	2026-10-05T18:07:32.6080307Z (pass) v0.35.48: the backstop's dispatch-surface gates sit before the one-shot latch [0.37ms]
publish	Test and inspect the package	2026-10-05T18:07:32.6080631Z 
publish	Test and inspect the package	2026-10-05T18:07:32.6080941Z ##[endgroup]
publish	Test and inspect the package	2026-10-05T18:07:32.6087130Z 
publish	Test and inspect the package	2026-10-05T18:07:32.6087483Z ##[group]tests/impossible-list-drop.test.ts:
publish	Test and inspect the package	2026-10-05T18:07:33.2312002Z (pass) rule: blocked + no resume path on a /list item → auto-dropped (ledgered) and the queue advances [402.84ms]
publish	Test and inspect the package	2026-10-05T18:07:33.6166082Z (pass) guard: blocked WITH a resume path stays paused — never overridden [385.35ms]
publish	Test and inspect the package	2026-10-05T18:07:33.9752768Z (pass) guard: blocked + no resume path on a plain GOAL is not a list drop [358.69ms]
publish	Test and inspect the package	2026-10-05T18:07:34.3394918Z (pass) last item: drop still ledgered, list goes empty, no advance possible [364.17ms]
publish	Test and inspect the package	2026-10-05T18:07:35.0316447Z (pass) full auditor IMPOSSIBLE result is terminalized with a durable recap and notification [692.12ms]
publish	Test and inspect the package	2026-10-05T18:07:35.4197425Z (pass) stored-claim full IMPOSSIBLE retry also terminalizes with its recap [388.12ms]
publish	Test and inspect the package	2026-10-05T18:07:35.6020644Z (pass) loop hold: drop ledgered but NO advance while a loop owns the surface [182.28ms]
publish	Test and inspect the package	2026-10-05T18:07:35.6021034Z 
publish	Test and inspect the package	2026-10-05T18:07:35.6021386Z ##[endgroup]
publish	Test and inspect the package	2026-10-05T18:07:35.6023753Z 
publish	Test and inspect the package	2026-10-05T18:07:35.6024132Z ##[group]tests/display.test.ts:
publish	Test and inspect the package	2026-10-05T18:07:35.9155171Z (pass) fmtElapsed [29.06ms]
publish	Test and inspect the package	2026-10-05T18:07:35.9155951Z (pass) fmtTokens [0.04ms]
publish	Test and inspect the package	2026-10-05T18:07:35.9157091Z (pass) truncate [0.09ms]
publish	Test and inspect the package	2026-10-05T18:07:35.9157590Z (pass) D6: the clause-cut floor scales with the budget instead of pinning at 16 [0.20ms]
publish	Test and inspect the package	2026-10-05T18:07:35.9158363Z (pass) D10: fmtElapsed clamps non-finite input to zero [0.03ms]
publish	Test and inspect the package	2026-10-05T18:07:35.9167095Z (pass) display projections remove terminal and zero-width control characters without changing stored state [1.19ms]
publish	Test and inspect the package	2026-10-05T18:07:35.9168294Z (pass) empty state → undefined (segment cleared) [0.08ms]
publish	Test and inspect the package	2026-10-05T18:07:35.9169068Z (pass) active goal shows a compact state capsule (elapsed lives on the card) [0.15ms]
publish	Test and inspect the package	2026-10-05T18:07:35.9170227Z (pass) version tail rides the status on every branch (field 20260909_161057) [0.11ms]
publish	Test and inspect the package	2026-10-05T18:07:35.9171158Z (pass) monitoring intent never substitutes for runtime evidence [0.09ms]
publish	Test and inspect the package	2026-10-05T18:07:35.9173539Z (pass) repair cards show the preserved target and the concrete one-turn recovery [0.22ms]
publish	Test and inspect the package	2026-10-05T18:07:35.9178226Z (pass) repair cards with a sent bootstrap show the explicit retry action [0.17ms]
publish	Test and inspect the package	2026-10-05T18:07:35.9178819Z (pass) active status does not make first-turn or long-idle gaps look green [0.26ms]
publish	Test and inspect the package	2026-10-05T18:07:35.9182956Z (pass) stream-proven work uses one compact status-bar HUD; the card stays quiet [0.46ms]
publish	Test and inspect the package	2026-10-05T18:07:35.9184455Z (pass) v0.34.95: queued + parked recovery surfaces 'parked on provider recovery' on the status line [0.14ms]
publish	Test and inspect the package	2026-10-05T18:07:35.9185164Z (pass) v0.34.95: queued WITHOUT a parked recovery does NOT show quota text (no false signal) [0.07ms]
publish	Test and inspect the package	2026-10-05T18:07:35.9185879Z (pass) v0.34.95: parked recovery on a WORKING goal does NOT show quota text (only queued needs the WHY) [0.07ms]
publish	Test and inspect the package	2026-10-05T18:07:35.9189481Z (pass) v0.34.97: status line shows '⏳ compacting…' during the post-compaction grace window [0.06ms]
publish	Test and inspect the package	2026-10-05T18:07:35.9190118Z (pass) v0.34.97: compacting chip is GONE after the 3-minute grace window [0.05ms]
publish	Test and inspect the package	2026-10-05T18:07:35.9190656Z (pass) v0.34.97: no compacting chip when lastCompactionAt is absent [0.04ms]
publish	Test and inspect the package	2026-10-05T18:07:35.9191249Z (pass) head owns liveness: WORKING status is static, the head carries the animated signal [0.08ms]
publish	Test and inspect the package	2026-10-05T18:07:35.9191832Z (pass) WORKING badge keeps semantic colors without decorative noise [0.16ms]
publish	Test and inspect the package	2026-10-05T18:07:35.9192294Z (pass) active goal with tasks shows progress [0.10ms]
publish	Test and inspect the package	2026-10-05T18:07:35.9192794Z (pass) stale interrupted goal is visibly orphaned, not normally active [0.18ms]
publish	Test and inspect the package	2026-10-05T18:07:35.9194243Z (pass) accepted continuation without a turn-start proof is not mislabeled as a lost host session [0.13ms]
publish	Test and inspect the package	2026-10-05T18:07:35.9200911Z (pass) lifecycle interruption keeps durable auditor disapproval feedback visible [0.59ms]
publish	Test and inspect the package	2026-10-05T18:07:35.9204209Z (pass) widget truncation is width-aware (v0.22.2) [0.39ms]
publish	Test and inspect the package	2026-10-05T18:07:35.9211994Z (pass) audit 2026-09-07: worker rows splice before the auditor block, never inside it [0.73ms]
publish	Test and inspect the package	2026-10-05T18:07:35.9215321Z (pass) widget lines reserve pi-tui's horizontal padding [0.35ms]
publish	Test and inspect the package	2026-10-05T18:07:35.9216393Z (pass) list policy footer: queued count, no duplicated 'list' [0.10ms]
publish	Test and inspect the package	2026-10-05T18:07:35.9218231Z (pass) goal policy footer says 'N queued' (v0.28.11 U10 — was the cryptic 'list N') [0.04ms]
publish	Test and inspect the package	2026-10-05T18:07:35.9219101Z (pass) widget names a list item as such and points at /list, not /goal [0.14ms]
publish	Test and inspect the package	2026-10-05T18:07:35.9220380Z (pass) long-running list card shows a truthful queue trail and immediate next item [0.14ms]
publish	Test and inspect the package	2026-10-05T18:07:35.9221699Z (pass) widget list item, last in queue: no '0 queued' [0.08ms]
publish	Test and inspect the package	2026-10-05T18:07:35.9222382Z (pass) widget goal policy keeps /goal status hint + list N prefix [0.10ms]
publish	Test and inspect the package	2026-10-05T18:07:35.9223855Z (pass) paused shows the reason [0.19ms]
publish	Test and inspect the package	2026-10-05T18:07:35.9226078Z (pass) runtime activity projection scopes goals and active loops to their own start boundary [0.18ms]
publish	Test and inspect the package	2026-10-05T18:07:35.9229522Z (pass) paused lifecycle projection names owner, queue, last activity, and next transition [0.35ms]
publish	Test and inspect the package	2026-10-05T18:07:35.9231791Z (pass) active/in-flight main-model recovery uses one compact card row [0.23ms]
publish	Test and inspect the package	2026-10-05T18:07:35.9235049Z (pass) standalone main-model recovery remains visible when no goal is active [0.31ms]
publish	Test and inspect the package	2026-10-05T18:07:35.9238437Z (pass) loop recovery remains visible while the loop is parked [0.25ms]
publish	Test and inspect the package	2026-10-05T18:07:35.9239933Z (pass) passed provider retryAt stays parked until recovery state clears [0.23ms]
publish	Test and inspect the package	2026-10-05T18:07:35.9245331Z (pass) paused decision without activity says no turn was observed and names the manual path [0.46ms]
publish	Test and inspect the package	2026-10-05T18:07:35.9255863Z (pass) v0.38.70: paused action card leads with the action, history rides after (field 20260920_152744) [1.06ms]
publish	Test and inspect the package	2026-10-05T18:07:35.9256988Z (pass) auditing keeps the footer compact while the widget shows the auditor's current tool [0.16ms]
publish	Test and inspect the package	2026-10-05T18:07:35.9258660Z (pass) v0.34.89: completed goal shows a dim one-line summary instead of a loud status claim [0.07ms]
publish	Test and inspect the package	2026-10-05T18:07:35.9259376Z (pass) v0.34.89: completed goal widget is ONE dim summary line (objective + duration, no verdict card) [0.12ms]
publish	Test and inspect the package	2026-10-05T18:07:35.9261489Z (pass) v0.34.91: completed goal summary shows the agent's completion recap, not the objective echo [0.24ms]
publish	Test and inspect the package	2026-10-05T18:07:35.9262489Z (pass) completed-goal TUI card shows the human outcome without technical recap labels [0.10ms]
publish	Test and inspect the package	2026-10-05T18:07:35.9263045Z (pass) v0.34.91: whitespace-only completion summary falls back to the objective [0.04ms]
publish	Test and inspect the package	2026-10-05T18:07:35.9263594Z (pass) v0.34.89: aborted goal summary names the reason + duration on one line [0.06ms]
publish	Test and inspect the package	2026-10-05T18:07:35.9264061Z (pass) v0.34.89: completed goal without a verdict does not fabricate one on the summary [0.04ms]
publish	Test and inspect the package	2026-10-05T18:07:35.9264695Z (pass) active loop shows iteration + best + stall [0.08ms]
publish	Test and inspect the package	2026-10-05T18:07:35.9266790Z (pass) active loop status names evidence-backed working, waiting, and idle states [0.19ms]
publish	Test and inspect the package	2026-10-05T18:07:35.9268954Z (pass) v0.29.15 — audit-loop widget names the metric instead of showing the raw grep ("that weird line") [0.12ms]
publish	Test and inspect the package	2026-10-05T18:07:35.9269491Z (pass) widget: nothing supervised → undefined [0.02ms]
publish	Test and inspect the package	2026-10-05T18:07:35.9269857Z (pass) widget: goal lines include objective, status, tokens, no footer [0.12ms]
publish	Test and inspect the package	2026-10-05T18:07:35.9271113Z (pass) widget: paused goal shows reason + suggestion [0.15ms]
publish	Test and inspect the package	2026-10-05T18:07:35.9273346Z (pass) widget: auditing shows auditor progress [0.21ms]
publish	Test and inspect the package	2026-10-05T18:07:35.9275899Z (pass) widget: interrupted completion claims render the named recovery-needed lifecycle, not auditor-running [0.23ms]
publish	Test and inspect the package	2026-10-05T18:07:35.9278911Z (pass) widget: a durable running claim without observed progress names its durable state [0.19ms]
publish	Test and inspect the package	2026-10-05T18:07:35.9282662Z (pass) auditor progress phases are explicit and retain worker activity [0.45ms]
publish	Test and inspect the package	2026-10-05T18:07:35.9284803Z (pass) worker-timeout display demotes stale progress to quiet without claiming LIVE [0.17ms]
publish	Test and inspect the package	2026-10-05T18:07:35.9288572Z (pass) detached auditor keeps compact footer liveness and detailed widget evidence without pausing MAIN [0.40ms]
publish	Test and inspect the package	2026-10-05T18:07:35.9290406Z (pass) detached auditor elapsed time keeps ticking between worker progress events [0.19ms]
publish	Test and inspect the package	2026-10-05T18:07:35.9293519Z (pass) detached recent auditor output is sanitized in live and awaiting-verdict widget paths [0.29ms]
publish	Test and inspect the package	2026-10-05T18:07:35.9295665Z (pass) v0.34.86: silent audits show a fine phase label (thinking… / writing report…) [0.18ms]
publish	Test and inspect the package	2026-10-05T18:07:35.9296788Z (pass) v0.34.86: silent audits show a report byte-counter instead of a dead timer [0.13ms]
publish	Test and inspect the package	2026-10-05T18:07:35.9299371Z (pass) v0.34.86: auditorProgressSignals off restores the plain timer-only card [0.22ms]
publish	Test and inspect the package	2026-10-05T18:07:35.9300422Z (pass) v0.34.86: live tail (auditorSilent off) is unaffected by the byte counter [0.13ms]
publish	Test and inspect the package	2026-10-05T18:07:35.9302555Z (pass) H-code: HUD liveness gate rejects clock-skewed lastActivityAt (future timestamps must not claim LIVE) [0.20ms]
publish	Test and inspect the package	2026-10-05T18:07:35.9308411Z (pass) auditor widget shows concrete worker observations without exposing think blocks [0.51ms]
publish	Test and inspect the package	2026-10-05T18:07:35.9310206Z (pass) v0.34.119: repeated auditor tool telemetry does not render a tool-name history [0.20ms]
publish	Test and inspect the package	2026-10-05T18:07:35.9311734Z (pass) v0.34.66: auditor stream is SILENT by default — no live tail, muted note instead [0.13ms]
publish	Test and inspect the package	2026-10-05T18:07:35.9317575Z (pass) v0.34.66: at the verdict the FINAL report shows even when silent [0.57ms]
publish	Test and inspect the package	2026-10-05T18:07:35.9322287Z (pass) v0.38.55: no spacer row between observations and the card footer (Screenshot 20260914) [0.31ms]
publish	Test and inspect the package	2026-10-05T18:07:35.9322929Z (pass) v0.38.55: no spacer is invented when there is no worker text [0.13ms]
publish	Test and inspect the package	2026-10-05T18:07:35.9327816Z (pass) v0.34.56: unmatched tool-event counts render ONLY with evidence (never a zero-fact observation) [0.39ms]
publish	Test and inspect the package	2026-10-05T18:07:35.9329443Z (pass) stale auditor snapshots show the last tool, not a fake current tool [0.15ms]
publish	Test and inspect the package	2026-10-05T18:07:35.9330607Z (pass) auditor startup does not claim worker activity before the first RPC event [0.14ms]
publish	Test and inspect the package	2026-10-05T18:07:35.9331251Z (pass) widget: loop lines include measure + metric state [0.15ms]
publish	Test and inspect the package	2026-10-05T18:07:35.9332399Z (pass) held loop alone → status segment + widget card (before: BOTH vanished) [0.18ms]
publish	Test and inspect the package	2026-10-05T18:07:35.9334513Z (pass) held loop + paused goal → both visible (status suffix + widget trailing line) [0.20ms]
publish	Test and inspect the package	2026-10-05T18:07:35.9335032Z (pass) held loop + active goal → status suffix present [0.06ms]
publish	Test and inspect the package	2026-10-05T18:07:35.9335811Z (pass) v0.34.89: held loop + completed goal → dim summary shows, held loop stays visible via suffix [0.05ms]
publish	Test and inspect the package	2026-10-05T18:07:35.9336518Z (pass) active loop unchanged; stopped loop stays invisible [0.07ms]
publish	Test and inspect the package	2026-10-05T18:07:35.9343249Z (pass) decision pause: banner + numbered options + recommended flagged (widget + status) [0.30ms]
publish	Test and inspect the package	2026-10-05T18:07:35.9344242Z (pass) v0.38.71: decision card renders the action before the options (field UI-SURVEY-2026-09-20) [0.45ms]
publish	Test and inspect the package	2026-10-05T18:07:35.9346904Z (pass) error pause: ACTION NEEDED banner, action line popped (widget + status) [0.23ms]
publish	Test and inspect the package	2026-10-05T18:07:35.9349333Z (pass) active auditor infrastructure failure is visible as blocked, not green progress [0.24ms]
publish	Test and inspect the package	2026-10-05T18:07:35.9352112Z (pass) v0.34.87: paused auditor no-verdict is parked, not host-bearing (surface separation) [0.25ms]
publish	Test and inspect the package	2026-10-05T18:07:35.9352903Z (pass) v0.34.87: a paused LIST item's parked line names /list resume and the queue [0.11ms]
publish	Test and inspect the package	2026-10-05T18:07:35.9356150Z (pass) MAIN activity is never represented as detached — the detached marker belongs only to the live auditor badge [0.20ms]
publish	Test and inspect the package	2026-10-05T18:07:35.9357543Z (pass) v0.34.57: MAIN host label is pinned to SUPERVISING by the MAIN_HOST_LABEL constant guard [0.24ms]
publish	Test and inspect the package	2026-10-05T18:07:35.9362138Z (pass) active auditor verdicts never masquerade as infrastructure no-verdict [0.40ms]
publish	Test and inspect the package	2026-10-05T18:07:35.9365345Z (pass) provider payloads stay out of durable disapproval widget feedback [0.35ms]
publish	Test and inspect the package	2026-10-05T18:07:35.9367862Z (pass) v0.34.64: retry-class pause shows uniform auto-retrying countdown; no QUOTA WALL anywhere [0.24ms]
publish	Test and inspect the package	2026-10-05T18:07:35.9369684Z (pass) v0.34.64: ambiguous (transient 503) recovery is shown with the same auto-retrying badge — no special 'wall' label [0.15ms]
publish	Test and inspect the package	2026-10-05T18:07:35.9372543Z (pass) v0.34.102: paused goal parked on mainModelRecovery renders as RECOVERING, not paused (widget head + card) [0.27ms]
publish	Test and inspect the package	2026-10-05T18:07:35.9373282Z (pass) v0.34.102: wait pause WITHOUT mainModelRecovery keeps the uniform auto-retrying shape [0.08ms]
publish	Test and inspect the package	2026-10-05T18:07:35.9394261Z (pass) v0.34.64: 24h horizon holds render as a paused card with the suggested action; no manual-resume wording [1.93ms]
publish	Test and inspect the package	2026-10-05T18:07:35.9395416Z (pass) main-model recovery manual hold does not claim a non-quota block [0.29ms]
publish	Test and inspect the package	2026-10-05T18:07:35.9397742Z (pass) blocked card carries one directive: timer names itself, otherwise resume [0.21ms]
publish	Test and inspect the package	2026-10-05T18:07:35.9398901Z (pass) v0.34.51: a passed quota resumeAt says resuming…, never the old 'retrying now' [0.10ms]
publish	Test and inspect the package	2026-10-05T18:07:35.9400757Z (pass) legacy pause (no kind): flat card unchanged; error-regex still classifies the status line [0.18ms]
publish	Test and inspect the package	2026-10-05T18:07:35.9403822Z (pass) v0.28.30: the widget card status line ALWAYS names the type (goal · / list item ·) [0.29ms]
publish	Test and inspect the package	2026-10-05T18:07:35.9437485Z (pass) v0.33.0: slim card — meter rounding guard, folded status segments, last-action line [3.29ms]
publish	Test and inspect the package	2026-10-05T18:07:35.9439682Z (pass) v0.38.27: widget task count — a closed parent covers its subtasks (ported from Bjynt's PR #45) [0.29ms]
publish	Test and inspect the package	2026-10-05T18:07:35.9465271Z (pass) v0.33.1: audit-batch — sanitize, head fits width, last restored, flag lifecycle [2.56ms]
publish	Test and inspect the package	2026-10-05T18:07:35.9492679Z (pass) v0.33.2: loop proactiveness + respec machinery [2.75ms]
publish	Test and inspect the package	2026-10-05T18:07:35.9494049Z (pass) v0.34.100: auditorSilent default is on in settings (every session model) [0.06ms]
publish	Test and inspect the package	2026-10-05T18:07:35.9517763Z (pass) v0.34.100: auditorSilent plumbing threads the loaded setting through extras [2.40ms]
publish	Test and inspect the package	2026-10-05T18:07:35.9541466Z (pass) v0.36.2: live UI repaint has a bounded cadence and diff guard [2.38ms]
publish	Test and inspect the package	2026-10-05T18:07:35.9546853Z (pass) v0.34.100: silent-default widget renders muted for ANY session model [0.51ms]
publish	Test and inspect the package	2026-10-05T18:07:35.9584911Z (pass) v0.34.96/v0.34.128: complete_goal detects 'already shipped' / 'verified vX covers this' / 'no new work shipped' — version-bearing aborts, version-less routes to the audit (SRC-pinned in display.test.ts) [3.68ms]
publish	Test and inspect the package	2026-10-05T18:07:35.9586441Z (pass) audit-2026-09-07: widget worker rows render bare glyph-first, no `agent: ` prefix [0.28ms]
publish	Test and inspect the package	2026-10-05T18:07:35.9588660Z (pass) audit-2026-09-06: status line honors the width budget [0.20ms]
publish	Test and inspect the package	2026-10-05T18:07:35.9597040Z (pass) audit-2026-09-06: truncate/wrap are cell-aware (CJK/emoji + surrogate-safe) [0.79ms]
publish	Test and inspect the package	2026-10-05T18:07:35.9598037Z (pass) version tail rides the paused branch too, not just active [0.10ms]
publish	Test and inspect the package	2026-10-05T18:07:35.9598299Z 
publish	Test and inspect the package	2026-10-05T18:07:35.9598639Z ##[endgroup]
publish	Test and inspect the package	2026-10-05T18:07:35.9603430Z 
publish	Test and inspect the package	2026-10-05T18:07:35.9603624Z ##[group]tests/durable-wait.test.mjs:
publish	Test and inspect the package	2026-10-05T18:07:36.2387075Z (pass) durable wait succeeds before its deadline and reports elapsed polling [85.17ms]
publish	Test and inspect the package	2026-10-05T18:07:36.2396222Z (pass) durable wait returns a real timeout instead of treating elapsed time as success [1.13ms]
publish	Test and inspect the package	2026-10-05T18:07:36.2397002Z (pass) a late done observation after the deadline is a timeout, not success [0.13ms]
publish	Test and inspect the package	2026-10-05T18:07:36.2405158Z (pass) archive-count waits use the same durable deadline and return the observed count [0.77ms]
publish	Test and inspect the package	2026-10-05T18:07:36.2411586Z (pass) a restarted waiter observes the same durable file without an old timer [0.64ms]
publish	Test and inspect the package	2026-10-05T18:07:36.2417218Z (pass) provider recovery is a terminal reason, never a false approval or timeout [0.56ms]
publish	Test and inspect the package	2026-10-05T18:07:36.2421180Z (pass) smoke harness uses the durable wait CLI for durable outcomes [0.36ms]
publish	Test and inspect the package	2026-10-05T18:07:36.2421679Z 
publish	Test and inspect the package	2026-10-05T18:07:36.2422098Z ##[endgroup]
publish	Test and inspect the package	2026-10-05T18:07:36.2425597Z 
publish	Test and inspect the package	2026-10-05T18:07:36.2425856Z ##[group]tests/pending-latch.test.ts:
publish	Test and inspect the package	2026-10-05T18:07:36.4307527Z (pass) watchdog fires on the field-observed shape: supervising + idle + pending + no timers + silent >= threshold [0.18ms]
publish	Test and inspect the package	2026-10-05T18:07:36.4308382Z (pass) watchdog does NOT fire when any guard fails [0.06ms]
publish	Test and inspect the package	2026-10-05T18:07:36.4309002Z (pass) threshold is 3 minutes (post-compaction settle is 2s; legit queue latency is seconds) [0.01ms]
publish	Test and inspect the package	2026-10-05T18:07:36.4309966Z (pass) heartbeat wiring: idle/pending split, watchdog branch, ledger event, wedge uses !idle, shared escalation [0.56ms]
publish	Test and inspect the package	2026-10-05T18:07:36.4311876Z (pass) the exact 'ℹ todo 0' junk line (enqueued as a /list item by the 0.26.2 reviewer) never classifies [0.16ms]
publish	Test and inspect the package	2026-10-05T18:07:36.4312244Z 
publish	Test and inspect the package	2026-10-05T18:07:36.4312716Z ##[endgroup]
publish	Test and inspect the package	2026-10-05T18:07:36.4637801Z 
publish	Test and inspect the package	2026-10-05T18:07:36.4638684Z ##[group]tests/context-checkpoint.test.ts:
publish	Test and inspect the package	2026-10-05T18:07:36.6532032Z (pass) authoritative checkpoint carries stable state only — no dynamic fields [0.80ms]
publish	Test and inspect the package	2026-10-05T18:07:36.6884732Z (pass) real continuation payload growth is bounded after checkpoint projection [35.71ms]
publish	Test and inspect the package	2026-10-05T18:07:36.6885693Z (pass) projection removes old goal events, inserts one checkpoint, and keeps newest payload [0.13ms]
publish	Test and inspect the package	2026-10-05T18:07:36.6886889Z (pass) one goal event is a no-op and does not inject a checkpoint [0.02ms]
publish	Test and inspect the package	2026-10-05T18:07:36.6887740Z (pass) zero-retention mode resynchronizes from the checkpoint without retaining payloads [0.03ms]
publish	Test and inspect the package	2026-10-05T18:07:36.6890182Z (pass) loop-only projection bounds repeated payloads and carries loop authority [0.62ms]
publish	Test and inspect the package	2026-10-05T18:07:36.6891833Z (pass) loop checkpoint is byte-stable across volatile loop progress (prefix-cache stability) [0.17ms]
publish	Test and inspect the package	2026-10-05T18:07:36.6928537Z (pass) context hook projects loop-only state and records loop authority [3.60ms]
publish	Test and inspect the package	2026-10-05T18:07:36.6934930Z (pass) paused goal plus active loop preserves both authorities in the checkpoint [0.64ms]
publish	Test and inspect the package	2026-10-05T18:07:36.6939943Z (pass) oversized paused goal plus active loop reserves required checkpoint fields [0.51ms]
publish	Test and inspect the package	2026-10-05T18:07:36.6946672Z (pass) context hook uses current durable state and records the projection [0.60ms]
publish	Test and inspect the package	2026-10-05T18:07:36.6947193Z (pass) audit-2026-09-06: marker text without customType is content, never control plane [0.11ms]
publish	Test and inspect the package	2026-10-05T18:07:36.6951077Z (pass) v0.38.54: context hook leaves the transcript alone by default (prefix-cache continuity) [0.37ms]
publish	Test and inspect the package	2026-10-05T18:07:36.6953067Z (pass) v0.38.54: junk contextCheckpointProjection normalizes to unset (default off) [0.21ms]
publish	Test and inspect the package	2026-10-05T18:07:36.6961892Z (pass) v0.38.54: settings menu carries the opt-in row, off by default [0.83ms]
publish	Test and inspect the package	2026-10-05T18:07:36.6962246Z 
publish	Test and inspect the package	2026-10-05T18:07:36.6962709Z ##[endgroup]
publish	Test and inspect the package	2026-10-05T18:07:36.6966485Z 
publish	Test and inspect the package	2026-10-05T18:07:36.6966835Z ##[group]tests/command-registration-collisions.test.ts:
publish	Test and inspect the package	2026-10-05T18:07:36.8852571Z (pass) v0.34.55: model — a collided name is suffixed for EVERY registrant; the bare name becomes unowned [0.35ms]
publish	Test and inspect the package	2026-10-05T18:07:36.8854093Z (pass) v0.34.55: model — within-extension re-registration is last-wins (Map.set), no self-collision [0.07ms]
publish	Test and inspect the package	2026-10-05T18:07:36.8855759Z (pass) v0.34.138: routing scan follows local imports and keeps winner paths portable [1.26ms]
publish	Test and inspect the package	2026-10-05T18:07:36.9194386Z (pass) v0.34.55: live rig — the routing table records duplicate-command routing and identifies the winning registration [34.00ms]
publish	Test and inspect the package	2026-10-05T18:07:36.9199078Z (pass) v0.35.47: every handled /list and /loop subcommand has a completion entry [0.71ms]
publish	Test and inspect the package	2026-10-05T18:07:36.9201822Z (pass) every canonical /glla action is discoverable in completions [0.29ms]
publish	Test and inspect the package	2026-10-05T18:07:36.9203883Z (pass) every handled /goal subcommand has a completion entry [0.19ms]
publish	Test and inspect the package	2026-10-05T18:07:36.9204130Z 
publish	Test and inspect the package	2026-10-05T18:07:36.9204536Z ##[endgroup]
publish	Test and inspect the package	2026-10-05T18:07:36.9209346Z 
publish	Test and inspect the package	2026-10-05T18:07:36.9209698Z ##[group]tests/long-term-preferences-boundary.test.ts:
publish	Test and inspect the package	2026-10-05T18:07:37.1141826Z (pass) continuation prompt has no auto-injected preference section [0.34ms]
publish	Test and inspect the package	2026-10-05T18:07:37.1515524Z (pass) no extension auto-prefers a remembered prose value [39.34ms]
publish	Test and inspect the package	2026-10-05T18:07:37.1516687Z (pass) Settings has no opaque free-form text field (typed boundary) [0.39ms]
publish	Test and inspect the package	2026-10-05T18:07:37.1587768Z (pass) saveSettings is the only writer to the settings JSON files [7.06ms]
publish	Test and inspect the package	2026-10-05T18:07:37.1588846Z (pass) goal-settings.ts header documents the long-term-preferences policy [0.11ms]
publish	Test and inspect the package	2026-10-05T18:07:37.1593757Z 
publish	Test and inspect the package	2026-10-05T18:07:37.1594122Z ##[endgroup]
publish	Test and inspect the package	2026-10-05T18:07:37.1594201Z 
publish	Test and inspect the package	2026-10-05T18:07:37.1594376Z ##[group]tests/load-without-autostart.test.ts:
publish	Test and inspect the package	2026-10-05T18:07:38.1115351Z (pass) v0.35.23: DEFAULT cold load restores + displays a pending goal but sends NOTHING and arms NO automation [761.84ms]
publish	Test and inspect the package	2026-10-05T18:07:38.6317076Z (pass) v0.35.23: DEFAULT cold load HELDS a persisted live loop instead of resuming its ticks [520.13ms]
publish	Test and inspect the package	2026-10-05T18:07:39.0965005Z (pass) v0.35.23: explicit autoResume:true restores load-time automation (opt-in = today's behavior) [464.78ms]
publish	Test and inspect the package	2026-10-05T18:07:39.7007743Z (pass) v0.35.23: /goal resume releases the load hold and re-arms automation [604.10ms]
publish	Test and inspect the package	2026-10-05T18:07:41.4167434Z (pass) v0.38.96: /glla resume releases the load hold BEFORE the manual-recovery probe (field 2026-09-23) [1715.45ms]
publish	Test and inspect the package	2026-10-05T18:07:41.8911417Z (pass) v0.38.96: /loop resume releases the load hold BEFORE the manual-recovery probe [474.89ms]
publish	Test and inspect the package	2026-10-05T18:07:42.3526495Z (pass) v0.35.23: /list next also releases the hold and starts the queued head [461.54ms]
publish	Test and inspect the package	2026-10-05T18:07:42.6420479Z (pass) completed project receipt does not create or retain a load hold (legacy=false) [289.30ms]
publish	Test and inspect the package	2026-10-05T18:07:42.9545548Z [run-tests] progress: 420s elapsed · 0s since last output · 254 KiB of suite output
publish	Test and inspect the package	2026-10-05T18:07:42.9761438Z (pass) completed project receipt does not create or retain a load hold (legacy=true) [334.16ms]
publish	Test and inspect the package	2026-10-05T18:07:43.2667094Z (pass) terminal receipt restore preserves an explicit supervisor pause [290.46ms]
publish	Test and inspect the package	2026-10-05T18:07:43.5772829Z (pass) a completed project beside a waiting queue still holds the unfinished queue [310.40ms]
publish	Test and inspect the package	2026-10-05T18:07:43.6045015Z (pass) terminal-only blank startup does not advertise work to resume [27.37ms]
publish	Test and inspect the package	2026-10-05T18:07:43.6045454Z 
publish	Test and inspect the package	2026-10-05T18:07:43.6045803Z ##[endgroup]
publish	Test and inspect the package	2026-10-05T18:07:43.6048177Z 
publish	Test and inspect the package	2026-10-05T18:07:43.6048572Z ##[group]tests/test-runner-lifecycle.test.ts:
publish	Test and inspect the package	2026-10-05T18:07:44.1771458Z (pass) runner propagates failing exit even when both pipes close before the child exits [362.86ms]
publish	Test and inspect the package	2026-10-05T18:07:44.2676787Z (pass) runner fails on SIGINT even when its child cooperatively exits zero [90.47ms]
publish	Test and inspect the package	2026-10-05T18:07:44.3619664Z (pass) runner fails on SIGTERM even when its child cooperatively exits zero [94.27ms]
publish	Test and inspect the package	2026-10-05T18:07:49.4485254Z (pass) runner escalates a child that ignores TERM and still reports interruption [5086.35ms]
publish	Test and inspect the package	2026-10-05T18:07:50.0977865Z (pass) runner reaps a TERM-ignoring group descendant after normal leader exit [649.54ms]
publish	Test and inspect the package	2026-10-05T18:07:50.1846249Z (pass) runner reaps a TERM-ignoring group descendant after signal leader exit [86.66ms]
publish	Test and inspect the package	2026-10-05T18:07:51.6062490Z (pass) runner reaps a registered detached worker and its TERM-ignoring descendant on normal exit [1421.69ms]
publish	Test and inspect the package	2026-10-05T18:07:52.8178357Z (pass) runner reaps a registered detached worker and its TERM-ignoring descendant on signal exit [1211.55ms]
publish	Test and inspect the package	2026-10-05T18:07:52.8226784Z (pass) registry refuses to signal a record naming a reused leader identity [4.92ms]
publish	Test and inspect the package	2026-10-05T18:07:52.8939364Z (pass) runner refuses a green suite after a swallowed primary registration write failure [71.12ms]
publish	Test and inspect the package	2026-10-05T18:07:52.9975161Z (pass) runner refuses a green suite after a swallowed obligation registration write failure [103.60ms]
publish	Test and inspect the package	2026-10-05T18:07:53.0957474Z (pass) parent runner fails after swallowed initial identity denial and restored reads [98.06ms]
publish	Test and inspect the package	2026-10-05T18:07:53.1725281Z (pass) runner retains cleanup evidence when its own initial registration refuses [76.81ms]
publish	Test and inspect the package	2026-10-05T18:07:53.1725667Z 
publish	Test and inspect the package	2026-10-05T18:07:53.1725922Z ##[endgroup]
publish	Test and inspect the package	2026-10-05T18:07:53.1962275Z 
publish	Test and inspect the package	2026-10-05T18:07:53.1963536Z ##[group]tests/loop-error-exemption.test.ts:
publish	Test and inspect the package	2026-10-05T18:07:53.9767162Z (pass) v0.29.19: provider-error turns are NOT iterations — no measure, no stall, no stuck; loop stays active [569.69ms]
publish	Test and inspect the package	2026-10-05T18:07:55.0472151Z (pass) v0.35.x: repeated in-band provider tool output parks recovery without loop stuck accounting [1070.64ms]
publish	Test and inspect the package	2026-10-05T18:07:55.3203362Z (pass) explicit in-band prompt-policy refusal stops a loop on its first pane [273.05ms]
publish	Test and inspect the package	2026-10-05T18:07:55.8544208Z (pass) v0.29.19: a real turn after errors clears the streak and measures normally [534.03ms]
publish	Test and inspect the package	2026-10-05T18:07:55.8544904Z (pass) v0.35.x: recoverable provider failures use the same durable recovery envelope [0.16ms]
publish	Test and inspect the package	2026-10-05T18:07:57.0421203Z (pass) v0.34.31: extended quota errors enter durable main-model recovery [1187.58ms]
publish	Test and inspect the package	2026-10-05T18:07:58.3675000Z (pass) v0.34.26: loop output-token exhaustion persists and notifies the compact recap [1325.28ms]
publish	Test and inspect the package	2026-10-05T18:07:58.8839740Z (pass) v0.29.19: 3 consecutive user aborts stop the loop — user aborts mean STOP [516.48ms]
publish	Test and inspect the package	2026-10-05T18:08:00.9890005Z (pass) v0.29.19: audit plateau with OPEN findings stands down (reprieve), then stops honestly when reprieves run out [2104.99ms]
publish	Test and inspect the package	2026-10-05T18:08:01.3570125Z (pass) v0.29.20: a plain plateau stop is resumable (pre-gate false plateaus recover) [368.02ms]
publish	Test and inspect the package	2026-10-05T18:08:01.5470394Z (pass) v0.29.19: audit plateau with ZERO open findings stops normally — the well is dry [187.16ms]
publish	Test and inspect the package	2026-10-05T18:08:01.5470939Z 
publish	Test and inspect the package	2026-10-05T18:08:01.5471425Z ##[endgroup]
publish	Test and inspect the package	2026-10-05T18:08:01.5471700Z 
publish	Test and inspect the package	2026-10-05T18:08:01.5472068Z ##[group]tests/runtime-globals-contract.test.ts:
publish	Test and inspect the package	2026-10-05T18:08:01.7657150Z (pass) runtime global bridge has one typed declaration for every registration [31.06ms]
publish	Test and inspect the package	2026-10-05T18:08:01.7658749Z (pass) audit-2026-09-06: runtime globals register exactly once per process [0.35ms]
publish	Test and inspect the package	2026-10-05T18:08:01.7659066Z 
publish	Test and inspect the package	2026-10-05T18:08:01.7659385Z ##[endgroup]
publish	Test and inspect the package	2026-10-05T18:08:01.7662593Z 
publish	Test and inspect the package	2026-10-05T18:08:01.7662880Z ##[group]tests/objective-conflict.test.ts:
publish	Test and inspect the package	2026-10-05T18:08:02.1155096Z (pass) C7: declining the conflict confirm ends the update — no retry re-prompt [164.04ms]
publish	Test and inspect the package	2026-10-05T18:08:02.2851372Z (pass) C7 control: accepting the conflict confirm applies the whole-objective update [166.36ms]
publish	Test and inspect the package	2026-10-05T18:08:02.2852040Z 
publish	Test and inspect the package	2026-10-05T18:08:02.2852633Z ##[endgroup]
publish	Test and inspect the package	2026-10-05T18:08:02.2852934Z 
publish	Test and inspect the package	2026-10-05T18:08:02.2853372Z ##[group]tests/auditor-payload-escaping.test.ts:
publish	Test and inspect the package	2026-10-05T18:08:02.4614879Z (pass) auditor payload escaping keeps XML-like delimiters inside untrusted data [0.61ms]
publish	Test and inspect the package	2026-10-05T18:08:02.4615458Z 
publish	Test and inspect the package	2026-10-05T18:08:02.4616138Z ##[endgroup]
publish	Test and inspect the package	2026-10-05T18:08:02.4616430Z 
publish	Test and inspect the package	2026-10-05T18:08:02.4617023Z ##[group]tests/post-accept-hang-retry.test.ts:
publish	Test and inspect the package	2026-10-05T18:08:02.6997513Z (pass) v0.35.x zombieRetryDecision: repeated silence consumes the configured retry budget [0.60ms]
publish	Test and inspect the package	2026-10-05T18:08:02.6998355Z (pass) v0.35.x zombieRetryDecision: exhaustion refuses without a retry storm [0.09ms]
publish	Test and inspect the package	2026-10-05T18:08:02.6998961Z (pass) v0.35.x zombieRetryDecision: a different owner key always gets its own budget [0.05ms]
publish	Test and inspect the package	2026-10-05T18:08:02.6999514Z (pass) v0.35.x production retry defaults stay finite and bounded [0.18ms]
publish	Test and inspect the package	2026-10-05T18:08:02.7000696Z (pass) v0.35.17 source: the auto-retry is armed inside abortZombieRun behind the streak decision [0.25ms]
publish	Test and inspect the package	2026-10-05T18:08:02.7001641Z (pass) v0.35.17 source: the retry timer respects /glla pause and only clears ITS OWN park [0.10ms]
publish	Test and inspect the package	2026-10-05T18:08:02.7002336Z (pass) v0.35.x source: the user-facing copy announces the bounded retry budget [0.06ms]
publish	Test and inspect the package	2026-10-05T18:08:03.3753158Z (pass) v0.35.x behavioral: a hung post-accept turn aborts, parks, then AUTO-resumes within the budget [674.80ms]
publish	Test and inspect the package	2026-10-05T18:08:04.3186154Z (pass) v0.35.x behavioral: repeated zero-stream aborts retry until exhaustion, then stay parked [943.28ms]
publish	Test and inspect the package	2026-10-05T18:08:04.6692620Z (pass) v0.35.17 behavioral: /glla pause during the waystation freezes the automatic retry [350.63ms]
publish	Test and inspect the package	2026-10-05T18:08:04.6692907Z 
publish	Test and inspect the package	2026-10-05T18:08:04.6693173Z ##[endgroup]
publish	Test and inspect the package	2026-10-05T18:08:04.6695591Z 
publish	Test and inspect the package	2026-10-05T18:08:04.6695844Z ##[group]tests/quota-park-reroute.test.ts:
publish	Test and inspect the package	2026-10-05T18:08:05.1504448Z (pass) quota evidence: a subagent 429 tool error is recorded on the goal [290.89ms]
publish	Test and inspect the package	2026-10-05T18:08:05.3967568Z (pass) quota reroute: blocked park with fresh evidence becomes a supervised wait [246.27ms]
publish	Test and inspect the package	2026-10-05T18:08:05.5544938Z (pass) quota reroute: quota wording in the reason needs no evidence [157.76ms]
publish	Test and inspect the package	2026-10-05T18:08:05.7183140Z (pass) quota reroute: ordinary and stale-evidence parks are untouched [163.68ms]
publish	Test and inspect the package	2026-10-05T18:08:05.7183817Z 
publish	Test and inspect the package	2026-10-05T18:08:05.7184397Z ##[endgroup]
publish	Test and inspect the package	2026-10-05T18:08:05.7184730Z 
publish	Test and inspect the package	2026-10-05T18:08:05.7185114Z ##[group]tests/settings-menu-complete.test.ts:
publish	Test and inspect the package	2026-10-05T18:08:05.8943339Z (pass) every row carries every required column field [1.37ms]
publish	Test and inspect the package	2026-10-05T18:08:05.8945293Z (pass) role-specific tabs keep each agent's model, thinking, and fallback controls together [0.12ms]
publish	Test and inspect the package	2026-10-05T18:08:05.9247727Z (pass) every row's section is one of the 8 known section ids (no orphans) [30.35ms]
publish	Test and inspect the package	2026-10-05T18:08:05.9253887Z (pass) main-agent tab starts with the runtime agent; drafter and subagent chains have their own tabs [0.78ms]
publish	Test and inspect the package	2026-10-05T18:08:05.9259619Z (pass) main fallback row explains ordered, deselectable selection [0.56ms]
publish	Test and inspect the package	2026-10-05T18:08:05.9263750Z (pass) role rows show each selected model with requested/effective thinking [0.44ms]
publish	Test and inspect the package	2026-10-05T18:08:05.9267116Z (pass) v0.36.0: unset auditor thinking mirrors the parent session and the fallback row uses the main shape [0.33ms]
publish	Test and inspect the package	2026-10-05T18:08:05.9270004Z (pass) inherited drafter and auditor model rows identify the session category [0.29ms]
publish	Test and inspect the package	2026-10-05T18:08:05.9272829Z (pass) all embedded subagent types expose editable fallback-chain rows [0.28ms]
publish	Test and inspect the package	2026-10-05T18:08:05.9275945Z (pass) key rows from v0.27.0 settings menu are all present (menu coverage contract) [0.30ms]
publish	Test and inspect the package	2026-10-05T18:08:05.9280876Z (pass) descriptions and values carry no version-tag chrome (v0.34.25) [0.47ms]
publish	Test and inspect the package	2026-10-05T18:08:05.9307657Z (pass) rows map 1:1 to dispatchable ids (every id can drive a handler) [2.69ms]
publish	Test and inspect the package	2026-10-05T18:08:05.9311132Z (pass) main fallback row shows the persisted numbered try order and truthful runtime semantics [0.33ms]
publish	Test and inspect the package	2026-10-05T18:08:05.9319553Z (pass) auditorAllowedExtensions valueText is a count — never joined absolute paths (screen-size crash) [0.80ms]
publish	Test and inspect the package	2026-10-05T18:08:05.9322044Z (pass) valueText derives from settings (effective values surface for each row) [0.29ms]
publish	Test and inspect the package	2026-10-05T18:08:05.9326840Z (pass) default fallbacks surface when settings + provenance both missing [0.47ms]
publish	Test and inspect the package	2026-10-05T18:08:05.9332915Z (pass) default fallbacks follow the effective aggressive matrix (explicit off → base values) [0.55ms]
publish	Test and inspect the package	2026-10-05T18:08:05.9336252Z (pass) effective resolution names the real session model for inherit-parent [0.37ms]
publish	Test and inspect the package	2026-10-05T18:08:05.9339766Z (pass) provenance flows into sourceText (project/global/default tags) [0.34ms]
publish	Test and inspect the package	2026-10-05T18:08:05.9343569Z (pass) haiku mention is dropped from any valueText / description / sourceText [0.35ms]
publish	Test and inspect the package	2026-10-05T18:08:05.9346718Z (pass) headless `/glla` fallback keeps stall brakes and the v0.34.127 sync list [0.32ms]
publish	Test and inspect the package	2026-10-05T18:08:05.9368270Z (pass) the legacy flat-row startsWith logic is removed (no more `──` section headers in code) [2.09ms]
publish	Test and inspect the package	2026-10-05T18:08:05.9369755Z (pass) /glla tooloverride still routes headlessly (regression: subsystems unchanged) [0.22ms]
publish	Test and inspect the package	2026-10-05T18:08:05.9371695Z (pass) postaudit and reviewer routes both open the reviewer menu (back-compat) [0.20ms]
publish	Test and inspect the package	2026-10-05T18:08:05.9375388Z (pass) stateRoot: one global-only row with the workingDir default [0.35ms]
publish	Test and inspect the package	2026-10-05T18:08:05.9379750Z (pass) v0.28.20: no bracket/paren chrome — VALUE and SOURCE render bare [0.42ms]
publish	Test and inspect the package	2026-10-05T18:08:05.9398458Z (pass) audit-2026-09-06: settings TUI tabs row is truncated to terminal width [1.26ms]
publish	Test and inspect the package	2026-10-05T18:08:05.9400809Z (pass) audit 2026-09-06: normalizeLoadedSettings resets junk numerics/enums/strings to unset [0.82ms]
publish	Test and inspect the package	2026-10-05T18:08:05.9438101Z (pass) settings provenance reports normalized effective values, not rejected raw junk [3.69ms]
publish	Test and inspect the package	2026-10-05T18:08:05.9443922Z (pass) audit 2026-09-06: legacy reviewer block migrates to postaudit [0.61ms]
publish	Test and inspect the package	2026-10-05T18:08:05.9445971Z (pass) audit 2026-09-07 (LOW, findings 392-394): quiet copy names the count line at every surface [0.21ms]
publish	Test and inspect the package	2026-10-05T18:08:05.9498738Z (pass) settings table fits narrow terminals with details both hidden and visible [4.69ms]
publish	Test and inspect the package	2026-10-05T18:08:05.9498978Z 
publish	Test and inspect the package	2026-10-05T18:08:05.9499248Z ##[endgroup]
publish	Test and inspect the package	2026-10-05T18:08:05.9499325Z 
publish	Test and inspect the package	2026-10-05T18:08:05.9499492Z ##[group]tests/mode-command-guidance.test.ts:
publish	Test and inspect the package	2026-10-05T18:08:06.1377777Z (pass) mode-aware helpers exist and route by policy [0.57ms]
publish	Test and inspect the package	2026-10-05T18:08:06.1773141Z (pass) no hardcoded /goal <cmd> literals remain in generated guidance (goal.ts) [40.10ms]
publish	Test and inspect the package	2026-10-05T18:08:06.1826793Z (pass) loop-policy recovery guidance interpolates recoverySurfaceCommand (v0.34.108) [5.54ms]
publish	Test and inspect the package	2026-10-05T18:08:06.1827524Z (pass) widget resume hints are mode-aware ternaries (display.ts) [0.10ms]
publish	Test and inspect the package	2026-10-05T18:08:06.3649572Z (pass) goal-policy pause notifies with /goal resume [177.38ms]
publish	Test and inspect the package	2026-10-05T18:08:06.5390578Z (pass) list-policy pause notifies with /list resume [176.55ms]
publish	Test and inspect the package	2026-10-05T18:08:06.5424275Z (pass) widget wait countdown is uniform auto-retrying (no manual resume hint — v0.34.64) [5.32ms]
publish	Test and inspect the package	2026-10-05T18:08:06.5428360Z (pass) widget no-verdict fallback action is mode-aware [0.52ms]
publish	Test and inspect the package	2026-10-05T18:08:06.5428850Z 
publish	Test and inspect the package	2026-10-05T18:08:06.5429320Z ##[endgroup]
publish	Test and inspect the package	2026-10-05T18:08:06.5457379Z 
publish	Test and inspect the package	2026-10-05T18:08:06.5478746Z ##[group]tests/zombie-subagent-tool-name.test.ts:
publish	Test and inspect the package	2026-10-05T18:08:06.8963509Z (pass) v0.35.26 #13: an in-flight 'subagent' call stands down the zombie abort until it settles [50.14ms]
publish	Test and inspect the package	2026-10-05T18:08:06.9036119Z (pass) v0.35.26 #13: the blocking 'subagent_wait' tool gets the same stand-down [8.94ms]
publish	Test and inspect the package	2026-10-05T18:08:06.9053781Z (pass) v0.35.26 #13: both watchdog sites consume the shared isSubagentWaitCall name set [0.26ms]
publish	Test and inspect the package	2026-10-05T18:08:06.9054496Z 
publish	Test and inspect the package	2026-10-05T18:08:06.9055079Z ##[endgroup]
publish	Test and inspect the package	2026-10-05T18:08:06.9055164Z 
publish	Test and inspect the package	2026-10-05T18:08:06.9055340Z ##[group]tests/loop-branch-ownership.test.ts:
publish	Test and inspect the package	2026-10-05T18:08:07.1644347Z Switched to a new branch 'pi-glla-loop/test'
publish	Test and inspect the package	2026-10-05T18:08:07.1724254Z Switched to branch 'main'
publish	Test and inspect the package	2026-10-05T18:08:07.1961913Z (pass) active branch loop parks before commit when HEAD moved to the user's branch [73.60ms]
publish	Test and inspect the package	2026-10-05T18:08:07.2130341Z Switched to a new branch 'pi-glla-loop/commit-fail'
publish	Test and inspect the package	2026-10-05T18:08:07.2388775Z (pass) terminal commit failure preserves the uncommitted iteration and skips destructive finish [42.59ms]
publish	Test and inspect the package	2026-10-05T18:08:07.2584836Z Switched to a new branch 'pi-glla-loop/reset-fail'
publish	Test and inspect the package	2026-10-05T18:08:07.3141375Z (pass) reset failure during finish keeps the terminal branch and never attempts checkout [74.61ms]
publish	Test and inspect the package	2026-10-05T18:08:07.3506298Z Switched to a new branch 'pi-glla-loop/stop-guard'
publish	Test and inspect the package	2026-10-05T18:08:07.3568732Z Switched to branch 'main'
publish	Test and inspect the package	2026-10-05T18:08:07.3785428Z (pass) /loop stop on a branch-mode loop parked on a foreign branch attempts no reset or checkout [65.02ms]
publish	Test and inspect the package	2026-10-05T18:08:07.4269133Z Switched to a new branch 'pi-glla-loop/stop-mid-tick'
publish	Test and inspect the package	2026-10-05T18:08:07.5441532Z Switched to branch 'main'
publish	Test and inspect the package	2026-10-05T18:08:07.5624791Z (pass) /loop stop mid-tick still restores the original branch (no false branch-changed park) [183.17ms]
publish	Test and inspect the package	2026-10-05T18:08:07.6319140Z Switched to a new branch 'pi-glla-loop/stop-commit-inflight'
publish	Test and inspect the package	2026-10-05T18:08:07.8609519Z Switched to branch 'main'
publish	Test and inspect the package	2026-10-05T18:08:07.8751083Z (pass) /loop stop mid-tick commits the in-flight iteration instead of resetting it away [312.40ms]
publish	Test and inspect the package	2026-10-05T18:08:07.8829341Z (pass) commitPendingTerminalWork is module scope and finishLoopGit commits before its reset (source pin) [0.32ms]
publish	Test and inspect the package	2026-10-05T18:08:07.8838925Z (pass) parkLoopOnWrongBranch consults HEAD before the in-flight tick guard (source pin) [0.13ms]
publish	Test and inspect the package	2026-10-05T18:08:07.9197080Z Switched to a new branch 'pi-glla-loop/resumable-park'
publish	Test and inspect the package	2026-10-05T18:08:07.9288800Z Switched to branch 'main'
publish	Test and inspect the package	2026-10-05T18:08:07.9348668Z Switched to branch 'pi-glla-loop/resumable-park'
publish	Test and inspect the package	2026-10-05T18:08:07.9593474Z (pass) a branch-changed park is resumable: /loop resume on the scratch branch keeps the loop's history [83.50ms]
publish	Test and inspect the package	2026-10-05T18:08:07.9608975Z (pass) v0.38.104: the branch-changed park names the loop surface and is in RESUMABLE_STOP (source pins) [0.36ms]
publish	Test and inspect the package	2026-10-05T18:08:07.9609710Z 
publish	Test and inspect the package	2026-10-05T18:08:07.9610186Z ##[endgroup]
publish	Test and inspect the package	2026-10-05T18:08:07.9610476Z 
publish	Test and inspect the package	2026-10-05T18:08:07.9610823Z ##[group]tests/tool-overrides.test.ts:
publish	Test and inspect the package	2026-10-05T18:08:08.1571419Z (pass) Settings type accepts toolOverrides (allow / hide / perToolConfig) [0.35ms]
publish	Test and inspect the package	2026-10-05T18:08:08.1586803Z (pass) SETTINGS_KEYS includes toolOverrides for provenance tracking [0.07ms]
publish	Test and inspect the package	2026-10-05T18:08:08.1892739Z (pass) goal.ts ensureAgentToolsActive applies toolOverrides.allow and .hide [32.16ms]
publish	Test and inspect the package	2026-10-05T18:08:08.1893873Z (pass) /glla tooloverride keyword routes to cmdToolOverride [0.32ms]
publish	Test and inspect the package	2026-10-05T18:08:08.1895245Z (pass) cmdToolOverride supports allow / hide / unallow / unhide / set / unset / list [0.16ms]
publish	Test and inspect the package	2026-10-05T18:08:08.1898481Z (pass) parseToolOverrideValue coerces booleans, numbers, JSON; else string [0.31ms]
publish	Test and inspect the package	2026-10-05T18:08:08.1899699Z (pass) reviewer 4-mode set (off | on | auto | aggressive) is the contract surface [0.09ms]
publish	Test and inspect the package	2026-10-05T18:08:08.1900437Z (pass) legacy 'default' and 'report' modes auto-migrate to 'on' in resolveReviewerConfig [0.08ms]
publish	Test and inspect the package	2026-10-05T18:08:08.1902496Z (pass) paused widget renders `awaiting first turn` for zero-telemetry (literal contract) [0.22ms]
publish	Test and inspect the package	2026-10-05T18:08:08.1903214Z (pass) auditor prompt (extensions/goal-loop-auditor.ts) carries the chunk-near-context-full hint [0.08ms]
publish	Test and inspect the package	2026-10-05T18:08:08.1903446Z 
publish	Test and inspect the package	2026-10-05T18:08:08.1903706Z ##[endgroup]
publish	Test and inspect the package	2026-10-05T18:08:08.1908426Z 
publish	Test and inspect the package	2026-10-05T18:08:08.1908647Z ##[group]tests/continuation-start-self-heal.test.ts:
publish	Test and inspect the package	2026-10-05T18:08:08.3789139Z (pass) v0.38.104: the self-heal cadence is bounded on both sides [0.51ms]
publish	Test and inspect the package	2026-10-05T18:08:09.0327625Z (pass) v0.38.104: an unacknowledged turn start self-heals instead of demanding a human [654.62ms]
publish	Test and inspect the package	2026-10-05T18:08:09.0330429Z (pass) v0.38.104: a turn-start proof resets the budget even when no timer is armed [0.51ms]
publish	Test and inspect the package	2026-10-05T18:08:09.0330771Z 
publish	Test and inspect the package	2026-10-05T18:08:09.0331082Z ##[endgroup]
publish	Test and inspect the package	2026-10-05T18:08:09.0335088Z 
publish	Test and inspect the package	2026-10-05T18:08:09.0335407Z ##[group]tests/approved-audit-settles.test.ts:
publish	Test and inspect the package	2026-10-05T18:08:09.7301448Z (pass) an approved stored claim settles and never falls into the residual-failure tail [448.76ms]
publish	Test and inspect the package	2026-10-05T18:08:09.7302232Z (pass) v0.38.104: the approval branch terminates after the settlement driver [0.13ms]
publish	Test and inspect the package	2026-10-05T18:08:09.7302651Z 
publish	Test and inspect the package	2026-10-05T18:08:09.7303169Z ##[endgroup]
publish	Test and inspect the package	2026-10-05T18:08:09.7303284Z 
publish	Test and inspect the package	2026-10-05T18:08:09.7303530Z ##[group]tests/glla-stale-context.test.ts:
publish	Test and inspect the package	2026-10-05T18:08:10.3319159Z (pass) v0.34.52: bare /glla on a stale handle is refused — standard recovery message, UI never opens, settings untouched [406.33ms]
publish	Test and inspect the package	2026-10-05T18:08:10.6948236Z (pass) v0.34.52: mutating /glla actions (wipe, cancel, resume, reviewer, postaudit, tooloverride) are all refused on a stale handle [362.96ms]
publish	Test and inspect the package	2026-10-05T18:08:11.0916219Z (pass) v0.34.52: /glla status, log, stats, audits stay usable on a stale handle (inspect, don't mutate) [396.83ms]
publish	Test and inspect the package	2026-10-05T18:08:11.5757600Z (pass) audit 2026-09-07 (LOW, finding 399): bare `/glla fallbacks` is a read-only display — allowed on a stale handle; `fallbacks clear` still mutates and is refused [484.06ms]
publish	Test and inspect the package	2026-10-05T18:08:12.2770322Z (pass) v0.34.52: the standard recovery — a fresh session reopens the settings UI and owns the next /glla [701.24ms]
publish	Test and inspect the package	2026-10-05T18:08:12.2773232Z (pass) v0.35.72: source — settings rechecks admission after the menu and before saves [0.55ms]
publish	Test and inspect the package	2026-10-05T18:08:12.2779313Z (pass) v0.34.52: source — cmdSettings captures the entry probe and gates the settings entry + mutating actions [0.59ms]
publish	Test and inspect the package	2026-10-05T18:08:12.2779691Z 
publish	Test and inspect the package	2026-10-05T18:08:12.2780024Z ##[endgroup]
publish	Test and inspect the package	2026-10-05T18:08:12.2784054Z 
publish	Test and inspect the package	2026-10-05T18:08:12.2784418Z ##[group]tests/objective-loss-lifecycle.test.ts:
publish	Test and inspect the package	2026-10-05T18:08:12.5082050Z (pass) production session_start registers the host session root before restore [42.40ms]
publish	Test and inspect the package	2026-10-05T18:08:12.5709649Z (pass) fresh processes reload session-root state across a cwd switch [62.52ms]
publish	Test and inspect the package	2026-10-05T18:08:12.5716486Z (pass) cancel and wipe defer safely while sessionDir is unresolved [1.04ms]
publish	Test and inspect the package	2026-10-05T18:08:12.5916896Z (pass) cancel and wipe archive live state under the registered session root [18.48ms]
publish	Test and inspect the package	2026-10-05T18:08:12.5917281Z 
publish	Test and inspect the package	2026-10-05T18:08:12.5918666Z ##[endgroup]
publish	Test and inspect the package	2026-10-05T18:08:12.5922348Z 
publish	Test and inspect the package	2026-10-05T18:08:12.5923130Z ##[group]tests/length-exhaustion-relentless.test.ts:
publish	Test and inspect the package	2026-10-05T18:08:12.7741659Z (pass) hot context with fallback refs rotates to a larger-context model [0.12ms]
publish	Test and inspect the package	2026-10-05T18:08:12.7742300Z (pass) hot context at the 90% boundary still rotates [0.02ms]
publish	Test and inspect the package	2026-10-05T18:08:12.7742798Z (pass) hot context without fallback refs defers to auto-compaction [0.01ms]
publish	Test and inspect the package	2026-10-05T18:08:12.7743374Z (pass) roomy context grants one fresh budget, never an immediate manual park [0.02ms]
publish	Test and inspect the package	2026-10-05T18:08:12.7743970Z (pass) exhaustion episodes: first wedge stays relentless, second parks [0.08ms]
publish	Test and inspect the package	2026-10-05T18:08:12.7744992Z (pass) exhaustion episodes degrade garbage to a fresh first episode [0.02ms]
publish	Test and inspect the package	2026-10-05T18:08:12.7745694Z (pass) unknown context heat degrades to fresh-budget, never rotate [0.02ms]
publish	Test and inspect the package	2026-10-05T18:08:12.7745983Z 
publish	Test and inspect the package	2026-10-05T18:08:12.7746325Z ##[endgroup]
publish	Test and inspect the package	2026-10-05T18:08:12.7746437Z 
publish	Test and inspect the package	2026-10-05T18:08:12.7746709Z ##[group]tests/subagent-host-boundary.test.ts:
publish	Test and inspect the package	2026-10-05T18:08:12.9549729Z [run-tests] progress: 450s elapsed · 0s since last output · 268 KiB of suite output
publish	Test and inspect the package	2026-10-05T18:08:13.0057160Z (pass) v0.35.62: a worker cannot be the first claimant, while host telemetry still records Explore [48.99ms]
publish	Test and inspect the package	2026-10-05T18:08:13.0119837Z (pass) v0.35.62: foreign slash commands cannot mutate the host list [6.30ms]
publish	Test and inspect the package	2026-10-05T18:08:13.0214252Z (pass) v0.35.62: persistent workers cannot masquerade as silent host successors [8.56ms]
publish	Test and inspect the package	2026-10-05T18:08:13.0289487Z (pass) v0.35.72: state-root read-only denial hints at sessionDir via the MAIN-owner refusal [7.37ms]
publish	Test and inspect the package	2026-10-05T18:08:13.0289898Z 
publish	Test and inspect the package	2026-10-05T18:08:13.0290385Z ##[endgroup]
publish	Test and inspect the package	2026-10-05T18:08:13.0290501Z 
publish	Test and inspect the package	2026-10-05T18:08:13.0290743Z ##[group]tests/glla-version.test.ts:
publish	Test and inspect the package	2026-10-05T18:08:13.2769290Z (pass) /glla version reads the installed package metadata and exposes a registry check [28.54ms]
publish	Test and inspect the package	2026-10-05T18:08:13.2775091Z (pass) /glla version names staleness and the update path when the sidecar proves it [0.83ms]
publish	Test and inspect the package	2026-10-05T18:08:13.2775778Z (pass) package and lock metadata stay synchronized for version reporting [0.08ms]
publish	Test and inspect the package	2026-10-05T18:08:13.2778764Z (pass) /glla version is registered, autocompleted, and read-only routed [0.29ms]
publish	Test and inspect the package	2026-10-05T18:08:13.2782637Z (pass) unknown running version makes no staleness claim either way [0.38ms]
publish	Test and inspect the package	2026-10-05T18:08:13.2785390Z (pass) compareVersions is strictly numeric: prereleases never equal releases [0.06ms]
publish	Test and inspect the package	2026-10-05T18:08:13.2785901Z (pass) updateCheckPath defaults to the cwd state dir [0.03ms]
publish	Test and inspect the package	2026-10-05T18:08:13.2786135Z 
publish	Test and inspect the package	2026-10-05T18:08:13.2786494Z ##[endgroup]
publish	Test and inspect the package	2026-10-05T18:08:13.2788562Z 
publish	Test and inspect the package	2026-10-05T18:08:13.2788857Z ##[group]tests/finding-lead-contract.test.ts:
publish	Test and inspect the package	2026-10-05T18:08:13.4665622Z (pass) canonical and legacy Lead inputs render the same outcome/evidence [0.86ms]
publish	Test and inspect the package	2026-10-05T18:08:13.4666744Z (pass) legacy topical and semantic labels are not exposed as finding labels [0.47ms]
publish	Test and inspect the package	2026-10-05T18:08:13.4670515Z (pass) technical-only legacy claims stay out of default chat [0.28ms]
publish	Test and inspect the package	2026-10-05T18:08:13.5015419Z (pass) archive table uses outcome/evidence columns and keeps proof [34.35ms]
publish	Test and inspect the package	2026-10-05T18:08:13.5017436Z (pass) widget projects the normalized outcome without legacy Lead or technical labels [0.55ms]
publish	Test and inspect the package	2026-10-05T18:08:13.5031776Z (pass) terminal and archive human sections share the What Changed contract [1.22ms]
publish	Test and inspect the package	2026-10-05T18:08:13.5032400Z (pass) normalization is raw-preserving and does not split path/version colons [0.10ms]
publish	Test and inspect the package	2026-10-05T18:08:13.5033074Z (pass) normalization strips dash-separated label prefixes (Lead –/Tests –) [0.10ms]
publish	Test and inspect the package	2026-10-05T18:08:13.5033960Z (pass) archive preserves technical group findings and Verdict details as evidence instead of dropping them [0.21ms]
publish	Test and inspect the package	2026-10-05T18:08:13.5034777Z (pass) chat still suppresses technical findings after the archive-preservation fix [0.09ms]
publish	Test and inspect the package	2026-10-05T18:08:13.5035041Z 
publish	Test and inspect the package	2026-10-05T18:08:13.5035420Z ##[endgroup]
publish	Test and inspect the package	2026-10-05T18:08:13.5039652Z 
publish	Test and inspect the package	2026-10-05T18:08:13.5039920Z ##[group]tests/stats-outcomes.test.ts:
publish	Test and inspect the package	2026-10-05T18:08:13.6950584Z (pass) outcomes: completed/aborted/open counts with the run-to-done split [0.57ms]
publish	Test and inspect the package	2026-10-05T18:08:13.6951320Z (pass) outcomes: rounds, wall-clock, and tokens average over known data only [0.16ms]
publish	Test and inspect the package	2026-10-05T18:08:13.6951952Z (pass) outcomes: unknown archive statuses are ignored, empty ledgers are zeroed [0.12ms]
publish	Test and inspect the package	2026-10-05T18:08:13.6952507Z (pass) outcomes: table and JSON formats mirror the schema [0.64ms]
publish	Test and inspect the package	2026-10-05T18:08:13.6952747Z 
publish	Test and inspect the package	2026-10-05T18:08:13.6953084Z ##[endgroup]
publish	Test and inspect the package	2026-10-05T18:08:13.6953197Z 
publish	Test and inspect the package	2026-10-05T18:08:13.6953466Z ##[group]tests/completion-summary-lines.test.ts:
publish	Test and inspect the package	2026-10-05T18:08:13.8864056Z (pass) clip cuts at a word boundary, never mid-word [0.27ms]
publish	Test and inspect the package	2026-10-05T18:08:13.8865168Z (pass) clip hard-cuts only long tokens without spaces [0.10ms]
publish	Test and inspect the package	2026-10-05T18:08:13.8866839Z (pass) clip cuts at a clause boundary and never strands punctuation (field 2026-09-08) [0.19ms]
publish	Test and inspect the package	2026-10-05T18:08:13.8868308Z (pass) lines project one label per line, in order, word-bounded [0.28ms]
publish	Test and inspect the package	2026-10-05T18:08:13.8868848Z (pass) lines keep missing labels as not recorded and never mid-word cut [0.09ms]
publish	Test and inspect the package	2026-10-05T18:08:13.8869406Z (pass) compact stays one line but cuts at word boundaries now [0.15ms]
publish	Test and inspect the package	2026-10-05T18:08:13.8869956Z (pass) terminal lines resolve through the same facts as the compact recap [0.26ms]
publish	Test and inspect the package	2026-10-05T18:08:13.8870489Z (pass) v0.38.14: filler values inform nobody and are dropped [0.09ms]
publish	Test and inspect the package	2026-10-05T18:08:13.8874906Z (pass) v0.38.14: the briefing leads with the outcome and keeps only informing labels [0.36ms]
publish	Test and inspect the package	2026-10-05T18:08:13.8875519Z (pass) v0.38.14: terminal brief resolves through the same facts as the compact recap [0.33ms]
publish	Test and inspect the package	2026-10-05T18:08:13.8876316Z (pass) the ✓ done chat notifies use the line block; external keeps the single line [0.52ms]
publish	Test and inspect the package	2026-10-05T18:08:13.9252130Z (pass) audit-2026-09-06: completionSummaryLines honors the optional line-width budget [36.14ms]
publish	Test and inspect the package	2026-10-05T18:08:13.9252627Z (pass) recorded-facts fallback Next survives the stale-Next filter [0.18ms]
publish	Test and inspect the package	2026-10-05T18:08:13.9252961Z (pass) machine-path strip converges on nested groups, leaves no husk [0.14ms]
publish	Test and inspect the package	2026-10-05T18:08:13.9253237Z (pass) clip never splits a surrogate pair [0.12ms]
publish	Test and inspect the package	2026-10-05T18:08:13.9253513Z (pass) label named inside a value does not steal later segmentation [0.14ms]
publish	Test and inspect the package	2026-10-05T18:08:13.9253899Z (pass) D5: concrete work mentioning audit/review/settle/approval survives the stale-Next filter [0.13ms]
publish	Test and inspect the package	2026-10-05T18:08:13.9254392Z (pass) D7: recap projections sanitize control bytes and ANSI [0.11ms]
publish	Test and inspect the package	2026-10-05T18:08:13.9254841Z (pass) D8: an empty outcome says so instead of inventing done [0.08ms]
publish	Test and inspect the package	2026-10-05T18:08:13.9255257Z (pass) D7 audit: approval-chat lines sanitize their inputs at the trust boundary [0.08ms]
publish	Test and inspect the package	2026-10-05T18:08:13.9255622Z (pass) D7 audit: the counts line sanitizes the auditNote override at the source [0.09ms]
publish	Test and inspect the package	2026-10-05T18:08:13.9255975Z (pass) D7 audit (pin): manual-path extras route through the shared quoted builder [0.20ms]
publish	Test and inspect the package	2026-10-05T18:08:13.9256160Z 
publish	Test and inspect the package	2026-10-05T18:08:13.9256423Z ##[endgroup]
publish	Test and inspect the package	2026-10-05T18:08:13.9256496Z 
publish	Test and inspect the package	2026-10-05T18:08:13.9256666Z ##[group]tests/loop-refine-parity.test.ts:
publish	Test and inspect the package	2026-10-05T18:08:14.1067505Z (pass) parked loops are refinable on both surfaces [0.23ms]
publish	Test and inspect the package	2026-10-05T18:08:14.1068324Z (pass) terminal stops are refinable on neither surface [0.04ms]
publish	Test and inspect the package	2026-10-05T18:08:14.1068962Z (pass) broken measure is the deliberate divergence: tool fixes, slash will not resume [0.05ms]
publish	Test and inspect the package	2026-10-05T18:08:14.1069302Z 
publish	Test and inspect the package	2026-10-05T18:08:14.1069648Z ##[endgroup]
publish	Test and inspect the package	2026-10-05T18:08:14.1069763Z 
publish	Test and inspect the package	2026-10-05T18:08:14.1070027Z ##[group]tests/lifecycle-recovery.test.ts:
publish	Test and inspect the package	2026-10-05T18:08:14.6732344Z (pass) v0.35.x: a mutating /list command during handoff is replayed once by the successor [382.45ms]
publish	Test and inspect the package	2026-10-05T18:08:15.0839491Z (pass) v0.35.x: a mismatched handoff discards a deferred list command without replay [411.71ms]
publish	Test and inspect the package	2026-10-05T18:08:15.4621372Z (pass) v0.34.54: /list show before rebind — honest stale result: the recovery warning accompanies the read [378.05ms]
publish	Test and inspect the package	2026-10-05T18:08:16.0093290Z (pass) v0.34.54: settings before rebind — bare /glla refused, read-only /glla status usable, both honest [547.28ms]
publish	Test and inspect the package	2026-10-05T18:08:16.7637444Z (pass) v0.34.54: /list show after a fresh session_start — renders clean, zero stale residue [754.29ms]
publish	Test and inspect the package	2026-10-05T18:08:17.6982768Z (pass) v0.34.54: settings after a fresh session_start — the table opens AND a real write lands [934.56ms]
publish	Test and inspect the package	2026-10-05T18:08:17.7002636Z (pass) v0.34.54: source — read-only surfaces are never in the mutating sets; the gates are the honest refusal, not silence [2.23ms]
publish	Test and inspect the package	2026-10-05T18:08:17.7002998Z 
publish	Test and inspect the package	2026-10-05T18:08:17.7003263Z ##[endgroup]
publish	Test and inspect the package	2026-10-05T18:08:17.7007232Z 
publish	Test and inspect the package	2026-10-05T18:08:17.7007511Z ##[group]tests/glla-ui-command-audit.test.ts:
publish	Test and inspect the package	2026-10-05T18:08:17.9362732Z (pass) settings table reopens the tab and row that were edited [49.54ms]
publish	Test and inspect the package	2026-10-05T18:08:17.9464295Z (pass) forbidden substring patterns cannot disable configured fallback chains [8.57ms]
publish	Test and inspect the package	2026-10-05T18:08:17.9585063Z (pass) drafterModel refuses a forbidden primary pin [10.09ms]
publish	Test and inspect the package	2026-10-05T18:08:17.9638266Z (pass) compactorModel refuses a forbidden primary pin [9.14ms]
publish	Test and inspect the package	2026-10-05T18:08:17.9756682Z (pass) subagentModelOverrides.scout refuses a forbidden primary pin [11.43ms]
publish	Test and inspect the package	2026-10-05T18:08:17.9956559Z (pass) editing a role fallback preserves other roles saved while its picker was open [18.41ms]
publish	Test and inspect the package	2026-10-05T18:08:18.0141487Z (pass) audit health stays available but cleanup is refused on a stale host [17.75ms]
publish	Test and inspect the package	2026-10-05T18:08:18.0394873Z (pass) tool visibility commands replace conflicting overrides [27.11ms]
publish	Test and inspect the package	2026-10-05T18:08:18.0849319Z (pass) tool config accepts spaced JSON and refuses empty keys [42.41ms]
publish	Test and inspect the package	2026-10-05T18:08:18.1310509Z (pass) postaudit refuses a save after the host became stale in its dialog [45.71ms]
publish	Test and inspect the package	2026-10-05T18:08:18.1999343Z (pass) wipe revalidates its host after the confirmation dialog [68.96ms]
publish	Test and inspect the package	2026-10-05T18:08:18.2732838Z (pass) tool metadata editor preserves concurrent updates and names its execution limit [60.84ms]
publish	Test and inspect the package	2026-10-05T18:08:18.3222086Z (pass) compactor picker labels its clear choice as registry plan B [52.66ms]
publish	Test and inspect the package	2026-10-05T18:08:18.3769264Z (pass) /goal pause preserves a complete goal [61.10ms]
publish	Test and inspect the package	2026-10-05T18:08:18.4329148Z (pass) /goal verify preserves a complete goal [53.52ms]
publish	Test and inspect the package	2026-10-05T18:08:18.4989220Z (pass) /goal cancel preserves a complete goal [66.88ms]
publish	Test and inspect the package	2026-10-05T18:08:18.5639241Z (pass) /goal pause preserves a aborted goal [59.74ms]
publish	Test and inspect the package	2026-10-05T18:08:18.6339214Z (pass) /goal verify preserves a aborted goal [55.92ms]
publish	Test and inspect the package	2026-10-05T18:08:18.7289452Z (pass) /goal cancel preserves a aborted goal [115.01ms]
publish	Test and inspect the package	2026-10-05T18:08:18.8089870Z (pass) /goal verify refuses to write a new claim through a stale host [76.22ms]
publish	Test and inspect the package	2026-10-05T18:08:18.8889837Z (pass) /review refuses a stale host before producing follow-up artifacts [76.60ms]
publish	Test and inspect the package	2026-10-05T18:08:18.9717779Z (pass) /list resume admits an auditing head to the existing audit recovery path [93.20ms]
publish	Test and inspect the package	2026-10-05T18:08:19.0844904Z (pass) a decision picker cannot cancel a replacement goal [105.56ms]
publish	Test and inspect the package	2026-10-05T18:08:19.1458904Z (pass) a decision stays paused after stale during selection [68.11ms]
publish	Test and inspect the package	2026-10-05T18:08:19.2569555Z (pass) a decision stays paused after delivery-error during selection [95.09ms]
publish	Test and inspect the package	2026-10-05T18:08:19.4530026Z (pass) the list-cancel decision executes cancellation instead of resuming work [202.01ms]
publish	Test and inspect the package	2026-10-05T18:08:19.5882070Z (pass) /goal pause does not announce or dispatch an unpersisted transition [123.15ms]
publish	Test and inspect the package	2026-10-05T18:08:19.7058935Z (pass) /goal resume does not announce or dispatch an unpersisted transition [117.83ms]
publish	Test and inspect the package	2026-10-05T18:08:19.7966739Z (pass) /goal verify does not announce or dispatch an unpersisted transition [115.23ms]
publish	Test and inspect the package	2026-10-05T18:08:19.8223368Z 
publish	Test and inspect the package	2026-10-05T18:08:19.8240457Z ##[endgroup]
publish	Test and inspect the package	2026-10-05T18:08:19.8246431Z 
publish	Test and inspect the package	2026-10-05T18:08:19.8256452Z ##[group]tests/hourly-auditor-backstop.test.ts:
publish	Test and inspect the package	2026-10-05T18:08:20.1139345Z (pass) unified: the shared ticker arms for a parked auditor claim with no main recovery [32.97ms]
publish	Test and inspect the package	2026-10-05T18:08:20.1140142Z (pass) unified: the backstop fires past-due auditor retries and never touches models [0.08ms]
publish	Test and inspect the package	2026-10-05T18:08:20.1140873Z (pass) unified: the ladder arms the ticker as its backstop [0.24ms]
publish	Test and inspect the package	2026-10-05T18:08:20.1141386Z (pass) unified: one dead backend does not burn a launch per rung [0.10ms]
publish	Test and inspect the package	2026-10-05T18:08:20.2203018Z (pass) unified: executable runtime regression covers arming, past-due fire, guards, and opt-out [105.90ms]
publish	Test and inspect the package	2026-10-05T18:08:20.2203452Z 
publish	Test and inspect the package	2026-10-05T18:08:20.2203800Z ##[endgroup]
publish	Test and inspect the package	2026-10-05T18:08:20.2205269Z 
publish	Test and inspect the package	2026-10-05T18:08:20.2205628Z ##[group]tests/stale-continuation.test.ts:
publish	Test and inspect the package	2026-10-05T18:08:20.4377305Z (pass) helper: goal checkpoint with no active goal is stale [38.45ms]
publish	Test and inspect the package	2026-10-05T18:08:20.4378492Z (pass) helper: goal checkpoint with matching active goal is not stale [0.35ms]
publish	Test and inspect the package	2026-10-05T18:08:20.4379734Z (pass) helper: goal checkpoint with mismatched id is stale [0.14ms]
publish	Test and inspect the package	2026-10-05T18:08:20.4381028Z (pass) helper: goal checkpoint with paused goal is stale [0.09ms]
publish	Test and inspect the package	2026-10-05T18:08:20.4384093Z (pass) helper: goal checkpoint with already archived file is stale even if state still active [0.29ms]
publish	Test and inspect the package	2026-10-05T18:08:20.4384836Z (pass) helper: loop iteration with no active loop is stale [0.11ms]
publish	Test and inspect the package	2026-10-05T18:08:20.4385977Z (pass) helper: loop iteration with active loop is not stale [0.11ms]
publish	Test and inspect the package	2026-10-05T18:08:20.4386736Z (pass) helper: stall warning with no active goal is stale [0.08ms]
publish	Test and inspect the package	2026-10-05T18:08:20.4396289Z (pass) helper: stall warning with active goal is not stale [0.10ms]
publish	Test and inspect the package	2026-10-05T18:08:20.4396984Z (pass) helper: length continue delivers with live supervision, stale without (audit 2026-09-07) [0.17ms]
publish	Test and inspect the package	2026-10-05T18:08:20.4397609Z (pass) helper: generic goal-event with no supervision is stale [0.09ms]
publish	Test and inspect the package	2026-10-05T18:08:20.4398235Z (pass) helper: generic goal-event with active goal is not stale [0.09ms]
publish	Test and inspect the package	2026-10-05T18:08:20.4398815Z (pass) helper: raw continuation source is correctly identified as stale when archived [0.13ms]
publish	Test and inspect the package	2026-10-05T18:08:20.4399132Z 
publish	Test and inspect the package	2026-10-05T18:08:20.4399460Z ##[endgroup]
publish	Test and inspect the package	2026-10-05T18:08:20.4399582Z 
publish	Test and inspect the package	2026-10-05T18:08:20.4399831Z ##[group]tests/designer-drafter-policy.test.ts:
publish	Test and inspect the package	2026-10-05T18:08:20.6325104Z (pass) long-running judgment policy is default-decide and bans band-aid-vs-proper questions [0.40ms]
publish	Test and inspect the package	2026-10-05T18:08:20.6325964Z (pass) drafting gathers constraints upfront and active execution defers local choices [1.66ms]
publish	Test and inspect the package	2026-10-05T18:08:20.6326676Z (pass) explicit Designer declarations are consumed without changing ordinary design prose [0.13ms]
publish	Test and inspect the package	2026-10-05T18:08:20.6327412Z (pass) task plans preserve Designer routing and verification contracts and expose them on tasks [0.14ms]
publish	Test and inspect the package	2026-10-05T18:08:20.6328297Z (pass) Designer is a managed read-only role and remains available without a pin [0.68ms]
publish	Test and inspect the package	2026-10-05T18:08:20.6709512Z (pass) drafter resolution walks its own ordered chain and falls back to the session [37.98ms]
publish	Test and inspect the package	2026-10-05T18:08:20.6710547Z (pass) drafter resolution always retains one current-session last resort [0.23ms]
publish	Test and inspect the package	2026-10-05T18:08:20.6711289Z (pass) drafter resolution skips forbidden candidates without inspecting provider text [0.13ms]
publish	Test and inspect the package	2026-10-05T18:08:20.6716201Z (pass) audit 2026-09-06: drafter session-last-resort refuses a forbidden session model [0.53ms]
publish	Test and inspect the package	2026-10-05T18:08:20.6717416Z (pass) drafter keeps a configured current primary so its fallback remains reachable [0.14ms]
publish	Test and inspect the package	2026-10-05T18:08:20.6726496Z (pass) settings expose drafting-only primary and fallback controls [0.86ms]
publish	Test and inspect the package	2026-10-05T18:08:20.6729425Z (pass) drafting recovery stays on the dedicated chain and uses the existing interview [0.32ms]
publish	Test and inspect the package	2026-10-05T18:08:20.6730667Z (pass) continuation prompt names the explicit Designer hand-off syntax [0.09ms]
publish	Test and inspect the package	2026-10-05T18:08:20.6730990Z 
publish	Test and inspect the package	2026-10-05T18:08:20.6735085Z ##[endgroup]
publish	Test and inspect the package	2026-10-05T18:08:20.6735166Z 
publish	Test and inspect the package	2026-10-05T18:08:20.6735369Z ##[group]tests/loop-start-proof-fallback.test.ts:
publish	Test and inspect the package	2026-10-05T18:08:20.8527571Z (pass) v0.37.3 (issue #40) — start proof accepts agent_start fallback for followUp continuations [0.33ms]
publish	Test and inspect the package	2026-10-05T18:08:20.8528631Z (pass) v0.37.3 (issue #40) — retry backoff is env-configurable independently [0.08ms]
publish	Test and inspect the package	2026-10-05T18:08:20.8529363Z (pass) v0.37.3 (issue #40) — activation wires agent_start and turn_start fallbacks [0.18ms]
publish	Test and inspect the package	2026-10-05T18:08:20.8529556Z 
publish	Test and inspect the package	2026-10-05T18:08:20.8529816Z ##[endgroup]
publish	Test and inspect the package	2026-10-05T18:08:20.8529892Z 
publish	Test and inspect the package	2026-10-05T18:08:21.1048169Z ##[group]tests/reviewer-modes.test.ts:
publish	Test and inspect the package	2026-10-05T18:08:21.1048669Z (pass) E4: a failed proposal send is NOT counted or reported (phantom-reviewer hole closed) [1.07ms]
publish	Test and inspect the package	2026-10-05T18:08:21.1051797Z (pass) E4: clean-completion branch also gates on delivery — default AND aggressive modes [0.57ms]
publish	Test and inspect the package	2026-10-05T18:08:21.1056879Z (pass) auto mode: architectural findings enqueue to /list — proposeGoal NEVER called [0.53ms]
publish	Test and inspect the package	2026-10-05T18:08:21.1059892Z (pass) auto mode: clean completion enqueues the audit as a /list item (no Confirm) [0.30ms]
publish	Test and inspect the package	2026-10-05T18:08:21.1061114Z (pass) report mode: REMOVED in 0.27.9 (the 4-mode set `off | on | auto | aggressive` has no report branch) [0.13ms]
publish	Test and inspect the package	2026-10-05T18:08:21.1064319Z (pass) improvement-class extraction: 'consider adding X' / 'could be improved' enqueue without Confirm [0.29ms]
publish	Test and inspect the package	2026-10-05T18:08:21.1067311Z (pass) auto mode: refire window skipped for list-complete, enforced for goal-complete and in default mode [0.29ms]
publish	Test and inspect the package	2026-10-05T18:08:21.1068881Z (pass) auto mode: the per-day cap still bounds everything [0.17ms]
publish	Test and inspect the package	2026-10-05T18:08:21.1070301Z (pass) menu: Mode option lists the 4 modes (off, on, auto, aggressive) [0.14ms]
publish	Test and inspect the package	2026-10-05T18:08:21.1071979Z (pass) /review accepts all 4 modes and rejects unknown modes [0.11ms]
publish	Test and inspect the package	2026-10-05T18:08:21.1072555Z (pass) config: mode defaults to 'on' and merges from project settings [0.04ms]
publish	Test and inspect the package	2026-10-05T18:08:21.1073110Z (pass) config: legacy 'default' and 'report' modes auto-migrate to 'on' [0.02ms]
publish	Test and inspect the package	2026-10-05T18:08:21.1073897Z (pass) report-mode test removed: the 4-mode postaudit surface (`off | on | auto | aggressive`) has no report branch anymore (0.27.9) [0.09ms]
publish	Test and inspect the package	2026-10-05T18:08:21.1074685Z (pass) off mode: reviewer NEVER fires (equivalent to enabled=false, exposed via postaudit menu) [0.11ms]
publish	Test and inspect the package	2026-10-05T18:08:21.1078303Z (pass) aggressive mode: architectural findings enqueue AND the first one relaunches as /goal [0.32ms]
publish	Test and inspect the package	2026-10-05T18:08:21.1080983Z (pass) aggressive mode: clean completion → relaunch audit /goal (no Confirm) [0.30ms]
publish	Test and inspect the package	2026-10-05T18:08:21.1083133Z (pass) goal.ts fireReviewer opts.mode now accepts the 4-mode ReviewerMode union [0.24ms]
publish	Test and inspect the package	2026-10-05T18:08:21.1083432Z 
publish	Test and inspect the package	2026-10-05T18:08:21.1083683Z ##[endgroup]
publish	Test and inspect the package	2026-10-05T18:08:21.1088075Z 
publish	Test and inspect the package	2026-10-05T18:08:21.1088411Z ##[group]tests/repro-list-audit-activation.test.ts:
publish	Test and inspect the package	2026-10-05T18:08:21.3472634Z === ledger tail ===
publish	Test and inspect the package	2026-10-05T18:08:21.3484025Z (pass) repro: live sequence startup/shutdown(resume)/rebound(resume) then /list audit [60.06ms]
publish	Test and inspect the package	2026-10-05T18:08:21.3487387Z session_rebound {"reason":"startup"}
publish	Test and inspect the package	2026-10-05T18:08:21.3492149Z 
publish	Test and inspect the package	2026-10-05T18:08:21.3492377Z session_shutdown {"reason":"resume"}
publish	Test and inspect the package	2026-10-05T18:08:21.3493549Z ##[endgroup]
publish	Test and inspect the package	2026-10-05T18:08:21.3493805Z session_rebound {"reason":"resume"}
publish	Test and inspect the package	2026-10-05T18:08:21.3495506Z 
publish	Test and inspect the package	2026-10-05T18:08:21.3495814Z list_queue_disk_first {"source":"/list audit","count":1,"diskFirst":true}
publish	Test and inspect the package	2026-10-05T18:08:21.3497322Z ##[group]tests/auditor-polish.test.ts:
publish	Test and inspect the package	2026-10-05T18:08:21.3499089Z state {"goal":null,"list":[{"id":"20261005180821-pggncp","objective":"[LIST-AUDIT-COLLECT] Run ONE project audit pass that COLLECTS work — the follow-up fix
publish	Test and inspect the package	2026-10-05T18:08:21.3499796Z list_imported {"source":"/list audit","count":1}
publish	Test and inspect the package	2026-10-05T18:08:21.3500691Z state {"goal":{"id":"20261005180821-ypnyex","objective":"[LIST-AUDIT-COLLECT] Run ONE project audit pass that COLLECTS work — the follow-up fixes are queued
publish	Test and inspect the package	2026-10-05T18:08:21.3501908Z goal_created {"goalId":"20261005180821-ypnyex","objective":"[LIST-AUDIT-COLLECT] Run ONE project audit pass that COLLECTS work — the follow-up fixes are queued as 
publish	Test and inspect the package	2026-10-05T18:08:21.3502695Z === goals: [ "20261005180821-ypnyex.md" ] | notify-activated: false
publish	Test and inspect the package	2026-10-05T18:08:21.3503028Z === last state list: []
publish	Test and inspect the package	2026-10-05T18:08:21.5357652Z (pass) stripThinkBlocks removes think bodies, fragments, and artifacts [0.18ms]
publish	Test and inspect the package	2026-10-05T18:08:21.5756661Z (pass) audit log: append + read round-trip, malformed lines skipped [40.97ms]
publish	Test and inspect the package	2026-10-05T18:08:21.5765597Z (pass) audit log bounded tail scans large records from the end [1.11ms]
publish	Test and inspect the package	2026-10-05T18:08:21.5769954Z (pass) formatAuditLog: one line per verdict with glyph, goal, model, first report line [0.43ms]
publish	Test and inspect the package	2026-10-05T18:08:21.5773892Z (pass) tail-aware excerpt: capped output keeps the Required-fixes tail [0.39ms]
publish	Test and inspect the package	2026-10-05T18:08:21.5779209Z (pass) audit feedback excerpts redact provider payloads before executor output [0.15ms]
publish	Test and inspect the package	2026-10-05T18:08:21.5792113Z (pass) disapproval feedback is surfaced even when the continuation turn never starts [1.66ms]
publish	Test and inspect the package	2026-10-05T18:08:21.5793204Z (pass) infra errors are transparent to the disapproval streak (not breakers) [0.10ms]
publish	Test and inspect the package	2026-10-05T18:08:21.5800334Z (pass) widget flags auditor-quiet stalls after 3 minutes [0.65ms]
publish	Test and inspect the package	2026-10-05T18:08:21.5800964Z (pass) auditor prompt requires the Required-fixes tail + no think blocks [0.12ms]
publish	Test and inspect the package	2026-10-05T18:08:21.5803908Z (pass) isRetriableInfraError: aborts and missing-model are NOT retried [0.28ms]
publish	Test and inspect the package	2026-10-05T18:08:21.5807423Z (pass) runWithInfraRetry: retriable infra failure retried exactly once [0.34ms]
publish	Test and inspect the package	2026-10-05T18:08:21.5809111Z (pass) runWithInfraRetry: provider Retry-After does not suppress the uniform backoff [0.17ms]
publish	Test and inspect the package	2026-10-05T18:08:21.5810551Z (pass) runWithInfraRetry: lifecycle guard prevents a second attempt [0.15ms]
publish	Test and inspect the package	2026-10-05T18:08:21.5812825Z (pass) formatGoalAuditHistory: one line per verdict with elapsed [0.20ms]
publish	Test and inspect the package	2026-10-05T18:08:21.5813079Z 
publish	Test and inspect the package	2026-10-05T18:08:21.5813410Z ##[endgroup]
publish	Test and inspect the package	2026-10-05T18:08:21.5817183Z 
publish	Test and inspect the package	2026-10-05T18:08:21.5817402Z ##[group]tests/respec-draft-phase.test.ts:
publish	Test and inspect the package	2026-10-05T18:08:21.9857689Z (pass) restored legacy missing-spec loop dispatches its dedicated draft and gates reconciliation [215.81ms]
publish	Test and inspect the package	2026-10-05T18:08:22.1561875Z (pass) legacy bootstrap loops recover into the draft phase, including an existing partial spec [168.01ms]
publish	Test and inspect the package	2026-10-05T18:08:22.3311738Z (pass) respec with an existing spec drafts intended requirements before building [174.82ms]
publish	Test and inspect the package	2026-10-05T18:08:22.3338829Z (pass) a draft completion marker cannot substitute for a missing or empty spec [0.62ms]
publish	Test and inspect the package	2026-10-05T18:08:22.5314098Z (pass) active legacy bootstrap loop recovers into draft on its next tick [202.13ms]
publish	Test and inspect the package	2026-10-05T18:08:22.7292062Z (pass) respec with a structurally incomplete spec enters draft instead of reconciling [196.70ms]
publish	Test and inspect the package	2026-10-05T18:08:23.1512230Z (pass) restored legacy sticky handoff: marker one turn, finished spec the next, still reconciles [423.04ms]
publish	Test and inspect the package	2026-10-05T18:08:23.1513940Z (pass) draft prompt carries the stuck-ladder intervention note [0.41ms]
publish	Test and inspect the package	2026-10-05T18:08:23.3470628Z (pass) draft phase without a spec file degrades instead of throwing [195.51ms]
publish	Test and inspect the package	2026-10-05T18:08:23.3472632Z (pass) respecSpecComplete: title plus nonempty Rules plus another section [0.33ms]
publish	Test and inspect the package	2026-10-05T18:08:23.3472937Z 
publish	Test and inspect the package	2026-10-05T18:08:23.3473260Z ##[endgroup]
publish	Test and inspect the package	2026-10-05T18:08:23.3499737Z 
publish	Test and inspect the package	2026-10-05T18:08:23.3508640Z ##[group]tests/stale-continuation-integration.test.ts:
publish	Test and inspect the package	2026-10-05T18:08:23.5923206Z (pass) integration: stale goal continuation is sanitized at message_end and ledgered, raw source dropped [55.44ms]
publish	Test and inspect the package	2026-10-05T18:08:23.5979152Z (pass) integration: a GLLA pause abort becomes an actionable assistant message [5.63ms]
publish	Test and inspect the package	2026-10-05T18:08:23.6049192Z (pass) integration: a marked pause without suggestedAction still replaces generic abort text [6.58ms]
publish	Test and inspect the package	2026-10-05T18:08:23.6144245Z (pass) integration: starting a later turn invalidates an unconsumed pause marker [8.61ms]
publish	Test and inspect the package	2026-10-05T18:08:23.6195182Z (pass) integration: a stale pause marker cannot rewrite a later unrelated abort [5.98ms]
publish	Test and inspect the package	2026-10-05T18:08:23.6260423Z (pass) integration: a later same-owner abort after a silent prior marker is not rewritten [5.75ms]
publish	Test and inspect the package	2026-10-05T18:08:23.6348874Z (pass) integration: an unrelated owner abort is not rewritten [7.88ms]
publish	Test and inspect the package	2026-10-05T18:08:23.6552524Z (pass) integration: a foreign assistant abort is not rewritten [20.26ms]
publish	Test and inspect the package	2026-10-05T18:08:23.6854912Z (pass) integration: fresh continuation for active goal is NOT sanitized [31.02ms]
publish	Test and inspect the package	2026-10-05T18:08:23.7185160Z (pass) integration: foreign ctx never sanitizes (subagent isolation) [27.84ms]
publish	Test and inspect the package	2026-10-05T18:08:23.7185654Z 
publish	Test and inspect the package	2026-10-05T18:08:23.7186213Z ##[endgroup]
publish	Test and inspect the package	2026-10-05T18:08:23.7186322Z 
publish	Test and inspect the package	2026-10-05T18:08:23.7186576Z ##[group]tests/loop-measure-fail-closed.test.ts:
publish	Test and inspect the package	2026-10-05T18:08:23.9617365Z (pass) a measure result with no exit code is a NULL measure, not a reading [55.93ms]
publish	Test and inspect the package	2026-10-05T18:08:23.9701466Z (pass) an empty result envelope is also a NULL measure [7.66ms]
publish	Test and inspect the package	2026-10-05T18:08:23.9856529Z (pass) a genuinely successful measure still records its number [11.08ms]
publish	Test and inspect the package	2026-10-05T18:08:23.9918331Z (pass) a nonzero exit code with a parseable number is still rejected [11.31ms]
publish	Test and inspect the package	2026-10-05T18:08:23.9942043Z 
publish	Test and inspect the package	2026-10-05T18:08:23.9942587Z ##[endgroup]
publish	Test and inspect the package	2026-10-05T18:08:23.9942719Z 
publish	Test and inspect the package	2026-10-05T18:08:23.9945799Z ##[group]tests/stall-handling.test.ts:
publish	Test and inspect the package	2026-10-05T18:08:24.2930143Z (pass) escalation gate: threshold semantics (0 = never, N = fire at streak N) [35.81ms]
publish	Test and inspect the package	2026-10-05T18:08:24.2930859Z (pass) send paths are ledgered: sent AND failed, loop and goal [0.35ms]
publish	Test and inspect the package	2026-10-05T18:08:24.2942439Z (pass) refire streak: incremented on refire, ledgered, reset only on REAL activity [1.12ms]
publish	Test and inspect the package	2026-10-05T18:08:24.2946486Z (pass) escalation: streak at threshold stops the loop / pauses the goal, loudly [0.41ms]
publish	Test and inspect the package	2026-10-05T18:08:24.2952156Z (pass) session_compact hook: re-arms the chain when idle with no timer pending [0.55ms]
publish	Test and inspect the package	2026-10-05T18:08:24.2956109Z (pass) widget + status surface the streak only while nonzero [0.40ms]
publish	Test and inspect the package	2026-10-05T18:08:24.2983476Z (pass) settings: stallEscalationRefires round-trips through save/load [2.71ms]
publish	Test and inspect the package	2026-10-05T18:08:24.2992258Z (pass) /glla surface: bare command opens settings; arguments are actions [0.89ms]
publish	Test and inspect the package	2026-10-05T18:08:24.2995695Z (pass) P1: graduated stall escalation entry before the brake (sender + wiring) [0.33ms]
publish	Test and inspect the package	2026-10-05T18:08:24.2996331Z (pass) P2: every continuation carries the unclosed-status block [0.08ms]
publish	Test and inspect the package	2026-10-05T18:08:24.3003515Z (pass) P3: post-restore grace — armed on restore resume, skips accounting, ledgered [0.67ms]
publish	Test and inspect the package	2026-10-05T18:08:24.3006586Z (pass) v0.28.24: session_compact resets the send-rearm storm streaks + opens the post-compaction grace [0.33ms]
publish	Test and inspect the package	2026-10-05T18:08:24.3017253Z (pass) v0.34.82: heartbeat refuses to refire a continuation while pi is context-starved (no compaction landing) [1.05ms]
publish	Test and inspect the package	2026-10-05T18:08:24.3020566Z (pass) v0.29.21: session_compact arms a SECOND settle refire at grace expiry [0.35ms]
publish	Test and inspect the package	2026-10-05T18:08:24.3045335Z (pass) v0.29.1: completion lifecycle survives the wedged-queue window (storm suppression + stranded recovery + brake cap) [2.44ms]
publish	Test and inspect the package	2026-10-05T18:08:24.3077663Z (pass) v0.29.9: hourly top-of-hour probe — the park keeps retrying on clock-hour boundaries [3.22ms]
publish	Test and inspect the package	2026-10-05T18:08:24.3078375Z (pass) v0.34.142: nextHourlyProbeMs selects the next :00:30 slot [0.07ms]
publish	Test and inspect the package	2026-10-05T18:08:24.3100797Z (pass) v0.29.1: zombie-twin guard — drafts/enqueues duplicating a goal completed <24h ago are refused loudly [2.19ms]
publish	Test and inspect the package	2026-10-05T18:08:24.3102333Z (pass) v0.29.2: git discipline law — no invented identities or branches, in every execution prompt [0.21ms]
publish	Test and inspect the package	2026-10-05T18:08:24.3124130Z (pass) v0.29.3/0.29.6: no empty allowlist warning; stacked states AUTO-ARBITRATE (picker superseded) [2.17ms]
publish	Test and inspect the package	2026-10-05T18:08:24.3148013Z (pass) v0.29.4: user aborts stand the chain down and never count toward stalls (the Esc-spam loop) [2.37ms]
publish	Test and inspect the package	2026-10-05T18:08:24.3176178Z (pass) v0.29.5: the stand-down survives the heartbeat + autoResume is GLOBAL-only [2.82ms]
publish	Test and inspect the package	2026-10-05T18:08:24.3178103Z (pass) audit 2026-09-07 HIGH: zombie retry routes on the abort owner, cycle-reset consumes budget and honors the horizon [0.18ms]
publish	Test and inspect the package	2026-10-05T18:08:24.3208085Z (pass) v0.35.x — zombie-run watchdog: busy + zero stream events gets bounded abort and recovery guidance [2.91ms]
publish	Test and inspect the package	2026-10-05T18:08:24.3208851Z (pass) v0.35.x — a rejected zombie cleanup does not consume the abort latch [0.09ms]
publish	Test and inspect the package	2026-10-05T18:08:24.3236428Z (pass) v0.32.1: post-compaction resume debt + deterministic resync (pi-goal-x's lesson) [2.79ms]
publish	Test and inspect the package	2026-10-05T18:08:24.3257401Z (pass) v0.34.5: wedge alert names a subagent wait when the in-flight call is one [2.10ms]
publish	Test and inspect the package	2026-10-05T18:08:24.3281123Z (pass) v0.34.11: unanswered-continuation watchdog (accepted send, no turn — hellhunter list-transition wedge) [2.34ms]
publish	Test and inspect the package	2026-10-05T18:08:24.3303600Z (pass) v0.34.12: eager continuation settles 2.5s past agent_end (hellhunter 60s-per-turn blackhole tax) [2.25ms]
publish	Test and inspect the package	2026-10-05T18:08:24.3325968Z (pass) v0.34.12 + v0.34.64: wait-pause status line counts down live + ticker survives the wait (pully field request) [2.24ms]
publish	Test and inspect the package	2026-10-05T18:08:24.3354997Z (pass) v0.34.16: wedges hand off through pi lifecycle — no terminal self-reload [2.89ms]
publish	Test and inspect the package	2026-10-05T18:08:24.3379989Z (pass) v0.34.14: /reload rebind resumes mid-work — the 'list is not continuing' fix (hellhunter) [2.49ms]
publish	Test and inspect the package	2026-10-05T18:08:24.3404008Z (pass) v0.34.51: the hanging-verification cause is named by the timeout branch (pully ssh/sudo stall) [2.42ms]
publish	Test and inspect the package	2026-10-05T18:08:24.3431032Z (pass) v0.34.15: errorBrakeStreak persists ON THE GOAL — the 6-brake park survives /reload (hegemon 429 churn) [2.65ms]
publish	Test and inspect the package	2026-10-05T18:08:24.3462287Z (pass) provider failures use one generic recovery card [3.16ms]
publish	Test and inspect the package	2026-10-05T18:08:24.3485249Z (pass) v0.34.16: queue-stuck probe — a send queued-without-a-turn is reported without terminal injection [2.26ms]
publish	Test and inspect the package	2026-10-05T18:08:24.3485954Z (pass) audit 2026-09-07 MEDIUM: fallback ack refuses when a user message arrived after the send [0.10ms]
publish	Test and inspect the package	2026-10-05T18:08:24.3486286Z 
publish	Test and inspect the package	2026-10-05T18:08:24.3486595Z ##[endgroup]
publish	Test and inspect the package	2026-10-05T18:08:24.3491485Z 
publish	Test and inspect the package	2026-10-05T18:08:24.3491845Z ##[group]tests/auditor-unmatched-telemetry.test.ts:
publish	Test and inspect the package	2026-10-05T18:08:24.5233651Z (pass) v0.34.56: a serial id'd start+end pairs into toolCalls with zero unmatched facts [0.30ms]
publish	Test and inspect the package	2026-10-05T18:08:24.5235303Z (pass) v0.34.56: an end with the WRONG id never pairs — it is an explicit unmatched fact and the open start stays open [0.04ms]
publish	Test and inspect the package	2026-10-05T18:08:24.5236414Z (pass) v0.34.56: an end with an id can never close an ANONYMOUS start (missing-toolCallId shape) [0.03ms]
publish	Test and inspect the package	2026-10-05T18:08:24.5237070Z (pass) v0.34.56: an ANONYMOUS end can never close an id'd start (the id would be present on a true end) [0.03ms]
publish	Test and inspect the package	2026-10-05T18:08:24.5237498Z (pass) v0.34.56: a serial ANONYMOUS stream (both sides missing toolCallId) still pairs truthfully [0.02ms]
publish	Test and inspect the package	2026-10-05T18:08:24.5238073Z (pass) v0.34.56: an anonymous end closes the CURRENT anonymous start; a replaced anonymous start stays an explicit unmatched fact [0.04ms]
publish	Test and inspect the package	2026-10-05T18:08:24.5238608Z (pass) v0.34.56: a new start replacing an open start records the ORPHANED start explicitly (name, args, id preserved) [0.05ms]
publish	Test and inspect the package	2026-10-05T18:08:24.5239107Z (pass) v0.34.56: same-id restart updates the slot without an unmatched fact; an end with no open start is an unmatched end [0.06ms]
publish	Test and inspect the package	2026-10-05T18:08:24.5239557Z (pass) v0.34.56/0.34.108: the detached path forwards pairing data untouched (no inline slot mutation) [0.18ms]
publish	Test and inspect the package	2026-10-05T18:08:24.5240501Z (pass) v0.34.56: worker — anonymous ends pair only with the SOLE anonymous start; everything else is an explicit unmatched fact [0.10ms]
publish	Test and inspect the package	2026-10-05T18:08:24.5241420Z (pass) v0.34.56: worker — in-flight starts at session end become explicit unmatched starts (finish sweep) [0.05ms]
publish	Test and inspect the package	2026-10-05T18:08:24.5242183Z (pass) v0.34.56: progress file + asProgress + HUD mapping + display all carry the unmatched facts [0.18ms]
publish	Test and inspect the package	2026-10-05T18:08:24.5242557Z 
publish	Test and inspect the package	2026-10-05T18:08:24.5242915Z ##[endgroup]
publish	Test and inspect the package	2026-10-05T18:08:24.5642663Z 
publish	Test and inspect the package	2026-10-05T18:08:24.5643953Z ##[group]tests/owner-fence.test.ts:
publish	Test and inspect the package	2026-10-05T18:08:24.8276618Z (pass) v0.35.72: a live foreign process cannot claim the workingDir owner file [73.61ms]
publish	Test and inspect the package	2026-10-05T18:08:24.8279694Z (pass) v0.35.72: mutating goal and loop commands use the stale admission fence [0.50ms]
publish	Test and inspect the package	2026-10-05T18:08:24.8321148Z (pass) owner acquisition and refresh preserve malformed records for explicit repair [4.68ms]
publish	Test and inspect the package	2026-10-05T18:08:24.8339983Z (pass) takeover compares the complete record inside the owner mutation [1.93ms]
publish	Test and inspect the package	2026-10-05T18:08:24.8351071Z (pass) a stale instance refresh cannot overwrite a same-process successor [1.09ms]
publish	Test and inspect the package	2026-10-05T18:08:24.8351538Z 
publish	Test and inspect the package	2026-10-05T18:08:24.8351986Z ##[endgroup]
publish	Test and inspect the package	2026-10-05T18:08:24.8364582Z 
publish	Test and inspect the package	2026-10-05T18:08:24.8365027Z ##[group]tests/auditing-standstill.test.ts:
publish	Test and inspect the package	2026-10-05T18:08:25.7730465Z (pass) agent turns during a pending audit stay silent instead of escalating [738.47ms]
publish	Test and inspect the package	2026-10-05T18:08:25.7731381Z 
publish	Test and inspect the package	2026-10-05T18:08:25.7731895Z ##[endgroup]
publish	Test and inspect the package	2026-10-05T18:08:25.7733235Z 
publish	Test and inspect the package	2026-10-05T18:08:25.7733546Z ##[group]tests/durable-choice-ledger.test.ts:
publish	Test and inspect the package	2026-10-05T18:08:26.0303973Z (pass) durable-vs-defer judgment is an explicit bounded ledger choice [60.56ms]
publish	Test and inspect the package	2026-10-05T18:08:26.0304925Z (pass) durable-choice payload compacts model-authored rationale [0.05ms]
publish	Test and inspect the package	2026-10-05T18:08:26.0309548Z 
publish	Test and inspect the package	2026-10-05T18:08:26.0310074Z ##[endgroup]
publish	Test and inspect the package	2026-10-05T18:08:26.0310306Z 
publish	Test and inspect the package	2026-10-05T18:08:26.0310654Z ##[group]tests/audit-recovery-persistence.test.ts:
publish	Test and inspect the package	2026-10-05T18:08:26.2678261Z (pass) context-free audit recovery returns false and leaves restart state auditing when append fails [45.74ms]
publish	Test and inspect the package	2026-10-05T18:08:26.2678717Z 
publish	Test and inspect the package	2026-10-05T18:08:26.2679024Z ##[endgroup]
publish	Test and inspect the package	2026-10-05T18:08:26.2680625Z 
publish	Test and inspect the package	2026-10-05T18:08:26.2680881Z ##[group]tests/context-hygiene.test.ts:
publish	Test and inspect the package	2026-10-05T18:08:26.4490815Z (pass) predicate: error-only turns are droppable; tool-carrying, aborted, and healthy turns are not [0.24ms]
publish	Test and inspect the package	2026-10-05T18:08:26.4492003Z (pass) drop rule: keeps the most recent failed turn, drops older ones, preserves everything else [0.18ms]
publish	Test and inspect the package	2026-10-05T18:08:26.4492822Z (pass) drop rule: identity preserved when at or under the keep window; window is configurable [0.06ms]
publish	Test and inspect the package	2026-10-05T18:08:26.4493773Z (pass) drop rule: SEADED BLOAT — 60 failed turns collapse to the keep window; normal turns survive verbatim [0.15ms]
publish	Test and inspect the package	2026-10-05T18:08:26.4494277Z (pass) compaction pruning: reassigns both message arrays in place and counts drops [0.08ms]
publish	Test and inspect the package	2026-10-05T18:08:26.4942299Z (pass) wiring: the context event drops accumulated error turns and ledgeres the hygiene pass [45.95ms]
publish	Test and inspect the package	2026-10-05T18:08:26.4955205Z (pass) wiring: session_before_compact prunes and bounds the preparation the runner will summarize [1.49ms]
publish	Test and inspect the package	2026-10-05T18:08:26.4969779Z (pass) wiring: every default session_before_compact path receives the bounded projection and an undefined hook result [1.43ms]
publish	Test and inspect the package	2026-10-05T18:08:26.4970202Z 
publish	Test and inspect the package	2026-10-05T18:08:26.4970483Z ##[endgroup]
publish	Test and inspect the package	2026-10-05T18:08:26.4973414Z 
publish	Test and inspect the package	2026-10-05T18:08:26.4973681Z ##[group]tests/gettick-tool-visibility.test.ts:
publish	Test and inspect the package	2026-10-05T18:08:26.7345586Z (pass) v0.35.60: glla tools are reactivated at the pre-turn boundary [55.79ms]
publish	Test and inspect the package	2026-10-05T18:08:26.7346247Z 
publish	Test and inspect the package	2026-10-05T18:08:26.7346699Z ##[endgroup]
publish	Test and inspect the package	2026-10-05T18:08:26.7347789Z 
publish	Test and inspect the package	2026-10-05T18:08:26.7350282Z ##[group]tests/auditor-challenge.test.ts:
publish	Test and inspect the package	2026-10-05T18:08:27.1799438Z (pass) challenge: approval earns a falsification round; re-confirm preserves the verdict [250.88ms]
publish	Test and inspect the package	2026-10-05T18:08:27.3324892Z (pass) challenge: a challenge disapproval flips the verdict by final line [154.23ms]
publish	Test and inspect the package	2026-10-05T18:08:27.5728777Z (pass) challenge: round-1 disapprovals run single-round [240.22ms]
publish	Test and inspect the package	2026-10-05T18:08:27.7118930Z (pass) challenge: a failed challenge falls back to byte-identical round-1 output [139.13ms]
publish	Test and inspect the package	2026-10-05T18:08:27.8294904Z (pass) strict challenge: a failed falsification pass is infrastructure/no-verdict [117.53ms]
publish	Test and inspect the package	2026-10-05T18:08:28.0334296Z (pass) strict challenge: an explicit requirement overrides a policy skip [203.95ms]
publish	Test and inspect the package	2026-10-05T18:08:28.1706789Z (pass) challenge: a failed round 1 still fails without challenging [137.03ms]
publish	Test and inspect the package	2026-10-05T18:08:28.2975201Z (pass) challenge: a light-tier request skips round 2 and records the skip [127.02ms]
publish	Test and inspect the package	2026-10-05T18:08:28.4105489Z (pass) challenge: a rework-streak skip is NOT recorded as a light-tier audit (v0.38.104) [112.99ms]
publish	Test and inspect the package	2026-10-05T18:08:28.5236148Z (pass) challenge: a request with no reason keeps the light-tier default (v0.38.104) [113.07ms]
publish	Test and inspect the package	2026-10-05T18:08:28.5236554Z 
publish	Test and inspect the package	2026-10-05T18:08:28.5236896Z ##[endgroup]
publish	Test and inspect the package	2026-10-05T18:08:28.5533012Z 
publish	Test and inspect the package	2026-10-05T18:08:28.5533885Z ##[group]tests/rich-terminal-summary.test.ts:
publish	Test and inspect the package	2026-10-05T18:08:28.8197590Z (pass) card opens with the outcome, then a change-first account and compact verification [2.11ms]
publish	Test and inspect the package	2026-10-05T18:08:28.8210933Z (pass) chat hides verification by default; the archive retains the full table [1.06ms]
publish	Test and inspect the package	2026-10-05T18:08:28.8213314Z (pass) failed verification is archive-only unless explicitly requested [0.86ms]
publish	Test and inspect the package	2026-10-05T18:08:28.8218145Z (pass) REPORTED verification stays visible when explicitly requested — never upgraded to PASS [0.41ms]
publish	Test and inspect the package	2026-10-05T18:08:28.8227136Z (pass) commit hashes stay in the archive, while chat keeps explanations [0.93ms]
publish	Test and inspect the package	2026-10-05T18:08:28.8238948Z (pass) Next section carries the concrete action; stale self-reference still drops [0.84ms]
publish	Test and inspect the package	2026-10-05T18:08:28.8240658Z (pass) trailer contract holds: approval bullet, record pointer last [0.32ms]
publish	Test and inspect the package	2026-10-05T18:08:28.8251045Z (pass) change and next lines render uncapped [0.89ms]
publish	Test and inspect the package	2026-10-05T18:08:28.8253127Z (pass) no audit history means no Audit row, approval voice still closes [0.46ms]
publish	Test and inspect the package	2026-10-05T18:08:28.8258460Z (pass) archive section retains detailed findings and verification for complete, Aborted-headlined for aborted [0.49ms]
publish	Test and inspect the package	2026-10-05T18:08:28.8262437Z (pass) duration line rides under the headline; unknown facts stay absent [0.44ms]
publish	Test and inspect the package	2026-10-05T18:08:28.8268010Z (pass) fewer than four groups render as nested change subsections [0.41ms]
publish	Test and inspect the package	2026-10-05T18:08:28.8278928Z (pass) four or more groups render as an Area | Finding | Evidence table [1.18ms]
publish	Test and inspect the package	2026-10-05T18:08:28.8283197Z (pass) three groups stay nested — the table trigger is exactly four [0.44ms]
publish	Test and inspect the package	2026-10-05T18:08:28.8298826Z (pass) v0.38.55: render path respects the sanitize trust boundary [1.51ms]
publish	Test and inspect the package	2026-10-05T18:08:28.8300004Z (pass) extractEvidenceTokens moves tokens mechanically and never invents [0.14ms]
publish	Test and inspect the package	2026-10-05T18:08:28.8313273Z (pass) sanitizeFindingGroups bounds shape at the trust boundary [1.32ms]
publish	Test and inspect the package	2026-10-05T18:08:28.8314737Z (pass) v0.38.55: banner voices every audit outcome honestly [0.18ms]
publish	Test and inspect the package	2026-10-05T18:08:28.8316439Z (pass) v0.38.55: gate commands render a Command column; absent keeps 4 cols [0.16ms]
publish	Test and inspect the package	2026-10-05T18:08:28.8321194Z (pass) rich terminal projections remove ANSI, OSC, and control bytes from every field [0.42ms]
publish	Test and inspect the package	2026-10-05T18:08:28.9047761Z (pass) v0.38.55: final repository state closes the card when readable [72.50ms]
publish	Test and inspect the package	2026-10-05T18:08:28.9052131Z (pass) audit 2026-09-26: complete_goal accepts long free-prose values instead of refusing them [0.57ms]
publish	Test and inspect the package	2026-10-05T18:08:28.9056006Z (pass) v0.38.102 an inline enumeration renders as an indented list [0.40ms]
publish	Test and inspect the package	2026-10-05T18:08:28.9058333Z (pass) v0.38.102 a single (1) marker is prose, not a list, and is left intact [0.22ms]
publish	Test and inspect the package	2026-10-05T18:08:28.9059926Z (pass) v0.38.102 Next gets the same treatment as Remaining [0.13ms]
publish	Test and inspect the package	2026-10-05T18:08:28.9060161Z 
publish	Test and inspect the package	2026-10-05T18:08:28.9060468Z ##[endgroup]
publish	Test and inspect the package	2026-10-05T18:08:28.9064953Z 
publish	Test and inspect the package	2026-10-05T18:08:28.9065338Z ##[group]tests/provider-report-redaction-budget.test.ts:
publish	Test and inspect the package	2026-10-05T18:08:29.1059474Z (pass) v0.38.104 an auditor report survives sanitizing instead of being deleted [1.28ms]
publish	Test and inspect the package	2026-10-05T18:08:29.1060244Z (pass) v0.38.104 the required-fixes section is always recoverable [0.56ms]
publish	Test and inspect the package	2026-10-05T18:08:29.1060734Z (pass) v0.38.104 a genuine provider payload still redacts IN FULL [0.19ms]
publish	Test and inspect the package	2026-10-05T18:08:29.1061289Z (pass) v0.38.104 a payload-heavy blob redacts in full regardless of length [0.23ms]
publish	Test and inspect the package	2026-10-05T18:08:29.1061826Z (pass) v0.38.104 the budget is a real fraction with an absolute floor [0.03ms]
publish	Test and inspect the package	2026-10-05T18:08:29.1062334Z (pass) v0.38.104 a marked line is always redacted, even after the budget [1.09ms]
publish	Test and inspect the package	2026-10-05T18:08:29.1062806Z (pass) v0.38.104 a bare 5xx-shaped number is not a provider marker [0.30ms]
publish	Test and inspect the package	2026-10-05T18:08:29.1063229Z (pass) v0.38.104 a 5xx WITH http context still redacts [0.06ms]
publish	Test and inspect the package	2026-10-05T18:08:29.1063450Z 
publish	Test and inspect the package	2026-10-05T18:08:29.1063779Z ##[endgroup]
publish	Test and inspect the package	2026-10-05T18:08:29.1449749Z 
publish	Test and inspect the package	2026-10-05T18:08:29.1450849Z ##[group]tests/recovery-restore-after-restart.test.ts:
publish	Test and inspect the package	2026-10-05T18:08:30.4799331Z (pass) v0.34.63 — quit → blank startup → resume (new manager, same session id) restores the recovery probe [1088.08ms]
publish	Test and inspect the package	2026-10-05T18:08:30.4841785Z (pass) blank restart paints the durable list objective, recovery owner, and next action before transcript load [4.48ms]
publish	Test and inspect the package	2026-10-05T18:08:31.0217392Z (pass) v0.34.63 — a lifecycle start with a DIFFERENT session id stays refused while the barrier pends [537.36ms]
publish	Test and inspect the package	2026-10-05T18:08:31.0246904Z (pass) v0.34.63 — source guard: the barrier-completing resume gate is wired before the foreign-session return [3.13ms]
publish	Test and inspect the package	2026-10-05T18:08:31.0247573Z 
publish	Test and inspect the package	2026-10-05T18:08:31.0248026Z ##[endgroup]
publish	Test and inspect the package	2026-10-05T18:08:31.0252887Z 
publish	Test and inspect the package	2026-10-05T18:08:31.0253318Z ##[group]tests/settings-stale-save.test.ts:
publish	Test and inspect the package	2026-10-05T18:08:31.4211864Z (pass) C9: stale-probe refusal fails the save loudly — no false saved claim [204.43ms]
publish	Test and inspect the package	2026-10-05T18:08:31.5560172Z (pass) C9 control: healthy probe saves and reports normally [134.37ms]
publish	Test and inspect the package	2026-10-05T18:08:31.7156626Z (pass) settings save validates its own session after an overlapping editor [160.10ms]
publish	Test and inspect the package	2026-10-05T18:08:31.8934160Z (pass) similarity editor empty input restores the default; explicit zero stays zero [177.65ms]
publish	Test and inspect the package	2026-10-05T18:08:32.0226547Z (pass) auditor picker offers thinking for provider refs containing nested model ids [129.26ms]
publish	Test and inspect the package	2026-10-05T18:08:32.0227147Z 
publish	Test and inspect the package	2026-10-05T18:08:32.0228034Z ##[endgroup]
publish	Test and inspect the package	2026-10-05T18:08:32.0236082Z 
publish	Test and inspect the package	2026-10-05T18:08:32.0236484Z ##[group]tests/audit-glance-clarity.test.ts:
publish	Test and inspect the package	2026-10-05T18:08:32.2303825Z (pass) screenshot regression: live audit facts and user action fit before Pi's ten-row cut [2.53ms]
publish	Test and inspect the package	2026-10-05T18:08:32.2304569Z (pass) narrow footer starts with audit state and real freshness [0.22ms]
publish	Test and inspect the package	2026-10-05T18:08:32.2704357Z (pass) quiet, blocked, settlement and recovery do not claim no action is needed [39.71ms]
publish	Test and inspect the package	2026-10-05T18:08:32.2705473Z (pass) starting audit distinguishes waiting for first activity from recent activity [0.69ms]
publish	Test and inspect the package	2026-10-05T18:08:32.2706172Z (pass) current tool keeps elapsed time and timeout budget in the compact card [0.41ms]
publish	Test and inspect the package	2026-10-05T18:08:32.2713317Z (pass) Studio regression: a silent bounded tool retains its clock and explains the wait [0.96ms]
publish	Test and inspect the package	2026-10-05T18:08:32.2725874Z (pass) a tool past its deadline, a cancelled tool and skewed telemetry cannot claim a healthy wait [0.63ms]
publish	Test and inspect the package	2026-10-05T18:08:32.2726242Z 
publish	Test and inspect the package	2026-10-05T18:08:32.2726586Z ##[endgroup]
publish	Test and inspect the package	2026-10-05T18:08:32.2726726Z 
publish	Test and inspect the package	2026-10-05T18:08:32.2726970Z ##[group]tests/overcap-strategy.test.ts:
publish	Test and inspect the package	2026-10-05T18:08:32.4731936Z (pass) ladder skips the stale retry after a recent compact [0.48ms]
publish	Test and inspect the package	2026-10-05T18:08:32.7582624Z (pass) failed compact + configured chain rotates, no ladder [285.89ms]
publish	Test and inspect the package	2026-10-05T18:08:33.0117358Z (pass) failed compact + empty chain names rung 3, never claims a walk [253.45ms]
publish	Test and inspect the package	2026-10-05T18:08:33.0117747Z 
publish	Test and inspect the package	2026-10-05T18:08:33.0118267Z ##[endgroup]
publish	Test and inspect the package	2026-10-05T18:08:33.0120234Z 
publish	Test and inspect the package	2026-10-05T18:08:33.0120614Z ##[group]tests/hegemon-queue-unblock-evidence.test.ts:
publish	Test and inspect the package	2026-10-05T18:08:33.5895621Z (pass) REAL SHAPE: 12 empty head items block list activation exactly as in the hegemon ledger [350.13ms]
publish	Test and inspect the package	2026-10-05T18:08:33.9009540Z (pass) REAL SHAPE: the clean 31-item queue (empties removed) activates main-menu without any blocked event [310.33ms]
publish	Test and inspect the package	2026-10-05T18:08:33.9009955Z 
publish	Test and inspect the package	2026-10-05T18:08:33.9010224Z ##[endgroup]
publish	Test and inspect the package	2026-10-05T18:08:33.9010299Z 
publish	Test and inspect the package	2026-10-05T18:08:33.9010492Z ##[group]tests/repair-promotion-durability.test.ts:
publish	Test and inspect the package	2026-10-05T18:08:34.1700332Z (pass) a new repair item is durable at the head with target metadata in its first write [41.69ms]
publish	Test and inspect the package	2026-10-05T18:08:34.1743188Z (pass) list_activate hydrates a disk-only queue before resolving the requested position [4.45ms]
publish	Test and inspect the package	2026-10-05T18:08:34.1763949Z (pass) an equivalent repair already in the queue is promoted to the durable head [2.03ms]
publish	Test and inspect the package	2026-10-05T18:08:34.1764502Z 
publish	Test and inspect the package	2026-10-05T18:08:34.1764986Z ##[endgroup]
publish	Test and inspect the package	2026-10-05T18:08:34.1769249Z 
publish	Test and inspect the package	2026-10-05T18:08:34.1769653Z ##[group]tests/regression-shield.test.ts:
publish	Test and inspect the package	2026-10-05T18:08:34.3797236Z (pass) contractItems: strips the 'Done when:' marker line [0.27ms]
publish	Test and inspect the package	2026-10-05T18:08:34.3798649Z (pass) contractItems: handles inline single-line contracts [0.05ms]
publish	Test and inspect the package	2026-10-05T18:08:34.3799182Z (pass) contractItems: strips bullets and numbering [0.03ms]
publish	Test and inspect the package	2026-10-05T18:08:34.3799572Z (pass) contractItems: drops empty lines [0.02ms]
publish	Test and inspect the package	2026-10-05T18:08:34.3799949Z (pass) contractItems: skips wrapped prose preamble in list-shaped contracts [0.03ms]
publish	Test and inspect the package	2026-10-05T18:08:34.3800786Z (pass) contractItems: shapeless contracts keep every-line behavior [0.02ms]
publish	Test and inspect the package	2026-10-05T18:08:34.3801315Z (pass) contractItems: a Done-when criterion survives alongside bullets [0.04ms]
publish	Test and inspect the package	2026-10-05T18:08:34.3801687Z (pass) passes: preamble fragments are not required in evidence [0.24ms]
publish	Test and inspect the package	2026-10-05T18:08:34.3802199Z (pass) passes: evidence block present, all items referenced [0.07ms]
publish	Test and inspect the package	2026-10-05T18:08:34.3802844Z (pass) rejects: approval without an evidence block [0.05ms]
publish	Test and inspect the package	2026-10-05T18:08:34.3803409Z (pass) rejects: evidence block but an item is not addressed [0.04ms]
publish	Test and inspect the package	2026-10-05T18:08:34.3803920Z (pass) rejects: bamboozle-style empty evidence block [0.04ms]
publish	Test and inspect the package	2026-10-05T18:08:34.3804486Z (pass) rejects: contract prose outside evidence cannot satisfy the shield [0.07ms]
publish	Test and inspect the package	2026-10-05T18:08:34.3805054Z (pass) distinctive-token matching: references the item by a filename [0.04ms]
publish	Test and inspect the package	2026-10-05T18:08:34.3805493Z (pass) case-insensitive matching [0.03ms]
publish	Test and inspect the package	2026-10-05T18:08:34.3805932Z (pass) contractItems: excludes 'Out of scope' boundary lines [0.02ms]
publish	Test and inspect the package	2026-10-05T18:08:34.3806834Z (pass) compound tokens match via segments (left-cropped → left + cropped) [0.07ms]
publish	Test and inspect the package	2026-10-05T18:08:34.3807486Z (pass) prose punctuation glued to tokens does not break matching (file/element.) [0.06ms]
publish	Test and inspect the package	2026-10-05T18:08:34.3808291Z (pass) top-3 candidate matching tolerates contract-only vocabulary [0.04ms]
publish	Test and inspect the package	2026-10-05T18:08:34.3808911Z (pass) still rejects: bamboozle report that never touches the item's vocabulary [0.06ms]
publish	Test and inspect the package	2026-10-05T18:08:34.3809596Z (pass) CJK: a verbatim-quoted Chinese item passes (token is one CJK word, not delimiters) [0.62ms]
publish	Test and inspect the package	2026-10-05T18:08:34.3810273Z (pass) CJK: a quote that drops the trailing full-width colon still matches [0.04ms]
publish	Test and inspect the package	2026-10-05T18:08:34.3810872Z (pass) CJK: a Chinese line with no ASCII letters is one candidate token [0.03ms]
publish	Test and inspect the package	2026-10-05T18:08:34.3811517Z (pass) CJK: an English-only paraphrase of a Chinese item is still rejected (strict shield) [0.12ms]
publish	Test and inspect the package	2026-10-05T18:08:34.3812215Z (pass) CJK: mixed item matches on its ASCII token even when CJK words are not quoted [0.04ms]
publish	Test and inspect the package	2026-10-05T18:08:34.3812906Z (pass) ASCII behavior is unchanged: distinctive-token + compound matching still work [0.06ms]
publish	Test and inspect the package	2026-10-05T18:08:34.3813602Z (pass) contractItems: 'Done when ALL of the following are true:' preamble is dropped [0.04ms]
publish	Test and inspect the package	2026-10-05T18:08:34.3814236Z (pass) contractItems: preamble without trailing colon is also dropped [0.03ms]
publish	Test and inspect the package	2026-10-05T18:08:34.3814911Z (pass) shield passes a genuine approval that a preamble-only false positive used to block [0.06ms]
publish	Test and inspect the package	2026-10-05T18:08:34.6145362Z (pass) extractMechanicalCheckCommands: extracts backticked and raw shell commands [234.52ms]
publish	Test and inspect the package	2026-10-05T18:08:34.6501591Z (pass) extractMechanicalCheckCommands: skips commands under negation [35.56ms]
publish	Test and inspect the package	2026-10-05T18:08:34.6502167Z (pass) extractMechanicalCheckCommands: rejects never-exiting server commands [0.34ms]
publish	Test and inspect the package	2026-10-05T18:08:35.7403489Z (pass) v0.35.16: mechanical checks keep the TAIL of failed output and banner a timeout kill [1089.93ms]
publish	Test and inspect the package	2026-10-05T18:08:38.0789795Z (pass) mechanical checks stay async and kill descendant processes on timeout [2338.68ms]
publish	Test and inspect the package	2026-10-05T18:08:38.1909138Z (pass) mechanical checks stop a runaway process group before the wall timeout [111.90ms]
publish	Test and inspect the package	2026-10-05T18:08:38.1911735Z (pass) v0.35.18: resolveCanonicalRunnerCommand maps raw runners to their canonical package script [0.44ms]
publish	Test and inspect the package	2026-10-05T18:08:38.3631540Z (pass) v0.35.20: runMechanicalPreAuditChecks retries a transiently failing check exactly once, honestly bannered [171.18ms]
publish	Test and inspect the package	2026-10-05T18:08:38.4022133Z (pass) v0.38.23: mechanical checks resolve project-local node_modules/.bin (bare tsc ENOENT field fix) [39.59ms]
publish	Test and inspect the package	2026-10-05T18:08:38.4022583Z 
publish	Test and inspect the package	2026-10-05T18:08:38.4022932Z ##[endgroup]
publish	Test and inspect the package	2026-10-05T18:08:38.4354111Z 
publish	Test and inspect the package	2026-10-05T18:08:38.4355026Z ##[group]tests/resume-rekick.test.ts:
publish	Test and inspect the package	2026-10-05T18:08:38.6201254Z (pass) v0.34.3: /glla resume re-kicks an ACTIVE-but-idle goal instead of 'Nothing to resume' [0.35ms]
publish	Test and inspect the package	2026-10-05T18:08:38.6207759Z (pass) v0.34.3: /glla resume re-kicks an ACTIVE loop too [0.09ms]
publish	Test and inspect the package	2026-10-05T18:08:38.6208516Z (pass) v0.34.3: /goal resume (/list resume) re-kicks instead of silently returning [0.11ms]
publish	Test and inspect the package	2026-10-05T18:08:38.6209450Z (pass) v0.34.3: re-kicks are ledger-visible (resume_rekick) [0.07ms]
publish	Test and inspect the package	2026-10-05T18:08:38.6209903Z 
publish	Test and inspect the package	2026-10-05T18:08:38.6210236Z ##[endgroup]
publish	Test and inspect the package	2026-10-05T18:08:38.6210341Z 
publish	Test and inspect the package	2026-10-05T18:08:38.6210602Z ##[group]tests/compaction-live-verifier.test.mjs:
publish	Test and inspect the package	2026-10-05T18:08:38.8177289Z (pass) loads both local extension entrypoints and isolates Pi's agent directory [0.43ms]
publish	Test and inspect the package	2026-10-05T18:08:38.8178681Z (pass) accepts only ordered host compaction events plus persisted non-empty records [0.10ms]
publish	Test and inspect the package	2026-10-05T18:08:38.8179310Z (pass) exercises manual RPC compaction and both post-compaction continuations [0.10ms]
publish	Test and inspect the package	2026-10-05T18:08:38.8179603Z 
publish	Test and inspect the package	2026-10-05T18:08:38.8179954Z ##[endgroup]
publish	Test and inspect the package	2026-10-05T18:08:38.8228421Z 
publish	Test and inspect the package	2026-10-05T18:08:38.8229268Z ##[group]tests/zombie-resume.test.ts:
publish	Test and inspect the package	2026-10-05T18:08:39.2499988Z (pass) v0.35.25 #14: /loop resume honors the zero-stream abort park and preserves iteration/history [235.30ms]
publish	Test and inspect the package	2026-10-05T18:08:39.5307089Z (pass) v0.35.25 #14: control — a non-resumable stop reason is still refused [282.01ms]
publish	Test and inspect the package	2026-10-05T18:08:39.7806551Z (pass) /glla resume resumes a loop held for stopped: automatic zero-stream abort — no provider activity was observed after 30m (iteration 210 preserved; /loop resume to retry) [249.84ms]
publish	Test and inspect the package	2026-10-05T18:08:40.0826968Z (pass) /glla resume resumes a loop held for paused by user (/loop pause) [301.54ms]
publish	Test and inspect the package	2026-10-05T18:08:40.2543281Z (pass) /glla resume resumes a loop held for stalled: 5 continuation refires landed no turn [171.89ms]
publish	Test and inspect the package	2026-10-05T18:08:40.5664016Z (pass) /glla resume leaves a completed loop terminal [311.55ms]
publish	Test and inspect the package	2026-10-05T18:08:40.5665884Z 
publish	Test and inspect the package	2026-10-05T18:08:40.5666579Z ##[endgroup]
publish	Test and inspect the package	2026-10-05T18:08:40.5668576Z 
publish	Test and inspect the package	2026-10-05T18:08:40.5669059Z ##[group]tests/pitfall-registry.test.ts:
publish	Test and inspect the package	2026-10-05T18:08:40.7675196Z (pass) pitfall registry: absent file reads as absent [0.82ms]
publish	Test and inspect the package	2026-10-05T18:08:40.7675941Z (pass) pitfall registry: present file is returned bounded [0.39ms]
publish	Test and inspect the package	2026-10-05T18:08:40.8085405Z (pass) pitfall registry: brief rides the continuation prompt [40.91ms]
publish	Test and inspect the package	2026-10-05T18:08:40.8088725Z (pass) pitfall registry: no brief means no section [0.56ms]
publish	Test and inspect the package	2026-10-05T18:08:40.8088963Z 
publish	Test and inspect the package	2026-10-05T18:08:40.8099505Z ##[endgroup]
publish	Test and inspect the package	2026-10-05T18:08:40.8099771Z 
publish	Test and inspect the package	2026-10-05T18:08:40.8100284Z ##[group]tests/objection-pinning.test.ts:
publish	Test and inspect the package	2026-10-05T18:08:42.2155082Z (pass) v0.38.21 two disapproval rounds: R1 retired with its objections attached, prompt argues R2 only [1220.20ms]
publish	Test and inspect the package	2026-10-05T18:08:42.2178770Z (pass) v0.38.21 appendAuditVerdict: clean approval clears the pin, shield-clear counts, errors never touch flags [0.41ms]
publish	Test and inspect the package	2026-10-05T18:08:42.2179566Z 
publish	Test and inspect the package	2026-10-05T18:08:42.2180157Z ##[endgroup]
publish	Test and inspect the package	2026-10-05T18:08:42.2180275Z 
publish	Test and inspect the package	2026-10-05T18:08:42.2180540Z ##[group]tests/auditor-blank-until-resume.test.ts:
publish	Test and inspect the package	2026-10-05T18:08:42.4509378Z (pass) cold auditor gate hides only the report, not the durable objective UI [44.10ms]
publish	Test and inspect the package	2026-10-05T18:08:42.8257272Z (pass) cold restore shows the objective and sends nothing until explicit resume [379.78ms]
publish	Test and inspect the package	2026-10-05T18:08:42.9550577Z [run-tests] progress: 480s elapsed · 0s since last output · 304 KiB of suite output
publish	Test and inspect the package	2026-10-05T18:08:43.0422456Z (pass) rejected stale /goal resume leaves the auditor surface suppressed [216.56ms]
publish	Test and inspect the package	2026-10-05T18:08:43.2615589Z (pass) explicit /goal resume releases the auditor surface for admitted main-model recovery [218.18ms]
publish	Test and inspect the package	2026-10-05T18:08:43.5950513Z (pass) configured auto-resume is continuation consent and restores auditor context [334.53ms]
publish	Test and inspect the package	2026-10-05T18:08:43.5951095Z 
publish	Test and inspect the package	2026-10-05T18:08:43.5951520Z ##[endgroup]
publish	Test and inspect the package	2026-10-05T18:08:43.5978298Z 
publish	Test and inspect the package	2026-10-05T18:08:43.5979042Z ##[group]tests/audit-history-copy.test.ts:
publish	Test and inspect the package	2026-10-05T18:08:43.7849365Z (pass) A9 premise: appendAuditVerdict mutates the passed history in place (array + entries) [0.26ms]
publish	Test and inspect the package	2026-10-05T18:08:43.7850226Z (pass) A9 (pin): both apply paths copy auditHistory before appendAuditVerdict can touch it [0.40ms]
publish	Test and inspect the package	2026-10-05T18:08:43.7851254Z 
publish	Test and inspect the package	2026-10-05T18:08:43.7851776Z ##[endgroup]
publish	Test and inspect the package	2026-10-05T18:08:43.7852304Z 
publish	Test and inspect the package	2026-10-05T18:08:43.7854299Z ##[group]tests/pause-message-content.test.ts:
publish	Test and inspect the package	2026-10-05T18:08:44.0547372Z (pass) audit-cap pause message guides INVESTIGATION (item 20) [36.92ms]
publish	Test and inspect the package	2026-10-05T18:08:44.0550883Z (pass) pause message no longer leads with 'summarize and ask' (item 19) [0.62ms]
publish	Test and inspect the package	2026-10-05T18:08:44.0551159Z 
publish	Test and inspect the package	2026-10-05T18:08:44.0551499Z ##[endgroup]
publish	Test and inspect the package	2026-10-05T18:08:44.0556129Z 
publish	Test and inspect the package	2026-10-05T18:08:44.0556417Z ##[group]tests/auditor-timeout-settings.test.ts:
publish	Test and inspect the package	2026-10-05T18:08:44.2421615Z (pass) v0.37.0: escalatedAuditorTimeout doubles per prior attempt and saturates at 4x base [0.28ms]
publish	Test and inspect the package	2026-10-05T18:08:44.2868443Z (pass) v0.37.0: auditor timeout settings clamp into bounds on load [44.86ms]
publish	Test and inspect the package	2026-10-05T18:08:44.2917573Z (pass) v0.37.0: /glla editor accepts plain-ms and s/m/h duration input for both keys [5.08ms]
publish	Test and inspect the package	2026-10-05T18:08:44.2925965Z (pass) v0.37.0: settings menu exposes both auditor timeout rows in the auditor section [0.83ms]
publish	Test and inspect the package	2026-10-05T18:08:44.7832568Z (pass) v0.37.0: dispatch env reaches the worker process so parent and worker budgets agree [490.49ms]
publish	Test and inspect the package	2026-10-05T18:08:44.7833596Z (pass) v0.37.0: progress signature counts streamed report bytes [0.27ms]
publish	Test and inspect the package	2026-10-05T18:08:44.7834747Z (pass) v0.37.0: an in-budget live tool exempts the audit card from the quiet phase [0.13ms]
publish	Test and inspect the package	2026-10-05T18:08:44.7850685Z (pass) v0.37.0: durable claims preserve the timeout escalation index across loads [1.56ms]
publish	Test and inspect the package	2026-10-05T18:08:44.7856085Z (pass) v0.38.3: auditJobRetentionMs clamps into [0, 7d] on load [0.55ms]
publish	Test and inspect the package	2026-10-05T18:08:44.7894331Z (pass) v0.38.3: /glla editor accepts duration input for auditJobRetentionMs (0 is legal) [3.79ms]
publish	Test and inspect the package	2026-10-05T18:08:44.7902525Z (pass) v0.38.3: settings menu exposes the audit job retention row in the auditor section [0.82ms]
publish	Test and inspect the package	2026-10-05T18:08:44.7902899Z 
publish	Test and inspect the package	2026-10-05T18:08:44.7903244Z ##[endgroup]
publish	Test and inspect the package	2026-10-05T18:08:44.7907054Z 
publish	Test and inspect the package	2026-10-05T18:08:44.7907437Z ##[group]tests/zombie-user-input-standdown.test.ts:
publish	Test and inspect the package	2026-10-05T18:08:44.9879589Z (pass) user-input wait set covers glla dialogs and structured-question tools [0.15ms]
publish	Test and inspect the package	2026-10-05T18:08:44.9928823Z (pass) execution/reads/subagent tools are NOT user-input waits [0.04ms]
publish	Test and inspect the package	2026-10-05T18:08:44.9958666Z (pass) zombie branch stands down on human-input waits with its own ledger event [0.17ms]
publish	Test and inspect the package	2026-10-05T18:08:44.9988595Z (pass) stand-down ledger is latched per silent episode, not per tick [0.20ms]
publish	Test and inspect the package	2026-10-05T18:08:45.0018510Z (pass) the abort path is untouched when NO human-input tool is in flight [0.10ms]
publish	Test and inspect the package	2026-10-05T18:08:45.0048062Z 
publish	Test and inspect the package	2026-10-05T18:08:45.0078506Z ##[endgroup]
publish	Test and inspect the package	2026-10-05T18:08:45.0108098Z 
publish	Test and inspect the package	2026-10-05T18:08:45.0138557Z ##[group]tests/adaptive-wait.test.mjs:
publish	Test and inspect the package	2026-10-05T18:08:45.2071553Z (pass) estimateDurationFromHistory uses median with headroom and fallback bounds [0.24ms]
publish	Test and inspect the package	2026-10-05T18:08:45.2108786Z (pass) nextPollMs doubles each attempt capped at 1s [0.10ms]
publish	Test and inspect the package	2026-10-05T18:08:45.2158886Z (pass) waitForDurableEvent works with adaptive poll intervals [0.29ms]
publish	Test and inspect the package	2026-10-05T18:08:45.2159475Z (pass) smoke wait_for uses adaptive polling (check-if-done, 250->1000) [0.68ms]
publish	Test and inspect the package	2026-10-05T18:08:45.2159786Z 
publish	Test and inspect the package	2026-10-05T18:08:45.2160137Z ##[endgroup]
publish	Test and inspect the package	2026-10-05T18:08:45.2160247Z 
publish	Test and inspect the package	2026-10-05T18:08:45.2160511Z ##[group]tests/auditor-quota-identical.test.ts:
publish	Test and inspect the package	2026-10-05T18:08:45.5900947Z (pass) rate-limit and plan-quota walls are exempt from the identical park [0.17ms]
publish	Test and inspect the package	2026-10-05T18:08:45.5912561Z (pass) billing walls keep the park — retries cannot fix a paywall [0.02ms]
publish	Test and inspect the package	2026-10-05T18:08:45.5913130Z (pass) non-quota infra failures keep the identical park [0.03ms]
publish	Test and inspect the package	2026-10-05T18:08:45.5913774Z (pass) freshAuditorCycleClaim reseeds the dead chain and restarts the streak [0.13ms]
publish	Test and inspect the package	2026-10-05T18:08:45.5914147Z 
publish	Test and inspect the package	2026-10-05T18:08:45.5914495Z ##[endgroup]
publish	Test and inspect the package	2026-10-05T18:08:45.5914610Z 
publish	Test and inspect the package	2026-10-05T18:08:45.5914869Z ##[group]tests/defer-durable-ordering.test.ts:
publish	Test and inspect the package	2026-10-05T18:08:45.7900634Z (pass) defer vs durable — semantic recommendation ordering > v0.38.71: imperative fix verbs do not double against the plaque verb (field UI-SURVEY-2026-09-20) [0.36ms]
publish	Test and inspect the package	2026-10-05T18:08:45.7919752Z (pass) defer vs durable — semantic recommendation ordering > three defer recommendations still select the safe durable action first [0.15ms]
publish	Test and inspect the package	2026-10-05T18:08:45.7922120Z (pass) defer vs durable — semantic recommendation ordering > only an explicit blocked fact selects the reversible defer plaque [0.06ms]
publish	Test and inspect the package	2026-10-05T18:08:45.7923410Z (pass) defer vs durable — semantic recommendation ordering > the policy is generated from the same semantic three-defer path [0.15ms]
publish	Test and inspect the package	2026-10-05T18:08:45.7923987Z 
publish	Test and inspect the package	2026-10-05T18:08:45.7924443Z ##[endgroup]
publish	Test and inspect the package	2026-10-05T18:08:45.7924682Z 
publish	Test and inspect the package	2026-10-05T18:08:45.7925068Z ##[group]tests/settlement-boundary-faults.test.ts:
publish	Test and inspect the package	2026-10-05T18:08:46.0620408Z (pass) typed settlement refuses success before its intent can be persisted [6.71ms]
publish	Test and inspect the package	2026-10-05T18:08:46.0678737Z (pass) failed receipt transfer retains the terminal obligation across live-slot cleanup [5.94ms]
publish	Test and inspect the package	2026-10-05T18:08:46.0729776Z (pass) unreadable old outbox retains new archive intent until both summaries can be queued [5.13ms]
publish	Test and inspect the package	2026-10-05T18:08:46.0730172Z 
publish	Test and inspect the package	2026-10-05T18:08:46.0730506Z ##[endgroup]
publish	Test and inspect the package	2026-10-05T18:08:46.0733896Z 
publish	Test and inspect the package	2026-10-05T18:08:46.0734259Z ##[group]tests/task-list-persistence.test.ts:
publish	Test and inspect the package	2026-10-05T18:08:46.3121811Z (pass) normal task-list proposal reports failure and stores no task list [44.31ms]
publish	Test and inspect the package	2026-10-05T18:08:46.3142167Z (pass) repair proposal preserves the source sidecar and queue when the task list cannot persist [2.22ms]
publish	Test and inspect the package	2026-10-05T18:08:46.3142571Z 
publish	Test and inspect the package	2026-10-05T18:08:46.3142917Z ##[endgroup]
publish	Test and inspect the package	2026-10-05T18:08:46.3146433Z 
publish	Test and inspect the package	2026-10-05T18:08:46.3146798Z ##[group]tests/transient-retry-cadence.test.ts:
publish	Test and inspect the package	2026-10-05T18:08:46.5126853Z (pass) transient weather hammers: 10 eager probes through the real classifier [0.81ms]
publish	Test and inspect the package	2026-10-05T18:08:46.5127593Z (pass) post-eager transient ladder: 1m base doubling to the 30m cap [0.13ms]
publish	Test and inspect the package	2026-10-05T18:08:46.5128417Z (pass) walls keep the historical ladder; a reset hint outranks the eager window [0.18ms]
publish	Test and inspect the package	2026-10-05T18:08:46.5128947Z (pass) v0.38.104: unclassified errors fail open to eager [0.11ms]
publish	Test and inspect the package	2026-10-05T18:08:46.5129462Z (pass) recovery probes use the kind-aware delay (the 300m park) [0.07ms]
publish	Test and inspect the package	2026-10-05T18:08:46.5130078Z (pass) describeSubagentTerminal: transient text is eager, walls and aborts are not [0.46ms]
publish	Test and inspect the package	2026-10-05T18:08:46.5130717Z (pass) subagentTerminalAlreadyRecorded: the nudge fires once per run [0.25ms]
publish	Test and inspect the package	2026-10-05T18:08:46.5131288Z (pass) audit: terminal precedence holds in every event order [0.15ms]
publish	Test and inspect the package	2026-10-05T18:08:46.5131867Z (pass) wiring: the process-terminal handler ledger-nudges eager child failures [0.48ms]
publish	Test and inspect the package	2026-10-05T18:08:46.5132442Z (pass) wiring: recovery probes route through the kind-aware delay [0.19ms]
publish	Test and inspect the package	2026-10-05T18:08:46.5132739Z 
publish	Test and inspect the package	2026-10-05T18:08:46.5133085Z ##[endgroup]
publish	Test and inspect the package	2026-10-05T18:08:46.5508942Z 
publish	Test and inspect the package	2026-10-05T18:08:46.5510058Z ##[group]tests/quota-horizon-exemption.test.ts:
publish	Test and inspect the package	2026-10-05T18:08:46.8083103Z (pass) quota wait survives the horizon instead of parking [2.10ms]
publish	Test and inspect the package	2026-10-05T18:08:46.8089502Z (pass) billing and non-quota failures still park at the horizon [0.86ms]
publish	Test and inspect the package	2026-10-05T18:08:46.8090421Z (pass) deterministic classifier: 400 markers hold, everything else passes through [0.06ms]
publish	Test and inspect the package	2026-10-05T18:08:46.8099310Z (pass) deterministic 400 holds even aggressive and fresh — identical retries cannot succeed [0.58ms]
publish	Test and inspect the package	2026-10-05T18:08:46.8099919Z (pass) deterministic hold names the fix directions [0.23ms]
publish	Test and inspect the package	2026-10-05T18:08:46.8103648Z (pass) transient wall still schedules under aggressive (control) [0.49ms]
publish	Test and inspect the package	2026-10-05T18:08:46.8104097Z 
publish	Test and inspect the package	2026-10-05T18:08:46.8104583Z ##[endgroup]
publish	Test and inspect the package	2026-10-05T18:08:46.8108741Z 
publish	Test and inspect the package	2026-10-05T18:08:47.0590046Z ##[group]tests/refine-spec-rebaseline.test.ts:
publish	Test and inspect the package	2026-10-05T18:08:47.0591239Z REFINE RESULT: Refinement confirmed and applied. Continue improving against the NEW spec — one small change per turn.
publish	Test and inspect the package	2026-10-05T18:08:47.0592195Z (pass) v0.35.43: a confirmed respec with newly checked boxes re-baselines specChecked — no unearned progress [53.86ms]
publish	Test and inspect the package	2026-10-05T18:08:47.0661190Z (pass) v0.35.x: recoverable bound-stopped loops accept a confirmed refinement without auto-starting [6.35ms]
publish	Test and inspect the package	2026-10-05T18:08:47.0662055Z 
publish	Test and inspect the package	2026-10-05T18:08:47.0662712Z ##[endgroup]
publish	Test and inspect the package	2026-10-05T18:08:47.0668915Z 
publish	Test and inspect the package	2026-10-05T18:08:47.0673021Z ##[group]tests/provider-retry-relentless.test.ts:
publish	Test and inspect the package	2026-10-05T18:08:47.2681333Z (pass) 200751: agent pause inside the brake episode does not kill the retry [0.15ms]
publish	Test and inspect the package	2026-10-05T18:08:47.2681942Z (pass) untouched brake pause still resumes [0.02ms]
publish	Test and inspect the package	2026-10-05T18:08:47.2682325Z (pass) untouched 6-brake park still probes [0.02ms]
publish	Test and inspect the package	2026-10-05T18:08:47.2682875Z (pass) explicit user pause stands the retry down [0.02ms]
publish	Test and inspect the package	2026-10-05T18:08:47.2683326Z (pass) pending decision picker stands the retry down [0.01ms]
publish	Test and inspect the package	2026-10-05T18:08:47.2683720Z (pass) active goal never resumes [0.03ms]
publish	Test and inspect the package	2026-10-05T18:08:47.2684353Z (pass) episode mismatch never resumes [0.01ms]
publish	Test and inspect the package	2026-10-05T18:08:47.2685456Z (pass) missing episode never resumes [0.07ms]
publish	Test and inspect the package	2026-10-05T18:08:47.2686363Z 
publish	Test and inspect the package	2026-10-05T18:08:47.2687470Z ##[endgroup]
publish	Test and inspect the package	2026-10-05T18:08:47.2688041Z 
publish	Test and inspect the package	2026-10-05T18:08:47.2689492Z ##[group]tests/terminal-completion-notice.test.ts:
publish	Test and inspect the package	2026-10-05T18:08:47.5440696Z (pass) v0.38.18 terminal notice: the done brief lands in the conversation exactly once [18.24ms]
publish	Test and inspect the package	2026-10-05T18:08:47.5441862Z (pass) v0.38.18 source: the detached-approval branch closes the transcript [0.20ms]
publish	Test and inspect the package	2026-10-05T18:08:47.5494258Z (pass) audit-2026-09-06: a stale-generation notice never fires into the successor session [5.32ms]
publish	Test and inspect the package	2026-10-05T18:08:47.5494657Z 
publish	Test and inspect the package	2026-10-05T18:08:47.5495009Z ##[endgroup]
publish	Test and inspect the package	2026-10-05T18:08:47.5498115Z 
publish	Test and inspect the package	2026-10-05T18:08:47.5498406Z ##[group]tests/auditor-thinking-display.test.ts:
publish	Test and inspect the package	2026-10-05T18:08:47.7918619Z (pass) headless /glla shows the effective auditor thinking level with its why [51.87ms]
publish	Test and inspect the package	2026-10-05T18:08:47.8069853Z (pass) headless /glla honors an explicit thinking setting and unknown models [14.05ms]
publish	Test and inspect the package	2026-10-05T18:08:47.8095289Z 
publish	Test and inspect the package	2026-10-05T18:08:47.8096187Z ##[endgroup]
publish	Test and inspect the package	2026-10-05T18:08:47.8096606Z 
publish	Test and inspect the package	2026-10-05T18:08:47.8097269Z ##[group]tests/auditor-screenshot-disapproval.test.ts:
publish	Test and inspect the package	2026-10-05T18:08:48.0089203Z (pass) screenshot-shaped non-literal Done when contract proof stays an actionable disapproval [0.69ms]
publish	Test and inspect the package	2026-10-05T18:08:48.0090173Z (pass) screenshot-shaped inverted title/score hierarchy stays an actionable disapproval [0.14ms]
publish	Test and inspect the package	2026-10-05T18:08:48.0090495Z 
publish	Test and inspect the package	2026-10-05T18:08:48.0090914Z ##[endgroup]
publish	Test and inspect the package	2026-10-05T18:08:48.0090991Z 
publish	Test and inspect the package	2026-10-05T18:08:48.0091163Z ##[group]tests/pause-anti-confabulation.test.ts:
publish	Test and inspect the package	2026-10-05T18:08:48.2745626Z (pass) claimed-missing matches absence language only [1.07ms]
publish	Test and inspect the package	2026-10-05T18:08:48.6706150Z (pass) pause claiming a missing tool is refused with a correction, goal stays active [396.04ms]
publish	Test and inspect the package	2026-10-05T18:08:49.0239892Z (pass) pause quoting pi's own not-found error is accepted as a genuine outage [353.41ms]
publish	Test and inspect the package	2026-10-05T18:08:49.4298889Z (pass) ordinary pauses are untouched by the guard [405.73ms]
publish	Test and inspect the package	2026-10-05T18:08:49.4299149Z 
publish	Test and inspect the package	2026-10-05T18:08:49.4299426Z ##[endgroup]
publish	Test and inspect the package	2026-10-05T18:08:49.4302701Z 
publish	Test and inspect the package	2026-10-05T18:08:49.4303024Z ##[group]tests/list-stall-reproduction.test.ts:
publish	Test and inspect the package	2026-10-05T18:08:50.0041729Z (pass) completed standalone goal automatically hands off to the waiting list [336.56ms]
publish	Test and inspect the package	2026-10-05T18:08:50.1394815Z (pass) /glla resume starts a waiting-only list instead of reporting nothing [135.29ms]
publish	Test and inspect the package	2026-10-05T18:08:50.3581455Z (pass) list-sourced completion promotes the successor and records the settle transition [218.45ms]
publish	Test and inspect the package	2026-10-05T18:08:50.3583103Z 
publish	Test and inspect the package	2026-10-05T18:08:50.3583708Z ##[endgroup]
publish	Test and inspect the package	2026-10-05T18:08:50.3978063Z 
publish	Test and inspect the package	2026-10-05T18:08:50.3979829Z ##[group]tests/vision-assist.test.ts:
publish	Test and inspect the package	2026-10-05T18:08:50.6635214Z (pass) VISION_ASSIST_GUIDANCE prefers native vision without assuming MMX [35.30ms]
publish	Test and inspect the package	2026-10-05T18:08:50.6635734Z (pass) docs/VISION-ASSIST.md documents native-first guidance and the preapproval gate [0.18ms]
publish	Test and inspect the package	2026-10-05T18:08:50.6674456Z (pass) visionDescribeCommand builds the exact mmx call [3.93ms]
publish	Test and inspect the package	2026-10-05T18:08:50.6675303Z (pass) routeVisionCheck: a forbidden target stays on the current model [0.11ms]
publish	Test and inspect the package	2026-10-05T18:08:50.6676054Z (pass) routeVisionCheck: confirmed MMX is an optional external fallback [0.05ms]
publish	Test and inspect the package	2026-10-05T18:08:50.6676654Z (pass) routeVisionCheck: native vision is the default and no external tool is assumed [0.03ms]
publish	Test and inspect the package	2026-10-05T18:08:50.6677235Z (pass) routeVisionCheck: known unavailable native vision fails closed [0.05ms]
publish	Test and inspect the package	2026-10-05T18:08:50.6677743Z (pass) routeVisionCheck: model switch requires explicit opt-in [0.04ms]
publish	Test and inspect the package	2026-10-05T18:08:50.6678769Z (pass) isForbiddenModel: v0.34.115 default is empty — no model is forbidden by default [0.05ms]
publish	Test and inspect the package	2026-10-05T18:08:50.6679323Z (pass) visionAssistLedger builds a native-model audit payload [0.06ms]
publish	Test and inspect the package	2026-10-05T18:08:50.8693987Z (pass) continuation prompts carry native-first VISION-ASSIST guidance by default [201.35ms]
publish	Test and inspect the package	2026-10-05T18:08:51.0717016Z (pass) visionAssist off → the directive is dropped from continuation prompts (gate still ships) [202.21ms]
publish	Test and inspect the package	2026-10-05T18:08:51.0744105Z (pass) a forbidden switch at runtime records the vision_assist routing entry [2.85ms]
publish	Test and inspect the package	2026-10-05T18:08:51.0758528Z (pass) visionAssist off → the forbidden switch records no vision_assist entry (gate still fires) [1.03ms]
publish	Test and inspect the package	2026-10-05T18:08:51.0759008Z 
publish	Test and inspect the package	2026-10-05T18:08:51.0759406Z ##[endgroup]
publish	Test and inspect the package	2026-10-05T18:08:51.0768665Z 
publish	Test and inspect the package	2026-10-05T18:08:51.0769160Z ##[group]tests/mid-objective-park-refusal.test.ts:
publish	Test and inspect the package	2026-10-05T18:08:51.4907565Z (pass) 200751-shape: blocked self-park while the brake retry is armed is refused, goal stays active [217.08ms]
publish	Test and inspect the package	2026-10-05T18:08:51.8192943Z (pass) kind error and kind-unset parks are refused while armed [328.50ms]
publish	Test and inspect the package	2026-10-05T18:08:51.9925755Z (pass) decision picker while armed is still allowed (user deliberating) [173.27ms]
publish	Test and inspect the package	2026-10-05T18:08:52.1655498Z (pass) time-gated wait while armed is still allowed (bounded by the clamp) [172.95ms]
publish	Test and inspect the package	2026-10-05T18:08:52.3367661Z (pass) blocked park with no armed recovery is still allowed (genuine blocker) [171.15ms]
publish	Test and inspect the package	2026-10-05T18:08:52.3368255Z 
publish	Test and inspect the package	2026-10-05T18:08:52.3368606Z ##[endgroup]
publish	Test and inspect the package	2026-10-05T18:08:52.3371044Z 
publish	Test and inspect the package	2026-10-05T18:08:52.3371373Z ##[group]tests/paused-owner-honesty.test.ts:
publish	Test and inspect the package	2026-10-05T18:08:52.6139281Z (pass) stale recovery remnant does not own a blocked pause [37.29ms]
publish	Test and inspect the package	2026-10-05T18:08:52.6140170Z (pass) live recovery timer still owns a blocked pause [0.32ms]
publish	Test and inspect the package	2026-10-05T18:08:52.6140433Z 
publish	Test and inspect the package	2026-10-05T18:08:52.6140843Z ##[endgroup]
publish	Test and inspect the package	2026-10-05T18:08:52.6145176Z 
publish	Test and inspect the package	2026-10-05T18:08:52.6145579Z ##[group]tests/blocked-pause-autoclear.test.ts:
publish	Test and inspect the package	2026-10-05T18:08:53.8780574Z (pass) v0.34.64 — blocked pause owned by recovery auto-clears when the probe succeeds [1065.65ms]
publish	Test and inspect the package	2026-10-05T18:08:54.9742510Z (pass) v0.34.64 — blocked pause with a NON-recovery reason stays blocked [1096.00ms]
publish	Test and inspect the package	2026-10-05T18:08:56.0187550Z (pass) v0.34.64 — wait pause owned by recovery still auto-clears [1044.61ms]
publish	Test and inspect the package	2026-10-05T18:08:56.0189227Z (pass) v0.34.64 — source guard: only main-model recovery owns the auto-clear [0.36ms]
publish	Test and inspect the package	2026-10-05T18:08:56.0189559Z 
publish	Test and inspect the package	2026-10-05T18:08:56.0189852Z ##[endgroup]
publish	Test and inspect the package	2026-10-05T18:08:56.0193462Z 
publish	Test and inspect the package	2026-10-05T18:08:56.0193763Z ##[group]tests/contained-child-platform.test.ts:
publish	Test and inspect the package	2026-10-05T18:08:57.2746859Z (pass) real linux cleanup stops a live owned Node tree and inherited pipes [1054.35ms]
publish	Test and inspect the package	2026-10-05T18:08:57.2747258Z 
publish	Test and inspect the package	2026-10-05T18:08:57.2747611Z ##[endgroup]
publish	Test and inspect the package	2026-10-05T18:08:57.2749593Z 
publish	Test and inspect the package	2026-10-05T18:08:57.2749884Z ##[group]tests/audit-change-scope.test.ts:
publish	Test and inspect the package	2026-10-05T18:08:57.4732638Z (pass) change-scope: extractor reads file_path/path and drops everything else [0.26ms]
publish	Test and inspect the package	2026-10-05T18:08:57.4733454Z (pass) change-scope: recorder keeps first-seen order, dedupes, and counts overflow [0.32ms]
publish	Test and inspect the package	2026-10-05T18:08:57.5898936Z (pass) change-scope: write tool calls record their paths on the active goal [118.70ms]
publish	Test and inspect the package	2026-10-05T18:08:57.8241121Z (pass) change-scope: reads, bash, junk, and inactive goals record nothing [234.17ms]
publish	Test and inspect the package	2026-10-05T18:08:57.9240524Z (pass) change-scope: the audit brief names the recorded paths first [99.02ms]
publish	Test and inspect the package	2026-10-05T18:08:57.9246012Z (pass) change-scope: the brief reports overflow and escapes paths as data [0.20ms]
publish	Test and inspect the package	2026-10-05T18:08:57.9250657Z (pass) change-scope: no recorded paths keeps the previous brief shape [0.20ms]
publish	Test and inspect the package	2026-10-05T18:08:57.9251376Z (pass) change-scope: the fallback summary names recorded paths, bounded [0.87ms]
publish	Test and inspect the package	2026-10-05T18:08:57.9258399Z (pass) change-scope: the audit brief caps the prompt list at 20 with an omission line [0.43ms]
publish	Test and inspect the package	2026-10-05T18:08:57.9258877Z 
publish	Test and inspect the package	2026-10-05T18:08:57.9259328Z ##[endgroup]
publish	Test and inspect the package	2026-10-05T18:08:57.9259546Z 
publish	Test and inspect the package	2026-10-05T18:08:57.9259885Z ##[group]tests/loops/goal.test.ts:
publish	Test and inspect the package	2026-10-05T18:08:58.6886954Z (pass) v0.34.57: a compaction inside the watchdog window pauses the watchdog instead of firing the unacknowledged warning [512.20ms]
publish	Test and inspect the package	2026-10-05T18:08:59.0536030Z (pass) v0.34.57: compaction rearm cap goes directly to unacknowledged without a retry [364.01ms]
publish	Test and inspect the package	2026-10-05T18:08:59.5196651Z (pass) v0.34.124: a recovery resume inside the watchdog window pauses the watchdog instead of firing the unacknowledged warning [466.94ms]
publish	Test and inspect the package	2026-10-05T18:08:59.5198739Z (pass) v0.34.124: recovery rearm counters clear when the dispatch watchdog settles [0.46ms]
publish	Test and inspect the package	2026-10-05T18:09:00.1908490Z (pass) v0.34.124: a recovery resume OUTSIDE the grace window does not pause the watchdog [670.73ms]
publish	Test and inspect the package	2026-10-05T18:09:00.7854440Z (pass) v0.34.57: a genuine stall (no compaction in the window) still fires the unacknowledged warning [594.55ms]
publish	Test and inspect the package	2026-10-05T18:09:00.7854751Z 
publish	Test and inspect the package	2026-10-05T18:09:00.7855012Z ##[endgroup]
publish	Test and inspect the package	2026-10-05T18:09:00.7855087Z 
publish	Test and inspect the package	2026-10-05T18:09:00.7855143Z 1 tests skipped:
publish	Test and inspect the package	2026-10-05T18:09:00.7855395Z (skip) commit survives the auto-committer daemon (item 32, env-gated watched repo)
publish	Test and inspect the package	2026-10-05T18:09:00.7855573Z 
publish	Test and inspect the package	2026-10-05T18:09:00.7855627Z  3263 pass
publish	Test and inspect the package	2026-10-05T18:09:00.7855743Z  1 skip
publish	Test and inspect the package	2026-10-05T18:09:00.7855852Z  0 fail
publish	Test and inspect the package	2026-10-05T18:09:00.7856001Z Ran 3264 tests across 349 files. [497.84s]
publish	Test and inspect the package	2026-10-05T18:09:01.0920589Z [run-tests] finished in 498s (exit 0)
publish	Test and inspect the package	2026-10-05T18:09:12.8863259Z TAP version 13
publish	Test and inspect the package	2026-10-05T18:09:12.8888958Z # Subtest: jiti: /list audit enqueues, persists the item, and ACTIVATES (state binding not split)
publish	Test and inspect the package	2026-10-05T18:09:12.8918768Z ok 1 - jiti: /list audit enqueues, persists the item, and ACTIVATES (state binding not split)
publish	Test and inspect the package	2026-10-05T18:09:12.8950093Z   ---
publish	Test and inspect the package	2026-10-05T18:09:12.8950786Z   duration_ms: 3779.480604
publish	Test and inspect the package	2026-10-05T18:09:12.8951946Z   type: 'test'
publish	Test and inspect the package	2026-10-05T18:09:12.8952250Z   ...
publish	Test and inspect the package	2026-10-05T18:09:13.2109061Z 1..1
publish	Test and inspect the package	2026-10-05T18:09:13.2109381Z # tests 1
publish	Test and inspect the package	2026-10-05T18:09:13.2109578Z # suites 0
publish	Test and inspect the package	2026-10-05T18:09:13.2109771Z # pass 1
publish	Test and inspect the package	2026-10-05T18:09:13.2110121Z # fail 0
publish	Test and inspect the package	2026-10-05T18:09:13.2111516Z # cancelled 0
publish	Test and inspect the package	2026-10-05T18:09:13.2111833Z # skipped 0
publish	Test and inspect the package	2026-10-05T18:09:13.2112029Z # todo 0
publish	Test and inspect the package	2026-10-05T18:09:13.2112276Z # duration_ms 4107.108343
publish	Test and inspect the package	2026-10-05T18:09:13.2955970Z npm warn Unknown user config "always-auth". This will stop working in the next major version of npm. See `npm help npmrc` for supported config options.
publish	Test and inspect the package	2026-10-05T18:09:13.3043325Z 
publish	Test and inspect the package	2026-10-05T18:09:13.3044015Z > pi-goal-list-loop-audit@0.39.8 test:auditor-extensions
publish	Test and inspect the package	2026-10-05T18:09:13.3044532Z > node scripts/verify-auditor-extensions-offline.mjs
publish	Test and inspect the package	2026-10-05T18:09:13.3044756Z 
publish	Test and inspect the package	2026-10-05T18:09:13.5229476Z OK: -e <resolved-path> registered 1 glla-auditor-fixture models offline (PI_OFFLINE=1)
publish	Test and inspect the package	2026-10-05T18:09:13.5230533Z OK: no temporary extension install directory created
publish	Test and inspect the package	2026-10-05T18:09:13.5231081Z VERIFIED offline auditor extension loading via resolved path: /home/runner/work/pi-goal-list-loop-audit/pi-goal-list-loop-audit/scripts/auditor-extension-fixture.mjs
publish	Test and inspect the package	2026-10-05T18:09:13.5874721Z npm warn Unknown user config "always-auth". This will stop working in the next major version of npm. See `npm help npmrc` for supported config options.
publish	Test and inspect the package	2026-10-05T18:09:13.5965015Z 
publish	Test and inspect the package	2026-10-05T18:09:13.5965633Z > pi-goal-list-loop-audit@0.39.8 check:inventory
publish	Test and inspect the package	2026-10-05T18:09:13.5965950Z > node scripts/generate-inventory.mjs --check
publish	Test and inspect the package	2026-10-05T18:09:13.5966078Z 
publish	Test and inspect the package	2026-10-05T18:09:14.4299559Z npm warn Unknown user config "always-auth". This will stop working in the next major version of npm. See `npm help npmrc` for supported config options.
publish	Test and inspect the package	2026-10-05T18:09:14.7629571Z npm notice
publish	Test and inspect the package	2026-10-05T18:09:14.7631332Z npm notice 📦  pi-goal-list-loop-audit@0.39.8
publish	Test and inspect the package	2026-10-05T18:09:14.7631668Z npm notice Tarball Contents
publish	Test and inspect the package	2026-10-05T18:09:14.7646419Z npm notice 639.1kB CHANGELOG.md
publish	Test and inspect the package	2026-10-05T18:09:14.7646659Z npm notice 11.3kB INSTALL.md
publish	Test and inspect the package	2026-10-05T18:09:14.7646885Z npm notice 34.6kB LICENSE
publish	Test and inspect the package	2026-10-05T18:09:14.7647135Z npm notice 5.0kB LIST-PHILOSOPHY.md
publish	Test and inspect the package	2026-10-05T18:09:14.7647390Z npm notice 20.1kB PLAN.md
publish	Test and inspect the package	2026-10-05T18:09:14.7647613Z npm notice 29.5kB README.md
publish	Test and inspect the package	2026-10-05T18:09:14.7648047Z npm notice 5.8kB docs/ARCHITECTURE.md
publish	Test and inspect the package	2026-10-05T18:09:14.7648353Z npm notice 4.0kB docs/COMPATIBILITY.md
publish	Test and inspect the package	2026-10-05T18:09:14.7648741Z npm notice 8.8kB docs/DESIGN-long-running-supervision.md
publish	Test and inspect the package	2026-10-05T18:09:14.7649134Z npm notice 5.5kB docs/DESIGN-subagent-visibility.md
publish	Test and inspect the package	2026-10-05T18:09:14.7649443Z npm notice 49.5kB docs/DESIGN.md
publish	Test and inspect the package	2026-10-05T18:09:14.7649908Z npm notice 12.8kB docs/GLLA-POSITIONING-AND-DECOMPOSITION-2026-08-08.md
publish	Test and inspect the package	2026-10-05T18:09:14.7650318Z npm notice 2.4kB docs/INDEX.md
publish	Test and inspect the package	2026-10-05T18:09:14.7650632Z npm notice 5.0kB docs/OWNERSHIP-AND-SETTLEMENT.md
publish	Test and inspect the package	2026-10-05T18:09:14.7650968Z npm notice 4.9kB docs/PROMOTION-CONTRACT.md
publish	Test and inspect the package	2026-10-05T18:09:14.7651271Z npm notice 5.1kB docs/RECOVERY.md
publish	Test and inspect the package	2026-10-05T18:09:14.7651548Z npm notice 3.2kB docs/RELEASING.md
publish	Test and inspect the package	2026-10-05T18:09:14.7651880Z npm notice 3.7kB docs/RELIABILITY-AND-MEASUREMENT.md
publish	Test and inspect the package	2026-10-05T18:09:14.7652229Z npm notice 1.9kB docs/RUNTIME-INVENTORY.md
publish	Test and inspect the package	2026-10-05T18:09:14.7652523Z npm notice 12.6kB docs/SETTINGS.md
publish	Test and inspect the package	2026-10-05T18:09:14.7652806Z npm notice 3.6kB docs/VISION-ASSIST.md
publish	Test and inspect the package	2026-10-05T18:09:14.7653120Z npm notice 5.0kB examples/example-objective.md
publish	Test and inspect the package	2026-10-05T18:09:14.7653467Z npm notice 10.0kB extensions/action-reminder.ts
publish	Test and inspect the package	2026-10-05T18:09:14.7653827Z npm notice 9.9kB extensions/approval-render-store.ts
publish	Test and inspect the package	2026-10-05T18:09:14.7654184Z npm notice 20.8kB extensions/audit-lifecycle.ts
publish	Test and inspect the package	2026-10-05T18:09:14.7654541Z npm notice 17.8kB extensions/auditor-extensions.ts
publish	Test and inspect the package	2026-10-05T18:09:14.7654892Z npm notice 904B extensions/auditor-thinking.ts
publish	Test and inspect the package	2026-10-05T18:09:14.7655116Z npm notice 2.8kB extensions/compaction-failure.ts
publish	Test and inspect the package	2026-10-05T18:09:14.7655331Z npm notice 39.6kB extensions/compaction-input.ts
publish	Test and inspect the package	2026-10-05T18:09:14.7655551Z npm notice 7.6kB extensions/compactor-model.ts
publish	Test and inspect the package	2026-10-05T18:09:14.7655765Z npm notice 80.2kB extensions/completion-summary.ts
publish	Test and inspect the package	2026-10-05T18:09:14.7655975Z npm notice 7.0kB extensions/confirm-draft.ts
publish	Test and inspect the package	2026-10-05T18:09:14.7656184Z npm notice 18.0kB extensions/context-checkpoint.ts
publish	Test and inspect the package	2026-10-05T18:09:14.7656397Z npm notice 13.4kB extensions/context-growth.ts
publish	Test and inspect the package	2026-10-05T18:09:14.7656597Z npm notice 5.6kB extensions/context-hygiene.ts
publish	Test and inspect the package	2026-10-05T18:09:14.7656819Z npm notice 7.4kB extensions/continuous-supervision.ts
publish	Test and inspect the package	2026-10-05T18:09:14.7657034Z npm notice 4.8kB extensions/drafter-model.ts
publish	Test and inspect the package	2026-10-05T18:09:14.7657237Z npm notice 3.4kB extensions/drafting-handoff.ts
publish	Test and inspect the package	2026-10-05T18:09:14.7657456Z npm notice 24.1kB extensions/drafting-interview.ts
publish	Test and inspect the package	2026-10-05T18:09:14.7657694Z npm notice 19.4kB extensions/faulty-objective-recovery.ts
publish	Test and inspect the package	2026-10-05T18:09:14.7658092Z npm notice 7.6kB extensions/finding-lead.ts
publish	Test and inspect the package	2026-10-05T18:09:14.7658413Z npm notice 5.9kB extensions/glla-state-root.ts
publish	Test and inspect the package	2026-10-05T18:09:14.7658673Z npm notice 5.0kB extensions/glla-update-check.ts
publish	Test and inspect the package	2026-10-05T18:09:14.7658875Z npm notice 5.5kB extensions/glla-version.ts
publish	Test and inspect the package	2026-10-05T18:09:14.7659085Z npm notice 21.1kB extensions/goal-agents-panel.ts
publish	Test and inspect the package	2026-10-05T18:09:14.7659294Z npm notice 187.1kB extensions/goal-commands.ts
publish	Test and inspect the package	2026-10-05T18:09:14.7659497Z npm notice 25.2kB extensions/goal-compactor.ts
publish	Test and inspect the package	2026-10-05T18:09:14.7659704Z npm notice 104.4kB extensions/goal-continuation.ts
publish	Test and inspect the package	2026-10-05T18:09:14.7659914Z npm notice 105.3kB extensions/goal-heartbeat.ts
publish	Test and inspect the package	2026-10-05T18:09:14.7660147Z npm notice 139.4kB extensions/goal-loop-auditor-process.ts
publish	Test and inspect the package	2026-10-05T18:09:14.7660380Z npm notice 22.2kB extensions/goal-loop-auditor.ts
publish	Test and inspect the package	2026-10-05T18:09:14.7660824Z npm notice 16.1kB extensions/goal-loop-backoff.ts
publish	Test and inspect the package	2026-10-05T18:09:14.7661031Z npm notice 238.3kB extensions/goal-loop-core.ts
publish	Test and inspect the package	2026-10-05T18:09:14.7661383Z npm notice 6.6kB extensions/goal-loop-dispatch.ts
publish	Test and inspect the package	2026-10-05T18:09:14.7661600Z npm notice 159.4kB extensions/goal-loop-display.ts
publish	Test and inspect the package	2026-10-05T18:09:14.7661815Z npm notice 48.8kB extensions/goal-loop-forever.ts
publish	Test and inspect the package	2026-10-05T18:09:14.7662041Z npm notice 15.0kB extensions/goal-loop-repetition.ts
publish	Test and inspect the package	2026-10-05T18:09:14.7662262Z npm notice 50.3kB extensions/goal-loop-shield.ts
publish	Test and inspect the package	2026-10-05T18:09:14.7662470Z npm notice 23.6kB extensions/goal-loop-stats.ts
publish	Test and inspect the package	2026-10-05T18:09:14.7662684Z npm notice 16.3kB extensions/goal-loop-subagents.ts
publish	Test and inspect the package	2026-10-05T18:09:14.7662892Z npm notice 97.0kB extensions/goal-loop.ts
publish	Test and inspect the package	2026-10-05T18:09:14.7663110Z npm notice 4.4kB extensions/goal-objective-conflict.ts
publish	Test and inspect the package	2026-10-05T18:09:14.7663329Z npm notice 91.2kB extensions/goal-recovery.ts
publish	Test and inspect the package	2026-10-05T18:09:14.7663532Z npm notice 51.6kB extensions/goal-settings.ts
publish	Test and inspect the package	2026-10-05T18:09:14.7663729Z npm notice 4.0kB extensions/goal-state.ts
publish	Test and inspect the package	2026-10-05T18:09:14.7663925Z npm notice 9.4kB extensions/length-continue.ts
publish	Test and inspect the package	2026-10-05T18:09:14.7664149Z npm notice 211.2kB extensions/loops/goal-activation.ts
publish	Test and inspect the package	2026-10-05T18:09:14.7664386Z npm notice 136.8kB extensions/loops/goal-auditor-hooks.ts
publish	Test and inspect the package	2026-10-05T18:09:14.7664635Z npm notice 1.3kB extensions/loops/goal-auditor-surface.ts
publish	Test and inspect the package	2026-10-05T18:09:14.7664872Z npm notice 48.0kB extensions/loops/goal-list-queue.ts
publish	Test and inspect the package	2026-10-05T18:09:14.7665102Z npm notice 72.3kB extensions/loops/goal-orchestrator.ts
publish	Test and inspect the package	2026-10-05T18:09:14.7665344Z npm notice 23.8kB extensions/loops/goal-runtime-globals.ts
publish	Test and inspect the package	2026-10-05T18:09:14.7665573Z npm notice 97.9kB extensions/loops/goal-session.ts
publish	Test and inspect the package	2026-10-05T18:09:14.7665885Z npm notice 100.1kB extensions/loops/goal-settings-ui.ts
publish	Test and inspect the package	2026-10-05T18:09:14.7666288Z npm notice 256.7kB extensions/loops/goal-tools.ts
publish	Test and inspect the package	2026-10-05T18:09:14.7666620Z npm notice 61.2kB extensions/loops/goal-ui.ts
publish	Test and inspect the package	2026-10-05T18:09:14.7666929Z npm notice 21.8kB extensions/loops/goal.ts
publish	Test and inspect the package	2026-10-05T18:09:14.7667317Z npm notice 24.9kB extensions/main-model-recovery.ts
publish	Test and inspect the package	2026-10-05T18:09:14.7667663Z npm notice 13.6kB extensions/model-picker.ts
publish	Test and inspect the package	2026-10-05T18:09:14.7668108Z npm notice 8.0kB extensions/model-selector.ts
publish	Test and inspect the package	2026-10-05T18:09:14.7668391Z npm notice 25.5kB extensions/multi-model-picker.ts
publish	Test and inspect the package	2026-10-05T18:09:14.7668639Z npm notice 5.7kB extensions/owner-file-protocol.ts
publish	Test and inspect the package	2026-10-05T18:09:14.7668850Z npm notice 8.1kB extensions/payload-guard.ts
publish	Test and inspect the package	2026-10-05T18:09:14.7669068Z npm notice 4.7kB extensions/proactive-pre-read.ts
publish	Test and inspect the package	2026-10-05T18:09:14.7669319Z npm notice 6.9kB extensions/prompt-layers.ts
publish	Test and inspect the package	2026-10-05T18:09:14.7669539Z npm notice 33.4kB extensions/quota-retry.ts
publish	Test and inspect the package	2026-10-05T18:09:14.7669770Z npm notice 1.7kB extensions/respec-builder-audit.ts
publish	Test and inspect the package	2026-10-05T18:09:14.7670066Z npm notice 22.1kB extensions/respec-builder-runtime.ts
publish	Test and inspect the package	2026-10-05T18:09:14.7670349Z npm notice 3.9kB extensions/respec-builder-ui.ts
publish	Test and inspect the package	2026-10-05T18:09:14.7670556Z npm notice 9.5kB extensions/respec-builder.ts
publish	Test and inspect the package	2026-10-05T18:09:14.7670753Z npm notice 25.6kB extensions/reviewer.ts
publish	Test and inspect the package	2026-10-05T18:09:14.7670948Z npm notice 50.5kB extensions/settings-menu.ts
publish	Test and inspect the package	2026-10-05T18:09:14.7671150Z npm notice 18.9kB extensions/start-context.ts
publish	Test and inspect the package	2026-10-05T18:09:14.7671358Z npm notice 27.3kB extensions/state-root-owner.ts
publish	Test and inspect the package	2026-10-05T18:09:14.7671570Z npm notice 5.0kB extensions/summary-renderer.ts
publish	Test and inspect the package	2026-10-05T18:09:14.7671769Z npm notice 5.9kB extensions/task-batch.ts
publish	Test and inspect the package	2026-10-05T18:09:14.7671989Z npm notice 2.7kB extensions/terminal-summary-delivery.ts
publish	Test and inspect the package	2026-10-05T18:09:14.7672230Z npm notice 417B extensions/terminal-summary-limits.ts
publish	Test and inspect the package	2026-10-05T18:09:14.7672438Z npm notice 2.8kB extensions/tool-config.ts
publish	Test and inspect the package	2026-10-05T18:09:14.7672635Z npm notice 8.1kB extensions/vision-assist.ts
publish	Test and inspect the package	2026-10-05T18:09:14.7672827Z npm notice 159.0kB media/glla-icon.png
publish	Test and inspect the package	2026-10-05T18:09:14.7673011Z npm notice 159.0kB media/glla-thumb.png
publish	Test and inspect the package	2026-10-05T18:09:14.7673200Z npm notice 2.2kB media/glla-thumb.svg
publish	Test and inspect the package	2026-10-05T18:09:14.7673377Z npm notice 46.4kB media/glla2.png
publish	Test and inspect the package	2026-10-05T18:09:14.7673670Z npm notice 2.8kB package.json
publish	Test and inspect the package	2026-10-05T18:09:14.7673873Z npm notice 22.3kB prompts/goal-loop-continuation.md
publish	Test and inspect the package	2026-10-05T18:09:14.7674191Z npm notice 9.9kB prompts/goal-loop-draft.md
publish	Test and inspect the package	2026-10-05T18:09:14.7674407Z npm notice 6.0kB prompts/goal-loop-forever-draft.md
publish	Test and inspect the package	2026-10-05T18:09:14.7674650Z npm notice 3.3kB prompts/goal-loop-forever-metricless.md
publish	Test and inspect the package	2026-10-05T18:09:14.7674877Z npm notice 3.3kB prompts/goal-loop-forever.md
publish	Test and inspect the package	2026-10-05T18:09:14.7675089Z npm notice 1.5kB prompts/goal-loop-plan-loop.md
publish	Test and inspect the package	2026-10-05T18:09:14.7675295Z npm notice 4.8kB prompts/goal-loop-plan.md
publish	Test and inspect the package	2026-10-05T18:09:14.7675510Z npm notice 3.4kB prompts/goal-loop-respec-builder.md
publish	Test and inspect the package	2026-10-05T18:09:14.7675741Z npm notice 2.0kB prompts/goal-loop-respec-draft.md
publish	Test and inspect the package	2026-10-05T18:09:14.7676078Z npm notice 21.5kB schemas/goal.schema.json
publish	Test and inspect the package	2026-10-05T18:09:14.7676419Z npm notice 655B scripts/auditor-extension-fixture.mjs
publish	Test and inspect the package	2026-10-05T18:09:14.7676817Z npm notice 250B scripts/auditor-stderr-diagnostic.d.mts
publish	Test and inspect the package	2026-10-05T18:09:14.7677216Z npm notice 2.6kB scripts/auditor-stderr-diagnostic.mjs
publish	Test and inspect the package	2026-10-05T18:09:14.7677574Z npm notice 182B scripts/canary-budget.d.mts
publish	Test and inspect the package	2026-10-05T18:09:14.7678034Z npm notice 2.5kB scripts/canary-budget.mjs
publish	Test and inspect the package	2026-10-05T18:09:14.7678365Z npm notice 115B scripts/canary-extension.d.mts
publish	Test and inspect the package	2026-10-05T18:09:14.7678696Z npm notice 1.8kB scripts/canary-extension.mjs
publish	Test and inspect the package	2026-10-05T18:09:14.7679013Z npm notice 230B scripts/contained-child.d.mts
publish	Test and inspect the package	2026-10-05T18:09:14.7679323Z npm notice 1.9kB scripts/contained-child.mjs
publish	Test and inspect the package	2026-10-05T18:09:14.7679623Z npm notice 10.3kB scripts/durable-wait.mjs
publish	Test and inspect the package	2026-10-05T18:09:14.7679932Z npm notice 3.0kB scripts/generate-inventory.mjs
publish	Test and inspect the package	2026-10-05T18:09:14.7680264Z npm notice 525B scripts/goal-auditor-launch.d.mts
publish	Test and inspect the package	2026-10-05T18:09:14.7680600Z npm notice 4.3kB scripts/goal-auditor-launch.mjs
publish	Test and inspect the package	2026-10-05T18:09:14.7680931Z npm notice 57.3kB scripts/goal-auditor-worker.mjs
publish	Test and inspect the package	2026-10-05T18:09:14.7681270Z npm notice 4.8kB scripts/goal-compactor-worker.mjs
publish	Test and inspect the package	2026-10-05T18:09:14.7681617Z npm notice 3.6kB scripts/measure-context-growth.mjs
publish	Test and inspect the package	2026-10-05T18:09:14.7681947Z npm notice 7.9kB scripts/measure-runtime.mjs
publish	Test and inspect the package	2026-10-05T18:09:14.7682258Z npm notice 5.0kB scripts/real-host-canary.mjs
publish	Test and inspect the package	2026-10-05T18:09:14.7682581Z npm notice 8.9kB scripts/release-pack-smoke.mjs
publish	Test and inspect the package	2026-10-05T18:09:14.7682886Z npm notice 604B scripts/run-tests.d.mts
publish	Test and inspect the package	2026-10-05T18:09:14.7683168Z npm notice 9.8kB scripts/run-tests.mjs
publish	Test and inspect the package	2026-10-05T18:09:14.7683445Z npm notice 16.8kB scripts/smoke.sh
publish	Test and inspect the package	2026-10-05T18:09:14.7683754Z npm notice 375B scripts/test-process-registry.d.mts
publish	Test and inspect the package	2026-10-05T18:09:14.7684105Z npm notice 11.5kB scripts/test-process-registry.mjs
publish	Test and inspect the package	2026-10-05T18:09:14.7684496Z npm notice 3.0kB scripts/verify-auditor-extensions-offline.mjs
publish	Test and inspect the package	2026-10-05T18:09:14.7684889Z npm notice 42.9kB scripts/verify-compaction-live.mjs
publish	Test and inspect the package	2026-10-05T18:09:14.7685222Z npm notice 3.3kB skills/glla-delegate/SKILL.md
publish	Test and inspect the package	2026-10-05T18:09:14.7685495Z npm notice Tarball Details
publish	Test and inspect the package	2026-10-05T18:09:14.7685762Z npm notice name: pi-goal-list-loop-audit
publish	Test and inspect the package	2026-10-05T18:09:14.7686025Z npm notice version: 0.39.8
publish	Test and inspect the package	2026-10-05T18:09:14.7686331Z npm notice filename: pi-goal-list-loop-audit-0.39.8.tgz
publish	Test and inspect the package	2026-10-05T18:09:14.7686660Z npm notice package size: 1.5 MB
publish	Test and inspect the package	2026-10-05T18:09:14.7686918Z npm notice unpacked size: 4.6 MB
publish	Test and inspect the package	2026-10-05T18:09:14.7687242Z npm notice shasum: 123f3e0f88877f4ac204844c244552d0e7d82d70
publish	Test and inspect the package	2026-10-05T18:09:14.7687646Z npm notice integrity: sha512-1MAB81lCn4iVB[...]aHS3hrHhJgGXQ==
publish	Test and inspect the package	2026-10-05T18:09:14.7688067Z npm notice total files: 142
publish	Test and inspect the package	2026-10-05T18:09:14.7688277Z npm notice
publish	Test and inspect the package	2026-10-05T18:09:14.7688529Z pi-goal-list-loop-audit-0.39.8.tgz
publish	Test and inspect the package	2026-10-05T18:09:29.7263923Z OK: packed launcher loaded and worker completed its bounded RPC probe (challenge confirmed)
publish	Test and inspect the package	2026-10-05T18:09:29.7313238Z OK: packed glla-delegate skill loads with zero diagnostics
publish	Test and inspect the package	2026-10-05T18:09:29.7313746Z OK: installed and imported pi-goal-list-loop-audit@0.39.8 from its packed tarball
publish	Publish with npm trusted publishing	﻿2026-10-05T18:09:30.6426302Z ##[group]Run npm publish --provenance --access public
publish	Publish with npm trusted publishing	2026-10-05T18:09:30.6426754Z ^[[36;1mnpm publish --provenance --access public^[[0m
publish	Publish with npm trusted publishing	2026-10-05T18:09:30.6492962Z shell: /usr/bin/bash -e {0}
publish	Publish with npm trusted publishing	2026-10-05T18:09:30.6493253Z env:
publish	Publish with npm trusted publishing	2026-10-05T18:09:30.6493499Z   NPM_CONFIG_USERCONFIG: /home/runner/work/_temp/.npmrc
publish	Publish with npm trusted publishing	2026-10-05T18:09:30.6493844Z   NODE_AUTH_TOKEN: XXXXX-XXXXX-XXXXX-XXXXX
publish	Publish with npm trusted publishing	2026-10-05T18:09:30.6494108Z ##[endgroup]
publish	Publish with npm trusted publishing	2026-10-05T18:09:30.7940591Z npm warn Unknown user config "always-auth". This will stop working in the next major version of npm. See `npm help npmrc` for supported config options.
publish	Publish with npm trusted publishing	2026-10-05T18:09:31.1146324Z npm notice
publish	Publish with npm trusted publishing	2026-10-05T18:09:31.1147422Z npm notice 📦  pi-goal-list-loop-audit@0.39.8
publish	Publish with npm trusted publishing	2026-10-05T18:09:31.1147719Z npm notice Tarball Contents
publish	Publish with npm trusted publishing	2026-10-05T18:09:31.1163265Z npm notice 639.1kB CHANGELOG.md
publish	Publish with npm trusted publishing	2026-10-05T18:09:31.1163614Z npm notice 11.3kB INSTALL.md
publish	Publish with npm trusted publishing	2026-10-05T18:09:31.1163866Z npm notice 34.6kB LICENSE
publish	Publish with npm trusted publishing	2026-10-05T18:09:31.1164144Z npm notice 5.0kB LIST-PHILOSOPHY.md
publish	Publish with npm trusted publishing	2026-10-05T18:09:31.1164512Z npm notice 20.1kB PLAN.md
publish	Publish with npm trusted publishing	2026-10-05T18:09:31.1164769Z npm notice 29.5kB README.md
publish	Publish with npm trusted publishing	2026-10-05T18:09:31.1165038Z npm notice 5.8kB docs/ARCHITECTURE.md
publish	Publish with npm trusted publishing	2026-10-05T18:09:31.1165336Z npm notice 4.0kB docs/COMPATIBILITY.md
publish	Publish with npm trusted publishing	2026-10-05T18:09:31.1165647Z npm notice 8.8kB docs/DESIGN-long-running-supervision.md
publish	Publish with npm trusted publishing	2026-10-05T18:09:31.1165893Z npm notice 5.5kB docs/DESIGN-subagent-visibility.md
publish	Publish with npm trusted publishing	2026-10-05T18:09:31.1166218Z npm notice 49.5kB docs/DESIGN.md
publish	Publish with npm trusted publishing	2026-10-05T18:09:31.1166473Z npm notice 12.8kB docs/GLLA-POSITIONING-AND-DECOMPOSITION-2026-08-08.md
publish	Publish with npm trusted publishing	2026-10-05T18:09:31.1166882Z npm notice 2.4kB docs/INDEX.md
publish	Publish with npm trusted publishing	2026-10-05T18:09:31.1167136Z npm notice 5.0kB docs/OWNERSHIP-AND-SETTLEMENT.md
publish	Publish with npm trusted publishing	2026-10-05T18:09:31.1167406Z npm notice 4.9kB docs/PROMOTION-CONTRACT.md
publish	Publish with npm trusted publishing	2026-10-05T18:09:31.1167595Z npm notice 5.1kB docs/RECOVERY.md
publish	Publish with npm trusted publishing	2026-10-05T18:09:31.1167822Z npm notice 3.2kB docs/RELEASING.md
publish	Publish with npm trusted publishing	2026-10-05T18:09:31.1168217Z npm notice 3.7kB docs/RELIABILITY-AND-MEASUREMENT.md
publish	Publish with npm trusted publishing	2026-10-05T18:09:31.1168434Z npm notice 1.9kB docs/RUNTIME-INVENTORY.md
publish	Publish with npm trusted publishing	2026-10-05T18:09:31.1168630Z npm notice 12.6kB docs/SETTINGS.md
publish	Publish with npm trusted publishing	2026-10-05T18:09:31.1168803Z npm notice 3.6kB docs/VISION-ASSIST.md
publish	Publish with npm trusted publishing	2026-10-05T18:09:31.1169004Z npm notice 5.0kB examples/example-objective.md
publish	Publish with npm trusted publishing	2026-10-05T18:09:31.1169217Z npm notice 10.0kB extensions/action-reminder.ts
publish	Publish with npm trusted publishing	2026-10-05T18:09:31.1169442Z npm notice 9.9kB extensions/approval-render-store.ts
publish	Publish with npm trusted publishing	2026-10-05T18:09:31.1169662Z npm notice 20.8kB extensions/audit-lifecycle.ts
publish	Publish with npm trusted publishing	2026-10-05T18:09:31.1169901Z npm notice 17.8kB extensions/auditor-extensions.ts
publish	Publish with npm trusted publishing	2026-10-05T18:09:31.1170113Z npm notice 904B extensions/auditor-thinking.ts
publish	Publish with npm trusted publishing	2026-10-05T18:09:31.1170327Z npm notice 2.8kB extensions/compaction-failure.ts
publish	Publish with npm trusted publishing	2026-10-05T18:09:31.1170544Z npm notice 39.6kB extensions/compaction-input.ts
publish	Publish with npm trusted publishing	2026-10-05T18:09:31.1170752Z npm notice 7.6kB extensions/compactor-model.ts
publish	Publish with npm trusted publishing	2026-10-05T18:09:31.1170965Z npm notice 80.2kB extensions/completion-summary.ts
publish	Publish with npm trusted publishing	2026-10-05T18:09:31.1171172Z npm notice 7.0kB extensions/confirm-draft.ts
publish	Publish with npm trusted publishing	2026-10-05T18:09:31.1171386Z npm notice 18.0kB extensions/context-checkpoint.ts
publish	Publish with npm trusted publishing	2026-10-05T18:09:31.1171598Z npm notice 13.4kB extensions/context-growth.ts
publish	Publish with npm trusted publishing	2026-10-05T18:09:31.1171801Z npm notice 5.6kB extensions/context-hygiene.ts
publish	Publish with npm trusted publishing	2026-10-05T18:09:31.1172019Z npm notice 7.4kB extensions/continuous-supervision.ts
publish	Publish with npm trusted publishing	2026-10-05T18:09:31.1172234Z npm notice 4.8kB extensions/drafter-model.ts
publish	Publish with npm trusted publishing	2026-10-05T18:09:31.1172436Z npm notice 3.4kB extensions/drafting-handoff.ts
publish	Publish with npm trusted publishing	2026-10-05T18:09:31.1172650Z npm notice 24.1kB extensions/drafting-interview.ts
publish	Publish with npm trusted publishing	2026-10-05T18:09:31.1172884Z npm notice 19.4kB extensions/faulty-objective-recovery.ts
publish	Publish with npm trusted publishing	2026-10-05T18:09:31.1173100Z npm notice 7.6kB extensions/finding-lead.ts
publish	Publish with npm trusted publishing	2026-10-05T18:09:31.1173301Z npm notice 5.9kB extensions/glla-state-root.ts
publish	Publish with npm trusted publishing	2026-10-05T18:09:31.1173504Z npm notice 5.0kB extensions/glla-update-check.ts
publish	Publish with npm trusted publishing	2026-10-05T18:09:31.1173708Z npm notice 5.5kB extensions/glla-version.ts
publish	Publish with npm trusted publishing	2026-10-05T18:09:31.1173913Z npm notice 21.1kB extensions/goal-agents-panel.ts
publish	Publish with npm trusted publishing	2026-10-05T18:09:31.1174388Z npm notice 187.1kB extensions/goal-commands.ts
publish	Publish with npm trusted publishing	2026-10-05T18:09:31.1174717Z npm notice 25.2kB extensions/goal-compactor.ts
publish	Publish with npm trusted publishing	2026-10-05T18:09:31.1174928Z npm notice 104.4kB extensions/goal-continuation.ts
publish	Publish with npm trusted publishing	2026-10-05T18:09:31.1175138Z npm notice 105.3kB extensions/goal-heartbeat.ts
publish	Publish with npm trusted publishing	2026-10-05T18:09:31.1175373Z npm notice 139.4kB extensions/goal-loop-auditor-process.ts
publish	Publish with npm trusted publishing	2026-10-05T18:09:31.1175606Z npm notice 22.2kB extensions/goal-loop-auditor.ts
publish	Publish with npm trusted publishing	2026-10-05T18:09:31.1175822Z npm notice 16.1kB extensions/goal-loop-backoff.ts
publish	Publish with npm trusted publishing	2026-10-05T18:09:31.1176032Z npm notice 238.3kB extensions/goal-loop-core.ts
publish	Publish with npm trusted publishing	2026-10-05T18:09:31.1176241Z npm notice 6.6kB extensions/goal-loop-dispatch.ts
publish	Publish with npm trusted publishing	2026-10-05T18:09:31.1176457Z npm notice 159.4kB extensions/goal-loop-display.ts
publish	Publish with npm trusted publishing	2026-10-05T18:09:31.1176669Z npm notice 48.8kB extensions/goal-loop-forever.ts
publish	Publish with npm trusted publishing	2026-10-05T18:09:31.1176892Z npm notice 15.0kB extensions/goal-loop-repetition.ts
publish	Publish with npm trusted publishing	2026-10-05T18:09:31.1177109Z npm notice 50.3kB extensions/goal-loop-shield.ts
publish	Publish with npm trusted publishing	2026-10-05T18:09:31.1177321Z npm notice 23.6kB extensions/goal-loop-stats.ts
publish	Publish with npm trusted publishing	2026-10-05T18:09:31.1177538Z npm notice 16.3kB extensions/goal-loop-subagents.ts
publish	Publish with npm trusted publishing	2026-10-05T18:09:31.1177752Z npm notice 97.0kB extensions/goal-loop.ts
publish	Publish with npm trusted publishing	2026-10-05T18:09:31.1178082Z npm notice 4.4kB extensions/goal-objective-conflict.ts
publish	Publish with npm trusted publishing	2026-10-05T18:09:31.1178301Z npm notice 91.2kB extensions/goal-recovery.ts
publish	Publish with npm trusted publishing	2026-10-05T18:09:31.1178503Z npm notice 51.6kB extensions/goal-settings.ts
publish	Publish with npm trusted publishing	2026-10-05T18:09:31.1178693Z npm notice 4.0kB extensions/goal-state.ts
publish	Publish with npm trusted publishing	2026-10-05T18:09:31.1178889Z npm notice 9.4kB extensions/length-continue.ts
publish	Publish with npm trusted publishing	2026-10-05T18:09:31.1179105Z npm notice 211.2kB extensions/loops/goal-activation.ts
publish	Publish with npm trusted publishing	2026-10-05T18:09:31.1179345Z npm notice 136.8kB extensions/loops/goal-auditor-hooks.ts
publish	Publish with npm trusted publishing	2026-10-05T18:09:31.1179587Z npm notice 1.3kB extensions/loops/goal-auditor-surface.ts
publish	Publish with npm trusted publishing	2026-10-05T18:09:31.1179826Z npm notice 48.0kB extensions/loops/goal-list-queue.ts
publish	Publish with npm trusted publishing	2026-10-05T18:09:31.1180057Z npm notice 72.3kB extensions/loops/goal-orchestrator.ts
publish	Publish with npm trusted publishing	2026-10-05T18:09:31.1180301Z npm notice 23.8kB extensions/loops/goal-runtime-globals.ts
publish	Publish with npm trusted publishing	2026-10-05T18:09:31.1180533Z npm notice 97.9kB extensions/loops/goal-session.ts
publish	Publish with npm trusted publishing	2026-10-05T18:09:31.1180757Z npm notice 100.1kB extensions/loops/goal-settings-ui.ts
publish	Publish with npm trusted publishing	2026-10-05T18:09:31.1180976Z npm notice 256.7kB extensions/loops/goal-tools.ts
publish	Publish with npm trusted publishing	2026-10-05T18:09:31.1181179Z npm notice 61.2kB extensions/loops/goal-ui.ts
publish	Publish with npm trusted publishing	2026-10-05T18:09:31.1181373Z npm notice 21.8kB extensions/loops/goal.ts
publish	Publish with npm trusted publishing	2026-10-05T18:09:31.1181578Z npm notice 24.9kB extensions/main-model-recovery.ts
publish	Publish with npm trusted publishing	2026-10-05T18:09:31.1181789Z npm notice 13.6kB extensions/model-picker.ts
publish	Publish with npm trusted publishing	2026-10-05T18:09:31.1181985Z npm notice 8.0kB extensions/model-selector.ts
publish	Publish with npm trusted publishing	2026-10-05T18:09:31.1182222Z npm notice 25.5kB extensions/multi-model-picker.ts
publish	Publish with npm trusted publishing	2026-10-05T18:09:31.1182439Z npm notice 5.7kB extensions/owner-file-protocol.ts
publish	Publish with npm trusted publishing	2026-10-05T18:09:31.1182644Z npm notice 8.1kB extensions/payload-guard.ts
publish	Publish with npm trusted publishing	2026-10-05T18:09:31.1182852Z npm notice 4.7kB extensions/proactive-pre-read.ts
publish	Publish with npm trusted publishing	2026-10-05T18:09:31.1183060Z npm notice 6.9kB extensions/prompt-layers.ts
publish	Publish with npm trusted publishing	2026-10-05T18:09:31.1183256Z npm notice 33.4kB extensions/quota-retry.ts
publish	Publish with npm trusted publishing	2026-10-05T18:09:31.1183465Z npm notice 1.7kB extensions/respec-builder-audit.ts
publish	Publish with npm trusted publishing	2026-10-05T18:09:31.1183697Z npm notice 22.1kB extensions/respec-builder-runtime.ts
publish	Publish with npm trusted publishing	2026-10-05T18:09:31.1183917Z npm notice 3.9kB extensions/respec-builder-ui.ts
publish	Publish with npm trusted publishing	2026-10-05T18:09:31.1184126Z npm notice 9.5kB extensions/respec-builder.ts
publish	Publish with npm trusted publishing	2026-10-05T18:09:31.1184318Z npm notice 25.6kB extensions/reviewer.ts
publish	Publish with npm trusted publishing	2026-10-05T18:09:31.1184512Z npm notice 50.5kB extensions/settings-menu.ts
publish	Publish with npm trusted publishing	2026-10-05T18:09:31.1184708Z npm notice 18.9kB extensions/start-context.ts
publish	Publish with npm trusted publishing	2026-10-05T18:09:31.1184911Z npm notice 27.3kB extensions/state-root-owner.ts
publish	Publish with npm trusted publishing	2026-10-05T18:09:31.1185120Z npm notice 5.0kB extensions/summary-renderer.ts
publish	Publish with npm trusted publishing	2026-10-05T18:09:31.1185316Z npm notice 5.9kB extensions/task-batch.ts
publish	Publish with npm trusted publishing	2026-10-05T18:09:31.1185535Z npm notice 2.7kB extensions/terminal-summary-delivery.ts
publish	Publish with npm trusted publishing	2026-10-05T18:09:31.1185895Z npm notice 417B extensions/terminal-summary-limits.ts
publish	Publish with npm trusted publishing	2026-10-05T18:09:31.1186204Z npm notice 2.8kB extensions/tool-config.ts
publish	Publish with npm trusted publishing	2026-10-05T18:09:31.1186396Z npm notice 8.1kB extensions/vision-assist.ts
publish	Publish with npm trusted publishing	2026-10-05T18:09:31.1186584Z npm notice 159.0kB media/glla-icon.png
publish	Publish with npm trusted publishing	2026-10-05T18:09:31.1186764Z npm notice 159.0kB media/glla-thumb.png
publish	Publish with npm trusted publishing	2026-10-05T18:09:31.1186947Z npm notice 2.2kB media/glla-thumb.svg
publish	Publish with npm trusted publishing	2026-10-05T18:09:31.1187122Z npm notice 46.4kB media/glla2.png
publish	Publish with npm trusted publishing	2026-10-05T18:09:31.1187284Z npm notice 2.8kB package.json
publish	Publish with npm trusted publishing	2026-10-05T18:09:31.1187485Z npm notice 22.3kB prompts/goal-loop-continuation.md
publish	Publish with npm trusted publishing	2026-10-05T18:09:31.1187697Z npm notice 9.9kB prompts/goal-loop-draft.md
publish	Publish with npm trusted publishing	2026-10-05T18:09:31.1188006Z npm notice 6.0kB prompts/goal-loop-forever-draft.md
publish	Publish with npm trusted publishing	2026-10-05T18:09:31.1188350Z npm notice 3.3kB prompts/goal-loop-forever-metricless.md
publish	Publish with npm trusted publishing	2026-10-05T18:09:31.1188696Z npm notice 3.3kB prompts/goal-loop-forever.md
publish	Publish with npm trusted publishing	2026-10-05T18:09:31.1189019Z npm notice 1.5kB prompts/goal-loop-plan-loop.md
publish	Publish with npm trusted publishing	2026-10-05T18:09:31.1189356Z npm notice 4.8kB prompts/goal-loop-plan.md
publish	Publish with npm trusted publishing	2026-10-05T18:09:31.1189703Z npm notice 3.4kB prompts/goal-loop-respec-builder.md
publish	Publish with npm trusted publishing	2026-10-05T18:09:31.1190068Z npm notice 2.0kB prompts/goal-loop-respec-draft.md
publish	Publish with npm trusted publishing	2026-10-05T18:09:31.1190400Z npm notice 21.5kB schemas/goal.schema.json
publish	Publish with npm trusted publishing	2026-10-05T18:09:31.1190748Z npm notice 655B scripts/auditor-extension-fixture.mjs
publish	Publish with npm trusted publishing	2026-10-05T18:09:31.1191137Z npm notice 250B scripts/auditor-stderr-diagnostic.d.mts
publish	Publish with npm trusted publishing	2026-10-05T18:09:31.1191526Z npm notice 2.6kB scripts/auditor-stderr-diagnostic.mjs
publish	Publish with npm trusted publishing	2026-10-05T18:09:31.1191875Z npm notice 182B scripts/canary-budget.d.mts
publish	Publish with npm trusted publishing	2026-10-05T18:09:31.1192183Z npm notice 2.5kB scripts/canary-budget.mjs
publish	Publish with npm trusted publishing	2026-10-05T18:09:31.1192468Z npm notice 115B scripts/canary-extension.d.mts
publish	Publish with npm trusted publishing	2026-10-05T18:09:31.1192673Z npm notice 1.8kB scripts/canary-extension.mjs
publish	Publish with npm trusted publishing	2026-10-05T18:09:31.1192873Z npm notice 230B scripts/contained-child.d.mts
publish	Publish with npm trusted publishing	2026-10-05T18:09:31.1193071Z npm notice 1.9kB scripts/contained-child.mjs
publish	Publish with npm trusted publishing	2026-10-05T18:09:31.1193262Z npm notice 10.3kB scripts/durable-wait.mjs
publish	Publish with npm trusted publishing	2026-10-05T18:09:31.1193469Z npm notice 3.0kB scripts/generate-inventory.mjs
publish	Publish with npm trusted publishing	2026-10-05T18:09:31.1193683Z npm notice 525B scripts/goal-auditor-launch.d.mts
publish	Publish with npm trusted publishing	2026-10-05T18:09:31.1193897Z npm notice 4.3kB scripts/goal-auditor-launch.mjs
publish	Publish with npm trusted publishing	2026-10-05T18:09:31.1194107Z npm notice 57.3kB scripts/goal-auditor-worker.mjs
publish	Publish with npm trusted publishing	2026-10-05T18:09:31.1194325Z npm notice 4.8kB scripts/goal-compactor-worker.mjs
publish	Publish with npm trusted publishing	2026-10-05T18:09:31.1194546Z npm notice 3.6kB scripts/measure-context-growth.mjs
publish	Publish with npm trusted publishing	2026-10-05T18:09:31.1194759Z npm notice 7.9kB scripts/measure-runtime.mjs
publish	Publish with npm trusted publishing	2026-10-05T18:09:31.1195037Z npm notice 5.0kB scripts/real-host-canary.mjs
publish	Publish with npm trusted publishing	2026-10-05T18:09:31.1195373Z npm notice 8.9kB scripts/release-pack-smoke.mjs
publish	Publish with npm trusted publishing	2026-10-05T18:09:31.1195688Z npm notice 604B scripts/run-tests.d.mts
publish	Publish with npm trusted publishing	2026-10-05T18:09:31.1195980Z npm notice 9.8kB scripts/run-tests.mjs
publish	Publish with npm trusted publishing	2026-10-05T18:09:31.1196265Z npm notice 16.8kB scripts/smoke.sh
publish	Publish with npm trusted publishing	2026-10-05T18:09:31.1196590Z npm notice 375B scripts/test-process-registry.d.mts
publish	Publish with npm trusted publishing	2026-10-05T18:09:31.1196847Z npm notice 11.5kB scripts/test-process-registry.mjs
publish	Publish with npm trusted publishing	2026-10-05T18:09:31.1197100Z npm notice 3.0kB scripts/verify-auditor-extensions-offline.mjs
publish	Publish with npm trusted publishing	2026-10-05T18:09:31.1197354Z npm notice 42.9kB scripts/verify-compaction-live.mjs
publish	Publish with npm trusted publishing	2026-10-05T18:09:31.1197568Z npm notice 3.3kB skills/glla-delegate/SKILL.md
publish	Publish with npm trusted publishing	2026-10-05T18:09:31.1197743Z npm notice Tarball Details
publish	Publish with npm trusted publishing	2026-10-05T18:09:31.1198003Z npm notice name: pi-goal-list-loop-audit
publish	Publish with npm trusted publishing	2026-10-05T18:09:31.1198175Z npm notice version: 0.39.8
publish	Publish with npm trusted publishing	2026-10-05T18:09:31.1198390Z npm notice filename: pi-goal-list-loop-audit-0.39.8.tgz
publish	Publish with npm trusted publishing	2026-10-05T18:09:31.1198593Z npm notice package size: 1.5 MB
publish	Publish with npm trusted publishing	2026-10-05T18:09:31.1198763Z npm notice unpacked size: 4.6 MB
publish	Publish with npm trusted publishing	2026-10-05T18:09:31.1198974Z npm notice shasum: 123f3e0f88877f4ac204844c244552d0e7d82d70
publish	Publish with npm trusted publishing	2026-10-05T18:09:31.1199232Z npm notice integrity: sha512-1MAB81lCn4iVB[...]aHS3hrHhJgGXQ==
publish	Publish with npm trusted publishing	2026-10-05T18:09:31.1199435Z npm notice total files: 142
publish	Publish with npm trusted publishing	2026-10-05T18:09:31.1199571Z npm notice
publish	Publish with npm trusted publishing	2026-10-05T18:09:32.4848577Z npm notice npm tokens that bypass 2FA are being restricted for account changes and direct publishing. Learn how to prepare: https://gh.io/npm-gat-bypass2fa-deprecation
publish	Publish with npm trusted publishing	2026-10-05T18:09:32.6258843Z npm notice Publishing to https://registry.npmjs.org/ with tag latest and public access
publish	Publish with npm trusted publishing	2026-10-05T18:09:34.7372879Z npm notice publish Signed provenance statement with source and build information from GitHub Actions
publish	Publish with npm trusted publishing	2026-10-05T18:09:37.9586721Z npm notice publish Provenance statement published to transparency log: https://search.sigstore.dev/?logIndex=3092629011
publish	Publish with npm trusted publishing	2026-10-05T18:09:37.9587529Z npm notice Your package is being processed and may take a few minutes to become available.
publish	Publish with npm trusted publishing	2026-10-05T18:09:37.9600599Z + pi-goal-list-loop-audit@0.39.8
publish	Post Install the test runner	﻿2026-10-05T18:09:37.9762151Z Post job cleanup.
publish	Post Set up Node.js	﻿2026-10-05T18:09:38.0857569Z Post job cleanup.
publish	Post Set up Node.js	2026-10-05T18:09:38.1664444Z (node:19037) [DEP0040] DeprecationWarning: The `punycode` module is deprecated. Please use a userland alternative instead.
publish	Post Set up Node.js	2026-10-05T18:09:38.1665237Z (Use `node --trace-deprecation ...` to show where the warning was created)
publish	Post Set up Node.js	2026-10-05T18:09:38.1667490Z Cache hit occurred on the primary key node-cache-Linux-x64-npm-5d9b08b3ca458dde2b4b8e8aaf15a0270a25e2969c33ac6cf36df96350ac14e9, not saving cache.
publish	Post Check out the released tag	﻿2026-10-05T18:09:38.1768300Z Post job cleanup.
publish	Post Check out the released tag	2026-10-05T18:09:38.2342650Z [command]/usr/bin/git version
publish	Post Check out the released tag	2026-10-05T18:09:38.2379629Z git version 2.55.0
publish	Post Check out the released tag	2026-10-05T18:09:38.2406652Z Temporarily overriding HOME='/home/runner/work/_temp/0512f673-a5bd-454a-a245-ccd5250d4403' before making global git config changes
publish	Post Check out the released tag	2026-10-05T18:09:38.2407253Z Adding repository directory to the temporary git global config as a safe directory
publish	Post Check out the released tag	2026-10-05T18:09:38.2410913Z [command]/usr/bin/git config --global --add safe.directory /home/runner/work/pi-goal-list-loop-audit/pi-goal-list-loop-audit
publish	Post Check out the released tag	2026-10-05T18:09:38.2445215Z [command]/usr/bin/git config --local --name-only --get-regexp core\.sshCommand
publish	Post Check out the released tag	2026-10-05T18:09:38.2474732Z [command]/usr/bin/git submodule foreach --recursive sh -c "git config --local --name-only --get-regexp 'core\.sshCommand' && git config --local --unset-all 'core.sshCommand' || :"
publish	Post Check out the released tag	2026-10-05T18:09:38.2673687Z [command]/usr/bin/git config --local --name-only --get-regexp http\.https\:\/\/github\.com\/\.extraheader
publish	Post Check out the released tag	2026-10-05T18:09:38.2704417Z http.https://github.com/.extraheader
publish	Post Check out the released tag	2026-10-05T18:09:38.2712775Z [command]/usr/bin/git config --local --unset-all http.https://github.com/.extraheader
publish	Post Check out the released tag	2026-10-05T18:09:38.2758040Z [command]/usr/bin/git submodule foreach --recursive sh -c "git config --local --name-only --get-regexp 'http\.https\:\/\/github\.com\/\.extraheader' && git config --local --unset-all 'http.https://github.com/.extraheader' || :"
publish	Post Check out the released tag	2026-10-05T18:09:38.2955242Z [command]/usr/bin/git config --local --name-only --get-regexp ^includeIf\.gitdir:
publish	Post Check out the released tag	2026-10-05T18:09:38.2985672Z [command]/usr/bin/git submodule foreach --recursive git config --local --show-origin --name-only --get-regexp remote.origin.url
publish	Complete job	﻿2026-10-05T18:09:38.3287808Z Cleaning up orphan processes
publish	Complete job	2026-10-05T18:09:38.3695168Z ##[warning]Node.js 20 is deprecated. The following actions target Node.js 20 but are being forced to run on Node.js 24: actions/checkout@v4, actions/setup-node@v4. For more information see: https://github.blog/changelog/2025-09-19-deprecation-of-node-20-on-github-actions-runners/
